t,u1,u2,u3,tau,x_q,xdot_q,z_q,zdot_q,theta,theta_dot,beta,beta_dot
0.0,8.061617093942937,-0.6620005187388125,-0.6620005187388125,-0.8284886116343063,-2.0,0.0,2.0,0.0,1.137701323771366e-05,0.0,0.3490658503991208,0.0
0.0043804755944931,1.8727862628603953,0.7695946853720712,0.7695946853720712,-1.5062941781275696,-2.0,-0.0007176566286943853,2.0,0.008722374215722084,1.137701292464044e-05,0.004861980210989714,0.3490658402442932,-0.02186468616127968
0.0087609511889862,7.530802837958103,1.480474593057958,1.480474593057958,-0.7616405796809487,-2.0000030994415283,-0.01023915596306324,2.0000381469726562,-0.04794355481863022,3.267479769419879e-05,0.0713251531124115,0.34897005558013916,-0.31171754002571106
0.0131414267834793,8.665275278394928,0.9110289472288089,0.9110289472288089,-1.080084642113506,-2.0000479221343994,-0.010782158002257347,1.9998281002044678,-0.04239792004227638,0.0003451128723099828,0.13680201768875122,0.34760457277297974,-0.32947102189064026
0.0175219023779724,6.16250544784671,-1.3784537126509384,-1.3784537126509384,-0.9409675551507056,-2.0000951290130615,-0.012828955426812172,1.9996423721313477,-0.03352164477109909,0.0009443708113394678,0.19494885206222534,0.3461613357067108,-0.3939494490623474
0.0219023779724655,4.869262770506725,-1.2863414847959087,-1.2863414847959087,0.6948851936524166,-2.0001513957977295,-0.015441102907061577,1.999495506286621,-0.04301080107688904,0.001798339537344873,0.18217286467552185,0.3444356620311737,-0.47717922925949097
0.0262828535669586,5.687104892111914,-0.4620556938899027,-0.4620556938899027,-1.2360842513662111,-2.0002191066741943,-0.007311178371310234,1.9993071556091309,-0.03135086968541145,0.0025963434018194675,0.12431476265192032,0.34234538674354553,-0.2310834527015686
0.0306633291614518,3.627936244443625,-1.3152422220564812,-1.3152422220564812,-0.8513398357105124,-2.000251054763794,-0.012231094762682915,1.9991698265075684,-0.05061103031039238,0.0031409012153744698,0.14691884815692902,0.3413331210613251,-0.3873758912086487
0.0350438047559449,5.8061746090300135,0.8440031711850859,0.8440031711850859,-0.17348089844866238,-2.000304698944092,-0.015737824141979218,1.998948097229004,-0.07970517128705978,0.003784475615248084,0.13337142765522003,0.3396362364292145,-0.5006541013717651
0.039424280350438,7.888483223107284,0.43944065604499677,0.43944065604499677,-0.09358566994898032,-2.000373601913452,-0.013043583370745182,1.9985989332199097,-0.07712995260953903,0.004368705675005913,0.1630851924419403,0.33744314312934875,-0.4241330623626709
0.0438047559449311,7.955027900483809,-1.152078550946702,-1.152078550946702,-0.23424547873793367,-2.0004308223724365,-0.008452470414340496,1.9982610940933228,-0.05538453906774521,0.0050830962136387825,0.17865124344825745,0.33558523654937744,-0.28921616077423096
0.0481852315394242,6.276962641306093,3.014294997672204,3.014294997672204,0.5278386997677306,-2.0004677772521973,-0.0048010689206421375,1.998018503189087,-0.03580855578184128,0.0058656735345721245,0.15184760093688965,0.3343183398246765,-0.18333938717842102
0.0525657071339173,7.432044447934989,0.08407701233991866,0.08407701233991866,0.4317170630718976,-2.000488758087158,0.002961405087262392,1.997861623764038,-0.0153958760201931,0.0065308380872011185,0.22446000576019287,0.3335152268409729,0.05476213991641998
0.0569461827284105,6.374624132420752,-1.6510389592396741,-1.6510389592396741,-1.5229914801485296,-2.0004758834838867,0.010835271328687668,1.9977941513061523,0.01289793848991394,0.007514079567044973,0.21430781483650208,0.33375510573387146,0.29486405849456787
0.0613266583229036,5.795746004358773,-1.8222046316783813,-1.8222046316783813,-0.3130016135378877,-2.0004284381866455,0.004757325164973736,1.9978506565093994,-0.00619908981025219,0.008452849462628365,0.21056842803955078,0.3350467383861542,0.090465247631073
0.0657071339173967,6.46511542212937,-0.9791291362772008,-0.9791291362772008,-1.002059040098573,-2.0004076957702637,0.006553327664732933,1.9978234767913818,-0.006377991754561663,0.009375239722430706,0.16649490594863892,0.33544301986694336,0.13690334558486938
0.0700876095118898,6.094672442823267,-1.1894481235849699,-1.1894481235849699,-0.3673035893835839,-2.0003790855407715,0.004128324333578348,1.997795581817627,-0.014449851587414742,0.010104566812515259,0.16716453433036804,0.33604273200035095,0.047209106385707855
0.0744680851063829,5.129815127696405,0.24778063324333793,0.24778063324333793,-0.47537459067526355,-2.0003609657287598,0.0058247363194823265,1.9977322816848755,-0.013170420192182064,0.010836826637387276,0.1431553065776825,0.33624953031539917,0.08779816329479218
0.078848560700876,4.488989019552481,0.2126558026381044,0.2126558026381044,-1.884240728973193,-2.000335454940796,0.00613934313878417,1.997674584388733,-0.022162919864058495,0.01146391499787569,0.16427373886108398,0.3366341292858124,0.08595125377178192
0.0832290362953692,4.47050261068644,-0.14593737237575166,-0.14593737237575166,-0.7598158038705405,-2.0003085136413574,-0.003662817645817995,1.9975775480270386,-0.06425116956233978,0.01218351162970066,0.22550976276397705,0.33701062202453613,-0.23390229046344757
0.0876095118898623,7.557740654304586,0.3515231634564794,0.3515231634564794,-0.04867419607192325,-2.0003244876861572,-0.005707776173949242,1.9972960948944092,-0.08440547436475754,0.01317135151475668,0.24343696236610413,0.33598601818084717,-0.31039032340049744
0.0919899874843554,8.55010878629015,-1.5170386219010448,-1.5170386219010448,-1.0610126700872695,-2.000349521636963,-0.0006157089956104755,1.9969263076782227,-0.06450802087783813,0.01423772145062685,0.2551240026950836,0.33462634682655334,-0.1717260330915451
0.0963704630788485,5.033777102953088,1.2603274031505587,1.2603274031505587,0.11583750608268994,-2.000352144241333,-0.0017187854973599315,1.9966437816619873,-0.056106921285390854,0.015355286188423634,0.24180659651756287,0.3338741064071655,-0.23275785148143768
0.1007509386733416,5.101410284959855,-1.6780744048350047,-1.6780744048350047,0.651917029566787,-2.0003597736358643,0.002740210387855768,1.9963979721069336,-0.05426986142992973,0.016414513811469078,0.2752293348312378,0.3328545093536377,-0.10812487453222275
0.1051314142678347,7.2287179877091,0.029385644623073248,0.029385644623073248,-0.3582776223049263,-2.000347852706909,0.010904382914304733,1.9961602687835693,-0.0412977896630764,0.01762014999985695,0.20718619227409363,0.33238086104393005,0.13410994410514832
0.1095118898623279,8.576373766010462,3.7284102559846866,3.7284102559846866,-0.6727034841470834,-2.000300168991089,0.013810376636683941,1.9959793090820312,-0.030215220525860786,0.018527723848819733,0.21850718557834625,0.3329683244228363,0.19955132901668549
0.113892365456821,5.608384088496586,-2.912463098886589,-2.912463098886589,-0.3103140053289569,-2.000239610671997,0.01563696376979351,1.9958469867706299,-0.01393064484000206,0.01948488876223564,0.34703364968299866,0.3338424563407898,0.22353625297546387
0.1182728410513141,5.932507852670917,-0.302830053945059,-0.302830053945059,-1.112875945710601,-2.000171184539795,0.017762038856744766,1.9957859516143799,-0.015608115121722221,0.021005060523748398,0.2710426449775696,0.3348216414451599,0.26731252670288086
0.1226533166458072,5.318946465926119,-1.7228072208113836,-1.7228072208113836,-0.8942018193958238,-2.000093460083008,0.014714451506733894,1.9957175254821777,-0.030330181121826172,0.02219235710799694,0.294698566198349,0.33599260449409485,0.14357060194015503
0.1270337922403003,4.3481597792997135,0.16018797701148912,0.16018797701148912,-1.073028862553307,-2.0000290870666504,0.012706005945801735,1.9955846071243286,-0.045929014682769775,0.0234832763671875,0.27050065994262695,0.3366215229034424,0.05507734417915344
0.1314142678347934,8.993590329045986,-0.038653313876511275,-0.038653313876511275,-0.7624126245238322,-1.9999734163284302,0.008740514516830444,1.995383381843567,-0.07324075698852539,0.024668198078870773,0.3065145015716553,0.33686280250549316,-0.09138186275959015
0.1357947434292866,7.431777160038705,0.20307840897959262,0.20307840897959262,-0.316202153569245,-1.9999351501464844,0.010631117038428783,1.9950625896453857,-0.05518783628940582,0.026010878384113312,0.3276505768299103,0.33646249771118164,-0.07845184206962585
0.1401752190237797,8.006866629449314,-1.986586114265122,-1.986586114265122,-1.2400742184023954,-1.99988853931427,0.014418652281165123,1.9948208332061768,-0.04155965521931648,0.027446143329143524,0.34281522035598755,0.3361188471317291,0.00033420324325561523
0.1445556946182728,3.449020927101744,1.5681698818035654,1.5681698818035654,0.2475566552613706,-1.999825358390808,0.012397569604218006,1.9946388006210327,-0.04122014716267586,0.02894783765077591,0.3210147023200989,0.3361203074455261,-0.10963926464319229
0.1489361702127659,8.17167848644724,-0.08743849670369286,-0.08743849670369286,0.7444804486424904,-1.999770998954773,0.016935013234615326,1.9944581985473633,-0.05017150938510895,0.030354034155607224,0.35958078503608704,0.3356400430202484,0.012461744248867035
0.153316645807259,4.73917133055987,-0.6555315468632334,-0.6555315468632334,-1.540297243062342,-1.9996968507766724,0.028824225068092346,1.9942383766174316,-0.009418956935405731,0.03192916885018349,0.33528611063957214,0.33569464087486267,0.3360852897167206
0.1576971214017521,4.589823681878274,-0.5544263343871096,-0.5544263343871096,-0.18559815117179784,-1.999570608139038,0.022291509434580803,1.994197130203247,-0.04261237755417824,0.03339788317680359,0.36112406849861145,0.33716684579849243,0.09637045860290527
0.1620775969962453,6.218904854178945,-1.7326789266173916,-1.7326789266173916,-0.697808474343889,-1.999472975730896,0.02493441477417946,1.9940104484558105,-0.05042935535311699,0.03497977927327156,0.3503531217575073,0.33758899569511414,0.14732088148593903
0.1664580725907384,5.601404724129627,-1.4331296427206726,-1.4331296427206726,-0.9702962762873393,-1.9993637800216675,0.02551085501909256,1.993789553642273,-0.05453646183013916,0.036514490842819214,0.3201316297054291,0.3382343351840973,0.11965654790401459
0.1708385481852315,6.517461087589187,-0.7090091315962013,-0.7090091315962013,-0.2886904863191746,-1.9992520809173584,0.02372368425130844,1.9935506582260132,-0.06921284645795822,0.037916820496320724,0.30661541223526,0.3387584984302521,0.020689748227596283
0.1752190237797246,8.700136477026925,-0.8968184921783492,-0.8968184921783492,-1.4392439080027715,-1.9991481304168701,0.027507686987519264,1.9932475090026855,-0.06275708973407745,0.03925994038581848,0.2943407893180847,0.33884912729263306,0.08770646899938583
0.1795994993742177,6.0878865653288186,-0.6186385108012845,-0.6186385108012845,-1.1437661159763408,-1.9990276098251343,0.02534942328929901,1.9929726123809814,-0.06043877452611923,0.04054929316043854,0.31018131971359253,0.33923330903053284,-0.0511937215924263
0.1839799749687108,5.569580953437933,-1.3466778735490936,-1.3466778735490936,0.13041961250828638,-1.9989166259765625,0.022941259667277336,1.9927078485488892,-0.07439959049224854,0.041908033192157745,0.3255167007446289,0.33900904655456543,-0.17797613143920898
0.188360450563204,6.604686546811547,-1.8669350675498981,-1.8669350675498981,-0.508099487662036,-1.9988161325454712,0.028951536864042282,1.9923819303512573,-0.06772736459970474,0.04333395138382912,0.28238075971603394,0.3382294178009033,-0.03883647918701172
0.1927409261576971,4.52010297448388,0.5653576479695304,0.5653576479695304,0.44909338437297974,-1.9986892938613892,0.03154000639915466,1.9920852184295654,-0.06483015418052673,0.044570911675691605,0.24269846081733704,0.33805930614471436,-0.017402540892362595
0.1971214017521902,5.4427954253439355,0.6593983960840057,0.6593983960840057,-0.7931728413577552,-1.9985511302947998,0.03885118290781975,1.9918012619018555,-0.06075850501656532,0.04563404619693756,0.24609375,0.33798307180404663,0.17001737654209137
0.2015018773466833,2.2383281980314473,0.00047581265962109986,0.00047581265962109986,0.13491646367423105,-1.9983808994293213,0.03849586099386215,1.9915350675582886,-0.07328516989946365,0.046712055802345276,0.2885134220123291,0.33872783184051514,0.10660013556480408
0.2058823529411764,7.619490878442059,-0.09882261815271975,-0.09882261815271975,-1.5829145403804492,-1.998212218284607,0.04155378043651581,1.9912140369415283,-0.09468244761228561,0.04797588288784027,0.2845873236656189,0.33919480443000793,0.1804695725440979
0.2102628285356695,8.190485497734137,-1.7639147526954144,-1.7639147526954144,-0.7239013882485092,-1.998030185699463,0.037890564650297165,1.9907993078231812,-0.10430651903152466,0.04922251030802727,0.32792750000953674,0.33998534083366394,-0.01068025827407837
0.2146433041301627,6.138431884246297,1.9229437150692472,1.9229437150692472,-1.0828244748808151,-1.9978642463684082,0.040780067443847656,1.990342378616333,-0.09223471581935883,0.05065898969769478,0.2975558042526245,0.33993855118751526,-0.0042291367426514626
0.2190237797246558,7.535027018664514,0.8758713965988414,0.8758713965988414,-0.8219301909715206,-1.9976855516433716,0.03925550729036331,1.9899383783340454,-0.10455619543790817,0.05196242406964302,0.385333776473999,0.3399200141429901,-0.11644843220710754
0.2234042553191489,4.505924016600157,0.2842986608338073,0.2842986608338073,-1.107081433909816,-1.9975136518478394,0.04097781330347061,1.9894803762435913,-0.0999479591846466,0.05365036800503731,0.4349149763584137,0.3394099175930023,-0.14419254660606384
0.227784730913642,8.072191329101056,-0.4055141991366469,-0.4055141991366469,-0.9040966370470982,-1.9973341226577759,0.03779936581850052,1.9890425205230713,-0.12655095756053925,0.05555550381541252,0.4755476713180542,0.3387782871723175,-0.29415032267570496
0.2321652065081351,6.121600987850245,-0.04513247040398427,-0.04513247040398427,0.8288021635972251,-1.9971685409545898,0.03971297666430473,1.9884881973266602,-0.11901480704545975,0.05763863027095795,0.49010786414146423,0.3374897837638855,-0.3287573754787445
0.2365456821026282,6.111399763264081,0.9731896192821388,0.9731896192821388,-0.5863828252029356,-1.9969946146011353,0.051712315529584885,1.9879668951034546,-0.09393486380577087,0.05978553742170334,0.46458619832992554,0.3360496759414673,-0.026628464460372925
0.2409261576971214,3.971812289140773,0.08430445021170618,0.08430445021170618,-0.3319820083547558,-1.9967681169509888,0.053994908928871155,1.9875553846359253,-0.09672045707702637,0.06182064488530159,0.5101306438446045,0.33593302965164185,-0.0313209667801857
0.2453066332916145,9.890911567358112,-2.0300639333496626,-2.0300639333496626,-0.004815899388076139,-1.99653160572052,0.05587088316679001,1.9871317148208618,-0.11260910332202911,0.06405525654554367,0.5222875475883484,0.3357958197593689,-0.023677760735154152
0.2496871088861076,7.197874461374361,0.8492222974843531,0.8492222974843531,-0.6409188315903344,-1.9962868690490723,0.06633105874061584,1.9866384267807007,-0.07197696715593338,0.06634312123060226,0.46314388513565063,0.3356921076774597,0.1736375093460083
0.2540675844806007,9.417664348074332,0.3828386286509805,0.3828386286509805,-0.6699815704072039,-1.995996356010437,0.0696946233510971,1.9863231182098389,-0.06663966923952103,0.06837191432714462,0.5066606998443604,0.3364527225494385,0.17916470766067505
0.2584480600750938,6.3849631529850495,-1.3231492988471985,-1.3231492988471985,-1.505285095510576,-1.9956910610198975,0.0753808319568634,1.986031174659729,-0.043092526495456696,0.07059133052825928,0.5374063849449158,0.33723753690719604,0.2230052798986435
0.2628285356695869,5.396658568003833,-1.863714964411876,-1.863714964411876,-1.2817368011799959,-1.9953608512878418,0.07210470736026764,1.9858424663543701,-0.0616217702627182,0.07294542342424393,0.5427253246307373,0.3382143974304199,0.02496197819709778
0.2672090112640801,6.127583733436358,0.45007875735535086,0.45007875735535086,1.1205088215492358,-1.9950449466705322,0.0693248063325882,1.9855725765228271,-0.08411146700382233,0.07532282173633575,0.5257297158241272,0.3383237421512604,-0.14443439245224
0.2715894868585732,9.360194730728772,-1.9798952140828319,-1.9798952140828319,-1.3501735787203133,-1.9947413206100464,0.08407226204872131,1.9852041006088257,-0.053243838250637054,0.07762576639652252,0.506151020526886,0.3376910388469696,0.2216181755065918
0.2759699624530663,9.004525754327197,1.079867834974546,1.079867834974546,-0.2023101921919413,-1.994373083114624,0.08560380339622498,1.9849708080291748,-0.043553054332733154,0.0798429474234581,0.48776113986968994,0.3386618196964264,0.11728055030107498
0.2803504380475594,8.014075887444537,-1.5685782855830686,-1.5685782855830686,-0.5136021373550743,-1.9939980506896973,0.09477375447750092,1.9847800731658936,-0.014328455552458763,0.08197957277297974,0.5252047777175903,0.3391755521297455,0.2546476721763611
0.2847309136420525,6.483392201129812,-0.7602864290314082,-0.7602864290314082,-1.1048870975451406,-1.993582844734192,0.10076712816953659,1.9847172498703003,0.00039418134838342667,0.08428022265434265,0.4943961203098297,0.34029102325439453,0.3046780824661255
0.2891113892365456,3.354793601190113,-1.8424638197657162,-1.8424638197657162,0.046260282231941785,-1.9931414127349854,0.10094597935676575,1.984718918800354,-0.009443636983633041,0.08644591271877289,0.50445955991745,0.3416256606578827,0.1957690268754959
0.2934918648310388,5.116680420517337,-0.5470925057309727,-0.5470925057309727,-1.0511285197810931,-1.9926992654800415,0.10538669675588608,1.9846775531768799,-0.023147843778133392,0.08865568786859512,0.4493028223514557,0.3424832224845886,0.2733765244483948
0.2978723404255319,9.36719395115474,-3.175958659407616,-3.175958659407616,-0.7191644207106833,-1.9922375679016113,0.10440918058156967,1.9845761060714722,-0.04348541051149368,0.09062384814023972,0.46402227878570557,0.343680739402771,0.14865264296531677
0.302252816020025,8.612977950199657,-0.9665585517472421,-0.9665585517472421,-1.819025611664391,-1.991780161857605,0.11112697422504425,1.98438560962677,-0.021379901096224785,0.09265648573637009,0.3922761082649231,0.34433192014694214,0.18157441914081573
0.3066332916145181,5.678000439457869,-0.9757163816918004,-0.9757163816918004,-0.10290458137131453,-1.9912934303283691,0.10929229855537415,1.984291911125183,-0.0272100530564785,0.09437484294176102,0.41717085242271423,0.34512731432914734,-0.03903950750827789
0.3110137672090112,4.873214472811976,-0.7536251326479482,-0.7536251326479482,-1.0548171609279358,-1.9908146858215332,0.11585120856761932,1.9841727018356323,-0.024216944351792336,0.09620224684476852,0.391681969165802,0.34495630860328674,0.05316714942455292
0.3153942428035043,5.698475706262531,-1.1608483575257,-1.1608483575257,-0.7241277949594498,-1.9903072118759155,0.1147364154458046,1.9840666055679321,-0.046675607562065125,0.09791800379753113,0.40047773718833923,0.3451892137527466,-0.07713451981544495
0.3197747183979975,2.655612773120422,0.6325048545117489,0.6325048545117489,-0.7714185266299247,-1.9898046255111694,0.11708475649356842,1.9838621616363525,-0.055684108287096024,0.09967228770256042,0.3877241015434265,0.3448513150215149,-0.11906380951404572
0.3241551939924906,1.8309639113872302,-2.2464327032111777,-2.2464327032111777,-1.0435524804973033,-1.989291787147522,0.11516187340021133,1.9836182594299316,-0.09133351594209671,0.10137070715427399,0.42872312664985657,0.34432974457740784,-0.23263663053512573
0.3285356695869837,5.314517324113532,-3.017760481626775,-3.017760481626775,-0.5829356997747279,-1.988787293434143,0.11028268933296204,1.9832181930541992,-0.13929206132888794,0.1032487154006958,0.39359521865844727,0.343310683965683,-0.42182886600494385
0.3329161451814768,6.316824358249836,0.56182700335014,0.56182700335014,-1.1790810535322733,-1.9883042573928833,0.11338912695646286,1.9826080799102783,-0.14880594611167908,0.10497284680604935,0.3224906325340271,0.3414628803730011,-0.440712571144104
0.3372966207759699,8.044517448916952,-0.8944435324249563,-0.8944435324249563,0.01441994184462947,-1.9878075122833252,0.11376452445983887,1.9819562435150146,-0.1615435779094696,0.10638550668954849,0.37333065271377563,0.33953234553337097,-0.5684321522712708
0.341677096370463,6.704685106377539,-1.7297059869837597,-1.7297059869837597,-1.5244007961097519,-1.987309217453003,0.1248917430639267,1.9812486171722412,-0.1362694799900055,0.10802087187767029,0.3467889428138733,0.33704233169555664,-0.40236204862594604
0.3460575719649562,7.4743296230609895,-0.11787017015886275,-0.11787017015886275,-0.11096677612734229,-1.9867621660232544,0.12359095364809036,1.9806517362594604,-0.1525181531906128,0.10953997075557709,0.3407933712005615,0.33527979254722595,-0.5968395471572876
0.3504380475594493,4.748174825243634,0.8886053072531268,0.8886053072531268,-0.9904487247521189,-1.9862208366394043,0.1332048773765564,1.9799836874008179,-0.1345057636499405,0.11103280633687973,0.34059175848960876,0.332665354013443,-0.4692343473434448
0.3548185231539424,6.764210223044939,0.23787554601584338,0.23787554601584338,-1.2929829229477243,-1.9856373071670532,0.13308599591255188,1.9793944358825684,-0.15682819485664368,0.11252476274967194,0.3954660892486572,0.33060988783836365,-0.5874823927879333
0.3591989987484355,9.935069073956193,-0.5775461038833047,-0.5775461038833047,-1.2768184946717027,-1.98505437374115,0.1338283270597458,1.9787074327468872,-0.1680716574192047,0.1142570897936821,0.440172016620636,0.32803642749786377,-0.7302515506744385
0.3635794743429286,8.737896116842876,-1.4354088644228327,-1.4354088644228327,-0.18805011090791907,-1.9844681024551392,0.13927198946475983,1.9779711961746216,-0.15219281613826752,0.1161852553486824,0.46059298515319824,0.3248375654220581,-0.8048769235610962
0.3679599499374217,1.378023024505577,0.9362311647836458,0.9362311647836458,-0.962326618595752,-1.9838579893112183,0.15047959983348846,1.9773045778274536,-0.12498483061790466,0.11820287257432938,0.42416614294052124,0.3213118314743042,-0.6676714420318604
0.3723404255319149,3.3066421037934743,-0.418997267113492,-0.418997267113492,0.34625958244916666,-1.9831987619400024,0.1462646722793579,1.9767570495605469,-0.1753549575805664,0.12006092071533203,0.47961005568504333,0.31838712096214294,-0.8481577038764954
0.376720901126408,7.671707857095369,-0.09080044410164723,-0.09080044410164723,-0.049171406845487375,-1.982558012008667,0.15347446501255035,1.9759888648986816,-0.18356455862522125,0.12216184288263321,0.4572621285915375,0.3146717846393585,-0.7056152820587158
0.3811013767209011,4.925601955976874,-1.1102393870397296,-1.1102393870397296,0.11879408203900899,-1.9818856716156006,0.16424062848091125,1.9751847982406616,-0.1625657081604004,0.1241648718714714,0.4560464322566986,0.3115808665752411,-0.5595092177391052
0.3854818523153942,8.80642061922849,0.20175929586665597,0.20175929586665597,-1.3509397498007585,-1.9811662435531616,0.17215175926685333,1.9744726419448853,-0.16147512197494507,0.1261625736951828,0.42015475034713745,0.3091299533843994,-0.43301188945770264
0.3898623279098873,6.110592117364569,-0.30987372095350785,-0.30987372095350785,-0.3013657087730597,-1.9804121255874634,0.17631526291370392,1.973765254020691,-0.15660788118839264,0.1280030459165573,0.4654984772205353,0.30723315477371216,-0.5455519556999207
0.3942428035043804,5.160772723168139,-0.37850404927836906,-0.37850404927836906,0.3238527051047878,-1.9796397686004639,0.18336617946624756,1.9730792045593262,-0.15379145741462708,0.1300421506166458,0.46525001525878906,0.30484336614608765,-0.4856969118118286
0.3986232790988736,8.310939507657293,-1.1714872006924835,-1.1714872006924835,0.48165260335153826,-1.9788365364074707,0.19298982620239258,1.9724055528640747,-0.14660221338272095,0.13208016753196716,0.4447389841079712,0.3027157783508301,-0.3096986413002014
0.4030037546933667,5.945263269606931,-0.2237154812880784,-0.2237154812880784,-0.9858111400116474,-1.9779911041259766,0.20818641781806946,1.9717633724212646,-0.10953659564256668,0.1340283304452896,0.3964620530605316,0.3013591468334198,-0.034790486097335815
0.4073842302878598,10.466400335240674,-0.004372303491890772,-0.004372303491890772,-1.781121771004245,-1.977079153060913,0.21086342632770538,1.9712835550308228,-0.12168951332569122,0.13576501607894897,0.4187176525592804,0.3012067377567291,-0.1264224350452423
0.4117647058823529,5.793593059919996,-0.7520282343666982,-0.7520282343666982,-0.26107187776676644,-1.9761555194854736,0.21542398631572723,1.9707504510879517,-0.1113252341747284,0.13759920001029968,0.4706043601036072,0.30065295100212097,-0.29756128787994385
0.416145181476846,6.493303088285515,-1.415939420273816,-1.415939420273816,-0.17503460843476853,-1.9752118587493896,0.22252565622329712,1.9702627658843994,-0.1103767529129982,0.13966067135334015,0.4562668800354004,0.29934948682785034,-0.23513402044773102
0.4205256570713391,7.224454566301546,-1.3823971938318484,-1.3823971938318484,-0.12216269396626056,-1.974237084388733,0.23127111792564392,1.9697792530059814,-0.10178256034851074,0.14165933430194855,0.42002853751182556,0.2983194887638092,-0.13961122930049896
0.4249061326658322,8.761226019653536,-2.2244239444324245,-2.2244239444324245,-0.7083724681533843,-1.9732240438461304,0.24151569604873657,1.9693334102630615,-0.08593619614839554,0.1434992551803589,0.383225679397583,0.2977079153060913,-0.01752874255180359
0.4292866082603254,3.8113132928644244,-1.8425315300507075,-1.8425315300507075,-2.6210896192793074,-1.9721660614013672,0.2506088316440582,1.9689569473266602,-0.06873150169849396,0.145177960395813,0.3389521837234497,0.2976311445236206,0.009163161739706993
0.4336670838548185,4.934701772373013,-1.4765004493737577,-1.4765004493737577,0.049283337220714984,-1.971068263053894,0.240486279129982,1.9686558246612549,-0.13156482577323914,0.14666272699832916,0.3616885542869568,0.29767128825187683,-0.48053425550460815
0.4380475594493116,7.961474437840833,-0.8915727718943239,-0.8915727718943239,-0.5218026306859854,-1.9700148105621338,0.24854207038879395,1.9680795669555664,-0.1317598670721054,0.14824709296226501,0.31713083386421204,0.2955663204193115,-0.36828747391700745
0.4424280350438047,7.103674489130362,-1.5084410856592991,-1.5084410856592991,-1.4531271463561768,-1.9689260721206665,0.2578479051589966,1.9675023555755615,-0.11765638738870621,0.14963628351688385,0.30633237957954407,0.2939530313014984,-0.3174370527267456
0.4468085106382978,4.69984926308203,-2.4456570449666115,-2.4456570449666115,-1.092808709284013,-1.9677965641021729,0.2602461576461792,1.9669870138168335,-0.12937918305397034,0.15097816288471222,0.3047170341014862,0.2925625145435333,-0.4860522747039795
0.4511889862327909,2.5456675505156046,0.39962433298894506,0.39962433298894506,0.23847424580747023,-1.9666565656661987,0.2611690163612366,1.966420292854309,-0.1543237268924713,0.1523129642009735,0.2652095854282379,0.2904333770275116,-0.6260541677474976
0.4555694618272841,4.9294106217572535,-0.8833212243256474,-0.8833212243256474,-0.7179452617292793,-1.9655125141143799,0.2667638659477234,1.9657442569732666,-0.171004980802536,0.15347470343112946,0.2699156701564789,0.2876909673213959,-0.5218721032142639
0.4599499374217772,6.097873587523257,0.1501077455008304,0.1501077455008304,0.12104181858070284,-1.9643439054489136,0.2704211473464966,1.9649951457977295,-0.18654493987560272,0.15465706586837769,0.26508617401123047,0.28540492057800293,-0.5757867693901062
0.4643304130162703,6.460040606099522,1.199514133309206,1.199514133309206,-1.2893270196319082,-1.9631593227386475,0.28092145919799805,1.9641779661178589,-0.1754278987646103,0.15581826865673065,0.2659350037574768,0.2828826904296875,-0.42368507385253906
0.4687108886107634,7.1604302960339155,-0.13521783487973005,-0.13521783487973005,1.572949499248389,-1.9619287252426147,0.28375229239463806,1.9634095430374146,-0.18940739333629608,0.15698319673538208,0.3386170566082001,0.2810267508029938,-0.5697429180145264
0.4730913642052565,7.771630624607781,-0.8275181462965597,-0.8275181462965597,-0.7005367157304221,-1.9606857299804688,0.30435851216316223,1.9625798463821411,-0.14022240042686462,0.15846650302410126,0.2887331545352936,0.278531014919281,-0.080879807472229
0.4774718397997496,5.8058678467617595,0.4280387420424677,0.4280387420424677,-0.9538621517486947,-1.9593524932861328,0.312757670879364,1.961965560913086,-0.13129457831382751,0.15973129868507385,0.28502488136291504,0.2781767249107361,-0.07209184765815735
0.4818523153942428,5.079588243777546,-1.8941159929155267,-1.8941159929155267,0.5112007483190996,-1.9579824209213257,0.3166199028491974,1.9613903760910034,-0.1441183090209961,0.16097983717918396,0.32538077235221863,0.27786093950271606,-0.15881897509098053
0.4862327909887359,3.2838181313126142,-0.184521499203805,-0.184521499203805,-0.7863425185736123,-1.9565954208374023,0.32773664593696594,1.9607590436935425,-0.13377955555915833,0.16240516304969788,0.2551378905773163,0.2771652340888977,0.05701275169849396
0.490613266583229,5.323455006901153,-1.0593698412626638,-1.0593698412626638,-0.9436956709905909,-1.9551597833633423,0.3285782039165497,1.9601730108261108,-0.16465044021606445,0.16352279484272003,0.27271297574043274,0.2774149775505066,-0.045512765645980835
0.4949937421777221,5.073658850101325,-1.6805109099998203,-1.6805109099998203,-0.45167291953067046,-1.9537204504013062,0.33186426758766174,1.9594517946243286,-0.18138012290000916,0.1647174060344696,0.26933491230010986,0.2772156000137329,-0.13995061814785004
0.4993742177722152,7.182175419895227,-0.27392440669203316,-0.27392440669203316,-1.3932261963128199,-1.9522666931152344,0.33759620785713196,1.9586572647094727,-0.19038328528404236,0.1658972203731537,0.23344895243644714,0.27660253643989563,-0.1328921914100647
0.5037546933667083,7.167055790155808,0.1474626521654071,0.1474626521654071,-1.5352658676230853,-1.950787901878357,0.341476172208786,1.9578232765197754,-0.20037215948104858,0.16691984236240387,0.266136109828949,0.2760204076766968,-0.2862674593925476
0.5081351689612015,8.03124885409305,1.4807598478078718,1.4807598478078718,-0.10977836605880431,-1.9492920637130737,0.34460851550102234,1.956945538520813,-0.21334971487522125,0.16808564960956573,0.3152771294116974,0.2747664153575897,-0.47071653604507446
0.5125156445556946,7.842966314513527,-0.7376617650372979,-0.7376617650372979,0.04876542179376753,-1.9477825164794922,0.3573552370071411,1.9560109376907349,-0.19046558439731598,0.16946671903133392,0.36172589659690857,0.27270445227622986,-0.3282620906829834
0.5168961201501877,7.449667584426192,0.18985247727432486,0.18985247727432486,-0.9163015408459737,-1.9462171792984009,0.3706798255443573,1.955176591873169,-0.16598501801490784,0.1710512489080429,0.33875972032546997,0.27126652002334595,-0.15528173744678497
0.5212765957446808,8.691145835266592,-1.9716800535846282,-1.9716800535846282,-0.8321397346634962,-1.9445934295654297,0.3779914677143097,1.9544495344161987,-0.16418854892253876,0.17253518104553223,0.3710629343986511,0.2705863118171692,-0.199577197432518
0.5256570713391739,6.5124495000482066,-0.2442706498637146,-0.2442706498637146,-0.45778736000762876,-1.9429376125335693,0.38793325424194336,1.9537303447723389,-0.1501929610967636,0.17416061460971832,0.3377847373485565,0.26971206068992615,-0.1998755782842636
0.5300375469336671,5.686277593809828,-2.1361650308327342,-2.1361650308327342,0.1429831583312956,-1.941238284111023,0.39637666940689087,1.953072428703308,-0.14716240763664246,0.175640270113945,0.3440200984477997,0.26883649826049805,-0.16413959860801697
0.5344180225281602,6.009470422690408,-0.49687995289326464,-0.49687995289326464,-1.2376034061407664,-1.9395020008087158,0.40679991245269775,1.9524277448654175,-0.1390811800956726,0.17714723944664001,0.2774617671966553,0.2681174874305725,-0.015281140804290771
0.5387984981226532,8.057953596215617,-1.357050620241479,-1.357050620241479,-1.2687807684241084,-1.9377200603485107,0.41019463539123535,1.9518184661865234,-0.1559785157442093,0.1783626526594162,0.29909324645996094,0.26805055141448975,-0.1589411497116089
0.5431789737171464,7.553952026150851,-1.301289369656988,-1.301289369656988,0.11440233902257324,-1.9359232187271118,0.4169767498970032,1.9511351585388184,-0.15615710616111755,0.17967282235622406,0.29651549458503723,0.2673543095588684,-0.2668692171573639
0.5475594493116396,7.835388350123315,-1.3882890889628352,-1.3882890889628352,0.4313321791904968,-1.9340966939926147,0.43059688806533813,1.950451135635376,-0.13284903764724731,0.18097169697284698,0.25517281889915466,0.26618528366088867,-0.08541367948055267
0.5519399249061326,5.4040902691645245,-0.8559400133999315,-0.8559400133999315,-1.2173640326114428,-1.9322104454040527,0.4464569091796875,1.949869155883789,-0.1007874608039856,0.18208947777748108,0.2020341157913208,0.26581114530563354,0.1706080585718155
0.5563204005006257,3.1670549676078448,-0.7150105354431253,-0.7150105354431253,1.3700524690494889,-1.9302546977996826,0.4491546154022217,1.949427604675293,-0.12244527041912079,0.18297448754310608,0.2125888466835022,0.2665584981441498,0.018855020403862
0.5607008760951189,5.275597291483876,-1.0492716866967693,-1.0492716866967693,-1.1133911117318807,-1.928287148475647,0.4621666371822357,1.948891282081604,-0.11108269542455673,0.1839057207107544,0.15169839560985565,0.2666410803794861,0.3815186023712158
0.565081351689612,1.3537660647664138,-0.35780806210638216,-0.35780806210638216,-1.3672740781069184,-1.926262617111206,0.46531084179878235,1.9484046697616577,-0.13176119327545166,0.18457023799419403,0.15357089042663574,0.2683123052120209,0.24964511394500732
0.5694618272841051,5.610372304827111,0.4288977447290079,0.4288977447290079,-0.7713098051879219,-1.9242243766784668,0.4601590931415558,1.9478274583816528,-0.1907266080379486,0.18524295091629028,0.1830504983663559,0.26940587162971497,-0.018627911806106567
0.5738423028785982,7.272169714012147,-0.4083982929051387,-0.4083982929051387,0.014093607418871112,-1.9222086668014526,0.4657399654388428,1.946992039680481,-0.20169124007225037,0.18604479730129242,0.21810036897659302,0.26932427287101746,-0.06942316889762878
0.5782227784730913,6.454464154323063,-0.7770067612789786,-0.7770067612789786,-0.44859373694072086,-1.9201685190200806,0.47863084077835083,1.9461085796356201,-0.18283548951148987,0.18700018525123596,0.20576226711273193,0.2690201699733734,0.08450348675251007
0.5826032540675845,7.676676993761761,-1.0630462324893604,-1.0630462324893604,-1.660367187663239,-1.9180718660354614,0.4875588119029999,1.945307731628418,-0.18019172549247742,0.18790152668952942,0.1961715668439865,0.269390344619751,0.12119172513484955
0.5869837296620776,6.204569196847761,-2.073760634753801,-2.073760634753801,-1.7819569155575252,-1.9159361124038696,0.4919833242893219,1.9445184469223022,-0.19153206050395966,0.18876084685325623,0.21361523866653442,0.269921213388443,-0.0794067531824112
0.5913642052565706,3.945324123096744,-0.42914717714145456,-0.42914717714145456,-1.2776492307714977,-1.9137810468673706,0.4931415617465973,1.9436794519424438,-0.2177700698375702,0.18969658017158508,0.205093652009964,0.2695733606815338,-0.33690202236175537
0.5957446808510638,9.734800317742298,-2.1466745619729144,-2.1466745619729144,-1.3377142021921116,-1.911620855331421,0.49315065145492554,1.9427255392074585,-0.2530197203159332,0.19059498608112335,0.22987259924411774,0.26809757947921753,-0.5319592356681824
0.600125156445557,4.919838673188587,-0.9407139681369401,-0.9407139681369401,0.08302799318740339,-1.9094606637954712,0.5033064484596252,1.9416172504425049,-0.24053071439266205,0.1916019320487976,0.20624838769435883,0.26576733589172363,-0.619853138923645
0.60450563204005,5.285156891388744,0.11631503045287284,0.11631503045287284,0.11094586770038695,-1.9072558879852295,0.5127303600311279,1.9405635595321655,-0.24025829136371613,0.19250540435314178,0.1763518750667572,0.2630520761013031,-0.4997140169143677
0.6088861076345431,6.487577019608727,-0.3093611202928391,-0.3093611202928391,-1.0041026438030896,-1.9050098657608032,0.5229051113128662,1.9395110607147217,-0.23631379008293152,0.19327791035175323,0.17650866508483887,0.2608630955219269,-0.3659104108810425
0.6132665832290363,8.077341352121135,-0.891330482929184,-0.891330482929184,0.019357695996643054,-1.902719259262085,0.5292019248008728,1.9384758472442627,-0.24460725486278534,0.1940511018037796,0.19679732620716095,0.25926023721694946,-0.44879642128944397
0.6176470588235294,6.1227578858457266,0.977114351745293,0.977114351745293,-0.17818051856720785,-1.9004011154174805,0.5438883900642395,1.9374043941497803,-0.21886974573135376,0.19491316378116608,0.1702023446559906,0.25729429721832275,-0.27679890394210815
0.6220275344180225,4.85222514674348,-1.2763692002710203,-1.2763692002710203,-0.8616081000596868,-1.8980185985565186,0.5539796352386475,1.9364455938339233,-0.21363180875778198,0.19565872848033905,0.20394061505794525,0.25608178973197937,-0.1882002204656601
0.6264080100125156,4.358836809948762,0.23698319282804636,0.23698319282804636,-1.506257579575852,-1.8955918550491333,0.5581837296485901,1.9355098009109497,-0.23290543258190155,0.1965520828962326,0.19182828068733215,0.25525739789009094,-0.2741222083568573
0.6307884856070087,5.0585975733538495,1.5628502170720275,1.5628502170720275,-0.9031699976047967,-1.8931467533111572,0.5581603646278381,1.9344896078109741,-0.2693498730659485,0.19739238917827606,0.24273642897605896,0.2540566027164459,-0.5100162029266357
0.6351689612015019,5.407496332318485,-0.46826960683508545,-0.46826960683508545,-1.029703569737129,-1.8907017707824707,0.56268310546875,1.9333096742630005,-0.28775185346603394,0.19845569133758545,0.3147520422935486,0.25182250142097473,-0.6006350517272949
0.639549436795995,4.467551617562889,-0.5007642539331517,-0.5007642539331517,-0.3115919761452702,-1.8882369995117188,0.5672764778137207,1.9320491552352905,-0.30577361583709717,0.1998344510793686,0.331147700548172,0.24919143319129944,-0.7114078402519226
0.643929912390488,4.351386175918195,-1.2696574057536425,-1.2696574057536425,-1.057639876109132,-1.8857520818710327,0.5739874243736267,1.930709719657898,-0.31728851795196533,0.20128503441810608,0.3256232738494873,0.2460751235485077,-0.6860506534576416
0.6483103879849812,9.549009099215764,-1.4917286685858937,-1.4917286685858937,-1.3063655201088937,-1.8832377195358276,0.5767248272895813,1.9293198585510254,-0.3448506295681,0.20271141827106476,0.31943169236183167,0.24306990206241608,-0.8247959613800049
0.6526908635794744,8.864788702495575,2.725733472508256,2.725733472508256,0.449790605774243,-1.8807114362716675,0.587847113609314,1.927809238433838,-0.333502858877182,0.20411068201065063,0.31401848793029785,0.239456906914711,-0.9093164205551147
0.6570713391739674,8.7651102641249,-3.3051202237401482,-3.3051202237401482,-1.401579556410156,-1.878136396408081,0.6065697073936462,1.926348328590393,-0.2924613654613495,0.2054862380027771,0.3804832398891449,0.2354736626148224,-0.6273864507675171
0.6614518147684605,7.6711429778014555,1.1298717975547996,1.1298717975547996,-0.6195844404698105,-1.8754793405532837,0.6159166693687439,1.9250671863555908,-0.28968682885169983,0.20715293288230896,0.3248938322067261,0.23272541165351868,-0.7487845420837402
0.6658322903629537,7.694170340982446,-1.3597351903662596,-1.3597351903662596,-0.9214084419958908,-1.8727812767028809,0.6272113919258118,1.9237982034683228,-0.2803671061992645,0.20857612788677216,0.37598350644111633,0.22944538295269012,-0.7234295606613159
0.6702127659574468,2.8763856754197956,-1.754476481739579,-1.754476481739579,0.8484755153230146,-1.8700337409973145,0.6371678113937378,1.9225701093673706,-0.27697867155075073,0.21022310853004456,0.3631829619407654,0.22627641260623932,-0.7629984617233276
0.6745932415519399,4.55223409309919,0.461327432599137,0.461327432599137,-1.199472408782655,-1.867242693901062,0.6466556191444397,1.9213567972183228,-0.2784607410430908,0.2118140161037445,0.2871685028076172,0.22293411195278168,-0.519216001033783
0.678973717146433,6.337846344858309,4.295697447627795,4.295697447627795,-1.2714952744018921,-1.8644100427627563,0.6496288776397705,1.9201370477676392,-0.3073067367076874,0.21307195723056793,0.3356691300868988,0.22065970301628113,-0.6844372749328613
0.6833541927409261,7.77860595641835,-3.211408771202319,-3.211408771202319,-0.0860354296198318,-1.8615643978118896,0.6557233929634094,1.9187909364700317,-0.32254722714424133,0.21454234421253204,0.498248815536499,0.2176615446805954,-0.8280935287475586
0.6877346683354193,3.840997423330892,-2.0709187003555014,-2.0709187003555014,0.8024330610311303,-1.8586920499801636,0.6700020432472229,1.9173780679702759,-0.3015468716621399,0.2167249172925949,0.4069780111312866,0.2140340954065323,-0.6848027110099792
0.6921151439299124,6.437741390405945,-0.36387366666373533,-0.36387366666373533,-0.975014269055847,-1.8557571172714233,0.6808730363845825,1.9160571098327637,-0.295759379863739,0.21850767731666565,0.3230670392513275,0.21103432774543762,-0.4309106469154358
0.6964956195244054,7.157356740079986,-2.1413009843766626,-2.1413009843766626,-0.7295205991058222,-1.8527746200561523,0.6886842846870422,1.9147615432739258,-0.30417072772979736,0.21992287039756775,0.3409142792224884,0.20914673805236816,-0.5082246661186218
0.7008760951188986,6.590436210563891,-1.3489328027838976,-1.3489328027838976,-0.8662958399657832,-1.8497579097747803,0.699003279209137,1.9134291410446167,-0.30152252316474915,0.22141623497009277,0.2996858060359955,0.20692047476768494,-0.5173512101173401
0.7052565707133918,7.334659089323511,-1.1689519171195761,-1.1689519171195761,-0.9213555856068785,-1.846695899963379,0.707750678062439,1.912108302116394,-0.30646955966949463,0.22272899746894836,0.2855912744998932,0.20465423166751862,-0.5679321885108948
0.7096370463078848,6.2214684654296235,1.8076057335440965,1.8076057335440965,-1.064127629181414,-1.8435956239700317,0.7177513837814331,1.9107657670974731,-0.30627012252807617,0.22398002445697784,0.27836066484451294,0.20216642320156097,-0.6149642467498779
0.7140175219023779,2.795356939450118,-1.7984496502687386,-1.7984496502687386,-0.42197639160380496,-1.8404514789581299,0.725155770778656,1.9094241857528687,-0.3184095025062561,0.2251993715763092,0.36222440004348755,0.1994725912809372,-0.7161232233047485
0.718397997496871,7.873147803085983,-1.1917383203837544,-1.1917383203837544,-0.879828455580362,-1.8372749090194702,0.7288892269134521,1.9080294370651245,-0.3464190363883972,0.22678609192371368,0.3220270276069641,0.19633562862873077,-0.7494107484817505
0.7227784730913642,4.9944556113241365,-1.1769763369218753,-1.1769763369218753,-0.0033413216232477394,-1.834082007408142,0.7404025197029114,1.906511902809143,-0.34089750051498413,0.22819672524929047,0.3129182755947113,0.19305285811424255,-0.7762821912765503
0.7271589486858573,5.437078425941416,-1.8054932943448456,-1.8054932943448456,-0.6075113439148081,-1.830838680267334,0.750074565410614,1.9050185680389404,-0.3418041169643402,0.22956745326519012,0.2786444127559662,0.18965236842632294,-0.6730929613113403
0.7315394242803503,5.47202370621453,-2.4259537078570026,-2.4259537078570026,0.9573971883998335,-1.8275530338287354,0.7581620216369629,1.9035212993621826,-0.3513183295726776,0.23078805208206177,0.24365954101085663,0.1867039054632187,-0.691669225692749
0.7359198998748435,6.290449664511016,2.1142157749774992,2.1142157749774992,-0.9685323481834405,-1.8242319822311401,0.7724214792251587,1.901982307434082,-0.32853877544403076,0.2318553924560547,0.14485496282577515,0.18367406725883484,-0.37034326791763306
0.7403003754693367,8.696505479858793,0.8196841260108619,0.8196841260108619,-1.9213632778164733,-1.8208484649658203,0.7807128429412842,1.9005430936813354,-0.33823707699775696,0.2324899286031723,0.2348809838294983,0.18205179274082184,-0.4494669437408447
0.7446808510638298,6.7542646512531785,0.572797152199829,0.572797152199829,-0.6209908698964678,-1.8174285888671875,0.7900378704071045,1.8990614414215088,-0.3471463620662689,0.2335188239812851,0.314928263425827,0.18008291721343994,-0.6851050853729248
0.7490613266583228,6.991119641477286,-1.290323744252115,-1.290323744252115,-0.8283429678112423,-1.8139678239822388,0.8007371425628662,1.897540807723999,-0.34586039185523987,0.23489835858345032,0.34979066252708435,0.17708183825016022,-0.6792916059494019
0.753441802252816,8.460472824923823,0.09501877357164756,0.09501877357164756,-1.0757253905667183,-1.8104602098464966,0.8111811876296997,1.8960257768630981,-0.3468409478664398,0.23643061518669128,0.3362993597984314,0.17410621047019958,-0.713533341884613
0.7578222778473092,4.885738580396726,-0.30591560423679853,-0.30591560423679853,0.6343248880779548,-1.806906819343567,0.8236305117607117,1.8945064544677734,-0.340520977973938,0.23790377378463745,0.3704887926578522,0.17098060250282288,-0.7709043025970459
0.7622027534418022,8.104903519389337,-0.9510478600679253,-0.9510478600679253,-1.576897077760759,-1.8032989501953125,0.8354476094245911,1.8930147886276245,-0.32930776476860046,0.2395266890525818,0.34303078055381775,0.16760367155075073,-0.5319271683692932
0.7665832290362953,3.6962091475244194,-2.6002658819013953,-2.6002658819013953,-1.2348192122313701,-1.799639344215393,0.845585823059082,1.8915722370147705,-0.33631473779678345,0.24102932214736938,0.3613075613975525,0.16527357697486877,-0.7054242491722107
0.7709637046307884,5.138964370720402,-0.5554005488935062,-0.5554005488935062,-0.5010545678735931,-1.7959352731704712,0.8486490845680237,1.890099048614502,-0.37351396679878235,0.24261201918125153,0.3214321732521057,0.162183478474617,-0.8963430523872375
0.7753441802252816,6.473441439980147,-1.5322094690700623,-1.5322094690700623,-0.6405278915339405,-1.79221773147583,0.8571711182594299,1.8884629011154175,-0.38351765275001526,0.24402004480361938,0.3198451101779938,0.15825706720352173,-0.8983067274093628
0.7797246558197747,5.937432702369182,1.0628714106226658,1.0628714106226658,0.2591527006118409,-1.7884628772735596,0.8678494095802307,1.8867828845977783,-0.3851577043533325,0.24542111158370972,0.29380518198013306,0.1543220579624176,-0.9028688669204712
0.7841051314142677,7.110557973293854,-2.3839145432928337,-2.3839145432928337,-0.5551937395717604,-1.7846612930297852,0.8804386258125305,1.8850957155227661,-0.3728264570236206,0.24670812487602234,0.31727632880210876,0.15036706626415253,-0.7236006855964661
0.7884856070087609,7.729667737651568,1.0527675274380623,1.0527675274380623,0.2959437546896544,-1.7808045148849487,0.8926053047180176,1.8834625482559204,-0.36736369132995605,0.24809794127941132,0.2638718783855438,0.14719735085964203,-0.6965938210487366
0.7928660826032541,4.926197036595331,-1.9291283443194227,-1.9291283443194227,-0.7732823686920757,-1.776894450187683,0.9086024165153503,1.8818533420562744,-0.3391774296760559,0.24925382435321808,0.28597351908683777,0.1441459357738495,-0.47234517335891724
0.7972465581977471,4.346301692828245,-2.2457764975342633,-2.2457764975342633,-0.3651783396342736,-1.7729142904281616,0.9158798456192017,1.880367636680603,-0.35661911964416504,0.25050652027130127,0.25221914052963257,0.14207683503627777,-0.5379641056060791
0.8016270337922402,6.757710743961459,-1.8491813805412645,-1.8491813805412645,-0.4988097144187468,-1.76890230178833,0.923319935798645,1.8788055181503296,-0.37055063247680664,0.2516113519668579,0.19729971885681152,0.13972029089927673,-0.5271641612052917
0.8060075093867334,4.648748379301185,1.0038287443947722,1.0038287443947722,-0.14595714858681896,-1.7648577690124512,0.9350599646568298,1.8771823644638062,-0.36695408821105957,0.2524756193161011,0.15786458551883698,0.13741105794906616,-0.4954751133918762
0.8103879849812266,5.128502654140297,-2.7605815760490957,-2.7605815760490957,-1.8466256456574124,-1.7607617378234863,0.9437417984008789,1.8755749464035034,-0.37383678555488586,0.25316715240478516,0.19144198298454285,0.13524064421653748,-0.4309708774089813
0.8147684605757196,7.810034612093681,-2.0450860229250494,-2.0450860229250494,-1.4041044003278578,-1.7566276788711548,0.9485604166984558,1.8739373683929443,-0.41176873445510864,0.2540057599544525,0.1647515743970871,0.13335278630256653,-0.7252017259597778
0.8191489361702127,6.784101101321873,-1.2905983807523942,-1.2905983807523942,-1.467416741459628,-1.7524725198745728,0.9600195288658142,1.8721336126327515,-0.41805168986320496,0.25472745299339294,0.1460328847169876,0.13017605245113373,-0.8681303858757019
0.8235294117647058,4.487136930651241,0.7734296970780631,0.7734296970780631,-0.3917882601756387,-1.7482671737670898,0.9694960117340088,1.8703023195266724,-0.43430373072624207,0.2553671598434448,0.15119653940200806,0.12637323141098022,-1.0460526943206787
0.827909887359199,8.074365086656346,-1.447806142920649,-1.447806142920649,0.7234847978925242,-1.7440203428268433,0.977591872215271,1.8683998584747314,-0.44769540429115295,0.25602948665618896,0.18522459268569946,0.12179102003574371,-1.0383331775665283
0.8322903629536921,7.960984126695358,0.9072096399254037,0.9072096399254037,0.10966344676993,-1.7397379875183105,0.9954283833503723,1.8664387464523315,-0.4078899025917053,0.25684085488319397,0.12181601673364639,0.11724262684583664,-0.7149323225021362
0.8366708385481851,5.44375542088875,0.40672054971851734,0.40672054971851734,-0.4982537097328873,-1.735377550125122,1.0112159252166748,1.8646520376205444,-0.3817045986652374,0.25737446546554565,0.14510689675807953,0.11411087960004807,-0.5270382165908813
0.8410513141426783,7.179112807308098,-0.17494732311101258,-0.17494732311101258,-0.6609112086641911,-1.7309479713439941,1.0206024646759033,1.8629800081253052,-0.38924533128738403,0.2580100893974304,0.17153501510620117,0.11180219799280167,-0.5228646993637085
0.8454317897371715,6.200778176458002,-2.307576333281791,-2.307576333281791,0.04822631741968786,-1.7264772653579712,1.0329610109329224,1.8612749576568604,-0.3855792284011841,0.2587614953517914,0.18572670221328735,0.10951180011034012,-0.5182531476020813
0.8498122653316645,8.617536740921743,0.5017450004537594,0.5017450004537594,-1.6829556167649498,-1.7219524383544922,1.0450860261917114,1.8595858812332153,-0.37547239661216736,0.2595750689506531,0.1169297993183136,0.10724160820245743,-0.38014352321624756
0.8541927409261576,11.373034279810689,-1.0003664414856388,-1.0003664414856388,0.15880184919086549,-1.7173744440078735,1.0579442977905273,1.8579411506652832,-0.380905419588089,0.2600872814655304,0.18072998523712158,0.10557639598846436,-0.5675979256629944
0.8585732165206508,6.970286199114798,2.164314027871883,2.164314027871883,-1.2448223106650191,-1.712740182876587,1.0802662372589111,1.856272578239441,-0.32509225606918335,0.26087895035743713,0.14687860012054443,0.10309004783630371,-0.299227237701416
0.8629536921151439,7.771969936973726,-1.1066743771690266,-1.1066743771690266,-0.31300138283716283,-1.708008050918579,1.09102201461792,1.8548485040664673,-0.3353220522403717,0.2615223526954651,0.2464361935853958,0.10177928954362869,-0.4257344603538513
0.867334167709637,6.44195971024496,0.9528423470699411,0.9528423470699411,0.6638147641158757,-1.7032288312911987,1.1053721904754639,1.8533796072006226,-0.31954053044319153,0.2626018524169922,0.22325842082500458,0.09991437196731567,-0.3338361084461212
0.8717146433041301,2.4179708187242324,-3.802709916910871,-3.802709916910871,-1.3395717863521652,-1.698386788368225,1.119198203086853,1.8519798517227173,-0.2947034537792206,0.2635798454284668,0.23169894516468048,0.09845200926065445,-0.057611823081970215
0.8760951188986232,3.666118092884996,-2.731286850612372,-2.731286850612372,-0.29291714186868195,-1.6934841871261597,1.1211210489273071,1.8506889343261719,-0.34514182806015015,0.26459479331970215,0.1597675085067749,0.09819964319467545,-0.2983110845088959
0.8804755944931164,5.944944610947995,-0.8646373823587485,-0.8646373823587485,-1.0279027047301046,-1.6885731220245361,1.1276519298553467,1.8491770029067993,-0.36343511939048767,0.2652946412563324,0.08855938166379929,0.09689290076494217,-0.2865317463874817
0.8848560700876095,2.4779471732949743,-0.6738349909287203,-0.6738349909287203,-0.7903318313375419,-1.6836334466934204,1.1371266841888428,1.8475849628448486,-0.37785324454307556,0.265682578086853,0.09332724660634995,0.09563775360584259,-0.3873157799243927
0.8892365456821025,3.0411126733119764,-2.43421003533742,-2.43421003533742,-0.1811863829709504,-1.678652286529541,1.1404160261154175,1.845929741859436,-0.4164315164089203,0.26609140634536743,0.0967293232679367,0.09394112974405289,-0.5077774524688721
0.8936170212765957,4.06883758736838,-1.1339204225031905,-1.1339204225031905,0.30113805858051546,-1.673656702041626,1.1460559368133545,1.84410560131073,-0.4376718997955322,0.2665151357650757,0.030933894217014313,0.09171682596206665,-0.48467379808425903
0.8979974968710889,6.132032023142777,-1.9354218011396682,-1.9354218011396682,0.03671718908001986,-1.668636441230774,1.1545963287353516,1.8421883583068848,-0.4403011202812195,0.26665064692497253,-0.01097436249256134,0.08959372341632843,-0.33598506450653076
0.902377972465582,6.84082343928248,0.2041160389764376,0.2041160389764376,-0.9713279240270121,-1.663578748703003,1.166548728942871,1.8402596712112427,-0.43111518025398254,0.2666025757789612,-0.06856706738471985,0.08812195062637329,-0.20236192643642426
0.906758448060075,5.194303320703927,-2.5055533383430326,-2.5055533383430326,-0.7518601339188473,-1.6584687232971191,1.177968978881836,1.8383711576461792,-0.43689078092575073,0.266302227973938,-0.03424037620425224,0.08723551034927368,-0.2727438807487488
0.9111389236545682,7.226506286786879,-0.38956082183045654,-0.38956082183045654,0.24541901811685718,-1.653308629989624,1.1866271495819092,1.836457371711731,-0.4519166648387909,0.2661522328853607,-0.08545377850532532,0.08604076504707336,-0.32930105924606323
0.9155193992490612,4.890061908889152,-1.1834041741129724,-1.1834041741129724,-1.0984693329431314,-1.6481106281280518,1.2009869813919067,1.8344777822494507,-0.42922407388687134,0.26577791571617126,-0.10399720072746277,0.08459827303886414,-0.12809403240680695
0.9198998748435544,4.71306068669071,0.12067188329160738,0.12067188329160738,-0.06239126044342469,-1.6428496837615967,1.2084249258041382,1.8325976133346558,-0.4539888799190521,0.26532235741615295,-0.10647756606340408,0.0840371623635292,-0.26605021953582764
0.9242803504380476,5.565536456075273,-0.4311311668345319,-0.4311311668345319,-0.4307352921972083,-1.6375561952590942,1.2173510789871216,1.8306089639663696,-0.4587429165840149,0.26485592126846313,-0.10113154351711273,0.08287173509597778,-0.18306203186511993
0.9286608260325406,5.13297170305974,-0.27563679151267917,-0.27563679151267917,-0.2249661555284247,-1.6322236061096191,1.2272276878356934,1.828599452972412,-0.463986337184906,0.26441290974617004,-0.10114310681819916,0.08206983655691147,-0.16247083246707916
0.9330413016270338,7.090540295354983,-1.9610044909352906,-1.9610044909352906,-1.0180122045831619,-1.626847743988037,1.2366127967834473,1.8265669345855713,-0.46858376264572144,0.26396986842155457,-0.102622851729393,0.08135813474655151,-0.10614262521266937
0.9374217772215268,5.227470476674999,1.4129764664045334,1.4129764664045334,0.6342062634507175,-1.62143075466156,1.2483443021774292,1.8245142698287964,-0.4732152223587036,0.26352033019065857,-0.13016121089458466,0.08089318126440048,-0.1816367506980896
0.94180225281602,8.760113173348088,-0.46312748153068434,-0.46312748153068434,-0.5143212285365389,-1.6159623861312866,1.2593204975128174,1.8224413394927979,-0.45918402075767517,0.2629501521587372,-0.10741865634918213,0.08009752631187439,0.06284689903259277
0.9461827284105132,5.001759361971365,-0.12771061690104824,-0.12771061690104824,-1.2560355096946854,-1.6104459762573242,1.275002360343933,1.8204299211502075,-0.4393464922904968,0.26247960329055786,-0.10592363774776459,0.08037282526493073,0.1307004690170288
0.9505632040050064,6.775092737281701,0.9368067973279239,0.9368067973279239,-1.8049198691576382,-1.6048609018325806,1.2823398113250732,1.8185054063796997,-0.4664221405982971,0.26201561093330383,-0.07297297567129135,0.08094535768032074,-0.039138421416282654
0.9549436795994992,4.839485962070756,0.6246883160805202,0.6246883160805202,0.43490753959724193,-1.5992436408996582,1.292062759399414,1.8164622783660889,-0.49000105261802673,0.2616959512233734,0.007094137370586395,0.08077391237020493,-0.2916141748428345
0.9593241551939924,6.524396047367677,-1.063435642555514,-1.063435642555514,-0.5462289260549886,-1.5935838222503662,1.3019323348999023,1.8143157958984375,-0.4833429157733917,0.2617270350456238,0.01263633742928505,0.07949650287628174,-0.09824059903621674
0.9637046307884856,2.578595707142669,1.5645348615381167,1.5645348615381167,0.25831229132197564,-1.5878807306289673,1.3132908344268799,1.812198519706726,-0.4829064905643463,0.26178237795829773,-0.0024677393957972527,0.07906616479158401,-0.08305632323026657
0.9680851063829788,6.743534258970667,1.5594542615932148,1.5594542615932148,-0.23395534970881837,-1.5821279287338257,1.3185616731643677,1.8100831508636475,-0.4988822638988495,0.261771559715271,0.03567809984087944,0.07870233803987503,0.02572229504585266
0.9724655819774718,5.339910592920397,-2.183410237730052,-2.183410237730052,-0.3316506072313065,-1.5763520002365112,1.3308395147323608,1.8078978061676025,-0.4901282489299774,0.26192784309387207,0.08805134892463684,0.07881501317024231,0.11305736750364304
0.9768460575719649,8.298597951559497,-2.7175090792359144,-2.7175090792359144,-0.6922191444512611,-1.5705223083496094,1.340333104133606,1.805750846862793,-0.49518096446990967,0.2623135447502136,0.033974096179008484,0.07931026071310043,0.15048283338546753
0.981226533166458,7.501727690238071,1.5520324687360585,1.5520324687360585,-1.4394972145675446,-1.5646510124206543,1.3548197746276855,1.803581714630127,-0.4828983545303345,0.2624623775482178,-0.025170795619487762,0.07996945083141327,0.17032422125339508
0.9856070087609512,5.910113434415473,-0.24501167298034343,-0.24501167298034343,-0.8918262907741282,-1.5587162971496582,1.3665739297866821,1.8014663457870483,-0.4928095042705536,0.2623521089553833,0.06219135969877243,0.08071555197238922,0.011894196271896362
0.9899874843554444,4.23081833132694,-2.5406531887508708,-2.5406531887508708,-1.4047804215239723,-1.5527300834655762,1.3762184381484985,1.7993075847625732,-0.5047036409378052,0.2626245319843292,0.08108039945363998,0.08076765388250351,-0.060393571853637695
0.9943679599499372,7.686983780683506,0.08611683038437734,0.08611683038437734,-0.19645630059874208,-1.5467015504837036,1.3818439245224,1.7970967292785645,-0.5413332581520081,0.2629797160625458,0.047909315675497055,0.08050309866666794,-0.27825355529785156
0.9987484355444304,7.429963640320177,-0.0994186872206877,-0.0994186872206877,0.03216384091308977,-1.5406484603881836,1.3960661888122559,1.7947254180908203,-0.5239034295082092,0.2631895840167999,0.05616134777665138,0.07928421348333359,-0.1634601652622223
1.0031289111389237,7.386450700646557,-0.9831357650386585,-0.9831357650386585,-1.619702484475488,-1.5345330238342285,1.4101556539535522,1.7924305200576782,-0.5038888454437256,0.26343560218811035,0.052318722009658813,0.07856818288564682,-0.004415392875671387
1.0075093867334166,8.739688608552196,-0.5224982437938941,-0.5224982437938941,1.0204625051728773,-1.5283558368682861,1.4214533567428589,1.790223240852356,-0.5185266733169556,0.26366478204727173,0.07090848684310913,0.0785488411784172,-0.20433178544044495
1.0118898623279098,6.056250047459849,-0.9619336646714416,-0.9619336646714416,-0.17669329979580595,-1.5221291780471802,1.439649224281311,1.7879518270492554,-0.46702539920806885,0.2639753818511963,0.02584914118051529,0.07765377312898636,0.19569402933120728
1.016270337922403,6.192647599162314,-1.5783233070511775,-1.5783233070511775,-1.2554691464442382,-1.5158228874206543,1.4508229494094849,1.7859060764312744,-0.46288052201271057,0.26408860087394714,0.0029176343232393265,0.07851100713014603,0.2812961935997009
1.020650813516896,6.318344708468195,-2.4374254468394314,-2.4374254468394314,-0.9690528698278866,-1.509467601776123,1.460521936416626,1.7838784456253052,-0.47998273372650146,0.26410138607025146,-0.00651073083281517,0.07974322140216827,0.1358809620141983
1.0250312891113893,3.8695708563576563,-3.463962371398493,-3.463962371398493,-0.017674522444178775,-1.5030698776245117,1.4708921909332275,1.781775951385498,-0.4900810420513153,0.26407286524772644,-0.049391865730285645,0.08033844828605652,0.055148109793663025
1.0294117647058822,5.466513580680143,0.11813807838877655,0.11813807838877655,-0.034373563702272736,-1.496626615524292,1.4781984090805054,1.779629111289978,-0.5009698271751404,0.2638565003871918,-0.15003439784049988,0.08058002591133118,0.13052034378051758
1.0337922403003754,5.250077379666997,-0.5465068545799675,-0.5465068545799675,-0.6164627732944252,-1.4901514053344727,1.4885042905807495,1.7774345874786377,-0.498810738325119,0.2631992697715759,-0.14558057487010956,0.08115176856517792,0.2349690943956375
1.0381727158948686,5.245666292739933,-2.088868903954061,-2.088868903954061,-1.9703521090593625,-1.4836310148239136,1.4974173307418823,1.7752496004104614,-0.510538637638092,0.262561559677124,-0.14353764057159424,0.08218104392290115,0.20884349942207336
1.0425531914893615,5.3659519423439725,0.014985197914921256,0.014985197914921256,-0.24284658521902613,-1.4770716428756714,1.5039795637130737,1.7730132341384888,-0.550385057926178,0.2619327902793884,-0.14699870347976685,0.08309587836265564,-0.11079627275466919
1.0469336670838547,7.46203480315431,-0.3480660816519388,-0.3480660816519388,0.1754732249012887,-1.4704835414886475,1.513691782951355,1.7706022262573242,-0.55336993932724,0.2612888514995575,-0.1394691914319992,0.08261054009199142,-0.05350340157747269
1.051314142678348,4.149460931315821,-0.7982585856593745,-0.7982585856593745,-0.43237698356975723,-1.463852882385254,1.5280388593673706,1.7681782245635986,-0.5300778150558472,0.26067790389060974,-0.15475820004940033,0.08237616717815399,0.1374066174030304
1.055694618272841,5.54325764527617,-2.056580125190719,-2.056580125190719,-0.02264702494979609,-1.457159399986267,1.5350977182388306,1.7658562660217285,-0.5471931099891663,0.25999999046325684,-0.16544310748577118,0.08297806978225708,0.12870506942272186
1.0600750938673342,8.778833774130671,0.3107059171672608,0.3107059171672608,-0.7491429443366158,-1.450434923171997,1.545456886291504,1.763459324836731,-0.5440998673439026,0.25927525758743286,-0.22484040260314941,0.0835418626666069,0.23739583790302277
1.0644555694618272,7.317464902472761,-0.47308845182184694,-0.47308845182184694,0.07571697712811509,-1.4436650276184082,1.5606049299240112,1.7610758543014526,-0.5289029479026794,0.2582903504371643,-0.19388945400714874,0.08458177000284195,0.2549668550491333
1.0688360450563203,3.781856363349938,-2.7574235326790886,-2.7574235326790886,-0.7157877240139131,-1.436828851699829,1.5744258165359497,1.7587590217590332,-0.5088484287261963,0.2574410140514374,-0.20991630852222443,0.08569864928722382,0.4214255213737488
1.0732165206508135,5.149255102003501,0.7959888369971435,0.7959888369971435,0.5022301460432079,-1.4299321174621582,1.5802726745605469,1.7565300464630127,-0.5349036455154419,0.2565214931964874,-0.269538551568985,0.08754469454288483,0.343852698802948
1.0775969962453065,7.623803759708295,-1.613650305033302,-1.613650305033302,-1.4654590238427307,-1.4230097532272339,1.5908212661743164,1.7541868686676025,-0.5241956114768982,0.2553407847881317,-0.2609598636627197,0.08905093371868134,0.5583851337432861
1.0819774718397996,7.16781286482578,-0.3173090529467832,-0.3173090529467832,-1.1104687728649518,-1.4160412549972534,1.6023948192596436,1.7518906593322754,-0.533484935760498,0.2541976571083069,-0.26528751850128174,0.09149692952632904,0.39727336168289185
1.0863579474342928,3.2269786098548203,1.0892835135009558,1.0892835135009558,-0.9322221796716847,-1.4090219736099243,1.613640546798706,1.7495537996292114,-0.5392162799835205,0.2530355751514435,-0.2421247363090515,0.09323717653751373,0.3038315773010254
1.090738423028786,6.668125441174823,-1.0364210369714901,-1.0364210369714901,-1.9779587075007758,-1.4019534587860107,1.617843508720398,1.7471917867660522,-0.5743741393089294,0.2519749402999878,-0.18309035897254944,0.09456810355186462,0.16809695959091187
1.0951188986232792,4.30947418314939,-4.147096622419406,-4.147096622419406,-0.6346958903198373,-1.3948665857315063,1.626278042793274,1.7446757555007935,-0.6022425889968872,0.2511729300022125,-0.15559446811676025,0.0953044518828392,-0.1235223114490509
1.099499374217772,2.9876933353791784,0.6775897988588481,0.6775897988588481,-0.1553153759392999,-1.3877427577972412,1.6329675912857056,1.7420376539230347,-0.6221060156822205,0.25049135088920593,-0.25816771388053894,0.0947633683681488,-0.17246350646018982
1.1038798498122653,8.144355947320808,-1.0308798995756974,-1.0308798995756974,-0.9591707857672055,-1.3805896043777466,1.6381628513336182,1.7393125295639038,-0.6431540846824646,0.24936045706272125,-0.23384423553943634,0.09400789439678192,-0.14468124508857727
1.1082603254067585,7.505604608119587,-2.438987022552004,-2.438987022552004,-1.2888570768146397,-1.3734136819839478,1.6511878967285156,1.7364952564239502,-0.6374474167823792,0.24833610653877258,-0.23593837022781372,0.09337411820888519,-0.1850699782371521
1.1126408010012514,8.205240237661226,-3.2280333589320866,-3.2280333589320866,-1.420561233320969,-1.366180658340454,1.6623643636703491,1.7337028980255127,-0.6439388990402222,0.2473025768995285,-0.26952582597732544,0.09256342053413391,-0.31004685163497925
1.1170212765957446,6.980909731549505,-0.9884256130271958,-0.9884256130271958,1.006878498101886,-1.3588987588882446,1.6745409965515137,1.730882167816162,-0.6472583413124084,0.24612192809581757,-0.3223097324371338,0.09120526909828186,-0.4491739273071289
1.1214017521902375,6.5832182975035884,-1.20722024977308,-1.20722024977308,0.3623635132095647,-1.3515634536743164,1.689113974571228,1.7280468940734863,-0.6105560660362244,0.2447100579738617,-0.3805789351463318,0.08923767507076263,-0.08733969926834106
1.125782227784731,3.878872981566226,-0.08181338477946665,-0.08181338477946665,-0.09521003228292074,-1.3441643714904785,1.701566457748413,1.725372314453125,-0.5905411243438721,0.2430429458618164,-0.42641574144363403,0.0888550877571106,0.126603364944458
1.130162703379224,5.118169946794101,0.27623240358810164,0.27623240358810164,0.08145952167951076,-1.3367106914520264,1.70829176902771,1.722785472869873,-0.6027908325195312,0.24117504060268402,-0.42602452635765076,0.08940967172384262,0.18576130270957947
1.134543178973717,7.177836311957023,-0.47382033283723346,-0.47382033283723346,-0.09088334320526892,-1.3292275667190552,1.7174991369247437,1.7201449871063232,-0.6009123921394348,0.23930884897708893,-0.4203365445137024,0.09022339433431625,0.30874621868133545
1.1389236545682102,6.275377571992065,-0.8563539396363403,-0.8563539396363403,-0.2508018910846923,-1.3217041492462158,1.7299739122390747,1.7175127267837524,-0.5852140188217163,0.23746757209300995,-0.4315195083618164,0.09157584607601166,0.43682223558425903
1.1433041301627034,5.160010942891762,-1.2275581154408437,-1.2275581154408437,-0.16630225690541456,-1.3141260147094727,1.740539312362671,1.7149492502212524,-0.5804259777069092,0.2355773150920868,-0.4492035508155823,0.09348933398723602,0.5117175579071045
1.1476846057571963,3.5616188551096735,-0.7098547619974489,-0.7098547619974489,0.03602880974971323,-1.3065016269683838,1.7492971420288086,1.7124067544937134,-0.5832837224006653,0.23360958695411682,-0.4801955819129944,0.09573090076446533,0.5820131301879883
1.1520650813516895,7.153990867540062,-0.21929480062277817,-0.21929480062277817,-1.0138701651889954,-1.2988388538360596,1.7556737661361694,1.7098517417907715,-0.5954346656799316,0.2315061092376709,-0.5019777417182922,0.0982803925871849,0.6632667183876038
1.156445556946183,6.187850928027966,0.5930335510922917,0.5930335510922917,-1.1126445162094727,-1.2911481857299805,1.7661055326461792,1.7072434425354004,-0.5989654660224915,0.22930720448493958,-0.4787736237049103,0.10118581354618073,0.5911259651184082
1.1608260325406758,4.724817594856047,-1.4397026238873107,-1.4397026238873107,-0.8505622311600689,-1.2834118604660034,1.774515151977539,1.7046196460723877,-0.6126731634140015,0.22720995545387268,-0.4289624094963074,0.10377522557973862,0.4777259826660156
1.165206508135169,7.929103095838507,-1.0668658149974246,-1.0668658149974246,-0.09787554632174461,-1.2756385803222656,1.7808330059051514,1.701935887336731,-0.6332964897155762,0.2253308892250061,-0.4461671710014343,0.1058678925037384,0.3909817039966583
1.169586983729662,7.758209432929452,-0.15386283305929727,-0.15386283305929727,-0.8732676390033925,-1.267837643623352,1.79413902759552,1.6991617679595947,-0.6111963987350464,0.22337646782398224,-0.4744647443294525,0.10758057981729507,0.5336636304855347
1.1739674593241551,8.438535316272457,-0.2322817088203265,-0.2322817088203265,-0.1980214938449147,-1.2599784135818481,1.8054020404815674,1.6964844465255737,-0.6065713167190552,0.22129808366298676,-0.4534558355808258,0.10991828143596649,0.5048156976699829
1.1783479349186483,3.4236692428522564,0.8523812511530144,0.8523812511530144,-0.675232616602892,-1.2520699501037598,1.819226622581482,1.6938273906707764,-0.5821777582168579,0.21931172907352448,-0.4544563293457031,0.11212961375713348,0.6364845037460327
1.1827284105131413,7.59311652268333,-1.4519651705018335,-1.4519651705018335,-0.5202170476790884,-1.2441009283065796,1.8235433101654053,1.6912771463394165,-0.6101281642913818,0.2173209935426712,-0.40984517335891724,0.11491771787405014,0.5609943270683289
1.1871088861076344,3.139473642785937,-3.1805202376134734,-3.1805202376134734,-0.6086420347441097,-1.2361129522323608,1.8350640535354614,1.688604474067688,-0.5995101928710938,0.21552567183971405,-0.43705517053604126,0.11737514287233353,0.6054869294166565
1.1914893617021276,5.097977397555255,-0.20994481877318516,-0.20994481877318516,-0.9817289473331987,-1.228074550628662,1.8389347791671753,1.6859782934188843,-0.6284633874893188,0.2136111557483673,-0.5121621489524841,0.12002746015787125,0.538608193397522
1.1958698372966208,7.527034240378758,0.35278594327800594,0.35278594327800594,0.03789026723435218,-1.2200191020965576,1.8450186252593994,1.6832252740859985,-0.6484981775283813,0.2113676369190216,-0.4896236062049866,0.12238682061433792,0.4314860701560974
1.200250312891114,7.718004845210419,-2.563895295659657,-2.563895295659657,-0.2380649825079323,-1.2119370698928833,1.857535719871521,1.6803845167160034,-0.6268236637115479,0.20922285318374634,-0.48042765259742737,0.12427693605422974,0.5957813262939453
1.204630788485607,7.750522476545949,0.2572379317086767,0.2572379317086767,-0.2896921793817356,-1.2038002014160156,1.86964750289917,1.6776387691497803,-0.609213650226593,0.20711834728717804,-0.5483492612838745,0.1268867403268814,0.7042794227600098
1.2090112640801,4.2536421751303575,-1.966283511969503,-1.966283511969503,-0.885303327570186,-1.1956102848052979,1.8816566467285156,1.6749701499938965,-0.5923766493797302,0.20471630990505219,-0.5323771834373474,0.12997181713581085,0.8023245334625244
1.2133917396745932,6.959762781827934,-1.3075426213681882,-1.3075426213681882,-0.736805849469995,-1.1873676776885986,1.8863924741744995,1.672375202178955,-0.6175229549407959,0.20238424837589264,-0.5639452338218689,0.13348637521266937,0.6987420320510864
1.2177722152690862,4.659529637696646,-0.8866056193658072,-0.8866056193658072,0.12327855753699435,-1.1791043281555176,1.8957154750823975,1.6696701049804688,-0.6165781021118164,0.1999139040708542,-0.5806125402450562,0.13654719293117523,0.6835876703262329
1.2221526908635794,6.496559765731894,0.9683377476447284,0.9683377476447284,-0.8637000911716468,-1.1708002090454102,1.903685450553894,1.6669691801071167,-0.6174209117889404,0.19737054407596588,-0.6101043820381165,0.1395416259765625,0.8071187138557434
1.2265331664580723,6.812376926414769,-2.733211538302679,-2.733211538302679,-0.9717301556176114,-1.1624611616134644,1.9117405414581299,1.6642645597457886,-0.6229854226112366,0.19469799101352692,-0.5566030740737915,0.14307719469070435,0.7549343109130859
1.2309136420525657,8.969507779412137,-0.18196177993122675,-0.18196177993122675,-0.8544788942338059,-1.1540868282318115,1.9198073148727417,1.661535620689392,-0.6280556917190552,0.1922598034143448,-0.608043909072876,0.14638416469097137,0.6859463453292847
1.2352941176470589,6.683282643662698,-0.5603234233486535,-0.5603234233486535,0.07966871081200999,-1.1456772089004517,1.9314314126968384,1.6587843894958496,-0.612318754196167,0.1895962804555893,-0.5884042978286743,0.14938893914222717,0.6872736811637878
1.2396745932415518,7.077892619367903,-2.1334991002079873,-2.1334991002079873,0.2993900326545764,-1.137216567993164,1.9422472715377808,1.656102180480957,-0.5967812538146973,0.18701879680156708,-0.6070941090583801,0.15239952504634857,0.8435662388801575
1.244055068836045,5.1149341203631415,1.1252273548960239,1.1252273548960239,0.17260090704379527,-1.1287086009979248,1.9543976783752441,1.653488039970398,-0.5733602643013,0.18435943126678467,-0.6781421899795532,0.1560947448015213,1.055722951889038
1.2484355444305382,1.540132101472767,-0.6112398397117493,-0.6112398397117493,-0.09973295778674002,-1.120147466659546,1.9632511138916016,1.6509764194488525,-0.5692821741104126,0.18138884007930756,-0.6503224968910217,0.16071932017803192,1.1995776891708374
1.2528160200250311,4.372545017023622,-0.5298385842948558,-0.5298385842948558,-1.6245057614539498,-1.1115474700927734,1.965858817100525,1.6484826803207397,-0.6012769341468811,0.17854012548923492,-0.6652601361274719,0.16597403585910797,1.2100170850753784
1.2571964956195243,6.136845448834058,-1.2669266408655264,-1.2669266408655264,-0.6750624300744493,-1.102936029434204,1.9674928188323975,1.6458487510681152,-0.6404374241828918,0.1756259649991989,-0.6332923769950867,0.17127448320388794,0.9489272832870483
1.2615769712140177,7.620315422191561,-2.8269253692435448,-2.8269253692435448,-1.316043791223489,-1.0943174362182617,1.9747005701065063,1.6430432796478271,-0.6450049877166748,0.17285184562206268,-0.6505767107009888,0.1754312366247177,0.9303663969039917
1.2659574468085106,5.529426828806476,1.1331893632154093,1.1331893632154093,-0.3932475946810031,-1.0856672525405884,1.9816619157791138,1.640217900276184,-0.6500406265258789,0.1700020134449005,-0.694699227809906,0.17950668931007385,0.8037567734718323
1.2703379224030038,8.73762252099036,-1.0960682494725695,-1.0960682494725695,-0.7926960944662369,-1.0769866704940796,1.988669514656067,1.6373704671859741,-0.653958261013031,0.16695889830589294,-0.6501224040985107,0.18302752077579498,0.8336299061775208
1.2747183979974968,6.241160728481679,-0.9394282696247612,-0.9394282696247612,0.09986825687311973,-1.0682753324508667,1.9987996816635132,1.6345058679580688,-0.6386736631393433,0.16411104798316956,-0.6589818596839905,0.18667921423912048,0.8436941504478455
1.27909887359199,8.656216610246805,-0.6415086620111843,-0.6415086620111843,-0.7554299263475224,-1.059519648551941,2.0085835456848145,1.6317081451416016,-0.6264081001281738,0.1612243950366974,-0.6893326044082642,0.19037500023841858,0.9952399730682373
1.283479349186483,8.866404219554017,-1.625574944507047,-1.625574944507047,-1.041327480653906,-1.0507210493087769,2.0185413360595703,1.6289641857147217,-0.6110339164733887,0.1582047939300537,-0.6860057711601257,0.1947346180677414,1.0116338729858398
1.287859824780976,6.49443887166167,-2.2088452224630855,-2.2088452224630855,-1.615325095008081,-1.0418788194656372,2.027496576309204,1.626287579536438,-0.5996875762939453,0.15519976615905762,-0.7030676603317261,0.19916605949401855,0.9703884124755859
1.2922403003754692,6.919532193861272,-1.4031644190204287,-1.4031644190204287,-0.9837616378157896,-1.0329973697662354,2.0304815769195557,1.623660683631897,-0.6202697157859802,0.15211999416351318,-0.720400333404541,0.2034168243408203,0.7553399801254272
1.2966207759699624,6.757301483434307,0.11518061279441771,0.11518061279441771,-0.48148342963251595,-1.0241029262542725,2.036351203918457,1.6209436655044556,-0.6242825984954834,0.1489643007516861,-0.7326482534408569,0.2067255675792694,0.6859744787216187
1.3010012515644556,8.432991895250792,1.1897083772967671,1.1897083772967671,-1.1253108589327854,-1.0151827335357666,2.0439326763153076,1.6182090044021606,-0.6194170117378235,0.14575494825839996,-0.7152237892150879,0.20973046123981476,0.7220556735992432
1.3053817271589487,6.3614919998406005,-0.6972206428396608,-0.6972206428396608,0.45451931388216127,-1.006229281425476,2.05092716217041,1.6154956817626953,-0.6133445501327515,0.1426219344139099,-0.6476178765296936,0.21289341151714325,0.6533476710319519
1.3097622027534417,5.1409235700959215,-1.3857804360289152,-1.3857804360289152,-0.4752492525096991,-0.9972452521324158,2.061802625656128,1.6128089427947998,-0.5927834510803223,0.1397850662469864,-0.6812523603439331,0.2157553881406784,0.8839757442474365
1.3141426783479349,5.957481292711517,0.02936771910051772,0.02936771910051772,-1.1096850259175561,-0.9882135987281799,2.0669684410095215,1.6102123260498047,-0.6015878319740295,0.1368008553981781,-0.7078427672386169,0.21962761878967285,0.8876833319664001
1.318523153942428,5.628142928780302,0.4869530849892423,0.4869530849892423,-1.2101732625535173,-0.9791592955589294,2.07025408744812,1.6075770854949951,-0.6163032054901123,0.1337001621723175,-0.6745787858963013,0.2235160917043686,0.7707595229148865
1.322903629536921,8.274837451685865,0.6566963928849534,0.6566963928849534,-1.1994704537410303,-0.9700906276702881,2.072392463684082,1.6048773527145386,-0.6358350515365601,0.13074518740177155,-0.6250172853469849,0.2268923819065094,0.6251513361930847
1.327284105131414,5.917300841754684,-0.8229486074467423,-0.8229486074467423,-0.6970894995999316,-0.9610125422477722,2.077822208404541,1.6020921468734741,-0.6325104236602783,0.12800730764865875,-0.5708113312721252,0.22963084280490875,0.5366401672363281
1.331664580725907,7.580686910672197,-1.025545771839694,-1.025545771839694,0.7038350152336238,-0.951910674571991,2.0823450088500977,1.5993214845657349,-0.6391090750694275,0.12550687789916992,-0.5744867920875549,0.2319815754890442,0.5080999135971069
1.3360450563204005,7.277693764701104,-1.283069041361139,-1.283069041361139,-0.2419668702103136,-0.9427890181541443,2.095602035522461,1.5965218544006348,-0.603107750415802,0.12299035489559174,-0.6249902248382568,0.23420730233192444,0.8175824880599976
1.3404255319148937,5.481376384342681,-0.6903372477821716,-0.6903372477821716,-0.1190744321540661,-0.9336093068122864,2.104006767272949,1.5938799381256104,-0.5888941287994385,0.12025260180234909,-0.6553937196731567,0.23778870701789856,0.9157114624977112
1.3448060075093866,7.1813337680263025,0.24261227535778873,0.24261227535778873,-0.6739271202615151,-0.9243927597999573,2.1107072830200195,1.5913002490997314,-0.5875528454780579,0.11738166213035583,-0.672076404094696,0.2417999655008316,1.0032293796539307
1.3491864831038798,10.412435888563966,-1.79148915463296,-1.79148915463296,-0.43106556550471914,-0.9151468276977539,2.116769552230835,1.58872652053833,-0.5829355120658875,0.11443764716386795,-0.6453105211257935,0.24619458615779877,1.005504846572876
1.353566958698373,3.770194724791528,-1.1352600103604022,-1.1352600103604022,-0.2540272083421581,-0.9058743715286255,2.1279406547546387,1.5861729383468628,-0.5458325147628784,0.11161088198423386,-0.685039222240448,0.2505991756916046,1.126964807510376
1.357947434292866,6.082468165275248,-1.3269101611967185,-1.3269101611967185,0.957066619526215,-0.8965529799461365,2.131793975830078,1.5837819576263428,-0.5618848204612732,0.10861008614301682,-0.7107740044593811,0.2555358111858368,1.1496375799179077
1.362327909887359,3.999454800659679,-1.941273930728142,-1.941273930728142,-1.2867836885269697,-0.887214720249176,2.144798755645752,1.5813206434249878,-0.5338252782821655,0.10549655556678772,-0.7774733901023865,0.26057177782058716,1.4823468923568726
1.3667083854818525,6.679454652372559,-1.801109567556899,-1.801109567556899,-0.3729980986770465,-0.8778194785118103,2.143629550933838,1.5789822340011597,-0.5688086748123169,0.10209085047245026,-0.7965865731239319,0.267065167427063,1.2856993675231934
1.3710888610763454,2.889567527643056,-0.3273333359663352,-0.3273333359663352,-1.3676616384191433,-0.8684293627738953,2.1502597332000732,1.5764906406402588,-0.5625115633010864,0.09860142320394516,-0.8382919430732727,0.2726971507072449,1.3420207500457764
1.3754693366708386,3.83121218654494,-2.037052098237935,-2.037052098237935,-1.4340926944728536,-0.8590102195739746,2.146747350692749,1.5740265846252441,-0.6084852814674377,0.09492930769920349,-0.8079110383987427,0.2785758376121521,1.1048264503479004
1.3798498122653315,8.397156561716873,0.10035048582617945,0.10035048582617945,-0.4090373991961881,-0.849606454372406,2.143519878387451,1.5713611841201782,-0.6476715803146362,0.09139027446508408,-0.8255193829536438,0.2834154963493347,0.8724049925804138
1.3842302878598247,2.1218199714169907,-0.7856854858089536,-0.7856854858089536,-1.480532204908341,-0.8402168154716492,2.1511569023132324,1.5685241222381592,-0.6274158954620361,0.08777410537004471,-0.8106436133384705,0.2872370481491089,0.955349862575531
1.388610763454318,6.542438944958209,0.07824956800593719,0.07824956800593719,-0.06281101556942309,-0.8307937383651733,2.145209550857544,1.565775752067566,-0.6819975972175598,0.08422309905290604,-0.7903518676757812,0.29142194986343384,0.6777408123016357
1.3929912390488108,5.682958182444616,1.4473004098645537,1.4473004098645537,0.12972729944595174,-0.8213967084884644,2.1523611545562744,1.5627882480621338,-0.6706151366233826,0.08076098561286926,-0.7862324714660645,0.2943907678127289,0.7974177598953247
1.397371714643304,4.958268853734434,0.5864382136078282,0.5864382136078282,0.2551349001615646,-0.8119683265686035,2.159675121307373,1.5598506927490234,-0.6627435088157654,0.07731691002845764,-0.7477551698684692,0.2978838384151459,0.9411581754684448
1.4017521902377972,6.562841262071966,0.1821448471492615,0.1821448471492615,-0.7291208588134528,-0.8025079369544983,2.1669793128967285,1.5569475889205933,-0.6585895419120789,0.07404138892889023,-0.7380800843238831,0.3020065724849701,1.0971825122833252
1.4061326658322904,6.082634532874011,-0.9317165497371311,-0.9317165497371311,0.12634241344175323,-0.7930155396461487,2.1699821949005127,1.5540626049041748,-0.6604291200637817,0.07080824673175812,-0.7114682197570801,0.30681276321411133,1.0722393989562988
1.4105131414267835,5.31026634583859,1.0323004790394523,1.0323004790394523,0.5695971001863263,-0.7835099697113037,2.1776742935180664,1.5511696338653564,-0.6493746042251587,0.06769167631864548,-0.7423669099807739,0.3115096688270569,1.2227460145950317
1.4148936170212765,3.594639024027076,0.3722999224030448,0.3722999224030448,-0.6876514530823036,-0.7739707231521606,2.1874570846557617,1.5483250617980957,-0.6361730694770813,0.06443975865840912,-0.7288544774055481,0.3168658912181854,1.4534893035888672
1.4192740926157696,7.359097635318065,-1.7719494538898852,-1.7719494538898852,-0.16368108422855954,-0.7643886208534241,2.1875507831573486,1.545538306236267,-0.6625314354896545,0.06124702841043472,-0.6979005336761475,0.32323285937309265,1.3769041299819946
1.4236545682102628,6.828230287906277,-0.9323577727267409,-0.9323577727267409,-0.521259113944091,-0.7548061013221741,2.1947381496429443,1.5426361560821533,-0.646611750125885,0.058189891278743744,-0.7448670864105225,0.3292643427848816,1.4894046783447266
1.4280350438047558,6.581136711251788,0.5536189646317269,0.5536189646317269,-1.1296424539598138,-0.7451921105384827,2.199009656906128,1.5398037433624268,-0.6423261165618896,0.05492701753973961,-0.7568724751472473,0.33578863739967346,1.5133846998214722
1.432415519399249,10.006586156034558,-0.007247432724905689,-0.007247432724905689,-0.10842804383545929,-0.7355594038963318,2.1987416744232178,1.5369900465011597,-0.6521361470222473,0.051611557602882385,-0.7077159285545349,0.34241798520088196,1.4001754522323608
1.436795994993742,7.710444780887411,-2.7379857286092926,-2.7379857286092926,-0.6172808998513393,-0.7259278893470764,2.2086336612701416,1.5341334342956543,-0.6129279136657715,0.04851142689585686,-0.7047611474990845,0.3485514223575592,1.5762500762939453
1.4411764705882353,8.279194659058083,0.17395399960327657,0.17395399960327657,-1.3147318983146763,-0.7162530422210693,2.2127466201782227,1.531448483467102,-0.6032222509384155,0.045424237847328186,-0.7666924595832825,0.35545614361763,1.5958033800125122
1.4455569461827285,7.626204324314498,-2.102205231273129,-2.102205231273129,-0.37003279064511874,-0.7065601348876953,2.2122151851654053,1.5288060903549194,-0.6023873686790466,0.04206576198339462,-0.7232180833816528,0.36244651675224304,1.474977970123291
1.4499374217772214,5.4606520844368704,-0.7623291719406682,-0.7623291719406682,-0.01175294673951377,-0.6968695521354675,2.21760630607605,1.526167392730713,-0.5886296629905701,0.03889772295951843,-0.7738029956817627,0.368907630443573,1.5454614162445068
1.4543178973717146,5.303493541154761,-0.8204214835245045,-0.8204214835245045,-0.29026058673368244,-0.6871553659439087,2.2235939502716064,1.5235888957977295,-0.5862323045730591,0.03550809621810913,-0.7957221865653992,0.3756774961948395,1.6504627466201782
1.4586983729662075,11.526836836376388,-1.7397906204444977,-1.7397906204444977,0.6571792833330247,-0.6774149537086487,2.2273643016815186,1.5210208892822266,-0.5906622409820557,0.03202245384454727,-0.8112045526504517,0.38290730118751526,1.6916332244873047
1.4630788485607007,7.032455788129277,-1.8082920768144424,-1.8082920768144424,-0.869891988826434,-0.6676580309867859,2.2441365718841553,1.5184334516525269,-0.5246187448501587,0.028468992561101913,-0.8812036514282227,0.39031746983528137,2.0594284534454346
1.467459324155194,7.0555582814691515,1.871877190112441,1.871877190112441,-0.3496127650634515,-0.657827615737915,2.2452328205108643,1.516135334968567,-0.526057779788971,0.024608900770545006,-0.9086079001426697,0.3993387520313263,2.0078039169311523
1.471839799749687,7.9396156028604,-0.051978736747239684,-0.051978736747239684,-1.0672430909513975,-0.6479924321174622,2.2502260208129883,1.5138309001922607,-0.5173428058624268,0.02062876522541046,-0.8437333703041077,0.4081338942050934,2.0687191486358643
1.4762202753441802,3.7607034018669014,-0.12699555302908028,-0.12699555302908028,-0.7589102818916568,-0.6381353735923767,2.2499845027923584,1.5115647315979004,-0.5150870680809021,0.016932811588048935,-0.8140844106674194,0.4171958565711975,1.9904295206069946
1.4806007509386734,7.92629336796713,-0.49676081856405463,-0.49676081856405463,-0.5596442752253958,-0.6282793879508972,2.2483365535736084,1.5093084573745728,-0.5418154001235962,0.013366734609007835,-0.7956305146217346,0.4259148836135864,1.8980393409729004
1.4849812265331663,7.044306695002474,0.6161024343861183,0.6161024343861183,-0.38056963318198284,-0.6184306144714355,2.2516074180603027,1.5069350004196167,-0.5300390720367432,0.00988149456679821,-0.7937940955162048,0.43422919511795044,1.9279061555862427
1.4893617021276595,8.755640001745892,0.3015667238177719,0.3015667238177719,-0.4837891678890571,-0.608567476272583,2.255556583404541,1.5046131610870361,-0.522318422794342,0.006404298823326826,-0.7646881341934204,0.44267433881759644,1.9790631532669067
1.493742177722153,7.8154525042002145,-1.40882823574827,-1.40882823574827,-1.5102379626213005,-0.5986870527267456,2.259901762008667,1.502325177192688,-0.5024720430374146,0.0030546009074896574,-0.7417532801628113,0.4513435661792755,2.0394084453582764
1.4981226533166456,10.045941408540731,1.472790498535622,1.472790498535622,-0.8996692329492885,-0.5887876152992249,2.2540645599365234,1.5001240968704224,-0.5097978711128235,-0.0001946312841027975,-0.738791823387146,0.46027714014053345,1.85869300365448
1.5025031289111388,5.7476234736619,0.1800693383855027,0.1800693383855027,-0.8861393031611824,-0.5789137482643127,2.2550275325775146,1.4978909492492676,-0.4871954619884491,-0.0034308908507227898,-0.6695084571838379,0.4684191048145294,1.8510478734970093
1.506883604505632,6.170873611312121,-1.2195856051274894,-1.2195856051274894,-1.3543752486125666,-0.5690356492996216,2.2524755001068115,1.49575674533844,-0.49988222122192383,-0.006363656371831894,-0.6383717656135559,0.4765275716781616,1.7655589580535889
1.5112640801001251,6.8862685842540925,-0.15623125852770275,-0.15623125852770275,-0.1184967621170146,-0.5591687560081482,2.2454588413238525,1.4935669898986816,-0.517720103263855,-0.009160028770565987,-0.6344354748725891,0.48426157236099243,1.585776448249817
1.5156445556946183,6.0891489209478955,-0.7635750513615536,-0.7635750513615536,-0.6728669784128702,-0.5493325591087341,2.2504727840423584,1.4912991523742676,-0.5067937970161438,-0.011939157731831074,-0.6355374455451965,0.491208016872406,1.686354160308838
1.5200250312891113,8.401915647893619,-0.7152215073286139,-0.7152215073286139,0.3597014332540457,-0.5394744277000427,2.2494678497314453,1.4890791177749634,-0.5127426981925964,-0.014723114669322968,-0.6381863951683044,0.49859505891799927,1.651566982269287
1.5244055068836044,8.192986534481097,-0.8367706848712908,-0.8367706848712908,-0.27566885959134113,-0.5296207070350647,2.2602317333221436,1.486833095550537,-0.48090603947639465,-0.017518674954771996,-0.6695775389671326,0.5058296918869019,1.8819056749343872
1.5287859824780976,7.091865994723157,-0.2207468490904133,-0.2207468490904133,-0.3944869066451079,-0.5197198390960693,2.264674425125122,1.4847265481948853,-0.46267348527908325,-0.02045174315571785,-0.68596351146698,0.5140733122825623,1.9698907136917114
1.5331664580725906,5.485734610426246,-2.659514847363999,-2.659514847363999,-0.945624035549057,-0.5097994804382324,2.267092704772949,1.4826998710632324,-0.45577186346054077,-0.023456590250134468,-0.6808897256851196,0.5227023959159851,2.0114336013793945
1.5375469336670835,10.275860329763105,1.2621653826059505,1.2621653826059505,-0.6545838356235774,-0.4998685419559479,2.2625625133514404,1.480703353881836,-0.4720202088356018,-0.026439210399985313,-0.7309407591819763,0.5315134525299072,1.9040602445602417
1.541927409261577,3.829937955651761,-0.46325044728735243,-0.46325044728735243,-0.5856554630721913,-0.48995745182037354,2.2639968395233154,1.4786356687545776,-0.44410157203674316,-0.029641078785061836,-0.6749656200408936,0.5398541688919067,1.9436635971069336
1.54630788485607,5.8208281411301455,-0.678777932917299,-0.678777932917299,-0.5823078051600422,-0.4800400733947754,2.261652708053589,1.4766902923583984,-0.46733152866363525,-0.032597750425338745,-0.6713910102844238,0.5483683347702026,1.883872151374817
1.5506883604505632,6.137340249534015,-0.7911980992291261,-0.7911980992291261,-1.0377375438406955,-0.4701329469680786,2.2604165077209473,1.4746431112289429,-0.47439447045326233,-0.03553876280784607,-0.6742082238197327,0.5566205978393555,1.8589560985565186
1.5550688360450562,6.047993867888246,2.0742437573963652,2.0742437573963652,-0.7742899938782242,-0.4602312445640564,2.254164934158325,1.4725650548934937,-0.487000435590744,-0.0384921170771122,-0.6670085191726685,0.5647637248039246,1.740041971206665
1.5594493116395494,4.877167331597304,-1.2721698039575895,-1.2721698039575895,0.7994732380243619,-0.45035693049430847,2.250394344329834,1.4704318046569824,-0.49562549591064453,-0.04141393303871155,-0.5838223099708557,0.5723859071731567,1.6759006977081299
1.5638297872340423,8.866956921519384,-0.6720249463570664,-0.6720249463570664,-0.7210153743657743,-0.44049912691116333,2.263376474380493,1.4682607650756836,-0.48610466718673706,-0.04397135227918625,-0.6443208456039429,0.5797271728515625,1.9321892261505127
1.5682102628285357,9.595406967574196,0.5421975201072823,0.5421975201072823,-1.1736429901970258,-0.43058446049690247,2.2617571353912354,1.4661314487457275,-0.47148236632347107,-0.04679378494620323,-0.6428901553153992,0.5881910920143127,1.925750970840454
1.5725907384230289,8.4939477155146,-0.5524401410988455,-0.5524401410988455,-0.6077647241640114,-0.4206768870353699,2.2550809383392334,1.4640661478042603,-0.4589877426624298,-0.0496099479496479,-0.592782199382782,0.5966268181800842,1.8321882486343384
1.5769712140175218,4.640984692202933,-1.1019824612378801,-1.1019824612378801,-0.5051488849276025,-0.4107985496520996,2.2539546489715576,1.4620555639266968,-0.44552674889564514,-0.0522066168487072,-0.5911665558815002,0.6046527028083801,1.8416297435760498
1.581351689612015,8.639679528592575,0.3358036363014221,0.3358036363014221,-0.42514919512280736,-0.4009251594543457,2.251715660095215,1.460103988647461,-0.46106213331222534,-0.05479620769619942,-0.6085959672927856,0.6127198934555054,1.8086521625518799
1.5857321652065082,9.358862679680023,-0.10232038949593214,-0.10232038949593214,0.6470997126292243,-0.39106157422065735,2.25240421295166,1.4580843448638916,-0.4435371160507202,-0.05746214836835861,-0.5863737463951111,0.6206426620483398,1.8577607870101929
1.5901126408010011,5.013542540689501,1.4535402918411315,1.4535402918411315,-1.0713860473575336,-0.38119497895240784,2.266317367553711,1.456141471862793,-0.40233737230300903,-0.0600307434797287,-0.6082592010498047,0.6287805438041687,2.1497533321380615
1.5944931163954943,5.653591991009968,0.40150895121552166,0.40150895121552166,-0.5026026488587201,-0.3712674379348755,2.2573206424713135,1.4543790817260742,-0.4249168336391449,-0.0626952052116394,-0.5345233678817749,0.6381974816322327,1.9981073141098022
1.5988735919899877,6.942574362336752,-1.5478271333132743,-1.5478271333132743,-0.9046085576424274,-0.3613792955875397,2.25522518157959,1.4525177478790283,-0.432791143655777,-0.06503666937351227,-0.5081204175949097,0.6469501256942749,1.9791219234466553
1.6032540675844804,3.8234574153752736,1.705225260589308,1.705225260589308,0.6688078693282734,-0.35150033235549927,2.2485196590423584,1.4506219625473022,-0.4372771680355072,-0.06726247817277908,-0.5269044637680054,0.6556196212768555,1.8924695253372192
1.6076345431789736,11.131930593567745,0.511487584442506,0.511487584442506,-0.10958659900471907,-0.34165075421333313,2.2599871158599854,1.4487065076828003,-0.4401906132698059,-0.06957057118415833,-0.4966377913951874,0.6639095544815063,2.097125768661499
1.6120150187734668,7.700999242049013,-0.4869104351609677,-0.4869104351609677,-0.8216314246431721,-0.33175092935562134,2.265076160430908,1.4467782974243164,-0.399148166179657,-0.07174608111381531,-0.47850045561790466,0.6730959415435791,2.2455291748046875
1.61639549436796,5.922092174078436,0.7567461027502095,0.7567461027502095,0.6064036371629198,-0.32182881236076355,2.2594540119171143,1.445029854774475,-0.39683008193969727,-0.0738421380519867,-0.4687255322933197,0.682932436466217,2.185309410095215
1.620775969962453,7.211555458061089,-0.6339022491424183,-0.6339022491424183,-1.2235981515815604,-0.3119313418865204,2.2715044021606445,1.4432915449142456,-0.3852812349796295,-0.07589537650346756,-0.46433505415916443,0.6925051212310791,2.406386375427246
1.625156445556946,7.548267438808313,-0.2737135219934173,-0.2737135219934173,-0.6495501128081358,-0.3019810616970062,2.2600951194763184,1.4416037797927856,-0.3935639262199402,-0.07792938500642776,-0.4471140503883362,0.7030462622642517,2.2491207122802734
1.6295369211514392,8.476045460527097,0.6748041944924776,0.6748041944924776,0.16912031753730677,-0.29208076000213623,2.2559945583343506,1.4398797750473022,-0.38995248079299927,-0.07988795638084412,-0.43613842129707336,0.7128984928131104,2.2199385166168213
1.6339173967459324,6.925544006572395,-0.2634908975196687,-0.2634908975196687,0.26403049459519917,-0.282198429107666,2.2631428241729736,1.438171625137329,-0.36637166142463684,-0.08179844915866852,-0.42137083411216736,0.7226228713989258,2.380445957183838
1.6382978723404251,5.660724391380741,-1.6007977776598448,-1.6007977776598448,0.47071454934449686,-0.27228477597236633,2.271151065826416,1.436566710472107,-0.3536430895328522,-0.08364425599575043,-0.43677613139152527,0.7330503463745117,2.537667989730835
1.6426783479349183,5.93395940940768,0.7547919831057348,0.7547919831057348,0.3886233341572489,-0.26233604550361633,2.281759023666382,1.4350175857543945,-0.3478340208530426,-0.08555754274129868,-0.4972708523273468,0.7441665530204773,2.720378875732422
1.6470588235294117,6.947324333413532,-0.24767552611784477,-0.24767552611784477,-1.1935624855602205,-0.2523408532142639,2.2915799617767334,1.4334938526153564,-0.34171155095100403,-0.08773582428693771,-0.486577570438385,0.7560831308364868,2.8880105018615723
1.6514392991239049,6.341996735653195,-0.5550891219460117,-0.5550891219460117,-0.8083032128222221,-0.24230264127254486,2.279366970062256,1.4319969415664673,-0.3523801565170288,-0.08986726403236389,-0.45895466208457947,0.7687339782714844,2.725430488586426
1.655819774718398,6.554030560180194,-0.20876862752989556,-0.20876862752989556,-0.488290525001754,-0.23231792449951172,2.2718865871429443,1.4304533004760742,-0.36161425709724426,-0.09187770634889603,-0.45156002044677734,0.7806726694107056,2.636512279510498
1.660200250312891,6.891536687954525,2.00816443207044,2.00816443207044,-0.9661375613815868,-0.22236597537994385,2.2687363624572754,1.4288692474365234,-0.36443355679512024,-0.09385575354099274,-0.4433971047401428,0.7922218441963196,2.6183924674987793
1.6645807259073842,7.306771877603388,-0.8251208587252442,-0.8251208587252442,-0.22195693151664492,-0.21242782473564148,2.258347749710083,1.4272727966308594,-0.37178733944892883,-0.09579804539680481,-0.3565380573272705,0.8036916255950928,2.499721050262451
1.668961201501877,10.342139125823408,0.3785953940308286,0.3785953940308286,0.051910881705881484,-0.20253518223762512,2.2587356567382812,1.4256441593170166,-0.36513206362724304,-0.09735985100269318,-0.37415236234664917,0.8146415948867798,2.546229839324951
1.6733416770963705,5.5792197153457925,1.1490485464046922,1.1490485464046922,-0.20040533834611726,-0.19264084100723267,2.2639105319976807,1.4240447282791138,-0.33213701844215393,-0.09899881482124329,-0.3646121323108673,0.8257952928543091,2.689286231994629
1.6777221526908634,6.688882739575037,0.21975272029280862,0.21975272029280862,-0.7137696424652906,-0.18272383511066437,2.2641725540161133,1.4225897789001465,-0.33866116404533386,-0.10059598833322525,-0.3252038061618805,0.8375756740570068,2.715771436691284
1.6821026282853566,7.139202329481678,0.9249489990339342,0.9249489990339342,-1.667975111044608,-0.17280568182468414,2.2566123008728027,1.4211063385009766,-0.3442872166633606,-0.10202053934335709,-0.29794198274612427,0.8494720458984375,2.6433966159820557
1.6864831038798498,6.798189968849857,1.0033373856411032,1.0033373856411032,-0.5662212465889097,-0.16292065382003784,2.2338600158691406,1.4195982217788696,-0.35964637994766235,-0.10332566499710083,-0.22222039103507996,0.8610513806343079,2.368135690689087
1.690863579474343,7.593306014011953,-1.4792667341725294,-1.4792667341725294,0.18441722571862051,-0.153135284781456,2.2276647090911865,1.4180227518081665,-0.362025648355484,-0.10429909825325012,-0.17638429999351501,0.8714249134063721,2.326068162918091
1.695244055068836,7.615562956701295,0.016135017070506658,0.016135017070506658,-0.043354637519485595,-0.14337705075740814,2.23331880569458,1.4164369106292725,-0.3485136330127716,-0.10507174581289291,-0.22496914863586426,0.8816142082214355,2.4546566009521484
1.699624530663329,8.584588437635626,-0.3988865662272879,-0.3988865662272879,-1.5265795774255637,-0.13359405100345612,2.235398054122925,1.4149101972579956,-0.3382572829723358,-0.10605721920728683,-0.22323186695575714,0.8923667669296265,2.5326905250549316
1.7040050062578225,8.45248233760128,0.9698128009555891,0.9698128009555891,0.5300665342796124,-0.12380194664001465,2.2135369777679443,1.4134284257888794,-0.3406124711036682,-0.1070350781083107,-0.19029965996742249,0.9034611582756042,2.298602342605591
1.7083854818523152,7.526403431605839,-1.7053179463864354,-1.7053179463864354,-0.41077979497852773,-0.11410560458898544,2.2246246337890625,1.4119364023208618,-0.3169940114021301,-0.10786867886781693,-0.17745767533779144,0.9135301113128662,2.507011890411377
1.7127659574468084,6.742864246230322,0.14169523736391668,0.14169523736391668,-0.01954120381604063,-0.10436069220304489,2.22029709815979,1.4105478525161743,-0.3126695156097412,-0.10864602774381638,-0.2152622938156128,0.9245120286941528,2.4997940063476562
1.7171464330413015,6.876891464167146,0.1780024039892727,0.1780024039892727,-1.770455009932669,-0.09463473409414291,2.222200632095337,1.4091782569885254,-0.3092033863067627,-0.10958898067474365,-0.21055367588996887,0.9354622960090637,2.567446708679199
1.7215269086357947,8.652345082447798,-0.8478975132275409,-0.8478975132275409,-0.12806069292980418,-0.08490043878555298,2.1947274208068848,1.4078238010406494,-0.3266795873641968,-0.11051130294799805,-0.15365254878997803,0.9467089176177979,2.2555487155914307
1.725907384230288,5.706089991993453,0.8349421913032009,0.8349421913032009,0.2104958133495255,-0.07528649270534515,2.19435977935791,1.4063928127288818,-0.3107304275035858,-0.11118437349796295,-0.17467406392097473,0.9565892815589905,2.316288471221924
1.7302878598247808,6.908044352852805,0.7681582018677271,0.7681582018677271,-0.1588076499245342,-0.06567415595054626,2.1995222568511963,1.405031681060791,-0.312099814414978,-0.11194952577352524,-0.15643824636936188,0.9667357206344604,2.4191808700561523
1.734668335419274,5.178608261300743,-0.060225959768676715,-0.060225959768676715,-0.9929246752865397,-0.05603920295834541,2.1984336376190186,1.4036645889282227,-0.30956894159317017,-0.1126348003745079,-0.1293679028749466,0.9773328900337219,2.4527103900909424
1.7390488110137672,6.626231646931655,-0.3680694550211122,-0.3680694550211122,-1.216313802505494,-0.04640901833772659,2.1828079223632812,1.4023085832595825,-0.3292645514011383,-0.11320149153470993,-0.10213014483451843,0.98807692527771,2.2873573303222656
1.74342928660826,9.984855613264369,0.6010679586954677,0.6010679586954677,1.0167228614985695,-0.03684728220105171,2.1628987789154053,1.4008662700653076,-0.340880423784256,-0.11364886909723282,-0.07735872268676758,0.9980966448783875,2.0861361026763916
1.7478097622027533,7.685699522130459,-1.3185098180698909,-1.3185098180698909,-0.2061414367603644,-0.027372756972908974,2.181577444076538,1.3993730545043945,-0.3030844032764435,-0.11398773640394211,-0.0894971638917923,1.0072349309921265,2.398618698120117
1.7521902377972465,5.99228080831589,-0.6532181043824126,-0.6532181043824126,-1.4323037352940169,-0.017816409468650818,2.1790690422058105,1.3980454206466675,-0.2959943115711212,-0.11437977850437164,-0.12198184430599213,1.0177420377731323,2.4234728813171387
1.7565707133917396,5.330013934954537,0.44982129677313476,0.44982129677313476,0.36118633530441824,-0.00827105063945055,2.154771327972412,1.3967487812042236,-0.3144280016422272,-0.11491411924362183,-0.0992300733923912,1.028357982635498,2.166006565093994
1.7609511889862328,5.72868944422994,1.1499055298286338,1.1499055298286338,0.8992531540905075,0.0011678729206323624,2.1619462966918945,1.395371437072754,-0.31767889857292175,-0.11534879356622696,-0.0966416522860527,1.0378460884094238,2.290301561355591
1.7653316645807258,3.4660013349256467,1.9249466406150704,1.9249466406150704,0.25952513410372274,0.010638225823640823,2.178804636001587,1.3939799070358276,-0.31279608607292175,-0.11577212810516357,-0.0893218070268631,1.0478787422180176,2.5335850715637207
1.769712140175219,6.419067719720306,2.9193882149373764,2.9193882149373764,0.029709509810788015,0.020182427018880844,2.184546709060669,1.392609715461731,-0.3311198949813843,-0.11616340279579163,-0.040686216205358505,1.0589770078659058,2.618411064147949
1.774092615769712,8.090304056346367,0.04039129018766191,0.04039129018766191,0.06690518076624219,0.02975178137421608,2.185858964920044,1.3911592960357666,-0.3314361572265625,-0.11634162813425064,0.04370156303048134,1.0704468488693237,2.6763558387756348
1.778473091364205,7.192848270876401,1.338992521676363,1.338992521676363,-0.579273431413694,0.03932688385248184,2.1875927448272705,1.3897074460983276,-0.31998202204704285,-0.11615019291639328,0.042927272617816925,1.0821706056594849,2.753957748413086
1.7828535669586982,7.051905281466307,-1.1025216220571992,-1.1025216220571992,-0.38942544620848096,0.04890958219766617,2.1775145530700684,1.3883057832717896,-0.3214140236377716,-0.11596214771270752,0.0989467203617096,1.0942342281341553,2.6828954219818115
1.7872340425531914,8.096071838756204,-0.8885198397116534,-0.8885198397116534,-1.495448634777916,0.05844813212752342,2.1706888675689697,1.3868978023529053,-0.3218831717967987,-0.11552871763706207,0.07812204957008362,1.1059865951538086,2.65028715133667
1.7916145181476846,7.315906838267759,-0.3984884403163731,-0.3984884403163731,-0.13635295735946973,0.06795678287744522,2.142922878265381,1.3854877948760986,-0.32543113827705383,-0.11518650501966476,0.09584629535675049,1.11759614944458,2.383828639984131
1.7959949937421775,8.463049624851744,-0.29456328931288234,-0.29456328931288234,-0.6484208605376286,0.07734380662441254,2.140181303024292,1.3840622901916504,-0.32129085063934326,-0.11476664990186691,0.08819110691547394,1.1280384063720703,2.4047811031341553
1.8003754693366707,6.714405206258679,0.47785394081986654,0.47785394081986654,0.2232728017605059,0.08671882003545761,2.127500295639038,1.3826549053192139,-0.3139396607875824,-0.11438032984733582,0.09852486848831177,1.1385724544525146,2.320993185043335
1.804755944931164,9.287647608621917,-2.2905009554206543,-2.2905009554206543,0.47097484106704157,0.09603828191757202,2.1313788890838623,1.381279706954956,-0.3108580410480499,-0.1139487475156784,0.1059594452381134,1.1487394571304321,2.4130730628967285
1.809136420525657,11.818496387916444,-0.48399423587486246,-0.48399423587486246,-0.36972541664308145,0.10537473857402802,2.139434576034546,1.3799179792404175,-0.2883125841617584,-0.11348459124565125,0.025315597653388977,1.1593098640441895,2.573793649673462
1.81351689612015,6.911910177167475,0.03831868388721571,0.03831868388721571,-0.4178510415560598,0.11474648118019104,2.1309444904327393,1.3786550760269165,-0.2559702396392822,-0.11337369680404663,0.02197858691215515,1.1705843210220337,2.56589674949646
1.8178973717146432,7.936096039467112,-1.3167233782296721,-1.3167233782296721,0.4981004803943022,0.12408103048801422,2.1224076747894287,1.3775337934494019,-0.2576407194137573,-0.11327742040157318,0.03530018776655197,1.1818242073059082,2.516038417816162
1.8222778473091363,8.461212721354565,-0.482622387370219,-0.482622387370219,0.057871649669776426,0.13337817788124084,2.131037950515747,1.3764052391052246,-0.2450128197669983,-0.11312279105186462,-0.017698422074317932,1.1928457021713257,2.6689772605895996
1.8266583229036293,6.396940659131653,1.969430381254461,1.969430381254461,-1.2774270032734618,0.14271314442157745,2.13102126121521,1.375331997871399,-0.2327236533164978,-0.11320032179355621,-0.03348255902528763,1.204537034034729,2.7276272773742676
1.831038798498123,6.073295133934025,-1.8193469261247792,-1.8193469261247792,-0.6497825925856029,0.1520480364561081,2.1054916381835938,1.3743125200271606,-0.2446824312210083,-0.11334699392318726,0.0613359734416008,1.2164853811264038,2.484086513519287
1.835419274092616,5.162268215534579,0.8701955533005834,0.8701955533005834,-0.2606837607911008,0.1612710952758789,2.0918500423431396,1.3732407093048096,-0.2536056935787201,-0.11307831108570099,0.0271809883415699,1.2273668050765991,2.3734185695648193
1.8397997496871088,7.579749622251016,-1.6834201220502598,-1.6834201220502598,-0.15479251685282502,0.1704344004392624,2.085879325866699,1.3721297979354858,-0.26569658517837524,-0.11295924335718155,0.060206249356269836,1.237763524055481,2.3414528369903564
1.844180225281602,7.575590288917561,-0.6590065470480088,-0.6590065470480088,-0.27472821739691466,0.17957153916358948,2.081027030944824,1.3709659576416016,-0.260682076215744,-0.11269550770521164,0.015565477311611176,1.2480201721191406,2.3423492908477783
1.848560700876095,8.638752837823493,0.9230530045143113,0.9230530045143113,0.4219682750654601,0.18868742883205414,2.0736594200134277,1.3698240518569946,-0.25654318928718567,-0.11262731999158859,0.004343332722783089,1.2582807540893555,2.3156909942626953
1.852941176470588,8.98809234608424,0.05250121770438673,0.05250121770438673,-0.10263308521969336,0.19777104258537292,2.079512596130371,1.3687002658843994,-0.24076105654239655,-0.11260829120874405,0.018976595252752304,1.2684246301651,2.4428634643554688
1.8573216520650813,9.831979704939183,-0.1985034926009953,-0.1985034926009953,0.055086056536136074,0.20688030123710632,2.074733018875122,1.3676456212997437,-0.22630007565021515,-0.11252516508102417,0.02350700832903385,1.2791255712509155,2.4559133052825928
1.8617021276595744,6.634355412046277,-1.4752543748903082,-1.4752543748903082,0.367057280841952,0.21596862375736237,2.0725667476654053,1.3666542768478394,-0.20532584190368652,-0.11242219060659409,0.01610139012336731,1.2898836135864258,2.504326343536377
1.866082603254068,5.766683114218739,0.23505886609942586,0.23505886609942586,-0.13521330336203624,0.22504745423793793,2.0778229236602783,1.3657548427581787,-0.2042105495929718,-0.11235165596008301,-0.037699948996305466,1.3008537292480469,2.6070480346679688
1.8704630788485608,9.3221780644762,0.8823344207291437,0.8823344207291437,0.9319070291096255,0.23414930701255798,2.073312520980835,1.3648602962493896,-0.2120589166879654,-0.11251679807901382,-0.026886828243732452,1.3122738599777222,2.5965816974639893
1.8748435544430535,7.681006308893334,-0.7907008112358915,-0.7907008112358915,-1.1143895513609512,0.243231400847435,2.0884478092193604,1.36393141746521,-0.19045287370681763,-0.11263457685709,-0.02833450585603714,1.3236480951309204,2.8268089294433594
1.879224030037547,6.746853335371359,2.5493533036947906,2.5493533036947906,-0.5427802026006913,0.25237980484962463,2.0630249977111816,1.3630971908569336,-0.1910465657711029,-0.11275869607925415,-0.018881767988204956,1.3360308408737183,2.6067090034484863
1.88360450563204,7.543808654384577,1.2945487690103987,1.2945487690103987,-1.162001537444162,0.26141682267189026,2.0492429733276367,1.362260341644287,-0.19441579282283783,-0.1128414049744606,0.07141833752393723,1.3474494218826294,2.506155490875244
1.887984981226533,5.130368287671514,2.476708893016733,2.476708893016733,-0.1396701104417105,0.2703934907913208,2.022205114364624,1.3614087104797363,-0.19505329430103302,-0.11252855509519577,0.14315739274024963,1.3584275245666504,2.2716104984283447
1.8923654568210264,7.345623494901279,-1.3164022114515266,-1.3164022114515266,-0.17097990088001405,0.27925172448158264,2.016984701156616,1.3605543375015259,-0.20660726726055145,-0.11190145462751389,0.21956396102905273,1.3683782815933228,2.2519829273223877
1.8967459324155196,6.408334031779735,-1.9276459401622756,-1.9276459401622756,-0.4456153591623838,0.28808706998825073,2.0097665786743164,1.3596493005752563,-0.20352274179458618,-0.11093965917825699,0.18611399829387665,1.378243088722229,2.2287464141845703
1.9011264080100123,7.168713434295233,-0.6242048502673655,-0.6242048502673655,-0.8206710914050552,0.2968907952308655,1.9973629713058472,1.358757734298706,-0.2077222615480423,-0.11012439429759979,0.14283400774002075,1.3880060911178589,2.1430351734161377
1.9055068836045053,6.048013614638794,0.6240816500402525,0.6240816500402525,-0.6906817809881655,0.30564019083976746,1.9766920804977417,1.357847809791565,-0.20807641744613647,-0.10949871689081192,0.1485714465379715,1.3973935842514038,1.9759893417358398
1.9098873591989989,5.019828358807574,-0.2021990523891477,-0.2021990523891477,-0.6959651307956805,0.3142990469932556,1.9591728448867798,1.3569363355636597,-0.21499262750148773,-0.10884790122509003,0.1869667023420334,1.406049370765686,1.8343242406845093
1.914267834793492,6.526655031342613,0.49979547229177346,0.49979547229177346,-0.7892240955941875,0.32288116216659546,1.9420350790023804,1.3559945821762085,-0.22842535376548767,-0.10802889615297318,0.2013862431049347,1.414084553718567,1.6893119812011719
1.9186483103879848,6.878155552206387,1.269542140756113,1.269542140756113,0.03465646289914767,0.3313882052898407,1.9219359159469604,1.3549939393997192,-0.2318526804447174,-0.1071467250585556,0.23902970552444458,1.4214845895767212,1.5248591899871826
1.923028785982478,10.16631714605021,-1.2806143620313444,-1.2806143620313444,-0.6115165328614314,0.3398072123527527,1.918471336364746,1.3539782762527466,-0.23007193207740784,-0.10609965771436691,0.2750922739505768,1.4281642436981201,1.5384069681167603
1.9274092615769711,6.48544022985413,-1.9842350232033508,-1.9842350232033508,0.4558388959583268,0.34821102023124695,1.8995788097381592,1.3529704809188843,-0.20843498408794403,-0.10489462316036224,0.2555525004863739,1.4349031448364258,1.4135905504226685
1.9317897371714643,8.512777696138048,-0.6133141783258587,-0.6133141783258587,0.28701737417019846,0.3565320670604706,1.904972791671753,1.3520574569702148,-0.20796239376068115,-0.10377518087625504,0.18429461121559143,1.4410953521728516,1.5165786743164062
1.9361702127659572,7.766823738996799,-1.4722850355878745,-1.4722850355878745,-0.08141524247843133,0.36487674713134766,1.9055900573730469,1.3511464595794678,-0.19469766318798065,-0.10296788066625595,0.1580020785331726,1.4477386474609375,1.5833841562271118
1.9405506883604504,8.708020063028316,0.4405739067622981,0.4405739067622981,-0.18435218783314772,0.373224139213562,1.8990323543548584,1.3502936363220215,-0.18745484948158264,-0.10227575898170471,0.11738426983356476,1.4546746015548706,1.5689855813980103
1.944931163954944,9.176476147429865,1.1959305434677636,1.1959305434677636,-0.05774707422630837,0.38154280185699463,1.8896609544754028,1.3494725227355957,-0.17420421540737152,-0.10176155716180801,0.13563409447669983,1.4615474939346313,1.5315371751785278
1.9493116395494368,9.530629570277263,0.32288615537659254,0.32288615537659254,-0.7243942061173317,0.3898204267024994,1.8825042247772217,1.3487094640731812,-0.15749965608119965,-0.10116741806268692,0.17224545776844025,1.4682563543319702,1.5204508304595947
1.9536921151439297,6.594149456323996,-0.6080672757460192,-0.6080672757460192,0.17220873110151153,0.3980666995048523,1.8612202405929565,1.3480195999145508,-0.1398572325706482,-0.10041289776563644,0.20282936096191406,1.474916696548462,1.3637100458145142
1.9580725907384229,7.363435428735304,-0.051756215515158605,-0.051756215515158605,0.46459694044710137,0.4062197208404541,1.8604036569595337,1.3474069833755493,-0.1395932286977768,-0.09952440857887268,0.1800428330898285,1.4808903932571411,1.4004141092300415
1.962453066332916,9.955732802759332,-1.0215567760644655,-1.0215567760644655,0.4696077023888959,0.4143691658973694,1.8650991916656494,1.3467954397201538,-0.13375407457351685,-0.0987357348203659,0.16496369242668152,1.4870249032974243,1.4996414184570312
1.9668335419274088,6.189241016033545,0.2952785902320355,0.2952785902320355,-1.5845055545166309,0.4225391745567322,1.8680905103683472,1.3462095260620117,-0.11092124134302139,-0.09801311790943146,0.12141695618629456,1.4935940504074097,1.598327875137329
1.9712140175219024,7.804526853797878,0.24903025346773294,0.24903025346773294,-0.12287276536977454,0.43072229623794556,1.8309956789016724,1.3457236289978027,-0.11652375012636185,-0.09748125076293945,0.1763126105070114,1.5005954504013062,1.2522035837173462
1.9755944931163956,8.204783580345868,1.0017847829643998,1.0017847829643998,0.5290454326871774,0.4387429356575012,1.8230087757110596,1.3452131748199463,-0.10865352302789688,-0.09670891612768173,0.18717335164546967,1.5060807466506958,1.221138834953308
1.9799749687108883,4.972337468258031,-1.7888835146303592,-1.7888835146303592,0.44435969916334356,0.44672858715057373,1.8282424211502075,1.34473717212677,-0.09720759838819504,-0.09588900953531265,0.2009788453578949,1.5114299058914185,1.3303459882736206
1.9843554443053817,7.017671818984077,-0.5767248954973319,-0.5767248954973319,0.030525279047130094,0.4547371566295624,1.8339896202087402,1.3443113565444946,-0.10744598507881165,-0.09500862658023834,0.1357610523700714,1.5172574520111084,1.4228814840316772
1.9887359198998744,10.132008811137839,0.008394402563137282,0.008394402563137282,-0.01108748148872575,0.46277090907096863,1.8296568393707275,1.3438407182693481,-0.10475842654705048,-0.09441392868757248,0.11802741885185242,1.523490309715271,1.423440933227539
1.993116395494368,5.303386181404303,3.2573164804031114,3.2573164804031114,0.93643977299051,0.4707856774330139,1.8221547603607178,1.3433818817138672,-0.08148746937513351,-0.09389691054821014,0.11859635263681412,1.5297256708145142,1.411104679107666
1.997496871088861,7.3385264323682335,-0.6804115391190989,-0.6804115391190989,-0.20359103844226922,0.4787675738334656,1.8377983570098877,1.3430249691009521,-0.08936905115842819,-0.09337740391492844,0.18637330830097198,1.5359070301055908,1.6082489490509033
2.001877346683354,8.848742387701664,0.1757534219986408,0.1757534219986408,0.578840258517811,0.48681801557540894,1.8281879425048828,1.3426334857940674,-0.08496522158384323,-0.09256099909543991,0.17244863510131836,1.5429519414901733,1.555189847946167
2.0062578222778478,9.37363369979073,-0.6862333490907873,-0.6862333490907873,0.4639704295327469,0.4948263466358185,1.8336735963821411,1.3422613143920898,-0.06999506801366806,-0.0918055921792984,0.1606772243976593,1.5497643947601318,1.6687402725219727
2.0106382978723403,8.136063122930514,1.5049660818468809,1.5049660818468809,0.2531214530932264,0.5028586983680725,1.8363093137741089,1.3419547080993652,-0.05182373896241188,-0.0911017507314682,0.12708762288093567,1.5570743083953857,1.7555065155029297
2.015018773466833,8.436822248453229,-0.9461399494536455,-0.9461399494536455,-1.2227768331767357,0.5109025835990906,1.8354111909866333,1.3417277336120605,-0.042098402976989746,-0.09054504334926605,0.1636454463005066,1.5647642612457275,1.7972772121429443
2.0193992490613266,8.046421044163983,2.338770668818167,2.338770668818167,0.9910325990842396,0.5189425349235535,1.803460717201233,1.3415433168411255,-0.030656039714813232,-0.08982820063829422,0.1717241257429123,1.5726372003555298,1.5174129009246826
2.02377972465582,8.0635659141172,0.5398833301680199,0.5398833301680199,-0.7663776451183231,0.5268425345420837,1.8178125619888306,1.3414090871810913,-0.021281415596604347,-0.089075967669487,0.2110823392868042,1.5792841911315918,1.7168855667114258
2.028160200250313,4.729906391377863,-1.033888155304024,-1.033888155304024,-0.0262677605087454,0.534805417060852,1.795501708984375,1.3413158655166626,-0.011876882053911686,-0.08815132826566696,0.249229297041893,1.586804986000061,1.5344202518463135
2.032540675844806,5.935520796384312,0.30816927587853293,0.30816927587853293,-0.634797892118967,0.5426705479621887,1.7911837100982666,1.3412638902664185,-0.024449385702610016,-0.08705958724021912,0.219803586602211,1.5935264825820923,1.5184885263442993
2.036921151439299,7.991761123055568,0.4385505719120096,0.4385505719120096,0.3345641577652929,0.5505167841911316,1.7732136249542236,1.3411568403244019,-0.0286971814930439,-0.08609674125909805,0.24734121561050415,1.6001782417297363,1.3673561811447144
2.0413016270337923,6.159384149507279,-0.49021999300453095,-0.49021999300453095,-0.34075158271041284,0.5582842826843262,1.7737371921539307,1.3410310745239258,-0.01960032433271408,-0.08501327037811279,0.25037795305252075,1.6061679124832153,1.4207029342651367
2.045682102628285,10.013780120846015,0.23874797985113716,0.23874797985113716,0.015801028927321485,0.566054105758667,1.76165771484375,1.3409452438354492,-0.02226177416741848,-0.08391649276018143,0.24601300060749054,1.6123912334442139,1.3314450979232788
2.0500625782227786,8.086559443355245,-0.7683224699684564,-0.7683224699684564,-0.4171991031733243,0.5737709999084473,1.7538633346557617,1.3408477306365967,0.0005408264696598053,-0.08283884078264236,0.2525237500667572,1.6182235479354858,1.3087729215621948
2.0544430538172715,8.144711455168926,-0.38158185456271193,-0.38158185456271193,-0.9637661892016905,0.5814537405967712,1.7386008501052856,1.3408501148223877,0.011009552516043186,-0.08173266798257828,0.242269828915596,1.623956561088562,1.1964762210845947
2.0588235294117645,11.044870896379496,-1.4445477506692226,-1.4445477506692226,1.2873663950054894,0.589069664478302,1.7119190692901611,1.3408983945846558,0.022658566012978554,-0.08067140728235245,0.25927144289016724,1.6291977167129517,0.9647756814956665
2.063204005006258,7.426768211118964,-1.6587206859754597,-1.6587206859754597,-0.20719965262854823,0.5965687036514282,1.7296701669692993,1.3409976959228516,0.051198944449424744,-0.07953567802906036,0.17949089407920837,1.633423924446106,1.2119381427764893
2.067584480600751,6.5987909736059605,0.5245041813211504,0.5245041813211504,0.09005539977727141,0.6041454672813416,1.7192981243133545,1.3412219285964966,0.057296983897686005,-0.07874942570924759,0.13710187375545502,1.6387327909469604,1.1451208591461182
2.071964956195244,10.093043985775832,0.2787481593726055,0.2787481593726055,0.4798286799653561,0.611676812171936,1.7157511711120605,1.341472864151001,0.05757143348455429,-0.07814885675907135,0.14978915452957153,1.6437489986419678,1.1445612907409668
2.076345431789737,6.002089148079334,0.26776550147828904,0.26776550147828904,-0.3508216785321275,0.6191926002502441,1.7173982858657837,1.3417251110076904,0.08052951097488403,-0.07749270647764206,0.14391696453094482,1.6487627029418945,1.2169352769851685
2.08072590738423,5.351500945906771,2.069818813596152,2.069818813596152,0.0022908762188156503,0.6267156004905701,1.7051223516464233,1.3420778512954712,0.07748699188232422,-0.07686228305101395,0.16198167204856873,1.6540935039520264,1.1215471029281616
2.085106382978723,8.201776445834051,-2.257365104526283,-2.257365104526283,0.16169374811445686,0.6341848373413086,1.7006895542144775,1.3424172401428223,0.06964628398418427,-0.0761527270078659,0.2223600447177887,1.6590063571929932,1.1042762994766235
2.0894868585732165,7.8628536761335175,0.6199205903038035,0.6199205903038035,-0.47664413149471196,0.6416346430778503,1.6971704959869385,1.3427222967147827,0.08054570108652115,-0.07517868280410767,0.15171585977077484,1.6638436317443848,1.1113848686218262
2.093867334167709,7.411804268131895,0.4991979417927108,0.4991979417927108,-0.3757170360746858,0.64906907081604,1.6806894540786743,1.343075156211853,0.09041956067085266,-0.07451409846544266,0.18373903632164001,1.6687120199203491,0.9806640148162842
2.098247809762203,7.626318000956493,0.06501830276920625,0.06501830276920625,-0.11458881358869358,0.6564313173294067,1.6666615009307861,1.3434712886810303,0.09726303815841675,-0.07370923459529877,0.2092893272638321,1.673007845878601,0.8727521300315857
2.102628285356696,8.607552412704973,0.03778966391566624,0.03778966391566624,0.16160669573026037,0.66373211145401,1.6578618288040161,1.3438973426818848,0.10512001067399979,-0.07279244810342789,0.2145344316959381,1.6768308877944946,0.8201279044151306
2.1070087609511887,8.917640781213457,-1.1352282676001375,-1.1352282676001375,0.3539371740995714,0.6709943413734436,1.6539655923843384,1.3443578481674194,0.11898503452539444,-0.0718526840209961,0.2109185755252838,1.680423378944397,0.823281466960907
2.111389236545682,9.64185536374539,-2.0804717249936573,-2.0804717249936573,1.020408281676726,0.6782395243644714,1.6537976264953613,1.3448790311813354,0.13448889553546906,-0.07092875987291336,0.16743022203445435,1.6840296983718872,0.8664900064468384
2.115769712140175,4.150699686965295,-1.578959844553713,-1.578959844553713,0.10936054410095677,0.6854839324951172,1.6668124198913574,1.3454681634902954,0.15322807431221008,-0.07019533216953278,0.07687470316886902,1.687825322151184,1.0509060621261597
2.1201501877346685,8.02845563907648,-1.8026477810778858,-1.8026477810778858,0.3586636299909435,0.692785382270813,1.6655470132827759,1.3461394309997559,0.1372728943824768,-0.06985858082771301,0.027570392936468124,1.6924288272857666,1.0585260391235352
2.1245306633291614,6.915562598418725,-1.2108898404326038,-1.2108898404326038,-1.255906883941599,0.7000812888145447,1.666137933731079,1.34674072265625,0.14661435782909393,-0.06973780691623688,-0.03554675355553627,1.6970657110214233,1.104455828666687
2.1289111389236544,3.4779178738096603,-0.31543034572630546,-0.31543034572630546,-0.11416498846386075,0.7073797583580017,1.6342555284500122,1.3473830223083496,0.15269139409065247,-0.06989351660013199,-0.034232113510370255,1.7019037008285522,0.8041976690292358
2.133291614518148,8.64173721659715,-0.5791526533811397,-0.5791526533811397,0.5407621116346206,0.71453857421875,1.6288701295852661,1.348051905632019,0.1330382525920868,-0.07004346698522568,-0.040109701454639435,1.7054264545440674,0.7649965286254883
2.1376720901126407,5.083280022405778,-0.2701439896256208,-0.2701439896256208,0.03568478147421949,0.7216737866401672,1.6324864625930786,1.3486347198486328,0.14617133140563965,-0.07021916657686234,-0.07281476259231567,1.7087775468826294,0.8456411361694336
2.1420525657071336,6.33516944306168,-0.4006372674596895,-0.4006372674596895,0.10084819639878494,0.7288248538970947,1.628725528717041,1.34927499294281,0.1368449628353119,-0.07053813338279724,-0.0817459300160408,1.7124818563461304,0.8315014839172363
2.146433041301627,3.679574196012345,0.9417474321364744,0.9417474321364744,-1.1039213506940635,0.7359594702720642,1.625148892402649,1.349874496459961,0.13573481142520905,-0.070896215736866,-0.09639089554548264,1.716124176979065,0.8255800008773804
2.15081351689612,6.148912858147184,0.038085750168151876,0.038085750168151876,-0.030185732608648222,0.7430784106254578,1.599070429801941,1.3504691123962402,0.12046973407268524,-0.07131845504045486,-0.0366508811712265,1.719740629196167,0.569869339466095
2.155193992490613,5.96905321756994,-0.8057463310590326,-0.8057463310590326,0.19740160263459217,0.7500830888748169,1.5928550958633423,1.3509968519210815,0.11868488043546677,-0.07147900015115738,-0.03465713560581207,1.7222368717193604,0.5353577136993408
2.1595744680851063,6.841982937271097,-1.4663807566898586,-1.4663807566898586,0.40854404267213085,0.7570605278015137,1.591452956199646,1.3515167236328125,0.11500736325979233,-0.0716308131814003,-0.06395223736763,1.7245819568634033,0.5506718754768372
2.1639549436795997,4.619566184158771,-0.10715801434365789,-0.10715801434365789,-0.6726606846347043,0.7640318274497986,1.5935566425323486,1.352020502090454,0.116506427526474,-0.07191095501184464,-0.11870598793029785,1.7269941568374634,0.6073868870735168
2.1683354192740927,8.468460178017947,0.20706820730102798,0.20706820730102798,-0.013473100326908766,0.7710123658180237,1.5754261016845703,1.352530837059021,0.10655824095010757,-0.07243094593286514,-0.10219152271747589,1.7296547889709473,0.4398389458656311
2.1727158948685856,8.694439159647837,-0.8359807104163847,-0.8359807104163847,1.3078644869731524,0.777913510799408,1.5672235488891602,1.3529976606369019,0.12039273977279663,-0.07287859171628952,-0.09575101733207703,1.731581449508667,0.3965045213699341
2.1770963704630786,6.731554478730074,1.6113263946018808,1.6113263946018808,-1.324095794189008,0.7847787141799927,1.5859016180038452,1.3535250425338745,0.13136790692806244,-0.07329802960157394,-0.15835809707641602,1.7333183288574219,0.6380744576454163
2.181476846057572,6.574821276511173,-0.6481791672068093,-0.6481791672068093,-0.5154185511764772,0.7917256951332092,1.5522860288619995,1.3541004657745361,0.13788899779319763,-0.07399171590805054,-0.07263445854187012,1.736113429069519,0.3183327913284302
2.185857321652065,4.898764295834495,-0.9150259469385429,-0.9150259469385429,-0.36300658060061525,0.7985254526138306,1.5353856086730957,1.35470449924469,0.14080366492271423,-0.07430989295244217,-0.07651148736476898,1.7375078201293945,0.1741708517074585
2.1902377972465583,7.0256913147473075,-1.112379063911896,-1.112379063911896,0.09543202104011628,0.8052511811256409,1.5232040882110596,1.3553212881088257,0.13198299705982208,-0.07464504987001419,-0.09263220429420471,1.7382707595825195,0.07114546746015549
2.1946182728410517,7.105968788630694,1.041815159558417,1.041815159558417,-0.04693124260460148,0.8119235634803772,1.5183534622192383,1.355899453163147,0.13588032126426697,-0.07505082339048386,-0.12790411710739136,1.7385823726654053,0.05676177144050598
2.198998748435544,7.958944506361884,0.46713977786313254,0.46713977786313254,0.3228542666054979,0.8185746669769287,1.5104742050170898,1.356494665145874,0.14081336557865143,-0.07561110705137253,-0.09610927104949951,1.7388310432434082,0.01101699098944664
2.2033792240300376,8.997000612507174,0.1667779375170299,0.1667779375170299,-0.023466707107964016,0.8251912593841553,1.5093132257461548,1.3571114540100098,0.15019220113754272,-0.0760321095585823,-0.0918956771492958,1.7388793230056763,0.04102345556020737
2.2077596996245306,8.26502448359974,-2.181278605160367,-2.181278605160367,0.36690028179120215,0.8318027853965759,1.4999948740005493,1.3577693700790405,0.1677505075931549,-0.0764346569776535,-0.08633992820978165,1.7390589714050293,-0.00933421403169632
2.2121401752190235,6.8091450134665275,-2.055802293094814,-2.055802293094814,-0.4169767407490069,0.8383734822273254,1.4993765354156494,1.3585041761398315,0.17903107404708862,-0.07681286334991455,-0.16075482964515686,1.7390180826187134,0.02850647270679474
2.216520650813517,7.213032861915548,1.0871591176094748,1.0871591176094748,0.15850715164310325,0.8449414372444153,1.4840832948684692,1.3592884540557861,0.18326130509376526,-0.07751704752445221,-0.20861372351646423,1.7391430139541626,-0.09626242518424988
2.22090112640801,9.818445980629463,1.4913117847035868,1.4913117847035868,-0.7144326183149128,0.8514424562454224,1.480156421661377,1.360091209411621,0.1881951093673706,-0.07843087613582611,-0.18149414658546448,1.7387213706970215,-0.09845525026321411
2.225281602002503,6.501941573781945,-0.4073754126921806,-0.4073754126921806,0.6976652000534511,0.8579262495040894,1.4556496143341064,1.3609155416488647,0.21366776525974274,-0.07922590523958206,-0.11707941442728043,1.7382900714874268,-0.3031580448150635
2.229662077596996,9.098299685278775,-1.0044761506989528,-1.0044761506989528,-0.441939129233377,0.8643026947975159,1.4634078741073608,1.361851453781128,0.21191444993019104,-0.07973876595497131,-0.149350106716156,1.736962080001831,-0.1849970817565918
2.234042553191489,6.760272933457907,-0.486014645883848,-0.486014645883848,-0.06748518409003908,0.8707131147384644,1.4451392889022827,1.3627797365188599,0.2315593659877777,-0.0803929939866066,-0.16577796638011932,1.7361516952514648,-0.326897531747818
2.2384230287859825,4.1278674109687925,0.37381973852834594,0.37381973852834594,0.7764123626534394,0.8770434856414795,1.4368880987167358,1.3637940883636475,0.23417465388774872,-0.08111917972564697,-0.17800036072731018,1.7347197532653809,-0.3757644295692444
2.2428035043804755,7.039637454194271,2.2626240674850098,2.2626240674850098,-0.19177319292937522,0.8833377361297607,1.4486232995986938,1.364819884300232,0.21622247993946075,-0.08189890533685684,-0.1897573471069336,1.7330737113952637,-0.22832438349723816
2.2471839799749684,5.676083338206428,-0.4115856995825092,-0.4115856995825092,1.5409439377532081,0.8896833658218384,1.4374874830245972,1.365767002105713,0.221130833029747,-0.08273012936115265,-0.11808116734027863,1.7320735454559326,-0.30532222986221313
2.251564455569462,9.640887518529453,2.6067370888370576,2.6067370888370576,0.16132654032049237,0.8959802389144897,1.4633162021636963,1.3667356967926025,0.21106645464897156,-0.08324737846851349,-0.17510122060775757,1.7307361364364624,0.00013005733489990234
2.255944931163955,7.417320522954464,1.7046447418111608,1.7046447418111608,0.5232910802575119,0.9023902416229248,1.4567123651504517,1.3676602840423584,0.23225799202919006,-0.0840144082903862,-0.10368748009204865,1.7307367324829102,-0.013232691213488579
2.260325406758448,6.02096354991887,0.2838468535508871,0.2838468535508871,-0.0023942577930022024,0.9087713360786438,1.459787130355835,1.3686777353286743,0.23732584714889526,-0.08446861058473587,-0.0691882073879242,1.7306787967681885,0.06289252638816833
2.264705882352941,5.662381899137419,1.5669812175305948,1.5669812175305948,0.29231014244406295,0.915165901184082,1.4534803628921509,1.3697173595428467,0.23476357758045197,-0.08477168530225754,-0.06082905828952789,1.7309542894363403,0.03204849734902382
2.269086357947434,7.688404671459676,0.25101977813372267,0.25101977813372267,-0.18415742091635162,0.9215328097343445,1.4535857439041138,1.3707457780838013,0.2288186252117157,-0.08503814786672592,-0.0236046239733696,1.7310947179794312,0.06682175397872925
2.2734668335419275,5.431764262694543,-1.5406126466366348,-1.5406126466366348,0.6747314659847838,0.9279001951217651,1.4417672157287598,1.3717480897903442,0.23805098235607147,-0.08514154702425003,-0.010896069929003716,1.7313873767852783,-0.01197083294391632
2.2778473091364204,6.496284859153067,-1.0790040234125886,-1.0790040234125886,0.6676963833868871,0.9342158436775208,1.4499502182006836,1.372790813446045,0.22928448021411896,-0.08518927544355392,-0.07559114694595337,1.731334924697876,0.10676871240139008
2.2822277847309134,5.5173934041119255,-0.3465435641717367,-0.3465435641717367,-0.7447560738587439,0.9405673146247864,1.4568721055984497,1.3737951517105103,0.2276810109615326,-0.08552040159702301,-0.12660034000873566,1.7318025827407837,0.21859276294708252
2.2866082603254068,8.483324474652141,0.5126764009045195,0.5126764009045195,-0.07615276146482136,0.9469491243362427,1.4357696771621704,1.374792456626892,0.22420239448547363,-0.08607497066259384,-0.11497127264738083,1.7327600717544556,0.02913503348827362
2.2909887359199,5.733060414111947,-0.1565059936271747,-0.1565059936271747,1.7984718349413826,0.9532384872436523,1.4252398014068604,1.375774621963501,0.23842337727546692,-0.0865786001086235,-0.09777559340000153,1.7328877449035645,-0.030729737132787704
2.2953692115143927,7.68658011853301,-1.1457620689123844,-1.1457620689123844,-0.05621276428692948,0.9594817161560059,1.4561059474945068,1.3768190145492554,0.22788691520690918,-0.08700690418481827,-0.15486714243888855,1.7327531576156616,0.3297156095504761
2.299749687108886,7.6502551491171005,-1.4561770236592106,-1.4561770236592106,-1.2024886263932621,0.96586012840271,1.4467593431472778,1.3778172731399536,0.23664668202400208,-0.08768529444932938,-0.1866854429244995,1.7341974973678589,0.2781015634536743
2.304130162703379,6.7196424976825675,-0.14834136392934894,-0.14834136392934894,0.4463472651380773,0.9721976518630981,1.4138431549072266,1.3788539171218872,0.24906688928604126,-0.08850306272506714,-0.19409394264221191,1.7354156970977783,-0.022110015153884888
2.3085106382978724,6.107285390418779,-0.7021220223284266,-0.7021220223284266,0.48757337174356663,0.9783909320831299,1.415736436843872,1.379944920539856,0.24968215823173523,-0.0893532857298851,-0.21146073937416077,1.735318899154663,0.039602816104888916
2.3128911138923653,8.4662863371639,-2.241027645561548,-2.241027645561548,-0.5697548172509841,0.9845925569534302,1.4190959930419922,1.3810386657714844,0.24604448676109314,-0.09027958661317825,-0.24620361626148224,1.7354923486709595,0.11335127800703049
2.3172715894868583,5.898825514827413,-1.462089044976512,-1.462089044976512,0.01304362378508539,0.9908088445663452,1.39810049533844,1.382116436958313,0.2618441879749298,-0.09135807305574417,-0.2950100898742676,1.7359888553619385,-0.05459929257631302
2.321652065081352,9.841941779772043,-2.771713655937612,-2.771713655937612,-0.5764754869472508,0.9969331622123718,1.3918331861495972,1.3832634687423706,0.2584242522716522,-0.09265035390853882,-0.33808863162994385,1.7357497215270996,-0.08293341100215912
2.3260325406758446,5.777405022549467,0.5579699853777396,0.5579699853777396,1.0340958766353967,1.0030300617218018,1.36898672580719,1.3843954801559448,0.28348225355148315,-0.09413134306669235,-0.4021965265274048,1.7353864908218384,-0.26008501648902893
2.330413016270338,4.449649412227265,-1.0130061274404376,-1.0130061274404376,-1.116489690201706,1.0090268850326538,1.3836888074874878,1.3856372833251953,0.2757299840450287,-0.09589315205812454,-0.4161009192466736,1.7342472076416016,-0.0667162537574768
2.334793491864831,4.793995817869801,-0.6214189016523239,-0.6214189016523239,0.7921843001663665,1.0150880813598633,1.355666995048523,1.3868451118469238,0.2663956582546234,-0.09771586954593658,-0.4130788743495941,1.733954906463623,-0.33247241377830505
2.339173967459324,7.5156835807980915,-0.08888487716999727,-0.08888487716999727,-0.590086275509251,1.0210264921188354,1.3663792610168457,1.3880120515823364,0.2528626322746277,-0.09952535480260849,-0.45436057448387146,1.7324985265731812,-0.18650789558887482
2.3435544430538173,6.429340935355362,-0.2067173801870682,-0.2067173801870682,0.8936867040142269,1.0270118713378906,1.3454502820968628,1.3891197443008423,0.2622646987438202,-0.10151567310094833,-0.4397239089012146,1.7316815853118896,-0.3548195958137512
2.3479349186483103,8.526584961677866,-0.17989787871377927,-0.17989787871377927,-0.23690072971314521,1.0329055786132812,1.3561774492263794,1.3902685642242432,0.2593751549720764,-0.10344187170267105,-0.4718591868877411,1.7301273345947266,-0.19583293795585632
2.3523153942428032,4.550859920846258,-0.14402371605592118,-0.14402371605592118,0.38795045255882515,1.0388462543487549,1.341071367263794,1.3914047479629517,0.2743321657180786,-0.10550884157419205,-0.4701945185661316,1.7292695045471191,-0.29329168796539307
2.3566958698372966,7.826628363843033,-0.02710936616775539,-0.02710936616775539,0.5428249858112563,1.0447207689285278,1.3435057401657104,1.392606496810913,0.2605518698692322,-0.10756851732730865,-0.485729843378067,1.7279847860336304,-0.2339239865541458
2.3610763454317896,7.37746710812603,0.23523932411930792,0.23523932411930792,-0.1364737132245084,1.0506060123443604,1.3450249433517456,1.3937478065490723,0.26823142170906067,-0.10969624668359756,-0.5023737549781799,1.7269600629806519,-0.15890339016914368
2.3654568210262825,6.014544879591689,0.7205420257255022,0.7205420257255022,-1.5411872646661737,1.0564978122711182,1.3330111503601074,1.3949227333068848,0.27511167526245117,-0.11189687997102737,-0.4915185570716858,1.7262639999389648,-0.22883795201778412
2.369837296620776,2.8978246433979176,-0.06464105391527686,-0.06464105391527686,0.021328757199134518,1.062337040901184,1.2936992645263672,1.3961278200149536,0.27736756205558777,-0.11404996365308762,-0.42546889185905457,1.7252615690231323,-0.5959721207618713
2.374217772215269,8.21650854002083,2.717047119250127,2.717047119250127,0.2578236544472868,1.0680040121078491,1.2904006242752075,1.3973428010940552,0.2535818815231323,-0.11591371893882751,-0.4279794692993164,1.7226508855819702,-0.6073543429374695
2.3785982478097623,2.430937408056396,1.5934039583964084,1.5934039583964084,0.829530694184981,1.0736565589904785,1.2850596904754639,1.3984535932540894,0.26463398337364197,-0.11778847128152847,-0.35616233944892883,1.7199903726577759,-0.5967289209365845
2.382978723404255,7.309752315111541,0.2601967996727357,0.2601967996727357,0.01794125555175924,1.079285740852356,1.2989453077316284,1.3996127843856812,0.23520824313163757,-0.11934863030910492,-0.3338548243045807,1.717376470565796,-0.4302791357040405
2.387359198998748,7.394193404207407,0.290980321018376,0.290980321018376,-0.324396497767662,1.0849757194519043,1.289709210395813,1.4006431102752686,0.24098195135593414,-0.12081107497215271,-0.32678020000457764,1.7154916524887085,-0.46638381481170654
2.391739674593241,5.645372598196896,1.2637203866848157,1.2637203866848157,-0.8810283973238764,1.090625286102295,1.2732415199279785,1.4016987085342407,0.2483183890581131,-0.1222425252199173,-0.3088092505931854,1.7134486436843872,-0.577089786529541
2.3961201501877345,8.36840516716507,0.6891901265634814,0.6891901265634814,0.9777806337266476,1.0962027311325073,1.2475579977035522,1.4027864933013916,0.24553728103637695,-0.12359526008367538,-0.24617579579353333,1.7109206914901733,-0.7988234162330627
2.400500625782228,4.484115492024013,-0.624613806185397,-0.624613806185397,0.6903739192666534,1.1016676425933838,1.2564897537231445,1.4038621187210083,0.255350798368454,-0.12467362731695175,-0.2546035647392273,1.7074214220046997,-0.6323027610778809
2.404881101376721,9.047520544213555,0.36551147502279346,0.36551147502279346,1.1134146732136536,1.107171654701233,1.2646986246109009,1.4049806594848633,0.2401898205280304,-0.12578891217708588,-0.2930053770542145,1.7046515941619873,-0.5067800283432007
2.409261576971214,6.606413734216627,-1.5282523827745558,-1.5282523827745558,-0.9162547051084047,1.1127116680145264,1.2754969596862793,1.4060328006744385,0.25439244508743286,-0.12707240879535675,-0.3148465156555176,1.7024316787719727,-0.313804566860199
2.413642052565707,6.6424866829586,-0.382324501247262,-0.382324501247262,1.5495293513673198,1.1182990074157715,1.247657299041748,1.4071471691131592,0.2579522132873535,-0.12845158576965332,-0.33271878957748413,1.7010570764541626,-0.5475897192955017
2.4180225281602,4.799198418961723,-1.2148271360699934,-1.2148271360699934,0.0698998567338947,1.1237643957138062,1.2705928087234497,1.408277153968811,0.2549622654914856,-0.12990905344486237,-0.38913506269454956,1.6986583471298218,-0.24710679054260254
2.422403003754693,3.2067847386161636,-0.6279903653798657,-0.6279903653798657,-0.4593962179990652,1.1293301582336426,1.265467643737793,1.4093940258026123,0.24377098679542542,-0.13161365687847137,-0.4266531467437744,1.6975759267807007,-0.25742626190185547
2.4267834793491865,7.221142905296676,-2.110882052425355,-2.110882052425355,0.4880205685236936,1.1348735094070435,1.2515498399734497,1.4104619026184082,0.22335107624530792,-0.13348260521888733,-0.4315766394138336,1.6964483261108398,-0.3740600049495697
2.4311639549436794,8.47038892160933,-1.3425071901168342,-1.3425071901168342,0.13472949624129343,1.1403559446334839,1.2515535354614258,1.4114402532577515,0.22715601325035095,-0.13537311553955078,-0.507472813129425,1.6948097944259644,-0.3068034052848816
2.4355444305381724,4.5867294370826315,-0.5030919874454283,-0.5030919874454283,0.08841080131896495,1.1458383798599243,1.2424107789993286,1.4124352931976318,0.24020831286907196,-0.13759608566761017,-0.5506128072738647,1.6934658288955688,-0.3228301703929901
2.4399249061326658,8.760237630130629,1.7634951586720753,1.7634951586720753,-0.149465264493694,1.1512807607650757,1.237701416015625,1.4134875535964966,0.22750234603881836,-0.14000803232192993,-0.5678865909576416,1.692051649093628,-0.3282400369644165
2.4443053817271587,9.199946247303584,0.43216359337252996,0.43216359337252996,-0.550253498177005,1.1567025184631348,1.2219772338867188,1.4144841432571411,0.2431570589542389,-0.14249564707279205,-0.512022078037262,1.6906137466430664,-0.40774473547935486
2.448685857321652,6.795831694621169,0.9659910663961897,0.9659910663961897,1.1269718637650883,1.1620553731918335,1.1971614360809326,1.4155492782592773,0.2626802921295166,-0.14473854005336761,-0.48333239555358887,1.688827633857727,-0.5766793489456177
2.453066332916145,8.618486776840802,0.7567923689943375,0.7567923689943375,0.36962209079885877,1.167299509048462,1.2104130983352661,1.4166998863220215,0.2619902491569519,-0.14685577154159546,-0.4880335330963135,1.6863014698028564,-0.3691575229167938
2.457446808510638,7.97855628453696,0.25591977505842023,0.25591977505842023,1.0840512011360808,1.1726016998291016,1.2052146196365356,1.4178475141525269,0.2753470242023468,-0.1489935964345932,-0.4767269194126129,1.6846843957901,-0.3355775475502014
2.4618272841051314,8.28949598550215,1.5455457266387937,1.5455457266387937,0.46282578433299437,1.177881121635437,1.215627908706665,1.4190536737442017,0.28276073932647705,-0.1510818898677826,-0.5009109973907471,1.6832144260406494,-0.14377261698246002
2.4662077596996244,5.95980881962025,-0.9100778259166455,-0.9100778259166455,0.3214450925496565,1.1832062005996704,1.212605595588684,1.4202922582626343,0.2937397360801697,-0.15327611565589905,-0.46929213404655457,1.6825846433639526,-0.088404081761837
2.4705882352941178,6.838451938473949,0.6670874836935574,0.6670874836935574,1.0549360610909668,1.1885180473327637,1.2100954055786133,1.4215790033340454,0.28957656025886536,-0.1553318351507187,-0.5052565336227417,1.6821973323822021,-0.051234692335128784
2.4749687108886107,2.8739935546182886,-1.0245621643008755,-1.0245621643008755,0.8021022146261965,1.1938188076019287,1.2212964296340942,1.4228475093841553,0.2895393371582031,-0.15754510462284088,-0.5165829658508301,1.681972861289978,0.13989828526973724
2.479349186483104,4.623068960608837,0.9967987908078173,0.9967987908078173,0.01829358264523895,1.1991686820983887,1.2333729267120361,1.424115777015686,0.26377126574516296,-0.1598079800605774,-0.5699273347854614,1.6825857162475586,0.29786908626556396
2.483729662077597,7.583469698398206,1.7440349693562667,1.7440349693562667,0.24374716784709247,1.2045714855194092,1.226385235786438,1.4252712726593018,0.25138068199157715,-0.16230453550815582,-0.541351854801178,1.6838905811309814,0.2760142683982849
2.48811013767209,7.809583979201391,1.3791526698449161,1.3791526698449161,-0.7812289534306038,1.2099436521530151,1.2191684246063232,1.4263724088668823,0.25809067487716675,-0.16467592120170593,-0.497538685798645,1.6850996017456055,0.28591495752334595
2.492490613266583,8.6484673257507,2.4477672129589285,2.4477672129589285,-0.15362009992898734,1.2152842283248901,1.1902114152908325,1.427502989768982,0.26871657371520996,-0.16685537993907928,-0.4344486892223358,1.686352014541626,0.07181121408939362
2.4968710888610763,7.803714325178148,0.9793435744384453,0.9793435744384453,-0.06707994594414812,1.220497965812683,1.1726850271224976,1.4286800622940063,0.28344181180000305,-0.16875846683979034,-0.35847991704940796,1.6866666078567505,-0.011660739779472351
2.5012515644555693,6.886811872876446,-0.32619740571038175,-0.32619740571038175,0.3109783970150766,1.2256349325180054,1.158219814300537,1.4299216270446777,0.2923506498336792,-0.1703287810087204,-0.3279210329055786,1.6866155862808228,-0.07182005792856216
2.5056320400500622,6.746969874812702,-0.15588753716058068,-0.15588753716058068,-0.7262712470792225,1.2307084798812866,1.1530179977416992,1.4312022924423218,0.2942608892917633,-0.17176523804664612,-0.3465285897254944,1.6863009929656982,-0.044883809983730316
2.510012515644556,5.850745896762524,2.6181267865816515,2.6181267865816515,-0.1836160294734375,1.2357592582702637,1.1265244483947754,1.4324913024902344,0.297726035118103,-0.17328320443630219,-0.3298715651035309,1.686104416847229,-0.24210169911384583
2.5143929912390486,8.095522564470802,-0.2692459700597754,-0.2692459700597754,-0.3696543791503569,1.2406939268112183,1.112701177597046,1.43379545211792,0.29391857981681824,-0.17472819983959198,-0.24805179238319397,1.6850439310073853,-0.31656643748283386
2.518773466833542,5.235084662628317,1.6430855760330463,1.6430855760330463,-1.6124974726412453,1.245568037033081,1.0910989046096802,1.4350829124450684,0.30538079142570496,-0.17581477761268616,-0.24511954188346863,1.683657169342041,-0.4447176456451416
2.523153942428035,7.239174697110854,-0.18667919931467958,-0.18667919931467958,1.6081210336952498,1.25034761428833,1.0486761331558228,1.4364206790924072,0.3007560074329376,-0.17688851058483124,-0.1500461995601654,1.6817090511322021,-0.8252546787261963
2.527534418022528,5.185539522998228,0.5828761912378524,0.5828761912378524,-0.05755579333042915,1.2549413442611694,1.0693535804748535,1.4377381801605225,0.3016889691352844,-0.17754578590393066,-0.20246005058288574,1.6780940294265747,-0.5194711685180664
2.5319148936170213,6.051968878072722,0.24484281296476368,0.24484281296476368,0.5616654182100943,1.2596256732940674,1.059156060218811,1.4390597343444824,0.2930227816104889,-0.1784326583147049,-0.18375740945339203,1.6758184432983398,-0.5622828006744385
2.536295369211514,6.607946460152126,-1.029302765123302,-1.029302765123302,-0.05406982932164109,1.2642652988433838,1.0602540969848633,1.4403432607650757,0.28869688510894775,-0.17923760414123535,-0.1930096298456192,1.6733553409576416,-0.4757785201072693
2.540675844806008,10.410728853028967,-0.6231861459482952,-0.6231861459482952,-0.9755748398123041,1.2689096927642822,1.0476268529891968,1.4416078329086304,0.2894071638584137,-0.18008308112621307,-0.22148951888084412,1.6712712049484253,-0.5257534384727478
2.545056320400501,6.160923740371544,0.2828332032915901,0.2828332032915901,0.7052458447236377,1.273498773574829,1.00925874710083,1.442875623703003,0.3171205222606659,-0.1810533106327057,-0.21119865775108337,1.6689682006835938,-0.7972228527069092
2.549436795994993,6.2385085577099515,2.056960735957207,2.056960735957207,-0.32355305322862166,1.2779197692871094,1.0130797624588013,1.4442647695541382,0.31312012672424316,-0.18197846412658691,-0.2235344499349594,1.6654759645462036,-0.6797106266021729
2.553817271589487,4.10211838529778,1.1003272033783258,1.1003272033783258,0.2986555354128921,1.2823575735092163,0.9954473972320557,1.4456363916397095,0.3117586374282837,-0.18295764923095703,-0.1540158987045288,1.6624984741210938,-0.785315990447998
2.55819774718398,6.882342754811627,0.40566790569189926,0.40566790569189926,1.425792913348745,1.2867181301116943,0.99443119764328,1.4470020532608032,0.29501521587371826,-0.18363231420516968,-0.130604550242424,1.6590584516525269,-0.743744432926178
2.562578222778473,5.336400791777879,-0.952990661991413,-0.952990661991413,0.9804334325751975,1.2910741567611694,1.0119303464889526,1.4482944011688232,0.29456740617752075,-0.18420442938804626,-0.16039544343948364,1.655800461769104,-0.4731816351413727
2.566958698372966,4.779863858235754,0.19420764360781384,0.19420764360781384,0.08710356499683791,1.2955068349838257,1.0229250192642212,1.449584722518921,0.284933865070343,-0.18490703403949738,-0.21685755252838135,1.653727650642395,-0.2902200520038605
2.571339173967459,9.10972667807379,1.3857717797783624,1.3857717797783624,-0.38402728350337745,1.29998779296875,1.0163580179214478,1.4508328437805176,0.27326375246047974,-0.18585696816444397,-0.21372976899147034,1.6524564027786255,-0.29767540097236633
2.575719649561952,6.247541954053253,-1.69194896133667,-1.69194896133667,0.12488698726654096,1.304439902305603,0.9923809766769409,1.452029824256897,0.29090040922164917,-0.18679320812225342,-0.16204601526260376,1.651152491569519,-0.4310457706451416
2.580100125156445,4.74263054671538,2.294541226598085,2.294541226598085,-0.4726970913601559,1.3087869882583618,0.9839552044868469,1.4533040523529053,0.2887740433216095,-0.18750303983688354,-0.2151033878326416,1.6492643356323242,-0.4383114278316498
2.5844806007509384,7.018322161850369,-0.16287056585278203,-0.16287056585278203,0.542400407371384,1.3130972385406494,0.9657678604125977,1.4545689821243286,0.2777073085308075,-0.1884452998638153,-0.13429126143455505,1.6473443508148193,-0.5667210817337036
2.588861076345432,8.99812830420748,1.7079258172897802,1.7079258172897802,1.0735079559804008,1.3173277378082275,0.964599072933197,1.4557855129241943,0.2799132764339447,-0.18903355300426483,-0.15488740801811218,1.6448618173599243,-0.4874224066734314
2.593241551939925,6.339801755034926,-0.298078377911952,-0.298078377911952,0.04319113411800232,1.321553111076355,0.9709564447402954,1.4570116996765137,0.2943693995475769,-0.1897120326757431,-0.13636039197444916,1.6427266597747803,-0.30345800518989563
2.5976220275344177,4.56461452316358,-1.9649762370203572,-1.9649762370203572,-0.08335891802544404,1.3258063793182373,0.9606208801269531,1.4583011865615845,0.29297780990600586,-0.19030936062335968,-0.14632654190063477,1.6413973569869995,-0.32823675870895386
2.602002503128911,7.063100303922391,0.8618018212264793,0.8618018212264793,0.4573771998203897,1.3300143480300903,0.9507896900177002,1.4595845937728882,0.28008782863616943,-0.19095033407211304,-0.20127573609352112,1.6399595737457275,-0.3708185851573944
2.606382978723404,7.170957332815888,-0.6750161525215215,-0.6750161525215215,0.6147697064973398,1.3341792821884155,0.9477369785308838,1.4608114957809448,0.28281688690185547,-0.1918320208787918,-0.1894652545452118,1.6383352279663086,-0.30949997901916504
2.610763454317897,6.0142170047875725,-3.4216382773646354,-3.4216382773646354,-0.618999443028772,1.338330864906311,0.9477327466011047,1.4620503187179565,0.286051869392395,-0.19266197085380554,-0.22713109850883484,1.6369794607162476,-0.21453677117824554
2.6151439299123904,5.3455414427235155,1.6346076514915324,1.6346076514915324,0.9154223589911139,1.342482328414917,0.9241352677345276,1.4633033275604248,0.2834133207798004,-0.19365690648555756,-0.30897703766822815,1.6360397338867188,-0.38075411319732666
2.619524405506884,4.793221074176719,-1.129602928197313,-1.129602928197313,1.216544339491192,1.3465304374694824,0.9335692524909973,1.4645447731018066,0.2742373049259186,-0.19501037895679474,-0.2879745364189148,1.6343718767166138,-0.21082691848278046
2.6239048811013768,5.007983844424877,1.8848244081222283,1.8848244081222283,-0.6304675615489306,1.350619912147522,0.9502143859863281,1.4657460451126099,0.2610976994037628,-0.1962718516588211,-0.35648947954177856,1.6334483623504639,0.02734290063381195
2.6282853566958697,5.8280241885032495,0.4699532322950595,0.4699532322950595,-0.3427259213636282,1.3547823429107666,0.9280540347099304,1.46688973903656,0.2518065869808197,-0.19783344864845276,-0.2830349802970886,1.6335681676864624,-0.13600607216358185
2.6326658322903627,6.517599760808958,1.5596113981589643,1.5596113981589643,0.22321996361605798,1.3588476181030273,0.9103099703788757,1.4679927825927734,0.24750418961048126,-0.19907326996326447,-0.25930216908454895,1.6329723596572876,-0.2415551245212555
2.637046307884856,5.493489304137254,2.07881602593191,2.07881602593191,0.5800058800655733,1.362835168838501,0.9030061960220337,1.4690769910812378,0.24696004390716553,-0.2002091407775879,-0.22027529776096344,1.6319142580032349,-0.22821840643882751
2.641426783479349,4.252031866540708,0.4919510658654762,0.4919510658654762,0.22986490624427167,1.366790771484375,0.9049513339996338,1.4701588153839111,0.2392425835132599,-0.2011740505695343,-0.17650529742240906,1.630914568901062,-0.1320497840642929
2.645807259073842,5.567943393803206,1.085820789167216,1.085820789167216,-0.9575423924459577,1.3707548379898071,0.9018790125846863,1.471206784248352,0.22384323179721832,-0.20194722712039948,-0.1688515543937683,1.6303361654281616,-0.1050940454006195
2.650187734668336,9.918595717463772,-0.2017034762369186,-0.2017034762369186,-0.2741584792790843,1.3747055530548096,0.8716713786125183,1.4721872806549072,0.21853755414485931,-0.2026868760585785,-0.10917887091636658,1.6298757791519165,-0.3426086902618408
2.6545682102628283,8.131284332399645,-0.9314155117057742,-0.9314155117057742,0.7973685619258316,1.3785239458084106,0.8475551009178162,1.47314453125,0.2408348023891449,-0.20316512882709503,-0.10706295818090439,1.6283749341964722,-0.45547011494636536
2.6589486858573217,7.946829710759934,2.3308144096297307,2.3308144096297307,0.2835084412326372,1.3822365999221802,0.8490157723426819,1.4741995334625244,0.25007984042167664,-0.203634113073349,-0.1575489342212677,1.6263797283172607,-0.3262805938720703
2.663329161451814,5.767213309005665,0.8150276125222143,0.8150276125222143,-0.621631932094306,1.3859556913375854,0.8401408195495605,1.4752949476242065,0.2587720453739166,-0.20432424545288086,-0.0977611094713211,1.6249504089355469,-0.3072367012500763
2.667709637046308,6.209383346938518,-1.7023524846187545,-1.7023524846187545,1.341961356207346,1.3896359205245972,0.816482424736023,1.476428508758545,0.25421515107154846,-0.20475248992443085,-0.05580609664320946,1.6236045360565186,-0.47266584634780884
2.672090112640801,6.329504178852982,0.324197756227747,0.324197756227747,-0.0007906984443674658,1.3932125568389893,0.8328130841255188,1.4775420427322388,0.2503150701522827,-0.20499694347381592,-0.1447097212076187,1.621533989906311,-0.21472275257110596
2.676470588235294,3.508430199145985,-1.4302510240799262,-1.4302510240799262,0.05391270649360963,1.3968607187271118,0.8210206031799316,1.4786385297775269,0.2487412840127945,-0.2056308388710022,-0.1352190226316452,1.6205934286117554,-0.2482265681028366
2.6808510638297878,6.065822369416325,1.9073071665364798,1.9073071665364798,0.38642020209287153,1.4004571437835693,0.8156009316444397,1.479728102684021,0.22863975167274475,-0.20622316002845764,-0.17856130003929138,1.6195061206817627,-0.2549953758716583
2.6852315394242803,3.977974773158907,0.05039113222269065,0.05039113222269065,-0.12304305096542079,1.4040298461914062,0.8123109340667725,1.4807296991348267,0.2249232977628708,-0.2070053368806839,-0.1341465711593628,1.6183891296386719,-0.20308434963226318
2.689612015018773,7.392534351549079,1.0777923283949644,1.0777923283949644,-0.48491955517245394,1.4075881242752075,0.8023074269294739,1.4817149639129639,0.20806770026683807,-0.20759296417236328,-0.12908174097537994,1.6174994707107544,-0.2506117820739746
2.6939924906132666,5.773368312808964,1.023134170984744,1.023134170984744,-0.07247494637226581,1.4111026525497437,0.7783640027046204,1.4826264381408691,0.21387113630771637,-0.20815840363502502,-0.08344560116529465,1.6164016723632812,-0.3944348394870758
2.69837296620776,5.497269729587832,0.4983244555649812,0.4983244555649812,0.8285288990741734,1.414512276649475,0.7660157084465027,1.4835633039474487,0.20863930881023407,-0.2085239291191101,-0.05145034193992615,1.6146738529205322,-0.4403183162212372
2.7027534418022525,7.299684340689052,1.5032414919774508,1.5032414919774508,0.6492489757096354,1.4178677797317505,0.7729257941246033,1.4844772815704346,0.2007531374692917,-0.20874930918216705,-0.06109336018562317,1.6127450466156006,-0.28931447863578796
2.707133917396746,8.448179467799477,0.2175119496591278,0.2175119496591278,-0.17637409143249463,1.4212535619735718,0.7727401256561279,1.4853566884994507,0.20487141609191895,-0.20901693403720856,-0.03615407273173332,1.6114777326583862,-0.18628981709480286
2.711514392991239,6.320978122129455,-0.12847630270572863,-0.12847630270572863,0.3581728665924827,1.4246385097503662,0.7532296180725098,1.486254096031189,0.21722109615802765,-0.20917530357837677,-0.02465135231614113,1.6106617450714111,-0.2679809331893921
2.715894868585732,6.579717132570489,1.927638351935665,1.927638351935665,0.5153672891025516,1.4279379844665527,0.7488282322883606,1.4872056245803833,0.21520854532718658,-0.20928329229354858,-0.03886305168271065,1.6094878911972046,-0.2227812260389328
2.720275344180225,6.96447806037245,1.8104318167632796,1.8104318167632796,0.49079609355053644,1.4312182664871216,0.7472214102745056,1.4881483316421509,0.21477219462394714,-0.2094535380601883,0.00237974151968956,1.608512043952942,-0.14469563961029053
2.724655819774718,6.5910267699805365,2.88290883559083,2.88290883559083,0.4886038919447916,1.4344913959503174,0.7443864345550537,1.4890891313552856,0.21688514947891235,-0.2094431072473526,0.0409172885119915,1.6078782081604004,-0.07378865778446198
2.729036295369212,4.9155560767354025,-0.3833377271715056,-0.3833377271715056,0.4008850536529364,1.4377521276474,0.7422144412994385,1.4900392293930054,0.21657180786132812,-0.209263876080513,0.11083857715129852,1.6075550317764282,-0.0013689473271369934
2.7334167709637045,4.581816161018933,2.511185323403815,2.511185323403815,0.6414976602263927,1.4410033226013184,0.7413643002510071,1.4909878969192505,0.2053908258676529,-0.20877835154533386,0.08793678879737854,1.6075490713119507,0.06059969216585159
2.737797246558197,5.353044584809983,-0.47417172920966005,-0.47417172920966005,-0.6737537491623062,1.4442508220672607,0.7461627721786499,1.4918875694274902,0.19184789061546326,-0.2083931416273117,0.14253759384155273,1.6078145503997803,0.17645898461341858
2.742177722152691,3.6560558518125967,-0.9998661183443418,-0.9998661183443418,-0.04469929037999129,1.4475194215774536,0.7221736907958984,1.4927279949188232,0.18434329330921173,-0.2077687531709671,0.1483660191297531,1.6085875034332275,0.0033465921878814697
2.746558197747184,5.9185374610650285,-1.9064651216470283,-1.9064651216470283,-0.4727417121406814,1.4506828784942627,0.7144472002983093,1.4935355186462402,0.1652889847755432,-0.20711883902549744,0.12047211825847626,1.6086021661758423,-0.024845298379659653
2.750938673341677,5.670118287072848,1.0071984289632314,1.0071984289632314,0.6972785454750725,1.4538124799728394,0.6936421990394592,1.4942595958709717,0.16135583817958832,-0.20659111440181732,0.0786028504371643,1.6084933280944824,-0.1571902483701706
2.75531914893617,3.4353811865955146,0.3416989459310016,0.3416989459310016,-0.5121819511898564,1.4568510055541992,0.6976646184921265,1.4949663877487183,0.1548740118741989,-0.20624679327011108,0.0876534953713417,1.607804775238037,-0.03460533171892166
2.759699624530663,6.711636202283595,-0.374201152743626,-0.374201152743626,-0.04406227184584999,1.459907054901123,0.6806719899177551,1.4956448078155518,0.13474230468273163,-0.2058628350496292,0.1125895231962204,1.6076531410217285,-0.16284772753715515
2.7640801001251565,7.789609486031115,2.591759433213122,2.591759433213122,-0.3023476379559785,1.4628887176513672,0.6673981547355652,1.4962350130081177,0.13564899563789368,-0.20536963641643524,0.10294841974973679,1.6069397926330566,-0.20598073303699493
2.768460575719649,4.115917449436765,3.1606808929047494,3.1606808929047494,0.025884166559534988,1.4658122062683105,0.6468089818954468,1.4968292713165283,0.14378845691680908,-0.20491866767406464,0.18746551871299744,1.6060374975204468,-0.31030112504959106
2.7728410513141424,9.835526739457364,-2.6867311614617635,-2.6867311614617635,1.5203240875198505,1.4686455726623535,0.6398139595985413,1.4974591732025146,0.12765292823314667,-0.20409747958183289,0.2790115177631378,1.6046782732009888,-0.32507219910621643
2.777221526908636,4.392553176683334,1.6098220615514678,1.6098220615514678,1.0063784833083957,1.471448302268982,0.6535404324531555,1.4980183839797974,0.1478394865989685,-0.2028752714395523,0.1561521589756012,1.6032543182373047,-0.043811142444610596
2.7816020025031287,4.372061294182343,0.869734146345483,0.869734146345483,0.5647166935660809,1.474311113357544,0.6665419340133667,1.4986660480499268,0.13289539515972137,-0.20219124853610992,0.1737746298313141,1.603062391281128,0.1529998630285263
2.7859824780976217,10.22181832277834,-0.09633476099013699,-0.09633476099013699,-0.4608515994151719,1.4772309064865112,0.6704172492027283,1.4992481470108032,0.11811234802007675,-0.2014300376176834,0.1826821118593216,1.6037325859069824,0.25425729155540466
2.790362953692115,11.432807370090641,-1.117851149438852,-1.117851149438852,0.7075623996308041,1.4801676273345947,0.6424685716629028,1.4997655153274536,0.14225836098194122,-0.2006298005580902,0.1933271586894989,1.6048463582992554,0.1049485057592392
2.794743429286608,5.064983418754585,-0.29095402988946195,-0.29095402988946195,0.3353517370623792,1.4829819202423096,0.6367095708847046,1.5003886222839355,0.1735452115535736,-0.19978293776512146,0.14001929759979248,1.6053060293197632,0.20296718180179596
2.7991239048811014,3.8352240711214716,-1.3853522033378165,-1.3853522033378165,0.9097503315491193,1.4857710599899292,0.6346448063850403,1.5011488199234009,0.16344387829303741,-0.1991695910692215,0.12172918021678925,1.606195092201233,0.2511751651763916
2.8035043804755944,4.013315025780783,1.4140566717640586,1.4140566717640586,-0.3116574832637522,1.488551139831543,0.6467387676239014,1.5018647909164429,0.1448650062084198,-0.19863635301589966,0.05470491200685501,1.6072953939437866,0.4298067092895508
2.8078848560700878,5.673963919407963,0.32688469378986984,0.32688469378986984,-0.508577289109395,1.4913841485977173,0.633111298084259,1.5024993419647217,0.12831217050552368,-0.1983967125415802,0.10510124266147614,1.6091781854629517,0.34278926253318787
2.8122653316645807,8.436129548761405,0.18316339894291972,0.18316339894291972,0.67904403328343,1.4941574335098267,0.612424910068512,1.5030614137649536,0.12283078581094742,-0.19793632626533508,0.1294993758201599,1.6106797456741333,0.20484605431556702
2.8166458072590737,6.6636320111922345,0.49063081542541676,0.49063081542541676,-0.16468929374581293,1.4968401193618774,0.6115348935127258,1.5035995244979858,0.13450036942958832,-0.1973690539598465,0.1150180920958519,1.611577033996582,0.31065407395362854
2.821026282853567,6.085665566864124,-0.14445471651485586,-0.14445471651485586,0.423346314038762,1.4995189905166626,0.5962678790092468,1.5041886568069458,0.13525554537773132,-0.19686521589756012,0.1341555118560791,1.6129378080368042,0.24223098158836365
2.82540675844806,7.786885570101302,-0.08410196402419184,-0.08410196402419184,-0.4689242898102824,1.5021309852600098,0.594269871711731,1.5047811269760132,0.1317397803068161,-0.19627754390239716,0.11757391691207886,1.6139988899230957,0.3039981424808502
2.829787234042553,6.338355146838949,0.41705485307792367,0.41705485307792367,0.6648454289088979,1.5047341585159302,0.5707153677940369,1.5053582191467285,0.14015355706214905,-0.1957625150680542,0.12881195545196533,1.6153305768966675,0.1639057695865631
2.8341677096370463,9.046385838994615,0.9489636241184911,0.9489636241184911,0.05733435545816145,1.5072342157363892,0.5733212232589722,1.505972146987915,0.1380779892206192,-0.19519825279712677,0.12157568335533142,1.6160485744476318,0.27660730481147766
2.8385481852315397,6.208899261040019,1.6327130554122766,1.6327130554122766,-0.5820672237603813,1.5097455978393555,0.5585277080535889,1.5065770149230957,0.1542946696281433,-0.19466570019721985,0.14761409163475037,1.617260217666626,0.24418485164642334
2.842928660826032,3.2847058533262827,0.2898207507556954,0.2898207507556954,-0.6145360359538401,1.5121922492980957,0.5354645848274231,1.5072529315948486,0.15255123376846313,-0.19401907920837402,0.21229270100593567,1.6183298826217651,0.08715386688709259
2.8473091364205256,7.737774925731143,-0.05538862031646752,-0.05538862031646752,0.3750437379716056,1.5145378112792969,0.5168996453285217,1.5079212188720703,0.13171498477458954,-0.19308914244174957,0.23870278894901276,1.6187117099761963,-0.0624053031206131
2.8516896120150186,5.053565637750432,-1.9217935729911664,-1.9217935729911664,0.7706074875229173,1.5168020725250244,0.5111250281333923,1.508498191833496,0.1390988528728485,-0.1920435130596161,0.22613279521465302,1.6184383630752563,-0.01956288143992424
2.8560700876095115,6.973218891761009,1.4967641739927866,1.4967641739927866,-0.6714848686639479,1.5190410614013672,0.5183323621749878,1.5091074705123901,0.12850084900856018,-0.19105294346809387,0.14750614762306213,1.6183526515960693,0.122490793466568
2.860450563204005,4.233748466356994,0.26177715818498415,0.26177715818498415,0.4034666785890907,1.521311640739441,0.49226129055023193,1.509670376777649,0.13192115724086761,-0.19040679931640625,0.21082589030265808,1.6188892126083374,-0.05736595392227173
2.864831038798498,6.781081507626457,-0.0035377987120105703,-0.0035377987120105703,0.3505666376371879,1.523468017578125,0.49331915378570557,1.5102483034133911,0.11631542444229126,-0.18948328495025635,0.20668810606002808,1.6186379194259644,0.00926295667886734
2.8692115143929917,5.91089183475687,1.1152852202552592,1.1152852202552592,0.4773479492374981,1.5256290435791016,0.4889220595359802,1.5107578039169312,0.1174817681312561,-0.18857789039611816,0.19634713232517242,1.6186784505844116,0.0520583800971508
2.873591989987484,6.630484794767648,-1.9645948157864273,-1.9645948157864273,0.35669413469217465,1.527770757675171,0.48870596289634705,1.5112724304199219,0.11281774938106537,-0.18771779537200928,0.21497692167758942,1.6189064979553223,0.12669637799263
2.877972465581977,3.9735810629844615,1.040822851530412,1.040822851530412,0.49883621660656124,1.5299115180969238,0.48479127883911133,1.5117666721343994,0.11299580335617065,-0.18677610158920288,0.14718791842460632,1.6194615364074707,0.17175792157649994
2.8823529411764706,8.382248303079123,1.4587809347177898,1.4587809347177898,-0.5857515010501946,1.5320351123809814,0.48840004205703735,1.5122616291046143,0.09558898955583572,-0.1861313432455063,0.16301564872264862,1.6202138662338257,0.2605837881565094
2.8867334167709635,7.14293577833673,1.3381454484687578,1.3381454484687578,-0.4618872309393256,1.5341745615005493,0.461985319852829,1.5126804113388062,0.10822252929210663,-0.18541724979877472,0.22272248566150665,1.6213552951812744,0.09289582073688507
2.891113892365457,5.738889255399065,1.0068145688383376,1.0068145688383376,-0.7353541136695427,1.5361982583999634,0.4402799904346466,1.5131545066833496,0.1126384437084198,-0.18444162607192993,0.2752891480922699,1.6217622756958008,-0.041984960436820984
2.89549436795995,2.715158278994965,0.5149229439619464,0.5149229439619464,-0.031053288328348874,1.5381269454956055,0.41531094908714294,1.5136479139328003,0.10813875496387482,-0.18323573470115662,0.3261660039424896,1.621578335762024,-0.2292400598526001
2.899874843554443,5.454887514354326,-2.215650754711612,-2.215650754711612,0.14179583657354333,1.53994619846344,0.41011324524879456,1.514121651649475,0.08301384001970291,-0.18180696666240692,0.3421102464199066,1.6205741167068481,-0.24907854199409485
2.904255319148936,6.564357282155176,-1.387773860619914,-1.387773860619914,0.50664501864072,1.5417426824569702,0.4039939343929291,1.514485239982605,0.07570905983448029,-0.18030835688114166,0.2732653319835663,1.6194829940795898,-0.2444092333316803
2.908635794743429,3.983952974968802,1.2664743598560333,1.2664743598560333,-0.6401980527787761,1.5435123443603516,0.4037148356437683,1.5148168802261353,0.07533533871173859,-0.1791113317012787,0.21794229745864868,1.6184123754501343,-0.16561535000801086
2.913016270337922,5.25786132261328,-1.4747239750646703,-1.4747239750646703,-0.3527208966584028,1.5452808141708374,0.38388755917549133,1.5151468515396118,0.05916888266801834,-0.17815664410591125,0.27362316846847534,1.6176868677139282,-0.3230230212211609
2.9173967459324155,7.205284450086216,1.3439543003320062,1.3439543003320062,0.1824493883747993,1.5469623804092407,0.368003785610199,1.5154060125350952,0.05105564743280411,-0.17695803940296173,0.24085712432861328,1.6162718534469604,-0.42390215396881104
2.9217772215269084,6.073011572609699,-1.7170670651721314,-1.7170670651721314,0.0427034589342805,1.548574447631836,0.3601756691932678,1.5156296491622925,0.05519784241914749,-0.17590297758579254,0.27477675676345825,1.614414930343628,-0.417447566986084
2.9261576971214014,4.040205884788138,0.9009719241725023,0.9009719241725023,1.178365476752474,1.5501521825790405,0.35134369134902954,1.5158714056015015,0.0520344004034996,-0.1746993213891983,0.22338587045669556,1.612586259841919,-0.4357236623764038
2.930538172715895,5.9399133507173625,0.5950335133365405,0.5950335133365405,-0.7897750480320095,1.5516912937164307,0.36944207549095154,1.5160993337631226,0.03451702743768692,-0.17372079193592072,0.21528509259223938,1.6106775999069214,-0.1983792930841446
2.934918648310388,6.246002264336854,-0.32425542370690014,-0.32425542370690014,-0.16655784703411355,1.553309679031372,0.3436616361141205,1.516250491142273,0.031232301145792007,-0.17277774214744568,0.2557258903980255,1.6098085641860962,-0.39577752351760864
2.939299123904881,4.699160513524558,-2.4742396759558867,-2.4742396759558867,1.2110145991658876,1.5548150539398193,0.33042216300964355,1.5163873434066772,0.029393766075372696,-0.17165754735469818,0.2511206269264221,1.6080749034881592,-0.45921337604522705
2.943679599499374,3.6704415723117663,-0.43678794542473576,-0.43678794542473576,-0.575837287157602,1.556262493133545,0.3483216166496277,1.516516089439392,0.01628939062356949,-0.17055751383304596,0.14349952340126038,1.6060633659362793,-0.21701675653457642
2.948060075093867,7.807725930584946,0.3566313888866942,0.3566313888866942,0.6236374592043935,1.5577882528305054,0.3306937515735626,1.516587495803833,-0.002146761864423752,-0.1699289232492447,0.1475602090358734,1.6051126718521118,-0.35744696855545044
2.9524405506883604,6.615194094628325,2.9964525479929107,2.9964525479929107,0.22329717309599534,1.5592368841171265,0.33171266317367554,1.5165780782699585,0.005719637498259544,-0.16928254067897797,0.1397627890110016,1.6035468578338623,-0.2552419602870941
2.9568210262828534,6.977212587281587,-0.06206059421885915,-0.06206059421885915,-0.394147684114405,1.560689926147461,0.3262856602668762,1.5166031122207642,0.006064025219529867,-0.16867031157016754,0.220747709274292,1.6024287939071655,-0.23447704315185547
2.9612015018773468,5.452415761287916,-1.3703121617496308,-1.3703121617496308,0.1483593848894646,1.5621192455291748,0.30751141905784607,1.516629695892334,0.009205690585076809,-0.16770333051681519,0.2304457128047943,1.601401686668396,-0.3488098978996277
2.96558197747184,5.713688093418382,0.383568930988211,0.383568930988211,0.3528457803436952,1.5634663105010986,0.30239129066467285,1.5166699886322021,0.001942177303135395,-0.16669386625289917,0.1860956847667694,1.5998737812042236,-0.33901599049568176
2.9699624530663327,4.716408015086933,0.45055945854821183,0.45055945854821183,1.4428860791883704,1.564790964126587,0.301199734210968,1.5166784524917603,-0.0037173344753682613,-0.16587868332862854,0.18699289858341217,1.598388671875,-0.2856751084327698
2.974342928660826,6.377156183219588,-0.0705089886394638,-0.0705089886394638,-0.05508962805116585,1.566110372543335,0.32422924041748047,1.5166621208190918,-0.016535477712750435,-0.16505956649780273,0.15801382064819336,1.5971373319625854,0.008193224668502808
2.978723404255319,7.695002068625744,-0.6584923782649948,-0.6584923782649948,-0.4263570043201067,1.567530632019043,0.31368204951286316,1.516589641571045,-0.01753651537001133,-0.16436739265918732,0.15756352245807648,1.5971732139587402,-0.02900366112589836
2.983103879849812,5.080067082961469,0.8307350063584729,0.8307350063584729,0.29323233807180765,1.5689047574996948,0.2935104966163635,1.5165128707885742,-0.009661125019192696,-0.1636771857738495,0.150784432888031,1.597046136856079,-0.15178905427455902
2.9874843554443054,6.61319494894786,1.5755488046982127,1.5755488046982127,-0.49002272594972307,1.5701904296875,0.2921850085258484,1.5164705514907837,-0.019385863095521927,-0.163016676902771,0.16648121178150177,1.5963811874389648,-0.10819682478904724
2.9918648310387983,6.4330045610675075,-0.9104438864758475,-0.9104438864758475,0.6863419902879654,1.5714703798294067,0.27236297726631165,1.5163856744766235,-0.018596790730953217,-0.1622874140739441,0.22680245339870453,1.595907211303711,-0.24022221565246582
2.9962453066332912,8.787841034996823,0.2913302320655555,0.2913302320655555,0.5785758602091647,1.572663426399231,0.27733114361763,1.5163042545318604,-0.019628675654530525,-0.1612939089536667,0.18017125129699707,1.5948549509048462,-0.11640791594982147
3.0006257822277846,4.05198178713728,2.717500138752651,2.717500138752651,-0.15736537258701405,1.573878288269043,0.27673986554145813,1.5162183046340942,-0.005075125955045223,-0.16050466895103455,0.17178276181221008,1.594344973564148,-0.024717651307582855
3.0050062578222776,9.33598401933165,1.9269223391743344,1.9269223391743344,0.11236985382934177,1.5750905275344849,0.267671138048172,1.5161961317062378,-0.02130741998553276,-0.15975217521190643,0.25573796033859253,1.5942367315292358,-0.07426534593105316
3.009386733416771,5.978834267048006,-1.885573221069883,-1.885573221069883,0.39021655503580877,1.5762630701065063,0.25672322511672974,1.5161027908325195,-0.002896668389439583,-0.15863192081451416,0.3087286353111267,1.5939114093780518,-0.0853160098195076
3.013767209011264,7.784921651371571,-0.45862408026510837,-0.45862408026510837,0.8109058802225607,1.5773876905441284,0.25639691948890686,1.5160901546478271,-0.0067071206867694855,-0.15727953612804413,0.24226835370063782,1.59353768825531,-0.02323414385318756
3.018147684605757,6.372447750600732,3.636537252256472,3.636537252256472,-0.16362167973977154,1.5785108804702759,0.26237034797668457,1.5160608291625977,0.0011862218379974365,-0.1562182903289795,0.20519405603408813,1.5934358835220337,0.12351150810718536
3.0225281602002503,3.497563512938176,0.5763529106444352,0.5763529106444352,1.3461120934889363,1.579660177230835,0.25009801983833313,1.516066074371338,0.0002422034158371389,-0.1553194373846054,0.31617075204849243,1.5939769744873047,0.064444400370121
3.0269086357947432,8.009810004016867,-3.5174572656979888,-3.5174572656979888,-0.22488769804990444,1.5807557106018066,0.27327126264572144,1.5160671472549438,-0.020348897203803062,-0.15393446385860443,0.29369133710861206,1.594259262084961,0.3432868719100952
3.0312891113892366,8.883544447650461,-1.0275277126403584,-1.0275277126403584,-0.5726046600299074,1.5819528102874756,0.2575879991054535,1.5159779787063599,-0.01050193328410387,-0.1526479572057724,0.1975378692150116,1.5957629680633545,0.2651155889034271
3.0356695869837296,9.63370800407725,-0.5306983709222581,-0.5306983709222581,0.29410434848249706,1.5830811262130737,0.23354002833366394,1.5159319639205933,0.005324344150722027,-0.15178264677524567,0.18425267934799194,1.5969243049621582,0.10832688212394714
3.0400500625782225,10.034227937770654,-0.8181345598106208,-0.8181345598106208,-0.6350755502412797,1.5841041803359985,0.22655557096004486,1.5159553289413452,0.025672785937786102,-0.1509755253791809,0.16016583144664764,1.5973988771438599,0.13658033311367035
3.044430538172716,7.92431746544051,0.6676555226002715,0.6676555226002715,0.2375037688453867,1.5850965976715088,0.19974862039089203,1.5160677433013916,0.04917901009321213,-0.15027391910552979,0.15481993556022644,1.5979971885681152,-0.037974029779434204
3.048811013767209,6.310586566019374,-0.8297755596590826,-0.8297755596590826,0.769710695691122,1.5859715938568115,0.1939970999956131,1.5162831544876099,0.058307234197854996,-0.1495957374572754,0.16738173365592957,1.597830891609192,-0.015620043501257896
3.053191489361702,8.051178510998483,-0.8645230411501227,-0.8645230411501227,0.4579859546670886,1.586821436882019,0.2015378177165985,1.5165386199951172,0.05650344118475914,-0.14886252582073212,0.12067165970802307,1.5977624654769897,0.12813059985637665
3.057571964956195,8.710115446851672,1.46759109942947,1.46759109942947,-0.19810607983246645,1.5877043008804321,0.2003042846918106,1.5167860984802246,0.06634891778230667,-0.14833392202854156,0.08205020427703857,1.5983237028121948,0.1980796456336975
3.061952440550688,5.098568164104444,0.33926142394426395,0.33926142394426395,-0.1706732986960042,1.5885816812515259,0.18456538021564484,1.5170767307281494,0.08090606331825256,-0.14797450602054596,0.13069385290145874,1.599191427230835,0.12341471761465073
3.066332916145181,5.467552974786814,-1.844641217108147,-1.844641217108147,-0.21539055049483613,1.5893901586532593,0.17422105371952057,1.5174311399459839,0.07165040820837021,-0.14740200340747833,0.1455855667591095,1.5997320413589478,0.06779725849628448
3.0707133917396745,6.350142878618924,2.2007991503403583,2.2007991503403583,0.4215455153314658,1.5901533365249634,0.16247576475143433,1.517745018005371,0.06486543267965317,-0.14676426351070404,0.09800627827644348,1.6000289916992188,0.0011430531740188599
3.0750938673341675,8.895578550578048,1.128467425630406,1.128467425630406,1.3479902292589334,1.5908650159835815,0.16284357011318207,1.5180292129516602,0.06352150440216064,-0.1463349461555481,0.14996612071990967,1.6000339984893799,0.06936632096767426
3.079474342928661,4.300778838851592,-0.5408574044503719,-0.5408574044503719,0.15062862477635752,1.5915783643722534,0.17915406823158264,1.5183074474334717,0.07840467989444733,-0.14567802846431732,0.14355535805225372,1.6003378629684448,0.3291962146759033
3.083854818523154,7.662428807083762,1.1262116606113344,1.1262116606113344,0.22393129495352526,1.5923631191253662,0.17663249373435974,1.5186508893966675,0.06366641819477081,-0.14504918456077576,0.12336177378892899,1.6017799377441406,0.3462367355823517
3.0882352941176467,5.183966781463724,0.1808073396888483,0.1808073396888483,0.5421245750741173,1.5931369066238403,0.17123554646968842,1.5189297199249268,0.07105733454227448,-0.14450879395008087,0.1497112214565277,1.6032966375350952,0.36683785915374756
3.09261576971214,8.668735013153075,-1.436103081004847,-1.436103081004847,-1.1011513244083633,1.5938869714736938,0.17571990191936493,1.5192409753799438,0.06187213584780693,-0.14385299384593964,0.13915961980819702,1.6049035787582397,0.4653400778770447
3.096996245306633,7.2062100422428275,-1.9731352596084564,-1.9731352596084564,-0.241195607335277,1.5946567058563232,0.14146579802036285,1.5195120573043823,0.07680890709161758,-0.14324340224266052,0.12937796115875244,1.6069419384002686,0.1947171688079834
3.1013767209011265,6.090671813689174,-0.8979422986058095,-0.8979422986058095,-0.3152667613601799,1.5952763557434082,0.12702932953834534,1.5198484659194946,0.08157713711261749,-0.14267666637897491,0.07879982888698578,1.6077948808670044,0.115669384598732
3.1057571964956194,9.625435890324583,2.1907528162644607,2.1907528162644607,0.7729949195790955,1.5958328247070312,0.11252966523170471,1.5202058553695679,0.07905750721693039,-0.14233148097991943,0.06178385764360428,1.6083015203475952,0.02467472106218338
3.1101376720901124,8.066741490098524,-0.18930909922710926,-0.18930909922710926,-0.5763937713601084,1.5963257551193237,0.11608105897903442,1.520552158355713,0.09904149174690247,-0.14206083118915558,0.10318687558174133,1.6084096431732178,0.15637880563735962
3.1145181476846058,4.040778830213694,-0.43275877512839794,-0.43275877512839794,0.028731700394424402,1.5968343019485474,0.09360547363758087,1.5209859609603882,0.10977979004383087,-0.1416088193655014,0.11449097096920013,1.6090946197509766,0.0014328211545944214
3.1188986232790987,5.171656863655755,-1.0115733571048942,-1.0115733571048942,-0.4320763732535359,1.597244381904602,0.08896180987358093,1.521466851234436,0.09347102046012878,-0.14110729098320007,0.10101398825645447,1.6091009378433228,-0.007392454892396927
3.123279098873592,4.518532025534641,-1.3717631638170469,-1.3717631638170469,-1.250383944658084,1.5976340770721436,0.07328703999519348,1.521876335144043,0.08500053733587265,-0.14066480100154877,0.08409084379673004,1.609068512916565,-0.12025861442089081
3.127659574468085,3.594086802388041,-1.4861509543724427,-1.4861509543724427,0.7784351792868728,1.5979551076889038,0.041450247168540955,1.52224862575531,0.07286347448825836,-0.14029644429683685,0.08054618537425995,1.60854172706604,-0.40802323818206787
3.132040050062578,8.701940536619459,1.013027210709231,1.013027210709231,0.6621627594244007,1.5981366634368896,0.0530242845416069,1.5225677490234375,0.05294916033744812,-0.13994361460208893,0.01441308856010437,1.6067544221878052,-0.2525482773780823
3.136420525657071,4.188034965802268,1.6265127501920567,1.6265127501920567,0.17284229400251433,1.5983688831329346,0.05567604675889015,1.5227997303009033,0.06692847609519958,-0.1398804783821106,0.02465944178402424,1.605648159980774,-0.14072662591934204
3.1408010012515644,5.765044818859217,0.052565857682097275,0.052565857682097275,-0.019462077760316176,1.5986127853393555,0.05392967164516449,1.5230928659439087,0.05148153752088547,-0.1397724598646164,0.06711123138666153,1.6050317287445068,-0.11842025816440582
3.1451814768460573,7.6956149687623885,-0.268809764394227,-0.268809764394227,-0.09812458616416742,1.5988490581512451,0.04618295282125473,1.5233184099197388,0.04659045860171318,-0.13947847485542297,0.06921467185020447,1.6045130491256714,-0.14341792464256287
3.1495619524405507,5.8744394725338465,0.616846179886652,0.616846179886652,0.5660023450319156,1.5990513563156128,0.034368086606264114,1.5235224962234497,0.054501764476299286,-0.13917528092861176,0.06423012167215347,1.6038848161697388,-0.19229596853256226
3.153942428035044,6.379463117284753,1.402578413760506,1.402578413760506,0.5674816583176061,1.5992019176483154,0.038706839084625244,1.52376127243042,0.04992005601525307,-0.13889391720294952,0.06571492552757263,1.603042483329773,-0.09057790040969849
3.1583229036295366,5.622343396082223,0.16407036505287304,0.16407036505287304,-0.8228058977155319,1.5993714332580566,0.042463574558496475,1.523979902267456,0.048694025725126266,-0.13860605657100677,0.09010239690542221,1.602645754814148,0.009805627167224884
3.16270337922403,5.072469291515645,0.431412974203204,0.431412974203204,0.08906616219546876,1.5995573997497559,0.0182651299983263,1.5241931676864624,0.04339815303683281,-0.13821136951446533,0.11892230808734894,1.6026886701583862,-0.1883934736251831
3.167083854818523,5.395406432840904,1.6949323822009088,1.6949323822009088,-0.44637698157514316,1.5996373891830444,0.013749402016401291,1.524383306503296,0.03385310620069504,-0.1376904398202896,0.12891991436481476,1.6018633842468262,-0.18696506321430206
3.1714643304130163,6.081865141308812,0.9308823432830826,0.9308823432830826,-0.6691849383692889,1.5996975898742676,-0.0022807251662015915,1.524531602859497,0.026789547875523567,-0.13712571561336517,0.19145293533802032,1.6010444164276123,-0.3025834858417511
3.1758448060075093,8.239474684252178,0.4681856152188445,0.4681856152188445,1.3982538258683248,1.5996875762939453,-0.02376672998070717,1.524648904800415,0.02436966821551323,-0.13628706336021423,0.23817996680736542,1.5997189283370972,-0.4687232971191406
3.1802252816020022,7.440103574857193,0.28615530002563566,0.28615530002563566,-0.7415786724523336,1.5995835065841675,-0.004832839593291283,1.524755597114563,0.03488502651453018,-0.1352437287569046,0.21101902425289154,1.5976656675338745,-0.19386103749275208
3.184605757196496,8.289361823627413,2.4107953717127364,2.4107953717127364,0.14738491523179117,1.5995622873306274,-0.02934502623975277,1.524908423423767,0.04145444184541702,-0.13431936502456665,0.24103210866451263,1.5968164205551147,-0.37959912419319153
3.1889862327909886,7.527473628829522,-1.1235406215110448,-1.1235406215110448,-0.08701673288844336,1.5994337797164917,-0.03631478548049927,1.525089979171753,0.05309775099158287,-0.13326352834701538,0.3071308732032776,1.595153570175171,-0.3752051889896393
3.193366708385481,7.065136774254857,0.310898860356945,0.310898860356945,-0.1070627698686787,1.599274754524231,-0.04714764282107353,1.5253225564956665,0.05983575060963631,-0.13191814720630646,0.2768611013889313,1.5935100317001343,-0.41866499185562134
3.197747183979975,5.985439482298606,-2.674824526016597,-2.674824526016597,0.2225235308493664,1.599068284034729,-0.05773965269327164,1.5255846977233887,0.06351537257432938,-0.1307053565979004,0.2890669107437134,1.591676115989685,-0.46452465653419495
3.202127659574468,5.942388970098759,1.5275186642916985,1.5275186642916985,0.7746963077934209,1.5988153219223022,-0.0601101852953434,1.5258629322052002,0.05989987775683403,-0.1294391006231308,0.20445516705513,1.5896413326263428,-0.43510904908180237
3.206508135168961,5.316569618267387,0.8658618315017071,0.8658618315017071,-0.3775817988038186,1.5985519886016846,-0.05084797739982605,1.5261253118515015,0.05580601096153259,-0.12854349613189697,0.226439967751503,1.5877352952957153,-0.2854703664779663
3.210888610763454,7.113117749253636,-3.0034525494474513,-3.0034525494474513,0.4906933721472054,1.5983293056488037,-0.06478624045848846,1.5263698101043701,0.04806027561426163,-0.1275515854358673,0.2627524733543396,1.5864847898483276,-0.38335734605789185
3.215269086357947,5.520070641688789,0.7176087427093738,0.7176087427093738,0.6683494225974751,1.5980454683303833,-0.06262674927711487,1.5265803337097168,0.05186674743890762,-0.12640060484409332,0.160712331533432,1.5848054885864258,-0.29813843965530396
3.219649561952441,4.940446375664268,-0.15495820370507285,-0.15495820370507285,1.7318018361713792,1.597771167755127,-0.05489179491996765,1.5268075466156006,0.04513896256685257,-0.12569661438465118,0.16215085983276367,1.583499550819397,-0.1693560928106308
3.224030037546933,5.478770265334345,-0.5387360352671682,-0.5387360352671682,0.37792585958085184,1.597530722618103,-0.02432716265320778,1.5270053148269653,0.03434409946203232,-0.12498631328344345,0.10705148428678513,1.5827577114105225,0.19182394444942474
3.2284105131414265,6.320925295126036,2.103028600666353,2.103028600666353,0.5877274182970526,1.5974241495132446,-0.022502372041344643,1.5271557569503784,0.027469001710414886,-0.12451737374067307,0.0802820473909378,1.583598017692566,0.25816816091537476
3.23279098873592,3.109173949847865,1.103014341904018,1.103014341904018,-0.5270920504129517,1.5973255634307861,-0.017224252223968506,1.5272760391235352,0.026088247075676918,-0.12416569888591766,0.12453364580869675,1.5847289562225342,0.36754509806632996
3.237171464330413,4.640110369952708,-0.20034599372725573,-0.20034599372725573,0.1596058854869781,1.5972501039505005,-0.03161652386188507,1.5273903608322144,0.003762977197766304,-0.1236201822757721,0.17213791608810425,1.586338996887207,0.24438691139221191
3.241551939924906,5.677061596831109,0.8791308967009905,0.8791308967009905,0.18803467603551857,1.5971115827560425,-0.033390384167432785,1.5274068117141724,-0.00861157476902008,-0.12286613881587982,0.1616261750459671,1.587409496307373,0.26558175683021545
3.245932415519399,5.764229087118579,-2.312073948838783,-2.312073948838783,-0.2188206328060492,1.5969653129577637,-0.0356866829097271,1.5273691415786743,-0.014143774285912514,-0.12215813994407654,0.18180838227272034,1.5885728597640991,0.28990697860717773
3.250312891113892,7.849442272060266,-0.20414436949190407,-0.20414436949190407,-1.191499868915144,1.5968090295791626,-0.04652557522058487,1.527307152748108,-0.018954042345285416,-0.12136173248291016,0.12067875266075134,1.5898427963256836,0.22573953866958618
3.254693366708385,7.665310413848747,-0.7762680965523499,-0.7762680965523499,-1.1196243913475703,1.5966051816940308,-0.07984934002161026,1.5272241830825806,-0.009562278166413307,-0.12083309888839722,0.1495126634836197,1.5908316373825073,-0.05538848042488098
3.2590738423028784,3.5436711218875656,1.3082190762367523,1.3082190762367523,0.16321119001867487,1.5962554216384888,-0.11145643889904022,1.5271823406219482,-0.0013680821284651756,-0.12017816305160522,0.15953975915908813,1.5905890464782715,-0.32047370076179504
3.2634543178973714,4.5381571460983405,-0.8629352191753754,-0.8629352191753754,-0.8919200458525035,1.5957671403884888,-0.11187683790922165,1.5271763801574707,-0.02101045474410057,-0.11947930604219437,0.19297762215137482,1.5891852378845215,-0.2953900992870331
3.267834793491865,7.471590360078118,0.0815012814496002,0.0815012814496002,0.8987124507411121,1.5952770709991455,-0.13529092073440552,1.5270843505859375,-0.033658962696790695,-0.11863397061824799,0.19382406771183014,1.5878913402557373,-0.5016988515853882
3.2722152690863577,3.607568415782546,-1.5705448620242923,-1.5705448620242923,-0.20786262497163302,1.5946844816207886,-0.12449386715888977,1.5269368886947632,-0.02763189561665058,-0.11778493225574493,0.1699589043855667,1.5856937170028687,-0.32794976234436035
3.2765957446808507,6.989560404924379,2.8918540994352333,2.8918540994352333,0.31920596661995126,1.5941390991210938,-0.1325979381799698,1.5268158912658691,-0.04672081395983696,-0.11704043298959732,0.1301642656326294,1.5842571258544922,-0.38293999433517456
3.280976220275344,5.017546776525014,0.38397801910329626,0.38397801910329626,-0.03258296195859846,1.5935583114624023,-0.13320615887641907,1.5266112089157104,-0.04360697418451309,-0.11647025495767593,0.20529374480247498,1.5825796127319336,-0.3326876163482666
3.285356695869837,6.623970342927517,0.4761595411859706,0.4761595411859706,-0.2314508402649704,1.5929747819900513,-0.13904982805252075,1.52642023563385,-0.053426098078489304,-0.11557096987962723,0.21745865046977997,1.5811222791671753,-0.3531104624271393
3.2897371714643304,10.089117859116243,1.3685026336217845,1.3685026336217845,-0.30386432221627474,1.5923656225204468,-0.15061670541763306,1.526186227798462,-0.052580785006284714,-0.11461839824914932,0.2381231188774109,1.579575538635254,-0.4205932319164276
3.294117647058824,10.011277269196064,-1.0075302864628064,-1.0075302864628064,0.4299938905112673,1.5917057991027832,-0.16710779070854187,1.5259559154510498,-0.028825193643569946,-0.11357530206441879,0.28696152567863464,1.5777331590652466,-0.5123089551925659
3.2984981226533163,8.799469826792947,-0.49071682507942793,-0.49071682507942793,0.789050078177358,1.5909737348556519,-0.1681167483329773,1.5258296728134155,-0.005735225975513458,-0.11231827735900879,0.24498125910758972,1.5754890441894531,-0.4441639184951782
3.3028785982478097,6.0561576221343065,2.368374176999008,2.368374176999008,-0.028517072940119008,1.5902372598648071,-0.16031034290790558,1.5258045196533203,0.009353081695735455,-0.11124514043331146,0.20760801434516907,1.5735434293746948,-0.29452335834503174
3.3072590738423027,6.6866271262963775,1.2120198623544467,1.2120198623544467,0.23790611898554997,1.5895349979400635,-0.16675743460655212,1.5258455276489258,0.006417722441256046,-0.11033571511507034,0.2776048481464386,1.5722532272338867,-0.3150455951690674
3.311639549436796,7.988150378834919,-1.489203979357965,-1.489203979357965,-1.6643532720210024,1.5888044834136963,-0.1681978404521942,1.5258736610412598,0.0076423706486821175,-0.10911967605352402,0.3060520589351654,1.5708731412887573,-0.2790091037750244
3.316020025031289,5.0726817145380645,0.1980010258119051,0.1980010258119051,0.22455503544214078,1.588067650794983,-0.21037951111793518,1.5259071588516235,0.017502835020422935,-0.10777902603149414,0.3111669719219208,1.5696510076522827,-0.6578826904296875
3.320400500625782,8.499595804482068,0.9621131934111842,0.9621131934111842,0.4317302744039622,1.5871460437774658,-0.21041662991046906,1.5259838104248047,0.007926586084067822,-0.10641596466302872,0.31039151549339294,1.5667691230773926,-0.6204500794410706
3.324780976220276,2.094467538171985,-1.3735661917336355,-1.3735661917336355,0.2878114048901228,1.5862243175506592,-0.2091752290725708,1.526018500328064,0.02108527161180973,-0.10505630075931549,0.32588037848472595,1.5640512704849243,-0.544958233833313
3.3291614518147683,8.061994481093397,0.0958876330185846,0.0958876330185846,-0.23868583732727697,1.5853080749511719,-0.20505590736865997,1.5261108875274658,-0.008107965812087059,-0.10362879186868668,0.2773628830909729,1.56166410446167,-0.4868547320365906
3.3335419274092613,8.424295272465278,0.7810295871396727,0.7810295871396727,0.23834159753255915,1.5844098329544067,-0.21709682047367096,1.5260753631591797,0.0021434277296066284,-0.10241381078958511,0.28713348507881165,1.5595314502716064,-0.5544267892837524
3.337922403003754,6.628693212364181,3.216135135899336,3.216135135899336,0.9024660962751686,1.5834589004516602,-0.2194005399942398,1.5260847806930542,0.014869114384055138,-0.10115602612495422,0.3029817044734955,1.5571027994155884,-0.5187298059463501
3.342302878598248,7.731829242686416,0.4635607573852605,0.4635607573852605,-0.12803492955343582,1.5824978351593018,-0.206226646900177,1.526149868965149,0.015928193926811218,-0.0998288244009018,0.37054818868637085,1.554830551147461,-0.33517396450042725
3.3466833541927405,7.431298593132597,-0.926999498019369,-0.926999498019369,0.8036771617712608,1.581594467163086,-0.21531587839126587,1.5262196063995361,0.024061746895313263,-0.09820564836263657,0.3878246545791626,1.5533623695373535,-0.3764089345932007
3.351063829787234,5.338820194560826,0.9505278800575605,0.9505278800575605,0.046760972243952946,1.5806512832641602,-0.20463530719280243,1.526324987411499,0.030534159392118454,-0.09650678932666779,0.3372834026813507,1.551713466644287,-0.2146937996149063
3.355444305381727,6.389782759396842,0.6811437182201472,0.6811437182201472,0.4445084739475429,1.5797548294067383,-0.2079118937253952,1.526458740234375,0.022921644151210785,-0.0950293242931366,0.3636762499809265,1.550773024559021,-0.21315515041351318
3.3598247809762203,7.026281129275169,-0.13592793396493041,-0.13592793396493041,0.2314276453486324,1.5788440704345703,-0.20365288853645325,1.5265591144561768,0.022442683577537537,-0.09343624860048294,0.3705867528915405,1.5498392581939697,-0.12677597999572754
3.364205256570713,8.700660208149646,0.6182782215246916,0.6182782215246916,-0.7131752459796307,1.5779520273208618,-0.20421719551086426,1.5266574621200562,0.026114830747246742,-0.09181290119886398,0.35985881090164185,1.5492838621139526,-0.08720663189888
3.368585732165206,7.6667109609363076,-0.4363678823083649,-0.4363678823083649,-0.23631207711891164,1.5770574808120728,-0.22559337317943573,1.526771903038025,0.04047207534313202,-0.09023655205965042,0.3987414836883545,1.5489017963409424,-0.25451141595840454
3.3729662077597,6.238482405235162,-0.08613897481280272,-0.08613897481280272,-0.19852860391913008,1.5760692358016968,-0.23615729808807373,1.526949167251587,0.04817335307598114,-0.08848987519741058,0.39289921522140503,1.5477869510650635,-0.31663185358047485
3.3773466833541925,6.20183067899688,-0.1408434328307883,-0.1408434328307883,0.18784632227046388,1.575034737586975,-0.24477465450763702,1.5271601676940918,0.04641353338956833,-0.08676879107952118,0.3961813449859619,1.5463999509811401,-0.3681614100933075
3.381727158948686,6.634058142745257,0.2706568124150529,0.2706568124150529,0.40891964261661107,1.5739624500274658,-0.24521443247795105,1.5273635387420654,0.04459245875477791,-0.08503332734107971,0.38658255338668823,1.5447872877120972,-0.3354934751987457
3.386107634543179,4.262699510186072,-0.8630271087535908,-0.8630271087535908,-0.8058899755361195,1.5728882551193237,-0.24123615026474,1.5275589227676392,0.045778755098581314,-0.08333991467952728,0.3825448453426361,1.5433176755905151,-0.2550070285797119
3.390488110137672,9.116715019782493,-2.1515064719857855,-2.1515064719857855,0.9088455345877173,1.5718315839767456,-0.2608445882797241,1.5277594327926636,0.030584294348955154,-0.08166418969631195,0.3808762729167938,1.5422005653381348,-0.4346390962600708
3.394868585732165,7.828807565743942,0.032085480322787074,0.032085480322787074,-0.49490015743127147,1.5706889629364014,-0.2478466033935547,1.5278934240341187,0.048535771667957306,-0.0799957737326622,0.29150429368019104,1.5402966737747192,-0.2477135807275772
3.399249061326658,7.497046188438578,1.502923695334465,1.502923695334465,0.6202911675522967,1.5696033239364624,-0.2630831301212311,1.5281059741973877,0.05715140700340271,-0.07871884852647781,0.3068939447402954,1.5392115116119385,-0.36304745078086853
3.403629536921151,7.294233864880086,1.0646867532073734,1.0646867532073734,0.1981092250449195,1.568450927734375,-0.25480496883392334,1.5283563137054443,0.0642642229795456,-0.07737451046705246,0.33266961574554443,1.5376211404800415,-0.235952690243721
3.4080100125156445,8.147136547450772,0.038110335201249235,0.038110335201249235,-0.2679239408826343,1.567334771156311,-0.2550797462463379,1.5286377668380737,0.06979808211326599,-0.07591725885868073,0.35797643661499023,1.5365875959396362,-0.1997220814228058
3.412390488110137,7.614375417809046,0.12546884690424173,0.12546884690424173,0.2364048412871609,1.5662174224853516,-0.2654462158679962,1.5289435386657715,0.08067620545625687,-0.07434915006160736,0.3669136166572571,1.535712718963623,-0.26486703753471375
3.4167709637046304,6.344340433711935,-0.6020240673529804,-0.6020240673529804,-0.6496781755893969,1.5650546550750732,-0.26488927006721497,1.5292969942092896,0.0883767306804657,-0.07274189591407776,0.3636739253997803,1.5345524549484253,-0.2198489010334015
3.421151439299124,4.978729854345373,0.09690678836839017,0.09690678836839017,0.5738069329769513,1.563894271850586,-0.28193727135658264,1.529684066772461,0.08700127899646759,-0.0711488276720047,0.3650655746459961,1.5335893630981445,-0.3654868006706238
3.4255319148936167,7.65082795998231,0.040818278733045665,0.040818278733045665,-0.04246483514575396,1.5626592636108398,-0.27269139885902405,1.5300651788711548,0.07746527343988419,-0.06954966485500336,0.3511385917663574,1.5319883823394775,-0.24463105201721191
3.42991239048811,5.292920397376339,0.2096347080440094,0.2096347080440094,0.23180620885907677,1.561464786529541,-0.2775832414627075,1.5304045677185059,0.08522550016641617,-0.06801150739192963,0.35357072949409485,1.5309168100357056,-0.25873109698295593
3.434292866082603,5.744410490120994,1.6467869269361852,1.6467869269361852,0.490167647167414,1.560248851776123,-0.2754521667957306,1.530777931213379,0.07756030559539795,-0.06646270304918289,0.3529232442378998,1.5297834873199463,-0.21158640086650848
3.438673341677096,7.386900159916256,2.2839931933241067,2.2839931933241067,0.5170164186200784,1.55904221534729,-0.2680872082710266,1.5311176776885986,0.07313302904367447,-0.06491672992706299,0.38670018315315247,1.528856635093689,-0.10838537663221359
3.443053817271589,6.849324663886024,-1.8240927320374691,-1.8240927320374691,0.2729883253567147,1.5578678846359253,-0.2608620822429657,1.5314379930496216,0.07966559380292892,-0.06322279572486877,0.4383015036582947,1.5283818244934082,0.00014515966176986694
3.4474342928660824,6.974833362999487,0.9608669015822655,0.9608669015822655,0.40748279661042386,1.5567251443862915,-0.25834956765174866,1.5317869186401367,0.08242864906787872,-0.061302825808525085,0.37706008553504944,1.528382420539856,0.05634869635105133
3.451814768460576,5.60669454784266,0.8319772604548803,0.8319772604548803,0.07081327815235498,1.555593490600586,-0.2529818117618561,1.532148003578186,0.0861494243144989,-0.059651121497154236,0.3932206630706787,1.5286293029785156,0.1419283151626587
3.4561952440550687,5.015729384738883,0.5085796426258109,0.5085796426258109,1.367616055924294,1.5544853210449219,-0.2539295256137848,1.5325254201889038,0.08048120141029358,-0.05792862921953201,0.4154490530490875,1.529250979423523,0.15523645281791687
3.4605757196495617,5.112004749481525,-2.453618662787545,-2.453618662787545,-0.2502188358415902,1.5533729791641235,-0.22757917642593384,1.5328779220581055,0.07200931012630463,-0.05610876530408859,0.3903624713420868,1.5299309492111206,0.4499577283859253
3.464956195244055,8.364136230791765,-0.5804267517565955,-0.5804267517565955,-0.9915247613741597,1.5523760318756104,-0.23484472930431366,1.5331933498382568,0.06271092593669891,-0.0543987937271595,0.32601621747016907,1.5319019556045532,0.3941003680229187
3.469336670838548,10.226949630866265,0.41872189413411204,0.41872189413411204,-0.07794406714441507,1.551347255706787,-0.2587554156780243,1.5334680080413818,0.07446026057004929,-0.05297068879008293,0.33802157640457153,1.5336283445358276,0.17648684978485107
3.473717146433041,5.152537777147752,-2.336253063920804,-2.336253063920804,-0.6906646716495691,1.5502138137817383,-0.26430416107177734,1.5337941646575928,0.09939034283161163,-0.051489993929862976,0.3525258004665375,1.5344014167785645,0.1562279760837555
3.4780976220275344,8.037174252449244,2.789843392910494,2.789843392910494,-0.7408435270494343,1.549056053161621,-0.28059378266334534,1.5342295169830322,0.09013506770133972,-0.04994576424360275,0.30446940660476685,1.5350857973098755,0.004906654357910156
3.4824780976220278,5.2048810207135885,-1.7486300636462284,-1.7486300636462284,0.8935715990190515,1.547826886177063,-0.29890719056129456,1.5346243381500244,0.10004258155822754,-0.048612043261528015,0.40757665038108826,1.5351072549819946,-0.15805360674858093
3.4868585732165203,6.07459011162708,-0.04868987192806143,-0.04868987192806143,-0.8820447587710186,1.5465174913406372,-0.28213390707969666,1.535062551498413,0.09232790023088455,-0.04682666435837746,0.3304159939289093,1.5344148874282837,0.03422853350639343
3.4912390488110137,4.498568715841713,-1.2461176854920324,-1.2461176854920324,-0.3903610431214419,1.5452816486358643,-0.3025044798851013,1.5354670286178589,0.08907818794250488,-0.045379284769296646,0.3547526001930237,1.5345648527145386,-0.15827633440494537
3.4956195244055066,5.120409965423195,0.24980916866903966,0.24980916866903966,-0.6798246127129859,1.5439565181732178,-0.31206634640693665,1.5358572006225586,0.07571512460708618,-0.04382529854774475,0.329761803150177,1.5338715314865112,-0.2437441349029541
