t,u1,u2,u3,tau,x_q,xdot_q,z_q,zdot_q,theta,theta_dot,beta,beta_dot
0.0,2.829558516894185,-0.31243958686935125,-0.31243958686935125,0.39534806471537925,-2.0,0.0,2.0,0.0,1.1186790014776327e-05,0.0,0.3490658503991208,0.0
0.0043804755944931,4.564967466347655,-1.6891072600267667,-1.6891072600267667,-0.3116756203528096,-2.0,0.0053655486553907394,2.0,-0.009394219145178795,1.1186790288775228e-05,-0.020669642835855484,0.3490658402442932,0.21776744723320007
0.0087609511889862,9.42695603034672,0.40264831553521024,0.40264831553521024,-0.29756818107654315,-1.9999765157699585,0.005355615634471178,1.999958872795105,-0.022048495709896088,-7.935607573017478e-05,-0.06089501455426216,0.35001975297927856,0.21677973866462708
0.0131414267834793,6.491007623485041,0.3712082503368656,0.3712082503368656,-1.1386899922078906,-1.999953031539917,0.008483951911330223,1.9998623132705688,0.006276704370975494,-0.00034610519651323557,-0.04044647514820099,0.3509693443775177,0.3430579602718353
0.0175219023779724,4.489572532254073,-0.6910494303742882,-0.6910494303742882,-0.4916541952449539,-1.9999158382415771,0.002074118237942457,1.999889850616455,-0.01105773076415062,-0.0005232800031080842,0.0036473385989665985,0.35247209668159485,0.08344557881355286
0.0219023779724655,8.152858819526347,-0.5880861900203331,-0.5880861900203331,-0.10164904210373726,-1.9999067783355713,0.0003240832593291998,1.9998414516448975,-0.02886349894106388,-0.000507302931509912,-0.002175634726881981,0.35283762216567993,0.013619616627693176
0.0262828535669586,5.056450052145336,1.5912749820150354,1.5912749820150354,-0.8623906393852401,-1.9999053478240967,0.0044473037123680115,1.999714970588684,-0.006288813427090645,-0.000516833271831274,-0.016381140798330307,0.3528972864151001,0.1803607940673828
0.0306633291614518,8.750025467777725,-1.5355406185388225,-1.5355406185388225,0.012676557792758947,-1.9998859167099,-0.0003703576512634754,1.9996874332427979,-0.02866191975772381,-0.0005885904538445175,0.05527367815375328,0.3536873459815979,-0.012830197811126709
0.0350438047559449,6.341505888062547,-0.06842875479860838,-0.06842875479860838,-0.08045221337041752,-1.9998875856399536,0.005185879301279783,1.9995619058609009,0.001758364960551262,-0.000346465443726629,0.010060828179121017,0.3536311388015747,0.21123240888118744
0.039424280350438,5.421970336760961,0.5304008220095948,0.5304008220095948,-1.3017782317262228,-1.9998648166656494,0.008406175300478935,1.9995696544647217,0.009725470095872879,-0.0003023942408617586,0.010411951690912247,0.35455644130706787,0.3403762876987457
0.0438047559449311,5.776174154285583,0.1058999281664259,0.1058999281664259,-0.3604406184600403,-1.9998279809951782,-0.0002520093694329262,1.9996122121810913,-0.020615175366401672,-0.00025678492966108024,0.0639173835515976,0.35604745149612427,-0.006757795810699463
0.0481852315394242,4.042083026589452,0.7248256212449304,0.7248256212449304,0.03996913554998388,-1.9998290538787842,1.317812711931765e-05,1.9995218515396118,-0.02439458854496479,2.320361090824008e-05,0.07753600180149078,0.3560178577899933,0.00419597327709198
0.0525657071339173,4.606929559056969,0.3576319912109643,0.3576319912109643,-0.6889498537212748,-1.9998290538787842,0.0029288185760378838,1.9994150400161743,-0.0326189361512661,0.0003628481936175376,0.09753598272800446,0.3560362458229065,0.12029522657394409
0.0569461827284105,4.443362689967293,-0.18640947846091244,-0.18640947846091244,-0.5743068742942619,-1.9998161792755127,-0.0005761883221566677,1.999272108078003,-0.05438990145921707,0.0007901021745055914,0.1280994862318039,0.3565632104873657,-0.019909173250198364
0.0613266583229036,7.341889547631422,0.12886073782279878,0.12886073782279878,-0.7306926245991471,-1.9998186826705933,-0.0031116323079913855,1.999033808708191,-0.07465171813964844,0.001351238926872611,0.1394273191690445,0.3564760088920593,-0.12167728692293167
0.0657071339173967,6.87256955531654,-0.07632061274033865,-0.07632061274033865,-0.548238884879028,-1.999832272529602,-0.0052314866334199905,1.9987068176269531,-0.07463076710700989,0.001961996778845787,0.1645289957523346,0.3559429943561554,-0.20880445837974548
0.0700876095118898,4.8587964901840754,-1.5149631282893936,-1.5149631282893936,-1.3222584458158182,-1.9998551607131958,-0.005909920670092106,1.9983799457550049,-0.07395661622285843,0.0026827119290828705,0.17831051349639893,0.35502833127975464,-0.2399202585220337
0.0744680851063829,6.4034608782363165,0.9704785768949638,0.9704785768949638,-0.5860998526741479,-1.9998810291290283,-0.015039663761854172,1.9980559349060059,-0.109495148062706,0.003463796805590391,0.17268292605876923,0.35397735238075256,-0.6086560487747192
0.078848560700876,5.008286973476727,0.3117204235922223,0.3117204235922223,-0.058676839552730786,-1.99994695186615,-0.01619868353009224,1.9975762367248535,-0.11371156573295593,0.004220230039209127,0.21813994646072388,0.3513111472129822,-0.6653771996498108
0.0832290362953692,6.344730567311545,-1.2247105778244611,-1.2247105778244611,0.11975981685634363,-2.0000178813934326,-0.013345845974981785,1.9970781803131104,-0.11634905636310577,0.005175787024199963,0.22895671427249908,0.3483964800834656,-0.5612637400627136
0.0876095118898623,7.383219009445445,-1.2923731905536984,-1.2923731905536984,-0.08259373793000396,-2.0000762939453125,-0.008013524115085602,1.9965685606002808,-0.10329565405845642,0.006178726442158222,0.18969391286373138,0.3459378778934479,-0.35712629556655884
0.0919899874843554,5.9714710515217355,-0.8043064989796873,-0.8043064989796873,-0.22992662398622055,-2.0001113414764404,-0.0038756374269723892,1.996116042137146,-0.0865979790687561,0.007009676191955805,0.15436452627182007,0.344373494386673,-0.20170500874519348
0.0963704630788485,7.6984025004285765,-1.7120023386378544,-1.7120023386378544,-1.2227773099412627,-2.0001282691955566,-0.001996760256588459,1.9957367181777954,-0.0853942334651947,0.007685866206884384,0.13759081065654755,0.34348994493484497,-0.13640347123146057
0.1007509386733416,6.754805278505973,0.9908130597156702,0.9908130597156702,0.18375190510855405,-2.0001370906829834,-0.00789128802716732,1.995362639427185,-0.0947171151638031,0.008288579061627388,0.12330389022827148,0.34289243817329407,-0.3958399295806885
0.1051314142678347,7.702925697012123,-1.1761488463894263,-1.1761488463894263,-0.06593582991190222,-2.000171661376953,-0.001690281555056572,1.9949477910995483,-0.07654372602701187,0.008828708902001381,0.1468726396560669,0.3411584794521332,-0.15711888670921326
0.1095118898623279,7.797020388074163,1.3231104688676645,1.3231104688676645,-0.32299362466244697,-2.0001790523529053,0.0028710616752505302,1.994612455368042,-0.05668889731168747,0.009472080506384373,0.11445090174674988,0.34047022461891174,0.013044863939285278
0.113892365456821,6.587596992529337,0.4264104698412087,0.4264104698412087,-0.5259349353042165,-2.000166416168213,0.005221010185778141,1.9943641424179077,-0.04251161217689514,0.009973430074751377,0.1625223606824875,0.34052735567092896,0.09029396623373032
0.1182728410513141,7.09797110957278,0.2909339768830549,0.2909339768830549,-0.15194741522484456,-2.000143527984619,0.004972720053046942,1.9941779375076294,-0.04357374832034111,0.01068535540252924,0.19033387303352356,0.34092289209365845,0.061693668365478516
0.1226533166458072,6.304349864058824,-1.021469454273645,-1.021469454273645,0.5790469605130144,-2.000121831893921,0.008443551138043404,1.9939870834350586,-0.030939478427171707,0.011519107967615128,0.2032674103975296,0.34119313955307007,0.18478615581989288
0.1270337922403003,3.9831739563249693,1.3927905203206772,1.3927905203206772,-1.2840664620104936,-2.00008487701416,0.01795925572514534,1.9938515424728394,-0.006539981812238693,0.012409515678882599,0.15652725100517273,0.34200260043144226,0.559081494808197
0.1314142678347934,4.54356274436132,-0.688886074589001,-0.688886074589001,-1.2665669164199458,-2.0000061988830566,0.009304104372859001,1.9938229322433472,-0.048528701066970825,0.013095179572701454,0.23469996452331543,0.3444516360759735,0.18335998058319092
0.1357947434292866,7.801915961833885,2.1984668436893213,2.1984668436893213,0.8868797810074298,-1.9999654293060303,0.0010716477409005165,1.9936103820800781,-0.08533896505832672,0.014123276807367802,0.25157007575035095,0.3452548384666443,-0.17176508903503418
0.1401752190237797,6.809285932582546,-0.1739798994734918,-0.1739798994734918,0.213449788212271,-1.9999607801437378,0.014644843526184559,1.9932365417480469,-0.040705326944589615,0.015225273557007313,0.28987258672714233,0.34450241923332214,0.35452800989151
0.1445556946182728,4.650558228162547,-0.45886624322694103,-0.45886624322694103,-0.5637543485004757,-1.9998966455459595,0.021489357575774193,1.993058204650879,-0.02131720632314682,0.016495052725076675,0.2785584032535553,0.34605541825294495,0.6059600114822388
0.1489361702127659,5.727631751705662,-1.3079390214700968,-1.3079390214700968,-0.2914662471828442,-1.9998024702072144,0.019871683791279793,1.9929648637771606,-0.039578311145305634,0.017715271562337875,0.28162145614624023,0.3487098217010498,0.51439368724823
0.153316645807259,4.954652712042522,0.294015287512405,0.294015287512405,-1.5628341027555857,-1.9997154474258423,0.021527372300624847,1.9927915334701538,-0.04197464510798454,0.018948907032608986,0.25193724036216736,0.35096311569213867,0.5510302186012268
0.1576971214017521,7.9577501305244915,-0.19399531753925617,-0.19399531753925617,-0.43099704059527355,-1.9996211528778076,0.010981225408613682,1.9926077127456665,-0.08275949954986572,0.020052511245012283,0.30616313219070435,0.3533768951892853,0.09633591771125793
0.1620775969962453,4.935116061069598,2.2095036350578727,2.2095036350578727,-0.706874839852125,-1.999572992324829,0.013070214539766312,1.9922451972961426,-0.06999072432518005,0.021393651142716408,0.31308433413505554,0.35379889607429504,0.13741153478622437
0.1664580725907384,7.350818934696042,-0.6333397151552893,-0.6333397151552893,-0.9890783333982852,-1.9995157718658447,0.010344471782445908,1.991938591003418,-0.0894165188074112,0.022765109315514565,0.39825183153152466,0.3544008135795593,-0.00018553435802459717
0.1708385481852315,11.136467779113861,0.3336816790911563,0.3336816790911563,1.3457518978719423,-1.9994704723358154,0.006928028538823128,1.991546869277954,-0.09570886939764023,0.024509642273187637,0.4086405336856842,0.35440000891685486,-0.18141037225723267
0.1752190237797246,4.809128599193867,-1.1619404582504496,-1.1619404582504496,-1.1444392394867018,-1.99944007396698,0.028277849778532982,1.991127610206604,-0.011806830763816833,0.02629968151450157,0.37908488512039185,0.35360535979270935,0.5995579957962036
0.1795994993742177,6.716649565087119,0.8134441666051027,0.8134441666051027,-0.09669762929889586,-1.9993162155151367,0.021669631823897362,1.991075873374939,-0.04328581318259239,0.02796025387942791,0.37857380509376526,0.3562317192554474,0.2966296672821045
0.1839799749687108,6.46562253320312,2.827245275369079,2.827245275369079,-0.3004923533933679,-1.9992213249206543,0.026313763111829758,1.9908862113952637,-0.032519686967134476,0.029618587344884872,0.405152827501297,0.3575311005115509,0.43069523572921753
0.188360450563204,6.1781853462402285,1.9431604172626136,1.9431604172626136,-0.8481952649944859,-1.9991060495376587,0.02895711548626423,1.9907437562942505,-0.028971416875720024,0.031393349170684814,0.4964926838874817,0.35941773653030396,0.48281025886535645
0.1927409261576971,6.5325046688240285,-0.09847989553860759,-0.09847989553860759,0.5903062718513732,-1.9989792108535767,0.026303723454475403,1.990616798400879,-0.04154118895530701,0.03356822207570076,0.5780091285705566,0.36153268814086914,0.32441794872283936
0.1971214017521902,6.195761368243772,1.5699168555963885,1.5699168555963885,-0.9322228977172438,-1.998863935470581,0.037587281316518784,1.9904348850250244,-0.015164636075496674,0.036100178956985474,0.5578944087028503,0.362953782081604,0.7087575197219849
0.2015018773466833,7.736226519582439,-0.5749011007472835,-0.5749011007472835,-0.6995222048943632,-1.9986993074417114,0.03438872843980789,1.9903684854507446,-0.029705706983804703,0.03854402154684067,0.6309648156166077,0.36605846881866455,0.5196934342384338
0.2058823529411764,5.797557716874666,-1.2360404233152016,-1.2360404233152016,-0.47966048258661126,-1.9985486268997192,0.0348086953163147,1.9902383089065552,-0.025534112006425858,0.041307948529720306,0.6346041560173035,0.36833497881889343,0.45592600107192993
0.2102628285356695,10.24864194876071,-2.107746181699427,-2.107746181699427,0.06277343756222642,-1.9983961582183838,0.03565378114581108,1.9901264905929565,-0.03206592798233032,0.044087816029787064,0.6125154495239258,0.37033215165138245,0.42469844222068787
0.2146433041301627,9.654882363975668,0.24838399500687375,0.24838399500687375,-1.5256009846934722,-1.9982399940490723,0.04608656093478203,1.9899860620498657,0.012092296034097672,0.04677092656493187,0.5491293668746948,0.37219253182411194,0.7074819803237915
0.2190237797246558,8.353256791157525,-2.355207008467187,-2.355207008467187,-0.9096772350333313,-1.9980380535125732,0.040815092623233795,1.9900389909744263,0.011689353734254837,0.04917637258768082,0.6009353399276733,0.375291645526886,0.38592594861984253
0.2234042553191489,7.631745709426574,-0.703635885072601,-0.703635885072601,-0.909613083583036,-1.997859239578247,0.04026464372873306,1.990090250968933,0.015795346349477768,0.05180875584483147,0.5587213039398193,0.376982182264328,0.25989603996276855
0.227784730913642,6.093024200164335,2.0328147097607046,2.0328147097607046,0.1275053492579178,-1.997682809829712,0.03909127414226532,1.9901593923568726,0.013894200325012207,0.054256219416856766,0.5647364854812622,0.37812066078186035,0.1156822144985199
0.2321652065081351,7.073290324528247,-2.4196822838689047,-2.4196822838689047,-0.9576448134075926,-1.997511625289917,0.046659134328365326,1.990220308303833,0.024927230551838875,0.056730031967163086,0.6203775405883789,0.37862738966941833,0.31739020347595215
0.2365456821026282,3.6172961176471397,1.106665113839889,1.106665113839889,-0.42556104719283583,-1.9973071813583374,0.04467248171567917,1.9903295040130615,0.017176583409309387,0.059447579085826874,0.5776814222335815,0.3800176978111267,0.14140591025352478
0.2409261576971214,6.404743796192454,-1.8329319685221928,-1.8329319685221928,-0.5545896310084893,-1.997111439704895,0.04434164613485336,1.990404725074768,-0.006184320896863937,0.06197809800505638,0.6224272847175598,0.38063710927963257,0.07526220381259918
0.2453066332916145,8.351456787948198,-0.5319297424211192,-0.5319297424211192,-0.11443939454491103,-1.9969172477722168,0.04582793265581131,1.99037766456604,-0.009490953758358955,0.06470462679862976,0.5850956439971924,0.38096678256988525,0.032055940479040146
0.2496871088861076,2.7945659295582375,-1.6288009518940492,-1.6288009518940492,-1.054340081614988,-1.9967164993286133,0.053968362510204315,1.9903360605239868,0.014365779235959053,0.06726762652397156,0.5729036331176758,0.3811072111129761,0.20175153017044067
0.2540675844806007,5.099946633426768,-1.1925199427112532,-1.1925199427112532,-0.9412698988143365,-1.996480107307434,0.046652231365442276,1.9903990030288696,-0.031458497047424316,0.0697772204875946,0.5561275482177734,0.3819909691810608,-0.11841762065887451
0.2584480600750938,6.6402927917958525,0.2069749628607806,0.2069749628607806,-0.7426646028871728,-1.996275782585144,0.04312833398580551,1.990261197090149,-0.055238187313079834,0.0722133219242096,0.5487902760505676,0.38147222995758057,-0.33795157074928284
0.2628285356695869,5.459033349035944,-1.1532097376702448,-1.1532097376702448,-0.3562090147555138,-1.996086835861206,0.043495189398527145,1.9900192022323608,-0.061253417283296585,0.07461728155612946,0.5765227675437927,0.3799918293952942,-0.4444495439529419
0.2672090112640801,4.097884322160786,-1.5817543099290734,-1.5817543099290734,0.05020487441188598,-1.995896339416504,0.04644916579127312,1.989750862121582,-0.06754010915756226,0.07714272290468216,0.5532478094100952,0.3780449330806732,-0.4374564290046692
0.2715894868585732,4.361804647712258,-0.19961842546125774,-0.19961842546125774,-0.13794114691601306,-1.9956928491592407,0.051884572952985764,1.989454984664917,-0.07508432120084763,0.07956621050834656,0.5055894255638123,0.3761286735534668,-0.314214825630188
0.2759699624530663,6.971213141725156,1.718399850756597,1.718399850756597,-1.440915868325019,-1.9954655170440674,0.05581751465797424,1.9891260862350464,-0.08508125692605972,0.08178093284368515,0.5037882328033447,0.3747522532939911,-0.2538992762565613
0.2803504380475594,4.059763375006378,0.30170842851062135,0.30170842851062135,-0.10649465154999888,-1.9952210187911987,0.05023356154561043,1.9887534379959106,-0.10568983107805252,0.0839877650141716,0.5960502624511719,0.3736400604248047,-0.6101608276367188
0.2847309136420525,6.035662711026562,-2.129265450613366,-2.129265450613366,-0.3306961915094405,-1.995000958442688,0.054305609315633774,1.9882904291152954,-0.11744914203882217,0.08659874647855759,0.6079710721969604,0.3709672689437866,-0.5456812381744385
0.2891113892365456,9.09195418389808,-2.0555661540828813,-2.0555661540828813,-1.1129331151238577,-1.9947630167007446,0.058707889169454575,1.9877759218215942,-0.11826721578836441,0.08926194906234741,0.5554471611976624,0.36857691407203674,-0.5135366916656494
0.2934918648310388,8.377718137279462,-0.5867631185229594,-0.5867631185229594,0.30750903613789105,-1.9945058822631836,0.05952620133757591,1.9872578382492065,-0.11303550750017166,0.09169507026672363,0.5279192924499512,0.3663273751735687,-0.6928911209106445
0.2978723404255319,8.086111785394387,-0.32098002058409125,-0.32098002058409125,-0.6316404815087788,-1.994245171546936,0.0732802227139473,1.9867626428604126,-0.07835319638252258,0.09400761127471924,0.5018036961555481,0.3632921874523163,-0.3632483184337616
0.302252816020025,5.547275285435897,0.2713496347421592,0.2713496347421592,-0.2160919407690741,-1.9939241409301758,0.07770605385303497,1.986419439315796,-0.0694991946220398,0.09620574861764908,0.510875940322876,0.36170098185539246,-0.3892732262611389
0.3066332916145181,7.914217657217313,-0.7466930190304091,-0.7466930190304091,-0.540447155325735,-1.9935837984085083,0.08290150761604309,1.9861149787902832,-0.07149188220500946,0.09844362735748291,0.5251107811927795,0.3599957823753357,-0.3263745903968811
0.3110137672090112,5.389412064849619,0.5091678868027807,0.5091678868027807,-0.11221600650790647,-1.9932206869125366,0.08820804208517075,1.9858018159866333,-0.06178724393248558,0.1007438600063324,0.5190877318382263,0.3585661053657532,-0.3225618302822113
0.3153942428035043,3.1853672719425967,0.9156946542885334,0.9156946542885334,-0.6623012130251331,-1.9928343296051025,0.09431597590446472,1.985531210899353,-0.062487028539180756,0.10301771014928818,0.5372341275215149,0.35715311765670776,-0.2249053716659546
0.3197747183979975,5.154704756331185,-3.262167663948658,-3.262167663948658,-0.12059925315173597,-1.9924211502075195,0.09239795804023743,1.9852575063705444,-0.09539572149515152,0.10537105053663254,0.5833166241645813,0.35616791248321533,-0.38824689388275146
0.3241551939924906,7.644503697558524,0.22529331470015335,0.22529331470015335,-0.005607814514232534,-1.9920164346694946,0.09828033298254013,1.984839677810669,-0.09826873242855072,0.10792625695466995,0.49157285690307617,0.3544672131538391,-0.29952383041381836
0.3285356695869837,5.869639280111238,0.24249876713543922,0.24249876713543922,-0.9844604914710972,-1.9915859699249268,0.10869123041629791,1.984409213066101,-0.0774092972278595,0.1100795790553093,0.4983159005641937,0.3531551659107208,-0.10344962775707245
0.3329161451814768,8.184279423277525,-1.7261807121894213,-1.7261807121894213,-0.22179435296576372,-1.991109848022461,0.10768014192581177,1.9840701818466187,-0.09594116359949112,0.11226244270801544,0.5341470241546631,0.3527020215988159,-0.31645822525024414
0.3372966207759699,7.119622097624393,0.1764049824146542,0.1764049824146542,-0.0767821759596577,-1.9906381368637085,0.11705271899700165,1.9836499691009521,-0.07598284631967545,0.11460226029157639,0.49021416902542114,0.35131579637527466,-0.18628759682178497
0.341677096370463,5.614778699107145,-0.7999538175853501,-0.7999538175853501,-0.6505044952334383,-1.9901254177093506,0.12636277079582214,1.9833171367645264,-0.06128726899623871,0.11674962937831879,0.4976080358028412,0.3504997789859772,-0.029781043529510498
0.3460575719649562,4.646456742673351,1.7335641464548832,1.7335641464548832,-0.6997579073838502,-1.9895719289779663,0.12835803627967834,1.983048677444458,-0.07358796894550323,0.11892938613891602,0.49324363470077515,0.35036933422088623,-0.12515519559383392
0.3504380475594493,6.0431635312158525,-0.8916954890102293,-0.8916954890102293,-0.9756940215401129,-1.9890096187591553,0.12860174477100372,1.9827263355255127,-0.0952366441488266,0.12109002470970154,0.5643043518066406,0.3498210906982422,-0.2639177739620209
0.3548185231539424,8.952925863211991,-0.5954830818189383,-0.5954830818189383,-0.45335768086031425,-1.9884462356567383,0.1284279078245163,1.982309103012085,-0.1121339425444603,0.12356194853782654,0.5667573809623718,0.3486649990081787,-0.4686301350593567
0.3591989987484355,7.265604704262884,-2.2170703207999205,-2.2170703207999205,0.21743470033918427,-1.9878836870193481,0.1374397575855255,1.9818179607391357,-0.09157861024141312,0.1260446161031723,0.5626068711280823,0.34661218523979187,-0.40358108282089233
0.3635794743429286,2.40951037483103,-0.9952295698401554,-0.9952295698401554,-0.8569420587360973,-1.9872816801071167,0.15018042922019958,1.9814168214797974,-0.06827784329652786,0.12850910425186157,0.49151161313056946,0.3448443114757538,-0.1334000825881958
0.3679599499374217,5.133058702345652,-0.45000288861831117,-0.45000288861831117,-0.5136365098522786,-1.986623764038086,0.1460300087928772,1.9811177253723145,-0.1126362681388855,0.13066215813159943,0.48747318983078003,0.34425994753837585,-0.38846877217292786
0.3723404255319149,6.811248390272005,-0.8008926415310906,-0.8008926415310906,0.1207860255027502,-1.9859840869903564,0.1491534560918808,1.9806243181228638,-0.12557534873485565,0.13279752433300018,0.4893314838409424,0.34255826473236084,-0.44497010111808777
0.376720901126408,7.403745288567355,-0.18297638043836933,-0.18297638043836933,-0.4907132230718907,-1.9853307008743286,0.1606094390153885,1.9800742864608765,-0.10850057005882263,0.13494102656841278,0.46241554617881775,0.340609073638916,-0.22208143770694733
0.3811013767209011,8.485400841841976,-0.7399361951048657,-0.7399361951048657,-1.0946659895261575,-1.9846271276474,0.16753526031970978,1.9795989990234375,-0.10184692591428757,0.13696663081645966,0.47140243649482727,0.3396362364292145,-0.2104354202747345
0.3854818523153942,7.874868021613092,-4.604009780435705,-4.604009780435705,0.3209504488390905,-1.9838932752609253,0.1708454042673111,1.9791529178619385,-0.10136199742555618,0.13903160393238068,0.4817616641521454,0.3387144207954407,-0.39444828033447266
0.3898623279098873,6.232622624575037,0.4799519555920395,0.4799519555920395,-0.3529339510441456,-1.9831448793411255,0.18594570457935333,1.9787088632583618,-0.07032287865877151,0.14114195108413696,0.33793723583221436,0.3369865417480469,-0.06904959678649902
0.3942428035043804,6.594127070046013,0.4586458642778538,0.4586458642778538,-0.8545437856358209,-1.982330322265625,0.1925569474697113,1.9784008264541626,-0.07001000642776489,0.14262227714061737,0.3622601330280304,0.33668407797813416,-0.036597367376089096
0.3986232790988736,6.173804995728213,-1.2808371616181082,-1.2808371616181082,0.8443975652317987,-1.9814867973327637,0.1953670084476471,1.9780941009521484,-0.07932945340871811,0.1442091464996338,0.40060943365097046,0.33652377128601074,-0.18073084950447083
0.4030037546933667,5.3375390674655,-2.1614637435461383,-2.1614637435461383,-1.6308601837440078,-1.9806309938430786,0.21258921921253204,1.977746605873108,-0.04931306093931198,0.14596401154994965,0.3385458290576935,0.3357320725917816,0.2945671081542969
0.4073842302878598,4.379266876597185,-0.2904390117237567,-0.2904390117237567,-0.46701162173166344,-1.979699730873108,0.2067466378211975,1.977530598640442,-0.088767871260643,0.14744700491428375,0.32305052876472473,0.33702242374420166,-0.17046284675598145
0.4117647058823529,9.543754393473009,3.101422782454071,3.101422782454071,-0.7116835447422643,-1.9787940979003906,0.2096489518880844,1.9771417379379272,-0.10687120258808136,0.14886212348937988,0.32820701599121094,0.33627572655677795,-0.22879134118556976
0.416145181476846,6.678214557427858,-1.033669794753336,-1.033669794753336,-2.005324225412786,-1.9778757095336914,0.2187681496143341,1.9766736030578613,-0.08793056011199951,0.1502998322248459,0.4395618140697479,0.33527350425720215,-0.2422322779893875
0.4205256570713391,4.2841595498065175,2.0500230394604326,2.0500230394604326,-1.2244267481361644,-1.9769173860549927,0.21196508407592773,1.9762884378433228,-0.12563273310661316,0.1522253155708313,0.4679372012615204,0.33421242237091064,-0.8108571171760559
0.4249061326658322,12.470610897337323,-1.014479911567077,-1.014479911567077,-0.18554644683482058,-1.9759888648986816,0.20841144025325775,1.9757380485534668,-0.16373568773269653,0.1542751044034958,0.5635614991188049,0.33066049218177795,-1.1525641679763794
0.4292866082603254,5.255093973852917,-2.335780884655183,-2.335780884655183,0.21611542511228765,-1.9750759601593018,0.2276298999786377,1.9750207662582397,-0.1071421205997467,0.15674376487731934,0.5393540263175964,0.3256117105484009,-0.8932510614395142
0.4336670838548185,10.487198230432238,0.38677548153076957,0.38677548153076957,-0.4139175198666454,-1.9740787744522095,0.23836831748485565,1.9745514392852783,-0.1007157564163208,0.15910638868808746,0.46483057737350464,0.3216988444328308,-0.6745925545692444
0.4380475594493116,5.3011329044521975,0.2421633210140498,0.2421633210140498,-0.3751123581445707,-1.9730346202850342,0.25236818194389343,1.9741102457046509,-0.06639119982719421,0.16114257276058197,0.48821336030960083,0.3187437951564789,-0.5515584349632263
0.4424280350438047,7.514768887941248,1.1926325412338739,1.1926325412338739,-0.36230367491029686,-1.9719290733337402,0.25813865661621094,1.973819375038147,-0.0745084285736084,0.1632811725139618,0.5062397718429565,0.3163277208805084,-0.5508052706718445
0.4468085106382978,6.066499641360355,-0.3980847897987654,-0.3980847897987654,0.213251202954499,-1.9707982540130615,0.2677980363368988,1.973492980003357,-0.06376102566719055,0.165498748421669,0.5516488552093506,0.3139149248600006,-0.48672181367874146
0.4511889862327909,7.4306062864095646,-0.9184541517872563,-0.9184541517872563,-0.40542186779485473,-1.9696251153945923,0.27984991669654846,1.9732136726379395,-0.05051255226135254,0.1679152399301529,0.5337958931922913,0.3117828369140625,-0.24722225964069366
0.4555694618272841,6.535147903377183,-1.579409151952182,-1.579409151952182,0.26693566184681605,-1.9683992862701416,0.2891550064086914,1.9729924201965332,-0.04155634343624115,0.17025351524353027,0.5188137292861938,0.3106998801231384,-0.2010916769504547
0.4599499374217772,5.986854284971444,-0.7636967892025961,-0.7636967892025961,-1.273342525776728,-1.9671326875686646,0.3025290369987488,1.9728103876113892,-0.022999202832579613,0.17252616584300995,0.4648945927619934,0.3098190128803253,0.07091712951660156
0.4643304130162703,6.495919253789829,1.3672155133326247,1.3672155133326247,-1.1070222560957266,-1.9658074378967285,0.3024772107601166,1.9727096557617188,-0.04824759066104889,0.17456261813640594,0.47977787256240845,0.31012967228889465,-0.2430429458618164
0.4687108886107634,4.382391938791924,1.0564772756677887,1.0564772756677887,-0.7856644630962246,-1.9644824266433716,0.30475741624832153,1.9724982976913452,-0.0650145560503006,0.17666427791118622,0.5520334243774414,0.3090650141239166,-0.4817693829536438
0.4730913642052565,5.5145980639915955,-3.634401960565821,-3.634401960565821,-1.2180224989541417,-1.9631474018096924,0.30611109733581543,1.9722135066986084,-0.09132593870162964,0.179082453250885,0.6058298349380493,0.30695462226867676,-0.6571800708770752
0.4774718397997496,8.412339948014198,-1.561225902900768,-1.561225902900768,-0.17278609376207882,-1.9618065357208252,0.306125283241272,1.971813440322876,-0.11921054124832153,0.1817362755537033,0.5352638959884644,0.30407586693763733,-0.9629341959953308
0.4818523153942428,4.5608160095623305,0.9871425799000757,0.9871425799000757,-0.10796444106439734,-1.9604655504226685,0.31995710730552673,1.971291184425354,-0.09625707566738129,0.18408098816871643,0.4947170615196228,0.2998577654361725,-0.8038704991340637
0.4862327909887359,7.2207759692469855,-1.2951186241444836,-1.2951186241444836,0.14752337381214775,-1.95906400680542,0.3274337947368622,1.970869541168213,-0.10386347770690918,0.1862480789422989,0.5266976356506348,0.29633644223213196,-0.7228391170501709
0.490613266583229,8.247880515190362,-0.9429510780228387,-0.9429510780228387,0.35005111928122745,-1.957629680633545,0.3416798710823059,1.9704145193099976,-0.08265644311904907,0.1885552704334259,0.48456791043281555,0.2931700646877289,-0.4762607216835022
0.4949937421777221,4.52987774297957,-0.3600682797002488,-0.3600682797002488,-1.5695930612166222,-1.9561330080032349,0.35930877923965454,1.9700524806976318,-0.047636523842811584,0.19067791104316711,0.4468081593513489,0.29108381271362305,-0.12711641192436218
0.4993742177722152,6.390935315863944,-0.7531579814803699,-0.7531579814803699,0.09956162895995968,-1.954559087753296,0.3554791510105133,1.969843864440918,-0.09287670254707336,0.19263514876365662,0.48213011026382446,0.29052698612213135,-0.5890499353408813
0.5037546933667083,6.282478776512004,-0.9559757239157675,-0.9559757239157675,0.27975101492135196,-1.9530019760131836,0.3679998517036438,1.9694370031356812,-0.0798381045460701,0.19474710524082184,0.45722800493240356,0.2879466712474823,-0.38209861516952515
0.5081351689612015,7.83300075168298,-3.0793586831886,-3.0793586831886,0.5101746920503121,-1.9513899087905884,0.3816816806793213,1.9690872430801392,-0.06307193636894226,0.1967499852180481,0.4211408793926239,0.28627288341522217,-0.11109712719917297
0.5125156445556946,4.472603085928731,-0.098831686392723,-0.098831686392723,-1.2244995597889479,-1.9497179985046387,0.39997175335884094,1.9688109159469604,-0.02741285040974617,0.19859477877616882,0.3163151144981384,0.2857862114906311,0.28673914074897766
0.5168961201501877,6.507822487915378,-1.6031693979553783,-1.6031693979553783,-1.9330355898641183,-1.9479659795761108,0.3990626335144043,1.9686908721923828,-0.06437399983406067,0.19998039305210114,0.3491881787776947,0.2870422601699829,-0.0485210120677948
0.5212765957446808,4.098840041901212,-0.5155603847584838,-0.5155603847584838,-0.6428411266665549,-1.9462178945541382,0.39657559990882874,1.9684089422225952,-0.10246828198432922,0.2015099972486496,0.3588213324546814,0.28682971000671387,-0.5924911499023438
0.5256570713391739,4.65662680206279,0.664498434842139,0.664498434842139,0.06882357975472747,-1.9444806575775146,0.3995068073272705,1.9679601192474365,-0.12767566740512848,0.20308180153369904,0.36253833770751953,0.28423431515693665,-0.7218590378761292
0.5300375469336671,3.8838993502677175,-0.21654459008469074,-0.21654459008469074,-0.24507390691094988,-1.9427306652069092,0.40893903374671936,1.9674007892608643,-0.12998689711093903,0.20466989278793335,0.3799339234828949,0.2810722291469574,-0.572262167930603
0.5344180225281602,5.267260581768725,-3.4592574025418057,-3.4592574025418057,-0.6189022322121465,-1.9409393072128296,0.4145447015762329,1.9668313264846802,-0.1468012034893036,0.206334188580513,0.3807670772075653,0.2785654366016388,-0.5596862435340881
0.5387984981226532,5.381139145373785,-0.28166135424307814,-0.28166135424307814,-0.17075125638146654,-1.9391233921051025,0.42005637288093567,1.9661883115768433,-0.1616586446762085,0.20800213515758514,0.29781970381736755,0.27611374855041504,-0.6489088535308838
0.5431789737171464,3.439563431917091,0.24621913963753828,0.24621913963753828,-0.05402459573132984,-1.9372833967208862,0.4291558861732483,1.9654802083969116,-0.1640612930059433,0.2093067318201065,0.2945807874202728,0.27327123284339905,-0.56876540184021
0.5475594493116396,8.46470107393738,-0.8049109730482767,-0.8049109730482767,-0.039662868229425774,-1.9354034662246704,0.43540599942207336,1.96476149559021,-0.17968937754631042,0.21059714257717133,0.3033488690853119,0.2707797586917877,-0.4970617890357971
0.5519399249061326,8.461180800842685,1.0769177464514015,1.0769177464514015,-0.09388446488819346,-1.9334962368011475,0.4513292610645294,1.9639743566513062,-0.15292112529277802,0.2119259536266327,0.2810012102127075,0.2686024010181427,-0.2859315276145935
0.5563204005006257,7.948483412939492,-0.2603707983048162,-0.2603707983048162,-1.1214715055590205,-1.9315191507339478,0.4668531119823456,1.9633045196533203,-0.1275692880153656,0.21315687894821167,0.3151923418045044,0.26734989881515503,-0.09496802091598511
0.5607008760951189,5.706111681597525,-1.6698562637499366,-1.6698562637499366,-1.4216177960684655,-1.929474115371704,0.4741680324077606,1.9627456665039062,-0.13299699127674103,0.21453757584095,0.34033921360969543,0.2669338881969452,-0.2989484369754791
0.565081351689612,6.43039800731972,1.4447694800631108,1.4447694800631108,0.23576434657303758,-1.9273970127105713,0.47515344619750977,1.9621630907058716,-0.1649305820465088,0.21602842211723328,0.3330898582935333,0.26562434434890747,-0.6741343140602112
0.5694618272841051,3.7464649483961385,-0.9027612389951739,-0.9027612389951739,-1.2168737510325374,-1.9253156185150146,0.48936864733695984,1.9614405632019043,-0.14811328053474426,0.21748751401901245,0.3683966398239136,0.2626713216304779,-0.41498303413391113
0.5738423028785982,7.582021078692986,-1.1556983155303764,-1.1556983155303764,-0.20141717397252495,-1.9231719970703125,0.4882282614707947,1.9607917070388794,-0.1911976933479309,0.21910126507282257,0.3775697350502014,0.26085349917411804,-0.7664709687232971
0.5782227784730913,1.9099878574810925,-1.98785328043332,-1.98785328043332,0.15736714496435988,-1.9210333824157715,0.5017517805099487,1.9599541425704956,-0.1760578751564026,0.2207552045583725,0.3497017025947571,0.2574959993362427,-0.6387209296226501
0.5826032540675845,4.734131227972956,2.0773320307585363,2.0773320307585363,0.1265418737361526,-1.9188355207443237,0.5066676139831543,1.9591829776763916,-0.19903473556041718,0.22228705883026123,0.28705447912216187,0.25469809770584106,-0.5293105840682983
0.5869837296620776,6.70540216557078,0.5951414575296828,0.5951414575296828,-0.2630607317733735,-1.9166160821914673,0.5168489813804626,1.9583110809326172,-0.19919845461845398,0.22354449331760406,0.344023734331131,0.25237947702407837,-0.3558822572231293
0.5913642052565706,7.451183122199516,-0.5442712068416069,-0.5442712068416069,-0.3432940070334034,-1.9143520593643188,0.5282505750656128,1.9574384689331055,-0.19296374917030334,0.22505147755146027,0.36908596754074097,0.2508205473423004,-0.2743348181247711
0.5957446808510638,4.75457729882557,-0.7508307149047547,-0.7508307149047547,-0.3885664243695031,-1.9120380878448486,0.5406254529953003,1.9565931558609009,-0.18258380889892578,0.22666825354099274,0.3632167875766754,0.24961882829666138,-0.20261558890342712
0.600125156445557,7.848522733767321,-0.017748847315571692,-0.017748847315571692,-0.6796854387048348,-1.9096698760986328,0.5474465489387512,1.9557933807373047,-0.19591210782527924,0.22825931012630463,0.35263752937316895,0.24873127043247223,-0.2197411209344864
0.60450563204005,8.53391132332002,-0.9397997296418972,-0.9397997296418972,-0.7823227352907894,-1.9072717428207397,0.5585315823554993,1.9549351930618286,-0.19095832109451294,0.22980402410030365,0.37196817994117737,0.24776870012283325,-0.26219865679740906
0.6088861076345431,6.308542665471267,-1.1811547909515736,-1.1811547909515736,-0.8318531670581565,-1.9048250913619995,0.5703946352005005,1.9540987014770508,-0.18296203017234802,0.2314334213733673,0.3673693537712097,0.24662014842033386,-0.3244130313396454
0.6132665832290363,4.096109063324596,-2.636161994065437,-2.636161994065437,-1.1808906837213122,-1.9023264646530151,0.5775968432426453,1.9532972574234009,-0.19484877586364746,0.2330426722764969,0.35716864466667175,0.2451990693807602,-0.4644714891910553
0.6176470588235294,5.177780399983001,-1.5150259284963754,-1.5150259284963754,0.06776169687245465,-1.8997963666915894,0.5782124996185303,1.9524437189102173,-0.2342759221792221,0.23460723459720612,0.3146701157093048,0.24316446483135223,-0.7931678295135498
0.6220275344180225,5.724347205747204,-1.7127831254432415,-1.7127831254432415,0.6599443369629492,-1.897263526916504,0.5892545580863953,1.9514174461364746,-0.23233653604984283,0.2359856367111206,0.2684476971626282,0.23969000577926636,-0.6296302080154419
0.6264080100125156,6.909346471092363,-2.552743842962749,-2.552743842962749,0.2633077027437951,-1.8946822881698608,0.605090320110321,1.9503997564315796,-0.21044373512268066,0.2371615618467331,0.19915653765201569,0.2369319200515747,-0.23174697160720825
0.6307884856070087,6.524770615367629,0.42580920670829403,0.42580920670829403,-1.2244313516879746,-1.8920316696166992,0.6206883192062378,1.9494779109954834,-0.18893669545650482,0.2380339652299881,0.1169189065694809,0.23591676354408264,0.050637781620025635
0.6351689612015019,5.212027702364528,0.032530295000559706,0.032530295000559706,-0.08786202642336699,-1.889312744140625,0.6262179613113403,1.9486502408981323,-0.20930349826812744,0.23854613304138184,0.16511115431785583,0.23613858222961426,-0.2292899787425995
0.639549436795995,5.08484571211511,-1.8675253478040053,-1.8675253478040053,-0.7838560237693417,-1.886569619178772,0.6362312436103821,1.9477334022521973,-0.21109071373939514,0.2392694056034088,0.16862699389457703,0.23513418436050415,-0.1225772351026535
0.643929912390488,5.853706389030121,-0.9359036907562719,-0.9359036907562719,-1.4547699144932562,-1.8837826251983643,0.6416580677032471,1.9468086957931519,-0.2320316880941391,0.24000807106494904,0.13698041439056396,0.23459723591804504,-0.27751660346984863
0.6483103879849812,6.713284168373826,-0.38438056822099154,-0.38438056822099154,-0.17714861642848673,-1.880971908569336,0.6445262432098389,1.945792317390442,-0.2640148997306824,0.2406081110239029,0.15213295817375183,0.23338158428668976,-0.6608516573905945
0.6526908635794744,5.420028040650421,-1.3556240716217172,-1.3556240716217172,0.04517209370702713,-1.8781485557556152,0.6572044491767883,1.9446357488632202,-0.2556456923484802,0.24127452075481415,0.1460811346769333,0.23048673570156097,-0.5471456050872803
0.6570713391739674,4.743469549832767,2.705973274121259,2.705973274121259,0.6692740524811363,-1.8752696514129639,0.6685778498649597,1.9435158967971802,-0.2522672116756439,0.24191442131996155,0.10517343878746033,0.22808997333049774,-0.3855181932449341
0.6614518147684605,7.559610111316135,-0.5062150632268798,-0.5062150632268798,-1.0714711168364346,-1.8723409175872803,0.6822986602783203,1.9424108266830444,-0.23826918005943298,0.24237513542175293,0.1646515130996704,0.226401224732399,-0.010402590036392212
0.6658322903629537,6.288241853701084,-1.3236296530526954,-1.3236296530526954,-1.574453259721771,-1.869352102279663,0.6912156343460083,1.9413671493530273,-0.2461126297712326,0.24309638142585754,0.18115878105163574,0.2263556569814682,-0.20593836903572083
0.6702127659574468,4.709729767659118,-1.0516265992166454,-1.0516265992166454,-1.7013279883769952,-1.8663243055343628,0.6945774555206299,1.94028902053833,-0.2776698172092438,0.2438899427652359,0.18848362565040588,0.22545355558395386,-0.6220887899398804
0.6745932415519399,5.195294470701809,-2.4589536950447095,-2.4589536950447095,0.49825660364094104,-1.8632817268371582,0.694128692150116,1.9390727281570435,-0.3257307708263397,0.2447155863046646,0.20745696127414703,0.22272850573062897,-1.1275074481964111
0.678973717146433,10.136592424089109,1.2617638545960959,1.2617638545960959,0.2417978354533472,-1.8602410554885864,0.708050549030304,1.9376459121704102,-0.3124926686286926,0.2456243485212326,0.12109704315662384,0.21778948605060577,-0.8037930727005005
0.6833541927409261,5.532859735232341,-0.9422390816838088,-0.9422390816838088,-0.8210148074278775,-1.8571394681930542,0.7302708029747009,1.9362770318984985,-0.2646926939487457,0.2461548149585724,0.150883287191391,0.2142684906721115,-0.4432319402694702
0.6877346683354193,7.912078975510605,-3.7058549919170467,-3.7058549919170467,0.13843527141830997,-1.853940486907959,0.7369047403335571,1.9351176023483276,-0.2829938232898712,0.2468157559633255,0.14734315872192383,0.21232692897319794,-0.6000580787658691
0.6921151439299124,5.926419016989645,-0.37627932225328997,-0.37627932225328997,-1.2176573183468193,-1.850712537765503,0.7538730502128601,1.933877944946289,-0.2564128041267395,0.24746118485927582,0.035077691078186035,0.2096983939409256,-0.337331086397171
0.6964956195244054,5.3227573397027514,0.11958566941814353,0.11958566941814353,-0.044990374223241314,-1.8474102020263672,0.7591705918312073,1.9327547550201416,-0.2818219065666199,0.24761484563350677,0.05964859575033188,0.2082207202911377,-0.6308514475822449
0.7008760951188986,6.087566610787457,-1.077077475431694,-1.077077475431694,-0.8540006565809228,-1.844084620475769,0.7698467373847961,1.9315202236175537,-0.2816229462623596,0.2478761374950409,0.06445473432540894,0.20545728504657745,-0.5053812265396118
0.7052565707133918,5.120885891701153,-0.998892709874751,-0.998892709874751,-1.366730243794825,-1.840712308883667,0.7776008248329163,1.9302865266799927,-0.29620617628097534,0.24815848469734192,0.05794018507003784,0.20324347913265228,-0.6596910953521729
0.7096370463078848,3.7715974285244735,1.1585253706635628,1.1585253706635628,0.46635828466070356,-1.837306022644043,0.7807231545448303,1.928989052772522,-0.3322921097278595,0.24841229617595673,0.06868220865726471,0.2003537118434906,-1.0300822257995605
0.7140175219023779,5.699038927784415,-0.42969148296016746,-0.42969148296016746,0.39918840140844053,-1.8338860273361206,0.7911490797996521,1.927533507347107,-0.33166858553886414,0.2487131506204605,0.08889567852020264,0.1958414614200592,-0.7563413381576538
0.718397997496871,7.998867977809322,0.37951516025327203,0.37951516025327203,-0.23910467269358776,-1.8304203748703003,0.8048740029335022,1.926080584526062,-0.31668880581855774,0.24910256266593933,0.0646897554397583,0.19252832233905792,-0.4561011493206024
0.7227784730913642,7.4895049037705315,-0.794619727663384,-0.794619727663384,-0.47565437606679273,-1.8268946409225464,0.8197858929634094,1.9246933460235596,-0.29924696683883667,0.24938593804836273,0.08275541663169861,0.19053038954734802,-0.3313586115837097
0.7271589486858573,2.685325647618797,0.07510572285934114,0.07510572285934114,-1.1128188847956675,-1.8233035802841187,0.8324442505836487,1.9233825206756592,-0.29225724935531616,0.24974845349788666,0.07344061881303787,0.18907888233661652,-0.3080085217952728
0.7315394242803503,5.393362739897029,0.8296845200866895,0.8296845200866895,-0.43057050057997737,-1.8196570873260498,0.8322714567184448,1.9221023321151733,-0.342058926820755,0.25007015466690063,0.1081317812204361,0.18772965669631958,-0.6492798924446106
0.7359198998748435,5.576479093436225,-0.9999651612115594,-0.9999651612115594,0.044540052868829394,-1.8160113096237183,0.8410741090774536,1.9206039905548096,-0.35139212012290955,0.25054383277893066,0.1449352204799652,0.18488550186157227,-0.6651633977890015
0.7403003754693367,4.647116385857217,-0.6338353860889794,-0.6338353860889794,0.29647565562216904,-1.8123270273208618,0.85260409116745,1.9190647602081299,-0.3467232882976532,0.25117871165275574,0.11443235725164413,0.18197177350521088,-0.4999014139175415
0.7446808510638298,6.291503714532236,0.7906701365027375,0.7906701365027375,0.2630899218496561,-1.8085922002792358,0.8634204864501953,1.9175459146499634,-0.34317079186439514,0.2516799867153168,0.08726432919502258,0.179781973361969,-0.26597511768341064
0.7490613266583228,7.555156818028983,-1.1079544645722208,-1.1079544645722208,-0.10719795640640295,-1.8048100471496582,0.8772910237312317,1.916042685508728,-0.3267754912376404,0.25206223130226135,0.10267134010791779,0.17861688137054443,-0.0006202161312103271
0.753441802252816,5.363739501077882,-0.20495135551193466,-0.20495135551193466,-1.5484573896767522,-1.8009670972824097,0.8919036388397217,1.9146112203598022,-0.30958306789398193,0.25251197814941406,0.07344608008861542,0.17861416935920715,0.161004438996315
0.7578222778473092,8.96025037302487,-2.43313800771719,-2.43313800771719,-1.1603690687911405,-1.7970601320266724,0.8953092098236084,1.9132550954818726,-0.34857672452926636,0.25283369421958923,0.11268071830272675,0.17931944131851196,-0.27057933807373047
0.7622027534418022,6.3659603345277045,-0.5869286284240933,-0.5869286284240933,-1.3313093830583376,-1.7931382656097412,0.9077903628349304,1.9117281436920166,-0.3473873436450958,0.25332728028297424,0.07551182806491852,0.17813417315483093,-0.4622838497161865
0.7665832290362953,8.047680182406884,-1.2046832676261194,-1.2046832676261194,-0.053925186974924155,-1.7891616821289062,0.9143385887145996,1.9102064371109009,-0.3723370432853699,0.2536580562591553,0.09725010395050049,0.17610915005207062,-0.7865945100784302
0.7709637046307884,5.322020877181291,-2.417611247950386,-2.417611247950386,-0.3738081717133189,-1.785156488418579,0.9304295778274536,1.908575415611267,-0.3496914505958557,0.254084050655365,0.06364431977272034,0.17266349494457245,-0.5921399593353271
0.7753441802252816,4.38434811987981,-1.583451279170792,-1.583451279170792,-0.5327835410350985,-1.781080722808838,0.9394823908805847,1.9070435762405396,-0.3581717908382416,0.2543628513813019,0.003958791494369507,0.1700696349143982,-0.5890596508979797
0.7797246558197747,4.225231033497182,-0.4570940075786174,-0.4570940075786174,-0.39037503736467183,-1.7769653797149658,0.9459482431411743,1.9054746627807617,-0.37865906953811646,0.2543801963329315,-0.026724036782979965,0.16748927533626556,-0.6699762940406799
0.7841051314142677,7.2649514194831095,0.20374198664681897,0.20374198664681897,-0.27275297885779587,-1.7728216648101807,0.9527779817581177,1.9038159847259521,-0.3967288136482239,0.25426313281059265,-0.028672441840171814,0.16455446183681488,-0.7023146748542786
0.7884856070087609,8.99549178716324,1.4156950858908317,1.4156950858908317,0.29533758195443016,-1.7686480283737183,0.9661847949028015,1.9020781517028809,-0.38636496663093567,0.2541375458240509,-0.014757278375327587,0.1614779829978943,-0.6101135015487671
0.7928660826032541,6.2908188026554015,-0.2914381001062049,-0.2914381001062049,-1.2864723787042256,-1.7644156217575073,0.9853985905647278,1.9003857374191284,-0.3465808629989624,0.254072904586792,0.01796071231365204,0.15880540013313293,-0.26111382246017456
0.7972465581977471,6.9640849349954985,-0.9055164165839308,-0.9055164165839308,-0.7343641332422375,-1.7600990533828735,0.992415189743042,1.8988676071166992,-0.3710693418979645,0.2541515827178955,0.0470188707113266,0.15766160190105438,-0.5710777044296265
0.8016270337922402,5.97013468652443,0.901205030660249,0.901205030660249,-1.7941456834374787,-1.7557518482208252,1.0031869411468506,1.8972421884536743,-0.37538984417915344,0.25435754656791687,0.042020682245492935,0.15516000986099243,-0.6582865118980408
0.8060075093867334,4.588811505044277,-1.873329055883951,-1.873329055883951,-0.3916616063118843,-1.7513574361801147,1.0076793432235718,1.8955978155136108,-0.41599640250205994,0.2545416057109833,0.12073346972465515,0.1522763967514038,-1.1652185916900635
0.8103879849812266,9.253644602879927,-0.596143604856571,-0.596143604856571,-0.8920928256453544,-1.7469433546066284,1.015540361404419,1.8937755823135376,-0.43112918734550476,0.2550704777240753,0.07746408879756927,0.14717218279838562,-1.1885308027267456
0.8147684605757196,5.653151765546389,1.3819908864533321,1.3819908864533321,0.227824575938393,-1.742494821548462,1.0306257009506226,1.8918870687484741,-0.4206209182739258,0.2554098069667816,0.08610674738883972,0.141965851187706,-1.273639440536499
0.8191489361702127,4.211233012335306,1.252599158148555,1.252599158148555,-0.32959037601823166,-1.7379802465438843,1.0430322885513306,1.8900445699691772,-0.41051745414733887,0.2557869851589203,0.11981206387281418,0.1363867074251175,-1.0389695167541504
0.8235294117647058,4.9590357998704455,-3.005301791263616,-3.005301791263616,-0.13453823555154648,-1.7334113121032715,1.0503597259521484,1.8882462978363037,-0.42716485261917114,0.25631183385849,0.16601701080799103,0.13183552026748657,-1.049502968788147
0.827909887359199,4.761672691211603,-0.0520429894359995,-0.0520429894359995,-0.5558948231879812,-1.72881019115448,1.0598465204238892,1.886375069618225,-0.4324203431606293,0.25703907012939453,0.08218161761760712,0.1272381991147995,-0.9678971767425537
0.8322903629536921,6.147877084477368,-2.5975525040733265,-2.5975525040733265,-0.7963250270567843,-1.7241675853729248,1.0674664974212646,1.8844808340072632,-0.4504927694797516,0.2573990523815155,0.09689568728208542,0.12299834936857224,-1.047958254814148
0.8366708385481851,4.392749348113853,-2.6920165681169546,-2.6920165681169546,-0.48383150529740326,-1.7194916009902954,1.077057123184204,1.8825074434280396,-0.46341031789779663,0.25782349705696106,0.04429413378238678,0.11840779334306717,-1.1805908679962158
0.8410513141426783,6.000098652855858,-1.8557908758004467,-1.8557908758004467,-0.11733058203276653,-1.7147735357284546,1.0844120979309082,1.8804774284362793,-0.48268216848373413,0.25801753997802734,-0.020191870629787445,0.11323624104261398,-1.2438421249389648
0.8454317897371715,4.956627133167824,0.4192995047895479,0.4192995047895479,-0.004931376908088425,-1.710023283958435,1.09602689743042,1.878363013267517,-0.47884485125541687,0.25792908668518066,-0.07096042484045029,0.10778762400150299,-1.1286766529083252
0.8498122653316645,6.995875369396645,-0.842865323764741,-0.842865323764741,0.9217306032994819,-1.7052221298217773,1.105844497680664,1.8762654066085815,-0.48070377111434937,0.257618248462677,-0.05857153981924057,0.10284348577260971,-0.9995089173316956
0.8541927409261576,5.490150902774381,-0.23572661970181796,-0.23572661970181796,-0.11690486183958299,-1.7003780603408813,1.1219196319580078,1.8741596937179565,-0.44092580676078796,0.25736168026924133,-0.11010333895683289,0.09846515953540802,-0.4727356433868408
0.8585732165206508,9.309080848851462,-0.23625823573625832,-0.23625823573625832,-0.25069091661497866,-1.6954635381698608,1.1320116519927979,1.8722282648086548,-0.4412817358970642,0.25687938928604126,-0.11357331275939941,0.09639435261487961,-0.37121355533599854
0.8629536921151439,4.713862278138676,1.3647104815282958,1.3647104815282958,-1.0907809582435366,-1.690504789352417,1.1488580703735352,1.8702952861785889,-0.41337651014328003,0.2563818693161011,-0.11315183341503143,0.09476826339960098,-0.2186042070388794
0.867334167709637,8.531843744506215,-0.09101016108932125,-0.09101016108932125,-1.8210211128963842,-1.6854722499847412,1.1549196243286133,1.8684844970703125,-0.4461018741130829,0.2558861970901489,-0.04144369065761566,0.09381067007780075,-0.4989864230155945
0.8717146433041301,7.8657113789783315,0.18179030355785297,0.18179030355785297,0.48496770327253474,-1.6804131269454956,1.1663329601287842,1.8665302991867065,-0.46645188331604004,0.2557046413421631,0.009078115224838257,0.09162487089633942,-0.9496219158172607
0.8760951188986232,5.872075793537923,-0.8104412964553722,-0.8104412964553722,0.31186900545314755,-1.6753040552139282,1.1824138164520264,1.8644870519638062,-0.43100106716156006,0.25574439764022827,0.00022437423467636108,0.0874650776386261,-0.5622498393058777
0.8804755944931164,2.809683816715264,-1.2857753126249842,-1.2857753126249842,-1.052306715638073,-1.6701245307922363,1.1941040754318237,1.8625990152359009,-0.41675320267677307,0.25574538111686707,-0.032550644129514694,0.08500215411186218,-0.2917889952659607
0.8848560700876095,6.856750420452294,-0.4396581919906367,-0.4396581919906367,0.1441557127722234,-1.6648937463760376,1.1969271898269653,1.8607734441757202,-0.46434545516967773,0.25560280680656433,-0.03936866670846939,0.08372397720813751,-0.6082431077957153
0.8892365456821025,5.729903340731758,-1.6912047610796783,-1.6912047610796783,-1.030987654657803,-1.6596506834030151,1.2099944353103638,1.8587393760681152,-0.4463613033294678,0.25543034076690674,-0.056417882442474365,0.08105958253145218,-0.37417668104171753
0.8936170212765957,7.9260288608045695,-1.0001318572511437,-1.0001318572511437,-0.09142626071857096,-1.6543502807617188,1.2183247804641724,1.8567841053009033,-0.46906688809394836,0.2551831901073456,-0.07569831609725952,0.07942050695419312,-0.6058946847915649
0.8979974968710889,2.4910941919891547,-2.436434942160845,-2.436434942160845,0.7527726546932689,-1.6490134000778198,1.232757806777954,1.854729413986206,-0.44844865798950195,0.2548516094684601,-0.10223539918661118,0.07676640152931213,-0.4312242269515991
0.902377972465582,1.841361762618484,0.6654712853560517,0.6654712853560517,-0.48546271261481755,-1.643613338470459,1.2389023303985596,1.8527649641036987,-0.45060861110687256,0.2544037699699402,-0.1953703761100769,0.07487743347883224,-0.08637183904647827
0.906758448060075,7.448802982274223,-1.0446468051722195,-1.0446468051722195,-0.6507214153324351,-1.6381863355636597,1.24127995967865,1.850791096687317,-0.491178423166275,0.2535479664802551,-0.16175945103168488,0.07449908554553986,-0.21807746589183807
0.9111389236545682,7.763460226360287,-0.17764369621030757,-0.17764369621030757,-0.7777225356949931,-1.6327489614486694,1.25348961353302,1.8486394882202148,-0.4894198179244995,0.2528393864631653,-0.1732633262872696,0.07354380190372467,-0.2636110782623291
0.9155193992490612,4.327554410094792,-0.11443311833027564,-0.11443311833027564,-1.2958111544818438,-1.627258062362671,1.265993595123291,1.8464956283569336,-0.48841655254364014,0.25208041071891785,-0.15573912858963013,0.07238905876874924,-0.34800201654434204
0.9198998748435544,4.675517742800505,-2.5134262242549763,-2.5134262242549763,-0.31621312900184956,-1.6217124462127686,1.2713052034378052,1.8443561792373657,-0.5298612117767334,0.2513982057571411,-0.12123914062976837,0.07086464762687683,-0.7150080800056458
0.9242803504380476,5.200765916334384,0.21978147310094265,0.21978147310094265,0.2963334875478234,-1.6161434650421143,1.2792376279830933,1.842035174369812,-0.5422942638397217,0.2508671283721924,-0.1854047328233719,0.06773257255554199,-0.7093973755836487
0.9286608260325406,4.541104300980255,-1.5991956656958135,-1.5991956656958135,0.057483100625457195,-1.6105397939682007,1.2891935110092163,1.8396596908569336,-0.534011721611023,0.2500549554824829,-0.18764029443264008,0.0646250769495964,-0.4627523124217987
0.9330413016270338,3.9532644726826094,-0.5147468895107852,-0.5147468895107852,1.006068890851726,-1.6048924922943115,1.297396183013916,1.8373204469680786,-0.5375881195068359,0.24923300743103027,-0.23602056503295898,0.06259800493717194,-0.3221224546432495
0.9374217772215268,7.906923294196432,-2.1546772423465637,-2.1546772423465637,-1.1068110028514968,-1.5992093086242676,1.3060706853866577,1.8349655866622925,-0.5207537412643433,0.24819912016391754,-0.28043320775032043,0.061186954379081726,0.15501782298088074
0.94180225281602,6.756032256231323,-0.42832700404553214,-0.42832700404553214,0.7725358716238055,-1.593488097190857,1.318114995956421,1.8326843976974487,-0.5272991061210632,0.24697068333625793,-0.311034232378006,0.06186600774526596,-0.04800674319267273
0.9461827284105132,4.910014654416777,-2.278890865109454,-2.278890865109454,0.10195189254614123,-1.5877140760421753,1.3311783075332642,1.8303745985031128,-0.49328768253326416,0.24560821056365967,-0.3461032509803772,0.061655715107917786,0.41614657640457153
0.9505632040050064,8.85692274365394,0.06622297762717821,0.06622297762717821,-0.1970598465766526,-1.5818828344345093,1.339921236038208,1.8282138109207153,-0.4925602376461029,0.24409210681915283,-0.41563141345977783,0.06347863376140594,0.5830041170120239
0.9549436795994992,6.3065600301078435,-0.0742269811692885,-0.0742269811692885,-1.0474081418202008,-1.5760133266448975,1.3550082445144653,1.8260561227798462,-0.46683841943740845,0.24227143824100494,-0.4079427123069763,0.06603246927261353,0.7427741289138794
0.9593241551939924,7.2430950179058,0.855013373896645,0.855013373896645,-1.8649288771774826,-1.5700777769088745,1.3641958236694336,1.824011206626892,-0.4850706458091736,0.24048446118831635,-0.37952274084091187,0.06928617507219315,0.5200883150100708
0.9637046307884856,3.9070880189993407,-0.9908228891344689,-0.9908228891344689,0.4376085377158734,-1.5641019344329834,1.3732658624649048,1.821886420249939,-0.5172367691993713,0.23882196843624115,-0.30009180307388306,0.07156440615653992,0.018871545791625977
0.9680851063829788,5.51749746027078,-0.5232251153895381,-0.5232251153895381,-0.4636121908099673,-1.5580863952636719,1.3807858228683472,1.8196207284927368,-0.5158707499504089,0.2375074177980423,-0.3418065309524536,0.07164707034826279,0.2842252850532532
0.9724655819774718,5.291067619126641,-0.0012815711190973245,-0.0012815711190973245,-0.8249878333591818,-1.5520379543304443,1.389316439628601,1.8173609972000122,-0.525053858757019,0.23601014912128448,-0.34354740381240845,0.07289211452007294,0.25765570998191833
0.9768460575719649,6.422590805830178,-0.2493402740274081,-0.2493402740274081,-1.1501379929110143,-1.5459520816802979,1.3966997861862183,1.8150609731674194,-0.5457472205162048,0.23450525104999542,-0.3194925785064697,0.07402076572179794,0.09109018743038177
0.981226533166458,5.6484577182649165,-1.0547265978068665,-1.0547265978068665,0.8853629497899123,-1.539833903312683,1.4052667617797852,1.812670350074768,-0.5656173825263977,0.23310571908950806,-0.2931864261627197,0.0744197815656662,-0.1662074774503708
0.9856070087609512,4.742404244906353,-1.0813674409464271,-1.0813674409464271,-1.5336545695990125,-1.5336781740188599,1.4165198802947998,1.8101927042007446,-0.5376948118209839,0.23182141780853271,-0.34984320402145386,0.0736917108297348,0.31139397621154785
0.9899874843554444,6.650874036050338,-1.416737355653947,-1.416737355653947,-0.8038878582200479,-1.5274730920791626,1.4214496612548828,1.8078373670578003,-0.5818321108818054,0.23028893768787384,-0.3366349935531616,0.07505576312541962,-0.13249537348747253
0.9943679599499372,9.44256337421213,2.3560012335239415,2.3560012335239415,-0.2000027596907771,-1.5212464332580566,1.4308991432189941,1.8052886724472046,-0.5905076861381531,0.22881431877613068,-0.3545321524143219,0.07447537034749985,-0.25514501333236694
0.9987484355444304,6.219620883147481,-2.287356741993686,-2.287356741993686,0.0028972382616878067,-1.5149784088134766,1.4461170434951782,1.8027019500732422,-0.5596739649772644,0.22726130485534668,-0.27988874912261963,0.0733577162027359,-0.07996237277984619
1.0031289111389237,10.485466063733863,0.2767515715196166,0.2767515715196166,-0.40975162344328625,-1.5086437463760376,1.4563212394714355,1.8002502918243408,-0.5504258871078491,0.2260352522134781,-0.3467714190483093,0.07300744205713272,0.08539481461048126
1.0075093867334166,4.721153145465269,-0.3386317057050049,-0.3386317057050049,-1.459640648253536,-1.502264380455017,1.47262442111969,1.7978391647338867,-0.5163923501968384,0.22451622784137726,-0.3267233371734619,0.07338151335716248,0.21035033464431763
1.0118898623279098,10.329722946038576,-0.21498902285716454,-0.21498902285716454,-1.6190410543219707,-1.4958136081695557,1.4774341583251953,1.7955771684646606,-0.5586724281311035,0.22308503091335297,-0.29398632049560547,0.07430294901132584,-0.20650073885917664
1.016270337922403,6.358228111814166,0.22301311522643297,0.22301311522643297,-0.5730818421610016,-1.4893417358398438,1.4909093379974365,1.7931299209594727,-0.5581232309341431,0.22179722785949707,-0.25298354029655457,0.07339837402105331,-0.5341957807540894
1.020650813516896,8.758397131799212,-2.51524034523731,-2.51524034523731,-0.310483564734253,-1.4828108549118042,1.5000752210617065,1.7906850576400757,-0.5630121827125549,0.22068904340267181,-0.22973504662513733,0.07105834037065506,-0.5787563323974609
1.0250312891113893,4.547955204472887,-1.0948699020714456,-1.0948699020714456,-0.3751370133924309,-1.476239800453186,1.5135388374328613,1.7882188558578491,-0.5407437682151794,0.2196826934814453,-0.2941209375858307,0.068523108959198,-0.46247124671936035
1.0294117647058822,5.075427538391189,0.935663437723784,0.935663437723784,-0.8197821018435951,-1.4696097373962402,1.5201103687286377,1.785850167274475,-0.5555383563041687,0.21839430928230286,-0.31513941287994385,0.06649726629257202,-0.4814893305301666
1.0337922403003754,5.808618755328981,-0.09554754177195646,-0.09554754177195646,-0.2501407635994408,-1.4629509449005127,1.526689887046814,1.7834166288375854,-0.5777549147605896,0.21701385080814362,-0.2638748288154602,0.06438811123371124,-0.6515718698501587
1.0381727158948686,8.966859072670857,-0.4195069658207201,-0.4195069658207201,-1.5060221099331572,-1.4562633037567139,1.5354307889938354,1.7808858156204224,-0.5786142349243164,0.21585795283317566,-0.2593602240085602,0.06153391674160957,-0.5909313559532166
1.0425531914893615,5.021063059140933,0.08736685950132206,0.08736685950132206,0.42990628068318715,-1.4495373964309692,1.5469001531600952,1.7783511877059937,-0.5864349007606506,0.21472182869911194,-0.22763054072856903,0.05894535779953003,-0.912916898727417
1.0469336670838547,4.975715646045346,-1.0157392390877624,-1.0157392390877624,0.7140934431207707,-1.4427611827850342,1.5555247068405151,1.7757823467254639,-0.5757583975791931,0.21372470259666443,-0.23763377964496613,0.05494634807109833,-0.6208128929138184
1.051314142678348,6.693847176127748,-0.225196416539306,-0.225196416539306,-0.20206864142961437,-1.435947299003601,1.564239740371704,1.773260235786438,-0.5578621029853821,0.2126837521791458,-0.2881503701210022,0.05222689360380173,-0.22451987862586975
1.055694618272841,5.981243287340613,-1.5572843027376524,-1.5572843027376524,-0.95417926154246,-1.4290951490402222,1.5740443468093872,1.7708165645599365,-0.5499645471572876,0.21142151951789856,-0.28882578015327454,0.05124339088797569,-0.12287374585866928
1.0600750938673342,5.549915647550124,-1.4240001489180583,-1.4240001489180583,-0.18420480136534428,-1.422200083732605,1.5816810131072998,1.7684074640274048,-0.5681219100952148,0.21015632152557373,-0.3064383566379547,0.05070514604449272,-0.3190975785255432
1.0644555694618272,2.6188499538384717,0.30029200296276326,0.30029200296276326,0.3718264703905891,-1.415271520614624,1.5897059440612793,1.7659188508987427,-0.5693418383598328,0.20881398022174835,-0.3426443040370941,0.04930734634399414,-0.24098312854766846
1.0688360450563203,7.505581977798624,-0.1268117379919586,-0.1268117379919586,-0.10046350856101655,-1.4083079099655151,1.5940736532211304,1.7634248733520508,-0.5803604125976562,0.20731303095817566,-0.344733327627182,0.04825172573328018,-0.03390328586101532
1.0732165206508135,7.302429949377992,0.40261651719632674,0.40261651719632674,-0.8126785707301654,-1.4013251066207886,1.6049174070358276,1.7608826160430908,-0.5628654956817627,0.20580293238162994,-0.3455027937889099,0.0481032133102417,0.12690694630146027
1.0775969962453065,6.068030441881745,-0.8020097450138283,-0.8020097450138283,-0.2130665341172718,-1.3942948579788208,1.6144801378250122,1.758417010307312,-0.5660769939422607,0.20428946614265442,-0.3100123405456543,0.048659127205610275,0.018126755952835083
1.0819774718397996,5.033545532038119,0.04043514975857465,0.04043514975857465,-0.465675562645251,-1.3872226476669312,1.6229599714279175,1.7559373378753662,-0.5636523962020874,0.2029314637184143,-0.3272113502025604,0.04873853176832199,0.09930238127708435
1.0863579474342928,8.63292027766245,1.212793535563223,1.212793535563223,-0.5545323066221919,-1.3801133632659912,1.6295768022537231,1.7534682750701904,-0.5766698122024536,0.2014981210231781,-0.31243130564689636,0.04917352274060249,0.059459034353494644
1.090738423028786,7.848778410578261,-1.2441485249036526,-1.2441485249036526,-0.9015835215909609,-1.3729749917984009,1.641159176826477,1.7509422302246094,-0.5617276430130005,0.20012952387332916,-0.26081979274749756,0.049433980137109756,0.08177873492240906
1.0951188986232792,6.14357682531489,0.9675234774947661,0.9675234774947661,-0.03953570539013712,-1.3657859563827515,1.6510961055755615,1.7484816312789917,-0.5626379251480103,0.19898700714111328,-0.27082377672195435,0.04979221150279045,-0.04534196853637695
1.099499374217772,5.302465297338696,0.11499515061700838,0.11499515061700838,0.4492715534926865,-1.358553409576416,1.659711241722107,1.7460169792175293,-0.5548900365829468,0.1978006660938263,-0.24141445755958557,0.049593593925237656,0.10237845778465271
1.1038798498122653,4.637140575823215,-3.3668572301534807,-3.3668572301534807,0.12371599214783313,-1.351283073425293,1.6677473783493042,1.7435863018035889,-0.5411715507507324,0.1967431604862213,-0.2511763870716095,0.050042059272527695,0.40926113724708557
1.1082603254067585,8.914423390348981,-0.5467532353327412,-0.5467532353327412,0.19907470282369344,-1.3439775705337524,1.674441933631897,1.741215705871582,-0.541746973991394,0.19564288854599,-0.35311219096183777,0.051834817975759506,0.5777835249900818
1.1126408010012514,8.652195103297203,-0.19882457821129879,-0.19882457821129879,-0.9760591929191097,-1.3366427421569824,1.687239646911621,1.7388426065444946,-0.5042327046394348,0.19409608840942383,-0.3748927414417267,0.05436578392982483,0.8874692916870117
1.1170212765957446,5.594966227126039,0.28400079764666053,0.28400079764666053,0.159555608958515,-1.3292518854141235,1.6980764865875244,1.7366337776184082,-0.5002783536911011,0.19245387613773346,-0.35219502449035645,0.058253321796655655,0.7543125152587891
1.1214017521902375,6.86691051007183,-1.2284880348570621,-1.2284880348570621,-1.0167667102534086,-1.3218134641647339,1.7062498331069946,1.7344423532485962,-0.49178609251976013,0.19091109931468964,-0.3485608398914337,0.06155756860971451,0.9617222547531128
1.125782227784731,4.932657834628698,-0.6826152434613311,-0.6826152434613311,-0.9173641275886936,-1.314339280128479,1.7143503427505493,1.732288122177124,-0.5039315223693848,0.18938423693180084,-0.3547437787055969,0.06577037274837494,0.7664616107940674
1.130162703379224,6.498502023438873,0.024645293689967263,0.024645293689967263,0.19078375395286928,-1.306829571723938,1.7197251319885254,1.7300806045532227,-0.5297279953956604,0.18783028423786163,-0.34788838028907776,0.06912784278392792,0.5569106340408325
1.134543178973717,6.362150071850165,0.37366502084793507,0.37366502084793507,-0.6321259054603292,-1.2992963790893555,1.7291114330291748,1.7277601957321167,-0.512723445892334,0.18630637228488922,-0.3527401387691498,0.07156737893819809,0.8001810908317566
1.1389236545682102,4.239140049020358,0.3586206113691883,0.3586206113691883,-0.4615995532527525,-1.291722059249878,1.7368203401565552,1.7255141735076904,-0.5188033580780029,0.1847611963748932,-0.3233678638935089,0.07507254928350449,0.7345665693283081
1.1433041301627034,3.874101397870663,0.23388330200318708,0.23388330200318708,0.08552112481199109,-1.2841140031814575,1.7418577671051025,1.7232415676116943,-0.5382608771324158,0.18334469199180603,-0.29941484332084656,0.07829029858112335,0.6759169101715088
1.1476846057571963,5.8984373562175545,0.8347447681326633,0.8347447681326633,-1.279869792835387,-1.2764838933944702,1.7474626302719116,1.7208837270736694,-0.5462113618850708,0.18203310668468475,-0.2950822114944458,0.08125113695859909,0.8106317520141602
1.1520650813516895,5.224708115468177,-2.366227554048282,-2.366227554048282,-0.1539842816757957,-1.2688292264938354,1.7529183626174927,1.7184910774230957,-0.5734168887138367,0.18074050545692444,-0.23332875967025757,0.08480209112167358,0.4925921559333801
1.156445556946183,8.94391779967523,-1.5074467035949177,-1.5074467035949177,0.5042441770236052,-1.261150598526001,1.7597465515136719,1.7159792184829712,-0.5763034224510193,0.17971841990947723,-0.29793328046798706,0.08695987612009048,0.5744670629501343
1.1608260325406758,8.780995491928945,-1.0504478387473808,-1.0504478387473808,-0.4098694891583292,-1.2534420490264893,1.7731534242630005,1.7134547233581543,-0.5301920175552368,0.17841333150863647,-0.35668104887008667,0.0894763171672821,0.9996076822280884
1.165206508135169,5.097420527014464,0.6013228936092544,0.6013228936092544,-1.1398036441524733,-1.2456748485565186,1.7843676805496216,1.711132287979126,-0.5098013877868652,0.17685090005397797,-0.375387966632843,0.09385507553815842,1.0813074111938477
1.169586983729662,4.759512750085602,-1.410790582531097,-1.410790582531097,-0.5406940186752036,-1.2378584146499634,1.788766622543335,1.7088991403579712,-0.5399969220161438,0.1752065271139145,-0.3245415687561035,0.09859171509742737,0.7941602468490601
1.1739674593241551,6.155431815218629,-1.8265238854068582,-1.8265238854068582,0.2885479443638237,-1.2300227880477905,1.7939646244049072,1.706533670425415,-0.5570778846740723,0.17378488183021545,-0.3499511480331421,0.10207051783800125,0.7203792929649353
1.1783479349186483,7.874548204523149,-0.982207642491847,-0.982207642491847,1.378504255732539,-1.2221643924713135,1.8032035827636719,1.7040934562683105,-0.540273129940033,0.17225192487239838,-0.41171795129776,0.10522612184286118,0.991554856300354
1.1827284105131413,4.905035910543951,-0.2632830268341546,-0.2632830268341546,-0.71834887111064,-1.2142654657363892,1.817956566810608,1.7017267942428589,-0.47994348406791687,0.1704484075307846,-0.48065823316574097,0.10956960171461105,1.7130653858184814
1.1871088861076344,5.186787362185688,-0.46648337567650155,-0.46648337567650155,-0.25411419055439677,-1.2063019275665283,1.8233472108840942,1.6996244192123413,-0.5005516409873962,0.16834288835525513,-0.46736887097358704,0.11707364022731781,1.5773848295211792
1.1914893617021276,7.183061672664778,-0.8354497285671276,-0.8354497285671276,-0.3664610829840134,-1.1983147859573364,1.8302839994430542,1.6974318027496338,-0.5064142346382141,0.16629558801651,-0.47357073426246643,0.12398333847522736,1.6215524673461914
1.1958698372966208,4.502011588301718,-0.2919172579624276,-0.2919172579624276,-0.8468771278390417,-1.190297245979309,1.8395204544067383,1.6952134370803833,-0.49833711981773376,0.1642211228609085,-0.4872666895389557,0.13108651340007782,1.6774029731750488
1.200250312891114,6.076588566981158,-0.25911762200398675,-0.25911762200398675,-1.0055795151855988,-1.182239294052124,1.8434741497039795,1.6930304765701294,-0.5257106423377991,0.16208666563034058,-0.4710600972175598,0.13843433558940887,1.4834356307983398
1.204630788485607,4.213792298586393,-1.0354419624797777,-1.0354419624797777,-0.6667650352068397,-1.174164056777954,1.8485952615737915,1.6907275915145874,-0.543891966342926,0.16002319753170013,-0.44926103949546814,0.14493249356746674,1.2726892232894897
1.2090112640801,4.910325898028062,-1.5514144529282228,-1.5514144529282228,-0.021190470490389746,-1.166066288948059,1.8521685600280762,1.6883450746536255,-0.5688521265983582,0.15805521607398987,-0.4600275754928589,0.15050747990608215,1.1379024982452393
1.2133917396745932,3.5452742235998964,-0.4478733982047922,-0.4478733982047922,-0.8748774766317808,-1.157952904701233,1.8590503931045532,1.6858532428741455,-0.5708163380622864,0.15604007244110107,-0.5047149658203125,0.15549203753471375,1.2612863779067993
1.2177722152690862,6.539516182757948,1.1702238029610519,1.1702238029610519,-0.46359880856262675,-1.1498093605041504,1.860649824142456,1.6833528280258179,-0.6069103479385376,0.1538291871547699,-0.492245078086853,0.16101707518100739,1.0314222574234009
1.2221526908635794,6.861552746921801,-3.2704706638475827,-3.2704706638475827,-0.7151716143829754,-1.1416587829589844,1.8676837682724,1.6806942224502563,-0.6067183017730713,0.15167291462421417,-0.44453227519989014,0.16553519666194916,1.034195065498352
1.2265331664580723,6.9639031321825176,-0.4492387645848376,-0.4492387645848376,0.15079909390656976,-1.1334774494171143,1.8739453554153442,1.6780364513397217,-0.6104164719581604,0.14972564578056335,-0.5191550850868225,0.17006546258926392,0.952215313911438
1.2309136420525657,6.110448179268954,-2.4303552107328183,-2.4303552107328183,0.15865559692632414,-1.1252686977386475,1.884093999862671,1.6753625869750977,-0.5904101133346558,0.1474515050649643,-0.5366780757904053,0.17423662543296814,1.1942729949951172
1.2352941176470589,2.482257121745396,-0.1703911238726934,-0.1703911238726934,-0.9130849797437366,-1.1170154809951782,1.8932877779006958,1.6727763414382935,-0.5774632692337036,0.14510059356689453,-0.6122853755950928,0.17946811020374298,1.416413426399231
1.2396745932415518,8.838829546048421,0.2835315485145047,0.2835315485145047,0.2078433634236974,-1.1087219715118408,1.8927960395812988,1.6702467203140259,-0.6235116124153137,0.1424184888601303,-0.5905963778495789,0.18567267060279846,1.1439192295074463
1.244055068836045,7.406810773676982,-0.30914507910766686,-0.30914507910766686,-1.67401099805127,-1.1004306077957153,1.9057183265686035,1.6675153970718384,-0.5861426591873169,0.13983139395713806,-0.588386058807373,0.19068357348442078,1.4570767879486084
1.2484355444305382,6.742098346446352,-0.8765533180829839,-0.8765533180829839,-1.2941142614646761,-1.0920826196670532,1.9074676036834717,1.6649478673934937,-0.6103635430335999,0.13725398480892181,-0.5485276579856873,0.1970662623643875,1.033651351928711
1.2528160200250311,6.876417180267393,-3.747923858955245,-3.747923858955245,-0.7633932012542393,-1.0837270021438599,1.9097039699554443,1.6622742414474487,-0.6301538944244385,0.13485117256641388,-0.5363335609436035,0.20159414410591125,0.7333546876907349
1.2571964956195243,6.7013530982336675,0.762977496419166,0.762977496419166,-0.6504897495489799,-1.0753616094589233,1.9145842790603638,1.6595138311386108,-0.6348462104797363,0.1325017809867859,-0.6234912872314453,0.20480658113956451,0.6334878206253052
1.2615769712140177,4.535437153080043,-0.7110419009226521,-0.7110419009226521,-0.9563273626768407,-1.0669748783111572,1.9196834564208984,1.6567329168319702,-0.6380459666252136,0.12977059185504913,-0.5822135806083679,0.20758156478405,0.5707761645317078
1.2659574468085106,6.974575842741707,-1.878721153058357,-1.878721153058357,-0.349359838793047,-1.0585657358169556,1.920217514038086,1.6539379358291626,-0.6675936579704285,0.12722021341323853,-0.5750504732131958,0.21008183062076569,0.33678942918777466
1.2703379224030038,6.951182874262774,-3.4556555807320923,-3.4556555807320923,-0.45472814686341423,-1.0501543283462524,1.9269871711730957,1.6510136127471924,-0.6605609655380249,0.12470121681690216,-0.6197126507759094,0.21155713498592377,0.39294493198394775
1.2747183979974968,5.045806860712453,0.7404074060640812,0.7404074060640812,-1.3378124129803621,-1.0417132377624512,1.9330381155014038,1.6481200456619263,-0.6564741134643555,0.12198658287525177,-0.7073492407798767,0.21327842772006989,0.4093169867992401
1.27909887359199,7.4841638900679275,-0.1522067398297734,-0.1522067398297734,0.05627105070012128,-1.03324556350708,1.9316562414169312,1.6452443599700928,-0.6916089653968811,0.11888805776834488,-0.6466586589813232,0.2150714248418808,0.047225505113601685
1.283479349186483,8.395708002376058,3.4262236170812668,3.4262236170812668,0.17315202450132794,-1.024783968925476,1.940948724746704,1.6422147750854492,-0.6696261763572693,0.11605538427829742,-0.652746856212616,0.21527829766273499,0.26722830533981323
1.287859824780976,7.342700762755058,-1.9212964899918419,-1.9212964899918419,-0.9419665796042909,-1.0162817239761353,1.9518678188323975,1.6392815113067627,-0.6368505358695984,0.11319604516029358,-0.5577468276023865,0.21644888818264008,0.5547862648963928
1.2922403003754692,4.156946810249644,-1.228771000927262,-1.228771000927262,1.0658032005446427,-1.007731556892395,1.955096960067749,1.6364917755126953,-0.6421303153038025,0.11075285077095032,-0.5863463878631592,0.2188791185617447,0.40048637986183167
1.2966207759699624,6.312067166693324,1.2936363035758638,1.2936363035758638,0.17366129388323548,-0.9991673231124878,1.9661186933517456,1.633678913116455,-0.6220331788063049,0.10818437486886978,-0.6533552408218384,0.22063343226909637,0.9064217805862427
1.3010012515644556,6.63240868843908,-2.1253072625506046,-2.1253072625506046,-1.0550784060002507,-0.9905548095703125,1.9745677709579468,1.6309541463851929,-0.6069732904434204,0.10532236844301224,-0.6206484436988831,0.22460399568080902,1.1385122537612915
1.3053817271589487,5.097795888551145,-2.5303023613480597,-2.5303023613480597,-0.5951410391391323,-0.9819052815437317,1.9761512279510498,1.6282953023910522,-0.6212597489356995,0.10260362923145294,-0.6519024968147278,0.2295912206172943,0.923041582107544
1.3097622027534417,4.881674816085878,-1.2523582939471078,-1.2523582939471078,-0.31073365253946267,-0.9732487797737122,1.9784846305847168,1.6255738735198975,-0.6365436911582947,0.09974798560142517,-0.7084153294563293,0.2336345762014389,0.8373758792877197
1.3141426783479349,6.167308078452184,0.9874308309569313,0.9874308309569313,-0.028170621747588498,-0.964582085609436,1.9821699857711792,1.6227855682373047,-0.6462479829788208,0.09664478898048401,-0.7359137535095215,0.23730267584323883,0.8513935208320618
1.318523153942428,0.7478205888643767,-1.4075465905010924,-1.4075465905010924,0.573380144927707,-0.9558992385864258,1.9889411926269531,1.6199547052383423,-0.6377120018005371,0.09342113882303238,-0.7062549591064453,0.2410321831703186,1.0041615962982178
1.322903629536921,6.799296083420455,-1.7085247258471987,-1.7085247258471987,-1.3281225367372496,-0.9471867084503174,1.9937130212783813,1.6171612739562988,-0.6595374941825867,0.09032740443944931,-0.7641043066978455,0.24543088674545288,1.236688494682312
1.327284105131414,10.078188872622903,0.8552899765169828,0.8552899765169828,-0.7778167292886047,-0.9384533166885376,1.9927815198898315,1.6142722368240356,-0.6794360280036926,0.08698026090860367,-0.7752132415771484,0.2508481740951538,0.9234422445297241
1.331664580725907,7.9629959650853985,1.5410812834471135,1.5410812834471135,-0.504513132722666,-0.9297239780426025,1.998462200164795,1.6112959384918213,-0.6572294235229492,0.08358445763587952,-0.7275213599205017,0.25489330291748047,0.9006056189537048
1.3360450563204005,7.837781368358716,-1.3813545037257027,-1.3813545037257027,0.17673811341495466,-0.9209697842597961,2.003544807434082,1.6084169149398804,-0.6458693146705627,0.08039756864309311,-0.6677834987640381,0.25883838534355164,0.9231348037719727
1.3404255319148937,8.17909150051372,0.43097496637526544,0.43097496637526544,1.0615397906217314,-0.9121932983398438,2.0130059719085693,1.6055877208709717,-0.6179770231246948,0.07747235894203186,-0.7132847309112549,0.26288214325904846,1.194887638092041
1.3448060075093866,4.56410487584913,-2.284839018493256,-2.284839018493256,-0.11952130626976437,-0.9033753871917725,2.0290510654449463,1.6028807163238525,-0.5644328594207764,0.0743478313088417,-0.7316992282867432,0.2681163251399994,1.8036527633666992
1.3491864831038798,6.610044678004799,-2.197595106840131,-2.197595106840131,0.24010025915036237,-0.894487202167511,2.033735990524292,1.6004081964492798,-0.5721417665481567,0.07114264369010925,-0.7949333786964417,0.2760171890258789,1.8790168762207031
1.353566958698373,7.400766698283416,0.3269719260460524,0.3269719260460524,0.3272940737936024,-0.885578453540802,2.043081045150757,1.5979019403457642,-0.5533598065376282,0.06766045838594437,-0.8661218285560608,0.2842481732368469,2.1410951614379883
1.357947434292866,4.632287958822351,3.337843179303535,3.337843179303535,-1.7003692375256085,-0.8766287565231323,2.05415678024292,1.5954779386520386,-0.5258257389068604,0.06386643648147583,-0.8661312460899353,0.29362720251083374,2.4557361602783203
1.362327909887359,5.886573537220817,0.15748953534478344,0.15748953534478344,-1.0180744414500031,-0.8676306009292603,2.0473058223724365,1.5931745767593384,-0.5737649202346802,0.06007236987352371,-0.7189995050430298,0.3043844997882843,1.9453709125518799
1.3667083854818525,8.584627661627056,0.6470210666812484,0.6470210666812484,-0.7916032636314738,-0.8586624264717102,2.04593825340271,1.5906611680984497,-0.5934467911720276,0.05692280828952789,-0.6846693158149719,0.3129061460494995,1.7202820777893066
1.3710888610763454,5.369580321653215,-1.7838878562170675,-1.7838878562170675,-0.23666814516641044,-0.8497002720832825,2.0484871864318848,1.5880615711212158,-0.5845663547515869,0.053923629224300385,-0.6426569223403931,0.3204418122768402,1.6485395431518555
1.3754693366708386,7.546313543188628,-2.2340270045965447,-2.2340270045965447,-0.8538203124116444,-0.840726912021637,2.0523767471313477,1.5855008363723755,-0.5886518359184265,0.05110848695039749,-0.6878406405448914,0.32766321301460266,1.6991814374923706
1.3798498122653315,3.777606458251662,1.863630260099647,1.863630260099647,0.13321236750464927,-0.8317365050315857,2.052959680557251,1.5829222202301025,-0.5901187062263489,0.04809541627764702,-0.728147029876709,0.33510643243789673,1.5764118432998657
1.3842302878598247,9.72100811813097,-3.241256905479762,-3.241256905479762,-0.7348952264485082,-0.8227435350418091,2.0583746433258057,1.5803371667861938,-0.598278820514679,0.04490578547120094,-0.6776133179664612,0.34201186895370483,1.7226840257644653
1.388610763454318,4.845441698294074,-0.9087413437388254,-0.9087413437388254,-1.2890120961585212,-0.8137269020080566,2.0615766048431396,1.5777164697647095,-0.5785598754882812,0.04193751513957977,-0.7508070468902588,0.3495580554008484,1.698451042175293
1.3929912390488108,4.938820165864016,-0.39394408113117235,-0.39394408113117235,-0.1052746719177084,-0.8046962022781372,2.0550293922424316,1.5751820802688599,-0.6136319041252136,0.03864862397313118,-0.7397019267082214,0.356998085975647,1.3435932397842407
1.397371714643304,5.016578969902657,0.4537013770167893,0.4537013770167893,-0.9598480069292697,-0.7956941723823547,2.059006452560425,1.5724940299987793,-0.6181231141090393,0.0354083776473999,-0.7481319904327393,0.36288365721702576,1.4299094676971436
1.4017521902377972,7.305676520725371,-1.1964640805823676,-1.1964640805823676,-0.3413336588543732,-0.7866747379302979,2.054931163787842,1.5697863101959229,-0.6433838605880737,0.03213120251893997,-0.7068518400192261,0.36914733052253723,1.2007179260253906
1.4061326658322904,8.45871913478295,-0.045287851580930794,-0.045287851580930794,0.15091277028756445,-0.7776731848716736,2.0584161281585693,1.5669679641723633,-0.634037435054779,0.029034854844212532,-0.7318243384361267,0.3744070529937744,1.2583562135696411
1.4105131414267835,10.806511926368891,-2.6031302397728173,-2.6031302397728173,-0.6982810874762275,-0.7686563730239868,2.067595958709717,1.5641906261444092,-0.6028863191604614,0.025829115882515907,-0.7375540137290955,0.37991926074028015,1.5270991325378418
1.4148936170212765,8.601409693704987,-2.067436250623217,-2.067436250623217,-0.8563616543603207,-0.7595993280410767,2.070453405380249,1.5615496635437012,-0.573422372341156,0.022598277777433395,-0.7931816577911377,0.38660869002342224,1.5389312505722046
1.4192740926157696,5.58025655266247,0.6745853770019978,0.6745853770019978,-1.2193322684549561,-0.7505297660827637,2.0696442127227783,1.5590378046035767,-0.5662955641746521,0.01912376470863819,-0.8285489082336426,0.39334994554519653,1.436020851135254
1.4236545682102628,5.3454926488785794,-1.4586547312063802,-1.4586547312063802,0.026602551456561596,-0.7414637207984924,2.0622968673706055,1.5565571784973145,-0.5932407379150391,0.015494326129555702,-0.7732405066490173,0.39964041113853455,1.1224161386489868
1.4280350438047558,5.419927423139906,0.6008467231883383,0.6008467231883383,-0.16391502660684726,-0.7324298620223999,2.067203998565674,1.553958535194397,-0.5913401246070862,0.012107164599001408,-0.8166147470474243,0.40455713868141174,1.2647559642791748
1.432415519399249,8.877893538866768,2.4799309820536397,2.4799309820536397,-0.7223225538290295,-0.7233745455741882,2.0701756477355957,1.551368236541748,-0.5935955047607422,0.00853000394999981,-0.7942813038825989,0.4100973606109619,1.3377923965454102
1.436795994993742,7.205910150182054,2.7676064222933356,2.7676064222933356,-0.6656332395379359,-0.7143061757087708,2.0697731971740723,1.5487680435180664,-0.5809693932533264,0.005050674080848694,-0.7007653713226318,0.4159575402736664,1.2881951332092285
1.4411764705882353,5.472062991208185,0.14166971229309383,0.14166971229309383,0.7066089184371522,-0.7052395939826965,2.0684449672698975,1.5462231636047363,-0.5808219909667969,0.001980988308787346,-0.6005038619041443,0.42160046100616455,1.2177858352661133
1.4455569461827285,8.33888710401914,0.11041215299302887,0.11041215299302887,-0.015208338970433832,-0.6961787939071655,2.080610752105713,1.543678879737854,-0.5615439414978027,-0.0006495043635368347,-0.6170018911361694,0.4269349277019501,1.6135523319244385
1.4499374217772214,3.7002366332171226,0.12722176862135887,0.12722176862135887,-0.0508065866311736,-0.6870647072792053,2.0872042179107666,1.5412189960479736,-0.5364130735397339,-0.0033522662706673145,-0.6133334040641785,0.4340030550956726,1.8107361793518066
1.4543178973717146,6.742816716844299,0.01924057814123309,0.01924057814123309,-1.2061586197683258,-0.6779217720031738,2.090203285217285,1.5388692617416382,-0.550563633441925,-0.006038958206772804,-0.608134388923645,0.4419349431991577,1.881480097770691
1.4586983729662075,5.754832603894474,-0.01620817950291248,-0.01620817950291248,0.7028162004036989,-0.668765664100647,2.082158088684082,1.5364575386047363,-0.5676906704902649,-0.008702876046299934,-0.5723488330841064,0.4501767158508301,1.5963771343231201
1.4630788485607007,7.283490486005228,-0.46001634965857263,-0.46001634965857263,-0.24326893984341816,-0.6596448421478271,2.095045804977417,1.533970832824707,-0.5468440055847168,-0.011210036464035511,-0.5933465957641602,0.4571695923805237,1.9950709342956543
1.467459324155194,5.539940717195547,1.4674401668461683,1.4674401668461683,-0.3346544225710558,-0.6504675149917603,2.098282814025879,1.5315754413604736,-0.5364916920661926,-0.013809177093207836,-0.5996763110160828,0.465908944606781,2.078521490097046
1.471839799749687,5.691534429454467,0.2742124054079982,0.2742124054079982,-0.19748329406396603,-0.6412760615348816,2.099224090576172,1.5292253494262695,-0.5427365303039551,-0.01643604412674904,-0.5470494031906128,0.4750138521194458,2.085711717605591
1.4762202753441802,9.075184413143914,0.2430507492891154,0.2430507492891154,0.1687308982466244,-0.6320804357528687,2.1018269062042236,1.5268479585647583,-0.544553816318512,-0.018832379952073097,-0.5332744121551514,0.4841502606868744,2.14656138420105
1.4806007509386734,7.011296325389593,1.7493320296059083,1.7493320296059083,-1.1342784850609122,-0.6228734254837036,2.111201524734497,1.5244625806808472,-0.5102556943893433,-0.02116837538778782,-0.5311040282249451,0.4935532212257385,2.421701431274414
1.4849812265331663,6.428035424223096,-0.7562746434988294,-0.7562746434988294,-1.4513857387221147,-0.6136253476142883,2.1030466556549072,1.52222740650177,-0.5237910747528076,-0.023494863882660866,-0.44689345359802246,0.5041614174842834,2.163947820663452
1.4893617021276595,7.048182639864477,-2.018918499185451,-2.018918499185451,0.10661387159809982,-0.6044130325317383,2.0897603034973145,1.5199329853057861,-0.5493007898330688,-0.025452470406889915,-0.4265940189361572,0.5136405229568481,1.7738533020019531
1.493742177722153,7.466752502057702,0.2689333905129304,0.2689333905129304,-1.7970520738459692,-0.595258891582489,2.0965538024902344,1.5175267457962036,-0.5332291126251221,-0.02732115611433983,-0.488666296005249,0.5214108228683472,1.9750880002975464
1.4981226533166456,8.19344265947911,1.7730390481670175,1.7730390481670175,-0.5666946121777792,-0.5860750079154968,2.078447103500366,1.5151909589767456,-0.5581400394439697,-0.029461747035384178,-0.42833298444747925,0.5300626754760742,1.4785643815994263
1.5025031289111388,4.515447191193287,0.8121454483122963,0.8121454483122963,-0.4343644409423816,-0.5769703984260559,2.0765371322631836,1.5127460956573486,-0.5484720468521118,-0.031338050961494446,-0.36000534892082214,0.5365394949913025,1.4538992643356323
1.506883604505632,6.935712914648816,-2.2197115660957074,-2.2197115660957074,-0.6167152300802115,-0.5678741931915283,2.0739805698394775,1.5103435516357422,-0.5654187798500061,-0.03291504457592964,-0.3236033022403717,0.542908251285553,1.3944779634475708
1.5112640801001251,7.336340203580269,-1.5557227943383027,-1.5557227943383027,-0.7087765513649542,-0.5587891936302185,2.0702569484710693,1.5078667402267456,-0.5670840740203857,-0.034332580864429474,-0.3704158663749695,0.5490167140960693,1.3211359977722168
1.5156445556946183,8.541994920710831,-0.6329292809527983,-0.6329292809527983,-1.71157672610973,-0.5497204661369324,2.0653164386749268,1.5053826570510864,-0.5676365494728088,-0.03595517948269844,-0.3951493799686432,0.5548039078712463,1.2218077182769775
1.5200250312891113,6.636691191237847,-0.26293383389103786,-0.26293383389103786,0.4201073081853377,-0.5406733751296997,2.0467686653137207,1.5028961896896362,-0.5813038945198059,-0.037686120718717575,-0.3636494576931,0.560155987739563,0.7763454914093018
1.5244055068836044,5.223686384349605,-0.27975735814749036,-0.27975735814749036,0.2905648812202339,-0.5317075252532959,2.0568435192108154,1.500349760055542,-0.5617653131484985,-0.03927907720208168,-0.38359642028808594,0.5635567307472229,1.0788546800613403
1.5287859824780976,2.586105616426197,0.7006631842102088,0.7006631842102088,-0.9604113510618835,-0.5226975679397583,2.0643632411956787,1.4978889226913452,-0.5566157698631287,-0.04095941036939621,-0.4002516269683838,0.5682826042175293,1.3016847372055054
1.5331664580725906,6.319111168075707,-0.37073684869473206,-0.37073684869473206,0.9340600301400019,-0.5136546492576599,2.052490711212158,1.495450735092163,-0.6008687019348145,-0.042712703347206116,-0.3517429828643799,0.5739846229553223,1.0020079612731934
1.5375469336670835,11.161806393130036,1.7916674374451387,1.7916674374451387,-1.1170472276413814,-0.5046637654304504,2.069906711578369,1.4928185939788818,-0.5726823806762695,-0.044253505766391754,-0.38984718918800354,0.578373908996582,1.486388087272644
1.541927409261577,9.03764773474381,-0.8299143092793355,-0.8299143092793355,-0.3370444562876508,-0.49559658765792847,2.060425043106079,1.4903099536895752,-0.5521840453147888,-0.04596122354269028,-0.304903507232666,0.5848850011825562,1.3142662048339844
1.54630788485607,6.049276898189839,1.4055995431557535,1.4055995431557535,-0.7711085644072966,-0.48657095432281494,2.0608997344970703,1.4878910779953003,-0.5311498045921326,-0.04729684442281723,-0.31929686665534973,0.5906420946121216,1.3842802047729492
1.5506883604505632,5.034243473663018,0.296080364048417,0.296080364048417,-0.310675291088668,-0.4775432348251343,2.0532305240631104,1.4855643510818481,-0.5435801148414612,-0.04869551584124565,-0.2557300925254822,0.5967059135437012,1.2280495166778564
1.5550688360450562,5.397184507489836,-0.4121153113406385,-0.4121153113406385,0.40507047146845243,-0.46854910254478455,2.051677942276001,1.4831832647323608,-0.5538091063499451,-0.04981573671102524,-0.23801089823246002,0.6020853519439697,1.2202684879302979
1.5594493116395494,8.934869535848863,2.0942743153354897,2.0942743153354897,0.6279656913168561,-0.4595617651939392,2.061087131500244,1.4807573556900024,-0.5454299449920654,-0.05085833743214607,-0.26187530159950256,0.6074306964874268,1.485251784324646
1.5638297872340423,5.970043667051825,-0.8381093273592888,-0.8381093273592888,-0.7129603687064772,-0.4505332112312317,2.0759828090667725,1.4783681631088257,-0.5044376254081726,-0.052005477249622345,-0.2190544456243515,0.6139367818832397,1.9071810245513916
1.5682102628285357,6.03451391332899,1.0094127926106238,1.0094127926106238,-0.9792204244985958,-0.4414394199848175,2.0690836906433105,1.4761584997177124,-0.5165694355964661,-0.05296504124999046,-0.22270919382572174,0.6222911477088928,1.7681139707565308
1.5725907384230289,7.211717037483075,2.995666637485244,2.995666637485244,-0.018092462632481376,-0.43237584829330444,2.057788372039795,1.4738956689834595,-0.5338981747627258,-0.05394061282277107,-0.1646347939968109,0.6300363540649414,1.5306713581085205
1.5769712140175218,6.7331675966152735,-2.802483318387389,-2.802483318387389,1.0142781393914548,-0.42336174845695496,2.0618534088134766,1.4715569019317627,-0.5210602283477783,-0.054661791771650314,-0.07662347704172134,0.6367413997650146,1.6733639240264893
1.581351689612015,9.373827118877536,1.197077752552965,1.197077752552965,-0.9893133113454262,-0.41432985663414,2.0821728706359863,1.4692744016647339,-0.48997199535369873,-0.05499744042754173,-0.18808501958847046,0.6440715193748474,2.1883599758148193
1.5857321652065082,9.907232277314293,1.5125079119517169,1.5125079119517169,-0.17554861403214866,-0.405208945274353,2.0723683834075928,1.467128038406372,-0.48164042830467224,-0.055821340531110764,-0.12423546612262726,0.6536575555801392,2.0130577087402344
1.5901126408010011,6.299515181493903,-1.2251245879943873,-1.2251245879943873,0.46428916657756397,-0.3961309790611267,2.0756514072418213,1.4650182723999023,-0.4517734944820404,-0.05636554956436157,-0.07493886351585388,0.6624757051467896,2.1488351821899414
1.5944931163954943,7.30709001125317,-0.7976605424077035,-0.7976605424077035,-0.3769691467396354,-0.3870386481285095,2.0876855850219727,1.4630392789840698,-0.4367886483669281,-0.05669381842017174,-0.1242751032114029,0.6718886494636536,2.447831630706787
1.5988735919899877,9.450674461419187,1.0521640107412393,1.0521640107412393,-1.0348858667345049,-0.3778935968875885,2.0866713523864746,1.4611259698867798,-0.43204110860824585,-0.057238202542066574,-0.1365606188774109,0.682611346244812,2.453683376312256
1.6032540675844804,7.747208822027672,0.2209154439861758,0.2209154439861758,-0.868882217232376,-0.36875298619270325,2.0755746364593506,1.4592334032058716,-0.42443475127220154,-0.05783640220761299,-0.0756121426820755,0.6933596730232239,2.2562553882598877
1.6076345431789736,8.407251727877702,1.5691524877263376,1.5691524877263376,-0.5522925168895956,-0.3596609830856323,2.065953493118286,1.4573742151260376,-0.42642199993133545,-0.05816761776804924,-0.04378659650683403,0.7032431364059448,2.085200786590576
1.6120150187734668,9.225899954694574,-2.152795664341378,-2.152795664341378,0.10255613180795797,-0.3506111204624176,2.061777353286743,1.4555063247680664,-0.4167293608188629,-0.05835942551493645,0.01816631853580475,0.7123773097991943,2.042937755584717
1.61639549436796,5.172115923092003,2.153731026724537,2.153731026724537,-0.6721685062204528,-0.3415795564651489,2.0693135261535645,1.4536808729171753,-0.3875284790992737,-0.058279849588871,-0.04769710451364517,0.7213263511657715,2.257904529571533
1.620775969962453,8.178865939119712,0.8571265798523032,0.8571265798523032,-0.5622565665626534,-0.3325149714946747,2.061328411102295,1.4519833326339722,-0.4053628444671631,-0.05848878622055054,0.034828126430511475,0.7312170267105103,2.106813907623291
1.625156445556946,7.085312593891933,-1.991033750751651,-1.991033750751651,-0.6714174917826708,-0.3234853744506836,2.056556463241577,1.4502075910568237,-0.397848516702652,-0.05833622068166733,0.07627861201763153,0.7404458522796631,2.0521039962768555
1.6295369211514392,6.364093038435845,-0.8446188163601898,-0.8446188163601898,-0.515351334978293,-0.3144766688346863,2.049100399017334,1.4484648704528809,-0.4008514881134033,-0.058002084493637085,0.037741631269454956,0.7494350671768188,1.9350837469100952
1.6339173967459324,6.20428494369298,1.223570561279275,1.223570561279275,0.3239578271493276,-0.3055006265640259,2.0438966751098633,1.4467089176177979,-0.4062150716781616,-0.057836759835481644,0.028125979006290436,0.7579116821289062,1.861465334892273
1.6382978723404251,7.108394187023754,-0.21011938493573085,-0.21011938493573085,-0.6432724835657713,-0.29654738306999207,2.0538835525512695,1.4449294805526733,-0.3964696526527405,-0.05771355330944061,0.054397523403167725,0.766065776348114,2.0953235626220703
1.6426783479349183,8.390199436546267,-0.26588206261282565,-0.26588206261282565,-0.23877904923569124,-0.2875503897666931,2.0466790199279785,1.443192720413208,-0.39884814620018005,-0.057475265115499496,0.06704697012901306,0.7752442955970764,1.9857327938079834
1.6470588235294117,5.646978980489685,0.28136927158519,0.28136927158519,-0.3946928392614886,-0.27858495712280273,2.0475001335144043,1.4414455890655518,-0.3837224841117859,-0.05718156695365906,0.06625547260046005,0.7839427590370178,2.0480334758758545
1.6514392991239049,7.0521120554113805,1.3049847685818858,1.3049847685818858,0.2532148165258797,-0.26961591839790344,2.0439577102661133,1.4397647380828857,-0.3924354910850525,-0.05689133703708649,0.08599863201379776,0.792914092540741,2.002201795578003
1.655819774718398,5.5440522021985625,0.4313046818046488,0.4313046818046488,-0.7069467357933561,-0.26066240668296814,2.0533835887908936,1.4380457401275635,-0.37839701771736145,-0.056514620780944824,0.11671365052461624,0.8016846776008606,2.2205922603607178
1.660200250312891,10.368121352533596,-0.1570337594594377,-0.1570337594594377,-0.4409327675481034,-0.2516676187515259,2.043818473815918,1.4363881349563599,-0.3939264714717865,-0.05600335821509361,0.1499541997909546,0.8114119172096252,2.0551629066467285
1.6645807259073842,6.669138912497436,0.8950010526085468,0.8950010526085468,0.10665893315426239,-0.24271471798419952,2.04168963432312,1.4346625804901123,-0.36817482113838196,-0.05534648895263672,0.15824495255947113,0.8204144835472107,2.070803165435791
1.668961201501877,4.796327184354434,-1.7895954800819147,-1.7895954800819147,-0.062726588143966,-0.23377114534378052,2.0482566356658936,1.4330497980117798,-0.36025476455688477,-0.05465330183506012,0.18126703798770905,0.8294855952262878,2.224541187286377
1.6733416770963705,4.841230779617409,-0.5471065514733926,-0.5471065514733926,0.3674774899487868,-0.22479881346225739,2.0506484508514404,1.4314717054367065,-0.3696749806404114,-0.05385926738381386,0.13083699345588684,0.8392301201820374,2.282541513442993
1.6777221526908634,5.173979625452397,0.6502587136619722,0.6502587136619722,0.5880955266450305,-0.21581599116325378,2.0616703033447266,1.4298523664474487,-0.3712218999862671,-0.05328613892197609,0.10412824153900146,0.8492287397384644,2.500032901763916
1.6821026282853566,3.8296974397415355,-0.8000757763359498,-0.8000757763359498,-1.3889796214933352,-0.20678488910198212,2.0775749683380127,1.4282262325286865,-0.36681801080703735,-0.052830006927251816,0.10594360530376434,0.8601800799369812,2.803943157196045
1.6864831038798498,9.290017410186184,-0.6225099345539398,-0.6225099345539398,-0.37139927694424957,-0.1976841241121292,2.0531234741210938,1.4266194105148315,-0.40748822689056396,-0.052365925163030624,0.12314146757125854,0.8724626898765564,2.3511388301849365
1.690863579474343,5.3507584062275,1.219145010703626,1.219145010703626,-0.9753519265362632,-0.18869046866893768,2.0516517162323,1.4248343706130981,-0.389494925737381,-0.05182650685310364,0.11580824106931686,0.8827617764472961,2.362809181213379
1.695244055068836,3.9412898030543406,-1.247025164983884,-1.247025164983884,0.8742855084386296,-0.1797032654285431,2.0355143547058105,1.4231282472610474,-0.4109228849411011,-0.05131921172142029,0.17989450693130493,0.8931120038032532,2.0858774185180664
1.699624530663329,3.5362441053653795,-1.2277714137442777,-1.2277714137442777,0.8706918139538247,-0.17078673839569092,2.0566999912261963,1.4213281869888306,-0.4113197326660156,-0.050531189888715744,0.11794550716876984,0.9022491574287415,2.472040891647339
1.7040050062578225,8.626799160644707,-0.48327946880242445,-0.48327946880242445,-0.514701834688368,-0.16177740693092346,2.0780651569366455,1.41952645778656,-0.4154225289821625,-0.05001453310251236,0.05666372552514076,0.9130778908729553,2.8498830795288086
1.7083854818523152,9.70605850094383,-0.5740813482521936,-0.5740813482521936,0.862672646135633,-0.15267449617385864,2.0733790397644043,1.4177067279815674,-0.4056764543056488,-0.04976632073521614,0.05758135765790939,0.9255617260932922,2.7905635833740234
1.7127659574468084,7.703231361842193,1.17393360389698,1.17393360389698,-1.5258059749087864,-0.14359210431575775,2.098440647125244,1.4159296751022339,-0.36590516567230225,-0.04951408877968788,0.015623584389686584,0.9377857446670532,3.2561800479888916
1.7171464330413015,7.684675579040685,-2.272873340827518,-2.272873340827518,-0.7366359861739856,-0.13439993560314178,2.0715882778167725,1.414326786994934,-0.3796480596065521,-0.04944565147161484,0.09446454793214798,0.9520493745803833,2.803463935852051
1.7215269086357947,6.289179484412023,-0.32821321222612726,-0.32821321222612726,0.15103197938010898,-0.12532539665699005,2.0609560012817383,1.4126636981964111,-0.3803386092185974,-0.049031853675842285,0.04960154742002487,0.9643298983573914,2.640855312347412
1.725907384230288,7.333499021695022,0.6567793347930977,0.6567793347930977,-0.9735369977026309,-0.11629743129014969,2.068739175796509,1.4109976291656494,-0.3773486614227295,-0.048814576119184494,0.03560606762766838,0.9758980870246887,2.7858266830444336
1.7302878598247808,6.628248561356111,0.1142831932721245,0.1142831932721245,0.7522879139412155,-0.1072353720664978,2.0522513389587402,1.4093446731567383,-0.3840601146221161,-0.04865860566496849,0.08321647346019745,0.9881013631820679,2.526393413543701
1.734668335419274,8.968360047866826,-0.28631006946933935,-0.28631006946933935,-0.5807226038745528,-0.0982455313205719,2.073427677154541,1.407662272453308,-0.3700006902217865,-0.048294078558683395,0.06458471715450287,0.9991681575775146,2.89571475982666
1.7390488110137672,9.333849439334426,0.5260266363230197,0.5260266363230197,-0.6600317165551439,-0.0891629308462143,2.066180467605591,1.4060415029525757,-0.35929203033447266,-0.048011165112257004,0.07318249344825745,1.011852741241455,2.800039768218994
1.74342928660826,6.88594462269871,-0.6561086093332167,-0.6561086093332167,-1.316798533510015,-0.08011207729578018,2.0570037364959717,1.4044675827026367,-0.3469909727573395,-0.04769059270620346,0.10781915485858917,1.0241183042526245,2.6771297454833984
1.7478097622027533,8.890143181172501,0.1085670453799791,0.1085670453799791,0.35647191377888915,-0.07110141962766647,2.031346559524536,1.4029475450515747,-0.3611050546169281,-0.04721829295158386,0.12711340188980103,1.035845398902893,2.2766036987304688
1.7521902377972465,8.733649327516018,-0.6106699698701523,-0.6106699698701523,-0.027423402999876584,-0.06220315396785736,2.044485092163086,1.4013657569885254,-0.33741945028305054,-0.04666147753596306,0.11987379193305969,1.0458179712295532,2.520232915878296
1.7565707133917396,7.014261395477606,-1.8505233032494888,-1.8505233032494888,-1.190219283268339,-0.05324733629822731,2.0488414764404297,1.3998876810073853,-0.3205353319644928,-0.04613637179136276,0.10284113883972168,1.0568578243255615,2.617509126663208
1.7609511889862328,6.435386757767205,1.3151877917400947,1.3151877917400947,-0.320562451012104,-0.04427243769168854,2.0253500938415527,1.3984836339950562,-0.33139050006866455,-0.04568587988615036,0.08355817198753357,1.0683237314224243,2.260415554046631
1.7653316645807258,9.131562308191414,-1.7494144799045341,-1.7494144799045341,-0.3365718142360037,-0.03540044277906418,2.0214505195617676,1.3970320224761963,-0.3344730734825134,-0.04531985521316528,0.13132727146148682,1.0782253742218018,2.217339277267456
1.769712140175219,9.121159183035056,0.5939161333966643,0.5939161333966643,-1.146338194234233,-0.026545528322458267,2.0182034969329834,1.3955668210983276,-0.3187420964241028,-0.0447445809841156,0.0900677889585495,1.0879384279251099,2.1980154514312744
1.774092615769712,5.252949525266482,1.5353565622403105,1.5353565622403105,0.32336612421336935,-0.017704837024211884,1.9956562519073486,1.3941705226898193,-0.3131712079048157,-0.044350042939186096,0.1408887356519699,1.0975667238235474,1.8760905265808105
1.778473091364205,3.5814740043925894,-0.1253996838818558,-0.1253996838818558,0.2557578449792363,-0.008962913416326046,2.006049394607544,1.392798662185669,-0.31634005904197693,-0.04373288154602051,0.17628270387649536,1.1057848930358887,2.0544662475585938
1.7828535669586982,8.172930979492321,0.06389597900419873,0.06389597900419873,-0.2650108413902914,-0.00017546303570270538,2.014235258102417,1.3914129734039307,-0.33235281705856323,-0.04296068102121353,0.1651517003774643,1.1147844791412354,2.1885132789611816
1.7872340425531914,8.561516582607421,-0.7328960668896537,-0.7328960668896537,-0.4300287816786931,0.008647846058011055,2.011875629425049,1.389957070350647,-0.32266074419021606,-0.042237237095832825,0.17475682497024536,1.1243711709976196,2.177870035171509
1.7916145181476846,7.05238622140683,-1.0888326741450518,-1.0888326741450518,-0.6448628102765315,0.017460819333791733,2.0055949687957764,1.3885436058044434,-0.31220144033432007,-0.04147171974182129,0.16591213643550873,1.1339112520217896,2.108304023742676
1.7959949937421775,3.9801234667065017,0.5891283982042292,0.5891283982042292,0.6471939796462733,0.02624627947807312,1.993363380432129,1.3871760368347168,-0.3146156668663025,-0.04074494540691376,0.1529468148946762,1.1431466341018677,1.9416353702545166
1.8003754693366707,8.000296753310538,-0.07973749681323937,-0.07973749681323937,0.7641680629327758,0.03497815877199173,2.0111498832702637,1.3857978582382202,-0.3238220810890198,-0.040074966847896576,0.15125112235546112,1.1516519784927368,2.221921920776367
1.804755944931164,7.7611417124581035,-0.8155248719361574,-0.8155248719361574,0.1370043440080834,0.04378795251250267,2.033514976501465,1.3843793869018555,-0.30436739325523376,-0.03941241651773453,0.12660640478134155,1.1613850593566895,2.584604263305664
1.809136420525657,8.413646397369565,-0.34563313656267225,-0.34563313656267225,-0.9383184305980526,0.05269571393728256,2.040635108947754,1.3830461502075195,-0.2940368950366974,-0.03885782137513161,0.0987895280122757,1.1727068424224854,2.7104578018188477
1.81351689612015,11.288031530860655,-0.7593124099337148,-0.7593124099337148,-0.20069041640577095,0.061634667217731476,2.0214884281158447,1.3817580938339233,-0.29069170355796814,-0.03842507675290108,0.1160978153347969,1.1845799684524536,2.441352367401123
1.8178973717146432,6.514776693016449,-2.0110303626990387,-2.0110303626990387,-0.6535284838159058,0.07048974931240082,2.02120304107666,1.380484700202942,-0.2595447897911072,-0.03791651129722595,0.09978428483009338,1.1952742338180542,2.469719171524048
1.8222778473091363,6.708645395793394,-0.5404614294869182,-0.5404614294869182,0.005104908490870058,0.07934357970952988,2.0078792572021484,1.379347801208496,-0.26585131883621216,-0.03747940808534622,0.060140930116176605,1.2060928344726562,2.2849032878875732
1.8266583229036293,8.29027838504997,1.539363142534348,1.539363142534348,-0.5285690352728503,0.08813904225826263,2.0107996463775635,1.3781832456588745,-0.2642035186290741,-0.03721596300601959,0.04420866444706917,1.2161017656326294,2.344433307647705
1.831038798498123,4.879744506345217,-1.4786991840867891,-1.4786991840867891,0.7255892609165744,0.09694729745388031,2.000772476196289,1.3770259618759155,-0.2568262815475464,-0.03702230751514435,0.10459883511066437,1.2263715267181396,2.2174808979034424
1.835419274092616,8.407547362152881,0.10261743336871662,0.10261743336871662,-0.8449949152510813,0.10571163147687912,2.0210256576538086,1.3759009838104248,-0.2612871527671814,-0.036564115434885025,0.04022662341594696,1.2360851764678955,2.526181221008301
1.8397997496871088,7.0760421003958704,-0.5779425028816532,-0.5779425028816532,0.5060554273178319,0.1145646870136261,2.0027997493743896,1.3747564554214478,-0.25608518719673157,-0.03638790547847748,0.0678999051451683,1.2471510171890259,2.278656005859375
1.844180225281602,8.009126933900603,-0.4578930711371364,-0.4578930711371364,-0.400738901952152,0.12333790212869644,2.0180912017822266,1.373634696006775,-0.2480057328939438,-0.03609047085046768,0.036243729293346405,1.257132649421692,2.520017623901367
1.848560700876095,7.184762718737844,-0.8150871288261284,-0.8150871288261284,-0.8013605863454244,0.13217809796333313,2.0106163024902344,1.3725483417510986,-0.2416013777256012,-0.03593170642852783,0.03457464650273323,1.2681715488433838,2.4299843311309814
1.852941176470588,5.142269494391324,1.0293988378175412,1.0293988378175412,-0.047749125829720185,0.14098554849624634,1.9924869537353516,1.3714900016784668,-0.24384965002536774,-0.03578025475144386,0.034173786640167236,1.2788159847259521,2.1832478046417236
1.8573216520650813,6.384978717121006,0.27985270164845333,0.27985270164845333,-1.062615887419275,0.14971359074115753,1.9928759336471558,1.3704217672348022,-0.2536962032318115,-0.03563055768609047,0.06562992185354233,1.2883796691894531,2.2003610134124756
1.8617021276595744,6.185540849949375,0.5188387642748141,0.5188387642748141,-0.049858329568334386,0.15844333171844482,1.9673938751220703,1.3693104982376099,-0.2627348005771637,-0.03534306585788727,0.10483425855636597,1.2980183362960815,1.847764492034912
1.866082603254068,8.302922736926497,-0.008589289755866952,-0.008589289755866952,0.535083498825784,0.167061448097229,1.9676434993743896,1.3681596517562866,-0.2651960849761963,-0.03488384187221527,0.12144201993942261,1.3061124086380005,1.8681530952453613
1.8704630788485608,6.24280746228714,-0.04606981863629138,-0.04606981863629138,0.5060613657280617,0.17568066716194153,1.9833229780197144,1.3669979572296143,-0.2492961585521698,-0.03435186669230461,0.10556504875421524,1.314295768737793,2.117250919342041
1.8748435544430535,8.132920410017352,-1.3200380580567697,-1.3200380580567697,0.10418201652554993,0.1843685656785965,1.9979004859924316,1.3659058809280396,-0.24799783527851105,-0.033889442682266235,0.08944106847047806,1.3235703706741333,2.341792583465576
1.879224030037547,5.577134756858227,0.8078911965294362,0.8078911965294362,-0.34217064291773236,0.1931203156709671,2.00240421295166,1.3648195266723633,-0.23704348504543304,-0.0334976464509964,0.047849323600530624,1.3338285684585571,2.426475763320923
1.88360450563204,9.789441661056344,1.3155388760198714,1.3155388760198714,0.6652798559601497,0.20189179480075836,1.9948158264160156,1.363781213760376,-0.24635201692581177,-0.03328804299235344,0.08143477141857147,1.344457745552063,2.32963490486145
1.887984981226533,9.072876260511508,-1.631457852429263,-1.631457852429263,-1.7526099848252676,0.21063002943992615,2.0138843059539795,1.3627021312713623,-0.2210564911365509,-0.03293132036924362,0.1004243940114975,1.3546626567840576,2.6266918182373047
1.8923654568210264,8.66541578306769,-2.2644343505267486,-2.2644343505267486,-0.41088730118234507,0.21945179998874664,1.969714641571045,1.3617337942123413,-0.21515163779258728,-0.03249141201376915,0.10396242141723633,1.3661688566207886,2.0205585956573486
1.8967459324155196,6.467196097476156,-1.127390168686417,-1.127390168686417,-0.4114195219124107,0.22808009386062622,1.9601470232009888,1.3607913255691528,-0.2033790498971939,-0.032036006450653076,0.04983296990394592,1.375019907951355,1.9077708721160889
1.9011264080100123,7.504826199774147,0.4966371387588237,0.4966371387588237,-0.22240057674938285,0.2366664707660675,1.950195550918579,1.3599004745483398,-0.20619072020053864,-0.0318177156150341,0.028924357146024704,1.3833768367767334,1.7832903861999512
1.9055068836045053,7.744054162686829,-1.9461402072986307,-1.9461402072986307,0.2661965514039617,0.24520926177501678,1.9451528787612915,1.3589972257614136,-0.20090320706367493,-0.031691014766693115,0.04992253705859184,1.3911885023117065,1.7318555116653442
1.9098873591989989,11.52486757484656,1.9035000170893612,1.9035000170893612,1.7604728181471383,0.2537299692630768,1.9528515338897705,1.3581172227859497,-0.19161492586135864,-0.031472329050302505,-0.014684710651636124,1.3987748622894287,1.861135482788086
1.914267834793492,10.258381904496582,0.884199476291237,0.884199476291237,-1.011230005301299,0.26228439807891846,2.000049114227295,1.3572778701782227,-0.15039126574993134,-0.03153665363788605,-0.010507863014936447,1.406927466392517,2.5575215816497803
1.9186483103879848,6.948080335114568,-0.6025312832135645,-0.6025312832135645,0.2853479671569289,0.2710455656051636,1.974136233329773,1.356619119644165,-0.13112570345401764,-0.03158268332481384,0.04484468698501587,1.41813063621521,2.218479871749878
1.923028785982478,4.513013317091993,2.462217954709544,2.462217954709544,0.7749914630734276,0.27969321608543396,1.982047438621521,1.3560447692871094,-0.12799541652202606,-0.03138624131679535,0.018915798515081406,1.4278485774993896,2.346791982650757
1.9274092615769711,5.351859581622523,1.0052137055257653,1.0052137055257653,0.4352184535312314,0.28837552666664124,2.0028135776519775,1.355484127998352,-0.13956962525844574,-0.03130337968468666,0.06818816065788269,1.4381285905838013,2.6477861404418945
1.9317897371714643,6.08041378117264,-1.2509540354643185,-1.2509540354643185,-1.4346313222527158,0.29714879393577576,2.0145556926727295,1.354872703552246,-0.1474469155073166,-0.031004682183265686,0.08483383059501648,1.449727177619934,2.82375168800354
1.9361702127659572,3.751041881922083,0.9704288012533457,0.9704288012533457,-1.0383961534758888,0.30597350001335144,1.9765838384628296,1.35422682762146,-0.15696173906326294,-0.030633069574832916,0.09019778668880463,1.4620965719223022,2.3060431480407715
1.9405506883604504,9.539382374841967,0.9441201537698832,0.9441201537698832,-0.08109657955700021,0.3146318793296814,1.9489690065383911,1.353539228439331,-0.17959243059158325,-0.030237959697842598,0.1488618403673172,1.4721981287002563,1.9285606145858765
1.944931163954944,9.921192862872083,0.2850478440877958,0.2850478440877958,0.504368503200096,0.3231692910194397,1.9462559223175049,1.3527525663375854,-0.1603456288576126,-0.02958587370812893,0.17880141735076904,1.4806461334228516,1.915886402130127
1.9493116395494368,7.709093504852053,-0.3974142280307571,-0.3974142280307571,-0.33988838123725856,0.3316948115825653,1.9589847326278687,1.3520501852035522,-0.13713482022285461,-0.02880263887345791,0.17239655554294586,1.4890385866165161,2.1190857887268066
1.9536921151439297,5.527579955150708,-1.1849202916977233,-1.1849202916977233,0.001788833360883993,0.3402760922908783,1.9493508338928223,1.3514494895935059,-0.13089719414710999,-0.028047459200024605,0.17071661353111267,1.4983211755752563,2.003875494003296
1.9580725907384229,5.599190645112045,0.1457092709127651,0.1457092709127651,-0.5222148011304386,0.3488151729106903,1.948929786682129,1.3508760929107666,-0.1383117139339447,-0.027299638837575912,0.1360609382390976,1.5070991516113281,2.011101245880127
1.962453066332916,9.27869589943019,-1.448245578206782,-1.448245578206782,-0.5087283617346243,0.3573524057865143,1.9344549179077148,1.3502702713012695,-0.1461600363254547,-0.02670362778007984,0.15556643903255463,1.5159087181091309,1.8227771520614624
1.9668335419274088,10.13186705592253,0.3958435002001837,0.3958435002001837,0.6409204707742934,0.36582624912261963,1.9197882413864136,1.3496299982070923,-0.12914907932281494,-0.02602217346429825,0.12812955677509308,1.5238933563232422,1.6410002708435059
1.9712140175219024,6.507520725149053,-0.6123268508923694,-0.6123268508923694,-0.5008315298276584,0.3742358386516571,1.935592532157898,1.3490642309188843,-0.10472042113542557,-0.025460904464125633,0.12097252905368805,1.5310816764831543,1.8844712972640991
1.9755944931163956,8.467869792542484,-0.08144749268407196,-0.08144749268407196,-0.41337215631360263,0.3827146589756012,1.9213361740112305,1.3486055135726929,-0.10602883249521255,-0.024930987507104874,0.11771651357412338,1.5393365621566772,1.7011146545410156
1.9799749687108883,7.328222355636833,0.42796254319567084,0.42796254319567084,0.7412427739269015,0.3911310136318207,1.9090222120285034,1.348141074180603,-0.09390291571617126,-0.024415332823991776,0.12740977108478546,1.546788215637207,1.549208641052246
1.9843554443053817,9.155976879990877,-0.006464974443736893,-0.006464974443736893,-0.43449028669629675,0.39949342608451843,1.9276509284973145,1.3477296829223633,-0.0883856937289238,-0.02385721728205681,0.11826099455356598,1.5535744428634644,1.824170470237732
1.9887359198998744,8.208354769129167,-1.8812437104851574,-1.8812437104851574,0.3942019866979495,0.4079374670982361,1.914486050605774,1.3473424911499023,-0.0716736912727356,-0.023339178413152695,0.13076068460941315,1.5615651607513428,1.6613268852233887
1.993116395494368,6.107394551997888,-1.3981428103433617,-1.3981428103433617,-0.0686749761889331,0.41632384061813354,1.923532247543335,1.3470284938812256,-0.06079158931970596,-0.022766385227441788,0.0643104538321495,1.5688425302505493,1.8045021295547485
1.997496871088861,7.652115360498098,-0.31778278277597966,-0.31778278277597966,0.18739242761905756,0.42474982142448425,1.9205282926559448,1.3467621803283691,-0.06414766609668732,-0.0224846750497818,0.025485776364803314,1.5767470598220825,1.7756226062774658
2.001877346683354,7.079049178008207,0.4303459715884523,0.4303459715884523,0.20738105323952094,0.433162659406662,1.9239670038223267,1.346481204032898,-0.05721309036016464,-0.022373035550117493,0.010733057744801044,1.5845251083374023,1.839340090751648
2.0062578222778478,8.939499084561817,-1.168454384569181,-1.168454384569181,-0.1092160963007481,0.4415905475616455,1.9279488325119019,1.3462306261062622,-0.05420711636543274,-0.022326020523905754,0.017244338989257812,1.59258234500885,1.909460186958313
2.0106382978723403,6.339972543892081,-0.5682877684403584,-0.5682877684403584,0.7164317422246695,0.45003587007522583,1.9229177236557007,1.345993161201477,-0.038751982152462006,-0.022250482812523842,-0.013688776642084122,1.6009466648101807,1.8583979606628418
2.015018773466833,3.5773339429051525,-1.4538701770569564,-1.4538701770569564,-1.0608905786395557,0.45845916867256165,1.9404478073120117,1.3458234071731567,-0.04117538779973984,-0.022310446947813034,-0.05120665952563286,1.609087347984314,2.1153573989868164
2.0193992490613266,8.732732374136788,-2.4292838581126235,-2.4292838581126235,0.06653203279398823,0.46695923805236816,1.9111093282699585,1.3456430435180664,-0.060648009181022644,-0.022534755989909172,-0.06268291175365448,1.6183536052703857,1.7159178256988525
2.02377972465582,8.921851943704027,1.0501508773478356,1.0501508773478356,0.14388764464208562,0.47533079981803894,1.9103552103042603,1.3453773260116577,-0.04645579680800438,-0.022809337824583054,-0.13556864857673645,1.6258701086044312,1.724257230758667
2.028160200250313,4.822339411659776,-3.839149400492327,-3.839149400492327,-0.4255424557609201,0.4836990535259247,1.9114545583724976,1.3451738357543945,-0.031123515218496323,-0.023403193801641464,-0.10910288989543915,1.6334232091903687,1.759092926979065
2.032540675844806,6.688895264315959,-1.399246984345366,-1.399246984345366,-0.32529734839544056,0.49207213521003723,1.8984936475753784,1.3450374603271484,-0.04221393167972565,-0.02388111688196659,-0.20879103243350983,1.6411288976669312,1.5901179313659668
2.036921151439299,9.816812868009418,2.847931847730049,2.847931847730049,-0.13923100673595004,0.5003884434700012,1.887492060661316,1.3448525667190552,-0.04076910763978958,-0.024795720353722572,-0.24015375971794128,1.6480944156646729,1.4525952339172363
2.0413016270337923,6.626917472680414,-0.7957757970138482,-0.7957757970138482,-0.7633795435919931,0.5086565613746643,1.8801891803741455,1.344673991203308,-0.018636303022503853,-0.02584770880639553,-0.15291914343833923,1.654457449913025,1.3741902112960815
2.045682102628285,5.852075514893121,-0.2013841776288562,-0.2013841776288562,0.5867567646679002,0.516892671585083,1.857276201248169,1.3445923328399658,-0.016278589144349098,-0.02651756815612316,-0.15386521816253662,1.6604770421981812,1.07157564163208
2.0500625782227786,6.77505831523313,0.19270615152652587,0.19270615152652587,-0.7676195192680711,0.5250284075737,1.8705302476882935,1.3445210456848145,-0.021954501047730446,-0.02719157189130783,-0.17688143253326416,1.6651710271835327,1.271159291267395
2.0544430538172715,5.832445636636169,-0.4274377735817078,-0.4274377735817078,-0.511023759814268,0.5332221984863281,1.8472542762756348,1.344424843788147,-0.01826535537838936,-0.027966396883130074,-0.1488368809223175,1.6707392930984497,0.9643697738647461
2.0588235294117645,6.331154808648053,1.4214526300816228,1.4214526300816228,0.8405553120874197,0.5413140654563904,1.831122636795044,1.3443448543548584,-0.021211087703704834,-0.028618372976779938,-0.14639590680599213,1.6749637126922607,0.7548655271530151
2.063204005006258,6.2814095505583625,-0.7040238715583268,-0.7040238715583268,-0.26106109006506434,0.549335241317749,1.850638508796692,1.3442519903182983,-0.024399857968091965,-0.029259657487273216,-0.1294318586587906,1.6782703399658203,1.044352412223816
2.067584480600751,5.1680951277769775,0.7274891809709422,0.7274891809709422,-0.17083803223051075,0.5574418902397156,1.8408013582229614,1.3441450595855713,-0.024990081787109375,-0.029826629906892776,-0.14236778020858765,1.682845115661621,0.9245985150337219
2.071964956195244,7.7308532024350125,0.14821115186719214,0.14821115186719214,0.5183950532836931,0.5655055046081543,1.8338091373443604,1.3440356254577637,-0.03317265585064888,-0.03045026771724224,-0.11613377928733826,1.6868952512741089,0.8416752219200134
2.076345431789737,6.268235435155505,1.6353385375019613,1.6353385375019613,0.2260146534338213,0.5735384821891785,1.8438204526901245,1.3438903093338013,-0.026278041303157806,-0.0309589896351099,-0.12694431841373444,1.6905821561813354,1.0038533210754395
2.08072590738423,4.621934612054305,-1.105824244140434,-1.105824244140434,-0.20348020012349669,0.5816152691841125,1.846689224243164,1.3437751531600952,-0.02836228907108307,-0.03151506558060646,-0.08578759431838989,1.6949795484542847,1.0625559091567993
2.085106382978723,7.086550987381781,-0.5859410258461824,-0.5859410258461824,0.011719677883296,0.5897046327590942,1.8389091491699219,1.3436509370803833,-0.04008952155709267,-0.031890854239463806,-0.11213890463113785,1.699634075164795,0.9678959846496582
2.0894868585732165,5.281802918315912,-0.9824104707891398,-0.9824104707891398,0.35761201687034616,0.5977599024772644,1.8355119228363037,1.343475341796875,-0.0359618254005909,-0.03238207474350929,-0.12959249317646027,1.703873872756958,0.94193035364151
2.093867334167709,4.463263331570737,-0.11339065760578301,-0.11339065760578301,0.22757531414007628,0.6058003306388855,1.842150330543518,1.3433178663253784,-0.0451139435172081,-0.03294975310564041,-0.1687254011631012,1.7079999446868896,1.0513708591461182
2.098247809762203,5.085551010988528,0.9115776204442217,0.9115776204442217,-2.0691271857259776,0.613869845867157,1.8457080125808716,1.3431202173233032,-0.05936792120337486,-0.033688850700855255,-0.17868268489837646,1.7126054763793945,1.1156121492385864
2.102628285356696,7.722107984142941,-0.33319633434448076,-0.33319633434448076,0.3428724986935171,0.6219549179077148,1.7880680561065674,1.3428601026535034,-0.06083419919013977,-0.03447156399488449,-0.09163665771484375,1.7174923419952393,0.3241189122200012
2.1070087609511887,7.95803860594196,-3.8625861525680705,-3.8625861525680705,0.9754156403352857,0.6297875046730042,1.7927075624465942,1.3425936698913574,-0.053409963846206665,-0.03487297520041466,-0.11138001084327698,1.718912124633789,0.41415318846702576
2.111389236545682,10.182241966749503,0.2002461994180123,0.2002461994180123,-1.4089691532274593,0.6376404166221619,1.813881516456604,1.3423596620559692,-0.04692558944225311,-0.035360872745513916,-0.2526649832725525,1.7207263708114624,0.7373782992362976
2.115769712140175,5.926685068863141,0.5503752211066772,0.5503752211066772,-0.34080192674130794,0.6455860733985901,1.7706494331359863,1.3421541452407837,-0.01615935005247593,-0.03646766394376755,-0.2056707888841629,1.7239564657211304,0.1644318699836731
2.1201501877346685,8.057061879534373,-0.9996914099016879,-0.9996914099016879,1.3465665662275914,0.6533423662185669,1.7580809593200684,1.3420833349227905,-0.017993085086345673,-0.03736859932541847,-0.1796455830335617,1.7246767282485962,0.008115127682685852
2.1245306633291614,8.396060055279765,0.01912649326659998,0.01912649326659998,0.39407589208680355,0.6610435843467712,1.7887306213378906,1.3420045375823975,-0.012429864145815372,-0.038155533373355865,-0.24816375970840454,1.7247122526168823,0.46682804822921753
2.1289111389236544,9.465410875054936,1.2430980198207,1.2430980198207,0.05500125255329805,0.6688790917396545,1.7939472198486328,1.3419500589370728,-0.0007579810917377472,-0.03924261033535004,-0.25911346077919006,1.7267571687698364,0.5702112317085266
2.133291614518148,8.403919520953107,-1.3421278748360224,-1.3421278748360224,-0.2745863613764352,0.6767374277114868,1.789419174194336,1.3419467210769653,0.019454119727015495,-0.040377650409936905,-0.22441726922988892,1.729254961013794,0.5415452122688293
2.1376720901126407,10.062807137230662,-1.262071650892197,-1.262071650892197,0.13287628229926507,0.6845759153366089,1.7767422199249268,1.3420319557189941,0.03395424783229828,-0.041360706090927124,-0.25559285283088684,1.7316272258758545,0.39528733491897583
2.1420525657071336,6.822606841809127,-1.907893649771714,-1.907893649771714,1.1839223034210207,0.6923589110374451,1.7736294269561768,1.3421807289123535,0.05792085826396942,-0.04248032346367836,-0.2963297367095947,1.7333587408065796,0.3905773162841797
2.146433041301627,6.1297185311448,-1.5782269018262702,-1.5782269018262702,-0.5151129068871197,0.7001282572746277,1.8002816438674927,1.3424344062805176,0.0555909164249897,-0.04377838969230652,-0.38662058115005493,1.7350696325302124,0.7927461862564087
2.15081351689612,7.935394748881873,-0.6341792135185552,-0.6341792135185552,0.7833660595863682,0.7080143690109253,1.7824748754501343,1.3426779508590698,0.05584118142724037,-0.04547196999192238,-0.41766688227653503,1.7385421991348267,0.5677684545516968
2.155193992490613,7.5647462790369495,2.095334855061007,2.095334855061007,-0.46264293534705525,0.7158224582672119,1.797513723373413,1.342922568321228,0.06258562952280045,-0.04730154946446419,-0.45906370878219604,1.7410292625427246,0.8135566115379333
2.1595744680851063,5.718857491765307,1.7036800603898357,1.7036800603898357,-0.45197293432293306,0.7236964106559753,1.7798113822937012,1.3431967496871948,0.0723390206694603,-0.049312468618154526,-0.3843626379966736,1.7445930242538452,0.5982509851455688
2.1639549436795997,9.631470910749773,0.361026779782148,0.361026779782148,0.9860361046222634,0.731492817401886,1.7636164426803589,1.3435136079788208,0.06979134678840637,-0.05099615827202797,-0.32141074538230896,1.74721360206604,0.39672160148620605
2.1683354192740927,6.8280752113668814,-0.8322300034813067,-0.8322300034813067,0.45779904513888076,0.7392182946205139,1.7821701765060425,1.3438193798065186,0.08691401779651642,-0.05240409076213837,-0.33966299891471863,1.7489514350891113,0.7045520544052124
2.1727158948685856,7.600055599581656,0.040895413869703634,0.040895413869703634,0.2969705787667106,0.7470250725746155,1.78884756565094,1.3442001342773438,0.08754516392946243,-0.053891975432634354,-0.37733593583106995,1.752037763595581,0.8327127695083618
2.1770963704630786,6.450049595369721,-1.127442228639772,-1.127442228639772,0.11121513483707067,0.754861056804657,1.7905371189117432,1.3445836305618286,0.09406327456235886,-0.055544886738061905,-0.38481414318084717,1.7556854486465454,0.8955777287483215
2.181476846057572,6.006092410611842,2.836007718648808,2.836007718648808,-0.34648533717811664,0.7627044320106506,1.7881218194961548,1.3449956178665161,0.09371263533830643,-0.05723055452108383,-0.4209868609905243,1.759608507156372,0.8957905173301697
2.185857321652065,5.305354274313446,0.2116623767471293,0.2116623767471293,-1.0991853158134512,0.770537257194519,1.7739237546920776,1.345406174659729,0.09267707914113998,-0.059074677526950836,-0.3280479907989502,1.7635325193405151,0.7281231880187988
2.1902377972465583,5.233008615404437,-0.43752220472647074,-0.43752220472647074,0.49756007459072643,0.7783079147338867,1.7404717206954956,1.345812201499939,0.09091316908597946,-0.06051168218255043,-0.2897670865058899,1.7667220830917358,0.28493234515190125
2.1946182728410517,8.819056641503764,0.24929925269603237,0.24929925269603237,-0.17899543246688232,0.7859320044517517,1.7488982677459717,1.3462104797363281,0.08059774339199066,-0.06178100034594536,-0.3170744478702545,1.7679702043533325,0.43407684564590454
2.198998748435544,8.434418468392344,-0.21694889781857477,-0.21694889781857477,-0.043492961945533565,0.7935929894447327,1.736305832862854,1.3465635776519775,0.09795479476451874,-0.0631699338555336,-0.304566890001297,1.769871711730957,0.3072965741157532
2.2033792240300376,8.35239158391029,-0.226609901122935,-0.226609901122935,0.24782474168889765,0.8011988401412964,1.7274885177612305,1.3469926118850708,0.112053781747818,-0.06450407952070236,-0.3096323609352112,1.7712178230285645,0.2327110767364502
2.2077596996245306,5.623689239747712,0.14499852284508852,0.14499852284508852,-0.02796911692070106,0.8087660670280457,1.726265788078308,1.347483515739441,0.12407252192497253,-0.06586041301488876,-0.32348737120628357,1.7722371816635132,0.2662110924720764
2.2121401752190235,5.3047600230085425,0.5287055388356824,0.5287055388356824,0.1841350809337639,0.8163279294967651,1.7202626466751099,1.348026990890503,0.11915716528892517,-0.0672774389386177,-0.3184361755847931,1.773403286933899,0.21612954139709473
2.216520650813517,6.577384289343373,-3.4641709208704654,-3.4641709208704654,0.5385927006136233,0.8238635063171387,1.7200391292572021,1.3485490083694458,0.1109631359577179,-0.06867234408855438,-0.3083736300468445,1.7743500471115112,0.24664875864982605
2.22090112640801,7.066350886161839,0.5510915510327326,0.5510915510327326,0.22909062789181983,0.831398069858551,1.7277947664260864,1.3490350246429443,0.10943415015935898,-0.07002316415309906,-0.4252670407295227,1.77543044090271,0.39922499656677246
2.225281602002503,9.24951506433306,0.8892869889388978,0.8892869889388978,-0.495551330311084,0.8389666080474854,1.72687566280365,1.349514365196228,0.11284521967172623,-0.07188603281974792,-0.41586360335350037,1.77717924118042,0.4330027103424072
2.229662077596996,7.1636592903687415,0.04215736092569314,0.04215736092569314,-0.8690865065246831,0.8465311527252197,1.7046877145767212,1.3500087261199951,0.13494908809661865,-0.073707714676857,-0.375421941280365,1.7790759801864624,0.18121275305747986
2.234042553191489,5.68845241719746,0.14278894754967397,0.14278894754967397,0.304050025771078,0.8539984822273254,1.6746901273727417,1.3505998849868774,0.14512446522712708,-0.075352244079113,-0.34881073236465454,1.779869794845581,-0.1945483386516571
2.2384230287859825,9.935565465135893,-1.2299769641582001,-1.2299769641582001,-0.39206673232387224,0.8613344430923462,1.676780343055725,1.3512356281280518,0.13885346055030823,-0.07688020169734955,-0.35352006554603577,1.7790175676345825,-0.12439514696598053
2.2428035043804755,7.296782702778017,-0.17210043142481396,-0.17210043142481396,0.1771456531300017,0.8686795234680176,1.6561813354492188,1.3518438339233398,0.16510312259197235,-0.07842878997325897,-0.3779897093772888,1.778472661972046,-0.34456688165664673
2.2471839799749684,5.752172244508903,-0.4243636305422493,-0.4243636305422493,-0.14725728458521653,0.875934362411499,1.653120994567871,1.3525670766830444,0.17036250233650208,-0.08008456230163574,-0.38818880915641785,1.7769633531570435,-0.333879679441452
2.251564455569462,6.913415631470294,-1.230350961242976,-1.230350961242976,0.22359665459865713,0.883175790309906,1.6431365013122559,1.3533133268356323,0.16697251796722412,-0.08178501576185226,-0.3962811827659607,1.775500774383545,-0.4319334924221039
2.255944931163955,6.928290747049852,1.9442626417160906,1.9442626417160906,0.5289688595217931,0.8903735280036926,1.6415332555770874,1.354044795036316,0.16936272382736206,-0.08352091908454895,-0.4387410581111908,1.773608684539795,-0.40118661522865295
2.260325406758448,5.234202737248269,-1.3878883090096827,-1.3878883090096827,-0.28948221447033695,0.8975642323493958,1.6478339433670044,1.3547866344451904,0.17021413147449493,-0.08544281125068665,-0.39741000533103943,1.7718513011932373,-0.2572145462036133
2.264705882352941,6.163609860120818,-2.914700463757238,-2.914700463757238,0.4374875215620282,0.9047825336456299,1.6344835758209229,1.3555322885513306,0.1640535593032837,-0.08718365430831909,-0.4294869303703308,1.7707245349884033,-0.4041653871536255
2.269086357947434,5.258815317521316,0.6279604354955577,0.6279604354955577,0.9569863628254007,0.9119423627853394,1.639067530632019,1.3562508821487427,0.16025255620479584,-0.08906500786542892,-0.527381420135498,1.7689541578292847,-0.28848809003829956
2.2734668335419275,10.508337526955824,0.43318740365777986,0.43318740365777986,0.5098168214482095,0.9191222786903381,1.6582151651382446,1.3569529056549072,0.14765386283397675,-0.0913751870393753,-0.5369900465011597,1.7676904201507568,0.026785433292388916
2.2778473091364204,6.363884803523992,1.4718123201615176,1.4718123201615176,0.11708239235844706,0.9263860583305359,1.659554362297058,1.3575997352600098,0.1728055477142334,-0.0937274619936943,-0.5392278432846069,1.7678077220916748,0.13610237836837769
2.2822277847309134,6.686142220778122,1.0618222969946807,1.0618222969946807,-0.16577090599386357,0.9336556792259216,1.6552125215530396,1.3583567142486572,0.17208239436149597,-0.09608953446149826,-0.49966543912887573,1.7684038877487183,0.1307845115661621
2.2866082603254068,8.889397577100496,-1.1800844103392345,-1.1800844103392345,0.00035426258995008286,0.940906286239624,1.6429418325424194,1.3591104745864868,0.1750122755765915,-0.09827830642461777,-0.463815838098526,1.7689768075942993,0.01753709465265274
2.2909887359199,8.081382943384618,2.6095259177369856,2.6095259177369856,-0.9905031771358148,0.948103129863739,1.63224196434021,1.359877109527588,0.19191579520702362,-0.10031004250049591,-0.4982883930206299,1.76905357837677,-0.05174540728330612
2.2953692115143927,7.560230324233598,-1.9222371875543403,-1.9222371875543403,0.4433998161488796,0.9552531242370605,1.5964096784591675,1.3607177734375,0.208588108420372,-0.10249277949333191,-0.39315614104270935,1.768826961517334,-0.482816219329834
2.299749687108886,7.079260856013723,-0.43470198027002105,-0.43470198027002105,-0.31268311963492346,0.9622461795806885,1.5986409187316895,1.3616315126419067,0.2141258716583252,-0.10421498864889145,-0.4622402489185333,1.766711950302124,-0.3781106770038605
2.304130162703379,5.38385673772798,1.072819921986507,1.072819921986507,0.8457112764484976,0.9692490100860596,1.5815787315368652,1.3625694513320923,0.22039340436458588,-0.10623981803655624,-0.4658035933971405,1.7650556564331055,-0.5500766038894653
2.3085106382978724,7.320880109909701,1.186826462317688,1.186826462317688,0.7193143826958837,0.9761770963668823,1.5969290733337402,1.363534927368164,0.20919549465179443,-0.1082802563905716,-0.4591712951660156,1.7626460790634155,-0.2788676917552948
2.3128911138923653,6.277310857521535,-1.1973189764552514,-1.1973189764552514,0.23099274847247,0.9831724166870117,1.606440544128418,1.364451289176941,0.21177904307842255,-0.11029164493083954,-0.44551846385002136,1.7614245414733887,-0.06981535255908966
2.3172715894868583,3.3360793078202446,-0.062787437850375,-0.062787437850375,0.5435287446134377,0.9902094006538391,1.6043853759765625,1.365378975868225,0.2098497599363327,-0.11224322766065598,-0.48722970485687256,1.761118769645691,-0.03383693844079971
2.321652065081352,5.679699582589704,-0.35889335001749445,-0.35889335001749445,-0.9354785327067587,0.9972373843193054,1.6142841577529907,1.3662981986999512,0.1865600347518921,-0.11437752842903137,-0.5049360394477844,1.7609705924987793,0.1412714719772339
2.3260325406758446,7.4180375593630155,1.5487915619836379,1.5487915619836379,-0.48850461925406097,1.0043087005615234,1.5821932554244995,1.3671153783798218,0.18649211525917053,-0.11658938974142075,-0.4880979359149933,1.7615894079208374,-0.2513664662837982
2.330413016270338,6.855587982446836,-0.5282159737489026,-0.5282159737489026,-0.30050964217911247,1.0112394094467163,1.559381127357483,1.3679323196411133,0.19584433734416962,-0.11872749030590057,-0.4286024272441864,1.7604882717132568,-0.4926210343837738
2.334793491864831,8.75472467183784,0.8171243183270361,0.8171243183270361,-0.652726347645846,1.0180702209472656,1.5421372652053833,1.3687902688980103,0.20038491487503052,-0.1206049695611,-0.4352521598339081,1.7583303451538086,-0.6597515344619751
2.339173967459324,5.593614544340392,-0.9611025176444634,-0.9611025176444634,0.7410454513458334,1.0248255729675293,1.5129355192184448,1.3696680068969727,0.21934252977371216,-0.12251158058643341,-0.3923278748989105,1.755440354347229,-0.9729204177856445
2.3435544430538173,7.065062813504381,0.02355448766697016,0.02355448766697016,0.3296455285117248,1.0314528942108154,1.5245999097824097,1.370628833770752,0.20999671518802643,-0.12423016130924225,-0.4420360028743744,1.751178503036499,-0.7431574463844299
2.3479349186483103,6.910590227427045,-1.621095226615205,-1.621095226615205,0.9636003488650932,1.0381313562393188,1.52339506149292,1.3715487718582153,0.21267548203468323,-0.12616649270057678,-0.45097482204437256,1.7479231357574463,-0.6774801015853882
2.3523153942428032,6.462684288158702,1.810264445006658,1.810264445006658,0.29874301824724403,1.044804573059082,1.5390222072601318,1.3724803924560547,0.21136225759983063,-0.12814196944236755,-0.5264561176300049,1.7449554204940796,-0.37509995698928833
2.3566958698372966,8.046014510253329,-0.5326827584656515,-0.5326827584656515,-0.4748492126444941,1.0515462160110474,1.5377321243286133,1.3734062910079956,0.21027535200119019,-0.1304481029510498,-0.4823148846626282,1.7433123588562012,-0.3156789541244507
2.3610763454317896,10.118791747347064,1.7244553741510709,1.7244553741510709,0.5596067722036235,1.0582822561264038,1.5137014389038086,1.3743274211883545,0.22335347533226013,-0.1325608789920807,-0.48400381207466125,1.741929531097412,-0.5560389757156372
2.3654568210262825,6.637400046439394,1.006626603379516,1.006626603379516,0.6192866715588639,1.064913034439087,1.5137792825698853,1.3753057718276978,0.24550220370292664,-0.13468104600906372,-0.4499865472316742,1.7394938468933105,-0.42927753925323486
2.369837296620776,6.801747098915597,-2.2833173273557206,-2.2833173273557206,-0.4188430548787555,1.0715440511703491,1.5203907489776611,1.3763811588287354,0.24412094056606293,-0.13665220141410828,-0.4386749863624573,1.7376134395599365,-0.25249016284942627
2.374217772215269,7.005920610320942,-1.1368080271273946,-1.1368080271273946,0.073912516546432,1.0782040357589722,1.4993194341659546,1.3774504661560059,0.24849629402160645,-0.1385738104581833,-0.49312353134155273,1.7365074157714844,-0.4622337818145752
2.3785982478097623,5.347380977363405,-0.45563066353167964,-0.45563066353167964,1.2142060895498552,1.084771752357483,1.490828037261963,1.378538966178894,0.25199127197265625,-0.14073392748832703,-0.5284804105758667,1.7344826459884644,-0.4909147024154663
2.382978723404255,6.0539058603112945,0.7456976589259852,0.7456976589259852,0.017812851591158668,1.0913022756576538,1.5147985219955444,1.3796428442001343,0.23940487205982208,-0.14304892718791962,-0.5772449374198914,1.7323322296142578,-0.0832204520702362
2.387359198998748,8.634394844403978,0.4159692113623936,0.4159692113623936,0.19076769323506312,1.097937822341919,1.5060721635818481,1.3806915283203125,0.23680667579174042,-0.145577535033226,-0.5559883713722229,1.7319676876068115,-0.12513957917690277
2.391739674593241,8.274126174549103,1.5591473524756374,1.5591473524756374,0.5425932645091025,1.1045351028442383,1.4978107213974,1.3817288875579834,0.2506900429725647,-0.14801302552223206,-0.5494117736816406,1.731419563293457,-0.1240447387099266
2.3961201501877345,5.961538431352599,1.323974279180332,1.323974279180332,0.24451998902144165,1.1110962629318237,1.4992260932922363,1.3828270435333252,0.2606479525566101,-0.1504197120666504,-0.5197251439094543,1.7308762073516846,0.010106630623340607
2.400500625782228,6.979310113134186,0.17269097793018373,0.17269097793018373,-1.3613989035625782,1.1176636219024658,1.4962687492370605,1.3839688301086426,0.25643205642700195,-0.15269635617733002,-0.48820164799690247,1.730920433998108,0.052150387316942215
2.404881101376721,7.833570945161273,0.273605078174162,0.273605078174162,-0.3281642911208573,1.1242179870605469,1.4491946697235107,1.3850921392440796,0.2658425569534302,-0.15483491122722626,-0.44340136647224426,1.7311488389968872,-0.5104137063026428
2.409261576971214,3.561377080086082,-0.3572090378272287,-0.3572090378272287,0.1869025219233222,1.130566120147705,1.4278641939163208,1.3862566947937012,0.27646228671073914,-0.15677721798419952,-0.4258278012275696,1.7289129495620728,-0.6970895528793335
2.413642052565707,5.040434966006609,1.018866765142847,1.018866765142847,0.6148979941886852,1.1368207931518555,1.4269742965698242,1.3874677419662476,0.25630441308021545,-0.15864254534244537,-0.44171759486198425,1.7258594036102295,-0.6572214961051941
2.4180225281602,5.780594058368106,-0.46682823772016835,-0.46682823772016835,-0.5131269095930344,1.1430716514587402,1.4349318742752075,1.3885904550552368,0.24425552785396576,-0.16057747602462769,-0.4299204349517822,1.7229804992675781,-0.47063586115837097
2.422403003754693,6.245219059120169,-0.4305288764931532,-0.4305288764931532,-0.6231803975677257,1.1493573188781738,1.4118261337280273,1.389660358428955,0.2418002337217331,-0.16246072947978973,-0.42856836318969727,1.720918893814087,-0.7085754871368408
2.4267834793491865,6.052631293290363,0.20067619652806667,0.20067619652806667,0.16746307492270768,1.1555417776107788,1.3849513530731201,1.3907195329666138,0.24274399876594543,-0.16433806717395782,-0.4229423403739929,1.7178150415420532,-0.9911439418792725
2.4311639549436794,6.902405402703969,1.038959732101988,1.038959732101988,0.15351701454944594,1.1616085767745972,1.3792099952697754,1.3917828798294067,0.2390832155942917,-0.1661907583475113,-0.4219724237918854,1.7134733200073242,-0.9785684943199158
2.4355444305381724,6.806696921322725,-2.738955072773586,-2.738955072773586,0.31351875903187265,1.1676502227783203,1.3716281652450562,1.3928301334381104,0.2411206215620041,-0.1680392026901245,-0.39611467719078064,1.7091866731643677,-0.9776889085769653
2.4399249061326658,8.972034867373104,0.8750013017758524,0.8750013017758524,-0.16832393020706554,1.1736586093902588,1.3683921098709106,1.3938863277435303,0.24191443622112274,-0.1697743684053421,-0.4852565824985504,1.7049039602279663,-0.9162395000457764
2.4443053817271587,8.911715828801995,0.1313741663695388,0.1313741663695388,0.9070303216663468,1.1796528100967407,1.3486831188201904,1.3949459791183472,0.2588426172733307,-0.17190001904964447,-0.4547881782054901,1.7008904218673706,-1.0504567623138428
2.448685857321652,8.47293165944447,-1.4878214667469039,-1.4878214667469039,-0.19888298886482522,1.185560703277588,1.3574687242507935,1.3960797786712646,0.2714950144290924,-0.17389221489429474,-0.4774397909641266,1.6962889432907104,-0.7847470641136169
2.453066332916145,7.421982903303771,1.473613209095073,1.473613209095073,1.6102635391968076,1.19150710105896,1.3376370668411255,1.3972690105438232,0.28515318036079407,-0.17598362267017365,-0.5150808691978455,1.6928514242172241,-0.9253389835357666
2.457446808510638,3.487791604981818,0.1523772311737156,0.1523772311737156,-0.2473769822232266,1.1973665952682495,1.3675096035003662,1.3985180854797363,0.28582996129989624,-0.17823992669582367,-0.5190715193748474,1.688797950744629,-0.3860982656478882
2.4618272841051314,4.9317698302974975,0.31624337152266124,0.31624337152266124,1.3956917188186426,1.2033569812774658,1.3548742532730103,1.3997701406478882,0.2666712999343872,-0.18051370978355408,-0.5073974132537842,1.6871066093444824,-0.505104124546051
2.4662077596996244,8.281730285880485,-0.6317656394073733,-0.6317656394073733,1.137260560657005,1.209291934967041,1.383265733718872,1.4009382724761963,0.2519104778766632,-0.1827363520860672,-0.5389207005500793,1.6848939657211304,-0.025782525539398193
2.4705882352941178,4.499331009797329,-0.08294652592676754,-0.08294652592676754,-0.6545508105787212,1.2153513431549072,1.3988136053085327,1.4020417928695679,0.2602236270904541,-0.1850970834493637,-0.5905818939208984,1.6847810745239258,0.3314550220966339
2.4749687108886107,7.722857000221707,1.6511585481565594,1.6511585481565594,0.44146595238131625,1.221478819847107,1.3733786344528198,1.4031816720962524,0.24893854558467865,-0.18768411874771118,-0.5738892555236816,1.6862330436706543,0.05314567685127258
2.479349186483104,8.466180505989849,-1.2319389628243012,-1.2319389628243012,0.052008204635894104,1.2274948358535767,1.3710980415344238,1.404272198677063,0.25562748312950134,-0.19019803404808044,-0.5385624170303345,1.686465859413147,0.15533491969108582
2.483729662077597,8.33020031464962,0.5544883609747272,0.5544883609747272,-1.2978538112831857,1.2335008382797241,1.3569467067718506,1.4053919315338135,0.2683987021446228,-0.1925572007894516,-0.5760577321052551,1.6871463060379028,0.10649025440216064
2.48811013767209,9.849738365363228,-0.04688974927500911,-0.04688974927500911,0.6453032349643266,1.2394448518753052,1.3070337772369385,1.4065676927566528,0.2844473123550415,-0.19508060812950134,-0.5219634771347046,1.687612771987915,-0.44277769327163696
2.492490613266583,7.079427058199847,0.9407598923498914,0.9407598923498914,0.08249030144193334,1.24517023563385,1.3056665658950806,1.4078136682510376,0.30440986156463623,-0.19736705720424652,-0.542177677154541,1.6856732368469238,-0.2841256856918335
2.4968710888610763,8.706884146859654,2.1682943136493646,2.1682943136493646,0.2392947529012634,1.2508896589279175,1.2944525480270386,1.4091471433639526,0.30785396695137024,-0.19974204897880554,-0.5171135067939758,1.6844285726547241,-0.31164756417274475
2.5012515644555693,3.672134695006485,0.44133554282754384,0.44133554282754384,-0.8335769284239929,1.25655996799469,1.2841682434082031,1.410495638847351,0.3215233385562897,-0.2020072489976883,-0.4607805907726288,1.6830633878707886,-0.2946000099182129
2.5056320400500622,5.238191334580991,0.3239979430365022,0.3239979430365022,0.9720225390332615,1.2621852159500122,1.254947543144226,1.4119040966033936,0.30521395802497864,-0.20402568578720093,-0.4235491156578064,1.6817729473114014,-0.6342446804046631
2.510012515644556,5.496914717471114,0.6923165836467772,0.6923165836467772,0.8153233301108669,1.267682433128357,1.2705841064453125,1.4132410287857056,0.2937326729297638,-0.2058810293674469,-0.44247350096702576,1.6789946556091309,-0.31695011258125305
2.5143929912390486,8.70995906321524,-0.6217018210647293,-0.6217018210647293,0.7007024986215709,1.2732481956481934,1.2815146446228027,1.4145277738571167,0.2845499813556671,-0.20781926810741425,-0.4460656940937042,1.677606225013733,-0.059813112020492554
2.518773466833542,10.438254165615376,0.23866045539521402,0.23866045539521402,-0.5434023052549661,1.2788618803024292,1.2830129861831665,1.4157742261886597,0.29686981439590454,-0.2097732424736023,-0.4846840798854828,1.6773442029953003,0.12813875079154968
2.523153942428035,6.147972775802142,0.7011888307760572,0.7011888307760572,-0.05056212629392756,1.2844821214675903,1.2478827238082886,1.4170746803283691,0.3240685760974884,-0.2118963897228241,-0.46184536814689636,1.677905559539795,-0.16028523445129395
2.527534418022528,7.908114289093962,-0.44874733385897303,-0.44874733385897303,-0.6121579510539149,1.2899484634399414,1.234238862991333,1.4184942245483398,0.3216426372528076,-0.2139194905757904,-0.43989184498786926,1.6772034168243408,-0.23058480024337769
2.5319148936170213,6.261413965117695,0.9471648111154215,0.9471648111154215,1.2757366046270182,1.295354962348938,1.2020230293273926,1.4199031591415405,0.3323468863964081,-0.21584641933441162,-0.43511974811553955,1.676193356513977,-0.5242874622344971
2.536295369211514,6.986557705801583,-0.7578215878599361,-0.7578215878599361,-0.8942078070016473,1.300620436668396,1.2232111692428589,1.4213589429855347,0.3268178701400757,-0.21775245666503906,-0.44471508264541626,1.6738966703414917,-0.10376408696174622
2.540675844806008,6.764898284131898,-0.2834016772381959,-0.2834016772381959,-0.5306399082629323,1.3059786558151245,1.1851677894592285,1.42279052734375,0.3321515619754791,-0.21970051527023315,-0.4407321810722351,1.6734421253204346,-0.4944596290588379
2.545056320400501,5.155412075839589,0.37396062635383054,0.37396062635383054,0.11345887820073883,1.311170220375061,1.1571310758590698,1.4242454767227173,0.3349316716194153,-0.22163112461566925,-0.43351203203201294,1.6712762117385864,-0.7486392259597778
2.549436795994993,6.215557932637956,0.9065397248640955,0.9065397248640955,0.9276049737216627,1.3162389993667603,1.1494596004486084,1.4257125854492188,0.3252756893634796,-0.223530113697052,-0.4259045422077179,1.6679967641830444,-0.7501635551452637
2.553817271589487,8.123958103110427,-2.873455009407472,-2.873455009407472,0.8444131311515006,1.3212741613388062,1.1611919403076172,1.4271374940872192,0.3204355239868164,-0.2253957837820053,-0.4265197217464447,1.6647106409072876,-0.45834821462631226
2.55819774718398,6.493088722418784,1.108444111268272,1.108444111268272,-0.12177188089152177,1.3263607025146484,1.1666810512542725,1.4285411834716797,0.32845622301101685,-0.2272641360759735,-0.5350932478904724,1.6627027988433838,-0.21319037675857544
2.562578222778473,6.0964669834835,1.0170115211132933,1.0170115211132933,0.3958855630536806,1.33147132396698,1.1497926712036133,1.429979920387268,0.3282428979873657,-0.22960810363292694,-0.4991670250892639,1.661768913269043,-0.31283292174339294
2.566958698372966,6.3107665637095405,0.7017428371027964,0.7017428371027964,-0.11292917258885823,1.3365079164505005,1.1474069356918335,1.4314178228378296,0.3241350054740906,-0.23179468512535095,-0.48102816939353943,1.6603986024856567,-0.2172878384590149
2.571339173967459,4.804684328150001,-0.5800557047536519,-0.5800557047536519,-0.15009402461545926,1.34153413772583,1.1309248208999634,1.432837724685669,0.32265010476112366,-0.23390181362628937,-0.4572371542453766,1.6594468355178833,-0.3124765455722809
2.575719649561952,4.9823902555525,-1.2231496088184766,-1.2231496088184766,0.3357928725050845,1.346488118171692,1.1165913343429565,1.434251070022583,0.31137681007385254,-0.235904723405838,-0.4697934091091156,1.6580780744552612,-0.4088793992996216
2.580100125156445,6.131784075433794,0.5075626306762857,0.5075626306762857,0.36495608929088025,1.3513792753219604,1.1147404909133911,1.435615062713623,0.3000853657722473,-0.23796264827251434,-0.5153194665908813,1.6562869548797607,-0.32657742500305176
2.5844806007509384,6.257026513197326,1.6763965183550507,1.6763965183550507,-0.18573901933036505,1.3562623262405396,1.111095666885376,1.4369295835494995,0.29623737931251526,-0.24021999537944794,-0.5111548900604248,1.6548564434051514,-0.2432529628276825
2.588861076345432,4.58052080020051,0.531102063110783,0.531102063110783,0.05335404123813775,1.3611294031143188,1.0924113988876343,1.4382272958755493,0.2944440245628357,-0.24245910346508026,-0.45677462220191956,1.653790831565857,-0.36546164751052856
2.593241551939925,6.25066918473168,1.9073562206321824,1.9073562206321824,0.08138923230396446,1.3659147024154663,1.0836975574493408,1.4395171403884888,0.2811468839645386,-0.24445998668670654,-0.4428228735923767,1.6521899700164795,-0.38481155037879944
2.5976220275344177,5.317326981795204,1.0459227609510275,1.0459227609510275,-0.12150782589932826,1.3706618547439575,1.0719504356384277,1.440748691558838,0.2786393165588379,-0.24639976024627686,-0.38949885964393616,1.6505043506622314,-0.4080960154533386
2.602002503128911,4.587606232713667,0.3390771997065944,0.3390771997065944,0.5746901065927639,1.3753575086593628,1.056804895401001,1.4419692754745483,0.27046388387680054,-0.2481059432029724,-0.3554061949253082,1.648716688156128,-0.4987143874168396
2.606382978723404,6.497448541081322,0.5712224475935553,0.5712224475935553,-0.06568589924258789,1.3799867630004883,1.0617928504943848,1.443153977394104,0.25604334473609924,-0.24966278672218323,-0.36228683590888977,1.6465320587158203,-0.3247472047805786
2.610763454317897,6.565702717285323,2.3362375359298633,2.3362375359298633,0.7394885888751961,1.3846379518508911,1.0453641414642334,1.4442756175994873,0.25538724660873413,-0.2512497901916504,-0.3436870872974396,1.6451095342636108,-0.4046413004398346
2.6151439299123904,6.623983013333005,-1.1534920110647269,-1.1534920110647269,-0.8098762235184396,1.3892171382904053,1.0501726865768433,1.4453942775726318,0.25353312492370605,-0.2527553141117096,-0.2970569431781769,1.6433370113372803,-0.18638218939304352
2.619524405506884,5.825751214293166,-0.22478107196639618,-0.22478107196639618,1.5734840322555248,1.39381742477417,1.0134881734848022,1.446504831314087,0.25511056184768677,-0.25405657291412354,-0.307091623544693,1.642520546913147,-0.5434756278991699
2.6239048811013768,4.226890340057706,1.308173789079199,1.308173789079199,0.6175956697386538,1.3982570171356201,1.0421032905578613,1.447622299194336,0.24682700634002686,-0.2554017901420593,-0.35960668325424194,1.6401398181915283,-0.009464681148529053
2.6282853566958697,4.61832020457766,0.4495379167054555,0.4495379167054555,0.746735555974585,1.4028218984603882,1.0488719940185547,1.4487035274505615,0.23011735081672668,-0.25697705149650574,-0.33943960070610046,1.6400983333587646,0.18364804983139038
2.6326658322903627,3.70633666107795,0.27717762973086535,0.27717762973086535,-1.2438745222540935,1.4074164628982544,1.058125615119934,1.449711561203003,0.21568524837493896,-0.25846394896507263,-0.34811872243881226,1.6409027576446533,0.42116105556488037
2.637046307884856,8.624930528582063,1.2622630499140972,1.2622630499140972,0.8651829457043175,1.4120515584945679,1.0163514614105225,1.4506564140319824,0.1990017145872116,-0.2599888741970062,-0.30369916558265686,1.6427476406097412,-0.07235288619995117
2.641426783479349,7.857084129053766,0.5709905993146805,0.5709905993146805,-0.22922314404054817,1.416503667831421,1.019258975982666,1.4515281915664673,0.2102428674697876,-0.26131922006607056,-0.2921031713485718,1.6424306631088257,0.17354947328567505
2.645807259073842,5.431844663255896,-1.348514921981733,-1.348514921981733,0.01405288703609775,1.4209685325622559,0.9947013258934021,1.4524492025375366,0.21858417987823486,-0.26259878277778625,-0.2687343955039978,1.643190860748291,0.01985447108745575
2.650187734668336,10.327311302299105,1.5507587021678462,1.5507587021678462,0.4668307277517121,1.4253257513046265,0.9822593331336975,1.4534066915512085,0.2107546627521515,-0.2637759745121002,-0.3085256814956665,1.643277883529663,-0.02266433835029602
2.6545682102628283,8.135067806469566,-0.06469275976180155,-0.06469275976180155,0.5732548067448219,1.4296284914016724,0.9702352285385132,1.4543298482894897,0.23372717201709747,-0.2651274502277374,-0.27687156200408936,1.6431785821914673,0.059473007917404175
2.6589486858573217,6.4570654460325585,-0.6793552137240778,-0.6793552137240778,0.22657159488399503,1.4338785409927368,0.9661535024642944,1.4553537368774414,0.24228551983833313,-0.2663402855396271,-0.2955016493797302,1.6434390544891357,0.2001771777868271
2.663329161451814,4.442003161579235,2.857781280299475,2.857781280299475,0.0023237597099063367,1.4381107091903687,0.9567552208900452,1.456415057182312,0.24063163995742798,-0.26763471961021423,-0.3219575881958008,1.6443159580230713,0.2268552929162979
2.667709637046308,6.351268579361165,-1.6279768447241114,-1.6279768447241114,0.1291457739152244,1.4423017501831055,0.9461418390274048,1.45746910572052,0.22636739909648895,-0.26904505491256714,-0.23856917023658752,1.6453096866607666,0.1879926174879074
2.672090112640801,6.384039926180945,0.8269696280682756,0.8269696280682756,0.394849906291492,1.4464462995529175,0.9342365264892578,1.4584606885910034,0.22419443726539612,-0.27009010314941406,-0.28988271951675415,1.6461331844329834,0.17872881889343262
2.676470588235294,7.698998636731043,-0.1420579821865322,-0.1420579821865322,-0.6423462568493847,1.4505387544631958,0.9292697310447693,1.4594427347183228,0.22169026732444763,-0.271359920501709,-0.27726346254348755,1.646916151046753,0.2674606144428253
2.6808510638297878,8.247167072219803,-1.087308195245808,-1.087308195245808,-0.3382672959601018,1.4546093940734863,0.893376350402832,1.4604138135910034,0.22976355254650116,-0.27257445454597473,-0.2626534700393677,1.648087739944458,-0.0409625768661499
2.6852315394242803,5.481488645467643,-0.17391339912666676,-0.17391339912666676,-0.020765446794329998,1.4585227966308594,0.8641539812088013,1.4614202976226807,0.24078553915023804,-0.2737250030040741,-0.28452783823013306,1.647908329963684,-0.24203971028327942
2.689612015018773,7.692594740708523,2.088678999862758,2.088678999862758,-0.48827023068092024,1.4623081684112549,0.850118100643158,1.462475061416626,0.2332499623298645,-0.2749713659286499,-0.2890002429485321,1.6468480825424194,-0.3001004755496979
2.6939924906132666,7.393542151996178,1.7674665438991508,1.7674665438991508,0.4710736385202571,1.4660321474075317,0.8181189894676208,1.4634968042373657,0.2409154623746872,-0.2762373387813568,-0.2137451469898224,1.6455334424972534,-0.5519793033599854
2.69837296620776,4.708442283035585,0.2712766187151286,0.2712766187151286,-0.5684956832372532,1.4696159362792969,0.8123629093170166,1.4645521640777588,0.24462708830833435,-0.27717363834381104,-0.1758863627910614,1.643115520477295,-0.44513142108917236
2.7027534418022525,4.965709284920006,2.2363380262543977,2.2363380262543977,0.294756654200329,1.4731744527816772,0.7855289578437805,1.4656237363815308,0.2330635040998459,-0.2779441177845001,-0.151362344622612,1.6411656141281128,-0.6991695761680603
2.707133917396746,3.925514675034437,3.112514223936868,3.112514223936868,0.30960723300552256,1.4766154289245605,0.781051516532898,1.4666446447372437,0.22140195965766907,-0.27860715985298157,-0.09466201066970825,1.6381028890609741,-0.6351014971733093
2.711514392991239,4.5349812093593815,-0.7645032525348219,-0.7645032525348219,0.03890909586848566,1.4800368547439575,0.7795557975769043,1.4676145315170288,0.20304372906684875,-0.27902182936668396,-0.012808233499526978,1.6353209018707275,-0.5557964444160461
2.715894868585732,5.3709460910965925,-0.32788293424712567,-0.32788293424712567,-0.32746644334152464,1.4834517240524292,0.7693373560905457,1.4685039520263672,0.18911950290203094,-0.27907794713974,-0.03627042472362518,1.632886290550232,-0.582188606262207
2.720275344180225,4.9464199078891795,0.32939827554330753,0.32939827554330753,-0.9734275575796912,1.4868217706680298,0.7472913861274719,1.4693323373794556,0.1811704933643341,-0.2792368233203888,-0.03628258779644966,1.630336046218872,-0.7517309188842773
2.724655819774718,6.695606682595161,-0.8409027084826994,-0.8409027084826994,0.9789357480680724,1.4900952577590942,0.709071934223175,1.4701259136199951,0.1714107245206833,-0.2793957591056824,0.0017640553414821625,1.6270431280136108,-1.1568653583526611
2.729036295369212,2.950913543988474,2.50837088977292,2.50837088977292,1.3644804047811405,1.4932013750076294,0.7186410427093506,1.4708768129348755,0.16963021457195282,-0.27938804030418396,-0.05138099566102028,1.6219755411148071,-0.8525750637054443
2.7334167709637045,8.285239641108772,0.5522675175830161,0.5522675175830161,-0.06023062414504185,1.4963493347167969,0.7477940917015076,1.4716198444366455,0.14354048669338226,-0.27961310744285583,-0.017975766211748123,1.6182408332824707,-0.37187984585762024
2.737797246558197,5.936681217988316,-0.7208439244126104,-0.7208439244126104,-0.08807540174439189,1.4996250867843628,0.7258421182632446,1.4722486734390259,0.15385864675045013,-0.2796918451786041,-8.887797594070435e-05,1.6166118383407593,-0.46537452936172485
2.742177722152691,9.25991131566148,0.4194103738231257,0.4194103738231257,-0.5262540870778332,1.5028046369552612,0.7089251279830933,1.472922682762146,0.149079367518425,-0.27969223260879517,-0.018567726016044617,1.6145732402801514,-0.5488009452819824
2.746558197747184,5.736603022194828,-0.6632415924194526,-0.6632415924194526,0.3096394664307542,1.505910038948059,0.6721881031990051,1.4735757112503052,0.16612567007541656,-0.2797735631465912,0.009048674255609512,1.6121692657470703,-0.8227437734603882
2.750938673341677,6.800290975932686,-0.9927646406694929,-0.9927646406694929,1.699296183123932,1.5088545083999634,0.666419267654419,1.4743033647537231,0.1594468206167221,-0.27973392605781555,-0.019362537190318108,1.6085652112960815,-0.7562519311904907
2.75531914893617,8.317112867740617,0.8592135805995672,0.8592135805995672,-0.32182584046942503,1.511773705482483,0.6952170133590698,1.4750018119812012,0.15824481844902039,-0.27981874346733093,-0.09797924757003784,1.6052525043487549,-0.18246722221374512
2.759699624530663,4.539871144287174,0.2472909860325962,0.2472909860325962,-0.8943473600550217,1.5148191452026367,0.666379988193512,1.475695013999939,0.1689443439245224,-0.28024792671203613,-0.0634891539812088,1.604453206062317,-0.37060487270355225
2.7640801001251565,7.446615659929636,-0.9937037395925578,-0.9937037395925578,-0.6981133016455279,1.5177382230758667,0.6314294934272766,1.4764350652694702,0.1558678150177002,-0.2805260419845581,-0.03014969453215599,1.6028298139572144,-0.7399259805679321
2.768460575719649,4.028863097463381,-2.2696787033998547,-2.2696787033998547,0.08929204223544077,1.5205042362213135,0.5946414470672607,1.477117896080017,0.1610977202653885,-0.28065812587738037,-0.038781873881816864,1.5995886325836182,-1.0601693391799927
2.7728410513141424,6.503310855667701,2.4997778637067287,2.4997778637067287,-0.20178737484844164,1.5231090784072876,0.5872263312339783,1.4778236150741577,0.14354178309440613,-0.28082799911499023,-0.10767129063606262,1.5949445962905884,-1.0598323345184326
2.777221526908636,5.146209864307534,1.8647786023713953,1.8647786023713953,1.8948397050273842,1.5256813764572144,0.5660676956176758,1.478452444076538,0.14203421771526337,-0.2812996506690979,-0.028777018189430237,1.5903019905090332,-1.1869025230407715
2.7816020025031287,8.380018218266894,-1.66983008324556,-1.66983008324556,0.9140834295767288,1.5281610488891602,0.6042514443397522,1.4790745973587036,0.13059979677200317,-0.28142571449279785,-0.02965489774942398,1.5851027965545654,-0.5245695114135742
2.7859824780976217,7.137997836331987,-2.144173463749625,-2.144173463749625,-0.8081015397384268,1.5308079719543457,0.6084848046302795,1.4796466827392578,0.14085151255130768,-0.2815556228160858,-0.10511336475610733,1.5828049182891846,-0.2506752908229828
2.790362953692115,9.963789350105095,2.4757287992286647,2.4757287992286647,0.4637412862041549,1.5334733724594116,0.5697058439254761,1.4802637100219727,0.14381474256515503,-0.2820160686969757,-0.1441309005022049,1.5817068815231323,-0.6057347059249878
2.794743429286608,7.598893506316648,-0.9044128530886132,-0.9044128530886132,-0.0547916671334685,1.5359688997268677,0.5581003427505493,1.4808937311172485,0.16436287760734558,-0.28264743089675903,-0.08537448942661285,1.579053521156311,-0.5105646252632141
2.7991239048811014,6.874727894812911,1.660868446949231,1.660868446949231,-0.7936394018517223,1.538413643836975,0.5383297801017761,1.4816137552261353,0.16993539035320282,-0.2830214202404022,-0.1101861223578453,1.5768170356750488,-0.5891523957252502
2.8035043804755944,5.303826045781131,1.150676315930316,1.150676315930316,0.6901465615447481,1.5407718420028687,0.5005621910095215,1.4823580980300903,0.17094987630844116,-0.28350409865379333,-0.03850671648979187,1.574236273765564,-0.9360133409500122
2.8078848560700878,5.287479534752326,-1.689994855850811,-1.689994855850811,-0.33462584393745115,1.5429645776748657,0.5062413811683655,1.4831069707870483,0.16154688596725464,-0.2836727797985077,-0.02505778893828392,1.5701360702514648,-0.7200548648834229
2.8122653316645807,4.450554273008503,0.9599520729776415,0.9599520729776415,0.35221573928704686,1.5451821088790894,0.484602153301239,1.4838145971298218,0.15219633281230927,-0.2837825417518616,-0.06463885307312012,1.5669819116592407,-0.8836861252784729
2.8166458072590737,6.765294182389746,2.330051589830061,2.330051589830061,-0.4634241664720923,1.5473048686981201,0.48335397243499756,1.4844813346862793,0.1374477744102478,-0.28406569361686707,-0.04689102619886398,1.5631109476089478,-0.7858667373657227
2.821026282853567,5.981256197654578,1.7107729279228951,1.7107729279228951,0.782718501537193,1.5494221448898315,0.45479175448417664,1.4850834608078003,0.13739126920700073,-0.28427109122276306,0.03468732535839081,1.5596684217453003,-1.0071672201156616
2.82540675844806,5.733056091413342,2.509841986781649,2.509841986781649,0.690922687121744,1.5514143705368042,0.4614415764808655,1.4856853485107422,0.13251765072345734,-0.2841191589832306,0.06178945675492287,1.5552566051483154,-0.7598638534545898
2.829787234042553,5.398198120330276,-0.4408543186165159,-0.4408543186165159,0.5374233628820206,1.5534356832504272,0.4662826955318451,1.4862658977508545,0.12624076008796692,-0.28384849429130554,0.11490766704082489,1.5519280433654785,-0.5441582202911377
2.8341677096370463,6.37055084034305,0.7168088065218361,0.7168088065218361,-1.7929654875649559,1.5554782152175903,0.46786099672317505,1.4868189096450806,0.11789370328187943,-0.28334513306617737,0.08633885532617569,1.549544334411621,-0.38253316283226013
2.8385481852315397,10.1287626234233,2.342443424652755,2.342443424652755,1.1637211319666985,1.5575276613235474,0.40491360425949097,1.4873353242874146,0.11450842022895813,-0.2829669415950775,0.15963220596313477,1.5478686094284058,-1.0919418334960938
2.842928660826032,8.860281930704208,-0.5640799083565515,-0.5640799083565515,0.39910140220255264,1.5593013763427734,0.4121796786785126,1.4878369569778442,0.13650615513324738,-0.282267689704895,0.19405463337898254,1.5430853366851807,-0.7297489643096924
2.8473091364205256,1.1922102171119855,-0.38377818714472456,-0.38377818714472456,-0.253224795348664,1.5611069202423096,0.40212416648864746,1.488434910774231,0.15019316971302032,-0.2814176380634308,0.16592667996883392,1.5398887395858765,-0.6412983536720276
2.8516896120150186,8.217425899154009,2.9104898522018257,2.9104898522018257,-0.4902380619910055,1.562868356704712,0.39258983731269836,1.4890928268432617,0.1144888699054718,-0.2806907892227173,0.16211411356925964,1.5370795726776123,-0.7431584000587463
2.8560700876095115,3.5901657998863565,-1.2055668069237617,-1.2055668069237617,0.9380718622988731,1.5645880699157715,0.36047887802124023,1.4895943403244019,0.12333468347787857,-0.2799806594848633,0.2614261507987976,1.5338242053985596,-0.9787609577178955
2.860450563204005,6.256305918949105,1.377136307139046,1.377136307139046,0.9387570324877896,1.5661671161651611,0.37728017568588257,1.490134596824646,0.10389547049999237,-0.2788354754447937,0.19882510602474213,1.5295367240905762,-0.6537760496139526
2.864831038798498,8.412874586937374,1.7895197023683675,1.7895197023683675,-0.06873815323503434,1.5678198337554932,0.38806062936782837,1.4905897378921509,0.10174749791622162,-0.2779645323753357,0.21162717044353485,1.5266728401184082,-0.3448024094104767
2.8692115143929917,4.507444637727859,2.0842407206436233,2.0842407206436233,-0.13759481866690565,1.5695197582244873,0.36710867285728455,1.4910354614257812,0.11234785616397858,-0.27703750133514404,0.26589420437812805,1.5251624584197998,-0.4224143326282501
2.873591989987484,8.125441982392243,-0.6743654756952833,-0.6743654756952833,1.0394242892032075,1.5711278915405273,0.35324162244796753,1.4915275573730469,0.09792360663414001,-0.27587276697158813,0.3307788372039795,1.5233120918273926,-0.5011012554168701
2.877972465581977,7.812010633500623,1.7609072230524805,1.7609072230524805,1.5564412912410235,1.5726752281188965,0.36272478103637695,1.4919564723968506,0.10807040333747864,-0.2744238078594208,0.2807307243347168,1.5211169719696045,-0.16459131240844727
2.8823529411764706,6.282842257695561,0.6275676511955122,0.6275676511955122,0.3221947132011403,1.5742641687393188,0.3868352770805359,1.4924298524856567,0.1170494481921196,-0.2731940746307373,0.2867017686367035,1.5203959941864014,0.36639851331710815
2.8867334167709635,7.059988301000336,0.5934570406977967,0.5934570406977967,0.08334986371379295,1.5759587287902832,0.381483793258667,1.4929425716400146,0.11460920423269272,-0.27193817496299744,0.2956196367740631,1.522001028060913,0.4488438367843628
2.891113892365457,8.165641300099225,-2.2493176402954718,-2.2493176402954718,0.4279109107836455,1.577629804611206,0.36808323860168457,1.493444561958313,0.11680819094181061,-0.2706432342529297,0.3105163872241974,1.5239671468734741,0.4380105435848236
2.89549436795995,10.906111962529863,2.6622760184895453,2.6622760184895453,-0.4714254560118769,1.57924222946167,0.3614920675754547,1.493956208229065,0.12652932107448578,-0.2692830264568329,0.23233282566070557,1.525885820388794,0.5483453273773193
2.899874843554443,6.492673867220008,1.6482411236399883,1.6482411236399883,-0.43635755575972734,1.580825686454773,0.32492464780807495,1.4945104122161865,0.1526748389005661,-0.2682653069496155,0.32384684681892395,1.5282878875732422,0.30856025218963623
2.904255319148936,4.632500115657496,0.23179443056128146,0.23179443056128146,-0.6348188342244745,1.5822490453720093,0.2990202009677887,1.4951791763305664,0.15073518455028534,-0.2668467164039612,0.3847237527370453,1.529639482498169,0.10780052840709686
2.908635794743429,8.31653644257026,-0.24458299250459042,-0.24458299250459042,0.5540219803184072,1.5835589170455933,0.27193978428840637,1.4958394765853882,0.1367270052433014,-0.2651614546775818,0.41003161668777466,1.5301116704940796,-0.15546126663684845
2.913016270337922,6.404500717695306,-0.03120117404907169,-0.03120117404907169,-0.33999321536050287,1.5847501754760742,0.2686656415462494,1.4964383840560913,0.1476345807313919,-0.26336532831192017,0.3867098093032837,1.529430627822876,0.0006287693977355957
2.9173967459324155,7.322103772300362,1.1044189108655895,1.1044189108655895,0.10489470991259088,1.5859270095825195,0.2457730770111084,1.4970850944519043,0.14534029364585876,-0.26167136430740356,0.3957275152206421,1.5294333696365356,-0.16321979463100433
2.9217772215269084,7.367487198239493,0.8247576561728767,0.8247576561728767,1.3486314198523264,1.5870035886764526,0.23288629949092865,1.497721791267395,0.14943376183509827,-0.2599378824234009,0.4249168038368225,1.52871835231781,-0.16706804931163788
2.9261576971214014,6.646998131949592,0.8851520668629658,0.8851520668629658,-0.8102553218568803,1.5880237817764282,0.2532333433628082,1.4983763694763184,0.15523947775363922,-0.258076548576355,0.4096180200576782,1.5279865264892578,0.2907835841178894
2.930538172715895,6.004945457822525,0.9908394985691381,0.9908394985691381,-0.8779226284214967,1.5891330242156982,0.2175714671611786,1.499056339263916,0.1539817899465561,-0.256282240152359,0.459129273891449,1.529260277748108,-0.0478174090385437
2.934918648310388,6.864741328434404,0.4194418775220851,0.4194418775220851,0.6048614639814383,1.5900861024856567,0.18153001368045807,1.4997308254241943,0.1486026644706726,-0.2542710304260254,0.5137030482292175,1.5290508270263672,-0.40777912735939026
2.939299123904881,6.976376907887783,0.66476386434094,0.66476386434094,0.7076686771753157,1.59088134765625,0.18340463936328888,1.5003818273544312,0.15036709606647491,-0.25202077627182007,0.5082882046699524,1.5272645950317383,-0.22204604744911194
2.943679599499374,5.623195015875982,0.47468707998980286,0.47468707998980286,0.693605804122591,1.5916846990585327,0.18794402480125427,1.5010404586791992,0.15305767953395844,-0.24979422986507416,0.5070352554321289,1.5262919664382935,0.0019408166408538818
2.948060075093867,8.28771496852803,-0.3243311966349431,-0.3243311966349431,-0.7215559831665932,1.5925079584121704,0.19500626623630524,1.5017108917236328,0.147085040807724,-0.24757316708564758,0.5006421208381653,1.5263004302978516,0.22866669297218323
2.9524405506883604,5.3438504322383515,-0.30529780348583946,-0.30529780348583946,-0.5732192433301014,1.5933622121810913,0.1590036302804947,1.5023552179336548,0.15658624470233917,-0.24538011848926544,0.512242317199707,1.5273021459579468,-0.08374843001365662
2.9568210262828534,5.85463694598632,-0.7085796025923531,-0.7085796025923531,1.0295117342629712,1.5940587520599365,0.1329929232597351,1.50304114818573,0.14736539125442505,-0.24313625693321228,0.520066499710083,1.526935338973999,-0.32508569955825806
2.9612015018773468,5.218187018927882,0.47917548563858436,0.47917548563858436,0.6170309576581611,1.5946413278579712,0.14887341856956482,1.5036866664886475,0.14329782128334045,-0.24085812270641327,0.4693087339401245,1.5255112648010254,0.02594059705734253
2.96558197747184,7.980450967772641,-0.9284927716253948,-0.9284927716253948,0.10842223503505219,1.5952935218811035,0.15511244535446167,1.5043144226074219,0.13471941649913788,-0.23880232870578766,0.4652829170227051,1.5256248712539673,0.2277880162000656
2.9699624530663327,5.3281347178797,1.3214935875888612,1.3214935875888612,0.23956997649563314,1.595973014831543,0.14248764514923096,1.5049045085906982,0.14334818720817566,-0.23676416277885437,0.4350017011165619,1.5266226530075073,0.22697219252586365
2.974342928660826,7.526559429772584,-3.2067669643008303,-3.2067669643008303,1.0387654693256063,1.5965971946716309,0.13860400021076202,1.5055323839187622,0.13503675162792206,-0.2348586469888687,0.4665972888469696,1.5276168584823608,0.2886066138744354
2.978723404255319,7.974458202318543,0.47374013764677625,0.47374013764677625,-0.6211399675909229,1.597204327583313,0.15192657709121704,1.5061239004135132,0.14184807240962982,-0.2328147292137146,0.3426142930984497,1.5288810729980469,0.6357189416885376
2.983103879849812,7.123111682029712,-0.2835242930686126,-0.2835242930686126,-0.7891924473717838,1.597869873046875,0.12018454074859619,1.5067452192306519,0.14958615601062775,-0.23131391406059265,0.3745882511138916,1.5316658020019531,0.3647979497909546
2.9874843554443054,4.561396066230438,1.051503942196894,1.051503942196894,-0.7576207066765761,1.5983963012695312,0.08561849594116211,1.5074005126953125,0.15180140733718872,-0.22967304289340973,0.3893553614616394,1.5332638025283813,0.035598039627075195
2.9918648310387983,7.552468006152992,-1.791172106820091,-1.791172106820091,0.3136673515798749,1.598771333694458,0.056792765855789185,1.5080654621124268,0.1375747174024582,-0.22796748578548431,0.4421875476837158,1.5334197282791138,-0.26880326867103577
2.9962453066332912,6.264182194749889,0.7018772735294614,0.7018772735294614,-0.7482631802770219,1.5990201234817505,0.05105608329176903,1.508668065071106,0.14376772940158844,-0.22603049874305725,0.3807195723056793,1.5322422981262207,-0.19065824151039124
3.0006257822277846,6.300470390393222,-0.4912954082994748,-0.4912954082994748,-0.5730580494555636,1.5992437601089478,0.019478391855955124,1.5092978477478027,0.14056774973869324,-0.22436276078224182,0.4230682849884033,1.531407117843628,-0.4995120167732239
3.0050062578222776,5.524363872673921,2.3962094965413825,2.3962094965413825,0.4590642981871,1.5993291139602661,-0.007385561242699623,1.5099135637283325,0.13771812617778778,-0.22250951826572418,0.4254560172557831,1.5292190313339233,-0.7431216239929199
3.009386733416771,7.835567562416904,-0.3239727544969008,-0.3239727544969008,-1.3565272754272129,1.5992968082427979,-0.0051467400044202805,1.510516881942749,0.1308724582195282,-0.22064581513404846,0.4820268154144287,1.5259637832641602,-0.599355161190033
3.013767209011264,3.6123850462048135,0.8373743615847276,0.8373743615847276,1.0175398540466447,1.5992742776870728,-0.05541721731424332,1.5110901594161987,0.13694219291210175,-0.21853430569171906,0.5121806859970093,1.5233383178710938,-1.139333963394165
3.018147684605757,6.923188951224149,2.3312789042394306,2.3312789042394306,0.6455354423905921,1.5990315675735474,-0.03462662547826767,1.5116900205612183,0.11827130615711212,-0.21629071235656738,0.506919264793396,1.5183475017547607,-0.7782092094421387
3.0225281602002503,7.674027913572007,-1.7199548660213795,-1.7199548660213795,0.03063571281835232,1.5988799333572388,-0.029448047280311584,1.512208104133606,0.12091416865587234,-0.2140701711177826,0.5561482906341553,1.5149385929107666,-0.5688642263412476
3.0269086357947432,9.25277617230417,-1.0302541161450964,-1.0302541161450964,1.274027959374717,1.5987509489059448,-0.04180224984884262,1.51273775100708,0.12767735123634338,-0.21163398027420044,0.5050255060195923,1.512446641921997,-0.5898144245147705
3.0312891113892366,10.208858488389211,0.4620820201815639,0.4620820201815639,-0.6703057101763137,1.5985678434371948,-0.023454496636986732,1.5132970809936523,0.1466463804244995,-0.20942172408103943,0.43773317337036133,1.509863018989563,-0.1548425853252411
3.0356695869837296,6.633352107781626,1.0273852002469075,1.0273852002469075,-0.31709874457636505,1.598465085029602,-0.05836956948041916,1.5139394998550415,0.16887632012367249,-0.2075042426586151,0.4708024859428406,1.509184718132019,-0.4439330995082855
3.0400500625782225,4.712196542399137,1.4601829989991153,1.4601829989991153,0.7438133914068819,1.5982093811035156,-0.07777658104896545,1.5146793127059937,0.16841819882392883,-0.2054419070482254,0.5100656747817993,1.5072400569915771,-0.5873700380325317
3.044430538172716,9.203100026458106,0.5695348236696981,0.5695348236696981,-0.0441951445577319,1.5978686809539795,-0.06560806930065155,1.5154170989990234,0.1572289764881134,-0.2032075822353363,0.530985951423645,1.504667043685913,-0.32918581366539
3.048811013767209,6.136822481051096,1.3451505172102678,1.3451505172102678,0.04012816730981176,1.5975812673568726,-0.0815652459859848,1.5161058902740479,0.1739910989999771,-0.20088161528110504,0.5489088296890259,1.5032250881195068,-0.3791995644569397
3.053191489361702,6.282836561593747,-0.16131852754909717,-0.16131852754909717,0.5628747190636937,1.5972239971160889,-0.09021084755659103,1.516867995262146,0.17097261548042297,-0.1984771341085434,0.5870196223258972,1.5015640258789062,-0.3861125409603119
3.057571964956195,5.8352539447292395,-0.9288965037899332,-0.9288965037899332,0.3206837336151418,1.596828818321228,-0.08500095456838608,1.5176169872283936,0.16989147663116455,-0.19590571522712708,0.5658708810806274,1.4998726844787598,-0.19889982044696808
3.061952440550688,4.57760384466744,1.4263988610052676,1.4263988610052676,0.34343881464772574,1.596456527709961,-0.08540872484445572,1.518361210823059,0.16551844775676727,-0.1934269368648529,0.5293791890144348,1.499001383781433,-0.09935174137353897
3.066332916145181,4.987110011574554,1.5543057967921619,1.5543057967921619,-1.1113014551964273,1.5960824489593506,-0.08317676186561584,1.519086241722107,0.1530306488275528,-0.19110800325870514,0.5610050559043884,1.4985661506652832,0.013236992061138153
3.0707133917396745,3.0932138354116105,2.099902173377638,2.099902173377638,0.6993897060476908,1.5957181453704834,-0.120246022939682,1.519756555557251,0.14042828977108002,-0.18865053355693817,0.6388492584228516,1.4986240863800049,-0.41492605209350586
3.0750938673341675,5.76419392829286,-0.1519410340920083,-0.1519410340920083,0.2723675928595289,1.5951913595199585,-0.10614857822656631,1.520371675491333,0.11892674118280411,-0.1858520656824112,0.6797486543655396,1.4968065023422241,-0.16502287983894348
3.079474342928661,7.619929489035553,1.5054533995552506,1.5054533995552506,0.5409805434478755,1.594726324081421,-0.1072140485048294,1.52089262008667,0.11410518735647202,-0.18287444114685059,0.6673575043678284,1.4960836172103882,-0.08115873485803604
3.083854818523154,7.699898794984492,0.8025879490769942,0.8025879490769942,0.05225432016192345,1.5942566394805908,-0.10359876602888107,1.5213924646377563,0.12197372317314148,-0.17995110154151917,0.6955231428146362,1.4957281351089478,0.09758754819631577
3.0882352941176467,4.770364796337891,-0.002246913935174632,-0.002246913935174632,0.14785007914027062,1.593802809715271,-0.11292815953493118,1.521926760673523,0.12941908836364746,-0.17690438032150269,0.7174352407455444,1.4961556196212769,0.0954299196600914
3.09261576971214,3.626945979181107,-0.1731361580442013,-0.1731361580442013,-0.9206596060078206,1.5933080911636353,-0.11551086604595184,1.5224937200546265,0.11793044954538345,-0.17376166582107544,0.7130519151687622,1.4965736865997314,0.13727353513240814
3.096996245306633,9.891067230832562,1.1342494785679813,1.1342494785679813,-0.49434285208054446,1.5928020477294922,-0.14491799473762512,1.52301025390625,0.09685765206813812,-0.17063815891742706,0.7348819971084595,1.4971749782562256,-0.21397556364536285
3.1013767209011265,8.100073427018803,0.3536729813830778,0.3536729813830778,0.5777177553586407,1.5921672582626343,-0.17111609876155853,1.5234345197677612,0.1176542267203331,-0.16741903126239777,0.782442033290863,1.4962376356124878,-0.42301321029663086
3.1057571964956194,9.44357408583857,-0.8476752263230649,-0.8476752263230649,0.263890494560722,1.591417670249939,-0.16614075005054474,1.5239498615264893,0.12883831560611725,-0.16399157047271729,0.7758992314338684,1.4943846464157104,-0.22872470319271088
3.1101376720901124,8.998199011499091,1.2328771560748053,1.2328771560748053,0.6471836021310198,1.5906898975372314,-0.17095598578453064,1.5245141983032227,0.14829126000404358,-0.16059276461601257,0.7434380054473877,1.4933826923370361,-0.15288570523262024
3.1145181476846058,6.437826430812851,0.22853506100313914,0.22853506100313914,-0.955301272291223,1.5899410247802734,-0.16472227871418,1.5251637697219849,0.1656704843044281,-0.15733614563941956,0.760542094707489,1.4927129745483398,0.0672718733549118
3.1188986232790987,4.5227915790184,1.6791198313271143,1.6791198313271143,1.2595183385290047,1.5892194509506226,-0.1978728324174881,1.52588951587677,0.16295713186264038,-0.15400460362434387,0.7951138615608215,1.4930076599121094,-0.3008207082748413
3.123279098873592,4.382554451053805,1.7531720926316021,1.7531720926316021,-1.0682168162769632,1.5883526802062988,-0.1695859134197235,1.5266033411026,0.15227392315864563,-0.15052162110805511,0.8073675632476807,1.491689920425415,0.15732458233833313
3.127659574468085,7.333397891863255,-0.6517422395776516,-0.6517422395776516,-0.7429121995113925,1.5876097679138184,-0.20302414894104004,1.5272703170776367,0.13583563268184662,-0.14698496460914612,0.8897610902786255,1.492379069328308,-0.24740099906921387
3.132040050062578,5.1529432338452335,-2.0045866967575883,-2.0045866967575883,1.5176728507780513,1.5867204666137695,-0.2309337854385376,1.5278652906417847,0.13950642943382263,-0.14308738708496094,0.8924235701560974,1.491295337677002,-0.5364920496940613
3.136420525657071,5.170623790393,-0.12475444159065385,-0.12475444159065385,0.5354221888627824,1.5857088565826416,-0.19600839912891388,1.528476357460022,0.13356894254684448,-0.13917814195156097,0.7895624041557312,1.4889452457427979,0.01789546012878418
3.1408010012515644,4.1929682794619465,-1.5635783911034178,-1.5635783911034178,0.4183869821459238,1.5848501920700073,-0.18708863854408264,1.5290614366531372,0.12580916285514832,-0.13571947813034058,0.7702831625938416,1.4890236854553223,0.20864766836166382
3.1451814768460573,8.269710897439266,0.5944250588251827,0.5944250588251827,0.9574541839862977,1.5840306282043457,-0.1801523119211197,1.5296125411987305,0.11135789752006531,-0.1323452740907669,0.7124034762382507,1.489937663078308,0.3578489422798157
3.1495619524405507,3.1024883871057423,1.4343918929558412,1.4343918929558412,-0.3428078610017465,1.5832414627075195,-0.16272205114364624,1.5301003456115723,0.12491822987794876,-0.12922461330890656,0.7018018960952759,1.4915052652359009,0.7017409801483154
3.153942428035044,6.846286977563627,0.8939285216677991,0.8939285216677991,-0.8683915079224744,1.5825287103652954,-0.17480285465717316,1.5306475162506104,0.10152330994606018,-0.12615038454532623,0.7537017464637756,1.4945791959762573,0.5704013109207153
3.1583229036295366,4.103212052037506,-1.4774855280962056,-1.4774855280962056,0.8102117066363805,1.5817630290985107,-0.2043297439813614,1.5310922861099243,0.10184627771377563,-0.12284880876541138,0.8051670789718628,1.4970778226852417,0.23904669284820557
3.16270337922403,3.092913890628764,1.45103675510772,1.45103675510772,0.7760470557545012,1.5808680057525635,-0.18646498024463654,1.5315383672714233,0.08753256499767303,-0.1193217933177948,0.7383590936660767,1.4981249570846558,0.5342932939529419
3.167083854818523,8.526336956322723,0.7376655947528868,0.7376655947528868,-1.1803355047182136,1.5800511837005615,-0.16849789023399353,1.5319217443466187,0.06640012562274933,-0.1160874292254448,0.7580709457397461,1.5004653930664062,0.8183939456939697
3.1714643304130163,7.432950971124301,0.4689278869013293,0.4689278869013293,-1.0590127138439396,1.579313039779663,-0.20727844536304474,1.5322126150131226,0.0773269459605217,-0.11276672035455704,0.814082682132721,1.504050374031067,0.3700003921985626
3.1758448060075093,7.262564503223964,-0.4710293522600537,-0.4710293522600537,-0.5321638917636521,1.5784050226211548,-0.24174457788467407,1.5325512886047363,0.0815482810139656,-0.10920064896345139,0.8587033748626709,1.5056711435317993,-0.03209143877029419
3.1802252816020022,5.41689523912615,-0.12929588810554843,-0.12929588810554843,-0.12300408002725936,1.5773460865020752,-0.2618229389190674,1.53290855884552,0.08567045629024506,-0.10543911904096603,0.8604887127876282,1.505530595779419,-0.23810674250125885
3.184605757196496,2.047727343125576,-2.941626462550683,-2.941626462550683,-0.3806950309949012,1.5761991739273071,-0.2693158984184265,1.5332838296890259,0.07829978317022324,-0.10166976600885391,0.8603049516677856,1.5044876337051392,-0.2895631492137909
3.1889862327909886,7.738484114037517,0.14224778012776784,0.14224778012776784,1.2121408928504578,1.5750194787979126,-0.28099024295806885,1.5336267948150635,0.04817928373813629,-0.09790121763944626,0.7855176329612732,1.5032192468643188,-0.4327569007873535
3.193366708385481,10.492198252474704,0.5555713558904388,0.5555713558904388,0.41661782842914186,1.5737886428833008,-0.2541465759277344,1.5338377952575684,0.05857556313276291,-0.09446027874946594,0.7542733550071716,1.5013235807418823,0.010742247104644775
3.197747183979975,8.501947156515296,-0.2511659825916659,-0.2511659825916659,0.6928020269613642,1.572675347328186,-0.25012919306755066,1.5340943336486816,0.08587892353534698,-0.09115619957447052,0.7583312392234802,1.5013706684112549,0.15832321345806122
3.202127659574468,6.202476819818195,-0.7109578440993526,-0.7109578440993526,-0.43956785062601655,1.5715796947479248,-0.23716214299201965,1.534470558166504,0.10052316635847092,-0.08783435076475143,0.7307643890380859,1.5020642280578613,0.4104527235031128
3.206508135168961,6.438992451018532,1.3975509629650342,1.3975509629650342,1.0603034115734131,1.5705407857894897,-0.2527298927307129,1.5349109172821045,0.0978073850274086,-0.0846332535147667,0.7228389382362366,1.5038622617721558,0.24418224394321442
3.210888610763454,10.02106984441237,-0.6421245392903677,-0.6421245392903677,-1.01133499799717,1.5694336891174316,-0.22829324007034302,1.53533935546875,0.09940966218709946,-0.08146687597036362,0.7326876521110535,1.504931926727295,0.6345667839050293
3.215269086357947,7.635092393633323,-0.06118107412084399,-0.06118107412084399,0.3475329427723814,1.5684336423873901,-0.2609879970550537,1.535774827003479,0.12100298702716827,-0.07825735211372375,0.743469774723053,1.50771164894104,0.25512710213661194
3.219649561952441,4.894675474195521,-0.8712756547872201,-0.8712756547872201,0.5555182691734091,1.5672904253005981,-0.25591209530830383,1.5363048315048218,0.1292548030614853,-0.07500059902667999,0.7315340042114258,1.5088292360305786,0.38098448514938354
3.224030037546933,6.98945354346422,-1.1451111380375074,-1.1451111380375074,1.0803768093334616,1.5661693811416626,-0.24365325272083282,1.536871075630188,0.11964207142591476,-0.07179613411426544,0.6898670792579651,1.5104981660842896,0.585407018661499
3.2284105131414265,1.984753568018438,-1.1295666328852458,-1.1295666328852458,-0.5978260852181343,1.5651021003723145,-0.21831361949443817,1.5373951196670532,0.1247032880783081,-0.06877418607473373,0.6248757839202881,1.5130624771118164,0.9841378927230835
3.23279098873592,7.897158913468538,-0.5056601678039134,-0.5056601678039134,0.13748885125911,1.564145803451538,-0.23519904911518097,1.537941336631775,0.09368300437927246,-0.06603693217039108,0.6093472838401794,1.5173734426498413,0.7617260217666626
3.237171464330413,3.4905691320649943,-0.8697442645516225,-0.8697442645516225,0.0013124233468377496,1.5631154775619507,-0.2351803034543991,1.5383516550064087,0.10317253321409225,-0.06336770206689835,0.5905652642250061,1.5207101106643677,0.8100793361663818
3.241551939924906,4.163654125557596,-2.372954111126316,-2.372954111126316,0.3261689128066263,1.5620852708816528,-0.23669558763504028,1.5388035774230957,0.08318151533603668,-0.06078074499964714,0.5651276707649231,1.5242586135864258,0.8093271851539612
3.245932415519399,5.801611464309508,-1.4470208060234397,-1.4470208060234397,-0.18138946725244573,1.5610483884811401,-0.2297748625278473,1.5391680002212524,0.068070188164711,-0.05830521881580353,0.48630473017692566,1.527803897857666,0.9287686347961426
3.250312891113892,6.774138435055091,0.5561677679213954,0.5561677679213954,-0.002941125058940265,1.560041904449463,-0.23702865839004517,1.539466142654419,0.06316722929477692,-0.05617497116327286,0.449344277381897,1.5318723917007446,0.8590887188911438
3.254693366708385,5.790528468913838,-1.2446792274838079,-1.2446792274838079,-0.571685224445288,1.5590035915374756,-0.23985499143600464,1.5397428274154663,0.0649762824177742,-0.05420662835240364,0.46567201614379883,1.5356355905532837,0.8548738956451416
3.2590738423028784,8.15057804586996,2.933976007962079,2.933976007962079,0.6577390816060283,1.557952880859375,-0.25741907954216003,1.5400274991989136,0.05972112715244293,-0.052166763693094254,0.4460184574127197,1.5393803119659424,0.6397997140884399
3.2634543178973714,5.486529005976508,-0.4346962769525914,-0.4346962769525914,-0.758021382251137,1.5568252801895142,-0.24299746751785278,1.5402891635894775,0.07134825736284256,-0.05021299049258232,0.5124918222427368,1.5421829223632812,0.8793364763259888
3.267834793491865,2.0354372217404766,-1.1941728276499255,-1.1941728276499255,-0.24471013945436032,1.5557608604431152,-0.2653050422668457,1.5406017303466797,0.0640248954296112,-0.04796803370118141,0.521933913230896,1.546034812927246,0.5949016809463501
3.2722152690863577,7.533625860392823,-1.8651360012460574,-1.8651360012460574,0.6695760529313002,1.5545986890792847,-0.27258190512657166,1.5408822298049927,0.03431142866611481,-0.04568171501159668,0.49420660734176636,1.5486407279968262,0.5028383731842041
3.2765957446808507,3.159304167806139,3.25575924007914,3.25575924007914,-0.17959724564480378,1.553404688835144,-0.25731855630874634,1.5410325527191162,0.041749101132154465,-0.043516855686903,0.4201849699020386,1.550843358039856,0.7465506792068481
3.280976220275344,6.774131225166514,0.12950849972686915,0.12950849972686915,-0.6112926435555098,1.5522775650024414,-0.2631728947162628,1.541215419769287,0.019514553248882294,-0.041676245629787445,0.5205082893371582,1.5541136264801025,0.6779205799102783
3.285356695869837,8.139268021742835,0.8363103592504708,0.8363103592504708,0.5235459142494797,1.5511246919631958,-0.2817125916481018,1.541300892829895,0.021177053451538086,-0.039396170526742935,0.5421420335769653,1.557083249092102,0.446572482585907
3.2897371714643304,6.627465351219871,-1.0906298769359968,-1.0906298769359968,-0.14271429777143047,1.5498906373977661,-0.27025550603866577,1.5413936376571655,0.03247120603919029,-0.03702133148908615,0.5512757301330566,1.5590394735336304,0.6352497339248657
3.294117647058824,4.926169468989685,1.425905454408529,1.425905454408529,-1.5363222528244866,1.5487067699432373,-0.276023805141449,1.5415358543395996,0.03341328352689743,-0.034606482833623886,0.5235936045646667,1.5618221759796143,0.57781982421875
3.2984981226533163,8.428352204341923,0.7275176241951773,0.7275176241951773,0.823310938021994,1.5474976301193237,-0.318464070558548,1.541682243347168,0.02273990958929062,-0.032312892377376556,0.6101000308990479,1.564353346824646,0.004385471343994141
3.3028785982478097,6.557447297693292,0.8803041768256998,0.8803041768256998,0.09115404703646852,1.5461026430130005,-0.2986903786659241,1.5417819023132324,0.035986948758363724,-0.02964036352932453,0.6073025465011597,1.5643725395202637,0.30405139923095703
3.3072590738423027,5.943483542776824,0.7725365107161701,0.7725365107161701,-0.017093419611681357,1.5447942018508911,-0.29784059524536133,1.5419394969940186,0.036634523421525955,-0.026980089023709297,0.6303482055664062,1.5657044649124146,0.33380556106567383
3.311639549436796,5.294975962436281,-1.3505475385504044,-1.3505475385504044,0.3085070271129993,1.5434895753860474,-0.29961517453193665,1.542099952697754,0.03317619860172272,-0.024218864738941193,0.6534079313278198,1.5671666860580444,0.3239859342575073
3.316020025031289,8.656060804780436,1.2395774187653326,1.2395774187653326,0.5897512640382458,1.5421770811080933,-0.29243239760398865,1.5422452688217163,0.025439463555812836,-0.021356627345085144,0.6049582958221436,1.5685858726501465,0.43554508686065674
3.320400500625782,3.6408222994772577,-0.2763430268808966,-0.2763430268808966,-1.1058326474995799,1.5408960580825806,-0.27821823954582214,1.5423567295074463,0.04005376249551773,-0.01870662160217762,0.6239352822303772,1.5704938173294067,0.6499454379081726
3.324780976220276,6.61409143713095,-0.17110271280695383,-0.17110271280695383,-0.10041714944101697,1.539677381515503,-0.30835890769958496,1.542532205581665,0.021172672510147095,-0.015973487868905067,0.6481590270996094,1.573340892791748,0.23783007264137268
3.3291614518147683,4.51917965494486,0.2928226598494743,0.2928226598494743,0.5138454942568528,1.538326621055603,-0.3119821846485138,1.5426249504089355,0.022215884178876877,-0.013134242966771126,0.646094799041748,1.5743826627731323,0.1972961723804474
3.3335419274092613,7.508665954781881,1.8122283663648995,1.8122283663648995,-0.8071099302489154,1.5369600057601929,-0.2987881302833557,1.542722225189209,0.009265152737498283,-0.010304040275514126,0.639640212059021,1.5752469301223755,0.3859412670135498
3.337922403003754,3.8103997007717902,-0.8120830275515527,-0.8120830275515527,-0.3013706136899311,1.5356512069702148,-0.32109013199806213,1.5427627563476562,0.01632712408900261,-0.007502111606299877,0.716133177280426,1.5769375562667847,0.08349815011024475
3.342302878598248,6.687011898868814,-0.9276523297185438,-0.9276523297185438,-1.0799674350197799,1.5342446565628052,-0.32943588495254517,1.5428342819213867,-0.001231357455253601,-0.004365107510238886,0.7012187838554382,1.5773032903671265,-0.0297163724899292
3.3466833541927405,4.865701899620051,1.6209722620724556,1.6209722620724556,-0.4545586340324548,1.532801628112793,-0.3586365282535553,1.542828917503357,0.0005013793706893921,-0.0012934356927871704,0.7056668400764465,1.577173113822937,-0.4323866069316864
3.351063829787234,5.80442100373895,-1.6624653751353857,-1.6624653751353857,0.25051548743438495,1.5312306880950928,-0.37090054154396057,1.5428310632705688,-0.010059941560029984,0.0017977207899093628,0.7662789225578308,1.5752789974212646,-0.6020503044128418
3.355444305381727,6.377286649578864,-0.3078333231816376,-0.3078333231816376,-0.6363053403434128,1.5296059846878052,-0.3641655147075653,1.542786955833435,-0.014535200782120228,0.005154387094080448,0.7104138135910034,1.5726417303085327,-0.5095119476318359
3.3598247809762203,7.460693343494311,-0.28524320243353757,-0.28524320243353757,-0.2317168803188832,1.5280107259750366,-0.38091427087783813,1.542723298072815,-0.015103599056601524,0.008266337215900421,0.7200062274932861,1.5704097747802734,-0.7450519800186157
3.364205256570713,7.500867475964162,1.017957604211633,1.017957604211633,0.3405257427537891,1.5263421535491943,-0.38657301664352417,1.5426571369171143,-0.008587511256337166,0.011420306749641895,0.7184430956840515,1.5671460628509521,-0.8293060660362244
3.368585732165206,10.611469043781309,0.2564000639978805,0.2564000639978805,-0.45529976001280503,1.5246487855911255,-0.3766822814941406,1.5426194667816162,-0.0018110256642103195,0.014567429199814796,0.7382262349128723,1.5635132789611816,-0.6999309062957764
3.3729662077597,5.093066298878249,-0.01042499580273834,-0.01042499580273834,0.5100759915131683,1.5229986906051636,-0.3873752951622009,1.5426114797592163,0.025612328201532364,0.017801210284233093,0.7590101361274719,1.5604472160339355,-0.8626748919487
3.3773466833541925,6.086884429775419,0.20813191771691303,0.20813191771691303,0.40757324772109105,1.5213017463684082,-0.37285998463630676,1.5427236557006836,0.016449475660920143,0.02112603560090065,0.7438098788261414,1.5566682815551758,-0.6695770621299744
3.381727158948686,6.313791505306888,1.4281962550400635,1.4281962550400635,-0.06045033016354685,1.519668459892273,-0.3606957793235779,1.5427956581115723,0.01400821190327406,0.024384276941418648,0.7379855513572693,1.5537352561950684,-0.5126104354858398
3.386107634543179,3.8483228521700186,0.5389592999309152,0.5389592999309152,0.4891054998924518,1.518088459968567,-0.3607814610004425,1.542857050895691,0.012953906320035458,0.02761700376868248,0.7814587354660034,1.5514898300170898,-0.5280483365058899
3.390488110137672,5.7037008329324035,-0.3092262138103832,-0.3092262138103832,0.8169533648014934,1.5165081024169922,-0.3466537296772003,1.542913794517517,-0.004237924702465534,0.031040165573358536,0.7829146385192871,1.5491766929626465,-0.3417384922504425
3.394868585732165,8.272437759775533,-2.1374812908167917,-2.1374812908167917,1.0087672599195503,1.5149896144866943,-0.323064923286438,1.5428951978683472,-0.008809953927993774,0.03446970507502556,0.7500266432762146,1.5476796627044678,-0.030579477548599243
3.399249061326658,8.325332293860766,-1.1394058539307623,-1.1394058539307623,0.9895199386157604,1.513574481010437,-0.29329386353492737,1.5428565740585327,0.0039007747545838356,0.03775518015027046,0.6581462025642395,1.5475456714630127,0.3564547002315521
3.403629536921151,6.733332319321009,0.7437400366877037,0.7437400366877037,0.6539512275915308,1.5122897624969482,-0.2637816071510315,1.5428736209869385,0.01691025123000145,0.04063817486166954,0.5959748029708862,1.5491070747375488,0.7371881008148193
3.4080100125156445,6.569493924567139,-0.8627204557656267,-0.8627204557656267,-1.7520287161566408,1.5111342668533325,-0.24367374181747437,1.5429476499557495,0.01895146258175373,0.04324882850050926,0.5985969305038452,1.55233633518219,0.991050124168396
3.412390488110137,4.8570159039175085,-0.086127616584951,-0.086127616584951,-0.24820409271798013,1.5100668668746948,-0.2878199815750122,1.5430306196212769,0.018512988463044167,0.04587096720933914,0.6245675683021545,1.5566775798797607,0.3517807722091675
3.4167709637046304,6.122047727930789,-0.7664831055016995,-0.7664831055016995,-0.20957970251381366,1.5088061094284058,-0.2924098074436188,1.5431116819381714,0.007716122083365917,0.04860686883330345,0.6293007135391235,1.5582185983657837,0.2674669921398163
3.421151439299124,9.756135073231501,-1.5245210662641757,-1.5245210662641757,-0.6108374322052758,1.5075252056121826,-0.29531005024909973,1.5431455373764038,0.00536760501563549,0.051363505423069,0.6130373477935791,1.5593901872634888,0.19970738887786865
3.4255319148936167,5.579638955825335,-1.3800131230344275,-1.3800131230344275,-0.875872433492639,1.506231665611267,-0.3071233630180359,1.5431690216064453,0.027073217555880547,0.05404889956116676,0.5863549113273621,1.5602649450302124,-0.0105886310338974
3.42991239048811,3.6530037340456376,1.292111938023658,1.292111938023658,-0.2241482820255067,1.504886269569397,-0.32783371210098267,1.5432876348495483,0.020952317863702774,0.056617412716150284,0.5716323852539062,1.5602185726165771,-0.32596033811569214
3.434292866082603,5.355017971711719,-0.9999998699482892,-0.9999998699482892,-0.46359036354117816,1.5034501552581787,-0.3319759964942932,1.5433794260025024,0.0021679680794477463,0.05912143364548683,0.6159119606018066,1.558790683746338,-0.40257543325424194
3.438673341677096,4.75489400933129,-1.775790582405988,-1.775790582405988,0.999694363800988,1.5019959211349487,-0.3415268659591675,1.5433889627456665,-0.00540815107524395,0.061819419264793396,0.6002470850944519,1.5570272207260132,-0.5644204616546631
3.443053817271589,6.65330021532402,-1.3271276833515802,-1.3271276833515802,-0.06693681073214108,1.5004998445510864,-0.3121597468852997,1.543365240097046,-0.016509607434272766,0.06444878876209259,0.5191941261291504,1.55455482006073,-0.18388131260871887
3.4474342928660824,6.939901005147146,0.5391355465417875,0.5391355465417875,-0.41877647988115213,1.4991323947906494,-0.3100634217262268,1.5432928800582886,-0.01530425064265728,0.06672310829162598,0.4823925495147705,1.5537493228912354,-0.19438420236110687
3.451814768460576,8.464735573872263,0.20632078747604768,0.20632078747604768,0.6186863497755078,1.4977741241455078,-0.3170569837093353,1.543225884437561,-0.012362480163574219,0.06883621960878372,0.5103666186332703,1.5528978109359741,-0.3342519998550415
3.4561952440550687,8.784231243464898,-0.18720565141144085,-0.18720565141144085,-0.05847438684706647,1.4963852167129517,-0.29523417353630066,1.543171763420105,0.0011695204302668571,0.07107187062501907,0.4983242452144623,1.5514336824417114,-0.08508569002151489
3.4605757196495617,4.118045656514516,-0.6695198509221914,-0.6695198509221914,0.8019209536205768,1.4950919151306152,-0.2911168932914734,1.5431768894195557,0.01652533933520317,0.07325476408004761,0.49456489086151123,1.5510609149932861,-0.08557798713445663
3.464956195244055,7.139838221037757,-1.396576661381681,-1.396576661381681,-0.48988199163031787,1.4938167333602905,-0.26694348454475403,1.543249249458313,0.0013294611126184464,0.07542119175195694,0.45159414410591125,1.550686001777649,0.22219952940940857
3.469336670838548,6.589224108490854,1.3137548317406824,1.3137548317406824,0.3670358626479373,1.492647409439087,-0.27514222264289856,1.543255090713501,0.0055010938085615635,0.07739938795566559,0.42511579394340515,1.551659345626831,0.058630406856536865
3.473717146433041,7.587274779192894,-1.3248994394060438,-1.3248994394060438,-0.9333445652686012,1.4914422035217285,-0.26071882247924805,1.5432791709899902,0.006473518442362547,0.07926160097122192,0.45276299118995667,1.5519161224365234,0.21179701387882233
3.4780976220275344,5.549710054267586,-0.4065309877866131,-0.4065309877866131,0.37718825140912376,1.490300178527832,-0.2802313566207886,1.5433075428009033,0.013394796289503574,0.08124491572380066,0.44132834672927856,1.5528439283370972,-0.11465327441692352
3.4824780976220278,6.631816570977578,-0.32197500056021944,-0.32197500056021944,0.8280351273302681,1.4890726804733276,-0.2660943865776062,1.5433661937713623,0.007442149333655834,0.08317814022302628,0.4184412658214569,1.5523416996002197,0.039995089173316956
3.4868585732165203,7.8100750596644195,-0.8646821718214216,-0.8646821718214216,0.8755995803237215,1.4879070520401,-0.2390017956495285,1.5433987379074097,0.008898591622710228,0.08501110970973969,0.38485732674598694,1.5525169372558594,0.3652263283729553
3.4912390488110137,6.170816485019277,-0.529348203547721,-0.529348203547721,0.46267612479199466,1.4868601560592651,-0.20963561534881592,1.5434377193450928,0.018146097660064697,0.08669696748256683,0.33403557538986206,1.5541168451309204,0.7116461992263794
3.4956195244055066,8.432842894805168,0.6682285196740442,0.6682285196740442,-0.5784498018464137,1.4859418869018555,-0.192484512925148,1.5435172319412231,0.016166986897587776,0.0881602019071579,0.3050653338432312,1.5572341680526733,0.9003452062606812
