t,u1,u2,u3,tau,x_q,xdot_q,z_q,zdot_q,theta,theta_dot,beta,beta_dot
0.0,5.221168811400672,-0.9262404383242919,-0.9262404383242919,0.26179424118290867,-2.0,0.0,2.0,0.0,1.1091667911795325e-05,0.0,0.3490658503991208,0.0
0.0043804755944931,8.480115765771295,-0.10688288756745945,-0.10688288756745945,0.07230476645662937,-2.0,0.005884180776774883,2.0,0.007951798848807812,1.1091668056906201e-05,-0.034694377332925797,0.3490658402442932,0.2865726053714752
0.0087609511889862,9.264907301695322,0.3884612551091324,0.3884612551091324,-0.042511140289347604,-1.999974250793457,0.011729128658771515,2.000034809112549,0.03742765635251999,-0.00014088620082475245,-0.039927225559949875,0.3503211736679077,0.5702341794967651
0.0131414267834793,7.209559504998662,0.3145616041897583,0.3145616041897583,-1.0571790654234496,-1.9999228715896606,0.016893336549401283,2.0001988410949707,0.07004202157258987,-0.000315786455757916,-0.027341466397047043,0.3528190851211548,0.8174182176589966
0.0175219023779724,9.620078215009823,-0.9055522309471928,-0.9055522309471928,-0.3812920978258482,-1.9998488426208496,0.010085990652441978,2.0005056858062744,0.05611128360033035,-0.0004355550918262452,0.012717708945274353,0.3563997745513916,0.48202747106552124
0.0219023779724655,7.569112869920644,2.1082052766527903,2.1082052766527903,-1.0553530711934385,-1.9998046159744263,0.011839735321700573,2.000751495361328,0.08179254829883575,-0.00037984547088854015,-0.00259234756231308,0.3585112988948822,0.564357340335846
0.0262828535669586,6.258718536260728,1.227940677842861,1.227940677842861,-0.4421719416651457,-1.9997527599334717,0.005064182914793491,2.0011098384857178,0.07093959301710129,-0.00039120117435231805,0.08979358524084091,0.3609834611415863,0.23986998200416565
0.0306633291614518,4.422164990071008,-1.0954759071299365,-1.0954759071299365,-0.2167985712126525,-1.9997305870056152,0.004071156959980726,2.001420497894287,0.06700301170349121,2.1374435164034367e-06,0.13856616616249084,0.3620342016220093,0.193135604262352
0.0350438047559449,5.6087610990973875,-1.1309980112791884,-1.1309980112791884,-0.44656049068529435,-1.9997127056121826,0.0044249277561903,2.001713991165161,0.054376281797885895,0.0006091231480240822,0.11290600150823593,0.36288022994995117,0.20934030413627625
0.039424280350438,6.645262505292973,0.4585193089092894,0.4585193089092894,-0.41981973952290474,-1.9996932744979858,0.0030126268975436687,2.0019521713256836,0.044930845499038696,0.0011037051444873214,0.09291825443506241,0.36379724740982056,0.14148983359336853
0.0438047559449311,4.719557164854882,-0.22525016553697985,-0.22525016553697985,0.09042190083471552,-1.9996800422668457,0.002550835721194744,2.0021491050720215,0.04484168067574501,0.0015107312938198447,0.1185685396194458,0.36441704630851746,0.11735454201698303
0.0481852315394242,8.731653804205,1.1555079822523389,1.1555079822523389,-0.4367231016979817,-1.999668836593628,0.006517311092466116,2.002345561981201,0.04355219379067421,0.002030117902904749,0.10934991389513016,0.3649311065673828,0.3003694713115692
0.0525657071339173,4.2690500697943685,0.6231715272765546,0.6231715272765546,-0.9882627030065051,-1.9996403455734253,0.007245731074362993,2.0025362968444824,0.0602397546172142,0.002509122481569648,0.15584811568260193,0.36624687910079956,0.32782700657844543
0.0569461827284105,6.578068536057128,3.1628777431148065,3.1628777431148065,-0.05003323994328429,-1.9996086359024048,-0.0009482321329414845,2.002800226211548,0.024059150367975235,0.0031918114982545376,0.20290710031986237,0.36768290400505066,-0.05787256360054016
0.0613266583229036,5.987911995243466,-0.13287979776042974,-0.13287979776042974,0.15461160593716383,-1.999612808227539,0.0027371500618755817,2.0029056072235107,0.03408050164580345,0.004080641083419323,0.2967342734336853,0.3674294054508209,0.10640381276607513
0.0657071339173967,4.700594129765318,-0.046801374989148825,-0.046801374989148825,-0.5153236389415334,-1.9996007680892944,0.008352195844054222,2.0030548572540283,0.04512787237763405,0.005380478221923113,0.2883386015892029,0.3678955137729645,0.3591216802597046
0.0700876095118898,4.641718238949596,-0.46568098754400605,-0.46568098754400605,-0.7616839418426113,-1.9995641708374023,0.00575533090159297,2.0032525062561035,0.026179566979408264,0.006643538363277912,0.30202093720436096,0.369468629360199,0.22957701981067657
0.0744680851063829,5.46422063778996,1.4700541353194638,1.4700541353194638,-0.31980463425693567,-1.9995390176773071,0.000376939307898283,2.0033671855926514,-0.0003495793789625168,0.007966533303260803,0.31066516041755676,0.37047427892684937,-0.02859078347682953
0.078848560700876,5.363600204481922,-1.4707734075308463,-1.4707734075308463,0.5506163191499232,-1.9995373487472534,0.0005202323663979769,2.0033657550811768,-0.0073242480866611,0.009327394887804985,0.3629347085952759,0.37034904956817627,-0.03534046560525894
0.0832290362953692,5.198828373135212,0.37281994195025503,0.37281994195025503,-0.8947527109630502,-1.999535083770752,0.010387579910457134,2.003333568572998,0.009963881224393845,0.010917221195995808,0.303903728723526,0.3701942563056946,0.40345901250839233
0.0876095118898623,4.21887971045153,1.6658978144321848,1.6658978144321848,-0.8768239438354667,-1.9994895458221436,0.004063662141561508,2.0033771991729736,-0.015787726268172264,0.012248463928699493,0.3409208655357361,0.3719615936279297,0.0930522084236145
0.0919899874843554,4.007481302592234,-0.5510575596975458,-0.5510575596975458,-0.5343474191661408,-1.9994717836380005,-0.0027804276905953884,2.003308057785034,-0.04910765588283539,0.01374185923486948,0.4151763916015625,0.3723691999912262,-0.23650714755058289
0.0963704630788485,6.996610602198189,-0.6220134157537804,-0.6220134157537804,0.8293448968728456,-1.9994839429855347,-0.0058774338103830814,2.0030930042266846,-0.07431184500455856,0.015560529194772243,0.4146884083747864,0.37133318185806274,-0.3957214057445526
0.1007509386733416,5.445647444754539,-0.9835595802085,-0.9835595802085,0.49559972085753085,-1.9995096921920776,0.008609078824520111,2.002767562866211,-0.03548404574394226,0.017377061769366264,0.37230414152145386,0.36959972977638245,0.23429706692695618
0.1051314142678347,3.6956867404218507,-1.1934181751174247,-1.1934181751174247,0.18672140971837264,-1.9994720220565796,0.018216188997030258,2.0026121139526367,-0.019076159223914146,0.019007930532097816,0.32910799980163574,0.3706260621547699,0.6476472020149231
0.1095118898623279,6.189857302943565,-1.852555968182858,-1.852555968182858,-0.5227501302347884,-1.9993922710418701,0.02321072854101658,2.002528667449951,-0.026104675605893135,0.020449580624699593,0.2888035476207733,0.37346306443214417,0.8511201739311218
0.113892365456821,8.111065362895344,0.21368595155900422,0.21368595155900422,0.25040103784634804,-1.9992905855178833,0.022266699001193047,2.0024142265319824,-0.03295988216996193,0.021714678034186363,0.2499690055847168,0.37719136476516724,0.7614461183547974
0.1182728410513141,6.807041685655202,0.8383835976567826,0.8383835976567826,-1.0509349337147365,-1.9991930723190308,0.03163158893585205,2.002269744873047,-0.0016819275915622711,0.02280966192483902,0.24889680743217468,0.3805268704891205,1.1255689859390259
0.1226533166458072,5.837534705709839,-2.982829899008428,-2.982829899008428,-1.7127348981777422,-1.9990545511245728,0.02530047297477722,2.0022623538970947,-0.018657516688108444,0.023899948224425316,0.3040708899497986,0.3854573965072632,0.7813801765441895
0.1270337922403003,4.16382318293255,-0.7565828621150972,-0.7565828621150972,-0.7091764653329014,-1.9989436864852905,0.010275744833052158,2.002180576324463,-0.06252408027648926,0.025231923907995224,0.2669800817966461,0.3888802230358124,0.06795883178710938
0.1314142678347934,7.569194885503567,2.311381384671827,2.311381384671827,-1.2788470511080399,-1.9988986253738403,0.00540044903755188,2.001906633377075,-0.09139402210712433,0.026401422917842865,0.2655956745147705,0.38917791843414307,-0.17701482772827148
0.1357947434292866,9.813737379302918,1.4875894511664849,1.4875894511664849,0.12598238987325905,-1.9988750219345093,-0.0032821428030729294,2.0015063285827637,-0.10843154788017273,0.02756485901772976,0.370441734790802,0.38840252161026,-0.6169471740722656
0.1401752190237797,8.006540908602906,-0.808933943744227,-0.808933943744227,-0.5535978231476253,-1.998889446258545,0.00654130894690752,2.0010313987731934,-0.06675394624471664,0.02918756939470768,0.4102049767971039,0.385699987411499,-0.26812535524368286
0.1445556946182728,5.96917398444497,-0.5855830421853506,-0.5855830421853506,-0.9306628557638204,-1.9988608360290527,0.006913959980010986,2.000739097595215,-0.05941096693277359,0.030984463170170784,0.40274834632873535,0.38452547788619995,-0.3212777376174927
0.1489361702127659,5.913776486362226,-0.1601010383186334,-0.1601010383186334,-0.30261138476970917,-1.9988305568695068,0.0012742211110889912,2.000478744506836,-0.07971535623073578,0.032748691737651825,0.4128257632255554,0.3831181228160858,-0.6275128126144409
0.153316645807259,4.640394199927434,0.27580909254743413,0.27580909254743413,-1.4889288508176908,-1.998824954032898,0.0030156723223626614,2.000129461288452,-0.08249395340681076,0.03455706685781479,0.41698750853538513,0.38036930561065674,-0.6116332411766052
0.1576971214017521,6.860388875049939,-1.1111405546449948,-1.1111405546449948,1.0576862016681632,-1.9988117218017578,-0.009910587221384048,1.9997681379318237,-0.1298554241657257,0.03638366982340813,0.46852344274520874,0.37769004702568054,-1.2436106204986572
0.1620775969962453,6.631305523050308,-1.3879209584707843,-1.3879209584707843,0.5702788723608385,-1.9988551139831543,0.00861559621989727,1.9991992712020874,-0.08578060567378998,0.03843602538108826,0.40518683195114136,0.37224245071411133,-0.49886947870254517
0.1664580725907384,6.267793265945588,-1.0473272358902042,-1.0473272358902042,-0.4476146898908473,-1.9988173246383667,0.021016759797930717,1.9988235235214233,-0.057402461767196655,0.04021093621850014,0.3480011820793152,0.3700571656227112,-0.011367470026016235
0.1708385481852315,7.054885409968115,3.530105400861806,3.530105400861806,0.2270870974006925,-1.9987252950668335,0.021669309586286545,1.9985721111297607,-0.06132429093122482,0.04173534736037254,0.3304876685142517,0.37000736594200134,-0.058572981506586075
0.1752190237797246,6.018289452400813,1.33761365454835,1.33761365454835,-0.19042093969458015,-1.998630404472351,0.03065204806625843,1.9983035326004028,-0.03926704823970795,0.043183039873838425,0.4269462823867798,0.3697507977485657,0.2649118900299072
0.1795994993742177,5.354615996535875,1.2078593648920366,1.2078593648920366,-1.277148915524431,-1.998496174812317,0.03409483656287193,1.998131513595581,-0.03784237802028656,0.04505326598882675,0.4715697467327118,0.37091124057769775,0.34308922290802
0.1839799749687108,8.885885451731829,-1.2174966329546228,-1.2174966329546228,-0.19585806571047665,-1.9983468055725098,0.02482754737138748,1.997965693473816,-0.07324622571468353,0.04711896553635597,0.5441398620605469,0.37241414189338684,-0.15792900323867798
0.188360450563204,4.399398094407719,-0.02138214769297861,-0.02138214769297861,-0.7288453111094229,-1.9982380867004395,0.031103411689400673,1.9976447820663452,-0.04821392893791199,0.04950255528092384,0.5143047571182251,0.37172234058380127,0.0015472173690795898
0.1927409261576971,2.999248191911057,-1.6765761913119899,-1.6765761913119899,0.4194068261752783,-1.998101830482483,0.0271800234913826,1.9974335432052612,-0.07571574300527573,0.051755454391241074,0.534964919090271,0.3717291057109833,-0.24485497176647186
0.1971214017521902,9.68888270416413,1.8269173782333055,1.8269173782333055,-1.3904014536167675,-1.9979827404022217,0.034858059138059616,1.997101902961731,-0.08174644410610199,0.05409885570406914,0.4737555682659149,0.3706565201282501,0.05922771990299225
0.2015018773466833,4.758795845391317,-1.6821510136909283,-1.6821510136909283,-0.8622829014031681,-1.9978300333023071,0.02896380051970482,1.9967437982559204,-0.08445636928081512,0.056174129247665405,0.5677114725112915,0.3709159791469574,-0.3722745180130005
0.2058823529411764,5.412429123725601,-0.10497742079390998,-0.10497742079390998,-0.30950145955498465,-1.997703194618225,0.024156175553798676,1.9963738918304443,-0.11283381283283234,0.058660976588726044,0.5437687039375305,0.3692852258682251,-0.6765268445014954
0.2102628285356695,6.0447694716299685,1.742885854191956,1.742885854191956,-0.7213388399663645,-1.997597336769104,0.026379305869340897,1.9958796501159668,-0.11988381296396255,0.061042942106723785,0.5497414469718933,0.36632171273231506,-0.6765992045402527
0.2146433041301627,7.365229094039269,-1.5377306340306038,-1.5377306340306038,0.4115839047322655,-1.9974818229675293,0.024790382012724876,1.9953545331954956,-0.13356657326221466,0.06345107406377792,0.621704638004303,0.36335787177085876,-0.8698963522911072
0.2190237797246558,1.6894158228592957,-2.6759086183667153,-2.6759086183667153,0.14240957563547568,-1.9973732233047485,0.037251316010951996,1.9947694540023804,-0.10357078164815903,0.06617443263530731,0.5647784471511841,0.35954731702804565,-0.44029343128204346
0.2234042553191489,7.761044806238061,-1.5148662810895368,-1.5148662810895368,1.0205324619765825,-1.9972100257873535,0.040648479014635086,1.99431574344635,-0.12840667366981506,0.06864842772483826,0.4824746251106262,0.35761862993240356,-0.316925972700119
0.227784730913642,8.815645079171919,-1.5044333333271929,-1.5044333333271929,-0.7349740890755836,-1.9970319271087646,0.06009790301322937,1.9937533140182495,-0.07734571397304535,0.07076189666986465,0.4084329605102539,0.35623034834861755,0.43881359696388245
0.2321652065081351,4.590996968356601,-0.6581849103355295,-0.6581849103355295,-1.2417591708444893,-1.9967687129974365,0.061844777315855026,1.9934145212173462,-0.06837881356477737,0.07255102694034576,0.3859623074531555,0.3581525683403015,0.32178640365600586
0.2365456821026282,7.694923607694192,0.41036197169463995,0.41036197169463995,0.31840955838191837,-1.9964977502822876,0.05349171161651611,1.993114948272705,-0.1091817319393158,0.07424172759056091,0.40300452709198,0.3595621585845947,-0.18165242671966553
0.2409261576971214,6.796126618698363,0.8335885416436903,0.8335885416436903,0.3219004774632396,-1.9962633848190308,0.06558692455291748,1.9926366806030273,-0.07902464270591736,0.07600707560777664,0.4056898355484009,0.35876643657684326,0.21069568395614624
0.2453066332916145,7.689175849757124,-0.838681912432456,-0.838681912432456,-1.5555346660319722,-1.9959760904312134,0.07678217440843582,1.9922904968261719,-0.05622454732656479,0.07778418809175491,0.4206327497959137,0.3596893846988678,0.578323245048523
0.2496871088861076,3.681079640085481,-2.548783893994836,-2.548783893994836,-0.2283766481547642,-1.9956398010253906,0.06873692572116852,1.99204421043396,-0.08038455992937088,0.07962676137685776,0.4415671229362488,0.36222270131111145,0.005422115325927734
0.2540675844806007,6.343551429489621,-0.333145398205769,-0.333145398205769,-0.8711156565108458,-1.9953386783599854,0.07050906866788864,1.991692066192627,-0.09939621388912201,0.08156103640794754,0.37380388379096985,0.36224645376205444,-0.002904818393290043
0.2584480600750938,7.258629908060503,1.7196176523571332,1.7196176523571332,-0.15163495800045945,-1.9950298070907593,0.06841335445642471,1.9912567138671875,-0.11488714814186096,0.08319847285747528,0.38951432704925537,0.3622337281703949,-0.2631497085094452
0.2628285356695869,5.197526502017473,-0.4281643970528247,-0.4281643970528247,1.1349356375957549,-1.9947301149368286,0.07537461817264557,1.990753412246704,-0.10198279470205307,0.0849047303199768,0.4441608488559723,0.36108100414276123,-0.12548401951789856
0.2672090112640801,7.427638380292215,-0.07316916295512532,-0.07316916295512532,-1.4390813121188621,-1.994399905204773,0.09399090707302094,1.9903067350387573,-0.06896374374628067,0.0868503674864769,0.3985133767127991,0.3605313301086426,0.6137756109237671
0.2715894868585732,2.3499994593837097,-2.556928572119263,-2.556928572119263,-0.5387553297168722,-1.9939881563186646,0.08735723793506622,1.9900046586990356,-0.09192796051502228,0.08859604597091675,0.43840235471725464,0.3632199466228485,0.09361177682876587
0.2759699624530663,7.405672488548759,3.2921396133762593,3.2921396133762593,-1.4587741484811954,-1.9936054944992065,0.08431641012430191,1.989601969718933,-0.13096605241298676,0.09051645547151566,0.3794652819633484,0.3636299967765808,-0.1139662116765976
0.2803504380475594,9.371262940724375,-0.4518886835285707,-0.4518886835285707,-0.18884944573872714,-1.9932361841201782,0.0774403065443039,1.9890283346176147,-0.15462781488895416,0.09217869490385056,0.5182070136070251,0.3631307780742645,-0.6448931097984314
0.2847309136420525,6.356606833954898,0.9182687844833549,0.9182687844833549,-1.3579667597916618,-1.9928969144821167,0.087164506316185,1.9883509874343872,-0.12530773878097534,0.09444868564605713,0.5105254054069519,0.3603058457374573,-0.46295949816703796
0.2891113892365456,7.930796217196084,-1.1152853066074906,-1.1152853066074906,-0.5993490122593237,-1.9925150871276855,0.08041735738515854,1.9878020286560059,-0.15481272339820862,0.096685029566288,0.5769987106323242,0.3582778573036194,-0.9728165864944458
0.2934918648310388,7.747787078503968,-3.8027793584842002,-3.8027793584842002,-0.8457986511140629,-1.992162823677063,0.08423498272895813,1.9871238470077515,-0.1493602693080902,0.09921255707740784,0.5619317293167114,0.3540164530277252,-1.0446536540985107
0.2978723404255319,7.114944272539647,-0.5166951377867087,-0.5166951377867087,-0.1387506511698018,-1.9917938709259033,0.08537102490663528,1.9864696264266968,-0.15258459746837616,0.10167408734560013,0.47557851672172546,0.3494403660297394,-1.2484931945800781
0.302252816020025,8.90543074472328,-1.8191104989101952,-1.8191104989101952,0.07291413867822238,-1.9914199113845825,0.09347858279943466,1.9858012199401855,-0.14057685434818268,0.103757344186306,0.46454134583473206,0.3439713716506958,-1.1066707372665405
0.3066332916145181,7.070694131371592,0.061273540822982975,0.061273540822982975,-0.08195736907653994,-1.9910104274749756,0.10609716176986694,1.9851853847503662,-0.10745233297348022,0.10579225420951843,0.409288227558136,0.3391236364841461,-0.8016369342803955
0.3110137672090112,7.61412814234368,-0.2820850773789064,-0.2820850773789064,-0.17979121706333565,-1.990545630455017,0.11463193595409393,1.9847147464752197,-0.094020314514637,0.1075851321220398,0.4134710133075714,0.33561208844184875,-0.6311337947845459
0.3153942428035043,7.005371636560093,-0.10853794518000726,-0.10853794518000726,0.2305967238540228,-1.9900435209274292,0.12287722527980804,1.9843028783798218,-0.0788804441690445,0.10939633101224899,0.410483717918396,0.3328474164009094,-0.4943920373916626
0.3197747183979975,7.040816063672766,0.19686449181481724,0.19686449181481724,-0.8569213815551892,-1.9895052909851074,0.1345028132200241,1.983957290649414,-0.056791916489601135,0.11119444668292999,0.40057989954948425,0.3306817412376404,-0.1643666923046112
0.3241551939924906,2.450490194636405,-0.1353077119900994,-0.1353077119900994,-0.5929115125794584,-1.9889161586761475,0.13524888455867767,1.9837085008621216,-0.06618117541074753,0.1129491776227951,0.43135377764701843,0.32996174693107605,-0.3932851552963257
0.3285356695869837,6.029791998151134,-0.3565333398601218,-0.3565333398601218,0.10594447223392989,-1.98832368850708,0.13262483477592468,1.983418583869934,-0.10610014200210571,0.11483871191740036,0.44471725821495056,0.32823896408081055,-0.6247068643569946
0.3329161451814768,5.838617882579664,-4.16262703345249,-4.16262703345249,-1.01087581555846,-1.9877427816390991,0.14190439879894257,1.9829537868499756,-0.09577178210020065,0.11678678542375565,0.4312114417552948,0.3255024552345276,-0.38790395855903625
0.3372966207759699,6.028926028436739,-0.45136408876221445,-0.45136408876221445,-0.16028199625580497,-1.9871212244033813,0.1398654729127884,1.9825342893600464,-0.11972393095493317,0.11867569386959076,0.33917030692100525,0.32380324602127075,-0.7319977283477783
0.341677096370463,8.413776286179296,0.6253613653098984,0.6253613653098984,0.9371283614006177,-1.9865084886550903,0.14666028320789337,1.9820098876953125,-0.11719869822263718,0.12016142159700394,0.3306697905063629,0.32059675455093384,-0.6320391297340393
0.3460575719649562,4.94474783959281,-1.5681123361280473,-1.5681123361280473,-0.40457886474254395,-1.9858660697937012,0.16742989420890808,1.9814964532852173,-0.06256730854511261,0.12160991132259369,0.3215652108192444,0.31782811880111694,0.1056634783744812
0.3504380475594493,4.499519727444165,0.7019659392357811,0.7019659392357811,-1.5593428508544394,-1.9851326942443848,0.17032980918884277,1.98122239112854,-0.0761975347995758,0.12301851809024811,0.2875863313674927,0.31829097867012024,0.04722845181822777
0.3548185231539424,4.301435498993248,-0.580841424560079,-0.580841424560079,-0.7399872084011809,-1.9843865633010864,0.16148027777671814,1.9808886051177979,-0.12745723128318787,0.12427828460931778,0.35362371802330017,0.3184978663921356,-0.6195263862609863
0.3591989987484355,5.372042713814983,-2.3984823692293307,-2.3984823692293307,-0.8620040428679604,-1.983679175376892,0.1604136973619461,1.980330228805542,-0.1563374251127243,0.12582732737064362,0.3582712709903717,0.3157840371131897,-0.8701967000961304
0.3635794743429286,7.827883115814142,1.4835644743805056,1.4835644743805056,-0.03074352182500012,-1.9829764366149902,0.15985414385795593,1.9796453714370728,-0.17992040514945984,0.12739673256874084,0.3134012222290039,0.31197217106819153,-1.1511013507843018
0.3679599499374217,8.524643277254384,-0.7189858707556938,-0.7189858707556938,0.8129855100504972,-1.982276201248169,0.17089927196502686,1.9788572788238525,-0.15862001478672028,0.12876957654953003,0.357623815536499,0.3069297969341278,-0.928989052772522
0.3723404255319149,7.484440272222779,-1.052089930463004,-1.052089930463004,-0.9093970941151259,-1.98152756690979,0.19070418179035187,1.978162407875061,-0.10656915605068207,0.13033613562583923,0.3128854036331177,0.3028603792190552,-0.25077033042907715
0.376720901126408,5.5741606080240205,-1.653540361523866,-1.653540361523866,0.10352579247500232,-1.9806921482086182,0.19289074838161469,1.9776955842971802,-0.11392033845186234,0.13170672953128815,0.30871832370758057,0.3017618954181671,-0.49121442437171936
0.3811013767209011,6.981730376049636,-0.5944796439611155,-0.5944796439611155,0.09790694748928502,-1.9798471927642822,0.20180702209472656,1.9771965742111206,-0.10733045637607574,0.1330590695142746,0.25740641355514526,0.2996101379394531,-0.2680036425590515
0.3854818523153942,5.010714426330019,-0.689665076356156,-0.689665076356156,0.3560665558233061,-1.9789631366729736,0.2126571536064148,1.9767264127731323,-0.08913591504096985,0.13418662548065186,0.23718653619289398,0.29843616485595703,-0.004662305116653442
0.3898623279098873,7.751295667134338,-0.8301427324223731,-0.8301427324223731,-1.6542804131305715,-1.9780316352844238,0.22305534780025482,1.9763360023498535,-0.07975609600543976,0.13522560894489288,0.2066478580236435,0.29841575026512146,0.3316148519515991
0.3942428035043804,6.6037661176255416,-1.3128864282246802,-1.3128864282246802,0.10763833577178256,-1.9770545959472656,0.21917398273944855,1.9759865999221802,-0.10692980140447617,0.13613082468509674,0.2307152897119522,0.2998683750629425,-0.2840302586555481
0.3986232790988736,6.9506553990757975,-1.8407835560367412,-1.8407835560367412,-0.1922992460935815,-1.9760944843292236,0.22971642017364502,1.9755182266235352,-0.09161736816167831,0.13714146614074707,0.18923147022724152,0.298624187707901,-0.02710762619972229
0.4030037546933667,4.242818814757377,-0.4312679672884092,-0.4312679672884092,-0.7338460689137375,-1.9750882387161255,0.23803973197937012,1.9751168489456177,-0.08226419985294342,0.13797038793563843,0.1410904973745346,0.2985054552555084,0.08597298711538315
0.4073842302878598,5.524164190943239,0.60030422743704,0.60030422743704,-0.28264685569688314,-1.9740455150604248,0.23753905296325684,1.9747564792633057,-0.11151829361915588,0.13858842849731445,0.14992673695087433,0.29888206720352173,-0.16253265738487244
0.4117647058823529,8.669936176847651,1.0516586868031579,1.0516586868031579,0.4373970015774385,-1.973004937171936,0.2430332750082016,1.9742679595947266,-0.11674807220697403,0.1392451822757721,0.1757117062807083,0.2981700897216797,-0.13949662446975708
0.416145181476846,5.040065894547796,-0.8653482233063985,-0.8653482233063985,-0.03857785082331966,-1.971940279006958,0.2596909999847412,1.9737565517425537,-0.07444384694099426,0.1400148868560791,0.19365009665489197,0.2975590229034424,0.3505357801914215
0.4205256570713391,3.3247359709222115,-0.8630682888251738,-0.8630682888251738,-2.0749301313714748,-1.970802664756775,0.2667638063430786,1.9734303951263428,-0.07650762796401978,0.14086316525936127,0.169505774974823,0.2990945279598236,0.48458659648895264
0.4249061326658322,5.130857274983195,0.12101095144241458,0.12101095144241458,0.6658520928743359,-1.9696340560913086,0.2528202533721924,1.9730952978134155,-0.1530739963054657,0.1416056752204895,0.2048959881067276,0.301217257976532,-0.48272520303726196
0.4292866082603254,6.8476948090598135,-2.067173807499281,-2.067173807499281,-0.6673844010967288,-1.9685266017913818,0.26659804582595825,1.9724247455596924,-0.13360607624053955,0.14250321686267853,0.18898490071296692,0.29910269379615784,0.016912490129470825
0.4336670838548185,7.596523980705584,-0.46569244005469324,-0.46569244005469324,-0.2083584871038114,-1.9673588275909424,0.2706910967826843,1.971839427947998,-0.13917648792266846,0.14333106577396393,0.14810660481452942,0.29917678236961365,-0.11771133542060852
0.4380475594493116,4.114354527681172,0.22485352460966723,0.22485352460966723,0.10593707190085333,-1.9661730527877808,0.2801251709461212,1.9712297916412354,-0.1249416172504425,0.14397984743118286,0.14059163630008698,0.29866114258766174,0.007018327713012695
0.4424280350438047,5.1770523727931455,-0.6758675996498561,-0.6758675996498561,-0.5962210195719142,-1.964945912361145,0.28723955154418945,1.9706825017929077,-0.13046404719352722,0.14459571242332458,0.14406436681747437,0.29869189858436584,0.18729716539382935
0.4468085106382978,10.774710000942608,0.6506059129043775,0.6506059129043775,0.4862501983159396,-1.9636876583099365,0.28958359360694885,1.9701110124588013,-0.14787857234477997,0.14522677659988403,0.1417384296655655,0.2995123565196991,0.03836411237716675
0.4511889862327909,8.094047308220944,2.047897289138172,2.047897289138172,-1.173445569365382,-1.9624191522598267,0.31023237109184265,1.9694632291793823,-0.08662563562393188,0.14584766328334808,0.1465381383895874,0.2996804118156433,0.6180682182312012
0.4555694618272841,7.575543170711341,-2.0882771996038256,-2.0882771996038256,-0.9819060022933249,-1.9610601663589478,0.31183040142059326,1.9690837860107422,-0.09679882973432541,0.14648957550525665,0.24061155319213867,0.3023878335952759,0.260938435792923
0.4599499374217772,7.1426519408494435,-1.253729308043897,-1.253729308043897,-0.04501909789739039,-1.9596941471099854,0.31430375576019287,1.96865975856781,-0.10560841113328934,0.14754356443881989,0.20830200612545013,0.30353087186813354,-0.01344442367553711
0.4643304130162703,6.4669128692172935,1.530464082754913,1.530464082754913,-0.926336755481551,-1.9583173990249634,0.32479292154312134,1.9681971073150635,-0.09037626534700394,0.14845602214336395,0.17300383746623993,0.30347198247909546,0.1815548539161682
0.4687108886107634,4.727121542997402,-0.9248971104675789,-0.9248971104675789,0.7313507679873467,-1.9568946361541748,0.32615330815315247,1.9678012132644653,-0.10679031908512115,0.14921386539936066,0.24475020170211792,0.3042672872543335,-0.09804216027259827
0.4730913642052565,5.2115961867594764,0.003732113299405926,0.003732113299405926,-1.4188035323565757,-1.9554659128189087,0.34020689129829407,1.967333436012268,-0.08879540115594864,0.1502859890460968,0.1963825225830078,0.3038378059864044,0.423113614320755
0.4774718397997496,4.182801905157325,1.6446928009580082,1.6446928009580082,-0.22342049521873147,-1.9539756774902344,0.33518046140670776,1.9669444561004639,-0.13021932542324066,0.15114623308181763,0.23792508244514465,0.3056912422180176,-0.14847907423973083
0.4818523153942428,5.950218729677875,-0.1668557532193548,-0.1668557532193548,-1.7662601201965047,-1.9525073766708374,0.33960849046707153,1.9663740396499634,-0.1449371576309204,0.1521884649991989,0.29247990250587463,0.3050408363342285,-0.13576483726501465
0.4862327909887359,8.774578891999893,0.02165985629466438,0.02165985629466438,-1.0964040609294659,-1.9510197639465332,0.33249354362487793,1.965739130973816,-0.19044044613838196,0.15346966683864594,0.3391875624656677,0.30444613099098206,-0.8637480139732361
0.490613266583229,6.391390468683021,-1.448746372673358,-1.448746372673358,0.21798030582891775,-1.9495632648468018,0.3362743556499481,1.9649049043655396,-0.19272592663764954,0.15495547652244568,0.3718385696411133,0.3006625175476074,-1.1602790355682373
0.4949937421777221,5.354660218952814,-0.4166815206832698,-0.4166815206832698,-0.11329187397265095,-1.9480901956558228,0.34865203499794006,1.964060664176941,-0.17611362040042877,0.15658430755138397,0.3231648802757263,0.2955799400806427,-0.8524473905563354
0.4993742177722152,9.100775916496211,-0.8597799499507955,-0.8597799499507955,0.014026891808914255,-1.9465628862380981,0.3562408983707428,1.9632892608642578,-0.17786474525928497,0.1579999178647995,0.3143049478530884,0.29184582829475403,-0.7468218803405762
0.5037546933667083,2.915865379707836,-0.11812795790299424,-0.11812795790299424,0.16305456481350594,-1.9450024366378784,0.37085622549057007,1.962510108947754,-0.14459764957427979,0.15937672555446625,0.28878700733184814,0.2885743975639343,-0.4606914520263672
0.5081351689612015,6.550498071726411,-1.272728360467048,-1.272728360467048,-0.7378805235486435,-1.9433778524398804,0.3769528865814209,1.9618767499923706,-0.15844103693962097,0.16064174473285675,0.28057557344436646,0.2865563631057739,-0.28728342056274414
0.5125156445556946,3.126666599765002,0.7911911271156171,0.7911911271156171,-0.10057417190274787,-1.941726565361023,0.38090935349464417,1.961182713508606,-0.168688103556633,0.1618707925081253,0.2649563252925873,0.2852979302406311,-0.4664238691329956
0.5168961201501877,9.992409434545742,-1.103032177100839,-1.103032177100839,0.5163106851623329,-1.9400579929351807,0.3850646913051605,1.9604437351226807,-0.18859098851680756,0.1630314290523529,0.2909986972808838,0.2832547724246979,-0.4222817122936249
0.5212765957446808,4.179276652670183,-1.4847914661913797,-1.4847914661913797,-0.6334617328795167,-1.938371181488037,0.40551578998565674,1.9596176147460938,-0.13292571902275085,0.1643061488866806,0.2437087595462799,0.281404972076416,0.1504436433315277
0.5256570713391739,8.156180456128721,-0.6330509483845307,-0.6330509483845307,-1.1047996264588988,-1.936594843864441,0.406772255897522,1.9590352773666382,-0.15986813604831696,0.16537371277809143,0.21884723007678986,0.2820639908313751,-0.047514960169792175
0.5300375469336671,5.021607293190609,0.25635627113489506,0.25635627113489506,0.8982418908145977,-1.9348130226135254,0.4103878438472748,1.9583349227905273,-0.16765406727790833,0.16633236408233643,0.23262378573417664,0.28185585141181946,-0.3661220669746399
0.5344180225281602,6.50463498202946,0.9198464316108261,0.9198464316108261,-1.6246063575217833,-1.9330153465270996,0.4262576699256897,1.957600474357605,-0.1420932412147522,0.1673513650894165,0.21387869119644165,0.280252069234848,0.2508275508880615
0.5387984981226532,7.455807405710155,0.032568072217496136,0.032568072217496136,-0.6670879176616142,-1.9311481714248657,0.42290958762168884,1.9569780826568604,-0.1791200339794159,0.16828826069831848,0.28818479180336,0.2813508212566376,-0.386178195476532
0.5431789737171464,9.509244057532172,0.014182874333830253,0.014182874333830253,0.5697171403232801,-1.9292956590652466,0.42935168743133545,1.956193447113037,-0.17977531254291534,0.16955064237117767,0.30861696600914,0.2796591818332672,-0.5007256269454956
0.5475594493116396,7.5914660961580225,-2.272454897889715,-2.272454897889715,-0.7473553524593304,-1.927414894104004,0.44980302453041077,1.9554059505462646,-0.12657183408737183,0.1709025353193283,0.29239359498023987,0.2774657607078552,0.08501923084259033
0.5519399249061326,1.6648422390943827,-0.7298716102969722,-0.7298716102969722,-1.5518468191278405,-1.925444483757019,0.45590782165527344,1.954851508140564,-0.12849292159080505,0.17218336462974548,0.24785585701465607,0.27783817052841187,-0.0665401965379715
0.5563204005006257,6.1082436048455335,0.3122231131395084,0.3122231131395084,0.5267490012263507,-1.9234473705291748,0.44548889994621277,1.9542886018753052,-0.20373818278312683,0.1732690930366516,0.27186015248298645,0.2775467038154602,-0.8147327899932861
0.5607008760951189,5.548819546993593,-1.4685661390565465,-1.4685661390565465,-0.4614579402316485,-1.9214959144592285,0.4602203667163849,1.9533960819244385,-0.18019235134124756,0.17445996403694153,0.26559531688690186,0.27397778630256653,-0.355535626411438
0.565081351689612,4.432402093231249,-0.3283238302809855,-0.3283238302809855,-0.3527855375100536,-1.9194799661636353,0.46557652950286865,1.9526067972183228,-0.19066490232944489,0.17562340199947357,0.23618456721305847,0.27242037653923035,-0.4225054383277893
0.5694618272841051,7.222131212968634,-0.10816374319708899,-0.10816374319708899,0.8164057465862551,-1.9174405336380005,0.4700455963611603,1.95177161693573,-0.20721568167209625,0.1766580045223236,0.23689892888069153,0.2705695927143097,-0.46781137585639954
0.5738423028785982,4.286849186046796,-1.8942052585949236,-1.8942052585949236,-0.31300392109745806,-1.9153815507888794,0.4888657331466675,1.9508639574050903,-0.16568323969841003,0.17769573628902435,0.20989856123924255,0.2685203552246094,0.17508026957511902
0.5782227784730913,6.117066827511102,-0.12900834902579095,-0.12900834902579095,-0.5702978277652255,-1.9132400751113892,0.49345269799232483,1.9501382112503052,-0.18225975334644318,0.17861519753932953,0.1637224704027176,0.2692872881889343,0.1458609253168106
0.5826032540675845,4.478060229558147,0.9011090818438581,0.9011090818438581,-0.17340780680839898,-1.9110785722732544,0.49901002645492554,1.9493398666381836,-0.19125738739967346,0.17933237552642822,0.17660951614379883,0.2699262201786041,0.040469296276569366
0.5869837296620776,8.049450775240144,0.6675058055852909,0.6675058055852909,-2.385622903401951,-1.9088926315307617,0.5051056742668152,1.9485020637512207,-0.2020857334136963,0.1801060140132904,0.20798881351947784,0.27010348439216614,0.08905002474784851
0.5913642052565706,6.457448252580029,0.2304197514874332,0.2304197514874332,-0.4742503105544045,-1.9066799879074097,0.4989936947822571,1.9476168155670166,-0.24909162521362305,0.18101710081100464,0.2971498370170593,0.2704935669898987,-0.8919271230697632
0.5957446808510638,6.334345309085944,-0.6556473963136333,-0.6556473963136333,-0.22448172956778836,-1.9044941663742065,0.5062061548233032,1.9465256929397583,-0.25246044993400574,0.1823187619447708,0.3177284300327301,0.2665865123271942,-0.9373389482498169
0.600125156445557,10.410909524886357,-0.22521078229556268,-0.22521078229556268,-0.645699617291385,-1.9022767543792725,0.5153327584266663,1.9454197883605957,-0.24941684305667877,0.18371056020259857,0.305137038230896,0.2624805271625519,-0.8577929735183716
0.60450563204005,7.156582101990768,-3.126622774831698,-3.126622774831698,-0.5926607914618891,-1.9000194072723389,0.5279988646507263,1.9443272352218628,-0.2249745875597,0.1850472092628479,0.31741663813591003,0.2587229907512665,-0.8694689273834229
0.6088861076345431,6.900337453199548,0.825498088774038,0.825498088774038,0.37786685484592814,-1.8977065086364746,0.5356578826904297,1.9433417320251465,-0.22607703506946564,0.18643765151500702,0.2434169054031372,0.2549143135547638,-0.9540587067604065
0.6132665832290363,9.018743533649983,0.36897728904922156,0.36897728904922156,0.25755999582489425,-1.8953601121902466,0.5505732893943787,1.9423514604568481,-0.20029526948928833,0.18750393390655518,0.2564891576766968,0.2507350742816925,-0.5465339422225952
0.6176470588235294,4.747653121440427,-1.077165164311915,-1.077165164311915,-0.9086974108800057,-1.8929483890533447,0.5679629445075989,1.9414740800857544,-0.16039834916591644,0.1886274814605713,0.2597428858280182,0.24834099411964417,-0.13553178310394287
0.6220275344180225,5.531654945941859,-2.093057865730043,-2.093057865730043,0.028974637372130796,-1.89046049118042,0.5691497921943665,1.940771460533142,-0.19103620946407318,0.18976527452468872,0.25482308864593506,0.2477473020553589,-0.45707055926322937
0.6264080100125156,3.0336858638264403,-0.5979105188850231,-0.5979105188850231,-0.9592668349536304,-1.8879673480987549,0.5788829326629639,1.9399346113204956,-0.1870507299900055,0.19088152050971985,0.19285301864147186,0.24574512243270874,-0.2713780999183655
0.6307884856070087,8.04758215240566,-0.18310629976167325,-0.18310629976167325,-0.42321151957773484,-1.8854315280914307,0.576884925365448,1.939115285873413,-0.23351670801639557,0.19172631204128265,0.20340576767921448,0.24455635249614716,-0.6718463897705078
0.6351689612015019,4.193484156071184,-0.7276059064632551,-0.7276059064632551,0.5973889953137672,-1.8829045295715332,0.587652325630188,1.9380923509597778,-0.22214815020561218,0.19261732697486877,0.21041759848594666,0.24161334335803986,-0.6413440108299255
0.639549436795995,3.5513744860389753,-1.6756770931775038,-1.6756770931775038,-0.05498524906987573,-1.8803303241729736,0.5993818044662476,1.9371192455291748,-0.21226005256175995,0.19353905320167542,0.17172354459762573,0.2388039529323578,-0.2040981948375702
0.643929912390488,6.465176454529731,-0.15408523736355412,-0.15408523736355412,-1.1887341035789922,-1.8777047395706177,0.6050952672958374,1.9361894130706787,-0.22728733718395233,0.19429127871990204,0.12439420819282532,0.23790991306304932,-0.12271605432033539
0.6483103879849812,7.7475638477575215,0.9443754921405896,0.9443754921405896,-0.39814466634293055,-1.875054121017456,0.6075716018676758,1.9351937770843506,-0.2521016001701355,0.19483618438243866,0.15460923314094543,0.23737235367298126,-0.5353250503540039
0.6526908635794744,8.685803521205163,0.9310007780438531,0.9310007780438531,-0.4443264877232212,-1.8723926544189453,0.6181142926216125,1.9340894222259521,-0.2424907088279724,0.19551344215869904,0.19381508231163025,0.23502737283706665,-0.5010572075843811
0.6570713391739674,7.067334021522825,0.6224019081839848,0.6224019081839848,-0.9040699468427893,-1.8696850538253784,0.6299640536308289,1.9330271482467651,-0.2264506220817566,0.1963624507188797,0.2339790016412735,0.23283250629901886,-0.46155846118927
0.6614518147684605,5.971139359827119,-1.14391307453625,-1.14391307453625,-0.33778268217413454,-1.8669254779815674,0.6357725262641907,1.932035207748413,-0.23773647844791412,0.19738739728927612,0.27855682373046875,0.23081065714359283,-0.7088660597801208
0.6658322903629537,6.133338666016922,-1.2587802935581491,-1.2587802935581491,-1.1387713753688347,-1.864140510559082,0.6438415050506592,1.9309937953948975,-0.24114352464675903,0.19860760867595673,0.2550152540206909,0.22770549356937408,-0.698323130607605
0.6702127659574468,6.194900900745295,-0.1938488854445629,-0.1938488854445629,0.03258938315650328,-1.8613201379776,0.6466423869132996,1.929937481880188,-0.26733464002609253,0.1997247040271759,0.2515106201171875,0.22464650869369507,-1.0953469276428223
0.6745932415519399,4.750351264183509,0.22476904073582904,0.22476904073582904,0.46501907941057896,-1.8584874868392944,0.6579175591468811,1.9287663698196411,-0.2577664852142334,0.20082643628120422,0.24489790201187134,0.2198483645915985,-0.887054979801178
0.678973717146433,3.93571993880158,-1.0502736709758325,-1.0502736709758325,-0.29451017991001743,-1.8556054830551147,0.6694865822792053,1.9276372194290161,-0.24715742468833923,0.2018992006778717,0.2378818392753601,0.21596264839172363,-0.5006465911865234
0.6833541927409261,7.6328144940244975,-1.2364925475752353,-1.2364925475752353,0.021150392877191726,-1.852672815322876,0.6744189262390137,1.926554560661316,-0.2662351727485657,0.20294123888015747,0.21581114828586578,0.2137695848941803,-0.530663013458252
0.6877346683354193,3.3886794026493368,-0.6530227507462709,-0.6530227507462709,0.24005344558866865,-1.8497185707092285,0.6878772377967834,1.9253883361816406,-0.24496783316135406,0.20388659834861755,0.17908398807048798,0.21144503355026245,-0.28375348448753357
0.6921151439299124,7.016145451063577,-0.7282326865888584,-0.7282326865888584,-0.7495155734529895,-1.8467053174972534,0.6953437328338623,1.9243152141571045,-0.25244471430778503,0.20467106997966766,0.15300333499908447,0.21020205318927765,-0.05531255900859833
0.6964956195244054,5.127626458855319,-0.024276919948825304,-0.024276919948825304,-0.6955868579268049,-1.8436594009399414,0.7027192115783691,1.9232094287872314,-0.25961369276046753,0.20534129440784454,0.15362486243247986,0.20995976030826569,-0.22444705665111542
0.7008760951188986,5.802455116750224,-1.1303621356725997,-1.1303621356725997,-0.5756593109257855,-1.8405811786651611,0.7071933150291443,1.922072172164917,-0.28089797496795654,0.2060142457485199,0.17322924733161926,0.20897658169269562,-0.42419856786727905
0.7052565707133918,5.557893334419532,-1.2633573113025054,-1.2633573113025054,-0.9984648451914736,-1.837483286857605,0.713683009147644,1.9208416938781738,-0.29294562339782715,0.2067730724811554,0.1570301651954651,0.20711839199066162,-0.5413044691085815
0.7096370463078848,5.625798911241052,-2.6199046943222464,-2.6199046943222464,0.7649841114878277,-1.8343570232391357,0.7171270847320557,1.9195584058761597,-0.31984058022499084,0.2074609398841858,0.14929446578025818,0.20474721491336823,-0.8837676048278809
0.7140175219023779,5.614708974492232,-0.5893853867788421,-0.5893853867788421,-0.5775289602297573,-1.8312156200408936,0.7319753766059875,1.9181573390960693,-0.2928190529346466,0.20811492204666138,0.05044497549533844,0.2008758932352066,-0.31574398279190063
0.718397997496871,6.897407520483526,1.5221231968291609,1.5221231968291609,-0.6023136641943378,-1.8280092477798462,0.7382403016090393,1.916874647140503,-0.30651167035102844,0.20833589136600494,0.050098732113838196,0.19949278235435486,-0.4396223723888397
0.7227784730913642,6.620349461385699,0.6787839551592726,0.6787839551592726,-0.46403452045776467,-1.8247754573822021,0.7466336488723755,1.9155319929122925,-0.3102758526802063,0.20855534076690674,0.1121390163898468,0.19756703078746796,-0.5366069078445435
0.7271589486858573,4.313597298634658,0.16717755849274718,0.16717755849274718,-0.814323711756034,-1.821504831314087,0.755428671836853,1.914172887802124,-0.3121653199195862,0.20904655754566193,0.14551293849945068,0.19521643221378326,-0.5709326267242432
0.7315394242803503,6.4215086906844885,0.06195507993021687,0.06195507993021687,-0.38186293198019233,-1.8181957006454468,0.7581407427787781,1.912805438041687,-0.3439112603664398,0.20968396961688995,0.17417588829994202,0.19271548092365265,-0.857030987739563
0.7359198998748435,7.5030271671642,-1.2618479000613703,-1.2618479000613703,-0.07303324330644662,-1.8148746490478516,0.7672498226165771,1.9112989902496338,-0.34499916434288025,0.21044693887233734,0.18713678419589996,0.18896128237247467,-0.8551934361457825
0.7403003754693367,7.452996619045287,-1.612568957089362,-1.612568957089362,-0.7898336172933564,-1.8115137815475464,0.7800644040107727,1.9097877740859985,-0.32770150899887085,0.2112666815519333,0.15241962671279907,0.18521513044834137,-0.6608529090881348
0.7446808510638298,5.040275066965618,-1.1563517562794559,-1.1563517562794559,0.15533028539731586,-1.8080967664718628,0.7886309027671814,1.908352255821228,-0.332594096660614,0.21193435788154602,0.12839314341545105,0.18232028186321259,-0.8373221755027771
0.7490613266583228,6.218185882815544,-0.08516033546691104,-0.08516033546691104,-0.6033028535856128,-1.8046422004699707,0.7984369993209839,1.9068952798843384,-0.32887548208236694,0.2124967873096466,0.0900878757238388,0.17865240573883057,-0.6015171408653259
0.753441802252816,7.302458261206513,0.8500394325443759,0.8500394325443759,-0.9706848716839658,-1.8011447191238403,0.8059959411621094,1.9054546356201172,-0.33840614557266235,0.21289141476154327,0.1052192822098732,0.17601747810840607,-0.7201164960861206
0.7578222778473092,7.3105901859238465,-0.8622846689365915,-0.8622846689365915,0.13713662463691256,-1.7976140975952148,0.8135177493095398,1.9039722681045532,-0.350101113319397,0.21335232257843018,0.15839019417762756,0.17286302149295807,-0.9944762587547302
0.7622027534418022,8.302179586271436,-0.5750138836171585,-0.5750138836171585,-0.049689540703477864,-1.7940504550933838,0.8271405696868896,1.9024386405944824,-0.32801833748817444,0.2140461504459381,0.1292039155960083,0.16850674152374268,-0.6979554891586304
0.7665832290362953,6.712845065113866,1.8905217651051551,1.8905217651051551,0.222495925625877,-1.7904272079467773,0.8413313031196594,1.9010018110275269,-0.30334120988845825,0.21461212635040283,0.1138627827167511,0.1654493659734726,-0.4670906662940979
0.7709637046307884,4.976653325193095,0.045120429043225,0.045120429043225,-0.8544957301543752,-1.7867417335510254,0.8540882468223572,1.8996729850769043,-0.28359681367874146,0.2151108980178833,0.1625744253396988,0.16340328752994537,-0.1451490819454193
0.7753441802252816,6.219685089483677,-0.38554904655232536,-0.38554904655232536,-0.7150684244427155,-1.7830004692077637,0.8583680391311646,1.8984307050704956,-0.31117138266563416,0.21582305431365967,0.18884606659412384,0.1627674698829651,-0.4316301941871643
0.7797246558197747,3.6056931888771966,-1.3907238927831216,-1.3907238927831216,-0.7070718865508614,-1.779240369796753,0.8655686378479004,1.897067666053772,-0.3241489827632904,0.21665029227733612,0.19846907258033752,0.16087672114372253,-0.6079163551330566
0.7841051314142677,6.329625396837069,-1.3709049961279534,-1.3709049961279534,-0.21963631168858924,-1.7754487991333008,0.8683925867080688,1.8956477642059326,-0.3586798906326294,0.21751968562602997,0.17850427329540253,0.1582137644290924,-0.8608182072639465
0.7884856070087609,7.444288461703163,0.47876630339901605,0.47876630339901605,0.6849534806267964,-1.7716448307037354,0.8784566521644592,1.8940765857696533,-0.35566240549087524,0.21830162405967712,0.14488357305526733,0.15444296598434448,-0.7785713076591492
0.7928660826032541,3.8180188078456947,0.6007147231592972,0.6007147231592972,-0.045540157333762155,-1.7677967548370361,0.8947268128395081,1.8925186395645142,-0.3157218098640442,0.2189362794160843,0.1388622522354126,0.1510324478149414,-0.19600874185562134
0.7972465581977471,5.336781400567311,-0.18083817716670259,-0.18083817716670259,-0.8830257615198583,-1.7638773918151855,0.9011092782020569,1.891135573387146,-0.3282865881919861,0.21954455971717834,0.1577349454164505,0.1501738429069519,-0.10167544335126877
0.8016270337922402,7.87710564906856,1.25849194504584,1.25849194504584,-1.6113891017295108,-1.75993013381958,0.9062429070472717,1.889697551727295,-0.3538106083869934,0.22023551166057587,0.1782410442829132,0.149728462100029,-0.3919079899787903
0.8060075093867334,7.056582797983158,-1.313937960046841,-1.313937960046841,0.10747916521839601,-1.7559603452682495,0.9124817252159119,1.8881477117538452,-0.38046422600746155,0.2210162878036499,0.26205068826675415,0.148011714220047,-0.9789891242980957
0.8103879849812266,5.444593579588048,1.2629686561192244,1.2629686561192244,-1.2058022622059468,-1.7519632577896118,0.9254462122917175,1.8864810466766357,-0.3614303767681122,0.22216419875621796,0.22054080665111542,0.1437232792377472,-0.705996036529541
0.8147684605757196,6.905928892814951,1.1965621048462043,1.1965621048462043,0.8747905967188845,-1.7479093074798584,0.9296650290489197,1.8848978281021118,-0.39599689841270447,0.2231302708387375,0.2926367521286011,0.14063067734241486,-1.1592841148376465
0.8191489361702127,4.213239163729191,0.19739200387041034,0.19739200387041034,-0.604489192077762,-1.7438368797302246,0.945770800113678,1.8831632137298584,-0.35475027561187744,0.22441215813159943,0.30203351378440857,0.13555246591567993,-0.49583739042282104
0.8235294117647058,9.35017177934333,-2.94568957655616,-2.94568957655616,-1.1237331093320184,-1.7396939992904663,0.9506033062934875,1.8816092014312744,-0.3811884820461273,0.22573520243167877,0.32545098662376404,0.1333804577589035,-0.6774504780769348
0.827909887359199,5.8628585164657,-1.3696255169033555,-1.3696255169033555,-0.016505584655688077,-1.735529899597168,0.9623323678970337,1.8799394369125366,-0.38082075119018555,0.22716082632541656,0.27224406599998474,0.13041290640830994,-0.9684059619903564
0.8322903629536921,5.653990396906687,0.3711516715634572,0.3711516715634572,0.9804051332664089,-1.7313144207000732,0.9727093577384949,1.878271222114563,-0.3755630850791931,0.2283533811569214,0.23272867500782013,0.1261708289384842,-0.7964598536491394
0.8366708385481851,6.241620971880662,0.283308867251419,0.283308867251419,-2.1402653955867463,-1.7270535230636597,0.9865244030952454,1.8766261339187622,-0.34145984053611755,0.22937284409999847,0.2149365395307541,0.12268195301294327,-0.1175081729888916
0.8410513141426783,1.9854642318674358,-1.1868973636557987,-1.1868973636557987,0.7884164693860675,-1.7227320671081543,0.9892862439155579,1.8751304149627686,-0.3982207179069519,0.23031437397003174,0.2857125997543335,0.12216721475124359,-1.028090238571167
0.8454317897371715,3.385263748718167,-0.6896792404463692,-0.6896792404463692,-1.36827954015123,-1.7183985710144043,0.9959970712661743,1.873386025428772,-0.4005231559276581,0.2315659373998642,0.22802716493606567,0.11766368895769119,-0.56092369556427
0.8498122653316645,4.420122641045903,-0.48492471495714895,-0.48492471495714895,-0.23418094797351202,-1.7140356302261353,0.9970173239707947,1.8716315031051636,-0.45738863945007324,0.2325648069381714,0.24784444272518158,0.11520657688379288,-1.1617480516433716
0.8541927409261576,8.641259897160518,0.30109668019721814,0.30109668019721814,-0.7768637366812281,-1.7096682786941528,1.004256010055542,1.8696279525756836,-0.4708670675754547,0.23365049064159393,0.24052192270755768,0.11011756956577301,-1.146636724472046
0.8585732165206508,7.25324082734119,-1.433769958904207,-1.433769958904207,-0.01941647463946017,-1.70526921749115,1.0170283317565918,1.8675652742385864,-0.46596869826316833,0.23470409214496613,0.2720017731189728,0.10509475320577621,-1.2816386222839355
0.8629536921151439,6.87487131563839,-0.39689091087618517,-0.39689091087618517,-0.3253466590432572,-1.700814127922058,1.030024766921997,1.8655240535736084,-0.44934308528900146,0.23589558899402618,0.23069816827774048,0.09948056936264038,-1.0692307949066162
0.867334167709637,8.989540040644652,0.2701027164049894,0.2701027164049894,0.22982599260815356,-1.6963021755218506,1.0412769317626953,1.863555669784546,-0.445275217294693,0.23690615594387054,0.2286088466644287,0.09479682892560959,-1.026207685470581
0.8717146433041301,3.4459261702338657,0.5568131394734246,0.5568131394734246,1.0079718751913727,-1.691740870475769,1.057834506034851,1.861605167388916,-0.4065798223018646,0.23790757358074188,0.22978505492210388,0.09030155092477798,-0.6326397657394409
0.8760951188986232,7.149631970363659,-0.6153206622244185,-0.6153206622244185,0.38053905130409293,-1.6871070861816406,1.0667270421981812,1.8598241806030273,-0.3899237811565399,0.2389141470193863,0.21660979092121124,0.08753028512001038,-0.008014261722564697
0.8804755944931164,5.287103494753934,1.2669458603101444,1.2669458603101444,-0.9156087622342524,-1.682434320449829,1.0801663398742676,1.8581161499023438,-0.3618590533733368,0.23986300826072693,0.18752752244472504,0.08749517798423767,0.40656745433807373
0.8848560700876095,8.267061695686072,-1.242077646614642,-1.242077646614642,-0.8401069366291167,-1.6777026653289795,1.0869450569152832,1.856531023979187,-0.3891866207122803,0.24068446457386017,0.2512650489807129,0.08927613496780396,0.09651735424995422
0.8892365456821025,5.966204387089606,-1.4356623579224492,-1.4356623579224492,-1.4380510103228987,-1.6729413270950317,1.0991027355194092,1.8548262119293213,-0.3894745409488678,0.24178512394428253,0.23952622711658478,0.089698925614357,-0.08352194726467133
0.8936170212765957,7.146648601777935,0.25628257112322805,0.25628257112322805,0.20293486810457168,-1.6681267023086548,1.105611801147461,1.8531200885772705,-0.4272705316543579,0.24283435940742493,0.23959597945213318,0.08933305740356445,-0.6419280767440796
0.8979974968710889,5.868183094388975,-1.6611626502024404,-1.6611626502024404,-0.6969054776673709,-1.6632835865020752,1.118889331817627,1.8512483835220337,-0.40476304292678833,0.2438839077949524,0.24115389585494995,0.08652110397815704,-0.3189960718154907
0.902377972465582,5.273844219567326,-0.12538900638426198,-0.12538900638426198,-0.050791290866575245,-1.6583822965621948,1.1274168491363525,1.849475383758545,-0.4205792248249054,0.24494028091430664,0.2129945307970047,0.08512374758720398,-0.49876710772514343
0.906758448060075,8.11285456623607,-1.0589704130724085,-1.0589704130724085,-0.6240419518487954,-1.653443694114685,1.1366841793060303,1.8476330041885376,-0.42143064737319946,0.24587330222129822,0.21081604063510895,0.08293890953063965,-0.36392664909362793
0.9111389236545682,6.6752396979373945,-2.2125385311924766,-2.2125385311924766,-0.9001089124841968,-1.6484644412994385,1.149497389793396,1.8457869291305542,-0.416442334651947,0.24679677188396454,0.19811475276947021,0.08134473860263824,-0.43783313035964966
0.9155193992490612,6.207501832506439,0.05334966152906495,0.05334966152906495,-0.1880075275282695,-1.6434290409088135,1.1591354608535767,1.8439626693725586,-0.43188682198524475,0.24766461551189423,0.1597876399755478,0.07942681759595871,-0.6978985071182251
0.9198998748435544,6.440908666936692,-3.8433791988362636,-3.8433791988362636,0.5180207516048562,-1.6383514404296875,1.1698336601257324,1.8420708179473877,-0.4292762875556946,0.24836456775665283,0.16683603823184967,0.07636968791484833,-0.6055014133453369
0.9242803504380476,7.526620317830833,-0.5998613220621942,-0.5998613220621942,-1.0715584273561627,-1.633226990699768,1.1825910806655884,1.8401904106140137,-0.4029754400253296,0.2490953952074051,0.03946933150291443,0.07371730357408524,-0.14242607355117798
0.9286608260325406,6.095109512642914,-1.8288496486174,-1.8288496486174,-0.9684993051188191,-1.6280466318130493,1.1935218572616577,1.8384251594543457,-0.41671374440193176,0.2492682933807373,0.05324438214302063,0.07309340685606003,-0.4652327299118042
0.9330413016270338,7.864598899709032,-0.38778428381320296,-0.38778428381320296,0.0507958409787696,-1.6228184700012207,1.2022150754928589,1.8365997076034546,-0.43912699818611145,0.2495015263557434,0.028119422495365143,0.07105546444654465,-0.7785651683807373
0.9374217772215268,6.89224548294603,-1.0772616529880352,-1.0772616529880352,-1.327241032739373,-1.6175521612167358,1.2164335250854492,1.8346761465072632,-0.415477454662323,0.24962469935417175,0.015311491675674915,0.06764497607946396,-0.5130651593208313
0.94180225281602,6.056545209697314,0.7564810384105801,0.7564810384105801,0.30730454020863557,-1.6122236251831055,1.2259140014648438,1.8328561782836914,-0.4423874020576477,0.24969176948070526,0.02261168137192726,0.06539750844240189,-0.9871448278427124
0.9461827284105132,7.288240100781724,-1.124935191106354,-1.124935191106354,1.5812636947134404,-1.6068534851074219,1.2374762296676636,1.830918312072754,-0.4257957637310028,0.24979081749916077,0.0357290580868721,0.06107334420084953,-0.6447319984436035
0.9505632040050064,2.5380711438053156,0.0909765109028896,0.0909765109028896,-1.1957301599800294,-1.6014328002929688,1.2533750534057617,1.8290531635284424,-0.35969078540802,0.24994732439517975,-0.04330052435398102,0.05824911221861839,0.391180157661438
0.9549436795994992,4.758145655038215,-2.959343467592661,-2.959343467592661,-0.47282344260805564,-1.5959423780441284,1.255711317062378,1.8274775743484497,-0.41858944296836853,0.24975764751434326,-0.00572461262345314,0.059962667524814606,-0.14771747589111328
0.9593241551939924,4.433542831780464,0.2908689639799529,0.2908689639799529,-1.5861335653186495,-1.5904418230056763,1.2631900310516357,1.8256438970565796,-0.43680524826049805,0.24973256886005402,-0.0783388763666153,0.05931559577584267,-0.24678489565849304
0.9637046307884856,7.346588693775638,-2.810730903570373,-2.810730903570373,-0.19617234689571392,-1.5849084854125977,1.2680720090866089,1.82373046875,-0.4920734763145447,0.2493894100189209,-0.0235244520008564,0.0582345612347126,-0.9292140007019043
0.9680851063829788,5.438932664030539,0.14151843036173584,0.14151843036173584,-0.48739429292701325,-1.5793536901474,1.2807960510253906,1.8215749263763428,-0.48035353422164917,0.24928636848926544,-0.09987784922122955,0.05416416376829147,-0.8072267770767212
0.9724655819774718,6.4589644045609065,-0.23918349107809167,-0.23918349107809167,0.41187497078704083,-1.573743224143982,1.2896205186843872,1.819470763206482,-0.49340543150901794,0.24884885549545288,-0.08151160180568695,0.05062812566757202,-0.8932974934577942
0.9768460575719649,7.228074095318618,1.4348520153474023,1.4348520153474023,-0.41134472580992354,-1.56809401512146,1.3016597032546997,1.8173093795776367,-0.47025400400161743,0.2484917938709259,-0.10052457451820374,0.046715058386325836,-0.48531392216682434
0.981226533166458,5.298160566524235,-1.0087029737750606,-1.0087029737750606,-0.4557156220622149,-1.5623921155929565,1.3135759830474854,1.8152494430541992,-0.4661632776260376,0.2480514496564865,-0.046609777957201004,0.04458915442228317,-0.47822773456573486
0.9856070087609512,4.407014451278215,-1.267025819702099,-1.267025819702099,-0.12481135544506902,-1.5566380023956299,1.3220969438552856,1.8132073879241943,-0.47940218448638916,0.2478472739458084,-0.06275875866413116,0.042494289577007294,-0.5525211095809937
0.9899874843554444,7.012570793133786,0.3927978726028315,0.3927978726028315,-0.08251794004578139,-1.5508465766906738,1.3295507431030273,1.8111073970794678,-0.48979029059410095,0.24757236242294312,-0.09611503779888153,0.04007398337125778,-0.48339977860450745
0.9943679599499372,4.814379387335732,-1.653897265068449,-1.653897265068449,0.5119281075700206,-1.5450224876403809,1.3414603471755981,1.8089618682861328,-0.4773257076740265,0.24715133011341095,-0.08223430812358856,0.03795646131038666,-0.3137092590332031
0.9987484355444304,7.6022584971703004,-2.104733344417359,-2.104733344417359,-0.7065831029748375,-1.5391463041305542,1.3502596616744995,1.806870937347412,-0.46466776728630066,0.24679110944271088,-0.14548328518867493,0.03658226504921913,0.09562373161315918
1.0031289111389237,5.408836069884938,-2.3461228652918082,-2.3461228652918082,-0.15765026100593071,-1.533231496810913,1.362331509590149,1.8048354387283325,-0.4666061997413635,0.2461538165807724,-0.1863137036561966,0.037001144140958786,-0.03844255208969116
1.0075093867334166,7.045670541479207,-0.7040298593170469,-0.7040298593170469,-0.1872655178607383,-1.527263879776001,1.3712891340255737,1.8027914762496948,-0.4697127640247345,0.24533767998218536,-0.2502240538597107,0.036832746118307114,0.043960295617580414
1.0118898623279098,4.566666007749315,-0.08843425936660315,-0.08843425936660315,-0.8667298396952212,-1.521256923675537,1.3829400539398193,1.8007339239120483,-0.46018481254577637,0.24424158036708832,-0.2653152048587799,0.03702531382441521,0.16064950823783875
1.016270337922403,4.197871774100695,-1.3567774131461228,-1.3567774131461228,-0.33757849486536645,-1.5151989459991455,1.3896135091781616,1.7987180948257446,-0.4921516180038452,0.24307937920093536,-0.24258650839328766,0.037729036062955856,-0.1476268768310547
1.020650813516896,7.223980586668246,0.11456239029744175,0.11456239029744175,-0.49123037825863397,-1.509111762046814,1.3962397575378418,1.7965621948242188,-0.5108076333999634,0.2420167326927185,-0.27235034108161926,0.037082359194755554,-0.19443747401237488
1.0250312891113893,5.329493163876057,0.16505655401472263,0.16505655401472263,-0.16052545942099056,-1.5029956102371216,1.4076989889144897,1.7943246364593506,-0.5091496109962463,0.24082371592521667,-0.2546592652797699,0.03623063117265701,-0.22876843810081482
1.0294117647058822,6.111775269055605,2.180214611971308,2.180214611971308,-0.21844104931765596,-1.4968292713165283,1.4163458347320557,1.792094349861145,-0.5129467844963074,0.23970818519592285,-0.24515123665332794,0.03522851690649986,-0.15009233355522156
1.0337922403003754,4.436699773140878,-1.2800212214622655,-1.2800212214622655,-0.09738696805598382,-1.490625023841858,1.4261651039123535,1.7898473739624023,-0.5120437145233154,0.23863430321216583,-0.17510288953781128,0.03457104042172432,-0.07755950093269348
1.0381727158948686,3.8018717263487014,2.1559043377499103,2.1559043377499103,-0.6514604568435172,-1.4843777418136597,1.4333230257034302,1.7876043319702148,-0.5212664604187012,0.23786726593971252,-0.2096395492553711,0.03423129394650459,0.006623312830924988
1.0425531914893615,5.506245897650658,-0.6587560312979721,-0.6587560312979721,-0.5271611064649271,-1.4780991077423096,1.4388339519500732,1.7853208780288696,-0.5528671741485596,0.23694895207881927,-0.12765559554100037,0.034260306507349014,-0.21382135152816772
1.0469336670838547,6.143440180853184,1.7287256551106758,1.7287256551106758,-0.32447844035922196,-1.4717962741851807,1.4472352266311646,1.782899022102356,-0.5664933323860168,0.23638975620269775,-0.13149859011173248,0.03332366794347763,-0.31858929991722107
1.051314142678348,8.186170779809956,1.2037454951947515,1.2037454951947515,-0.38443150770839263,-1.4654567241668701,1.4568779468536377,1.780417561531067,-0.5685702562332153,0.23581373691558838,-0.0715385228395462,0.03192809596657753,-0.29966530203819275
1.055694618272841,4.31515676819817,1.2366353404207278,1.2366353404207278,-0.6890844958224231,-1.459074854850769,1.4697295427322388,1.7779269218444824,-0.5555621981620789,0.23550036549568176,-0.025158721953630447,0.030615419149398804,-0.24979710578918457
1.0600750938673342,7.1112897764494925,-0.6927073143520203,-0.6927073143520203,-0.544754883663372,-1.45263671875,1.4760366678237915,1.7754932641983032,-0.5840603709220886,0.23539015650749207,0.03107840195298195,0.029521189630031586,-0.4741121530532837
1.0644555694618272,10.03705003840674,-2.428764536979612,-2.428764536979612,0.6363772205291871,-1.4461709260940552,1.4870210886001587,1.7729347944259644,-0.5849200487136841,0.23552629351615906,0.026757720857858658,0.027444353327155113,-0.5394683480262756
1.0688360450563203,6.635965764894727,1.3311197668284143,1.3311197668284143,-0.06482549482935052,-1.4396570920944214,1.5037304162979126,1.7703725099563599,-0.5250258445739746,0.23564350605010986,-0.06275412440299988,0.025081224739551544,0.09202134609222412
1.0732165206508135,5.086491809438623,-1.2856314955820016,-1.2856314955820016,-0.12158849916510617,-1.4330700635910034,1.5142985582351685,1.7680726051330566,-0.5150033235549927,0.23536860942840576,-0.021988093852996826,0.025484321638941765,0.2592991888523102
1.0775969962453065,4.244252802921576,-0.05799513878050799,-0.05799513878050799,-0.21173622059944155,-1.4264366626739502,1.5223524570465088,1.7658166885375977,-0.5195745229721069,0.23527228832244873,-0.0559818372130394,0.026620175689458847,0.3505036532878876
1.0819774718397996,4.75343867215148,0.46178133138748434,0.46178133138748434,-0.42678865148044287,-1.41976797580719,1.529002070426941,1.7635407447814941,-0.5339112877845764,0.23502705991268158,-0.0514921098947525,0.028155548498034477,0.36983194947242737
1.0863579474342928,7.982105240243925,-1.6666518262731764,-1.6666518262731764,-0.38900818710036195,-1.4130702018737793,1.5362787246704102,1.7612019777297974,-0.5506698489189148,0.2348015010356903,-0.02554304711520672,0.0297755878418684,0.2938404083251953
1.090738423028786,6.425971972777421,0.18946444650026495,0.18946444650026495,-0.6426825559611433,-1.4063405990600586,1.5487380027770996,1.7587897777557373,-0.5394855737686157,0.2346896082162857,-0.06285429000854492,0.031062748283147812,0.33511433005332947
1.0951188986232792,4.8991384034572185,-2.2382049094843928,-2.2382049094843928,-1.089940705285593,-1.3995563983917236,1.55846107006073,1.7564265727996826,-0.5490397810935974,0.23441427946090698,-0.03855295851826668,0.032530710101127625,0.1986597329378128
1.099499374217772,6.831944787868242,-0.4438314683323078,-0.4438314683323078,0.366830020666719,-1.392729640007019,1.565240502357483,1.7540215253829956,-0.5850710868835449,0.2342454046010971,-0.0720859169960022,0.03340093418955803,-0.21437181532382965
1.1038798498122653,6.670779896376427,-0.8613737019795783,-0.8613737019795783,0.10347245917860526,-1.3858731985092163,1.5766031742095947,1.7514586448669434,-0.5600466132164001,0.23392963409423828,-0.0957598015666008,0.03246188536286354,0.18160612881183624
1.1082603254067585,5.099393935629045,0.05294628376320565,0.05294628376320565,-0.37856141492401485,-1.3789669275283813,1.5874035358428955,1.7490053176879883,-0.5444956421852112,0.23351016640663147,-0.12393637001514435,0.03325740620493889,0.437014102935791
1.1126408010012514,5.793719021636736,-0.14375832497922247,-0.14375832497922247,-0.7804013562102258,-1.3720133304595947,1.5952283143997192,1.7466201782226562,-0.5568711161613464,0.23296727240085602,-0.11133497953414917,0.035171736031770706,0.39654621481895447
1.1170212765957446,5.031165994010575,-2.986422649411093,-2.986422649411093,1.0502715736597872,-1.365025520324707,1.6036964654922485,1.7441807985305786,-0.5758953094482422,0.23247957229614258,-0.09274297952651978,0.036908797919750214,0.1702110916376114
1.1214017521902375,3.217192611062648,0.21770215233885137,0.21770215233885137,0.19907186871811866,-1.3580005168914795,1.612957239151001,1.741658091545105,-0.5446649193763733,0.23207330703735352,-0.2106272429227829,0.03765440359711647,0.8638390302658081
1.125782227784731,4.6739890982134815,-0.6025346087767591,-0.6025346087767591,-0.541658525036391,-1.3509349822998047,1.618531584739685,1.7392722368240356,-0.5547943115234375,0.23115065693855286,-0.21008318662643433,0.04143843054771423,1.063995361328125
1.130162703379224,3.5712933427022375,-1.4499951803760638,-1.4499951803760638,-0.15389430136860463,-1.343845009803772,1.6256166696548462,1.7368419170379639,-0.5757125616073608,0.2302303910255432,-0.21186095476150513,0.046099238097667694,0.926916241645813
1.134543178973717,7.827234659569799,-1.517927182857575,-1.517927182857575,-0.03391869606263437,-1.336724042892456,1.6313488483428955,1.734320044517517,-0.593791127204895,0.22930234670639038,-0.24971121549606323,0.050159573554992676,0.9562099575996399
1.1389236545682102,7.873387921107712,-1.1408367584339105,-1.1408367584339105,0.6569366645156977,-1.329577922821045,1.6440973281860352,1.731718897819519,-0.5727999210357666,0.2282084971666336,-0.2930489778518677,0.05434822663664818,1.1769047975540161
1.1433041301627034,4.11245754451137,1.351853443668757,1.351853443668757,-1.376800881106086,-1.322376012802124,1.6582045555114746,1.7292097806930542,-0.5300777554512024,0.2269248068332672,-0.34554967284202576,0.05950362980365753,1.7551031112670898
1.1476846057571963,5.078898599340305,-2.3657397205023027,-2.3657397205023027,-0.03143838832257989,-1.3151122331619263,1.6630884408950806,1.726887822151184,-0.581407904624939,0.22541113197803497,-0.2658643126487732,0.06719181686639786,1.1712764501571655
1.1520650813516895,7.9500779021548444,-0.04308113923633766,-0.04308113923633766,-0.3772478091914192,-1.307827115058899,1.671565294265747,1.7243410348892212,-0.5831291079521179,0.22424651682376862,-0.3340333104133606,0.07232256233692169,1.3101742267608643
1.156445556946183,6.26289019460409,-1.270605197600581,-1.270605197600581,-0.41287686721397243,-1.3005049228668213,1.6839958429336548,1.721786618232727,-0.5716190338134766,0.22278329730033875,-0.32427456974983215,0.07806175202131271,1.358853816986084
1.1608260325406758,3.729455938587945,0.9186840357979753,0.9186840357979753,-0.19454020077123813,-1.293128252029419,1.6935933828353882,1.719282627105713,-0.5752252340316772,0.22136281430721283,-0.34932294487953186,0.0840141773223877,1.3378145694732666
1.165206508135169,5.287750240202351,0.7364571996691748,0.7364571996691748,-0.5104670542923232,-1.2857095003128052,1.6995842456817627,1.716762900352478,-0.5931759476661682,0.2198326140642166,-0.31681326031684875,0.08987443894147873,1.3518424034118652
1.169586983729662,7.561999988357215,-1.9025221065739377,-1.9025221065739377,0.33874734198690315,-1.2782645225524902,1.7071959972381592,1.7141644954681396,-0.6078645586967468,0.21844482421875,-0.2803991138935089,0.09579615294933319,1.2510241270065308
1.1739674593241551,7.807839869678268,-0.5097749246857614,-0.5097749246857614,-1.3176292023990182,-1.270786166191101,1.720849871635437,1.7115017175674438,-0.5774354338645935,0.21721653640270233,-0.3458513021469116,0.10127623379230499,1.6576015949249268
1.1783479349186483,7.9993752763757815,-0.5453885310794078,-0.5453885310794078,-2.076081550047788,-1.2632479667663574,1.7301068305969238,1.7089723348617554,-0.5959369540214539,0.21570155024528503,-0.32225939631462097,0.10853731632232666,1.2186843156814575
1.1827284105131413,6.864592196497422,-1.222124782072529,-1.222124782072529,0.5452007531952725,-1.2556692361831665,1.736538290977478,1.7063618898391724,-0.6360751986503601,0.21428990364074707,-0.277558296918869,0.11387573182582855,0.39519792795181274
1.1871088861076344,7.008162125292332,0.7797258852642939,0.7797258852642939,0.14285251493484186,-1.2480623722076416,1.7496535778045654,1.703575611114502,-0.6050517559051514,0.21307407319545746,-0.3291698098182678,0.115606889128685,0.8872451782226562
1.1914893617021276,7.790674183916553,-1.9080798130319996,-1.9080798130319996,-0.9836207781846237,-1.2403980493545532,1.7617281675338745,1.7009252309799194,-0.5851989388465881,0.2116321474313736,-0.3105710744857788,0.11949344724416733,1.1765151023864746
1.1958698372966208,6.250081306605342,0.4455639181733545,0.4455639181733545,-0.1842774908643664,-1.2326807975769043,1.7710747718811035,1.6983617544174194,-0.59340900182724,0.2102717012166977,-0.3375682234764099,0.12464714050292969,0.9097204804420471
1.200250312891114,3.644751786949824,-2.030073338638492,-2.030073338638492,0.3307195626363789,-1.2249226570129395,1.780704140663147,1.6957623958587646,-0.5899008512496948,0.20879298448562622,-0.3191748559474945,0.12863214313983917,1.0073577165603638
1.204630788485607,5.900075301399436,0.9034205847243912,0.9034205847243912,-0.918202439890608,-1.2171223163604736,1.7881752252578735,1.6931782960891724,-0.592339813709259,0.20739485323429108,-0.3881174921989441,0.13304485380649567,1.2900620698928833
1.2090112640801,7.225005195910758,-2.097769096886885,-2.097769096886885,-1.2265103495204046,-1.209289312362671,1.7943792343139648,1.69058358669281,-0.614250659942627,0.20569472014904022,-0.33492031693458557,0.13869594037532806,0.9990208148956299
1.2133917396745932,5.477796066337749,-0.41822575788669003,-0.41822575788669003,0.5196652348541037,-1.2014291286468506,1.801069736480713,1.6878929138183594,-0.6344843506813049,0.20422761142253876,-0.36036384105682373,0.14307212829589844,0.5901374220848083
1.2177722152690862,6.45230448628097,-4.180827892161058,-4.180827892161058,0.4559443047395256,-1.1935396194458008,1.8122947216033936,1.685113549232483,-0.6158095002174377,0.2026490420103073,-0.3877532184123993,0.14565721154212952,1.026899814605713
1.2221526908635794,5.5115779781545005,1.078166420320105,1.078166420320105,-0.17280150372271919,-1.1856008768081665,1.8249963521957397,1.6824159622192383,-0.5909653306007385,0.2009505033493042,-0.5231616497039795,0.15015551447868347,1.4609655141830444
1.2265331664580723,5.902633188218619,1.9717351591721681,1.9717351591721681,-0.21657644691687478,-1.1776065826416016,1.8336042165756226,1.6798272132873535,-0.5932484865188599,0.1986588090658188,-0.4866294264793396,0.15655523538589478,1.5421658754348755
1.2309136420525657,7.336450686170826,-1.6818768322320807,-1.6818768322320807,-1.6509236562738883,-1.169574499130249,1.8426398038864136,1.6772284507751465,-0.5935977101325989,0.1965271383523941,-0.42272379994392395,0.16331066191196442,1.6129674911499023
1.2352941176470589,9.814744321314791,-2.368427898283655,-2.368427898283655,0.21744508631399512,-1.1615028381347656,1.8467644453048706,1.6746282577514648,-0.6257228255271912,0.19467540085315704,-0.42362773418426514,0.1703762263059616,0.9892826676368713
1.2396745932415518,3.7145362571028757,-0.8530278651293353,-0.8530278651293353,-0.7121134877080937,-1.15341317653656,1.8638861179351807,1.6718872785568237,-0.5800570845603943,0.1928197145462036,-0.49914342164993286,0.174709752202034,1.404703140258789
1.244055068836045,5.908595307474868,0.3693759813773737,0.3693759813773737,-1.1204681533916565,-1.1452484130859375,1.8665064573287964,1.6693463325500488,-0.6137455105781555,0.19063322246074677,-0.5032585859298706,0.18086302280426025,1.1527245044708252
1.2484355444305382,10.253433217472978,-1.0382382826864787,-1.0382382826864787,-1.3758941205404547,-1.137072205543518,1.8700437545776367,1.66665780544281,-0.6414524912834167,0.18842871487140656,-0.4597504138946533,0.18591250479221344,0.7582509517669678
1.2528160200250311,5.523097924474648,0.04491497519073695,0.04491497519073695,-0.05517967802180157,-1.128880500793457,1.8786321878433228,1.6638479232788086,-0.6405092477798462,0.18641479313373566,-0.44988977909088135,0.18923400342464447,0.36656495928764343
1.2571964956195243,10.18124394020851,-1.5082233473339763,-1.5082233473339763,-0.02892006605304409,-1.1206512451171875,1.8870891332626343,1.6610422134399414,-0.6389630436897278,0.18444405496120453,-0.4469667077064514,0.1908397376537323,0.5089300870895386
1.2615769712140177,5.093092718714635,0.804819679788892,0.804819679788892,-0.36278262085437635,-1.1123849153518677,1.9030019044876099,1.6582432985305786,-0.597640872001648,0.1824861317873001,-0.4901670515537262,0.19306910037994385,0.8088594675064087
1.2659574468085106,5.598168084949389,-2.256489947178149,-2.256489947178149,0.05816198871219924,-1.1040488481521606,1.9089852571487427,1.655625343322754,-0.6090349555015564,0.18033896386623383,-0.45606935024261475,0.19661228358745575,0.7794670462608337
1.2703379224030038,5.950626116763248,0.7733785914085991,0.7733785914085991,-0.5925270594566155,-1.0956865549087524,1.9182076454162598,1.6529574394226074,-0.6034203171730042,0.17834116518497467,-0.5236645340919495,0.2000267207622528,0.982515811920166
1.2747183979974968,8.02806785239038,-1.0156578183886436,-1.0156578183886436,-1.7816025958432666,-1.0872838497161865,1.9240376949310303,1.650314211845398,-0.614590585231781,0.17604726552963257,-0.4837757647037506,0.20433060824871063,0.8612604141235352
1.27909887359199,13.142962274368124,2.2263154233730593,2.2263154233730593,-1.29353704301217,-1.0788556337356567,1.925432801246643,1.647621989250183,-0.6443431973457336,0.17392809689044952,-0.46140775084495544,0.20810334384441376,0.19167298078536987
1.283479349186483,4.398518197808112,-1.4539776128509692,-1.4539776128509692,0.6143368187076226,-1.0704213380813599,1.9373571872711182,1.6447994709014893,-0.6164214015007019,0.17190691828727722,-0.3586168885231018,0.2089429646730423,-0.06847307085990906
1.287859824780976,6.5137325280809035,-0.052803944878247744,-0.052803944878247744,-0.09316549597900048,-1.0619348287582397,1.948000431060791,1.6420992612838745,-0.6039778590202332,0.17033600807189941,-0.4190182089805603,0.20864301919937134,0.3839055001735687
1.2922403003754692,7.757070841658733,0.10762101322229012,0.10762101322229012,0.13247632467173276,-1.0534017086029053,1.9572950601577759,1.6394535303115845,-0.595220148563385,0.16850051283836365,-0.41783952713012695,0.2103247046470642,0.5371895432472229
1.2966207759699624,8.091651684378496,-1.242522462916507,-1.242522462916507,-0.5009850315657485,-1.0448278188705444,1.9698885679244995,1.6368461847305298,-0.5692228078842163,0.16667017340660095,-0.41856539249420166,0.21267785131931305,0.845091700553894
1.3010012515644556,9.418272111736517,-1.8990961255595178,-1.8990961255595178,0.4907941635278074,-1.0361987352371216,1.9789060354232788,1.634352684020996,-0.5595893263816833,0.16483666002750397,-0.4402206242084503,0.21637976169586182,0.8369765281677246
1.3053817271589487,3.3344163621487666,0.5082945705259697,0.5082945705259697,-0.4133770031884885,-1.0275301933288574,1.996381402015686,1.6319013833999634,-0.5088756084442139,0.16290828585624695,-0.5100129842758179,0.22004611790180206,1.3806474208831787
1.3097622027534417,7.484042816893516,-0.5558852068320393,-0.5558852068320393,-0.1391172938016934,-1.0187851190567017,1.999029517173767,1.6296722888946533,-0.5364972949028015,0.16067418456077576,-0.48309725522994995,0.22609400749206543,1.2706501483917236
1.3141426783479349,4.508847189295146,-0.9637407379358627,-0.9637407379358627,-0.6516810666780455,-1.01002836227417,2.0095574855804443,1.6273221969604492,-0.5210657119750977,0.1585579812526703,-0.49526819586753845,0.23166005313396454,1.4299209117889404
1.318523153942428,5.099229904078049,-1.0568867158038568,-1.0568867158038568,-0.5418051382108968,-1.0012255907058716,2.0121099948883057,1.6250396966934204,-0.5460106134414673,0.15638847649097443,-0.5043812990188599,0.2379237860441208,1.233281135559082
1.322903629536921,6.314662029199601,-0.6821591556579327,-0.6821591556579327,0.46905743790238164,-0.9924116134643555,2.0160608291625977,1.6226478815078735,-0.5626583695411682,0.15417905151844025,-0.5194233059883118,0.24332614243030548,1.1113454103469849
1.327284105131414,8.165648805203887,-2.1484431752655233,-2.1484431752655233,-1.0108235253265585,-0.9835802912712097,2.029139518737793,1.6201832294464111,-0.5387606024742126,0.15190373361110687,-0.553042471408844,0.2481943666934967,1.5474581718444824
1.331664580725907,6.002197878946726,-2.712355495175042,-2.712355495175042,-1.7608519127998228,-0.9746916890144348,2.034003734588623,1.6178232431411743,-0.5438272356987,0.1494811475276947,-0.5862645506858826,0.2549729645252228,1.2780983448028564
1.3360450563204005,4.5692223369291165,2.0191174903201374,2.0191174903201374,-0.08243898512777209,-0.9657818078994751,2.0294313430786133,1.6154409646987915,-0.5893638730049133,0.14691303670406342,-0.6140514612197876,0.2605716288089752,0.555621862411499
1.3404255319148937,7.012232160378433,-0.2992219228642247,-0.2992219228642247,0.0504560995696513,-0.9568919539451599,2.0354769229888916,1.6128592491149902,-0.5965869426727295,0.1442231982946396,-0.5526793599128723,0.2630055248737335,0.6535376310348511
1.3448060075093866,4.595721150473332,-0.6134898822171098,-0.6134898822171098,-1.4465232029786088,-0.9479755759239197,2.046060800552368,1.610245943069458,-0.5794037580490112,0.14180220663547516,-0.5628910660743713,0.26586833596229553,0.8948388695716858
1.3491864831038798,6.395069178989221,0.3748215343147261,0.3748215343147261,0.7699638232545634,-0.939012885093689,2.0410592555999756,1.6077078580856323,-0.6271346807479858,0.1393364816904068,-0.5385638475418091,0.26978814601898193,0.2907264828681946
1.353566958698373,5.210163282231424,-0.8536647454950949,-0.8536647454950949,0.16864223933054784,-0.9300720691680908,2.056476593017578,1.6049606800079346,-0.5936592221260071,0.13697731494903564,-0.5501032471656799,0.27106165885925293,0.8834236264228821
1.357947434292866,4.635197440725712,1.378858134133516,1.378858134133516,0.7463438897808975,-0.9210637211799622,2.065373182296753,1.6023601293563843,-0.5880667567253113,0.13456760346889496,-0.5799578428268433,0.2749314606189728,1.129961609840393
1.362327909887359,6.6939549832606655,-0.04542987256169362,-0.04542987256169362,-1.2049048661373745,-0.9120163917541504,2.0784146785736084,1.5997841358184814,-0.5701395273208618,0.13202711939811707,-0.5614864230155945,0.27988123893737793,1.6563420295715332
1.3667083854818525,4.527754237891202,-0.49125813401371726,-0.49125813401371726,0.8401045631933672,-0.9029119610786438,2.0780770778656006,1.5972867012023926,-0.5931327939033508,0.12956754863262177,-0.527626097202301,0.2871367931365967,1.240409255027771
1.3710888610763454,8.026320326102994,0.6539973091174147,0.6539973091174147,-0.987773946971457,-0.8938090205192566,2.0920677185058594,1.5946885347366333,-0.5734542608261108,0.12725628912448883,-0.5665060877799988,0.2925703823566437,1.8114404678344727
1.3754693366708386,2.4492116777885204,-0.6192039607927039,-0.6192039607927039,0.11545166526000489,-0.8846447467803955,2.095104455947876,1.5921765565872192,-0.5788494348526001,0.12477472424507141,-0.5185611844062805,0.3005053400993347,1.547431468963623
1.3798498122653315,6.282181065634403,0.12874571565911141,0.12874571565911141,-0.6987166389122839,-0.8754671812057495,2.1001169681549072,1.5896409749984741,-0.5981440544128418,0.12250317633152008,-0.540015459060669,0.30728381872177124,1.6814731359481812
1.3842302878598247,4.457610725174659,-1.8593069776963063,-1.8593069776963063,-0.8854380821223715,-0.8662676811218262,2.10286808013916,1.5870208740234375,-0.6095007658004761,0.12013765424489975,-0.5158509612083435,0.31464946269989014,1.5125062465667725
1.388610763454318,5.009594576170436,2.138825372625237,2.138825372625237,-0.7675800163909386,-0.8570561408996582,2.1010355949401855,1.5843509435653687,-0.6415138244628906,0.11787798255681992,-0.5442910194396973,0.3212749660015106,1.1916420459747314
1.3929912390488108,6.292213004553336,-2.78309425726122,-2.78309425726122,-0.15285340899036334,-0.8478525876998901,2.1006927490234375,1.581540822982788,-0.6653650999069214,0.11549372971057892,-0.4594147801399231,0.3264949321746826,0.9479638934135437
1.397371714643304,6.309450746632605,-2.3486079987614192,-2.3486079987614192,-0.2548017893993275,-0.8386505842208862,2.1078908443450928,1.5786261558532715,-0.6604626178741455,0.11348127573728561,-0.5362261533737183,0.33064746856689453,1.0594838857650757
1.4017521902377972,8.011164945285918,0.7236772025419584,0.7236772025419584,-0.06095983474825378,-0.8294169902801514,2.114081621170044,1.5757330656051636,-0.6584321856498718,0.11113235354423523,-0.5973719358444214,0.33528852462768555,1.1187539100646973
1.4061326658322904,7.842285376585967,0.00477841619530972,0.00477841619530972,-0.16769295567627435,-0.8201563358306885,2.124457836151123,1.5728487968444824,-0.6365978717803955,0.10851558297872543,-0.5744580626487732,0.3401891887187958,1.3288826942443848
1.4105131414267835,5.005222667164805,-0.7463331060865441,-0.7463331060865441,0.1796414507312134,-0.810850203037262,2.133547306060791,1.5700602531433105,-0.6193557977676392,0.1059991866350174,-0.5694213509559631,0.34601032733917236,1.4785276651382446
1.4148936170212765,7.161863760921613,-0.9408766878178347,-0.9408766878178347,1.2353355515323172,-0.8015042543411255,2.1425583362579346,1.5673471689224243,-0.6156733632087708,0.10350485146045685,-0.5964627265930176,0.3524869680404663,1.72140371799469
1.4192740926157696,5.538149537373506,1.7423343882986864,1.7423343882986864,-0.55455287048003,-0.7921188473701477,2.1658518314361572,1.5646501779556274,-0.563547670841217,0.10089205950498581,-0.6600150465965271,0.3600275218486786,2.572385787963867
1.4236545682102628,9.113478660486878,-1.846313398115174,-1.846313398115174,-0.5865326802872055,-0.7826313972473145,2.1686532497406006,1.5621815919876099,-0.5772005319595337,0.09800087660551071,-0.5929386615753174,0.3712958097457886,2.4522621631622314
1.4280350438047558,7.807446781921082,-1.1875995415366294,-1.1875995415366294,-0.5185321969220955,-0.7731316685676575,2.1753926277160645,1.5596531629562378,-0.5620888471603394,0.0954035222530365,-0.6297282576560974,0.382037878036499,2.421483278274536
1.432415519399249,8.779227688988884,-1.1857727454169944,-1.1857727454169944,-0.8342910334182492,-0.7636024355888367,2.1809794902801514,1.5571908950805664,-0.555875301361084,0.09264501184225082,-0.6492671370506287,0.39264512062072754,2.385955572128296
1.436795994993742,9.35590221903271,0.08400189308853384,0.08400189308853384,0.32005637956983013,-0.7540487051010132,2.1838552951812744,1.5547559261322021,-0.550676703453064,0.08980090916156769,-0.6595315337181091,0.4030967354774475,2.2155492305755615
1.4411764705882353,6.623833079056617,1.2300624953024701,1.2300624953024701,-0.5035132444010706,-0.7444823980331421,2.200991630554199,1.552343726158142,-0.507820188999176,0.08691184967756271,-0.6664250493049622,0.4128018915653229,2.6556448936462402
1.4455569461827285,6.2254616445509905,0.9620486180337086,0.9620486180337086,0.8981022779983566,-0.734840989112854,2.2049448490142822,1.5501192808151245,-0.5111984610557556,0.08399259299039841,-0.6157991290092468,0.4244348704814911,2.590322256088257
1.4499374217772214,6.9273729580644225,-0.8202286050176604,-0.8202286050176604,-0.2619730796331587,-0.725182294845581,2.2259521484375,1.547879934310913,-0.4783647954463959,0.08129510283470154,-0.6139317154884338,0.43578171730041504,3.234412908554077
1.4543178973717146,6.7037814859633755,0.6965781532026349,0.6965781532026349,-1.3179079907822573,-0.7154315710067749,2.2338621616363525,1.5457844734191895,-0.47294461727142334,0.07860579341650009,-0.6302345395088196,0.4499499797821045,3.300360679626465
1.4586983729662075,6.761182797833023,0.16596366717116684,0.16596366717116684,-1.3466486019103634,-0.7056462168693542,2.227264642715454,1.5437127351760864,-0.49892711639404297,0.07584506273269653,-0.5714051723480225,0.4644071161746979,2.814650535583496
1.4630788485607007,3.0297661655865795,-1.8457097136200102,-1.8457097136200102,1.0664200266756754,-0.6958897113800049,2.2190890312194824,1.5415271520614624,-0.5247978568077087,0.07334203273057938,-0.5272321105003357,0.4767366349697113,2.3144545555114746
1.467459324155194,4.265239520645382,1.6018554195926988,1.6018554195926988,-1.3604826815060735,-0.6861690282821655,2.2393245697021484,1.5392283201217651,-0.5144052505493164,0.07103250175714493,-0.6122755408287048,0.486875057220459,2.9499576091766357
1.471839799749687,3.501636343386184,-1.5846512842159428,-1.5846512842159428,-0.0956839141116762,-0.6763597130775452,2.227067708969116,1.5369750261306763,-0.560905396938324,0.06835044175386429,-0.5257658958435059,0.4997972846031189,2.3697988986968994
1.4762202753441802,5.452956838683502,1.0294080668744985,1.0294080668744985,-1.3552601786166325,-0.6666041016578674,2.231367588043213,1.5345180034637451,-0.5787433981895447,0.06604734063148499,-0.5692484378814697,0.5101781487464905,2.418868064880371
1.4806007509386734,6.389295537190545,-0.8468361050805936,-0.8468361050805936,-0.05921077378981887,-0.6568296551704407,2.219104290008545,1.5319827795028687,-0.6148399710655212,0.06355376541614532,-0.49960857629776,0.5207739472389221,1.8730087280273438
1.4849812265331663,7.396995964443537,0.4664237122275125,0.4664237122275125,-0.040134487409554165,-0.6471089124679565,2.226989984512329,1.5292894840240479,-0.6081789135932922,0.061365243047475815,-0.5226097106933594,0.5289786458015442,2.019788980484009
1.4893617021276595,6.776697993886175,-0.3230874169819629,-0.3230874169819629,-1.4478851193295574,-0.6373536586761475,2.23649525642395,1.526625394821167,-0.5930314064025879,0.059075962752103806,-0.5078166127204895,0.5378262996673584,2.2032954692840576
1.493742177722153,9.395536381988405,-0.6241245546193472,-0.6241245546193472,-0.2753093986688224,-0.6275567412376404,2.223039150238037,1.5240275859832764,-0.6204851269721985,0.05685148388147354,-0.47496896982192993,0.5474777817726135,1.643455982208252
1.4981226533166456,5.501205110870023,0.10510512847510106,0.10510512847510106,-0.8672457599881094,-0.6178187727928162,2.230775833129883,1.5213096141815186,-0.5955137014389038,0.05477089434862137,-0.48515546321868896,0.55467689037323,1.7579030990600586
1.5025031289111388,0.7267904630174122,-0.8731264564628328,-0.8731264564628328,-0.03211650831666485,-0.6080468893051147,2.2240676879882812,1.5187009572982788,-0.6175245046615601,0.05264568328857422,-0.4567597210407257,0.5623773336410522,1.4604634046554565
1.506883604505632,7.039465255589426,-0.3956360015226237,-0.3956360015226237,-0.16252865748945405,-0.5983043909072876,2.2248952388763428,1.5159958600997925,-0.6558082103729248,0.05064485967159271,-0.4813198745250702,0.5687748789787292,1.4635369777679443
1.5112640801001251,4.623835116516462,-1.438666861344515,-1.438666861344515,-0.022703415233257307,-0.5885583162307739,2.231149673461914,1.5131231546401978,-0.6469501852989197,0.048536449670791626,-0.48812735080718994,0.5751858949661255,1.5689243078231812
1.5156445556946183,7.299374875591999,0.27449265890361574,0.27449265890361574,0.7857656910851267,-0.5787848234176636,2.2368409633636475,1.510289192199707,-0.6538918018341064,0.04639821872115135,-0.5294779539108276,0.5820585489273071,1.680836796760559
1.5200250312891113,6.690564586133699,1.1142560363663465,1.1142560363663465,-0.8992046518551696,-0.5689864158630371,2.259478807449341,1.5074248313903809,-0.6187008619308472,0.044078852981328964,-0.5444087386131287,0.5894213914871216,2.2797019481658936
1.5244055068836044,10.164140607001727,0.5876574055163778,0.5876574055163778,0.43614260291706247,-0.5590888261795044,2.253023147583008,1.5047146081924438,-0.6322229504585266,0.04169408231973648,-0.4856092929840088,0.5994075536727905,1.9933854341506958
1.5287859824780976,8.22479389162182,3.042586391738158,3.042586391738158,-0.2952806766686799,-0.5492194890975952,2.273346185684204,1.5019451379776,-0.583824872970581,0.03956688195466995,-0.48118457198143005,0.6081395149230957,2.4847280979156494
1.5331664580725906,8.441778380352956,1.1360166977792492,1.1360166977792492,-1.0503152828348412,-0.5392611622810364,2.2789783477783203,1.4993877410888672,-0.5699480175971985,0.03745906427502632,-0.38370826840400696,0.6190237998962402,2.546942949295044
1.5375469336670835,5.9598803970556435,-0.09453951627095653,-0.09453951627095653,-0.7510828859162907,-0.5292781591415405,2.2712247371673584,1.4968911409378052,-0.573538064956665,0.035778239369392395,-0.31986045837402344,0.6301805973052979,2.224034070968628
1.541927409261577,7.0574124017113125,-0.5924488797518753,-0.5924488797518753,0.5107700173708375,-0.5193291306495667,2.265409469604492,1.4943788051605225,-0.5889851450920105,0.034377098083496094,-0.300687313079834,0.6399229168891907,1.9898228645324707
1.54630788485607,6.429261230500271,-1.3815106066149374,-1.3815106066149374,-0.7551751800849327,-0.5094055533409119,2.2837228775024414,1.491798758506775,-0.5643145442008972,0.033059943467378616,-0.3329048156738281,0.6486392617225647,2.4323618412017822
1.5506883604505632,7.664228283680145,0.9506423836117565,0.9506423836117565,0.45743096084806645,-0.4994017481803894,2.2781567573547363,1.48932683467865,-0.5762934684753418,0.031601663678884506,-0.3511958122253418,0.6592941880226135,2.2056732177734375
1.5550688360450562,8.042443367729893,-2.665919231975292,-2.665919231975292,-0.7449708709013754,-0.48942235112190247,2.2964985370635986,1.486802339553833,-0.5487697720527649,0.030063258484005928,-0.3367924690246582,0.6689561009407043,2.633129119873047
1.5594493116395494,3.13785518506999,-1.4805350583049968,-1.4805350583049968,0.09662904204999029,-0.4793626070022583,2.2926840782165527,1.4843984842300415,-0.5480265021324158,0.02858794666826725,-0.39289024472236633,0.6804904341697693,2.449021577835083
1.5638297872340423,8.148874210804946,-0.7413340223517513,-0.7413340223517513,-1.328122735169598,-0.46931955218315125,2.2993004322052,1.4819978475570679,-0.5651888251304626,0.02686689980328083,-0.4389484226703644,0.6912183165550232,2.57593035697937
1.5682102628285357,11.108328271376347,0.4916960349940019,0.4916960349940019,-0.04800874984070125,-0.45924752950668335,2.2835135459899902,1.4795221090316772,-0.5775107145309448,0.02494409680366516,-0.4218123257160187,0.7025021314620972,2.0901811122894287
1.5725907384230289,8.466163980874114,-0.9743829982915929,-0.9743829982915929,-0.014093339731041432,-0.4492446482181549,2.2956559658050537,1.4769923686981201,-0.5361688733100891,0.0230963584035635,-0.40605124831199646,0.7116581201553345,2.3330745697021484
1.5769712140175218,8.256212797279222,0.2985563478293493,0.2985563478293493,-2.256282861496668,-0.43918856978416443,2.3056821823120117,1.4746437072753906,-0.5148700475692749,0.021317660808563232,-0.43409475684165955,0.7218781113624573,2.5279648303985596
1.581351689612015,10.1485585540277,-1.4344618994586316,-1.4344618994586316,0.5586748639797849,-0.4290885925292969,2.2697532176971436,1.4723883867263794,-0.5475752353668213,0.019416119903326035,-0.35948535799980164,0.732951819896698,1.5608850717544556
1.5857321652065082,8.48889734820752,2.329383599769092,2.329383599769092,0.6956839474974892,-0.41914600133895874,2.2926294803619385,1.4699897766113281,-0.5000025033950806,0.0178414024412632,-0.41769126057624817,0.7397892475128174,2.0859358310699463
1.5901126408010011,9.028301113741914,0.8324320773200027,0.8324320773200027,-0.2518195397136821,-0.4091031849384308,2.316957950592041,1.4677995443344116,-0.46261778473854065,0.016011716797947884,-0.3699820637702942,0.7489266395568848,2.641308546066284
1.5944931163954943,5.208566552001441,-0.4623594635892685,-0.4623594635892685,-1.0414276876622806,-0.39895379543304443,2.3224427700042725,1.465773105621338,-0.44332361221313477,0.014391019009053707,-0.33831846714019775,0.7604968547821045,2.719086170196533
1.5988735919899877,8.36518877896866,-1.917436586774342,-1.917436586774342,-0.7312738179053633,-0.3887803852558136,2.30704665184021,1.4638311862945557,-0.47115254402160645,0.012909023091197014,-0.32140782475471497,0.7724077701568604,2.300901174545288
1.6032540675844804,7.46546169604567,-2.29937135632216,-2.29937135632216,-0.45366599269653435,-0.3786744177341461,2.300840377807617,1.461767315864563,-0.46754276752471924,0.011501103639602661,-0.35604754090309143,0.7824867963790894,2.1117939949035645
1.6076345431789736,6.510729292859878,1.156019821747135,1.156019821747135,0.0495654065760881,-0.3685956299304962,2.299360513687134,1.4597193002700806,-0.46454575657844543,0.009941445663571358,-0.4099479913711548,0.79173743724823,2.043675184249878
1.6120150187734668,8.790099335983992,-1.3947475839670287,-1.3947475839670287,-0.16639082635737207,-0.35852333903312683,2.3077566623687744,1.4576843976974487,-0.4578552544116974,0.008145678788423538,-0.37763601541519165,0.800689697265625,2.21208119392395
1.61639549436796,6.974328595883051,-1.9450500896411882,-1.9450500896411882,-0.10088007299939361,-0.34841427206993103,2.3136587142944336,1.4556788206100464,-0.4388423264026642,0.0064914533868432045,-0.41350793838500977,0.810379683971405,2.3171937465667725
1.620775969962453,8.239578399809025,-1.0627582067817092,-1.0627582067817092,0.1811652375326271,-0.3382793366909027,2.3191821575164795,1.4537564516067505,-0.43236711621284485,0.004680091980844736,-0.46736353635787964,0.820530116558075,2.414881706237793
1.625156445556946,7.312769081448083,0.24508324357557656,0.24508324357557656,-1.0208897242239972,-0.3281202018260956,2.332249402999878,1.4518624544143677,-0.4106428921222687,0.002632817253470421,-0.5036900639533997,0.8311084508895874,2.6827991008758545
1.6295369211514392,3.994189637634124,-1.1774382623274922,-1.1774382623274922,0.4918995629336457,-0.3179038465023041,2.317112684249878,1.4500635862350464,-0.4214242696762085,0.00042641512118279934,-0.4667196273803711,0.8428604006767273,2.309783458709717
1.6339173967459324,4.603845092353853,-1.1339807543388554,-1.1339807543388554,-0.3089893077998283,-0.3077538013458252,2.3330976963043213,1.448217511177063,-0.42544975876808167,-0.0016180388629436493,-0.5154696106910706,0.8529783487319946,2.645385980606079
1.6382978723404251,10.162968991962773,-1.7913887811133913,-1.7913887811133913,-0.9937482739755334,-0.29753372073173523,2.3312876224517822,1.446353793144226,-0.4417535960674286,-0.0038760409224778414,-0.5395619869232178,0.8645663857460022,2.5796847343444824
1.6426783479349183,8.857526172258265,0.8854177644627004,0.8854177644627004,-0.29860547890592803,-0.2873215675354004,2.318053960800171,1.4444186687469482,-0.4304336607456207,-0.0062395790591835976,-0.56285560131073,0.8758666515350342,2.2708075046539307
1.6470588235294117,5.166611715726058,0.7983766065856547,0.7983766065856547,0.2668585398158565,-0.2771673798561096,2.319488048553467,1.4425331354141235,-0.41470345854759216,-0.008705154061317444,-0.5282783508300781,0.8858138918876648,2.291060447692871
1.6514392991239049,9.014179951457603,-1.0444627083553617,-1.0444627083553617,-0.5497514285645025,-0.26700693368911743,2.331101179122925,1.4407165050506592,-0.41533219814300537,-0.011019264347851276,-0.51275634765625,0.8958498239517212,2.5285212993621826
1.655819774718398,6.133737910197201,1.3133990311462589,1.3133990311462589,-0.6210306833635726,-0.25679561495780945,2.326268434524536,1.4388971328735352,-0.4037906527519226,-0.013265380635857582,-0.5272035002708435,0.9069259762763977,2.417099714279175
1.660200250312891,6.555602291308191,2.115044807806558,2.115044807806558,-0.6899470380377679,-0.24660545587539673,2.3169796466827393,1.4371283054351807,-0.414726585149765,-0.015574783086776733,-0.47071200609207153,0.9175140261650085,2.2120730876922607
1.6645807259073842,8.45019960664895,0.7179674040418597,0.7179674040418597,0.5235938356272767,-0.2364559769630432,2.3058931827545166,1.4353115558624268,-0.4236477315425873,-0.017636725679039955,-0.3887973427772522,0.9272039532661438,1.9773567914962769
1.668961201501877,7.874233029679779,-1.9623628232215045,-1.9623628232215045,0.08739612885183073,-0.22635506093502045,2.3258216381073,1.4334558248519897,-0.39596572518348694,-0.019339842721819878,-0.3831210136413574,0.9358657002449036,2.4001612663269043
1.6733416770963705,7.932501914358488,0.9270709103016282,0.9270709103016282,-0.9484420073179112,-0.21616685390472412,2.3346776962280273,1.4317213296890259,-0.3811376690864563,-0.021018095314502716,-0.44298046827316284,0.946379542350769,2.5857839584350586
1.6777221526908634,4.6457909567927675,-1.8844997589074948,-1.8844997589074948,-0.6321263421744945,-0.2059398591518402,2.317580461502075,1.4300518035888672,-0.3850007653236389,-0.022958559915423393,-0.3882095515727997,0.9577065110206604,2.2364141941070557
1.6821026282853566,10.605104971504014,0.3238703118162781,0.3238703118162781,0.0005553864158836519,-0.19578775763511658,2.305565118789673,1.4283653497695923,-0.40661486983299255,-0.02465910278260708,-0.42478281259536743,0.9675030708312988,1.990736484527588
1.6864831038798498,5.8007832459413216,-1.4758621787331978,-1.4758621787331978,0.09817513447287163,-0.18568828701972961,2.313295364379883,1.4265841245651245,-0.3737480640411377,-0.026519853621721268,-0.41534098982810974,0.9762234687805176,2.1703667640686035
1.690863579474343,8.704085969265693,-0.5193866586835425,-0.5193866586835425,0.22269696095098418,-0.17555494606494904,2.320279121398926,1.424946904182434,-0.3741973042488098,-0.028339244425296783,-0.4613078832626343,0.9857307076454163,2.317441940307617
1.695244055068836,9.554383908241316,-0.4534526433935038,-0.4534526433935038,0.26647659358779074,-0.1653910130262375,2.332275867462158,1.4233077764511108,-0.35190698504447937,-0.030359992757439613,-0.48297908902168274,0.9958822131156921,2.5743818283081055
1.699624530663329,5.549860925967697,-0.04267391473437007,-0.04267391473437007,0.22356080305350184,-0.15517453849315643,2.345919132232666,1.4217662811279297,-0.32328861951828003,-0.03247567266225815,-0.5040032863616943,1.0071592330932617,2.8647024631500244
1.7040050062578225,6.740097331333559,-0.7670626176010007,-0.7670626176010007,-1.3970782537174171,-0.14489829540252686,2.3561275005340576,1.4203500747680664,-0.32467642426490784,-0.03468344733119011,-0.5117781758308411,1.0197080373764038,3.066793441772461
1.7083854818523152,4.892309726173617,-1.265969638022185,-1.265969638022185,-0.9221171994763357,-0.13457733392715454,2.324323892593384,1.418927788734436,-0.3442986309528351,-0.03692527860403061,-0.49337971210479736,1.03314208984375,2.450040817260742
1.7127659574468084,9.054100592483206,2.3907148937840694,2.3907148937840694,-1.1477967362713684,-0.1243956908583641,2.303183078765869,1.4174195528030396,-0.368449866771698,-0.039086516946554184,-0.5034213066101074,1.0438743829727173,2.047666311264038
1.7171464330413015,9.650373568380296,0.08683584217020027,0.08683584217020027,-0.34961762115316186,-0.11430665105581284,2.277512550354004,1.4158055782318115,-0.36603298783302307,-0.041291743516922,-0.40008553862571716,1.0528441667556763,1.5876436233520508
1.7215269086357947,4.8591088294970675,-0.1110878207145097,-0.1110878207145097,1.1927251053136794,-0.10433006286621094,2.2729368209838867,1.4142022132873535,-0.3466743528842926,-0.0430443100631237,-0.38733971118927,1.0597988367080688,1.5444666147232056
1.725907384230288,3.6969039044193486,-0.5988338515804009,-0.5988338515804009,-1.5901355931068895,-0.09437351673841476,2.3075714111328125,1.4126836061477661,-0.33784857392311096,-0.04474104195833206,-0.42541518807411194,1.0665643215179443,2.2266383171081543
1.7302878598247808,8.131402019409668,0.35336360941645806,0.35336360941645806,0.35748488820909574,-0.08426525443792343,2.2667133808135986,1.4112036228179932,-0.3796619772911072,-0.04660456255078316,-0.39646604657173157,1.0763180255889893,1.4582273960113525
1.734668335419274,7.164761130777982,-0.0328256680334609,-0.0328256680334609,0.33516650721404856,-0.0743359699845314,2.2799408435821533,1.4095405340194702,-0.36070433259010315,-0.04834127426147461,-0.3965863883495331,1.0827057361602783,1.7512636184692383
1.7390488110137672,7.390712301555285,1.6901586421846897,1.6901586421846897,0.07926944484639104,-0.0643487423658371,2.2921690940856934,1.4079605340957642,-0.3492317795753479,-0.050078511238098145,-0.4073329269886017,1.0903770923614502,2.018233299255371
1.74342928660826,5.9952011520817035,0.033179260103973235,0.033179260103973235,0.26744269154652844,-0.054307952523231506,2.297450542449951,1.406430721282959,-0.34023594856262207,-0.05186282470822334,-0.36028987169265747,1.0992178916931152,2.154409885406494
1.7478097622027533,8.196586715359336,1.1757733564926873,1.1757733564926873,0.04501749649296577,-0.04424402490258217,2.3073434829711914,1.4049403667449951,-0.33862051367759705,-0.053441066294908524,-0.3671311140060425,1.1086552143096924,2.3677210807800293
1.7521902377972465,9.287509211536964,0.2084098685892141,0.2084098685892141,-0.42935965253190556,-0.03413676470518112,2.3117446899414062,1.4034570455551147,-0.3251068592071533,-0.05504927411675453,-0.33410945534706116,1.1190268993377686,2.491640567779541
1.7565707133917396,7.426892558552303,-1.0190344695947382,-1.0190344695947382,-0.03807810889549043,-0.024010222405195236,2.3031036853790283,1.4020329713821411,-0.310700386762619,-0.05651283264160156,-0.31548455357551575,1.129941463470459,2.3814401626586914
1.7609511889862328,9.53219041882579,0.29472667846915407,0.29472667846915407,-0.7678413961669376,-0.013921532779932022,2.3045575618743896,1.4006719589233398,-0.30395442247390747,-0.05789480358362198,-0.34413158893585205,1.1403733491897583,2.447936534881592
1.7653316645807258,10.000293528660773,1.0633151559290412,1.0633151559290412,-0.21371596865638676,-0.0038264747709035873,2.285818099975586,1.3993405103683472,-0.29222697019577026,-0.05940226465463638,-0.31310123205184937,1.1510964632034302,2.159691333770752
1.769712140175219,6.830023744055594,-0.9867642786127512,-0.9867642786127512,0.5881920600026468,0.0061864955350756645,2.2823071479797363,1.3980604410171509,-0.2698884904384613,-0.06077379733324051,-0.27580785751342773,1.1605569124221802,2.1586246490478516
1.774092615769712,6.426416639331093,0.6327196026897945,0.6327196026897945,-0.355339043828784,0.016184087842702866,2.300694465637207,1.3968782424926758,-0.2596138119697571,-0.06198196858167648,-0.3218015730381012,1.1700127124786377,2.5339293479919434
1.778473091364205,9.240426294567136,-2.527567026147923,-2.527567026147923,0.25430100918013765,0.026262223720550537,2.292236328125,1.3957409858703613,-0.2641808092594147,-0.06339161098003387,-0.29294711351394653,1.18111252784729,2.4169342517852783
1.7828535669586982,9.16355750728023,-0.9654711955347636,-0.9654711955347636,0.13586518351029034,0.036303311586380005,2.301283121109009,1.3945837020874023,-0.24210576713085175,-0.06467486172914505,-0.3741864860057831,1.1916998624801636,2.639518976211548
1.7872340425531914,8.085765625931531,1.7412719802395618,1.7412719802395618,-0.3691135787225458,0.04638402536511421,2.3068087100982666,1.3935232162475586,-0.22240187227725983,-0.0663139745593071,-0.4063490033149719,1.203262209892273,2.797140598297119
1.7916145181476846,6.343837513057327,-0.6899210381438683,-0.6899210381438683,-0.9756950747964812,0.056488946080207825,2.297484874725342,1.3925490379333496,-0.2160847932100296,-0.06809397786855698,-0.3447190523147583,1.2155150175094604,2.6811845302581787
1.7959949937421775,10.142940579716566,-2.127827432812487,-2.127827432812487,0.054907690305861456,0.0665530264377594,2.270109176635742,1.3916025161743164,-0.2280297577381134,-0.06960400938987732,-0.33637353777885437,1.227259874343872,2.2341508865356445
1.8003754693366707,7.802628974309863,1.7025926570223124,1.7025926570223124,-0.09246211758903418,0.07649718225002289,2.272249698638916,1.3906036615371704,-0.2025899589061737,-0.07107748836278915,-0.40011632442474365,1.237046480178833,2.347282886505127
1.804755944931164,5.667551666786726,1.1728578913253305,1.1728578913253305,-0.5210625108381011,0.0864507183432579,2.2698874473571777,1.3897162675857544,-0.19482295215129852,-0.0728301852941513,-0.3476950228214264,1.2473286390304565,2.362304925918579
1.809136420525657,7.760131452090709,-0.04726368690273429,-0.04726368690273429,0.957636519333738,0.09639390558004379,2.254805326461792,1.3888628482818604,-0.2058485597372055,-0.07435325533151627,-0.2982271909713745,1.257676601409912,2.1373627185821533
1.81351689612015,6.777892537324155,1.374484301101403,1.374484301101403,0.06714164513987547,0.10627102851867676,2.28275203704834,1.3879611492156982,-0.18827444314956665,-0.07565963268280029,-0.3275734782218933,1.2670392990112305,2.687413215637207
1.8178973717146432,4.785598739766299,0.7003488939136476,0.7003488939136476,-1.8730537739109558,0.11627057194709778,2.2846055030822754,1.387136459350586,-0.18659403920173645,-0.07709456235170364,-0.28939491510391235,1.2788114547729492,2.769392967224121
1.8222778473091363,7.315238012895835,-0.19364690856020542,-0.19364690856020542,0.4907921222235876,0.12627823650836945,2.2290778160095215,1.3863190412521362,-0.21586084365844727,-0.07836224883794785,-0.21424339711666107,1.290942668914795,1.83610200881958
1.8266583229036293,4.697427058977091,0.8956079805304036,0.8956079805304036,-1.427257425019888,0.13604265451431274,2.242708683013916,1.3853734731674194,-0.20619267225265503,-0.07930073887109756,-0.23423118889331818,1.2989857196807861,2.134190082550049
1.831038798498123,5.213938993392919,0.4770810113107842,0.4770810113107842,1.0399295207225634,0.1458667814731598,2.199645519256592,1.3844702243804932,-0.23054642975330353,-0.08032678067684174,-0.1663961559534073,1.308334469795227,1.4267725944519043
1.835419274092616,6.006135593574904,-0.6049517205133976,-0.6049517205133976,0.1067948633756742,0.15550227463245392,2.229748487472534,1.383460283279419,-0.23063883185386658,-0.08105567842721939,-0.18283312022686005,1.3145843744277954,1.9916644096374512
1.8397997496871088,6.904336560549394,-2.065213691110193,-2.065213691110193,-1.4855404294517482,0.1652696281671524,2.231849431991577,1.382449984550476,-0.23343797028064728,-0.08185657113790512,-0.2036183774471283,1.3233088254928589,2.0790417194366455
1.844180225281602,8.973964413951846,-0.40050630136866583,-0.40050630136866583,-0.6680788822970566,0.1750461906194687,2.1858808994293213,1.3814274072647095,-0.24243789911270142,-0.08274851739406586,-0.2205466777086258,1.33241605758667,1.3490114212036133
1.848560700876095,6.649956616765389,1.1534790903671133,1.1534790903671133,-0.19282121704469596,0.1846213936805725,2.1634902954101562,1.3803653717041016,-0.23060625791549683,-0.08371461927890778,-0.2127327024936676,1.3383253812789917,1.047884464263916
1.852941176470588,8.355089516913376,-0.8794966099818273,-0.8794966099818273,-1.3760806227525635,0.19409851729869843,2.1558332443237305,1.3793551921844482,-0.230696439743042,-0.08464649319648743,-0.17341646552085876,1.342915654182434,0.9790353178977966
1.8573216520650813,9.20157454561146,0.7743365392365321,0.7743365392365321,1.2969192726928498,0.203542098402977,2.111891984939575,1.3783446550369263,-0.22760459780693054,-0.08540613949298859,-0.15891464054584503,1.347204327583313,0.3070688843727112
1.8617021276595744,8.530083219980058,1.1204770541356035,1.1204770541356035,0.5469872915147862,0.21279318630695343,2.1480724811553955,1.3773475885391235,-0.20015305280685425,-0.08610226213932037,-0.1741757094860077,1.348549485206604,1.0143320560455322
1.866082603254068,8.917823720537207,-0.6672335144470107,-0.6672335144470107,0.013867743397556961,0.22220276296138763,2.1618432998657227,1.3764708042144775,-0.18261079490184784,-0.08686523139476776,-0.15742799639701843,1.3529927730560303,1.3318967819213867
1.8704630788485608,7.025990216445345,1.4725896424538907,1.4725896424538907,0.42793740452201834,0.23167265951633453,2.159322500228882,1.3756709098815918,-0.1663345992565155,-0.08755484223365784,-0.17731830477714539,1.3588271141052246,1.3750454187393188
1.8748435544430535,6.611191427958601,-2.0153255420905687,-2.0153255420905687,-0.932802230951094,0.2411315143108368,2.169856071472168,1.3749423027038574,-0.16007393598556519,-0.08833158016204834,-0.14681114256381989,1.3648505210876465,1.6224455833435059
1.879224030037547,7.391703497195946,1.4477772528207375,1.4477772528207375,0.9211903682360149,0.2506365180015564,2.139289379119873,1.3742411136627197,-0.16548725962638855,-0.08897468447685242,-0.17842425405979156,1.3719576597213745,1.165929913520813
1.88360450563204,8.582418968546497,0.22762686897795772,0.22762686897795772,-0.30748100779484544,0.2600076198577881,2.164386749267578,1.3735162019729614,-0.1538723111152649,-0.08975626528263092,-0.1630462408065796,1.3770649433135986,1.6655147075653076
1.887984981226533,6.474828837133257,2.1806598006898925,2.1806598006898925,-0.1310922734223898,0.269488662481308,2.151698112487793,1.3728421926498413,-0.14216738939285278,-0.09047048538923264,-0.14741939306259155,1.384360671043396,1.5346696376800537
1.8923654568210264,6.538946494285717,-0.051597437037749286,-0.051597437037749286,-0.7869718188288279,0.27891412377357483,2.145066738128662,1.372219443321228,-0.143358051776886,-0.09111624956130981,-0.07990889996290207,1.3910832405090332,1.4863260984420776
1.8967459324155196,10.58007051449442,0.45183316086532405,0.45183316086532405,0.9032735423847904,0.28831052780151367,2.1183228492736816,1.3715914487838745,-0.14770911633968353,-0.09146628528833389,-0.05843363702297211,1.3975940942764282,1.098832368850708
1.9011264080100123,5.5966588601906535,-0.052119394725075985,-0.052119394725075985,0.3406529194447737,0.2975897789001465,2.1410374641418457,1.3709443807601929,-0.11576446890830994,-0.09172224998474121,-0.07161712646484375,1.4024075269699097,1.5908379554748535
1.9055068836045053,7.233069286147505,0.5627856550690324,0.5627856550690324,0.3855879771264058,0.3069685399532318,2.1489057540893555,1.3704372644424438,-0.12039244174957275,-0.09203596413135529,-0.08308732509613037,1.4093761444091797,1.7795703411102295
1.9098873591989989,8.05459756466999,-1.3606308853307763,-1.3606308853307763,0.11933408676415855,0.3163817822933197,2.157301425933838,1.3699098825454712,-0.11417228728532791,-0.09239992499351501,-0.0779125913977623,1.4171714782714844,1.9937008619308472
1.914267834793492,5.28498072446165,0.4458450800706678,0.4458450800706678,-0.5158560159957409,0.325831800699234,2.15706467628479,1.3694097995758057,-0.1040802150964737,-0.0927412211894989,-0.1211322620511055,1.4259048700332642,2.0704121589660645
1.9186483103879848,4.222473495448769,-2.4147875279817996,-2.4147875279817996,0.45198445730926545,0.33528077602386475,2.13869047164917,1.368953824043274,-0.1153651550412178,-0.09327183663845062,-0.09304754436016083,1.4349743127822876,1.8132033348083496
1.923028785982478,12.69706986766533,-0.36776889729347684,-0.36776889729347684,0.09732763884934764,0.3446492552757263,2.1503677368164062,1.3684484958648682,-0.12926863133907318,-0.09367942810058594,-0.17676636576652527,1.442916989326477,2.0515835285186768
1.9274092615769711,6.464396869097651,1.0608376408875893,1.0608376408875893,-0.20929206582984264,0.3540688753128052,2.1463863849639893,1.367882251739502,-0.0886952131986618,-0.09445375204086304,-0.19034865498542786,1.4519039392471313,2.1151442527770996
1.9317897371714643,8.188699420696834,0.22331382611473796,0.22331382611473796,-0.8824746536524795,0.36347106099128723,2.1363320350646973,1.367493748664856,-0.0907253548502922,-0.09528756886720657,-0.1532568335533142,1.4611692428588867,2.012218475341797
1.9361702127659572,5.996535647240004,-1.0395134821353036,-1.0395134821353036,0.22300784668584064,0.3728291988372803,2.104353666305542,1.3670963048934937,-0.08345092087984085,-0.0959589034318924,-0.12096430361270905,1.469983696937561,1.5612691640853882
1.9405506883604504,8.704148310523427,-0.5413259585150003,-0.5413259585150003,0.687814427580063,0.38204726576805115,2.1075081825256348,1.366730809211731,-0.08662481606006622,-0.09648878127336502,-0.15783393383026123,1.476822853088379,1.6770449876785278
1.944931163954944,6.2395361715188535,-0.351797495618387,-0.351797495618387,0.3938477879982495,0.3912791609764099,2.1231300830841064,1.3663513660430908,-0.0706653743982315,-0.09718016535043716,-0.1937287300825119,1.4841691255569458,2.030674934387207
1.9493116395494368,7.673380425321741,-0.8496969338539391,-0.8496969338539391,-0.49777890307870354,0.4005794823169708,2.1312050819396973,1.3660417795181274,-0.07233279198408127,-0.09802878648042679,-0.21550393104553223,1.4930644035339355,2.231517791748047
1.9536921151439297,10.482449669421982,-0.11763933901439058,-0.11763933901439058,0.5927911354938543,0.40991517901420593,2.11067271232605,1.3657249212265015,-0.06699009984731674,-0.09897279739379883,-0.22578105330467224,1.5028395652770996,1.970286250114441
1.9580725907384229,4.257236511120585,0.19732276949284944,0.19732276949284944,0.010230907783188942,0.419160932302475,2.121532917022705,1.3654314279556274,-0.04033441096544266,-0.09996182471513748,-0.24652788043022156,1.5114703178405762,2.265592575073242
1.962453066332916,8.01149721619015,0.850571649710637,0.850571649710637,-0.782166930746149,0.4284542500972748,2.1187798976898193,1.3652547597885132,-0.05645449459552765,-0.10104173421859741,-0.24106420576572418,1.5213947296142578,2.265514612197876
1.9668335419274088,6.4345911849116035,-0.2987769009934832,-0.2987769009934832,0.0007697010000717805,0.43773552775382996,2.0885426998138428,1.3650075197219849,-0.04894468933343887,-0.10209771245718002,-0.19338306784629822,1.5313187837600708,1.8498172760009766
1.9712140175219024,7.478844291191715,-0.38654336634942366,-0.38654336634942366,-0.20016810679280433,0.4468843340873718,2.083489179611206,1.364793062210083,-0.05023116245865822,-0.10294482111930847,-0.2021307796239853,1.5394219160079956,1.8377619981765747
1.9755944931163956,8.634445858034518,0.7236482052239882,0.7236482052239882,0.5003360482368426,0.45601099729537964,2.0712215900421143,1.3645730018615723,-0.04479161277413368,-0.1038302481174469,-0.2075735330581665,1.5474722385406494,1.718113660812378
1.9799749687108883,7.618212439573348,-0.37428039940169094,-0.37428039940169094,0.12495925600449857,0.46508392691612244,2.079461097717285,1.3643767833709717,-0.031037170439958572,-0.10473951697349548,-0.20105211436748505,1.5549983978271484,1.9543746709823608
1.9843554443053817,9.579226225456482,1.1371646787491514,1.1371646787491514,-0.3246140798276276,0.47419294714927673,2.0767822265625,1.3642408847808838,-0.02453424595296383,-0.10562022030353546,-0.21563149988651276,1.5635595321655273,1.9978187084197998
1.9887359198998744,5.711849197024642,-0.2684227123579408,-0.2684227123579408,0.17942271300480678,0.48329025506973267,2.0582823753356934,1.364133358001709,-0.005225511267781258,-0.10656479001045227,-0.17294292151927948,1.5723109245300293,1.8015077114105225
1.993116395494368,4.1977916850837556,-1.4226064440884043,-1.4226064440884043,-0.3113501739591947,0.49230650067329407,2.058641195297241,1.3641104698181152,-0.011248519644141197,-0.10732236504554749,-0.18602143228054047,1.580202341079712,1.8748793601989746
1.997496871088861,7.230301939409172,-1.6528226547467675,-1.6528226547467675,-0.3105548669584644,0.5013243556022644,2.0451042652130127,1.3640612363815308,-0.027261212468147278,-0.10813722759485245,-0.2184736430644989,1.5884151458740234,1.6993788480758667
2.001877346683354,7.090902407432985,0.5524517083548459,0.5524517083548459,-1.0901446448180745,0.5102828741073608,2.028610944747925,1.3639417886734009,-0.022941287606954575,-0.10909424722194672,-0.25767213106155396,1.5958592891693115,1.51136314868927
2.0062578222778478,8.928082211752589,2.502042373073813,2.502042373073813,-0.3321000003117901,0.5191691517829895,1.9879963397979736,1.3638412952423096,-0.018699979409575462,-0.11022297292947769,-0.20970311760902405,1.6024798154830933,0.9204793572425842
2.0106382978723403,5.158414293960979,1.0386303606825755,1.0386303606825755,1.125836665132173,0.5278775095939636,1.9688441753387451,1.3637593984603882,-0.002419702708721161,-0.11114156991243362,-0.12693718075752258,1.6065119504928589,0.7103615999221802
2.015018773466833,6.328923677424677,-0.12000569291887697,-0.12000569291887697,0.364674664061303,0.5365020036697388,1.9984221458435059,1.3637487888336182,-0.012588867917656898,-0.11169761419296265,-0.1294838786125183,1.609623670578003,1.266960859298706
2.0193992490613266,8.90382259685251,-1.5523760494120644,-1.5523760494120644,0.6952681678066885,0.5452560186386108,2.0032172203063965,1.3636935949325562,-0.01448175311088562,-0.11226481199264526,-0.14363807439804077,1.615173578262329,1.425464153289795
2.02377972465582,7.932732680526173,-0.8083753606320376,-0.8083753606320376,0.10831272583139703,0.5540310740470886,2.015455484390259,1.3636301755905151,7.448997348546982e-05,-0.11289401352405548,-0.20927640795707703,1.621417760848999,1.7406582832336426
2.028160200250313,7.528376844280332,-0.7624842233195916,-0.7624842233195916,0.5116637860413109,0.5628597140312195,2.0104167461395264,1.3636305332183838,0.008732187561690807,-0.11381074041128159,-0.23604661226272583,1.629042625427246,1.7565200328826904
2.032540675844806,9.822411843706059,0.940154775590818,0.940154775590818,0.44389913135162146,0.5716663002967834,2.0180845260620117,1.3636687994003296,0.01396210491657257,-0.11484473943710327,-0.27325576543807983,1.6367369890213013,1.9802309274673462
2.036921151439299,7.931826756236502,-0.0576918298659566,-0.0576918298659566,-1.3050054786423448,0.580506443977356,2.020948886871338,1.3637299537658691,0.03423183783888817,-0.11604172736406326,-0.25876352190971375,1.6454113721847534,2.1542797088623047
2.0413016270337923,7.896936738037708,1.2597197542215741,1.2597197542215741,0.07540136090211842,0.5893591642379761,1.97171950340271,1.363879919052124,0.04570773243904114,-0.11717523634433746,-0.222338005900383,1.6548480987548828,1.4355649948120117
2.045682102628285,6.189702618502709,-0.24259219701781776,-0.24259219701781776,0.09030575544816975,0.5979962348937988,1.9649317264556885,1.3640801906585693,0.054456938058137894,-0.11814918369054794,-0.1877521574497223,1.661136507987976,1.425597906112671
2.0500625782227786,4.950414777958484,-0.9535164192199177,-0.9535164192199177,-0.08139490662036007,0.6066035628318787,1.9604389667510986,1.3643187284469604,0.051834024488925934,-0.11897163093090057,-0.19747383892536163,1.6673812866210938,1.4324991703033447
2.0544430538172715,7.498556570847835,-0.6873873290395203,-0.6873873290395203,-0.4032865174262944,0.6151912212371826,1.9520137310028076,1.3645458221435547,0.04147996008396149,-0.11983665823936462,-0.2229425460100174,1.6736563444137573,1.3578283786773682
2.0588235294117645,7.184133674050058,-1.1835638289719994,-1.1835638289719994,-0.3028442933430383,0.6237419843673706,1.9305331707000732,1.36472749710083,0.0491831935942173,-0.12081325054168701,-0.2312391847372055,1.6796042919158936,1.0988750457763672
2.063204005006258,6.368606236922571,-0.895238534219715,-0.895238534219715,0.1116991286044002,0.6321986317634583,1.9124077558517456,1.3649429082870483,0.05471967160701752,-0.1218261867761612,-0.2569589912891388,1.6844178438186646,0.8923097848892212
2.067584480600751,8.955344118504287,0.061951457621836264,0.061951457621836264,0.16662073577911535,0.6405758857727051,1.9079233407974243,1.365182638168335,0.053543463349342346,-0.12295179069042206,-0.28636476397514343,1.6883265972137451,0.9039074182510376
2.071964956195244,7.411188980623901,0.28209017191317104,0.28209017191317104,-0.6918962929739958,0.648933470249176,1.9017713069915771,1.365417242050171,0.06938570737838745,-0.12420620769262314,-0.2894214391708374,1.6922861337661743,0.9237816333770752
2.076345431789737,3.9521164129916557,-1.306131031457879,-1.306131031457879,1.1026007114312766,0.6572641134262085,1.8710724115371704,1.3657212257385254,0.07814707607030869,-0.1254740059375763,-0.26097795367240906,1.6963326930999756,0.5116294622421265
2.08072590738423,6.140192623196681,-0.030281137571792065,-0.030281137571792065,0.5689632629325282,0.6654602885246277,1.8997905254364014,1.3660635948181152,0.05716889351606369,-0.1266172081232071,-0.33132055401802063,1.6985738277435303,1.0492459535598755
2.085106382978723,5.579069574693461,-0.03963960592332331,-0.03963960592332331,-0.1672479760415515,0.6737822890281677,1.909197211265564,1.3663140535354614,0.052582427859306335,-0.12806855142116547,-0.34882038831710815,1.7031700611114502,1.2945470809936523
2.0894868585732165,5.244779430340005,-0.26534505426819316,-0.26534505426819316,0.9394382651376855,0.6821454763412476,1.896625280380249,1.3665443658828735,0.04704487323760986,-0.129596546292305,-0.34509381651878357,1.7088408470153809,1.163968801498413
2.093867334167709,7.375890317453646,0.10196850244264691,0.10196850244264691,-0.08532135037744298,0.6904535889625549,1.9182873964309692,1.3667504787445068,0.034699395298957825,-0.13110822439193726,-0.3802773058414459,1.7139395475387573,1.605001449584961
2.098247809762203,7.332850688375676,0.0853017953392742,0.0853017953392742,-1.2255296758681329,0.6988565921783447,1.9054898023605347,1.366902470588684,0.0406436063349247,-0.13277402520179749,-0.37480783462524414,1.7209702730178833,1.4992796182632446
2.102628285356696,8.678168623328808,1.0258827441807015,1.0258827441807015,1.0006522588266316,0.7072035670280457,1.8577109575271606,1.3670804500579834,0.0517120324075222,-0.134415864944458,-0.33652740716934204,1.7275378704071045,0.8046784400939941
2.1070087609511887,7.438190053979413,-0.029440370612867507,-0.029440370612867507,0.13408596074847115,0.7153412103652954,1.8759381771087646,1.3673069477081299,0.061714716255664825,-0.13589002192020416,-0.33579060435295105,1.7310627698898315,1.2431004047393799
2.111389236545682,5.346375685696017,-1.1327746438794006,-1.1327746438794006,0.6844082287249156,0.7235587239265442,1.8692800998687744,1.367577314376831,0.06738394498825073,-0.13736094534397125,-0.34056609869003296,1.7365081310272217,1.245043158531189
2.115769712140175,9.6607423134612,0.271399584546569,0.271399584546569,0.305667948535137,0.731747031211853,1.8822916746139526,1.3678724765777588,0.056263912469148636,-0.1388527899980545,-0.3936336040496826,1.74196195602417,1.5482534170150757
2.1201501877346685,5.743348543206194,-0.4869343428824252,-0.4869343428824252,-0.0727240046232228,0.7399923801422119,1.877205729484558,1.3681188821792603,0.07568727433681488,-0.14057709276676178,-0.39463433623313904,1.748744010925293,1.6145713329315186
2.1245306633291614,8.477801056947571,1.1922161047574886,1.1922161047574886,-0.5437402462122701,0.7482154369354248,1.8662277460098267,1.368450403213501,0.07088697701692581,-0.14230577647686005,-0.406730592250824,1.7558165788650513,1.521491289138794
2.1289111389236544,8.65975159477089,-1.3985750020986119,-1.3985750020986119,0.07591768691026365,0.756390392780304,1.8366107940673828,1.3687609434127808,0.08720860630273819,-0.14408744871616364,-0.35603517293930054,1.762481451034546,1.157112956047058
2.133291614518148,7.403541669355659,1.1211879003872292,1.1211879003872292,-1.3133614994040779,0.7644356489181519,1.8253706693649292,1.369143009185791,0.10150516033172607,-0.1456470489501953,-0.3990950286388397,1.7675501108169556,1.1079851388931274
2.1376720901126407,5.235805384069604,-0.8727083292031045,-0.8727083292031045,0.5836547553561112,0.7724316120147705,1.7737997770309448,1.3695876598358154,0.11582285910844803,-0.1473952680826187,-0.32799845933914185,1.772403597831726,0.35458052158355713
2.1420525657071336,7.460190535080253,0.20853109793053248,0.20853109793053248,-0.3370977150691878,0.7802016735076904,1.7831004858016968,1.3700950145721436,0.10434763133525848,-0.1488320529460907,-0.3705288767814636,1.7739567756652832,0.5998672246932983
2.146433041301627,5.419583315158145,-1.1355588906236989,-1.1355588906236989,-0.36100020428669305,0.7880125045776367,1.7608309984207153,1.3705520629882812,0.11346440017223358,-0.15045514702796936,-0.35459479689598083,1.776584506034851,0.3466866612434387
2.15081351689612,7.1270736156703345,0.7892634151754963,0.7892634151754963,-0.17642541500668593,0.7957257628440857,1.7410544157028198,1.3710490465164185,0.10913097858428955,-0.15200844407081604,-0.37721437215805054,1.7781031131744385,0.1022806316614151
2.155193992490613,5.229202489480775,-0.5618855648966374,-0.5618855648966374,-1.3376360921566102,0.803352415561676,1.723978042602539,1.371527075767517,0.11513589322566986,-0.1536608189344406,-0.34901320934295654,1.7785511016845703,-0.06609585881233215
2.1595744680851063,8.418356192135507,1.231451846467472,1.231451846467472,1.2418188172301645,0.8109042644500732,1.6748169660568237,1.3720314502716064,0.1158040389418602,-0.1551896631717682,-0.326358824968338,1.7782615423202515,-0.8123164176940918
2.1639549436795997,9.16303666406268,2.2259863803483277,2.2259863803483277,1.2564914143984667,0.818240761756897,1.6982709169387817,1.372538685798645,0.12126359343528748,-0.15661926567554474,-0.3266615867614746,1.7747032642364502,-0.264981210231781
2.1683354192740927,5.142694995909153,-0.32981106898624457,-0.32981106898624457,-0.40524610253620774,0.8256800174713135,1.7209255695343018,1.3730698823928833,0.13187429308891296,-0.15805019438266754,-0.2983492612838745,1.7735425233840942,0.2823070287704468
2.1727158948685856,5.709597899097252,-0.563796590635637,-0.563796590635637,0.4408557789659042,0.833218514919281,1.699957013130188,1.3736475706100464,0.1258927434682846,-0.15935710072517395,-0.29614633321762085,1.774779200553894,0.017417162656784058
2.1770963704630786,5.468261073488681,0.7587570372454411,0.7587570372454411,-0.0013202267292332093,0.8406651616096497,1.7035865783691406,1.3741990327835083,0.1184503436088562,-0.16065436601638794,-0.32548537850379944,1.7748554944992065,0.1817626953125
2.181476846057572,5.514925593413004,-1.8506349380925073,-1.8506349380925073,-0.5846456861536339,0.8481276631355286,1.6941760778427124,1.3747179508209229,0.11214619129896164,-0.16208015382289886,-0.30328869819641113,1.7756516933441162,0.12076980620622635
2.185857321652065,9.359373141788717,-1.5923817609521178,-1.5923817609521178,0.3494254366312339,0.8555489778518677,1.6669538021087646,1.3752092123031616,0.1098279058933258,-0.16340869665145874,-0.3402596116065979,1.7761807441711426,-0.24157413840293884
2.1902377972465583,5.817321311013345,-0.4980611272630366,-0.4980611272630366,0.6796229162208814,0.8628510236740112,1.661260962486267,1.3756903409957886,0.12739181518554688,-0.16489920020103455,-0.3969665467739105,1.7751225233078003,-0.16591060161590576
2.1946182728410517,5.50943031105677,1.6714100213250982,1.6714100213250982,-0.5606203625080851,0.8701281547546387,1.671664834022522,1.3762483596801758,0.11914081871509552,-0.1666381061077118,-0.43135866522789,1.7743957042694092,0.11925622820854187
2.198998748435544,5.456511933580922,0.4863743942727252,0.4863743942727252,-0.0404619450381251,0.8774508237838745,1.644978404045105,1.376770257949829,0.11658783257007599,-0.16852766275405884,-0.3661763072013855,1.7749180793762207,-0.23117560148239136
2.2033792240300376,5.536363625562114,-1.7004072797773524,-1.7004072797773524,1.5511282075066797,0.8846566081047058,1.634046196937561,1.3772809505462646,0.110413558781147,-0.17013168334960938,-0.35079100728034973,1.7739053964614868,-0.3134506344795227
2.2077596996245306,8.390186341355786,0.695260505385967,0.695260505385967,0.5144312141341639,0.8918145298957825,1.6711095571517944,1.3777645826339722,0.09482123702764511,-0.17166832089424133,-0.44574615359306335,1.772532343864441,0.4231407046318054
2.2121401752190235,6.48414446431148,0.061007983836766144,0.061007983836766144,0.5057350906890375,0.8991347551345825,1.6715773344039917,1.378179907798767,0.10478822886943817,-0.17362089455127716,-0.44046536087989807,1.774385929107666,0.5934909582138062
2.216520650813517,5.90717152079558,0.23933218851893107,0.23933218851893107,-0.3951024307670142,0.9064570665359497,1.6750755310058594,1.3786389827728271,0.10197713226079941,-0.17555034160614014,-0.45345279574394226,1.7769856452941895,0.7801522612571716
2.22090112640801,2.8297253886564455,-0.13670323596744915,-0.13670323596744915,-0.5959120043536774,0.9137946963310242,1.652217149734497,1.379085659980774,0.1009068489074707,-0.17753668129444122,-0.43492528796195984,1.7804031372070312,0.5085773468017578
2.225281602002503,7.008316564960872,0.04991192870093786,0.04991192870093786,0.12086325916250629,0.921032190322876,1.628912329673767,1.3795276880264282,0.08065688610076904,-0.17944185435771942,-0.42151492834091187,1.7826309204101562,0.16857486963272095
2.229662077596996,7.387650218702799,0.5264893491041156,0.5264893491041156,-0.07214023969898713,0.9281675815582275,1.619386911392212,1.3798810243606567,0.08384150266647339,-0.18128828704357147,-0.4235869348049164,1.7833693027496338,0.14818480610847473
2.234042553191489,6.543900864127825,-1.1560620661783294,-1.1560620661783294,-0.7954560248514784,0.9352612495422363,1.6031935214996338,1.3802483081817627,0.09081986546516418,-0.18314379453659058,-0.40610504150390625,1.7840183973312378,0.023355752229690552
2.2384230287859825,6.057815141015008,1.0510551170353624,1.0510551170353624,1.320700927085275,0.9422839879989624,1.5666351318359375,1.3806461095809937,0.09688066691160202,-0.1849227249622345,-0.4166358709335327,1.7841206789016724,-0.4645227789878845
2.2428035043804755,5.715800241073917,0.9739603688119998,0.9739603688119998,0.535589786092098,0.949146568775177,1.5948599576950073,1.3810704946517944,0.08577064424753189,-0.18674778938293457,-0.4245103895664215,1.78208589553833,0.14315128326416016
2.2471839799749684,7.634320217495469,1.3115922756201603,1.3115922756201603,-0.07525392685540595,0.9561328291893005,1.5999664068222046,1.3814462423324585,0.07757199555635452,-0.1886073499917984,-0.4117085933685303,1.7827129364013672,0.3505346179008484
2.251564455569462,6.938456950072592,1.0139498870299062,1.0139498870299062,-0.144887729453481,0.9631414413452148,1.5827536582946777,1.3817859888076782,0.08614195883274078,-0.1904108226299286,-0.3712082803249359,1.7842484712600708,0.21972399950027466
2.255944931163955,6.452479873733374,0.713901287047285,0.713901287047285,-0.5061939287173627,0.9700746536254883,1.564683437347412,1.3821632862091064,0.09053463488817215,-0.19203689694404602,-0.3373665511608124,1.7852109670639038,0.0607742965221405
2.260325406758448,8.70260298630626,-0.033501035322215045,-0.033501035322215045,0.5119346545292459,0.9769287109375,1.5365631580352783,1.382559895515442,0.09406556189060211,-0.19351471960544586,-0.30173590779304504,1.7854771614074707,-0.27886056900024414
2.264705882352941,3.588681902803375,2.0488633467718538,2.0488633467718538,0.49511662792630023,0.983659565448761,1.534618854522705,1.382972002029419,0.10592086613178253,-0.19483646750450134,-0.31766435503959656,1.7842556238174438,-0.1219768077135086
2.269086357947434,10.321192403854202,-1.38208413882094,-1.38208413882094,-0.8257824394601847,0.9903819561004639,1.5423705577850342,1.3834359645843506,0.0837002620100975,-0.19622798264026642,-0.27229002118110657,1.7837213277816772,0.08900654315948486
2.2734668335419275,7.547196038500797,0.6629439886316513,0.6629439886316513,0.6630645711534857,0.997138261795044,1.496564507484436,1.3838026523590088,0.11512485146522522,-0.19742074608802795,-0.28853580355644226,1.7841112613677979,-0.4633428454399109
2.2778473091364204,8.391311128741286,1.0586041540627633,1.0586041540627633,-0.10490665664258948,1.00369393825531,1.5012696981430054,1.3843069076538086,0.11820845305919647,-0.1986846774816513,-0.288539320230484,1.7820816040039062,-0.21497030556201935
2.2822277847309134,6.218038741427815,1.3829961389626202,1.3829961389626202,0.29235230153462977,1.0102702379226685,1.4809983968734741,1.3848247528076172,0.13197061419487,-0.19994862377643585,-0.2545611262321472,1.7811399698257446,-0.3724350929260254
2.2866082603254068,9.10228475657859,-0.24807192273654755,-0.24807192273654755,0.808439709975347,1.0167577266693115,1.4771074056625366,1.385402798652649,0.12860655784606934,-0.20106372237205505,-0.22271086275577545,1.7795084714889526,-0.2985345423221588
2.2909887359199,6.2594532423967815,-2.846329638480052,-2.846329638480052,-0.748445715887114,1.0232281684875488,1.4828718900680542,1.385966181755066,0.14120164513587952,-0.20203930139541626,-0.25356435775756836,1.7782007455825806,0.005770683288574219
2.2953692115143927,8.685684636642874,1.8837445108079265,1.8837445108079265,-0.13623677211631896,1.029723882675171,1.4473352432250977,1.386584758758545,0.14477072656154633,-0.20315003395080566,-0.3148292303085327,1.7782260179519653,-0.4568246603012085
2.299749687108886,4.541489506974502,1.7408965786821122,1.7408965786821122,-1.2033346710666692,1.0360639095306396,1.425237774848938,1.387218952178955,0.16057130694389343,-0.20452913641929626,-0.25583937764167786,1.7762248516082764,-0.6342066526412964
2.304130162703379,6.5982471933252524,0.4271854385983207,0.4271854385983207,1.8142857876739733,1.0423071384429932,1.379357933998108,1.3879222869873047,0.15537486970424652,-0.20564983785152435,-0.16985848546028137,1.7734466791152954,-1.310041904449463
2.3085106382978724,6.084578105586769,0.6295999685212228,0.6295999685212228,-0.44357635421454955,1.048349380493164,1.4204883575439453,1.38860285282135,0.14464817941188812,-0.20639389753341675,-0.21036621928215027,1.7677080631256104,-0.4564799666404724
2.3128911138923653,8.131387708321867,-1.3198458390466368,-1.3198458390466368,0.49223263213212715,1.0545717477798462,1.3943778276443481,1.3892364501953125,0.14481966197490692,-0.20731540024280548,-0.1790260672569275,1.7657084465026855,-0.7588174343109131
2.3172715894868583,5.730405915597353,-0.9479230019420516,-0.9479230019420516,0.7480279925795159,1.0606797933578491,1.3923420906066895,1.3898708820343018,0.15286865830421448,-0.2080996185541153,-0.2319445013999939,1.7623844146728516,-0.603691816329956
2.321652065081352,7.742743510446746,2.1773399556180966,2.1773399556180966,0.4662769564222268,1.0667788982391357,1.403086543083191,1.3905404806137085,0.14351147413253784,-0.2091156393289566,-0.2814716398715973,1.7597399950027466,-0.28732189536094666
2.3260325406758446,7.864382221784986,0.422398542316762,0.422398542316762,1.0332220839035473,1.072925090789795,1.4010716676712036,1.3911690711975098,0.14927850663661957,-0.21034862101078033,-0.2315031737089157,1.7584813833236694,-0.13994278013706207
2.330413016270338,5.653450409438935,0.4443251256427915,0.4443251256427915,0.16723339673420187,1.0790624618530273,1.4159687757492065,1.3918229341506958,0.152596578001976,-0.21136271953582764,-0.24934116005897522,1.7578684091567993,0.29802876710891724
2.334793491864831,8.356872273250753,-3.2348449125046455,-3.2348449125046455,-0.2880629475202858,1.085265040397644,1.4091490507125854,1.392491340637207,0.14619556069374084,-0.21245495975017548,-0.2412492036819458,1.75917387008667,0.3163476884365082
2.339173967459324,6.64030257406024,1.8239997924470288,1.8239997924470288,-0.5401345135195702,1.091437816619873,1.3827171325683594,1.3931317329406738,0.16038185358047485,-0.21351175010204315,-0.32730457186698914,1.7605596780776978,0.06712979078292847
2.3435544430538173,5.881725272478554,-0.038759077313853835,-0.038759077313853835,1.2663334783780604,1.0974947214126587,1.3521968126296997,1.3938342332839966,0.1646736115217209,-0.2149454951286316,-0.25826436281204224,1.7608537673950195,-0.29168522357940674
2.3479349186483103,10.676814183074905,-0.7271639479329832,-0.7271639479329832,0.009393314420085883,1.103417992591858,1.3780697584152222,1.3945555686950684,0.15334933996200562,-0.2160768210887909,-0.2963772118091583,1.7595760822296143,0.28896385431289673
2.3523153942428032,9.758231573160757,-1.533002756195145,-1.533002756195145,0.07537117443626318,1.10945463180542,1.3554438352584839,1.395227313041687,0.18119125068187714,-0.21737509965896606,-0.31788700819015503,1.7608418464660645,0.1637578010559082
2.3566958698372966,5.127659500122681,-0.9420895306257715,-0.9420895306257715,-0.30560255366505895,1.1153920888900757,1.3366724252700806,1.3960210084915161,0.20256173610687256,-0.21876759827136993,-0.36485663056373596,1.7615591287612915,0.08301593363285065
2.3610763454317896,9.783647469712735,1.1894322234192967,1.1894322234192967,-0.2707356302858667,1.1212472915649414,1.3162636756896973,1.3969082832336426,0.19542047381401062,-0.22036583721637726,-0.38344407081604004,1.761922836303711,-0.13754193484783173
2.3654568210262825,8.760627366870835,1.1756958555107901,1.1756958555107901,0.24732100750386168,1.1270132064819336,1.2866742610931396,1.3977643251419067,0.2189706563949585,-0.22204551100730896,-0.34080255031585693,1.7613203525543213,-0.3980117440223694
2.369837296620776,6.697994144899007,0.005686753208217515,0.005686753208217515,0.03228185972086833,1.1326494216918945,1.2749292850494385,1.3987234830856323,0.23263372480869293,-0.2235383838415146,-0.31369104981422424,1.7595769166946411,-0.37923452258110046
2.374217772215269,3.803619005364162,-0.18529657797785015,-0.18529657797785015,-0.30405630683952267,1.138234257698059,1.261123776435852,1.3997424840927124,0.23385263979434967,-0.22491249442100525,-0.3144676983356476,1.757915735244751,-0.44560617208480835
2.3785982478097623,8.113145884468992,2.6633097448433056,2.6633097448433056,0.24079237969351558,1.1437585353851318,1.243450403213501,1.4007668495178223,0.21778790652751923,-0.2262900173664093,-0.3109995424747467,1.7559638023376465,-0.6493346095085144
2.382978723404255,9.438877883362323,1.0783535225828322,1.0783535225828322,-0.06217015722570085,1.1492054462432861,1.2327101230621338,1.4017208814620972,0.2270788550376892,-0.22765234112739563,-0.24025435745716095,1.7531193494796753,-0.6256366968154907
2.387359198998748,9.469849353303204,1.1117094618379182,1.1117094618379182,-0.3958151316155833,1.1546052694320679,1.209751009941101,1.4027155637741089,0.24683579802513123,-0.2287047654390335,-0.2069474458694458,1.7503787279129028,-0.7740000486373901
2.391739674593241,7.268004204186401,1.1756062184021059,1.1756062184021059,-0.9112941815989261,1.1599045991897583,1.176519751548767,1.4037967920303345,0.2685428857803345,-0.22961129248142242,-0.1629229485988617,1.746988296508789,-1.0941587686538696
2.3961201501877345,7.460735009037776,0.8568672071492078,0.8568672071492078,0.9361024355417225,1.1650583744049072,1.132465124130249,1.4049731492996216,0.27824854850769043,-0.23032496869564056,-0.1019788384437561,1.7421953678131104,-1.6523051261901855
2.400500625782228,7.446270247911622,-1.18130654558056,-1.18130654558056,0.3387076544564117,1.1700191497802734,1.1441906690597534,1.4061920642852783,0.2789115011692047,-0.23077169060707092,-0.10429275780916214,1.7349574565887451,-1.260308027267456
2.404881101376721,5.8845439788429115,-0.4678424605719931,-0.4678424605719931,0.7962899877882188,1.175031304359436,1.137870192527771,1.4074138402938843,0.2829420268535614,-0.2312285453081131,-0.14868199825286865,1.7294367551803589,-1.174424648284912
2.409261576971214,6.079815385907654,0.7800869872907565,0.7800869872907565,-0.03445225741737959,1.1800156831741333,1.1490498781204224,1.4086532592773438,0.2745096683502197,-0.2318798452615738,-0.18559867143630981,1.7242921590805054,-0.8333995342254639
2.413642052565707,8.136667537490188,-1.1251945797183147,-1.1251945797183147,0.648745203888075,1.185049057006836,1.1344751119613647,1.4098557233810425,0.27155986428260803,-0.23269285261631012,-0.16181154549121857,1.7206414937973022,-0.9218190908432007
2.4180225281602,8.600194770195994,-0.13388766542135272,-0.13388766542135272,0.07920702790459067,1.190018653869629,1.1362121105194092,1.4110453128814697,0.27892133593559265,-0.23340167105197906,-0.21361620724201202,1.7166035175323486,-0.6815571784973145
2.422403003754693,4.690698420108781,0.5291763294517953,0.5291763294517953,0.40493240071830805,1.1949957609176636,1.1195284128189087,1.4122670888900757,0.2920320928096771,-0.23433740437030792,-0.21983924508094788,1.7136179208755493,-0.7392041683197021
2.4267834793491865,3.961155762858196,1.0930455758157485,1.0930455758157485,0.11034190193350357,1.1998997926712036,1.1214771270751953,1.4135463237762451,0.277965247631073,-0.23530040681362152,-0.21621093153953552,1.7103798389434814,-0.5840344429016113
2.4311639549436794,5.015578744034239,-1.2233505208547806,-1.2233505208547806,0.7759730978425039,1.2048124074935913,1.1160293817520142,1.4147639274597168,0.26044762134552,-0.23624750971794128,-0.18751287460327148,1.7078214883804321,-0.57204669713974
2.4355444305381724,7.0724773095619415,-1.5952034679010965,-1.5952034679010965,-0.8379818898976101,1.2097011804580688,1.128609538078308,1.4159047603607178,0.24703854322433472,-0.23706890642642975,-0.24589946866035461,1.7053157091140747,-0.22888559103012085
2.4399249061326658,7.748911516829587,-0.04735352979418822,-0.04735352979418822,0.49099687604595954,1.2146450281143188,1.0871473550796509,1.4169869422912598,0.2539334297180176,-0.23814606666564941,-0.26801273226737976,1.704313039779663,-0.7399562001228333
2.4443053817271587,9.425505727163959,0.9564202313620462,0.9564202313620462,0.574115695896193,1.2194072008132935,1.084829330444336,1.418099284172058,0.25962308049201965,-0.2393200844526291,-0.2837342619895935,1.7010717391967773,-0.574055016040802
2.448685857321652,7.356159676544464,2.091109035763262,2.091109035763262,0.30613817885996497,1.2241592407226562,1.0812801122665405,1.4192365407943726,0.27603915333747864,-0.24056297540664673,-0.2725697457790375,1.6985571384429932,-0.38360437750816345
2.453066332916145,5.749819830383728,-0.0750167490369188,-0.0750167490369188,0.2308723589773331,1.2288957834243774,1.0741206407546997,1.4204456806182861,0.2800102233886719,-0.24175696074962616,-0.22044293582439423,1.6968767642974854,-0.3078088164329529
2.457446808510638,2.9802668694266896,1.4134225312238107,1.4134225312238107,0.8260379945310713,1.2336009740829468,1.0682282447814941,1.4216722249984741,0.2737627923488617,-0.24272260069847107,-0.22937586903572083,1.6955283880233765,-0.252818763256073
2.4618272841051314,7.457921960584909,1.046597568233031,1.046597568233031,-1.7245845305163756,1.2382802963256836,1.0868306159973145,1.422871470451355,0.24710190296173096,-0.24372737109661102,-0.2122223824262619,1.6944209337234497,0.13958275318145752
2.4662077596996244,9.29054103285495,-0.9985208986407967,-0.9985208986407967,1.6968709166806804,1.2430411577224731,1.0169923305511475,1.423953890800476,0.25949540734291077,-0.2446570098400116,-0.1312950849533081,1.6950323581695557,-0.8316112160682678
2.4705882352941178,6.592150960575343,-0.22162992005494925,-0.22162992005494925,-0.4323245528497998,1.2474960088729858,1.0478852987289429,1.4250905513763428,0.27061858773231506,-0.24523214995861053,-0.21000906825065613,1.691389560699463,-0.0611112117767334
2.4749687108886107,7.518108088491269,-0.6633097011331854,-0.6633097011331854,1.0823989486047558,1.2520862817764282,1.019613265991211,1.4262759685516357,0.2723526656627655,-0.2461520880460739,-0.20385611057281494,1.6911218166351318,-0.35673075914382935
2.479349186483104,2.55659601605538,0.961283111539218,0.961283111539218,-1.2358988043647712,1.2565526962280273,1.0356775522232056,1.42746901512146,0.27447089552879333,-0.24704506993293762,-0.2548363506793976,1.6895592212677002,0.11752960085868835
2.483729662077597,5.66561670652856,0.6478953695548963,0.6478953695548963,-0.13470021190585751,1.2610894441604614,0.9918811321258545,1.4286713600158691,0.25272729992866516,-0.24816137552261353,-0.19067168235778809,1.69007408618927,-0.547385573387146
2.48811013767209,6.509031287675356,0.5118929870288,0.5118929870288,0.39353562155210475,1.2654343843460083,0.9747205972671509,1.4297784566879272,0.24718384444713593,-0.24899661540985107,-0.16781741380691528,1.6876763105392456,-0.6797077655792236
2.492490613266583,6.98087503443738,2.3822859220234744,2.3822859220234744,-0.4761292749730364,1.2697041034698486,0.9718208312988281,1.430861234664917,0.2451716661453247,-0.24973173439502716,-0.16436100006103516,1.6846988201141357,-0.5490005016326904
2.4968710888610763,7.881924932522805,0.6268790507984819,0.6268790507984819,1.5704970509052094,1.2739611864089966,0.9411191344261169,1.43193519115448,0.24934951961040497,-0.2504517138004303,-0.08088621497154236,1.6822938919067383,-0.8710428476333618
2.5012515644555693,2.095253106101138,0.16180080641905575,0.16180080641905575,-0.06209107676237011,1.2780836820602417,0.9712061285972595,1.4330275058746338,0.2521865665912628,-0.2508060336112976,-0.10844285041093826,1.6784783601760864,-0.1483534574508667
2.5056320400500622,9.543686936669484,1.1825596734299149,1.1825596734299149,-0.005927330184419266,1.28233802318573,0.9644780158996582,1.4341322183609009,0.2230735868215561,-0.2512810528278351,-0.10190449655056,1.6778285503387451,-0.20307037234306335
2.510012515644556,9.92087952891208,0.41030660545744346,0.41030660545744346,0.41245993230595335,1.2865629196166992,0.9423196315765381,1.4351093769073486,0.24231308698654175,-0.251727432012558,-0.06719690561294556,1.6769390106201172,-0.30962011218070984
2.5143929912390486,7.291596836141265,2.551673794434233,2.551673794434233,-0.4430014155549089,1.2906907796859741,0.9321345686912537,1.4361708164215088,0.2626120448112488,-0.25202178955078125,-0.0672597885131836,1.675582766532898,-0.20461338758468628
2.518773466833542,3.5126969983251906,0.5896532154215711,0.5896532154215711,-0.8693613905416409,1.2947739362716675,0.9017032980918884,1.4373211860656738,0.2685645818710327,-0.252316415309906,0.020194217562675476,1.6746864318847656,-0.5115680694580078
2.523153942428035,6.764311292523089,-1.3677675443161021,-1.3677675443161021,0.7273976677481115,1.298723816871643,0.8668583631515503,1.4384976625442505,0.2511918246746063,-0.2522279620170593,0.06280206888914108,1.67244553565979,-0.9972724318504333
2.527534418022528,8.113180979205401,0.2786341842435425,0.2786341842435425,0.1432166468710949,1.3025211095809937,0.8736417889595032,1.4395979642868042,0.24972514808177948,-0.2519528567790985,0.001616600900888443,1.668076992034912,-0.6950613260269165
2.5319148936170213,6.162530547620996,-0.5062469174567175,-0.5062469174567175,1.6594007217293507,1.3063480854034424,0.8594433069229126,1.4406918287277222,0.2590028941631317,-0.25194576382637024,0.005571222398430109,1.6650322675704956,-0.7071340680122375
2.536295369211514,6.383508531159737,0.8949928800611662,0.8949928800611662,-0.7315478758448397,1.3101128339767456,0.8964251279830933,1.441826343536377,0.2511667013168335,-0.2519213557243347,-0.05767255276441574,1.661934733390808,0.08299660682678223
2.540675844806008,7.995327050702019,0.3377605341452313,0.3377605341452313,0.1531897198967135,1.3140395879745483,0.8593350052833557,1.4429265260696411,0.2517693042755127,-0.2521739900112152,-0.01017240434885025,1.662298321723938,-0.3602364659309387
2.545056320400501,9.346799606365309,1.6751798485976919,1.6751798485976919,-0.1047341285530352,1.3178038597106934,0.8457884788513184,1.444029450416565,0.260330468416214,-0.2522185444831848,-0.004782351199537516,1.6607203483581543,-0.36463242769241333
2.549436795994993,7.703562293771896,-0.25842899532805136,-0.25842899532805136,0.4795515156850121,1.321508765220642,0.821233868598938,1.4451698064804077,0.27839213609695435,-0.25223949551582336,0.047196779400110245,1.6591230630874634,-0.5155543088912964
2.553817271589487,6.850494099644057,1.833819721527791,1.833819721527791,-0.9376087815544162,1.325106143951416,0.8184418082237244,1.4463893175125122,0.28412503004074097,-0.2520327568054199,0.025645408779382706,1.6568646430969238,-0.34809696674346924
2.55819774718398,7.061299882597262,1.0637902611808574,1.0637902611808574,0.8060526618300883,1.3286913633346558,0.7739776372909546,1.4476338624954224,0.2881404757499695,-0.2519204318523407,0.10657991468906403,1.6553398370742798,-0.9013434052467346
2.562578222778473,12.250037919133412,1.3997350977754683,1.3997350977754683,-0.5610191348925961,1.3320817947387695,0.7827662229537964,1.448896050453186,0.288740873336792,-0.25145354866981506,0.1141066700220108,1.6513915061950684,-0.5582200288772583
2.566958698372966,7.677408992284731,0.9677625359918555,0.9677625359918555,1.0324431835125363,1.3355107307434082,0.7377879023551941,1.4501608610153198,0.3266671895980835,-0.25095370411872864,0.17136691510677338,1.6489462852478027,-0.9706954956054688
2.571339173967459,6.055319974353018,-0.034579745189393385,-0.034579745189393385,-0.06754778863130419,1.3387426137924194,0.7523130178451538,1.4515918493270874,0.3308243155479431,-0.25020304322242737,0.16947802901268005,1.644694209098816,-0.5155923366546631
2.575719649561952,6.973213528791632,-0.019036250733878213,-0.019036250733878213,1.0870289303017326,1.3420381546020508,0.7366737127304077,1.4530410766601562,0.3272572457790375,-0.24946065247058868,0.17044079303741455,1.6424356698989868,-0.6100178360939026
2.580100125156445,4.481444635990622,1.3865804133749915,1.3865804133749915,0.8558923466994495,1.3452651500701904,0.7546587586402893,1.4544745683670044,0.3270590901374817,-0.24871404469013214,0.13814018666744232,1.6397634744644165,-0.11812326312065125
2.5844806007509384,6.138110883389356,1.9086029783720033,1.9086029783720033,0.19404279611678196,1.3485709428787231,0.7711259722709656,1.4559072256088257,0.31135427951812744,-0.24810892343521118,0.15363796055316925,1.6392459869384766,0.27947670221328735
2.588861076345432,8.16051808009676,-1.5799950432887342,-1.5799950432887342,-1.0980459627751293,1.351948857307434,0.7635374069213867,1.4572710990905762,0.30780524015426636,-0.24743591248989105,0.20370855927467346,1.640470266342163,0.3203451931476593
2.593241551939925,6.590598942560106,-1.6299312357861522,-1.6299312357861522,0.6423790062653393,1.3552935123443604,0.7116454243659973,1.458619475364685,0.3201706111431122,-0.24654357135295868,0.18963411450386047,1.6418734788894653,-0.32396718859672546
2.5976220275344177,6.479378695928247,1.2566397043297246,1.2566397043297246,-0.9519427248682425,1.3584108352661133,0.7169383764266968,1.46002197265625,0.31857985258102417,-0.24571287631988525,0.12327545136213303,1.6404542922973633,-0.056713253259658813
2.602002503128911,6.742239707724015,0.5487418869138052,0.5487418869138052,0.5956539175112648,1.3615514039993286,0.6733588576316833,1.461417555809021,0.31975436210632324,-0.2451728731393814,0.18777304887771606,1.6402058601379395,-0.6092236042022705
2.606382978723404,5.098310678207512,-1.0156621944417656,-1.0156621944417656,-0.25685196441297325,1.3645009994506836,0.6769691705703735,1.4628182649612427,0.3192182183265686,-0.2443503439426422,0.1864030659198761,1.6375371217727661,-0.36690106987953186
2.610763454317897,5.524822570348081,1.5887663331796853,1.5887663331796853,-0.3869865973381029,1.3674664497375488,0.6579402685165405,1.4642165899276733,0.30986589193344116,-0.24353380501270294,0.1642434000968933,1.6359299421310425,-0.5474682450294495
2.6151439299123904,4.277200628020701,0.9030467458370154,0.9030467458370154,0.021104591854777463,1.370348572731018,0.6340158581733704,1.4655739068984985,0.3034912943840027,-0.2428143471479416,0.22194164991378784,1.6335318088531494,-0.7987130880355835
2.619524405506884,4.554421957677336,0.5287727769267008,0.5287727769267008,0.40045525852927,1.3731259107589722,0.6254266500473022,1.4669033288955688,0.28809934854507446,-0.2418421357870102,0.2476971596479416,1.630033016204834,-0.8276287913322449
2.6239048811013768,5.794987399572311,2.243200430154019,2.243200430154019,0.1208137822470477,1.3758655786514282,0.6280133724212646,1.468165397644043,0.27379998564720154,-0.24075710773468018,0.25144442915916443,1.6264076232910156,-0.6631112694740295
2.6282853566958697,7.1992431406770745,0.22992236542584976,0.22992236542584976,0.38192717889073313,1.3786165714263916,0.6194016337394714,1.4693647623062134,0.26814505457878113,-0.23965565860271454,0.31342485547065735,1.6235028505325317,-0.6532121300697327
2.6326658322903627,8.357550295143913,0.7138055893980989,0.7138055893980989,-0.8105614878887433,1.381329894065857,0.6159668564796448,1.4705393314361572,0.27119871973991394,-0.238282710313797,0.3089858293533325,1.6206414699554443,-0.5206365585327148
2.637046307884856,5.61404341139628,3.3348446777113327,3.3348446777113327,1.1358881147936193,1.3840280771255493,0.5733940005302429,1.4717272520065308,0.28368985652923584,-0.23692920804023743,0.35350218415260315,1.6183608770370483,-1.0116103887557983
2.641426783479349,5.322170262924512,-0.31816928550343837,-0.31816928550343837,0.40267802774737205,1.3865398168563843,0.596772313117981,1.472969889640808,0.27524763345718384,-0.23538069427013397,0.41771867871284485,1.6139295101165771,-0.4752170443534851
2.645807259073842,7.50161934906068,-1.5705428985414573,-1.5705428985414573,0.17451210170361026,1.3891539573669434,0.5982334613800049,1.4741755723953247,0.2662501037120819,-0.23355089128017426,0.3966676592826843,1.6118478775024414,-0.3130362033843994
2.650187734668336,6.890672654479129,-4.416598736835298,-4.416598736835298,0.5916330132336238,1.3917745351791382,0.5882935523986816,1.4753419160842896,0.27176976203918457,-0.23181329667568207,0.3457065224647522,1.6104766130447388,-0.2860439419746399
2.6545682102628283,5.484196084680244,-0.7917402785576633,-0.7917402785576633,-0.6162564723991286,1.3943514823913574,0.592606782913208,1.4765323400497437,0.27283206582069397,-0.2302989363670349,0.19945028424263,1.6092236042022705,-0.03842359781265259
2.6589486858573217,4.864329441577065,-0.24480538671911872,-0.24480538671911872,-0.4203701842567478,1.3969473838806152,0.5625295042991638,1.4777275323867798,0.2662409543991089,-0.22942525148391724,0.19432559609413147,1.6090552806854248,-0.40089550614356995
2.663329161451814,6.585564038888419,-0.3920156981832019,-0.3920156981832019,0.7766321618477248,1.3994115591049194,0.539787232875824,1.478893756866455,0.25534939765930176,-0.2285740077495575,0.19945263862609863,1.6072992086410522,-0.6572221517562866
2.667709637046308,7.982060575809405,-0.7021357605912268,-0.7021357605912268,0.03951758429339386,1.4017760753631592,0.5506481528282166,1.48001229763031,0.2542053461074829,-0.22770030796527863,0.16532441973686218,1.6044203042984009,-0.3105149567127228
2.672090112640801,6.271596445195409,1.8059681951694584,1.8059681951694584,-0.08306125055650618,1.4041881561279297,0.5360472202301025,1.481125831604004,0.26306217908859253,-0.22697611153125763,0.14366579055786133,1.6030601263046265,-0.35392919182777405
2.676470588235294,5.847145534746051,-0.4300299902881932,-0.4300299902881932,-0.12084433219415715,1.406536340713501,0.5211006999015808,1.4822782278060913,0.26091668009757996,-0.22634679079055786,0.1988314390182495,1.601509690284729,-0.4464302957057953
2.6808510638297878,7.464310927745796,-0.5414871319732366,-0.5414871319732366,0.28735286100056934,1.4088189601898193,0.5058700442314148,1.4834212064743042,0.25602439045906067,-0.22547581791877747,0.18980224430561066,1.5995540618896484,-0.5546485781669617
2.6852315394242803,8.70364019781902,-0.49080417734929294,-0.49080417734929294,-0.4822300185511266,1.4110349416732788,0.5001567602157593,1.484542727470398,0.2612498104572296,-0.22464439272880554,0.16559748351573944,1.597124457359314,-0.46467894315719604
2.689612015018773,7.138546756922751,1.632956029238747,1.632956029238747,1.2144096672420959,1.4132258892059326,0.4683302342891693,1.4856871366500854,0.27520525455474854,-0.22391900420188904,0.16534708440303802,1.5950889587402344,-0.7799254655838013
2.6939924906132666,5.671415117589325,0.2150211846665745,0.2150211846665745,0.6441134762435631,1.415277361869812,0.49206113815307617,1.4868927001953125,0.2775765061378479,-0.22319470345973969,0.17756997048854828,1.5916725397109985,-0.2085893154144287
2.69837296620776,3.0498968836622775,0.4235516732807467,0.4235516732807467,0.3092039776564247,1.4174327850341797,0.5010736584663391,1.4881086349487305,0.27104946970939636,-0.22241686284542084,0.16503912210464478,1.5907588005065918,0.08082577586174011
2.7027534418022525,9.224571204232145,1.8541856721695102,1.8541856721695102,-0.00709232227151832,1.4196276664733887,0.5047957897186279,1.4892959594726562,0.24771535396575928,-0.22169391810894012,0.16837844252586365,1.5911128520965576,0.21746689081192017
2.707133917396746,5.806774949962278,0.7441202868387309,0.7441202868387309,-1.2346491135445177,1.4218388795852661,0.48697027564048767,1.490381121635437,0.2647256851196289,-0.22095634043216705,0.22273366153240204,1.592065453529358,0.14545190334320068
2.711514392991239,5.660224016419174,-2.6534675433681145,-2.6534675433681145,-0.15467875628169875,1.4239720106124878,0.4377427399158478,1.491540789604187,0.26033198833465576,-0.2199806571006775,0.2805199921131134,1.5927026271820068,-0.5336108207702637
2.715894868585732,2.751158913744003,1.7506780601512009,1.7506780601512009,-0.5934450982633993,1.425889492034912,0.422220379114151,1.4926811456680298,0.25421807169914246,-0.21875184774398804,0.20754742622375488,1.5903651714324951,-0.655214786529541
2.720275344180225,6.816172705119235,0.8290742903843334,0.8290742903843334,0.37465516885600436,1.4277390241622925,0.39869067072868347,1.4937947988510132,0.2293941229581833,-0.217842698097229,0.27600324153900146,1.587494969367981,-0.9809936285018921
2.724655819774718,6.780059564012129,-0.6529395684446605,-0.6529395684446605,0.5856420088715719,1.4294854402542114,0.39752307534217834,1.4947996139526367,0.23032885789871216,-0.21663367748260498,0.2892737090587616,1.5831977128982544,-0.8369848728179932
2.729036295369212,7.599921617771189,1.751151074862515,1.751151074862515,0.3969618860959888,1.4312267303466797,0.4030700623989105,1.4958086013793945,0.23106464743614197,-0.21536652743816376,0.25310319662094116,1.5795313119888306,-0.5829095244407654
2.7334167709637045,8.233255034243932,-1.6969574912422796,-1.6969574912422796,0.7396657735397533,1.4329923391342163,0.40139660239219666,1.4968208074569702,0.23734880983829498,-0.21425782144069672,0.2926498055458069,1.5769778490066528,-0.4306532144546509
2.737797246558197,5.4535159670393405,-0.21693166257816696,-0.21693166257816696,-0.7223242994916461,1.4347506761550903,0.40927261114120483,1.4978605508804321,0.2477644681930542,-0.21297587454319,0.2214926779270172,1.5750913619995117,-0.10530617833137512
2.742177722152691,4.267753580876318,1.078516644938117,1.078516644938117,-0.8823721207961047,1.4365434646606445,0.37708038091659546,1.4989458322525024,0.24037958681583405,-0.2120056301355362,0.23625174164772034,1.5746300220489502,-0.5137423276901245
2.746558197747184,8.06936848005195,0.11938886013890596,0.11938886013890596,1.2998383555683444,1.4381952285766602,0.3421197831630707,1.4999988079071045,0.22522425651550293,-0.21097072958946228,0.2935159206390381,1.5723795890808105,-0.9965336322784424
2.750938673341677,5.573545662854591,-0.06901842576068457,-0.06901842576068457,-0.4610497304018316,1.4396939277648926,0.3679046034812927,1.5009853839874268,0.23446081578731537,-0.20968498289585114,0.25904303789138794,1.5680142641067505,-0.37960076332092285
2.75531914893617,7.3663764295993825,1.2068109286426525,1.2068109286426525,-0.10051208175403822,1.4413055181503296,0.34379899501800537,1.5020124912261963,0.22769668698310852,-0.20855024456977844,0.2704916000366211,1.5663514137268066,-0.6525024175643921
2.759699624530663,7.813230641475385,0.8087621408210861,0.8087621408210861,-0.4318802222482692,1.4428114891052246,0.327766478061676,1.5030099153518677,0.23256340622901917,-0.20736536383628845,0.3086695671081543,1.5634931325912476,-0.7504490613937378
2.7640801001251565,4.930587794113622,-0.7457183328067025,-0.7457183328067025,0.08322779174122549,1.4442472457885742,0.30082178115844727,1.5040286779403687,0.24022462964057922,-0.2060132473707199,0.3449002504348755,1.5602058172225952,-1.0209338665008545
2.768460575719649,6.425836116121109,0.5927786132067173,0.5927786132067173,1.065457596976031,1.4455649852752686,0.29490649700164795,1.5050809383392334,0.22911663353443146,-0.2045024186372757,0.32069239020347595,1.5557336807250977,-1.0076680183410645
2.7728410513141424,6.280758337676155,0.32283211324078154,0.32283211324078154,0.22364373779783092,1.4468568563461304,0.31692036986351013,1.5060845613479614,0.2282266467809677,-0.2030976265668869,0.3068886697292328,1.5513195991516113,-0.4962475895881653
2.777221526908636,5.46027841429787,-1.5177332399496875,-1.5177332399496875,-0.29624808504790895,1.4482451677322388,0.3132738173007965,1.5070842504501343,0.22623589634895325,-0.20175330340862274,0.30978527665138245,1.5491458177566528,-0.416506826877594
2.7816020025031287,8.089454899988295,-0.37033232332168003,-0.37033232332168003,1.9315199348074823,1.4496175050735474,0.29501670598983765,1.50807523727417,0.21859337389469147,-0.20039629936218262,0.27411404252052307,1.5473213195800781,-0.5993558168411255
2.7859824780976217,6.361257903689437,0.3501271296464455,0.3501271296464455,-0.9648392566504491,1.4509098529815674,0.3413684070110321,1.5090327262878418,0.22964227199554443,-0.19919554889202118,0.20689266920089722,1.5446958541870117,0.3515823483467102
2.790362953692115,5.1918247069291095,1.015061357363541,1.015061357363541,-0.8647909392797858,1.4524052143096924,0.3011307716369629,1.5100386142730713,0.2273167371749878,-0.19828926026821136,0.24529385566711426,1.5462359189987183,-0.17930501699447632
2.794743429286608,10.066023367361607,1.6781541420166162,1.6781541420166162,0.19911376719895385,1.4537242650985718,0.2659231126308441,1.511034369468689,0.2175242304801941,-0.1972147524356842,0.3001914918422699,1.5454504489898682,-0.652527391910553
2.7991239048811014,6.194913676847925,0.17175981622359476,0.17175981622359476,-0.39168352069288176,1.454889178276062,0.2557561993598938,1.5119872093200684,0.24022804200649261,-0.19589976966381073,0.34338414669036865,1.5425920486450195,-0.6031945943832397
2.8035043804755944,6.706559634085407,-0.38040734950216815,-0.38040734950216815,0.853873408793037,1.4560095071792603,0.233705535531044,1.513039469718933,0.23721656203269958,-0.19439558684825897,0.35983848571777344,1.5399497747421265,-0.8369326591491699
2.8078848560700878,5.455015986017535,0.5885182859140725,0.5885182859140725,-0.42761096825189227,1.4570332765579224,0.2494521141052246,1.5140786170959473,0.2386181801557541,-0.19281932711601257,0.32379359006881714,1.5362836122512817,-0.4308522641658783
2.8122653316645807,4.991382944700803,2.447269225251165,2.447269225251165,0.7814555908629301,1.4581259489059448,0.22768430411815643,1.5151238441467285,0.23072803020477295,-0.19140096008777618,0.35346779227256775,1.5343962907791138,-0.6777156591415405
2.8166458072590737,6.897586852164733,1.4001532485489638,1.4001532485489638,0.9271688634895846,1.4591233730316162,0.24408677220344543,1.51613450050354,0.2210843414068222,-0.18985261023044586,0.4021148383617401,1.5314276218414307,-0.29900071024894714
2.821026282853567,5.401302475821117,2.3549824031324196,2.3549824031324196,0.49158575385346437,1.4601925611495972,0.2621525526046753,1.5171029567718506,0.22423522174358368,-0.18809115886688232,0.4159274697303772,1.5301178693771362,0.14662620425224304
2.82540675844806,8.174569876854479,3.4110673657252613,3.4110673657252613,-0.0836368018548833,1.4613409042358398,0.2691464126110077,1.518085241317749,0.2171390801668167,-0.18626919388771057,0.47034454345703125,1.5307601690292358,0.3753194510936737
2.829787234042553,7.5137951321757335,-0.04494345449816681,-0.04494345449816681,-0.22628036524607484,1.462519884109497,0.2542760372161865,1.5190364122390747,0.22741644084453583,-0.18420885503292084,0.5724009871482849,1.5324043035507202,0.2954031229019165
2.8341677096370463,8.581948477970174,1.0604403785041783,1.0604403785041783,-0.40342059803975133,1.4636337757110596,0.23609735071659088,1.5200326442718506,0.23324966430664062,-0.18170146644115448,0.5776966214179993,1.533698320388794,0.1450813114643097
2.8385481852315397,4.683383414443539,2.1126892016993675,2.1126892016993675,-0.37656859598785564,1.4646680355072021,0.21101319789886475,1.5210543870925903,0.24591554701328278,-0.1791708767414093,0.6204460263252258,1.5343338251113892,-0.10096967220306396
2.842928660826032,5.305623135374228,1.3387194642686882,1.3387194642686882,-0.12403337762483789,1.465592384338379,0.19258436560630798,1.5221315622329712,0.23315021395683289,-0.17645302414894104,0.6931402683258057,1.5338915586471558,-0.31554508209228516
2.8473091364205256,5.11959817482961,2.0014263051051913,2.0014263051051913,0.7324282458181112,1.4664360284805298,0.18118327856063843,1.5231528282165527,0.22473198175430298,-0.17341673374176025,0.7358573079109192,1.5325093269348145,-0.40225788950920105
2.8516896120150186,5.0004416095157245,-0.9184018453184384,-0.9184018453184384,0.2918402132734185,1.4672297239303589,0.19665680825710297,1.524137258529663,0.21610622107982635,-0.17019332945346832,0.7729160785675049,1.5307472944259644,-0.04629725217819214
2.8560700876095115,3.0476053825722795,1.8121196964807667,1.8121196964807667,-0.13540400505724481,1.4680911302566528,0.19883215427398682,1.5250838994979858,0.20625455677509308,-0.16680759191513062,0.7375731468200684,1.5305445194244385,0.08396826684474945
2.860450563204005,7.425179255799462,-1.5362494679382246,-1.5362494679382246,0.6204181064445486,1.4689620733261108,0.19056643545627594,1.5259873867034912,0.18309009075164795,-0.16357667744159698,0.7944470047950745,1.5309123992919922,0.0023240819573402405
2.864831038798498,8.40418154079465,0.29607167040224214,0.29607167040224214,-0.38284609434811107,1.469796895980835,0.1999872624874115,1.5267894268035889,0.18958628177642822,-0.16009661555290222,0.7314654588699341,1.530922532081604,0.29358533024787903
2.8692115143929917,5.677331688621459,0.5239434061832742,0.5239434061832742,-0.4689157847293337,1.4706729650497437,0.17737030982971191,1.5276199579238892,0.2012779861688614,-0.15689244866371155,0.7512919902801514,1.5322085618972778,0.06520526111125946
2.873591989987484,5.500428747630463,1.2853517870499513,1.2853517870499513,1.4271234609739314,1.4714499711990356,0.1557324379682541,1.5285016298294067,0.19502826035022736,-0.15360143780708313,0.7802866101264954,1.5324941873550415,-0.19706366956233978
2.877972465581977,8.347926264389951,-0.7866782560219756,-0.7866782560219756,-0.7819901849542721,1.4721322059631348,0.1930549442768097,1.5293560028076172,0.18987715244293213,-0.15018340945243835,0.776146411895752,1.5316309928894043,0.5185081958770752
2.8823529411764706,6.383802920851946,0.2895073365096432,0.2895073365096432,0.6058876243039932,1.472977876663208,0.158864364027977,1.530187726020813,0.20076872408390045,-0.1467835158109665,0.7760095000267029,1.5339022874832153,0.08708995580673218
2.8867334167709635,3.187173383854,-0.1572933404763487,-0.1572933404763487,-0.19158762116882422,1.4736738204956055,0.1700730174779892,1.531067132949829,0.20047903060913086,-0.14338421821594238,0.7667701840400696,1.5342837572097778,0.3775455951690674
2.891113892365457,8.527046303781386,-0.3126271517191746,-0.3126271517191746,0.11459336664471052,1.4744188785552979,0.16049134731292725,1.5319453477859497,0.1782298982143402,-0.14002540707588196,0.7677716612815857,1.5359375476837158,0.26834213733673096
2.89549436795995,6.405878855562869,0.7268803232962286,0.7268803232962286,0.1489145411843542,1.4751218557357788,0.15444998443126678,1.5327260494232178,0.1915152370929718,-0.13666220009326935,0.75529545545578,1.537113070487976,0.29969215393066406
2.899874843554443,8.376105727600223,0.8549677533379272,0.8549677533379272,-1.7554464594464108,1.4757983684539795,0.15202142298221588,1.5335649251937866,0.19088104367256165,-0.13335365056991577,0.7721738815307617,1.5384259223937988,0.3560381233692169
2.904255319148936,6.100457824657777,-0.6821615558512055,-0.6821615558512055,0.7023170102919561,1.4764642715454102,0.08878683298826218,1.5344010591506958,0.20133447647094727,-0.12997116148471832,0.8484062552452087,1.5399855375289917,-0.5743386745452881
2.908635794743429,5.809028551549894,0.0745405533727535,0.0745405533727535,1.1242031956283907,1.4768532514572144,0.10411269962787628,1.5352829694747925,0.19917958974838257,-0.12625473737716675,0.8079751133918762,1.5374696254730225,-0.2312365472316742
2.913016270337922,4.639958226732043,-0.9180113307262009,-0.9180113307262009,-0.5045683970371156,1.4773093461990356,0.13298776745796204,1.5361554622650146,0.19568246603012085,-0.12271542102098465,0.7773216366767883,1.5364567041397095,0.33119407296180725
2.9173967459324155,6.381517575151659,-0.6715900732799938,-0.6715900732799938,0.022181822209293503,1.4778919219970703,0.11285440623760223,1.5370126962661743,0.18277649581432343,-0.11931037902832031,0.7652478218078613,1.5379074811935425,0.05861714482307434
2.9217772215269084,4.766757542776655,0.4255092042552875,0.4255092042552875,-0.47928296398789605,1.4783862829208374,0.1074613630771637,1.5378133058547974,0.18197345733642578,-0.11595822870731354,0.7449874877929688,1.5381642580032349,0.053010694682598114
2.9261576971214014,7.39707455469326,-0.21255069826896786,-0.21255069826896786,1.7350083800332845,1.4788570404052734,0.08824088424444199,1.5386104583740234,0.17001309990882874,-0.11269482970237732,0.7714102864265442,1.5383964776992798,-0.20614567399024963
2.930538172715895,6.915672735908174,0.854609319437239,0.854609319437239,0.4168879872584143,1.4792436361312866,0.13522586226463318,1.5393551588058472,0.1776636391878128,-0.10931568592786789,0.7145354151725769,1.5374934673309326,0.6692447662353516
2.934918648310388,5.7668243792441505,-1.4742382697173455,-1.4742382697173455,-1.0012353252973605,1.4798359870910645,0.14211684465408325,1.5401333570480347,0.18073484301567078,-0.106185682117939,0.727318286895752,1.5404250621795654,0.867752194404602
2.939299123904881,2.4828130930977075,-1.6979859226899285,-1.6979859226899285,0.07892971430192483,1.4804584980010986,0.10629669576883316,1.5409250259399414,0.1747746616601944,-0.10299967974424362,0.7135050892829895,1.5442262887954712,0.3384891748428345
2.943679599499374,5.480251670859856,-0.548236771529094,-0.548236771529094,0.0015376910196730625,1.480924129486084,0.10668613761663437,1.5416905879974365,0.1482686996459961,-0.09987419098615646,0.6616135239601135,1.5457090139389038,0.3732852041721344
2.948060075093867,6.742347671672762,2.385450672450189,2.385450672450189,-0.11578131299109107,1.481391429901123,0.10233702510595322,1.5423400402069092,0.14154337346553802,-0.09697601199150085,0.6455583572387695,1.5473442077636719,0.3614153563976288
2.9524405506883604,5.939270889394349,-0.6509158710324618,-0.6509158710324618,-0.6948584275998141,1.481839656829834,0.09349338710308075,1.5429600477218628,0.14310570061206818,-0.09414815902709961,0.7186022400856018,1.5489274263381958,0.28645873069763184
2.9568210262828534,4.509741140669986,-0.3863186497289346,-0.3863186497289346,-0.15555689031146253,1.4822492599487305,0.06749893724918365,1.5435869693756104,0.13898853957653046,-0.09100034087896347,0.719885528087616,1.5501822233200073,-0.08473983407020569
2.9612015018773468,4.879669926519139,0.9939189212127083,0.9939189212127083,-0.42633333277268987,1.4825448989868164,0.05937281996011734,1.5441957712173462,0.1258011758327484,-0.08784689754247665,0.7131465673446655,1.5498110055923462,-0.17467781901359558
2.96558197747184,7.117886232651062,-1.1466488654189928,-1.1466488654189928,1.1268171919883596,1.4828050136566162,0.042737334966659546,1.5447468757629395,0.11489130556583405,-0.08472297340631485,0.7546224594116211,1.5490458011627197,-0.40437203645706177
2.9699624530663327,6.531813235176797,2.2392146948796587,2.2392146948796587,-0.3571141794717926,1.482992172241211,0.07273326814174652,1.5452501773834229,0.11983122676610947,-0.08141736686229706,0.688230037689209,1.5472744703292847,0.16222244501113892
2.974342928660826,8.251330681144589,-0.8781046710789004,-0.8781046710789004,-0.5378538371835463,1.4833108186721802,0.05745565518736839,1.545775055885315,0.11991553008556366,-0.07840259373188019,0.764051079750061,1.5479850769042969,-0.03342150151729584
2.978723404255319,5.2993026951029,-1.3292997924441725,-1.3292997924441725,0.034427084583992316,1.4835624694824219,0.035674840211868286,1.5463002920150757,0.1313064843416214,-0.07505568861961365,0.7541146874427795,1.5478386878967285,-0.32465773820877075
2.983103879849812,6.874095141911801,2.0463579778987957,2.0463579778987957,-0.09133109246521373,1.483718752861023,0.033582258969545364,1.5468754768371582,0.12349849194288254,-0.07175230979919434,0.7142895460128784,1.5464165210723877,-0.3154570758342743
2.9874843554443054,9.582232214314406,-0.17918185952711954,-0.17918185952711954,0.04634155640652395,1.4838658571243286,0.02687467262148857,1.5474164485931396,0.12606115639209747,-0.0686233788728714,0.7767168283462524,1.545034646987915,-0.37256959080696106
2.9918648310387983,7.906346579558156,-0.4553209291038882,-0.4553209291038882,0.48244195157596576,1.4839836359024048,0.023172084242105484,1.5479686260223389,0.14671073853969574,-0.06522098928689957,0.7701308131217957,1.5434026718139648,-0.36139458417892456
2.9962453066332912,7.483033607183202,3.9706792090549934,3.9706792090549934,1.721051205417104,1.4840850830078125,0.03410062566399574,1.5486112833023071,0.15662004053592682,-0.06184744834899902,0.7427451610565186,1.5418195724487305,-0.12212522327899933
3.0006257822277846,4.621041486969638,-0.9355195896216135,-0.9355195896216135,-0.5557126741788845,1.4842344522476196,0.08376282453536987,1.5492973327636719,0.16489358246326447,-0.05859387293457985,0.8084414005279541,1.5412845611572266,0.7568176984786987
3.0050062578222776,5.377194453332988,-0.34899866780447053,-0.34899866780447053,-0.5877523389888368,1.484601378440857,0.06453968584537506,1.55001962184906,0.15196681022644043,-0.055052515119314194,0.7973498106002808,1.5445997714996338,0.46640393137931824
3.009386733416771,3.462653027191082,-2.2538514899002715,-2.2538514899002715,-0.022766768894863162,1.4848841428756714,0.04411480948328972,1.5506852865219116,0.14419668912887573,-0.05155974254012108,0.8043221831321716,1.5466428995132446,0.15884357690811157
3.013767209011264,5.699234352302572,-0.7141367382203384,-0.7141367382203384,-0.27963617874685753,1.4850773811340332,0.042047057300806046,1.5513169765472412,0.12421747297048569,-0.04803643003106117,0.7391674518585205,1.5473387241363525,0.14418178796768188
3.018147684605757,7.746788381262769,0.35954889313072064,0.35954889313072064,0.1308920306309753,1.4852615594863892,0.03132062032818794,1.5518611669540405,0.11892812699079514,-0.04479852318763733,0.726478636264801,1.5479702949523926,-0.004195615649223328
3.0225281602002503,7.334411926065756,-0.3771904782739394,-0.3771904782739394,0.29634514738680157,1.485398769378662,0.03274166211485863,1.5523821115493774,0.12756145000457764,-0.041616201400756836,0.733156144618988,1.5479519367218018,0.05796632170677185
3.0269086357947432,8.488750539141728,-0.9065542187335887,-0.9065542187335887,0.19910567517206873,1.4855421781539917,0.03961621969938278,1.552940845489502,0.1335763931274414,-0.03840462863445282,0.7134867906570435,1.548205852508545,0.20636236667633057
3.0312891113892366,5.679483367509447,-2.038136632149243,-2.038136632149243,-0.8268797717472527,1.4857157468795776,0.04335291311144829,1.5535259246826172,0.14719632267951965,-0.03527921810746193,0.681198000907898,1.5491098165512085,0.304774671792984
3.0356695869837296,7.5488968485257715,-2.2476355848145846,-2.2476355848145846,1.2496600965433853,1.485905647277832,0.016313083469867706,1.5541707277297974,0.1414281129837036,-0.03229524567723274,0.6458254456520081,1.5504448413848877,-0.12355467677116394
3.0400500625782225,2.361003073066661,-0.6657683226195213,-0.6657683226195213,-0.47870715535032743,1.485977053642273,0.053158171474933624,1.5547902584075928,0.14946337044239044,-0.02946622297167778,0.5436933040618896,1.5499036312103271,0.517382025718689
3.044430538172716,7.716298989904351,0.07624071257812963,0.07624071257812963,-1.219151920783313,1.4862098693847656,0.0378592386841774,1.5554449558258057,0.12182147800922394,-0.027084587141871452,0.5382305383682251,1.5521700382232666,0.27016451954841614
3.048811013767209,5.310769398082913,-0.39477767285412785,-0.39477767285412785,-0.9533638130178615,1.4863756895065308,-0.0013458020985126495,1.555978536605835,0.12947595119476318,-0.024726880714297295,0.5760601162910461,1.5533534288406372,-0.35986313223838806
3.053191489361702,7.664320790080782,0.4944000919651891,0.4944000919651891,1.3586240068749735,1.4863698482513428,-0.031767383217811584,1.5565457344055176,0.12129833549261093,-0.022203464061021805,0.5923725962638855,1.5517770051956177,-0.8521559834480286
3.057571964956195,7.270144470708788,1.047862622726934,1.047862622726934,-0.7157206669685774,1.486230731010437,0.009063079953193665,1.5570770502090454,0.1299438774585724,-0.019608590751886368,0.5671344995498657,1.548044204711914,-0.15305644273757935
3.061952440550688,8.999597874986556,0.7672775595441151,0.7672775595441151,0.22461453797277553,1.4862704277038574,-0.013969743624329567,1.5576462745666504,0.13485263288021088,-0.017124272882938385,0.6186367273330688,1.5473737716674805,-0.5210316777229309
3.066332916145181,4.833888089229539,-1.247443594824481,-1.247443594824481,-0.18352230975510686,1.4862092733383179,-0.007944975048303604,1.5582369565963745,0.15187779068946838,-0.0144143495708704,0.6344842314720154,1.5450913906097412,-0.40357550978660583
3.0707133917396745,7.65165775136701,2.030688296083758,2.030688296083758,0.7227361448548577,1.486174464225769,-0.013979598879814148,1.5589022636413574,0.14089635014533997,-0.011635007336735725,0.6034143567085266,1.5433235168457031,-0.4964238405227661
3.0750938673341675,6.752160919471233,-2.0994733086928714,-2.0994733086928714,0.9176769867528437,1.48611319065094,0.007995011284947395,1.5595194101333618,0.1494148075580597,-0.008991764858365059,0.6416106820106506,1.5411489009857178,-0.12038084864616394
3.079474342928661,1.982248412365963,-2.8726985541327243,-2.8726985541327243,0.4750378916317679,1.4861482381820679,0.036214426159858704,1.5601738691329956,0.1522364616394043,-0.006181204691529274,0.5535002946853638,1.5406215190887451,0.35664528608322144
3.083854818523154,4.884798409499028,0.556648063777045,0.556648063777045,-0.20446971626068217,1.48630690574646,0.05090494453907013,1.5608407258987427,0.1228725016117096,-0.0037566099781543016,0.4557357728481293,1.542183756828308,0.6028173565864563
3.0882352941176467,6.668659397877929,-0.9137935825701966,-0.9137935825701966,-0.11946888874350657,1.4865299463272095,0.04469059035181999,1.5613789558410645,0.11214921623468399,-0.0017602704465389252,0.47796282172203064,1.5448243618011475,0.5012450814247131
3.09261576971214,6.5695728289228335,-1.751277003071569,-1.751277003071569,0.7653875395426644,1.4867256879806519,0.04122067615389824,1.5618702173233032,0.11341746151447296,0.0003334342036396265,0.45476603507995605,1.5470200777053833,0.4446965754032135
3.096996245306633,6.3287929597117225,-1.2403996393461179,-1.2403996393461179,0.0015347199347421417,1.4869062900543213,0.06519167870283127,1.5623670816421509,0.11469801515340805,0.002325525740161538,0.38127145171165466,1.5489680767059326,0.8438602685928345
3.1013767209011265,7.026309975314316,0.16184439437179984,0.16184439437179984,0.5014424456370653,1.487191915512085,0.06562486290931702,1.5628695487976074,0.11367785930633545,0.0039956760592758656,0.34500303864479065,1.5526646375656128,0.8493773937225342
3.1057571964956194,6.511989479489717,0.36076956015725137,0.36076956015725137,-0.5387758982150552,1.487479329109192,0.08160722255706787,1.563367486000061,0.11757766455411911,0.005506953224539757,0.3350856900215149,1.5563852787017822,1.1124876737594604
3.1101376720901124,6.2978547875063144,-0.7319132688100631,-0.7319132688100631,-0.7849545494355228,1.4878368377685547,0.06543262302875519,1.56388258934021,0.11739450693130493,0.006974787916988134,0.3613552749156952,1.5612585544586182,0.8389641046524048
3.1145181476846058,6.285904955099286,0.3399303736025527,0.3399303736025527,-0.9184270402626767,1.4881234169006348,0.041647911071777344,1.564396858215332,0.11593271791934967,0.008557695895433426,0.36290425062179565,1.5649336576461792,0.4378340542316437
3.1188986232790987,3.928014787344461,-0.42199918602725933,-0.42199918602725933,0.9900610978029101,1.4883058071136475,0.013774676248431206,1.5649046897888184,0.11458968371152878,0.010147389024496078,0.39965227246284485,1.5668516159057617,-0.03246304392814636
3.123279098873592,4.0517965074814395,-0.3312091439109703,-0.3312091439109703,0.2015981852270225,1.4883661270141602,0.04475804418325424,1.5654066801071167,0.0978865772485733,0.011898055672645569,0.3584156334400177,1.5667093992233276,0.4792487323284149
3.127659574468085,4.374880780587313,-0.30602130883569756,-0.30602130883569756,0.3690507808437568,1.4885622262954712,0.05143338441848755,1.5658354759216309,0.08185162395238876,0.01346808671951294,0.34285596013069153,1.5688087940216064,0.5850986838340759
3.132040050062578,5.03483817403202,1.4801363770519067,1.4801363770519067,-1.9535889386460867,1.4887875318527222,0.06336339563131332,1.5661940574645996,0.06793413311243057,0.014969958923757076,0.3231417238712311,1.5713717937469482,0.7772948741912842
3.136420525657071,8.712206648981482,0.1542670394942986,0.1542670394942986,-0.6946576864755879,1.4890650510787964,0.0035890527069568634,1.5664916038513184,0.05835193768143654,0.016385473310947418,0.4234173893928528,1.5747767686843872,-0.22679662704467773
3.1408010012515644,5.809256383144761,-3.212820529630795,-3.212820529630795,0.4672767131777733,1.489080786705017,-0.016740707680583,1.5667471885681152,0.07344228029251099,0.018240243196487427,0.44820868968963623,1.573783278465271,-0.5812866687774658
3.1451814768460573,5.217021593330344,1.511596699612018,1.511596699612018,-0.3528762814824614,1.4890074729919434,-0.0014216480776667595,1.5670689344406128,0.0690045952796936,0.020203610882163048,0.3407381772994995,1.5712369680404663,-0.3378431797027588
3.1495619524405507,7.91333588177921,-2.3155794078325824,-2.3155794078325824,0.25703751589222595,1.4890012741088867,-0.011440575122833252,1.5673712491989136,0.06073080748319626,0.02169620618224144,0.3951866924762726,1.569757103919983,-0.5164287090301514
3.153942428035044,7.34316919489536,0.2006531732613317,0.2006531732613317,-0.23544108746736594,1.4889512062072754,-0.002015337347984314,1.567637324333191,0.0703655332326889,0.023427311331033707,0.320058137178421,1.5674948692321777,-0.3784606456756592
3.1583229036295366,4.540060193426241,-1.3860818837709048,-1.3860818837709048,-0.4086635680979899,1.4889423847198486,-0.007786234840750694,1.5679455995559692,0.07620452344417572,0.0248293187469244,0.3327934741973877,1.565837025642395,-0.4936724007129669
3.16270337922403,5.4922451473288305,-1.0069044580250512,-1.0069044580250512,0.9149682645652054,1.488908290863037,-0.019421420991420746,1.5682793855667114,0.06332158297300339,0.02628711238503456,0.30424976348876953,1.5636744499206543,-0.7000017166137695
3.167083854818523,7.076356268586067,0.0030490503025257104,0.0030490503025257104,0.19605128441774272,1.4888231754302979,0.010173782706260681,1.568556785583496,0.056974854320287704,0.027619870379567146,0.24812498688697815,1.560608148574829,-0.22301039099693298
3.1714643304130163,4.333638976490923,1.4617388904818482,1.4617388904818482,0.47292044111660686,1.4888677597045898,0.018033549189567566,1.5688064098358154,0.0611472949385643,0.028706775978207588,0.24248871207237244,1.5596312284469604,-0.11374925076961517
3.1758448060075093,4.815462287039153,0.34118220604058547,0.34118220604058547,1.0500472194589634,1.488946795463562,0.03380545228719711,1.569074273109436,0.0471765473484993,0.029768992215394974,0.27136534452438354,1.5591329336166382,0.13520321249961853
3.1802252816020022,9.364063537297442,1.004319330737689,1.004319330737689,-0.7400380196790971,1.489094853401184,0.06759817898273468,1.569280982017517,0.03662586957216263,0.030957700684666634,0.25066423416137695,1.5597251653671265,0.6822712421417236
3.184605757196496,3.7806935260084793,-1.9071190592209832,-1.9071190592209832,-0.2513654023430094,1.4893909692764282,0.04737672582268715,1.5694414377212524,0.055594854056835175,0.032055728137493134,0.3016049861907959,1.562713861465454,0.31322938203811646
3.1889862327909886,7.480216408285332,2.4272756406990768,2.4272756406990768,0.5826096454776457,1.4895985126495361,0.040692538022994995,1.5696849822998047,0.03769216313958168,0.03337690234184265,0.25325173139572144,1.5640859603881836,0.188437357544899
3.193366708385481,6.9395138030439085,-1.1589432646664897,-1.1589432646664897,0.15705096443359118,1.4897767305374146,0.060926403850317,1.5698500871658325,0.04460498318076134,0.03448626399040222,0.30712181329727173,1.5649113655090332,0.49782121181488037
3.197747183979975,5.844554985034888,0.08528073527000375,0.08528073527000375,0.03999795446023707,1.4900436401367188,0.06789595633745193,1.5700454711914062,0.04776965081691742,0.03583160415291786,0.2686906158924103,1.5670920610427856,0.5873821973800659
3.202127659574468,3.4711510905977754,0.39400119749590845,0.39400119749590845,-0.13223888255763971,1.490341067314148,0.07095582038164139,1.5702546834945679,0.04359636455774307,0.03700859844684601,0.2700130045413971,1.5696650743484497,0.6151294112205505
3.206508135168961,8.778163245079373,3.8814391130956616,3.8814391130956616,-0.3159578354611417,1.4906518459320068,0.06796743720769882,1.5704456567764282,0.023612573742866516,0.03819138556718826,0.28538087010383606,1.5723596811294556,0.551103413105011
3.210888610763454,4.704484278984745,-1.4414106179595572,-1.4414106179595572,-0.8366615371569307,1.4909496307373047,0.06102503091096878,1.5705491304397583,0.0389704704284668,0.039441488683223724,0.40795814990997314,1.5747737884521484,0.3982875347137451
3.215269086357947,5.895870023909002,0.30925999319977515,0.30925999319977515,-0.36782575821067837,1.4912168979644775,0.03669769689440727,1.570719838142395,0.027352571487426758,0.04122854024171829,0.3902975618839264,1.5765185356140137,-0.02753537893295288
3.219649561952441,7.520445303984673,-0.9374395015010653,-0.9374395015010653,-0.6272385592778382,1.491377592086792,0.027329951524734497,1.5708396434783936,0.02365974336862564,0.0429382286965847,0.41007059812545776,1.5763978958129883,-0.21053768694400787
3.224030037546933,3.912379524435063,0.9044273235810427,0.9044273235810427,0.017890734156070478,1.491497278213501,0.01060435175895691,1.5709432363510132,0.030800746753811836,0.04473453387618065,0.40101173520088196,1.5754756927490234,-0.5249599814414978
3.2284105131414265,7.168367009152259,-1.6592461847245779,-1.6592461847245779,-0.5929682436485715,1.4915437698364258,0.01261281780898571,1.5710781812667847,0.013771526515483856,0.04649115726351738,0.4269014000892639,1.5731761455535889,-0.5108994245529175
3.23279098873592,4.682876503994207,0.5954301335894034,0.5954301335894034,1.63511912906028,1.4915989637374878,-0.0029189391061663628,1.5711385011672974,0.01844276487827301,0.04836118966341019,0.39576271176338196,1.5709381103515625,-0.806574285030365
3.237171464330413,8.105105523139745,-0.9597319251955329,-0.9597319251955329,0.37851707432549025,1.4915862083435059,0.04956965893507004,1.5712193250656128,0.006430665962398052,0.05009481683373451,0.365400493144989,1.5674049854278564,0.04268789291381836
3.241551939924906,6.045344641867762,0.050128427483885504,0.050128427483885504,1.211051717600206,1.4918032884597778,0.06478063762187958,1.5712474584579468,0.017390232533216476,0.05169544368982315,0.3263193964958191,1.5675920248031616,0.2510685622692108
3.245932415519399,4.911836517676452,1.7520690808654522,1.7520690808654522,-0.12022979694258483,1.4920870065689087,0.10492502897977829,1.5713236331939697,0.014714815653860569,0.05312487855553627,0.2924167513847351,1.5686918497085571,0.8851631879806519
3.250312891113892,6.447139588331151,-0.7569306931405242,-0.7569306931405242,0.4632067286382847,1.4925466775894165,0.10344727337360382,1.5713881254196167,0.004182783886790276,0.054405804723501205,0.3470938205718994,1.5725692510604858,0.8316148519515991
3.254693366708385,6.271535992431248,-0.4850830566952139,-0.4850830566952139,-0.5994271547865321,1.492999792098999,0.12073417752981186,1.5714064836502075,0.003858714597299695,0.05592624098062515,0.3114619255065918,1.5762121677398682,1.0807101726531982
3.2590738423028784,7.006198744821392,-0.31727282610709273,-0.31727282610709273,-0.036813888052323746,1.4935287237167358,0.10511834174394608,1.5714234113693237,0.002362289233133197,0.057290591299533844,0.3148011267185211,1.5809462070465088,0.7817248106002808
3.2634543178973714,3.5461790898983696,-2.536466493705054,-2.536466493705054,-1.0004543590086452,1.4939892292022705,0.10726191103458405,1.5714337825775146,0.005800018087029457,0.058669570833444595,0.3066108226776123,1.584370493888855,0.7729705572128296
3.267834793491865,5.600746813080003,-0.27853206487809323,-0.27853206487809323,0.6304816857031268,1.4944590330123901,0.07800672203302383,1.571459174156189,-0.013346437364816666,0.06001267209649086,0.2617543935775757,1.5877565145492554,0.26256006956100464
3.2722152690863577,7.046809386291978,0.04806248409371382,0.04806248409371382,-0.6234198282386738,1.4948006868362427,0.10018356889486313,1.571400761604309,-0.019456772133708,0.06115927919745445,0.23520830273628235,1.5889066457748413,0.5947877168655396
3.2765957446808507,8.680680316907235,0.2133499259081745,0.2133499259081745,-0.2124919478177043,1.495239496231079,0.08433733135461807,1.5713155269622803,-0.015358619391918182,0.062189605087041855,0.2548177242279053,1.5915120840072632,0.28302961587905884
3.280976220275344,9.057856855496969,-1.2385587854419806,-1.2385587854419806,0.4606532990676969,1.495608925819397,0.08202701807022095,1.5712482929229736,-0.0005520600825548172,0.0633058249950409,0.26725366711616516,1.5927518606185913,0.18470048904418945
3.285356695869837,9.342320080884019,-1.1807779717288145,-1.1807779717288145,0.9969202682596308,1.495968222618103,0.10077783465385437,1.5712459087371826,0.016318218782544136,0.06447651982307434,0.2176312804222107,1.5935609340667725,0.43357086181640625
3.2897371714643304,7.031007914634073,-0.9372812783341373,-0.9372812783341373,-0.6679400078419421,1.4964096546173096,0.1363266110420227,1.571317434310913,0.034643158316612244,0.06542985141277313,0.15403559803962708,1.5954601764678955,0.959151029586792
3.294117647058824,3.802329611652313,-1.4627292530586922,-1.4627292530586922,-1.1219856984668422,1.4970067739486694,0.11926448345184326,1.5714691877365112,0.03863217681646347,0.06610459834337234,0.146169975399971,1.5996617078781128,0.6239426732063293
3.2984981226533163,6.9869100967883915,-2.102686864528025,-2.102686864528025,-0.017596451448073463,1.4975292682647705,0.08651575446128845,1.5716384649276733,0.021808944642543793,0.06674489378929138,0.13621918857097626,1.6023948192596436,0.050363123416900635
3.3028785982478097,5.4239128438073525,1.493991342434232,1.493991342434232,-0.8151183907129002,1.4979082345962524,0.08952964097261429,1.5717339515686035,0.025248698890209198,0.06734159588813782,0.07532793283462524,1.602615475654602,0.048890840262174606
3.3072590738423027,5.119431139702283,-0.8295001008539192,-0.8295001008539192,0.9929794956320682,1.4983004331588745,0.06712375581264496,1.5718445777893066,0.019092664122581482,0.06767156720161438,0.1427612602710724,1.6028296947479248,-0.36503615975379944
3.311639549436796,8.436056672085858,-0.9170224000839969,-0.9170224000839969,0.649785509516224,1.4985945224761963,0.10045564919710159,1.5719282627105713,0.009094255976378918,0.06829693168401718,0.08953908085823059,1.6012306213378906,0.1521078646183014
3.316020025031289,5.3401689361236135,-0.4552882996040324,-0.4552882996040324,0.10463810013118963,1.4990345239639282,0.12496453523635864,1.5719680786132812,0.02151632308959961,0.06868915259838104,0.04378332570195198,1.60189688205719,0.49670007824897766
3.320400500625782,9.33930305811927,-0.19159840960731297,-0.19159840960731297,-2.0240419478496325,1.4995819330215454,0.1310090571641922,1.572062373161316,0.013833858072757721,0.06888094544410706,0.027431700378656387,1.6040726900100708,0.5568069219589233
3.324780976220276,4.77724709809811,-0.7223818997111104,-0.7223818997111104,-0.2273403363430228,1.5001558065414429,0.07334786653518677,1.5721229314804077,0.03486844152212143,0.06900110840797424,0.08094486594200134,1.6065117120742798,-0.47553694248199463
3.3291614518147683,7.9695335218808605,-1.479812028341225,-1.479812028341225,-0.2948721694984983,1.5004770755767822,0.06880787760019302,1.5722756385803223,0.023804718628525734,0.06935568898916245,0.06648808717727661,1.6044286489486694,-0.5877282023429871
3.3335419274092613,5.656429737935403,-0.8941358557903719,-0.8941358557903719,0.5311958827340604,1.5007784366607666,0.06389649957418442,1.5723799467086792,0.03395800292491913,0.0696469396352768,0.0318840853869915,1.6018540859222412,-0.730820894241333
3.337922403003754,5.412837110453376,-0.7272244787473398,-0.7272244787473398,0.2744163886304007,1.5010583400726318,0.08333572745323181,1.5725287199020386,0.02788752131164074,0.06978660821914673,-0.009740117937326431,1.598652720451355,-0.4504432678222656
3.342302878598248,8.161281310322737,-0.1870609995083882,-0.1870609995083882,0.5719026616024986,1.5014233589172363,0.09475040435791016,1.5726509094238281,0.020560577511787415,0.06974393874406815,-0.038991205394268036,1.5966795682907104,-0.3020697236061096
3.3466833541927405,5.9029323206488975,-0.7249646395123833,-0.7249646395123833,-2.2584539746764563,1.5018384456634521,0.11687900871038437,1.5727410316467285,0.03128891438245773,0.06957314163446426,-0.061155349016189575,1.5953563451766968,0.0035942792892456055
3.351063829787234,6.298175223049977,-0.724158127029389,-0.724158127029389,0.7955750473973715,1.5023504495620728,0.05028698593378067,1.572878122329712,0.029221653938293457,0.06930524855852127,-0.016372598707675934,1.5953720808029175,-1.1515666246414185
3.355444305381727,8.011527965783827,0.6758183294915241,0.6758183294915241,0.7933574708818569,1.5025707483291626,0.07829859852790833,1.5730061531066895,0.02711111679673195,0.06923352926969528,-0.060753628611564636,1.5903276205062866,-0.7330416440963745
3.3598247809762203,6.973413291871877,-2.713737130531186,-2.713737130531186,0.252088645882314,1.5029137134552002,0.10725235939025879,1.573124885559082,0.03671085089445114,0.06896740198135376,-0.06418614089488983,1.5871165990829468,-0.31205931305885315
3.364205256570713,7.427608619434738,-0.414571589780486,-0.414571589780486,1.0276014128358442,1.5033835172653198,0.11892649531364441,1.573285698890686,0.039887893944978714,0.06868623942136765,-0.15079766511917114,1.585749626159668,-0.17085598409175873
3.368585732165206,8.421509426633147,-0.2807057176856954,-0.2807057176856954,-0.22729369649037753,1.5039044618606567,0.15483330190181732,1.5734604597091675,0.04575244337320328,0.06802567094564438,-0.1929136961698532,1.5850012302398682,0.3708174228668213
3.3729662077597,5.9833287829051045,0.25527594347093574,0.25527594347093574,-0.01590167597971466,1.5045827627182007,0.15245667099952698,1.5736608505249023,0.0587662048637867,0.06718061864376068,-0.1944734901189804,1.586625576019287,0.26774299144744873
3.3773466833541925,5.591812571059131,-0.049279358781977756,-0.049279358781977756,-0.5560131265781518,1.5052505731582642,0.15520870685577393,1.5739182233810425,0.055516354739665985,0.0663287341594696,-0.18655423820018768,1.5877984762191772,0.26904866099357605
3.381727158948686,7.86225289891724,-0.8341917677424747,-0.8341917677424747,-0.029154662393000717,1.5059304237365723,0.14099644124507904,1.574161410331726,0.04995274543762207,0.0655115395784378,-0.17175599932670593,1.5889769792556763,-0.008838891983032227
3.386107634543179,5.895442242939625,0.4703025561575779,0.4703025561575779,-0.4415559518916597,1.5065480470657349,0.14421194791793823,1.5743802785873413,0.05921286344528198,0.06475916504859924,-0.19526563584804535,1.5889382362365723,-0.012354094535112381
3.390488110137672,4.0976361407143385,-1.079291235276938,-1.079291235276938,-0.717801481553189,1.5071797370910645,0.13360978662967682,1.5746396780014038,0.05564401298761368,0.06390380859375,-0.1686364710330963,1.5888841152191162,-0.23131288588047028
3.394868585732165,7.763499629884933,1.4666732499333772,1.4666732499333772,-0.23074511249129329,1.5077650547027588,0.11350706219673157,1.5748834609985352,0.04027598351240158,0.0631650984287262,-0.17919310927391052,1.5878708362579346,-0.5952633619308472
3.399249061326658,7.08748014810364,0.43542314769053947,0.43542314769053947,0.032006989563192055,1.508262276649475,0.1102975457906723,1.5750598907470703,0.04890139400959015,0.062380146235227585,-0.12962311506271362,1.5852632522583008,-0.7030637264251709
3.403629536921151,6.002698014089586,-0.541055524998567,-0.541055524998567,-0.30393352867504025,1.5087454319000244,0.11485675722360611,1.575274109840393,0.05286693572998047,0.06181233376264572,-0.11784208565950394,1.5821834802627563,-0.6760793924331665
3.4080100125156445,5.439732394425765,-0.6870251030989736,-0.6870251030989736,0.34881712862544983,1.5092486143112183,0.10848765820264816,1.5755057334899902,0.04976009577512741,0.06129612773656845,-0.12476679682731628,1.5792219638824463,-0.8232855796813965
3.412390488110137,5.133416414318308,1.1177147954135822,1.1177147954135822,1.585481658558494,1.5097237825393677,0.12202417105436325,1.575723648071289,0.04265971854329109,0.060749590396881104,-0.1550166755914688,1.5756155252456665,-0.6347136497497559
3.4167709637046304,6.362778156391988,-2.339891565671381,-2.339891565671381,0.41559749663949763,1.5102583169937134,0.17365820705890656,1.5759105682373047,0.033453911542892456,0.060070544481277466,-0.16867695748806,1.5728352069854736,0.19087320566177368
3.421151439299124,7.151196007945177,-2.337298182902156,-2.337298182902156,0.2580054552299167,1.511018991470337,0.18973764777183533,1.5760570764541626,0.03272651880979538,0.059331659227609634,-0.2491459846496582,1.5736713409423828,0.4163673520088196
3.4255319148936167,7.105298040888498,-0.5564679646637697,-0.5564679646637697,0.7909241650036273,1.511850118637085,0.20128776133060455,1.5762004852294922,0.03720695897936821,0.05824027955532074,-0.3249370753765106,1.5754952430725098,0.5617490410804749
3.42991239048811,6.110110835245919,-1.490492985843696,-1.490492985843696,-0.29643101535087857,1.512731909751892,0.22920389473438263,1.576363444328308,0.04125487059354782,0.05681690201163292,-0.3642852008342743,1.577955961227417,0.9809280633926392
3.434292866082603,3.60567764126761,-2.0792393477148656,-2.0792393477148656,-0.12586180064984656,1.5137358903884888,0.22290867567062378,1.576544165611267,0.03870192542672157,0.055221159011125565,-0.3991555869579315,1.582252860069275,0.837609052658081
3.438673341677096,4.452772604016782,1.1971562821684751,1.1971562821684751,-0.8678948309338861,1.5147123336791992,0.22063247859477997,1.5767136812210083,0.019553549587726593,0.053472667932510376,-0.45620042085647583,1.5859220027923584,0.7776532173156738
3.443053817271589,7.103822680282663,0.42561132505674926,0.42561132505674926,-0.32087999704725906,1.5156787633895874,0.19569656252861023,1.5767993927001953,0.006424094550311565,0.05147429183125496,-0.3958943784236908,1.5893285274505615,0.3358621299266815
3.4474342928660824,4.857755438461161,1.6269158833771626,1.6269158833771626,-1.9136776632703683,1.516535997390747,0.1886426955461502,1.5768275260925293,0.010827135294675827,0.04974008724093437,-0.3740944564342499,1.5907998085021973,0.1778055727481842
3.451814768460576,5.28383881896408,0.12949049055374678,0.12949049055374678,0.19295864055507425,1.517362356185913,0.1313539445400238,1.5768749713897705,0.0013239849358797073,0.04810137674212456,-0.2706978917121887,1.591578722000122,-0.8035016059875488
3.4561952440550687,4.792403539444188,-0.2830329276958409,-0.2830329276958409,-0.8963357409100196,1.5179377794265747,0.1392751783132553,1.5768808126449585,-0.006812591105699539,0.04691559076309204,-0.27255135774612427,1.5880589485168457,-0.6996416449546814
3.4605757196495617,7.273982088290709,2.2179273257498453,2.2179273257498453,1.4528387741696431,1.5185478925704956,0.11331981420516968,1.5768510103225708,-0.017570700496435165,0.045721687376499176,-0.25464096665382385,1.5849941968917847,-1.1569682359695435
3.464956195244055,10.941271895365842,-0.03292244003428596,-0.03292244003428596,-0.33027716241323685,1.519044280052185,0.16087503731250763,1.576774001121521,-0.013164829462766647,0.04460623860359192,-0.23229795694351196,1.5799261331558228,-0.4014925956726074
3.469336670838548,6.570059187116285,-1.6964869093847659,-1.6964869093847659,0.6137057070417345,1.5197490453720093,0.15463031828403473,1.5767163038253784,0.01667339913547039,0.04358866438269615,-0.22361426055431366,1.57816743850708,-0.5596245527267456
3.473717146433041,3.5215405282940058,0.7184374468284089,0.7184374468284089,0.5066626844530973,1.5204263925552368,0.17595423758029938,1.576789379119873,0.017172474414110184,0.04260912910103798,-0.29107922315597534,1.5757160186767578,-0.23613601922988892
3.4780976220275344,7.39467815733033,-1.0395878468559299,-1.0395878468559299,0.5001120833104458,1.5211971998214722,0.19286637008190155,1.5768646001815796,-0.0024704206734895706,0.041334062814712524,-0.284894734621048,1.5746816396713257,0.028959274291992188
3.4824780976220278,4.790844533238283,-1.6984355377649945,-1.6984355377649945,-0.6707567939390856,1.5220420360565186,0.21087929606437683,1.5768537521362305,0.0036810426972806454,0.040086086839437485,-0.32985883951187134,1.5748084783554077,0.2951381504535675
3.4868585732165203,4.210102332342247,1.191553333137759,1.191553333137759,-0.6697866606080415,1.5229657888412476,0.19173656404018402,1.5768698453903198,-0.007364131975919008,0.03864114731550217,-0.3598703145980835,1.576101303100586,-0.04503893852233887
3.4912390488110137,4.347504596140382,0.5589223842480159,0.5589223842480159,0.25905002139772815,1.5238057374954224,0.1723683774471283,1.5768375396728516,-0.022221822291612625,0.037064746022224426,-0.30551329255104065,1.5759040117263794,-0.3857201635837555
3.4956195244055066,7.203852296905886,-2.5759036903073866,-2.5759036903073866,0.9782536506435237,1.524560809135437,0.18170899152755737,1.5767401456832886,-0.036353059113025665,0.035726454108953476,-0.2967560589313507,1.5742143392562866,-0.24798287451267242
