t,u1,u2,u3,tau,x_q,xdot_q,z_q,zdot_q,theta,theta_dot,beta,beta_dot
0.0,9.588788684260084,0.02814873554529035,0.02814873554529035,-0.7439321159897736,-2.0,0.0,2.0,0.0,1.1281905784771284e-05,0.0,0.3490658503991208,0.0
0.0043804755944931,5.07145682190682,1.711520225824383,1.711520225824383,0.10000284297921458,-2.0,0.00010763655882328749,2.0,0.021156325936317444,1.1281906154181343e-05,0.02254720777273178,0.3490658402442932,0.003719575237482786
0.0087609511889862,9.154194425980322,0.2159528328423208,0.2159528328423208,0.42687974511867777,-1.9999995231628418,0.004120260942727327,2.0000927448272705,0.022969389334321022,0.00011004939733538777,0.06960862874984741,0.3490821421146393,0.14330363273620605
0.0131414267834793,6.225006710127413,-2.2224230113261516,-2.2224230113261516,-1.1455258993240633,-1.9999815225601196,0.013351866975426674,2.0001933574676514,0.06626057624816895,0.0004149682936258614,0.06344889104366302,0.3497098684310913,0.46397238969802856
0.0175219023779724,5.996160700012319,0.6792522688947287,0.6792522688947287,-1.20441234138077,-1.9999229907989502,0.008192053996026516,2.000483512878418,0.05030301213264465,0.0006929045775905252,0.03200007975101471,0.35174229741096497,0.28159889578819275
0.0219023779724655,5.876647592332724,1.0310678557786306,1.0310678557786306,-0.8269038111447518,-1.9998871088027954,0.0023425109684467316,2.000703811645508,0.03114980086684227,0.0008330801501870155,0.08700905740261078,0.35297584533691406,0.07767890393733978
0.0262828535669586,6.093790343645802,-0.5746227668998692,-0.5746227668998692,-0.46831011776325326,-1.999876856803894,-0.0005665300413966179,2.000840187072754,0.019308462738990784,0.001214221236295998,0.14126771688461304,0.35331612825393677,-0.023644067347049713
0.0306633291614518,9.92580875244876,0.20421297920693898,0.20421297920693898,-0.48724215248632324,-1.9998793601989746,-0.00041645404417067766,2.000924825668335,0.017176683992147446,0.0018330409657210112,0.13816304504871368,0.3532125651836395,-0.020183760672807693
0.0350438047559449,3.6768910312603102,0.1291988948361838,0.1291988948361838,-0.6842167214625428,-1.9998811483383179,0.0021044318564236164,2.001000165939331,0.046791527420282364,0.0024382607080042362,0.1583557277917862,0.35312414169311523,0.0623583160340786
0.039424280350438,6.556406053746316,-0.845490987551546,-0.845490987551546,0.25913729648919615,-1.9998719692230225,-0.0010281726717948914,2.0012052059173584,0.019631648436188698,0.0031319342087954283,0.1821100413799286,0.35339730978012085,-0.04752248898148537
0.0438047559449311,6.394925044408212,-1.5342915378701751,-1.5342915378701751,-1.3664278062319393,-1.9998764991760254,0.005409480072557926,2.001291275024414,0.037385404109954834,0.003929662983864546,0.14985139667987823,0.3531891405582428,0.16908210515975952
0.0481852315394242,5.034156991432225,0.33160308902191993,0.33160308902191993,-0.3132503702069227,-1.9998527765274048,-0.0013968795537948608,2.001455068588257,0.01803794503211975,0.004586083348840475,0.14494924247264862,0.3539297878742218,-0.0711524486541748
0.0525657071339173,5.936296691678189,0.14833794010348694,0.14833794010348694,-0.9155410128899765,-1.9998588562011719,-0.0005568306078203022,2.0015339851379395,0.010431007482111454,0.005221029743552208,0.16378101706504822,0.3536181151866913,-0.04764915257692337
0.0569461827284105,2.853896092874178,-0.16026655713640164,-0.16026655713640164,-1.0337021232667842,-1.999861240386963,-0.003974578343331814,2.001579761505127,-0.0028427373617887497,0.005938468500971794,0.1948496550321579,0.35340937972068787,-0.17220008373260498
0.0613266583229036,7.603144088227491,-0.6323242466028687,-0.6323242466028687,0.11077574506324595,-1.9998786449432373,-0.010407328605651855,2.0015673637390137,-0.04459159076213837,0.006792002823203802,0.220356747508049,0.3526550531387329,-0.39758652448654175
0.0657071339173967,6.570331339120102,-1.346817035665075,-1.346817035665075,-0.9364321921371417,-1.9999241828918457,-0.004245787858963013,2.0013720989227295,-0.02131022699177265,0.007757270243018866,0.1986558735370636,0.3509134352207184,-0.19904574751853943
0.0700876095118898,6.581571213437356,-0.6510352207192838,-0.6510352207192838,-0.432012665529532,-1.9999427795410156,-0.0072479695081710815,2.0012786388397217,-0.0297141894698143,0.00862747710198164,0.18667133152484894,0.3500415086746216,-0.3151817321777344
0.0744680851063829,6.81112206314098,0.394322087717304,0.394322087717304,0.21205043653778566,-1.9999744892120361,-0.006118697114288807,2.0011484622955322,-0.02692188322544098,0.009445186704397202,0.18027517199516296,0.3486608564853668,-0.2903074622154236
0.078848560700876,6.924794553863737,0.2758642727393558,0.2758642727393558,0.3925593776754953,-2.0000011920928955,0.00035902438685297966,2.001030445098877,-0.00800209492444992,0.010234877467155457,0.18559807538986206,0.3473891615867615,-0.08063080906867981
0.0832290362953692,6.742102435877873,0.43189096344225114,0.43189096344225114,-0.8975982996588014,-1.9999996423721313,0.008347703143954277,2.000995397567749,0.0158767718821764,0.01104788575321436,0.1821902096271515,0.3470359742641449,0.18200936913490295
0.0876095118898623,8.46038061504404,-0.7213423563945449,-0.7213423563945449,-1.6624395751351597,-1.9999630451202393,0.005964130163192749,2.0010650157928467,0.009788194671273232,0.01184596586972475,0.22101551294326782,0.3478332757949829,0.08087180554866791
0.0919899874843554,3.8975918430253715,-0.2987244491607282,-0.2987244491607282,-0.4188398123458922,-1.9999369382858276,-0.0012848498299717903,2.001107931137085,0.0012944769114255905,0.012814118526875973,0.24849852919578552,0.34818753600120544,-0.19554315507411957
0.0963704630788485,4.840695165078162,0.5608633024959386,0.5608633024959386,-0.5080606554519496,-1.9999425411224365,-0.0018149918178096414,2.0011136531829834,-0.018150636926293373,0.013902660459280014,0.25200629234313965,0.3473309576511383,-0.2260875403881073
0.1007509386733416,5.4438240833560885,-1.798907321491228,-1.798907321491228,-0.8961330401796489,-1.9999505281448364,-0.0023356948513537645,2.0010342597961426,-0.03163169324398041,0.015006568282842636,0.2832222580909729,0.3463405966758728,-0.26056861877441406
0.1051314142678347,5.5227100846720285,-0.640537510552892,-0.640537510552892,-1.5268322948864992,-1.9999607801437378,-0.005456047132611275,2.0008957386016846,-0.04859419912099838,0.0162472166121006,0.25685837864875793,0.3451991677284241,-0.3898302912712097
0.1095118898623279,4.773089984814056,-2.3290290273848866,-2.3290290273848866,-1.0051618804697662,-1.999984622001648,-0.013431588187813759,2.000682830810547,-0.0788109079003334,0.017372379079461098,0.2827410101890564,0.3434915244579315,-0.6931324005126953
0.113892365456821,5.227150805253931,-1.546145973255043,-1.546145973255043,-0.17404041759476174,-2.0000433921813965,-0.017647635191679,2.000337600708008,-0.10386848449707031,0.018610918894410133,0.24407988786697388,0.3404552638530731,-0.8674769997596741
0.1182728410513141,9.039050114602908,1.9934986022647503,1.9934986022647503,0.7012409230845805,-2.0001206398010254,-0.014839432202279568,1.9998825788497925,-0.10677902400493622,0.01968010514974594,0.20401005446910858,0.33665528893470764,-0.7997913956642151
0.1226533166458072,6.7923969012959535,-0.7533080663713342,-0.7533080663713342,-0.631426228421596,-2.00018572807312,-0.0024153264239430428,1.9994148015975952,-0.058184657245874405,0.02057376690208912,0.24174806475639343,0.33315181732177734,-0.4029296338558197
0.1270337922403003,3.338857036152606,-0.5812998236780813,-0.5812998236780813,-0.6991872198192853,-2.0001962184906006,-0.0021048965863883495,1.9991599321365356,-0.05792186036705971,0.021632738411426544,0.2381887286901474,0.3313868045806885,-0.42753708362579346
0.1314142678347934,6.590417062354032,0.994777248340546,0.994777248340546,-1.2916269242260814,-2.0002055168151855,-0.004854211118072271,1.9989062547683716,-0.08826656639575958,0.022676117718219757,0.241631418466568,0.3295139968395233,-0.54799485206604
0.1357947434292866,9.21554157669311,-2.143202036609188,-2.143202036609188,-1.0783735747998044,-2.0002267360687256,-0.009546132758259773,1.9985196590423584,-0.10434660315513611,0.023734578862786293,0.3084016740322113,0.3271135091781616,-0.7609526515007019
0.1401752190237797,4.92262724176004,0.36224850227965993,0.36224850227965993,0.15016520705413317,-2.0002684593200684,-0.010443060658872128,1.9980626106262207,-0.09358411282300949,0.02508552558720112,0.2773053050041199,0.3237801790237427,-0.8555610179901123
0.1445556946182728,5.924629567760363,0.25483389948883617,0.25483389948883617,-0.29985421360722025,-2.000314235687256,-0.00529749970883131,1.9976526498794556,-0.09175921976566315,0.026300255209207535,0.2834988236427307,0.32003241777420044,-0.7034167051315308
0.1489361702127659,4.889893800723198,-0.45246923408701956,-0.45246923408701956,-0.05908530600549328,-2.0003373622894287,-0.002784194890409708,1.9972506761550903,-0.09142877161502838,0.0275421142578125,0.29969748854637146,0.31695112586021423,-0.6541274189949036
0.153316645807259,9.722830845405909,-0.21780900977539047,-0.21780900977539047,-0.7623147994669612,-2.000349521636963,0.0007074966561049223,1.9968501329421997,-0.09445368498563766,0.028854932636022568,0.2882094383239746,0.3140857219696045,-0.560763418674469
0.1576971214017521,5.666855184507911,-0.6503251531554466,-0.6503251531554466,-0.35509621210989406,-2.0003464221954346,0.002842912683263421,1.996436357498169,-0.07227547466754913,0.030117427930235863,0.30411073565483093,0.3116293251514435,-0.5546833276748657
0.1620775969962453,6.003119200023031,-1.836027585876808,-1.836027585876808,-0.21137934873440722,-2.0003340244293213,0.004822724498808384,1.996119737625122,-0.07528933137655258,0.0314495787024498,0.295489102602005,0.3091995418071747,-0.5261223316192627
0.1664580725907384,7.214632009818938,-0.5326423659704072,-0.5326423659704072,-0.8257907738537964,-2.0003128051757812,0.008129210211336613,1.995789885520935,-0.07223527878522873,0.03274396061897278,0.2480442225933075,0.30689486861228943,-0.449764609336853
0.1708385481852315,6.103973859530203,0.8723327593030126,0.8723327593030126,-0.428161195896949,-2.000277280807495,0.00805842038244009,1.9954735040664673,-0.07263541966676712,0.033830512315034866,0.2566050887107849,0.30492469668388367,-0.517280638217926
0.1752190237797246,4.803455981473437,-0.13395347868917734,-0.13395347868917734,0.6387565532028335,-2.000241994857788,0.009991941042244434,1.9951553344726562,-0.07354728132486343,0.03495456278324127,0.29458361864089966,0.3026587665081024,-0.4988475739955902
0.1795994993742177,6.755691112531663,1.6861347196542282,1.6861347196542282,-0.4242473225140242,-2.0001981258392334,0.018378861248493195,1.9948331117630005,-0.061588309705257416,0.03624498099088669,0.27201804518699646,0.30047357082366943,-0.21213993430137634
0.1839799749687108,6.622854188373442,-1.5341139362232923,-1.5341139362232923,0.4663895858574124,-2.000117540359497,0.020883308723568916,1.994563341140747,-0.056848954409360886,0.03743654862046242,0.3336479067802429,0.2995443046092987,-0.17761097848415375
0.188360450563204,2.6736281266090276,1.3757334408070556,1.3757334408070556,-0.6727341708255042,-2.000025987625122,0.02948823943734169,1.9943143129348755,-0.03328249603509903,0.03889808431267738,0.2752268612384796,0.29876628518104553,0.10237817466259003
0.1927409261576971,5.821040732388751,-1.8365694744669168,-1.8365694744669168,-0.1980278467685227,-1.999896764755249,0.027041196823120117,1.9941685199737549,-0.06867526471614838,0.04010370746254921,0.3350486159324646,0.29921475052833557,-0.024673521518707275
0.1971214017521902,5.761399839279475,-0.4444266901421081,-0.4444266901421081,-0.8060095758951719,-1.9997782707214355,0.03049400821328163,1.9938676357269287,-0.0667710155248642,0.04157137870788574,0.287198007106781,0.2991066575050354,0.051978111267089844
0.2015018773466833,7.45461361078031,0.12895152334136945,0.12895152334136945,-0.9032989935624012,-1.9996446371078491,0.02975619211792946,1.993575096130371,-0.07898697257041931,0.04282944276928902,0.2977573871612549,0.2993343472480774,-0.042220376431941986
0.2058823529411764,7.2512927461893435,0.16637802157500925,0.16637802157500925,-0.13932539177561565,-1.9995143413543701,0.029826972633600235,1.9932291507720947,-0.07903584837913513,0.044133760035037994,0.3279023766517639,0.29914939403533936,-0.12512880563735962
0.2102628285356695,8.087131102653984,-0.5068155390139721,-0.5068155390139721,-0.10885411843663295,-1.9993836879730225,0.03507320582866669,1.9928829669952393,-0.06369617581367493,0.04557012766599655,0.33682987093925476,0.29860126972198486,0.0004734843969345093
0.2146433041301627,8.068047659183033,0.18913315824650795,0.18913315824650795,0.3517004310044267,-1.9992300271987915,0.04131226986646652,1.9926038980484009,-0.040584757924079895,0.04704560339450836,0.3252081274986267,0.298603355884552,0.15362468361854553
0.2190237797246558,5.403088213541387,-0.8420271493890543,-0.8420271493890543,-0.9080886530953995,-1.9990490674972534,0.050799593329429626,1.9924261569976807,-0.007319018244743347,0.04847016930580139,0.32046064734458923,0.29927629232406616,0.43485134840011597
0.2234042553191489,7.259315200927875,-0.30598924193808186,-0.30598924193808186,0.766329607307598,-1.998826503753662,0.04937353357672691,1.9923940896987915,-0.024870410561561584,0.04987394064664841,0.3223898410797119,0.3011811375617981,0.3042784035205841
0.227784730913642,7.503604636920891,-1.5831701381183012,-1.5831701381183012,-0.5745530090513278,-1.998610258102417,0.06125202775001526,1.992285132408142,0.010793115943670273,0.051286160945892334,0.2910747230052948,0.3025140166282654,0.6827887296676636
0.2321652065081351,4.321854360625492,3.3220068936277127,3.3220068936277127,-1.5307599965161978,-1.9983419179916382,0.06422993540763855,1.9923324584960938,0.018468806520104408,0.052561208605766296,0.26161989569664,0.3055049479007721,0.6929043531417847
0.2365456821026282,5.499477276006196,-0.8679988361962803,-0.8679988361962803,-1.2030815156790766,-1.9980605840682983,0.05759806931018829,1.9924134016036987,-0.022180547937750816,0.05370722711086273,0.4033360779285431,0.3085401952266693,0.3640787601470947
0.2409261576971214,1.5695035108751778,1.4439821145185308,1.4439821145185308,-0.524971390595756,-1.9978082180023193,0.05423055216670036,1.9923162460327148,-0.045487284660339355,0.05547403171658516,0.4131215512752533,0.31013503670692444,0.15329715609550476
0.2453066332916145,5.185739236303489,-1.2925361006651048,-1.2925361006651048,-0.5383691761703931,-1.9975706338882446,0.05197612941265106,1.9921170473098755,-0.08689788728952408,0.05728369951248169,0.4706212282180786,0.310806542634964,0.04249286651611328
0.2496871088861076,8.162351161734296,-1.249833607288219,-1.249833607288219,-0.11300854929391296,-1.9973429441452026,0.053118377923965454,1.9917364120483398,-0.09800354391336441,0.059345245361328125,0.44859716296195984,0.31099268794059753,0.010009728372097015
0.2540675844806007,5.900070127566971,-2.1876672532503174,-2.1876672532503174,-0.39533933537931554,-1.9971102476119995,0.0602957159280777,1.9913071393966675,-0.07442985475063324,0.061310313642024994,0.4153982698917389,0.31103652715682983,0.16377529501914978
0.2584480600750938,8.3689924804902,0.02812471190369431,0.02812471190369431,0.7606869873291171,-1.996846079826355,0.06332245469093323,1.990981101989746,-0.0763012021780014,0.0631299540400505,0.36305660009384155,0.31175392866134644,0.18751798570156097
0.2628285356695869,8.454213382488097,0.5688098652982498,0.5688098652982498,-0.5977747146306915,-1.9965686798095703,0.07721921056509018,1.9906468391418457,-0.03149684891104698,0.06472031772136688,0.3416634500026703,0.3125753402709961,0.5897762775421143
0.2672090112640801,6.464314775792602,-2.6102992145226462,-2.6102992145226462,0.10035877638776114,-1.9962303638458252,0.08163715898990631,1.9905089139938354,-0.01631457731127739,0.06621696799993515,0.3757314085960388,0.3151588439941406,0.6151615977287292
0.2715894868585732,4.775248190156019,1.1858683798346936,1.1858683798346936,-0.10582162446876076,-1.9958727359771729,0.08917145431041718,1.9904375076293945,-0.002420753240585327,0.0678628534078598,0.29657161235809326,0.31785354018211365,0.7899877429008484
0.2759699624530663,5.51891462513517,0.4814477950535935,0.4814477950535935,-0.7551594917372307,-1.995482087135315,0.09361856430768967,1.9904268980026245,-0.007446918170899153,0.06916198134422302,0.33429306745529175,0.3213140666484833,0.8689180612564087
0.2803504380475594,6.721209163022596,-1.7110274708114925,-1.7110274708114925,0.18735712900827106,-1.9950720071792603,0.09415632486343384,1.9903942346572876,-0.02065911702811718,0.07062634080648422,0.370405912399292,0.32512032985687256,0.7835803031921387
0.2847309136420525,8.012037351353028,0.17156651750925045,0.17156651750925045,-1.3784978962958108,-1.9946595430374146,0.10302340984344482,1.9903037548065186,-0.0027677975594997406,0.0722488984465599,0.3149670660495758,0.328552782535553,0.988286018371582
0.2891113892365456,4.914635830076762,0.36678143710318384,0.36678143710318384,-2.4741030343106782,-1.9942082166671753,0.1017148494720459,1.9902915954589844,-0.008788172155618668,0.07362860441207886,0.360233873128891,0.33288195729255676,0.7855014801025391
0.2934918648310388,7.891785664218142,-0.43389007502795585,-0.43389007502795585,-0.9450900686754455,-1.9937626123428345,0.08844555914402008,1.9902530908584595,-0.06516605615615845,0.07520660012960434,0.44319671392440796,0.3363228142261505,0.20686465501785278
0.2978723404255319,8.897651748044368,0.4736611739122025,0.4736611739122025,0.04638189582922336,-1.9933751821517944,0.09005396068096161,1.9899675846099854,-0.062487684190273285,0.07714801281690598,0.45812538266181946,0.3372289836406708,0.12199433892965317
0.302252816020025,6.722554398561508,0.011008504307387423,0.011008504307387423,-0.2602920909970626,-1.992980718612671,0.10058802366256714,1.9896938800811768,-0.0293954499065876,0.07915481925010681,0.4706032872200012,0.33776336908340454,0.3364563584327698
0.3066332916145181,6.705318170471478,-2.3690819295857537,-2.3690819295857537,-1.067823660679385,-1.9925401210784912,0.10638663917779922,1.989565134048462,-0.021445821970701218,0.08121628314256668,0.47852611541748047,0.3392372131347656,0.41618818044662476
0.3110137672090112,6.492674823373765,-0.3366378445094009,-0.3366378445094009,0.9809281735046305,-1.9920741319656372,0.10598958283662796,1.989471197128296,-0.031505756080150604,0.08331245183944702,0.44052523374557495,0.3410603106021881,0.2703494727611542
0.3153942428035043,3.9899237713547278,-0.0017063592501254665,-0.0017063592501254665,-0.4889026825671427,-1.991609811782837,0.12143835425376892,1.989333152770996,0.0019069835543632507,0.08524215966463089,0.40204811096191406,0.34224456548690796,0.6910562515258789
0.3197747183979975,8.09612826451354,-2.710457866345359,-2.710457866345359,-1.3493423216860836,-1.9910778999328613,0.12257078289985657,1.9893414974212646,-0.018292920663952827,0.08700332045555115,0.4162757992744446,0.3452717065811157,0.6451548337936401
0.3241551939924906,7.193742309873774,-2.141256796412262,-2.141256796412262,-0.18284252288952507,-1.9905409812927246,0.12191309034824371,1.9892613887786865,-0.02287355624139309,0.08882680535316467,0.37652692198753357,0.3480978012084961,0.4523128271102905
0.3285356695869837,7.292823154161877,-1.6080024148626966,-1.6080024148626966,-1.9399769000625608,-1.990006923675537,0.12944243848323822,1.9891611337661743,-0.009323397651314735,0.09047617018222809,0.319335013628006,0.35007914900779724,0.5642914175987244
0.3329161451814768,7.319307212481589,0.030074096429917208,0.030074096429917208,-0.44839211717550237,-1.989439845085144,0.12310649454593658,1.9891202449798584,-0.03365348279476166,0.09187500923871994,0.32902970910072327,0.35255101323127747,0.18847233057022095
0.3372966207759699,7.8209797423170135,-1.1425003215219747,-1.1425003215219747,-1.7652280785549785,-1.9889005422592163,0.12877045571804047,1.988972783088684,-0.02489890530705452,0.09331631660461426,0.34300243854522705,0.3533765971660614,0.2291773557662964
0.341677096370463,4.387263047806752,-1.3911666148187316,-1.3911666148187316,-0.4753915155416544,-1.988336443901062,0.124474436044693,1.9888637065887451,-0.04088718444108963,0.0948188304901123,0.36118805408477783,0.3543804883956909,-0.08596554398536682
0.3460575719649562,4.476658340980489,0.44692979320586756,0.44692979320586756,-1.3764922531898194,-1.9877911806106567,0.12627418339252472,1.9886846542358398,-0.05740099400281906,0.09640100598335266,0.334444522857666,0.35400390625,-0.11915933340787888
0.3504380475594493,6.839261793497174,-1.2141203144706298,-1.2141203144706298,0.1878186920595316,-1.9872380495071411,0.12091978639364243,1.9884332418441772,-0.09297444671392441,0.09786602854728699,0.38769423961639404,0.3534819185733795,-0.4015735685825348
0.3548185231539424,5.679768594676478,-1.9362469456902822,-1.9362469456902822,-0.05583737026550628,-1.986708402633667,0.1314600557088852,1.9880260229110718,-0.07429657876491547,0.0995643138885498,0.34675318002700806,0.3517228364944458,-0.19410672783851624
0.3591989987484355,3.364686442829876,-1.4864618859168197,-1.4864618859168197,-0.1672920479185236,-1.9861325025558472,0.13851317763328552,1.9877005815505981,-0.07070723176002502,0.10108325630426407,0.29183927178382874,0.35087254643440247,-0.0807676836848259
0.3635794743429286,8.104845849041526,1.8845967111891941,1.8845967111891941,-1.0493648096086408,-1.9855257272720337,0.1416354477405548,1.9873908758163452,-0.0890466496348381,0.10236164927482605,0.2533153295516968,0.35051873326301575,-0.05100888013839722
0.3679599499374217,6.508981650143046,-0.31743806313892187,-0.31743806313892187,-1.7218404269076935,-1.9849052429199219,0.14401836693286896,1.987000823020935,-0.0869104340672493,0.1034712940454483,0.3389963209629059,0.3502952754497528,-0.15951474010944366
0.3723404255319149,5.648513222982916,-1.0919857618085165,-1.0919857618085165,-1.519869267683632,-1.9842743873596191,0.13892017304897308,1.9866200685501099,-0.11301353573799133,0.1049562618136406,0.38000932335853577,0.3495965301990509,-0.49176764488220215
0.376720901126408,6.449786584387151,-0.5461146905187546,-0.5461146905187546,0.9894174620469124,-1.9836658239364624,0.13443949818611145,1.9861249923706055,-0.14194531738758087,0.10662088543176651,0.39250487089157104,0.3474423587322235,-0.7871809005737305
0.3811013767209011,5.102082489643603,0.05910026519439915,0.05910026519439915,-0.46010064248631055,-1.9830769300460815,0.15132033824920654,1.9855031967163086,-0.10889669507741928,0.10834024101495743,0.34766244888305664,0.343994140625,-0.3644474744796753
0.3854818523153942,4.535100552450194,0.219013262038794,0.219013262038794,-0.3524092525199403,-1.9824141263961792,0.15469789505004883,1.9850261211395264,-0.11907122284173965,0.10986316949129105,0.36282476782798767,0.34239768981933594,-0.3764837980270386
0.3898623279098873,8.789716662150354,-2.108616455144427,-2.108616455144427,-0.7914725172961776,-1.981736421585083,0.158202663064003,1.9845045804977417,-0.13164404034614563,0.11145251244306564,0.37951213121414185,0.34074851870536804,-0.3713318109512329
0.3942428035043804,2.196449796433516,-0.06720948981388852,-0.06720948981388852,-1.2648315135017785,-1.9810434579849243,0.1641939878463745,1.9839279651641846,-0.11807373911142349,0.11311495304107666,0.34104734659194946,0.33912190794944763,-0.3914380669593811
0.3986232790988736,5.928648612328797,-1.680902942385353,-1.680902942385353,0.35255610845120156,-1.9803242683410645,0.1574387103319168,1.9834107160568237,-0.17051614820957184,0.11460890620946884,0.37602171301841736,0.3374072313308716,-0.6940023899078369
0.4030037546933667,7.575656927712258,-0.9502948219751275,-0.9502948219751275,0.3429170169957916,-1.9796346426010132,0.1686253696680069,1.9826637506484985,-0.15579329431056976,0.11625605821609497,0.3166382610797882,0.33436715602874756,-0.46016258001327515
0.4073842302878598,6.4216948011470425,-0.07156319119993204,-0.07156319119993204,0.3655932696775459,-1.9788960218429565,0.1819675713777542,1.9819812774658203,-0.12734472751617432,0.1176430881023407,0.27887237071990967,0.332351416349411,-0.1911809742450714
0.4117647058823529,6.610284436123264,0.17094862156034174,0.17094862156034174,-1.2883117303722251,-1.9780988693237305,0.19382597506046295,1.9814234972000122,-0.10808394849300385,0.11886468529701233,0.2661060094833374,0.3315139412879944,0.0578291118144989
0.416145181476846,3.2230520082075564,-1.489730455302239,-1.489730455302239,0.25840362660126015,-1.9772498607635498,0.1933603584766388,1.9809499979019165,-0.12387751042842865,0.12003035843372345,0.30872103571891785,0.3317672610282898,-0.15001380443572998
0.4205256570713391,8.291895884304985,0.6335853142110709,0.6335853142110709,-1.1002746376114922,-1.9764028787612915,0.1999317854642868,1.9804073572158813,-0.13395585119724274,0.1213827058672905,0.25766998529434204,0.3311101198196411,-0.004096582531929016
0.4249061326658322,5.456644329004991,0.20445085886282055,0.20445085886282055,0.6447633399026095,-1.975527048110962,0.20342577993869781,1.9798206090927124,-0.13141290843486786,0.12251142412424088,0.30830419063568115,0.3310921788215637,-0.12085554748773575
0.4292866082603254,3.019639082145871,1.852523550178511,1.852523550178511,-1.4246098415791573,-1.9746359586715698,0.21620088815689087,1.9792449474334717,-0.11409785598516464,0.12386194616556168,0.29544568061828613,0.3305627703666687,0.18407458066940308
0.4336670838548185,4.7099452597441545,-0.829978362104829,-0.829978362104829,-1.6383280806014817,-1.9736888408660889,0.2097482979297638,1.9787451028823853,-0.16320152580738068,0.12515613436698914,0.3911483585834503,0.3313691020011902,-0.14395228028297424
0.4380475594493116,6.901112647130068,1.8030706129515208,1.8030706129515208,-1.0950300733939753,-1.972770094871521,0.20413142442703247,1.9780302047729492,-0.20278918743133545,0.1268695443868637,0.4147547483444214,0.33073851466178894,-0.4927959740161896
0.4424280350438047,6.535569074556756,-0.8601174489099502,-0.8601174489099502,-0.7095481858650198,-1.9718759059906006,0.20601755380630493,1.9771418571472168,-0.21190088987350464,0.12868636846542358,0.4993884563446045,0.328579843044281,-0.6397802829742432
0.4468085106382978,8.014745151828741,-0.2604143261829034,-0.2604143261829034,-1.0335837758867767,-1.9709734916687012,0.21044877171516418,1.9762135744094849,-0.2155710756778717,0.1308739334344864,0.49499136209487915,0.3257772922515869,-0.6875297427177429
0.4511889862327909,6.463798431613337,0.12063528688814773,0.12063528688814773,-0.16229992165940388,-1.970051646232605,0.21478056907653809,1.9752693176269531,-0.21397635340690613,0.13304223120212555,0.5175703763961792,0.322765588760376,-0.7914839386940002
0.4555694618272841,3.5623306422550076,0.3957436779898911,0.3957436779898911,-0.7029059753613625,-1.9691108465194702,0.22346685826778412,1.9743319749832153,-0.2061205506324768,0.13530944287776947,0.525833010673523,0.31929850578308105,-0.6879677772521973
0.4599499374217772,10.557493526541156,-1.5721954883909692,-1.5721954883909692,0.3976659853830644,-1.9681318998336792,0.22382551431655884,1.9734290838241577,-0.23474109172821045,0.13761283457279205,0.557917058467865,0.3162848651409149,-0.8019098043441772
0.4643304130162703,5.544009921558239,-2.8247955419844013,-2.8247955419844013,-0.13921358224214664,-1.967151403427124,0.242956280708313,1.9724007844924927,-0.17986001074314117,0.140056774020195,0.500390887260437,0.31277212500572205,-0.4475049376487732
0.4687108886107634,4.962010910677265,1.9209711580242537,1.9209711580242537,-0.8595807738623831,-1.9660871028900146,0.25048497319221497,1.9716129302978516,-0.17917722463607788,0.1422487199306488,0.4219633936882019,0.310811847448349,-0.3583230972290039
0.4730913642052565,9.343195947715532,0.4691661508636402,0.4691661508636402,-1.338487267563203,-1.9649899005889893,0.2519984543323517,1.9708280563354492,-0.19947190582752228,0.14409711956977844,0.5031643509864807,0.30924221873283386,-0.48339229822158813
0.4774718397997496,8.037962689136945,-0.7754497790953235,-0.7754497790953235,-0.6343969739729576,-1.963886022567749,0.25698965787887573,1.969954252243042,-0.19350571930408478,0.14630122482776642,0.5559535622596741,0.3071247339248657,-0.6406645774841309
0.4818523153942428,4.238744416669526,0.4367951692185734,0.4367951692185734,-0.8903196094715946,-1.962760329246521,0.26516419649124146,1.9691065549850464,-0.18286050856113434,0.14873656630516052,0.5518343448638916,0.30431830883026123,-0.6316242218017578
0.4862327909887359,7.447738636624843,-1.163666883237572,-1.163666883237572,-0.7372215103365098,-1.9615987539291382,0.2657049000263214,1.9683055877685547,-0.2100088894367218,0.15115386247634888,0.5905902981758118,0.30155149102211,-0.7817691564559937
0.490613266583229,4.3619404304539025,-1.1217937320253142,-1.1217937320253142,0.14461188240128475,-1.9604347944259644,0.2725617587566376,1.9673856496810913,-0.20668090879917145,0.15374092757701874,0.5781367421150208,0.2981269657611847,-0.8147773146629333
0.4949937421777221,5.857194072625856,0.31478194526053527,0.31478194526053527,-0.5165457784127581,-1.9592407941818237,0.2807352542877197,1.9664802551269531,-0.20966172218322754,0.15627343952655792,0.5411536693572998,0.2945578396320343,-0.6732780933380127
0.4993742177722152,6.506327792344738,-1.0539984099295667,-1.0539984099295667,-0.5315370380600682,-1.9580110311508179,0.2867664694786072,1.965561866760254,-0.2148151695728302,0.1586439460515976,0.5654310584068298,0.2916085720062256,-0.6813631653785706
0.5037546933667083,9.664665329603206,0.7382965642723767,0.7382965642723767,-0.01740531123367961,-1.9567548036575317,0.2938432991504669,1.96462082862854,-0.21483193337917328,0.16112080216407776,0.5501735210418701,0.2886238694190979,-0.678450345993042
0.5081351689612015,4.800832107477836,-1.422259635153116,-1.422259635153116,-1.3461881989703057,-1.9554675817489624,0.3095859885215759,1.9636797904968262,-0.17663532495498657,0.16353082656860352,0.5722424387931824,0.28565192222595215,-0.45862555503845215
0.5125156445556946,6.174162526692277,-0.9058674265573357,-0.9058674265573357,-1.1005841928671827,-1.9541114568710327,0.3086176812648773,1.962906002998352,-0.2093629240989685,0.16603751480579376,0.5700209140777588,0.2836429178714752,-0.7223666310310364
0.5168961201501877,4.465605014994322,-2.3232576543131196,-2.3232576543131196,-0.12641274598757402,-1.9527596235275269,0.31175652146339417,1.961988925933838,-0.22502084076404572,0.16853447258472443,0.5757072567939758,0.2804785966873169,-0.8855878114700317
0.5212765957446808,6.736172491123792,-0.4138531218148769,-0.4138531218148769,-0.5342780329237389,-1.951393961906433,0.31862011551856995,1.9610031843185425,-0.23321324586868286,0.1710563451051712,0.5115524530410767,0.27659928798675537,-0.8168332576751709
0.5256570713391739,5.4678026548458805,-0.7409840555614314,-0.7409840555614314,-0.11475699186428978,-1.9499982595443726,0.3266736567020416,1.9599815607070923,-0.23141580820083618,0.17329718172550201,0.5150692462921143,0.2730211615562439,-0.8088303208351135
0.5300375469336671,8.414015398073815,-0.05477618851982191,-0.05477618851982191,-0.9512623289429162,-1.948567271232605,0.33534660935401917,1.9589678049087524,-0.23086805641651154,0.17555342614650726,0.49678143858909607,0.26947811245918274,-0.7133176326751709
0.5344180225281602,8.61633100456872,0.042911224348414434,0.042911224348414434,-0.380898809410796,-1.9470982551574707,0.3437674939632416,1.9579565525054932,-0.22432275116443634,0.1777295619249344,0.5229616761207581,0.26635342836380005,-0.7822687029838562
0.5387984981226532,4.774307161194786,-1.8965815830633197,-1.8965815830633197,0.12488715569003772,-1.9455924034118652,0.35622599720954895,1.956973910331726,-0.20320014655590057,0.18002037703990936,0.535338282585144,0.26292672753334045,-0.6873389482498169
0.5431789737171464,5.36883574324331,-0.14145826225870695,-0.14145826225870695,-0.5710000122607389,-1.9440319538116455,0.36528143286705017,1.9560837745666504,-0.20307129621505737,0.18236541748046875,0.4763050079345703,0.25991585850715637,-0.5409961342811584
0.5475594493116396,4.701656596820599,-1.5573608643068262,-1.5573608643068262,-0.8988417394987569,-1.9424318075180054,0.3711378276348114,1.9551942348480225,-0.2136664241552353,0.1844518631696701,0.4888489842414856,0.2575460374355316,-0.574781060218811
0.5519399249061326,7.526080589101752,0.43953241503932783,0.43953241503932783,0.39085335428062495,-1.9408060312271118,0.37398284673690796,1.9542583227157593,-0.23734083771705627,0.18659324944019318,0.46961814165115356,0.25502821803092957,-0.7155473232269287
0.5563204005006257,4.3721344015316035,0.6412761812124864,0.6412761812124864,-1.0084600586303503,-1.939167857170105,0.38950207829475403,1.953218698501587,-0.20795154571533203,0.18865039944648743,0.47103971242904663,0.2518937885761261,-0.4305654466152191
0.5607008760951189,6.5539408771937415,-1.4013113234631476,-1.4013113234631476,-0.32346130078565605,-1.9374616146087646,0.3912777602672577,1.9523078203201294,-0.23691746592521667,0.1907137781381607,0.5192172527313232,0.2500077188014984,-0.609535813331604
0.565081351689612,3.711337983448281,-0.6468316494427406,-0.6468316494427406,-0.553832071368197,-1.9357476234436035,0.4009937345981598,1.9512699842453003,-0.23194268345832825,0.19298820197582245,0.4877406060695648,0.24733766913414001,-0.5464030504226685
0.5694618272841051,6.585955354271241,1.5255514988767302,1.5255514988767302,-0.2143685039354013,-1.9339910745620728,0.40444818139076233,1.950253963470459,-0.2562014162540436,0.19512474536895752,0.48502472043037415,0.24494417011737823,-0.6139983534812927
0.5738423028785982,4.808072287309631,-1.29440172352733,-1.29440172352733,0.44332906449640175,-1.932219386100769,0.4150073826313019,1.949131727218628,-0.2484995424747467,0.1972493827342987,0.5358359217643738,0.2422545701265335,-0.5196130871772766
0.5782227784730913,7.242719005953369,-2.2699389868535795,-2.2699389868535795,-0.2715886156937179,-1.9304014444351196,0.4261389672756195,1.9480432271957397,-0.24083583056926727,0.1995965987443924,0.48508867621421814,0.23997841775417328,-0.2834019064903259
0.5826032540675845,7.727849227643542,0.23306500604091673,0.23306500604091673,-1.0050473339202997,-1.928534746170044,0.4376029670238495,1.9469882249832153,-0.22889262437820435,0.20172151923179626,0.42673051357269287,0.23873698711395264,-0.1895279735326767
0.5869837296620776,4.533995772932073,-2.837781507895181,-2.837781507895181,-1.3475640045962978,-1.9266178607940674,0.44595015048980713,1.9459855556488037,-0.2295728176832199,0.20359079539775848,0.46288731694221497,0.23790676891803741,-0.28881558775901794
0.5913642052565706,6.683380603454299,-0.9146135472222788,-0.9146135472222788,-0.0023299667385890954,-1.9246643781661987,0.446742981672287,1.9449799060821533,-0.26501190662384033,0.2056184560060501,0.4193682372570038,0.23664161562919617,-0.5584189891815186
0.5957446808510638,7.380674425389159,-0.03597323571688382,-0.03597323571688382,-0.5411611087553941,-1.922707438468933,0.45901086926460266,1.9438190460205078,-0.2517170011997223,0.20745548605918884,0.3927266597747803,0.23419547080993652,-0.40250107645988464
0.600125156445557,7.619369644474974,1.5748914994933043,1.5748914994933043,-0.8499751100907675,-1.92069673538208,0.46961843967437744,1.942716360092163,-0.24482287466526031,0.20917581021785736,0.40747973322868347,0.2324323207139969,-0.3804953396320343
0.60450563204005,6.094797755676117,1.0928856338798836,1.0928856338798836,-0.2119681417828353,-1.9186395406723022,0.4790707230567932,1.9416439533233643,-0.24297410249710083,0.2109607607126236,0.4782935380935669,0.23076556622982025,-0.4390032887458801
0.6088861076345431,7.26691830814627,-0.4681866794115084,-0.4681866794115084,-0.8444860676343497,-1.9165409803390503,0.48924514651298523,1.9405796527862549,-0.23943926393985748,0.21305590867996216,0.5163993835449219,0.22884252667427063,-0.3552967309951782
0.6132665832290363,5.0995769816236605,-1.7705530154264935,-1.7705530154264935,-0.5084500701919634,-1.9143978357315063,0.4982765316963196,1.939530849456787,-0.24047598242759705,0.2153179794549942,0.5273885130882263,0.22728615999221802,-0.4205074906349182
0.6176470588235294,6.976814237711136,-1.1197732030830216,-1.1197732030830216,-1.1238892609889004,-1.9122151136398315,0.5051714777946472,1.9384773969650269,-0.25212234258651733,0.21762819588184357,0.4905311167240143,0.22544413805007935,-0.4427897334098816
0.6220275344180225,6.696913218584295,-0.22570447647874836,-0.22570447647874836,-0.7011462527793337,-1.9100022315979004,0.5124539136886597,1.9373729228973389,-0.2620403468608856,0.2197769582271576,0.49065130949020386,0.22350451350212097,-0.5927032828330994
0.6264080100125156,6.753313432219115,-1.1192724509751422,-1.1192724509751422,-0.05251988247609202,-1.9077574014663696,0.5215811133384705,1.9362250566482544,-0.26469215750694275,0.2219262421131134,0.5045357346534729,0.22090819478034973,-0.6312790513038635
0.6307884856070087,7.721814311859295,0.6137256301110217,0.6137256301110217,-0.0019525982642569772,-1.9054726362228394,0.5342651009559631,1.9350656270980835,-0.25206267833709717,0.2241363525390625,0.47338318824768066,0.21814289689064026,-0.4876437187194824
0.6351689612015019,6.936510704517194,-2.444568654004104,-2.444568654004104,0.2549163628643254,-1.9031323194503784,0.5490580797195435,1.9339615106582642,-0.23012909293174744,0.22620999813079834,0.49136292934417725,0.2160067856311798,-0.30720996856689453
0.639549436795995,7.070330042406423,-0.7970509640350742,-0.7970509640350742,-1.5626208359732696,-1.9007271528244019,0.5636579990386963,1.9329534769058228,-0.20892643928527832,0.22836239635944366,0.4125294089317322,0.21466106176376343,-0.07355178892612457
0.643929912390488,6.148258045169534,0.061958509295671815,0.061958509295671815,-0.2275294481273505,-1.898258090019226,0.5694803595542908,1.9320383071899414,-0.22822999954223633,0.23016947507858276,0.43488648533821106,0.21433886885643005,-0.3436371088027954
0.6483103879849812,4.348176668788668,-0.7034085875783374,-0.7034085875783374,-1.6168404193882082,-1.8957635164260864,0.5803021788597107,1.931038498878479,-0.22473932802677155,0.23207448422908783,0.4433404505252838,0.21283356845378876,-0.2630073130130768
0.6526908635794744,8.181836206866725,-2.9645821704091477,-2.9645821704091477,-1.1849430394007716,-1.8932214975357056,0.5807890295982361,1.9300540685653687,-0.26821616291999817,0.2340165227651596,0.4700155556201935,0.21168147027492523,-0.6120176315307617
0.6570713391739674,5.430083241681944,-1.6494503744241942,-1.6494503744241942,-0.38190402421212266,-1.8906773328781128,0.5911045670509338,1.9288791418075562,-0.2696334719657898,0.23607541620731354,0.41804444789886475,0.20900054275989532,-0.7507576942443848
0.6614518147684605,4.7872971228165575,-1.0572865760249794,-1.0572865760249794,-0.1639668486215191,-1.8880879878997803,0.6001237630844116,1.927698016166687,-0.2757989764213562,0.23790664970874786,0.38102808594703674,0.20571187138557434,-0.7300406694412231
0.6658322903629537,6.123272193187074,-1.6084563108959353,-1.6084563108959353,-0.4101903267776229,-1.8854591846466064,0.6089668273925781,1.9264898300170898,-0.28237465023994446,0.23957572877407074,0.3549403250217438,0.2025139480829239,-0.6636224985122681
0.6702127659574468,4.548736972427062,-0.31273311150023386,-0.31273311150023386,0.07821091801540125,-1.8827916383743286,0.619289219379425,1.925252914428711,-0.28339043259620667,0.241130530834198,0.31994715332984924,0.1996069699525833,-0.6345990896224976
0.6745932415519399,7.5158371555173655,-1.509115595868771,-1.509115595868771,-1.5858675065234609,-1.880078911781311,0.6288044452667236,1.9240115880966187,-0.28641512989997864,0.24253204464912415,0.30853036046028137,0.19682712852954865,-0.5062677264213562
0.678973717146433,5.0877988839790955,-2.588754137523061,-2.588754137523061,-0.5280201137772971,-1.8773244619369507,0.6365367770195007,1.9227569103240967,-0.3027835488319397,0.24388355016708374,0.31077176332473755,0.19460943341255188,-0.7725628018379211
0.6833541927409261,6.982280565652073,-0.9418661752962425,-0.9418661752962425,-0.27100071794538766,-1.874536156654358,0.644473671913147,1.9214305877685547,-0.31525135040283203,0.24524487555027008,0.25059181451797485,0.19122524559497833,-0.800714910030365
0.6877346683354193,7.901726939816671,-1.1435662212846318,-1.1435662212846318,-0.4073347671530698,-1.8717130422592163,0.6573941707611084,1.9200496673583984,-0.3059295117855072,0.24634258449077606,0.23100042343139648,0.1877177357673645,-0.7128814458847046
0.6921151439299124,7.355072358869901,-2.7528471446820797,-2.7528471446820797,-1.3984849234100105,-1.868833303451538,0.6715238690376282,1.9187095165252686,-0.2920355498790741,0.24735447764396667,0.20950013399124146,0.18459497392177582,-0.6415984034538269
0.6964956195244054,8.907316496143174,-1.5871332003486107,-1.5871332003486107,0.25569189099951484,-1.865891695022583,0.6802991032600403,1.9174302816390991,-0.3055683374404907,0.24827218055725098,0.16994845867156982,0.1817844659090042,-0.8595597743988037
0.7008760951188986,5.450998348882314,1.1460406500223095,1.1460406500223095,-0.18430324804152887,-1.8629117012023926,0.6993862986564636,1.916091799736023,-0.267997682094574,0.2490166425704956,0.11613212525844574,0.178019180893898,-0.5799469947814941
0.7052565707133918,5.468429615580089,-0.5814864329106811,-0.5814864329106811,-1.2991194066475868,-1.8598480224609375,0.7095831632614136,1.9149178266525269,-0.2695331871509552,0.24952535331249237,0.15498238801956177,0.1754787415266037,-0.5039082765579224
0.7096370463078848,4.08997059497395,0.15067627795571692,0.15067627795571692,0.27526036218407735,-1.8567397594451904,0.7152248024940491,1.913737177848816,-0.29664844274520874,0.2502042353153229,0.17593954503536224,0.17327138781547546,-0.7383891344070435
0.7140175219023779,7.866380472858867,-0.82230259386287,-0.82230259386287,0.7359250459070136,-1.8536067008972168,0.7246613502502441,1.9124376773834229,-0.299008309841156,0.2509749233722687,0.1723012924194336,0.1700368970632553,-0.5660488605499268
0.718397997496871,5.692296565093537,0.9413303718574944,0.9413303718574944,-0.3084522093859794,-1.8504323959350586,0.7433154582977295,1.9111279249191284,-0.25905176997184753,0.25172969698905945,0.12679611146450043,0.16755732893943787,-0.17704856395721436
0.7227784730913642,4.073193102990938,-2.952076331023382,-2.952076331023382,-0.7447638356314935,-1.8471763134002686,0.7534233927726746,1.9099931716918945,-0.2614372670650482,0.2522851228713989,0.163293719291687,0.16678176820278168,-0.13012740015983582
0.7271589486858573,7.831433754342798,0.37033175425683207,0.37033175425683207,-0.2025743687713255,-1.8438760042190552,0.7586275339126587,1.9088479280471802,-0.28748318552970886,0.2530004382133484,0.09883319586515427,0.16621175408363342,-0.24270883202552795
0.7315394242803503,3.8764649239722293,-0.6942497536953594,-0.6942497536953594,-1.1246279687777627,-1.840552806854248,0.7734561562538147,1.9075886011123657,-0.26950928568840027,0.25343337655067444,0.11556386947631836,0.1651485711336136,-0.11634261906147003
0.7359198998748435,5.2370357102132195,0.5804271465260527,0.5804271465260527,-1.4720901851520234,-1.8371647596359253,0.7768486142158508,1.9064080715179443,-0.3059978485107422,0.25393959879875183,0.12813228368759155,0.1646389365196228,-0.3394761085510254
0.7403003754693367,2.1204645973505736,1.0990826302376475,1.0990826302376475,0.2902167169251637,-1.8337618112564087,0.7816781997680664,1.9050676822662354,-0.339131236076355,0.2545008659362793,0.1880722939968109,0.16315187513828278,-0.6277561187744141
0.7446808510638298,8.201718305852893,-2.6634988661004213,-2.6634988661004213,0.3720508619823061,-1.830337643623352,0.78715580701828,1.9035820960998535,-0.35764965415000916,0.25532472133636475,0.21169374883174896,0.16040199995040894,-0.4973292052745819
0.7490613266583228,7.23334378299203,-0.6909968910646898,-0.6909968910646898,-0.8846059981846157,-1.8268895149230957,0.8049970865249634,1.9020154476165771,-0.32332146167755127,0.2562520503997803,0.12304607033729553,0.1582234650850296,-0.2022080421447754
0.753441802252816,5.0398534179958725,-1.648088732721084,-1.648088732721084,0.6132217792149015,-1.8233633041381836,0.8161843419075012,1.9005991220474243,-0.3261861503124237,0.25679105520248413,0.12870006263256073,0.15733769536018372,-0.2801870107650757
0.7578222778473092,5.872738509560721,0.06166359824112677,0.06166359824112677,-1.3177332706630098,-1.8197879791259766,0.8285341262817383,1.8991702795028687,-0.31276047229766846,0.25735482573509216,0.06266262382268906,0.15611034631729126,0.008366495370864868
0.7622027534418022,6.197818574731542,-0.2573550721816255,-0.2573550721816255,-0.37996169927137613,-1.816158652305603,0.835472583770752,1.8978002071380615,-0.3370645344257355,0.25762930512428284,0.10294538736343384,0.15614698827266693,-0.22218294441699982
0.7665832290362953,2.9697123637388683,0.712717605667445,0.712717605667445,-0.5625292238935473,-1.812498927116394,0.8465071320533752,1.8963236808776855,-0.3369404971599579,0.25808024406433105,0.10652589052915573,0.15517371892929077,-0.1836310178041458
0.7709637046307884,4.088154159379013,-2.067841450733455,-2.067841450733455,-0.7932730570983432,-1.8087908029556274,0.8504268527030945,1.8948477506637573,-0.3680766820907593,0.2585468888282776,0.14376714825630188,0.1543693244457245,-0.27127355337142944
0.7753441802252816,5.92297986623069,-1.4007749730018486,-1.4007749730018486,-0.310230320214119,-1.8050655126571655,0.8557847738265991,1.893235445022583,-0.39519959688186646,0.25917667150497437,0.10654570907354355,0.1531810164451599,-0.3972032368183136
0.7797246558197747,3.8274578763838805,-0.6231641450650963,-0.6231641450650963,-0.47057388761191254,-1.801316738128662,0.8666084408760071,1.8915042877197266,-0.39578744769096375,0.25964340567588806,0.07469834387302399,0.1514410823583603,-0.34567803144454956
0.7841051314142677,8.746878339537272,-0.4579809235938542,-0.4579809235938542,-0.8693721043898979,-1.797520637512207,0.8726605176925659,1.8897705078125,-0.41763386130332947,0.25997060537338257,0.07024222612380981,0.14992684125900269,-0.3877290189266205
0.7884856070087609,6.731996608874487,-1.2059513019300039,-1.2059513019300039,-0.7242353303908624,-1.7936979532241821,0.8871978521347046,1.8879411220550537,-0.40755558013916016,0.2602783143520355,0.08225615322589874,0.14822840690612793,-0.4264119267463684
0.7928660826032541,5.447746379645443,0.004901173861366681,0.004901173861366681,-0.7244277776419137,-1.789811611175537,0.8982368111610413,1.8861558437347412,-0.4109862744808197,0.26063862442970276,0.06818851828575134,0.14636051654815674,-0.47159287333488464
0.7972465581977471,7.015062327254805,0.06502526397485942,0.06502526397485942,-0.5749101574782453,-1.7858768701553345,0.9067423343658447,1.8843555450439453,-0.425179123878479,0.26093733310699463,0.0894872397184372,0.14429470896720886,-0.5467707514762878
0.8016270337922402,9.01447538172455,-2.317696678599754,-2.317696678599754,-1.1427282171035662,-1.781904935836792,0.9189353585243225,1.882493019104004,-0.4228002727031708,0.26132932305336,0.1081753820180893,0.14189958572387695,-0.5438014268875122
0.8060075093867334,3.4200604512195967,0.1774238424263852,0.1774238424263852,-0.08669563027634059,-1.7778795957565308,0.9332535862922668,1.880640983581543,-0.4168750047683716,0.26180317997932434,0.07386258244514465,0.13951747119426727,-0.6527106761932373
0.8103879849812266,4.015256649608888,0.695644024645401,0.695644024645401,-1.4640767827791608,-1.7737915515899658,0.939949095249176,1.8788148164749146,-0.43326765298843384,0.26212674379348755,0.08157570660114288,0.13665828108787537,-0.5973285436630249
0.8147684605757196,2.202744998473852,-1.0395222295383877,-1.0395222295383877,0.05902342549422285,-1.7696741819381714,0.9434002637863159,1.8769168853759766,-0.4766613841056824,0.262484073638916,0.14464640617370605,0.1340416967868805,-0.9122600555419922
0.8191489361702127,4.8337918661150745,-2.843531811615539,-2.843531811615539,0.9947107856357069,-1.765541672706604,0.9482689499855042,1.8748289346694946,-0.49987730383872986,0.2631177008152008,0.11256539076566696,0.1300455629825592,-0.8445976972579956
0.8235294117647058,7.864691283604767,-1.813991197471314,-1.813991197471314,0.688289564666877,-1.761387825012207,0.9611461758613586,1.8726391792297363,-0.47933709621429443,0.2636107802391052,0.00047654658555984497,0.12634582817554474,-0.4549024701118469
0.827909887359199,5.68531489053489,0.8995793594847075,0.8995793594847075,-1.178963046302477,-1.7571775913238525,0.9788309335708618,1.8705394268035889,-0.44054365158081055,0.26361286640167236,-0.07259798794984818,0.12435314059257507,-0.08035659790039062
0.8322903629536921,5.5671041981601626,1.32479950492767,1.32479950492767,-0.41432204462651656,-1.75288987159729,0.9866437911987305,1.8686096668243408,-0.46338942646980286,0.26329484581947327,-0.011897958815097809,0.12400113791227341,-0.2771838903427124
0.8366708385481851,6.0265648457088234,-1.2185804364659218,-1.2185804364659218,-1.106924592696655,-1.7485679388046265,0.9964597225189209,1.8665797710418701,-0.46944087743759155,0.2632427215576172,0.03888990357518196,0.12278693914413452,-0.2635132670402527
0.8410513141426783,6.792909872117269,1.0305449352952043,1.0305449352952043,-0.8720206663046067,-1.744202971458435,1.0051870346069336,1.8645234107971191,-0.48776108026504517,0.26341307163238525,0.03562919795513153,0.12163262814283371,-0.4323533773422241
0.8454317897371715,7.48428159958937,0.47023625509537914,0.47023625509537914,-0.5614324229264148,-1.7397997379302979,1.0161575078964233,1.8623868227005005,-0.4942184388637543,0.2635691463947296,0.0911901444196701,0.11973871290683746,-0.5179288983345032
0.8498122653316645,4.307261097296557,-1.365991245463079,-1.365991245463079,-0.1565470502017221,-1.7353484630584717,1.029407262802124,1.8602218627929688,-0.4876774251461029,0.2639686167240143,0.12131813913583755,0.11746993660926819,-0.5008975267410278
0.8541927409261576,4.946454982863992,-1.2742653885634958,-1.2742653885634958,-0.8065747972560469,-1.7308391332626343,1.037534236907959,1.8580856323242188,-0.4982876479625702,0.26450005173683167,0.08599853515625,0.11527577042579651,-0.44468429684638977
0.8585732165206508,6.468652613530785,0.10641521867213488,0.10641521867213488,-1.1347915818915184,-1.7262942790985107,1.0451490879058838,1.855902910232544,-0.5186915397644043,0.26487675309181213,0.07234048843383789,0.11332783848047256,-0.5549759268760681
0.8629536921151439,5.71791870427145,2.5254244997822326,2.5254244997822326,-0.7400304636403028,-1.721716046333313,1.0549520254135132,1.853630781173706,-0.5340266227722168,0.2651936411857605,0.10858766734600067,0.11089678108692169,-0.721572756767273
0.867334167709637,6.040396557735167,-1.3762470964295035,-1.3762470964295035,0.05524571035982062,-1.717094898223877,1.0644315481185913,1.851291537284851,-0.5464626550674438,0.2656693160533905,0.20394930243492126,0.10773594677448273,-0.7955289483070374
0.8717146433041301,7.493075343476665,-1.0431891209107635,-1.0431891209107635,-0.765650497940997,-1.7124321460723877,1.0766239166259766,1.8488978147506714,-0.537689208984375,0.26656270027160645,0.16214516758918762,0.10425115376710892,-0.640311062335968
0.8760951188986232,7.5695436676930985,0.7983086004473379,0.7983086004473379,-0.6460391149483394,-1.7077159881591797,1.0895625352859497,1.846542477607727,-0.5359169840812683,0.2672729790210724,0.1540401577949524,0.10144628584384918,-0.6805227398872375
0.8804755944931164,7.338350192978916,-2.0786666282401693,-2.0786666282401693,-0.4756841759870125,-1.702943205833435,1.1029967069625854,1.8441948890686035,-0.5307372808456421,0.2679477334022522,0.19621968269348145,0.09846527129411697,-0.6857104301452637
0.8848560700876095,7.640701046799631,-1.105610262766707,-1.105610262766707,-1.0638933619448927,-1.6981115341186523,1.1164076328277588,1.8418699502944946,-0.5235329866409302,0.2688072621822357,0.1494075059890747,0.09546153247356415,-0.648838996887207
0.8892365456821025,4.973731692861051,-1.1745822236562387,-1.1745822236562387,0.09943376538708154,-1.693221092224121,1.1291073560714722,1.8395766019821167,-0.527545154094696,0.2694617509841919,0.1481892466545105,0.09261930733919144,-0.76913982629776
0.8936170212765957,9.542882685675812,-1.124113980189653,-1.124113980189653,-0.5615587923896638,-1.6882750988006592,1.1392463445663452,1.8372657299041748,-0.5266977548599243,0.2701109051704407,0.1109839379787445,0.0892501100897789,-0.626655101776123
0.8979974968710889,8.66100029274261,-0.634240348402189,-0.634240348402189,-0.519012458148793,-1.6832846403121948,1.1568174362182617,1.834958553314209,-0.5031493902206421,0.27059707045555115,0.09455554187297821,0.08650506287813187,-0.5632469654083252
0.902377972465582,6.636375908416703,-1.2981637078827282,-1.2981637078827282,-0.39675291309057314,-1.6782171726226807,1.1727443933486938,1.8327544927597046,-0.48598137497901917,0.27101126313209534,0.09119052439928055,0.08403777331113815,-0.508424699306488
0.906758448060075,6.125409027358503,-2.5858472906561283,-2.5858472906561283,-0.17637005965208774,-1.6730799674987793,1.1849640607833862,1.8306256532669067,-0.4828615188598633,0.27141073346138,0.06486646831035614,0.08181063085794449,-0.4662402272224426
0.9111389236545682,6.567753221285453,-1.401324183780324,-1.401324183780324,-0.8029674014718089,-1.6678892374038696,1.1966066360473633,1.8285105228424072,-0.47886496782302856,0.2716948688030243,-0.0054979026317596436,0.07976827770471573,-0.37443336844444275
0.9155193992490612,3.961737876249888,-2.273365586784604,-2.273365586784604,0.9078703987541052,-1.6626474857330322,1.2079041004180908,1.8264129161834717,-0.4858230650424957,0.27167078852653503,-0.02297181822359562,0.07812808454036713,-0.44725748896598816
0.9198998748435544,4.908257424140363,-0.33109436957488947,-0.33109436957488947,0.6942548856797202,-1.6573562622070312,1.217313289642334,1.8242847919464111,-0.4745461642742157,0.2715701758861542,-0.11587399244308472,0.07616888731718063,-0.10295122861862183
0.9242803504380476,3.7273931154565214,-2.096130976179575,-2.096130976179575,-0.12516598559393843,-1.6520237922668457,1.2280421257019043,1.8222060203552246,-0.46035975217819214,0.27106258273124695,-0.14581744372844696,0.07571791112422943,0.2035108506679535
0.9286608260325406,6.474483108950325,0.8239644278485205,0.8239644278485205,-0.9754361905889204,-1.6466443538665771,1.235024333000183,1.8201894760131836,-0.4751685857772827,0.2704238295555115,-0.20337587594985962,0.07660938799381256,0.2543046474456787
0.9330413016270338,6.4075824543527995,-1.3937665867822515,-1.3937665867822515,0.519572231022907,-1.6412343978881836,1.2457704544067383,1.8181079626083374,-0.4869242012500763,0.2695329487323761,-0.15082767605781555,0.07772336155176163,0.13118180632591248
0.9374217772215268,8.185670737617553,-0.12021936870841543,-0.12021936870841543,-0.44618810578897067,-1.6357773542404175,1.2590430974960327,1.8159749507904053,-0.4642869830131531,0.2688722610473633,-0.20670323073863983,0.07829800248146057,0.42350438237190247
0.94180225281602,4.011069962923807,1.069676934165034,1.069676934165034,-1.7633461498070133,-1.6302621364593506,1.2740052938461304,1.8139411211013794,-0.4493705630302429,0.2679668068885803,-0.19718390703201294,0.08015315234661102,0.48745179176330566
0.9461827284105132,6.801742293412167,0.16871778191980125,0.16871778191980125,-1.885728241415581,-1.6246813535690308,1.278475046157837,1.8119726181030273,-0.5000593662261963,0.26710304617881775,-0.11445064842700958,0.08228842169046402,0.08804869651794434
0.9505632040050064,2.617021374396705,-0.8562974507122754,-0.8562974507122754,-0.6518584382125359,-1.6190810203552246,1.2878789901733398,1.8097821474075317,-0.530279278755188,0.26660171151161194,-0.05445431172847748,0.08267411589622498,-0.2811388373374939
0.9549436795994992,4.36961750026726,-3.4227235799803815,-3.4227235799803815,-1.3258059770172494,-1.6134394407272339,1.2916548252105713,1.8074592351913452,-0.5666226744651794,0.2663631737232208,-0.06042458117008209,0.08144259452819824,-0.40262603759765625
0.9593241551939924,7.773303883989941,-0.563632982555992,-0.563632982555992,0.1261155880912893,-1.6077814102172852,1.2975317239761353,1.8049771785736084,-0.6040747165679932,0.2660984992980957,-0.1216612234711647,0.07967890053987503,-0.671697735786438
0.9637046307884856,7.8637041218647665,-1.671624572466567,-1.671624572466567,0.920323390133162,-1.6020976305007935,1.3127385377883911,1.8023310899734497,-0.57918781042099,0.26556557416915894,-0.1418040692806244,0.07673654705286026,-0.45749497413635254
0.9680851063829788,7.345069136643083,-0.7324709660990623,-0.7324709660990623,-0.24204472466510274,-1.5963472127914429,1.3293750286102295,1.7997939586639404,-0.5349743366241455,0.2649444043636322,-0.21749716997146606,0.07473250478506088,-0.019805163145065308
0.9724655819774718,6.241576217176785,0.8424836660970767,0.8424836660970767,-0.061651317624859314,-1.5905239582061768,1.3428165912628174,1.7974505424499512,-0.5222446918487549,0.26399165391921997,-0.23181916773319244,0.0746457502245903,0.08174027502536774
0.9768460575719649,4.371338595651868,1.324777872718864,1.324777872718864,-0.6013993246693242,-1.5846418142318726,1.3544541597366333,1.7951629161834717,-0.5145049095153809,0.26297616958618164,-0.20541556179523468,0.07500381022691727,0.2082206755876541
0.981226533166458,4.203284656587325,0.5473212264739398,0.5473212264739398,-0.9125734938468384,-1.5787086486816406,1.3616126775741577,1.7929091453552246,-0.5349986553192139,0.26207634806632996,-0.149165078997612,0.07591591775417328,0.14115245640277863
0.9856070087609512,7.8829980846365935,-0.022377103208146565,-0.022377103208146565,-0.2367373419853109,-1.5727441310882568,1.367864727973938,1.7905656099319458,-0.5641588568687439,0.26142293214797974,-0.106531523168087,0.07653423398733139,-0.01653188467025757
0.9899874843554444,4.1577598016549615,-1.7986677469276593,-1.7986677469276593,0.09405506106897893,-1.5667521953582764,1.3821711540222168,1.7880942821502686,-0.5467492341995239,0.2609562873840332,-0.10027152299880981,0.07646181434392929,0.09905748814344406
0.9943679599499372,8.190485538441454,-0.7922892452826626,-0.7922892452826626,-1.1644379826198792,-1.5606976747512817,1.3900995254516602,1.7856992483139038,-0.5527545213699341,0.26051706075668335,-0.15554502606391907,0.07689573615789413,0.22108200192451477
0.9987484355444304,8.230855778421281,-0.012563880072628653,-0.012563880072628653,-0.46471057593613474,-1.5546083450317383,1.4032843112945557,1.7832778692245483,-0.5544379353523254,0.25983569025993347,-0.14467710256576538,0.07786417752504349,0.08508375287055969
1.0031289111389237,9.229993064061079,-0.3744504715014971,-0.3744504715014971,-1.1054892448646931,-1.5484613180160522,1.4177581071853638,1.7808492183685303,-0.5394169092178345,0.25920194387435913,-0.13147298991680145,0.078236885368824,0.14521285891532898
1.0075093867334166,4.671659679591221,-0.358862190114823,-0.358862190114823,-0.6106591374054191,-1.5422508716583252,1.4328877925872803,1.7784863710403442,-0.5309976935386658,0.2586260437965393,-0.11012434214353561,0.07887298613786697,0.049712397158145905
1.0118898623279098,7.967953865649529,-1.1937721088706188,-1.1937721088706188,0.3689871153252023,-1.535974144935608,1.440428376197815,1.7761603593826294,-0.5491464138031006,0.2581436336040497,-0.10277107357978821,0.07909075170755386,-0.012858793139457703
1.016270337922403,9.884004757878643,-1.0688027196699577,-1.0688027196699577,-1.6690206471304543,-1.529664397239685,1.4558734893798828,1.7737548351287842,-0.5168148279190063,0.25769343972206116,-0.14840859174728394,0.07903442531824112,0.2738087773323059
1.020650813516896,5.940799141134647,-1.4498253245860189,-1.4498253245860189,-1.235480380208886,-1.5232869386672974,1.4710944890975952,1.7714909315109253,-0.5160582065582275,0.25704333186149597,-0.13088032603263855,0.08023383468389511,0.03632509708404541
1.0250312891113893,4.836197918735178,-0.29862070077527053,-0.29862070077527053,1.0781626051003033,-1.5168428421020508,1.479751706123352,1.7692303657531738,-0.5381618142127991,0.2564700245857239,-0.13713987171649933,0.08039295673370361,-0.17115646600723267
1.0294117647058822,7.910885371527954,-2.5576759932237705,-2.5576759932237705,-1.1284320318314003,-1.510360836982727,1.49071204662323,1.7668730020523071,-0.5154557824134827,0.2558692991733551,-0.17734630405902863,0.07964321225881577,0.24111711978912354
1.0337922403003754,4.819591798846278,-0.7567356909279945,-0.7567356909279945,-1.8697545197256809,-1.5038307905197144,1.5031784772872925,1.7646150588989258,-0.5185511112213135,0.25509244203567505,-0.2190847545862198,0.08069942146539688,0.1089625209569931
1.0381727158948686,7.910597118656932,0.1029318255905779,0.1029318255905779,0.21261616515002157,-1.4972461462020874,1.508500099182129,1.7623435258865356,-0.5648380517959595,0.2541327476501465,-0.1865810751914978,0.08117672801017761,-0.30122584104537964
1.0425531914893615,6.540840484948964,0.0654187662917518,0.0654187662917518,-0.18794429390701828,-1.490638256072998,1.5234218835830688,1.7598692178726196,-0.536575973033905,0.25331541895866394,-0.1897841989994049,0.07985721528530121,-0.059291690587997437
1.0469336670838547,4.518087813488908,-2.3188364680390734,-2.3188364680390734,-1.4965240974165803,-1.4839649200439453,1.5349969863891602,1.7575187683105469,-0.5291349291801453,0.2524840831756592,-0.18238519132137299,0.07959748804569244,0.03929636627435684
1.051314142678348,4.099458615799307,-1.0092999235826305,-1.0092999235826305,-0.05826240187310511,-1.4772409200668335,1.5404194593429565,1.7552008628845215,-0.5692079067230225,0.25168514251708984,-0.2063993215560913,0.07976962625980377,-0.27373769879341125
1.055694618272841,6.312398170470437,1.318289569876359,1.318289569876359,-0.10072463426290185,-1.470493197441101,1.5477685928344727,1.7527074813842773,-0.5791817903518677,0.25078102946281433,-0.23417262732982635,0.07857052236795425,-0.19532033801078796
1.0600750938673342,4.7580708136982715,1.9407543930143696,1.9407543930143696,0.46790754181270183,-1.46371328830719,1.5589872598648071,1.750170350074768,-0.571587860584259,0.24975524842739105,-0.19273291528224945,0.07771492749452591,-0.07765062898397446
1.0644555694618272,7.325603027547438,0.5037156319035324,0.5037156319035324,-0.25415156881417983,-1.4568841457366943,1.5683869123458862,1.7476664781570435,-0.5637279748916626,0.24891099333763123,-0.14972111582756042,0.07737477868795395,0.16271084547042847
1.0688360450563203,5.698169363756515,-0.9106675781244438,-0.9106675781244438,-0.4150630870239406,-1.4500138759613037,1.5810492038726807,1.745197057723999,-0.5511992573738098,0.2482551485300064,-0.12758898735046387,0.07808753103017807,0.26100873947143555
1.0732165206508135,8.32194042087078,-2.914900628978849,-2.914900628978849,-0.10269959266569073,-1.443088173866272,1.5904991626739502,1.7427825927734375,-0.5560727119445801,0.24769625067710876,-0.1420622169971466,0.07923087477684021,0.2768794000148773
1.0775969962453065,6.0991495307006955,-1.3304816917908244,-1.3304816917908244,-0.34533879882959195,-1.4361209869384766,1.605198621749878,1.7403466701507568,-0.5316269397735596,0.2470739483833313,-0.22418740391731262,0.08044373989105225,0.44052451848983765
1.0819774718397996,5.839116937783132,-1.7767736918766115,-1.7767736918766115,-0.4164102076282246,-1.4290894269943237,1.6155017614364624,1.7380179166793823,-0.5314931869506836,0.24609190225601196,-0.25295668840408325,0.08237344771623611,0.4851868748664856
1.0863579474342928,5.640445186782509,1.662257279029315,1.662257279029315,-1.4367481992295401,-1.4220128059387207,1.6251887083053589,1.7356897592544556,-0.535188615322113,0.24498383700847626,-0.29268360137939453,0.0844988003373146,0.5040842890739441
1.090738423028786,4.744355232553203,-0.07076910877160925,-0.07076910877160925,0.570107323951188,-1.4148937463760376,1.6324728727340698,1.73334538936615,-0.5643657445907593,0.2437017410993576,-0.2021828144788742,0.08670692890882492,0.23390576243400574
1.0951188986232792,6.993786462415716,-1.9936315604233543,-1.9936315604233543,-1.2605275036725694,-1.4077427387237549,1.6420706510543823,1.7308732271194458,-0.5541813969612122,0.24281609058380127,-0.22089843451976776,0.08773154765367508,0.5027258992195129
1.099499374217772,6.170540086545231,0.5166171941095956,0.5166171941095956,-0.035401052668814215,-1.4005496501922607,1.6519619226455688,1.7284456491470337,-0.5678402185440063,0.24184845387935638,-0.2423073947429657,0.08993372321128845,0.313142329454422
1.1038798498122653,4.512157625965464,-0.4795305308003539,-0.4795305308003539,-0.3621518156346538,-1.3933132886886597,1.662840723991394,1.725958228111267,-0.5597929954528809,0.24078702926635742,-0.22618670761585236,0.0913054347038269,0.44622737169265747
1.1082603254067585,5.946710975552622,-2.4234225389121082,-2.4234225389121082,0.6622753536340669,-1.3860292434692383,1.6701043844223022,1.7235060930252075,-0.5733006596565247,0.2397962212562561,-0.22961454093456268,0.09326012432575226,0.4498060941696167
1.1126408010012514,7.52333989941065,-0.08239071782918139,-0.08239071782918139,-0.934678167973727,-1.3787133693695068,1.6821056604385376,1.7209947109222412,-0.5508315563201904,0.2387903928756714,-0.31972670555114746,0.09523048996925354,0.7723842263221741
1.1170212765957446,5.618917734100039,-1.102496600831601,-1.102496600831601,-0.8225802814639165,-1.3713449239730835,1.6934822797775269,1.7185817956924438,-0.5523684024810791,0.23738983273506165,-0.29483720660209656,0.09861390292644501,0.6862380504608154
1.1214017521902375,7.507078822303066,-0.5884824387010135,-0.5884824387010135,-1.5654841537650377,-1.363926649093628,1.7016326189041138,1.7161622047424316,-0.5672778487205505,0.2360983043909073,-0.3030116558074951,0.10161995142698288,0.5872661471366882
1.125782227784731,3.5095357444194795,-2.7782501996261435,-2.7782501996261435,-0.4129782834605433,-1.3564727306365967,1.7112133502960205,1.7136772871017456,-0.5835970640182495,0.2347709685564041,-0.27448010444641113,0.10419245809316635,0.3250456750392914
1.130162703379224,7.197022539669801,-0.4203246569454175,-0.4203246569454175,-0.8523630243534718,-1.3489768505096436,1.7163931131362915,1.711120843887329,-0.6066604256629944,0.23356860876083374,-0.3435535430908203,0.10561631619930267,0.29142990708351135
1.134543178973717,6.639686624018818,-1.484134972263142,-1.484134972263142,-0.8827145250052466,-1.3414582014083862,1.7268898487091064,1.708463430404663,-0.6089086532592773,0.2320636808872223,-0.33093664050102234,0.10689292103052139,0.22102652490139008
1.1389236545682102,6.3854707843182235,-0.41953337280815317,-0.41953337280815317,1.2764419915174672,-1.3338936567306519,1.7362507581710815,1.7057961225509644,-0.6165342926979065,0.23061402142047882,-0.34850001335144043,0.10786112397909164,0.12925750017166138
1.1433041301627034,6.0893767278418185,-3.530525980145444,-3.530525980145444,-1.1781755538136258,-1.326288104057312,1.7505379915237427,1.7030954360961914,-0.575969398021698,0.22908742725849152,-0.39802786707878113,0.10842733085155487,0.6337648630142212
1.1476846057571963,6.071133963183739,-0.5233145003687562,-0.5233145003687562,0.006229085652833755,-1.318619966506958,1.7581912279129028,1.7005723714828491,-0.5950924754142761,0.2273438721895218,-0.4667239487171173,0.11120352149009705,0.4468798041343689
1.1520650813516895,6.748257723180268,-1.8310260494811414,-1.8310260494811414,-0.6772319211131158,-1.3109182119369507,1.768708348274231,1.6979656219482422,-0.586746096611023,0.2252994030714035,-0.48218831419944763,0.11316106468439102,0.589951753616333
1.156445556946183,11.258360641561595,-1.1228988125924573,-1.1228988125924573,-0.7719087665203559,-1.3031704425811768,1.7785710096359253,1.6953953504562378,-0.5885902643203735,0.22318719327449799,-0.5158827304840088,0.11574533581733704,0.5582562685012817
1.1608260325406758,6.604064942324152,-1.5022411694954179,-1.5022411694954179,-1.0767199782743497,-1.295379400253296,1.7957311868667603,1.6928170919418335,-0.5545549392700195,0.2209273874759674,-0.5261327624320984,0.11819076538085938,0.6053356528282166
1.165206508135169,6.900589043014005,-0.765188182043623,-0.765188182043623,-0.9446331654356767,-1.287513256072998,1.8040494918823242,1.6903878450393677,-0.566857099533081,0.21862266957759857,-0.5385593175888062,0.12084242701530457,0.45902907848358154
1.169586983729662,7.657836343608617,-0.7220289945740156,-0.7220289945740156,0.05670822427699551,-1.2796106338500977,1.8130518198013306,1.687904715538025,-0.5735430121421814,0.2162635177373886,-0.5333189368247986,0.12285318970680237,0.3565521538257599
1.1739674593241551,2.1441776776129977,-1.4531679926439485,-1.4531679926439485,-0.6864714587820576,-1.271668553352356,1.8260409832000732,1.6853923797607422,-0.5505042672157288,0.21392732858657837,-0.5560605525970459,0.12441505491733551,0.5510664582252502
1.1783479349186483,5.6169599613762955,-0.8360510913462493,-0.8360510913462493,-0.10723640321288375,-1.2636696100234985,1.8277077674865723,1.6829808950424194,-0.5913324952125549,0.21149152517318726,-0.5784505009651184,0.12682898342609406,0.4096774160861969
1.1827284105131413,8.602255895156938,-0.17920379818466797,-0.17920379818466797,-1.3124251800034221,-1.2556633949279785,1.8366951942443848,1.6803905963897705,-0.5893096923828125,0.20895764231681824,-0.5997341871261597,0.12862356007099152,0.5109485387802124
1.1871088861076344,5.65676675388986,1.8499305027029258,1.8499305027029258,0.7959551445705186,-1.2476178407669067,1.846890926361084,1.6778091192245483,-0.5900286436080933,0.20633052289485931,-0.5666405558586121,0.13086175918579102,0.34590768814086914
1.1914893617021276,7.587431307100982,-1.5217562556911775,-1.5217562556911775,-0.7565606647430498,-1.2395275831222534,1.8585338592529297,1.6752245426177979,-0.5666354298591614,0.20384836196899414,-0.5358611345291138,0.1323769986629486,0.7000869512557983
1.1958698372966208,4.998714882258833,-2.9601322380760893,-2.9601322380760893,-0.37964299506369076,-1.2313863039016724,1.8685654401779175,1.6727423667907715,-0.5629661083221436,0.2015010416507721,-0.5582072734832764,0.13544371724128723,0.6664760112762451
1.200250312891114,6.881906001354562,2.458897491205026,2.458897491205026,-1.0491476613640158,-1.2232011556625366,1.8755128383636475,1.6702762842178345,-0.5724378824234009,0.19905582070350647,-0.6335657238960266,0.13836319744586945,0.6775044202804565
1.204630788485607,5.847384190812301,-2.036987974687426,-2.036987974687426,-1.280739905506293,-1.2149854898452759,1.8832144737243652,1.6677687168121338,-0.5814768671989441,0.19628049433231354,-0.531119704246521,0.14133098721504211,0.5459182858467102
1.2090112640801,6.396130253483722,-1.0225840800091515,-1.0225840800091515,-0.11224600664122808,-1.2067360877990723,1.8883064985275269,1.6652215719223022,-0.6046171188354492,0.19395393133163452,-0.5532045364379883,0.14372237026691437,0.32558923959732056
1.2133917396745932,5.727608504735304,-1.4825267392120902,-1.4825267392120902,-1.6681963975277858,-1.1984643936157227,1.897977590560913,1.6625730991363525,-0.5959632992744446,0.19153062999248505,-0.5797892808914185,0.1451486051082611,0.44400766491889954
1.2177722152690862,7.263952062659562,0.7722753095840986,0.7722753095840986,0.6073285802495503,-1.1901503801345825,1.901282787322998,1.65996253490448,-0.6290494799613953,0.18899087607860565,-0.5743671655654907,0.14709356427192688,0.1128804087638855
1.2221526908635794,5.034142308924126,0.47772634460758556,0.47772634460758556,-0.1488478522098065,-1.1818218231201172,1.9145537614822388,1.6572070121765137,-0.5963036417961121,0.18647487461566925,-0.5695502161979675,0.14758802950382233,0.45235246419906616
1.2265331664580723,6.245188121927681,-0.4669519455274272,-0.4669519455274272,-1.3338461992722892,-1.1734352111816406,1.921785593032837,1.654594898223877,-0.6000044941902161,0.18397997319698334,-0.5512522459030151,0.1495695412158966,0.5287414193153381
1.2309136420525657,6.687794467522643,-0.9652970285660359,-0.9652970285660359,0.6629623147798632,-1.1650168895721436,1.9266669750213623,1.6519665718078613,-0.6208743453025818,0.18156522512435913,-0.5259361863136292,0.15188567340373993,0.30304598808288574
1.2352941176470589,6.910902201642717,-0.5026469254455377,-0.5026469254455377,-0.1856341489217791,-1.156577229499817,1.9390829801559448,1.6492468118667603,-0.5916860103607178,0.17926137149333954,-0.5734865069389343,0.15321315824985504,0.6446096897125244
1.2396745932415518,8.530709229897674,-0.8641651100736838,-0.8641651100736838,-0.021583186282847444,-1.1480830907821655,1.9488502740859985,1.6466549634933472,-0.5802624821662903,0.17674922943115234,-0.582744300365448,0.1560368537902832,0.7547609210014343
1.244055068836045,5.058250298514832,1.1158314546080157,1.1158314546080157,-0.4004433583261875,-1.1395461559295654,1.9615752696990967,1.6441131830215454,-0.5512651205062866,0.1741965264081955,-0.6073503494262695,0.15934306383132935,0.9486391544342041
1.2484355444305382,4.995452215289769,0.7979979217008961,0.7979979217008961,-1.764429064458608,-1.1309535503387451,1.9678301811218262,1.6416983604431152,-0.5605559945106506,0.17153604328632355,-0.5630702972412109,0.16349855065345764,0.9555045962333679
1.2528160200250311,5.576794388204076,2.892789268695542,2.892789268695542,-0.3933217082712579,-1.1223335266113281,1.968708872795105,1.6392428874969482,-0.6019095778465271,0.16906952857971191,-0.4882392883300781,0.16768410801887512,0.5805206298828125
1.2571964956195243,6.839916779223769,-3.224567409640115,-3.224567409640115,-0.05200376092949538,-1.1137096881866455,1.9753730297088623,1.636606216430664,-0.6065643429756165,0.16693080961704254,-0.3922744393348694,0.1702270656824112,0.6015385985374451
1.2615769712140177,6.891703156196839,0.8767948378688988,0.8767948378688988,-0.9600475337691288,-1.105056643486023,1.985146164894104,1.6339491605758667,-0.592580258846283,0.1652124673128128,-0.4849233627319336,0.17286209762096405,0.7473468780517578
1.2659574468085106,5.531750659327566,-2.220730969228034,-2.220730969228034,-0.18401407302577721,-1.0963608026504517,1.991358757019043,1.6313533782958984,-0.5991265773773193,0.16308827698230743,-0.4312817454338074,0.1761358380317688,0.641130805015564
1.2703379224030038,5.566624752819084,-1.0804763993323951,-1.0804763993323951,-1.0620726196122172,-1.0876376628875732,1.998640537261963,1.6287288665771484,-0.5993072986602783,0.16119906306266785,-0.49076032638549805,0.17894428968429565,0.7194536328315735
1.2747183979974968,6.212064137903823,-4.4231122657911754,-4.4231122657911754,-0.5143855838123887,-1.0788826942443848,2.0022966861724854,1.6261036396026611,-0.6194425821304321,0.15904930233955383,-0.49129778146743774,0.18209584057331085,0.5537122488021851
1.27909887359199,3.752889637645608,0.21872902861838694,0.21872902861838694,0.7324002278024092,-1.070111632347107,2.0089895725250244,1.6233901977539062,-0.6214280128479004,0.1568971872329712,-0.6054449677467346,0.1845213621854782,0.5558187365531921
1.283479349186483,5.192601493845851,-4.07717249445513,-4.07717249445513,-0.4010121580809478,-1.0613112449645996,2.017510414123535,1.6206680536270142,-0.6156058311462402,0.1542450487613678,-0.6204457879066467,0.18695610761642456,0.8479952812194824
1.287859824780976,8.21903774242794,-0.7166653068803029,-0.7166653068803029,-0.9091242484002691,-1.052473545074463,2.0232346057891846,1.617971420288086,-0.6236598491668701,0.15152719616889954,-0.7278013229370117,0.19067072868347168,0.8577989339828491
1.2922403003754692,5.775002150104557,-1.9387184730031783,-1.9387184730031783,-0.43676826347477404,-1.0436108112335205,2.030787467956543,1.6152395009994507,-0.6176319718360901,0.14833907783031464,-0.7221809029579163,0.19442829489707947,0.796751081943512
1.2966207759699624,7.189926990175725,-1.1161964326018197,-1.1161964326018197,-0.45078921908653585,-1.034714937210083,2.036916494369507,1.6125339269638062,-0.6215208768844604,0.14517557621002197,-0.7660425901412964,0.19791844487190247,0.8101546168327332
1.3010012515644556,6.9058800688980835,-1.412396608181092,-1.412396608181092,-0.2492449084683862,-1.0257922410964966,2.04478120803833,1.6098114252090454,-0.6136717200279236,0.14181993901729584,-0.7854745984077454,0.20146730542182922,0.8527200222015381
1.3053817271589487,5.619196566295997,0.055037959723222896,0.055037959723222896,0.2591893449276986,-1.01683509349823,2.0530898571014404,1.6071232557296753,-0.6036045551300049,0.13837918639183044,-0.8194423317909241,0.2052026242017746,0.9447809457778931
1.3097622027534417,3.8980508760501262,-0.21594766569368662,-0.21594766569368662,0.4746394827060308,-1.0078415870666504,2.0620598793029785,1.604479193687439,-0.5928336977958679,0.13478964567184448,-0.8254042267799377,0.20934121310710907,1.148470401763916
1.3141426783479349,8.556172402192537,-0.35670601083277065,-0.35670601083277065,-2.1120718082592562,-0.9988088011741638,2.06992506980896,1.6018823385238647,-0.5918207764625549,0.1311739832162857,-0.8455715775489807,0.21437205374240875,1.3719449043273926
1.318523153942428,7.319466044462728,0.9461248884564002,0.9461248884564002,-0.17873135617730712,-0.9897415637969971,2.0710947513580322,1.599289894104004,-0.6104274392127991,0.1274699717760086,-0.7943093180656433,0.22038182616233826,0.9827759265899658
1.322903629536921,6.331511623143192,0.7478697382807258,0.7478697382807258,-1.2147024025418265,-0.9806692004203796,2.0798585414886475,1.5966159105300903,-0.595224916934967,0.12399052083492279,-0.7614599466323853,0.22468684613704681,1.1037429571151733
1.327284105131414,7.638826858512205,-0.6992854230702538,-0.6992854230702538,0.7438199394739412,-0.9715584516525269,2.081930160522461,1.5940085649490356,-0.6121280789375305,0.12065496295690536,-0.7041466236114502,0.2295217663049698,0.912632405757904
1.331664580725907,5.862182404402591,-0.6541626537326631,-0.6541626537326631,-0.7683801291459432,-0.9624385833740234,2.0957188606262207,1.59132719039917,-0.573144793510437,0.11757046729326248,-0.746289849281311,0.2335195243358612,1.2980446815490723
1.3360450563204005,8.39868787478991,-1.9923736991778487,-1.9923736991778487,-1.4210831998712057,-0.9532583355903625,2.0993869304656982,1.588816523551941,-0.5838661193847656,0.11430136114358902,-0.7429543137550354,0.23920558393001556,1.2202332019805908
1.3404255319148937,5.829980451161193,-0.567866007651479,-0.567866007651479,0.1543857954347273,-0.9440619945526123,2.1022942066192627,1.586258888244629,-0.5878324508666992,0.11104686558246613,-0.7596378326416016,0.24455077946186066,1.019235372543335
1.3448060075093866,6.782993947707666,-1.6880207009205719,-1.6880207009205719,-1.2683274737555557,-0.9348529577255249,2.110598087310791,1.5836838483810425,-0.5777712464332581,0.107719287276268,-0.7807298898696899,0.24901551008224487,1.1977157592773438
1.3491864831038798,6.990991052459795,-1.5189184497600898,-1.5189184497600898,-0.3157094144674227,-0.9256075620651245,2.111898422241211,1.5811529159545898,-0.5919694900512695,0.10429932177066803,-0.792986273765564,0.2542620897293091,1.0013993978500366
1.353566958698373,7.071303065906825,-0.8313507350279741,-0.8313507350279741,0.07541259539611639,-0.9163564443588257,2.1186647415161133,1.5785597562789917,-0.582730233669281,0.10082566738128662,-0.8281238079071045,0.25864869356155396,1.0753684043884277
1.357947434292866,7.808763478693157,-0.4021059571466189,-0.4021059571466189,-0.9088843186879105,-0.9070757031440735,2.1277852058410645,1.5760071277618408,-0.5639683604240417,0.09719809144735336,-0.854604184627533,0.26335930824279785,1.2600746154785156
1.362327909887359,8.433010127438736,-1.5398241182794363,-1.5398241182794363,-0.7910511012077073,-0.897754967212677,2.131798028945923,1.5735366344451904,-0.561274528503418,0.0934545174241066,-0.8398046493530273,0.2688790261745453,1.18710458278656
1.3667083854818525,4.635249286176597,-0.2401900295314764,-0.2401900295314764,-1.3608793013093257,-0.8884166479110718,2.1369569301605225,1.5710779428482056,-0.5505949258804321,0.08977577090263367,-0.8616712093353271,0.2740791141986847,1.161113977432251
1.3710888610763454,5.465580249785635,1.713369473094339,1.713369473094339,0.3689512005923423,-0.8790557384490967,2.133997678756714,1.5686661005020142,-0.58503258228302,0.08600123971700668,-0.8289435505867004,0.2791653573513031,0.8883930444717407
1.3754693366708386,5.159679235487674,-0.09576749882249758,-0.09576749882249758,0.878949983789872,-0.8697078227996826,2.1426966190338135,1.5661033391952515,-0.5733646154403687,0.08237007260322571,-0.7896822690963745,0.28305694460868835,1.1170039176940918
1.3798498122653315,7.272122280058737,0.32586118604633296,0.32586118604633296,0.08092038158376086,-0.8603218197822571,2.154499053955078,1.563591718673706,-0.5528886914253235,0.07891088724136353,-0.8181471228599548,0.28794994950294495,1.480628490447998
1.3842302878598247,5.184384170158139,-3.522837042070261,-3.522837042070261,-0.7246100248003253,-0.8508840799331665,2.163607120513916,1.5611698627471924,-0.532574474811554,0.07532701641321182,-0.8109940886497498,0.2944357991218567,1.6699268817901611
1.388610763454318,4.032267138259811,-0.4084541627304204,-0.4084541627304204,-0.8912563642817841,-0.8414064645767212,2.1651511192321777,1.5588369369506836,-0.5481423735618591,0.07177447527647018,-0.8927111625671387,0.30175086855888367,1.5864533185958862
1.3929912390488108,4.140591006362372,-1.6324339890913482,-1.6324339890913482,-0.3092200424113182,-0.8319220542907715,2.164051055908203,1.5564358234405518,-0.577176570892334,0.06786397844552994,-0.8786118030548096,0.308700293302536,1.4299194812774658
1.397371714643304,9.838216147236711,0.6249710402666186,0.6249710402666186,0.13127517756269858,-0.8224424719810486,2.166841983795166,1.5539075136184692,-0.5922348499298096,0.06401523947715759,-0.917253851890564,0.31496402621269226,1.437929630279541
1.4017521902377972,7.8015249977991274,0.6997201218714626,0.6997201218714626,-0.6518542587612941,-0.8129506707191467,2.1785240173339844,1.5513132810592651,-0.5493077635765076,0.059997230768203735,-0.9028363823890686,0.32126283645629883,1.6979020833969116
1.4061326658322904,7.177196100347958,0.1346879826149605,0.1346879826149605,-0.5929546899302551,-0.8034076690673828,2.182508707046509,1.5489070415496826,-0.5411822199821472,0.0560423769056797,-0.8633661270141602,0.328700453042984,1.6927582025527954
1.4105131414267835,5.159293685137163,-0.2822126790473582,-0.2822126790473582,0.3575867322464102,-0.7938472628593445,2.1860923767089844,1.5465364456176758,-0.5370570421218872,0.052260421216487885,-0.84211665391922,0.3361155390739441,1.6893984079360962
1.4148936170212765,8.82538427246786,1.2016291116550635,1.2016291116550635,-0.7479707813053823,-0.7842711210250854,2.1948604583740234,1.5441838502883911,-0.5289541482925415,0.048571549355983734,-0.8608008027076721,0.34351590275764465,1.9052047729492188
1.4192740926157696,7.592773567429011,0.27973555404315886,0.27973555404315886,0.1781816742202053,-0.7746565937995911,2.198668956756592,1.5418667793273926,-0.5145381093025208,0.044800832867622375,-0.8038663268089294,0.3518615961074829,1.8945262432098389
1.4236545682102628,6.225140449187775,-0.9183608624826434,-0.9183608624826434,-0.9978474545998921,-0.7650253772735596,2.2085258960723877,1.539612889289856,-0.4901663661003113,0.041279517114162445,-0.8009006381034851,0.3601605296134949,2.1138508319854736
1.4280350438047558,6.279405617683906,-3.503120491654151,-3.503120491654151,-0.46477838360413104,-0.7553510069847107,2.207637071609497,1.5374656915664673,-0.5033014416694641,0.03777119144797325,-0.7985793948173523,0.36942020058631897,1.974119782447815
1.432415519399249,6.178474603884388,1.6720196467167479,1.6720196467167479,-1.1410543301150113,-0.7456805109977722,2.210843086242676,1.5352610349655151,-0.504270613193512,0.03427303209900856,-0.8873085975646973,0.3780677914619446,1.983657717704773
1.436795994993742,7.556250940026548,-0.647044047016223,-0.647044047016223,-0.140955283201889,-0.7359959483146667,2.207956552505493,1.5330520868301392,-0.5208764672279358,0.030386198312044144,-0.8051578998565674,0.38675716519355774,1.8017770051956177
1.4411764705882353,4.537358875889776,0.6138924617293476,0.6138924617293476,-0.9316125587755266,-0.7263240218162537,2.214607000350952,1.5307704210281372,-0.5041601061820984,0.02685922384262085,-0.8199372887611389,0.39464980363845825,1.9284412860870361
1.4455569461827285,7.57449892023322,-0.27754483787858153,-0.27754483787858153,-0.10433249792488253,-0.7166230082511902,2.211493492126465,1.5285619497299194,-0.5299211740493774,0.023267507553100586,-0.774803638458252,0.4030973017215729,1.7678674459457397
1.4499374217772214,7.8304887409546815,1.2294372132924045,1.2294372132924045,-1.356659634360465,-0.7069356441497803,2.2182013988494873,1.526240587234497,-0.51243656873703,0.019873499870300293,-0.7798619866371155,0.4108414053916931,1.9036471843719482
1.4543178973717146,7.221351657625051,1.1403260183539152,1.1403260183539152,-0.41175593676938144,-0.6972188949584961,2.213456630706787,1.5239958763122559,-0.5198999047279358,0.01645733416080475,-0.7043397426605225,0.4191802740097046,1.6949830055236816
1.4586983729662075,7.845793240262845,-1.21779589346444,-1.21779589346444,-0.06436443159837801,-0.6875228881835938,2.2166123390197754,1.5217185020446777,-0.512096643447876,0.013371990993618965,-0.6590140461921692,0.42660510540008545,1.7358641624450684
1.4630788485607007,3.5579818481986663,1.813500252613554,1.813500252613554,-0.9792211733287771,-0.6778130531311035,2.223552942276001,1.5194752216339111,-0.49178963899612427,0.010485196486115456,-0.6926978826522827,0.43420901894569397,1.88632333278656
1.467459324155194,4.792732547212435,0.368399507390503,0.368399507390503,0.18747609288333406,-0.6680728197097778,2.218022108078003,1.517320990562439,-0.5266532897949219,0.007450850214809179,-0.611141562461853,0.44247201085090637,1.6892553567886353
1.471839799749687,8.960157271064633,1.3235021338789008,1.3235021338789008,-0.003318205744877345,-0.6583568453788757,2.2247562408447266,1.5150140523910522,-0.5264623761177063,0.0047737592831254005,-0.6058580279350281,0.4498717486858368,1.8434067964553833
1.4762202753441802,4.950037692841302,-0.15980315359763378,-0.15980315359763378,-0.7106192794848704,-0.6486113667488098,2.233060836791992,1.5127079486846924,-0.49605464935302734,0.0021198128815740347,-0.5671106576919556,0.4579467475414276,2.0320258140563965
1.4806007509386734,6.1312848301012455,1.3959129810814739,1.3959129810814739,-0.5609417912723774,-0.6388294696807861,2.231001377105713,1.5105350017547607,-0.5138319730758667,-0.0003644016105681658,-0.5510250926017761,0.4668479859828949,1.9380208253860474
1.4849812265331663,8.381492270037294,-2.253210038772387,-2.253210038772387,-0.29499456470177887,-0.6290566325187683,2.231157064437866,1.5082842111587524,-0.5187205672264099,-0.002778153633698821,-0.49387872219085693,0.4753374457359314,1.9098881483078003
1.4893617021276595,4.76561979461573,0.8562218707508564,0.8562218707508564,-1.0774686671369182,-0.6192830801010132,2.2357401847839355,1.506011962890625,-0.4996243417263031,-0.0049415770918130875,-0.5510648488998413,0.4837036728858948,2.002034902572632
1.493742177722153,5.188692927852581,-0.6327028529981387,-0.6327028529981387,0.06497907290083454,-0.6094895005226135,2.2290000915527344,1.5038233995437622,-0.526576042175293,-0.007355503272265196,-0.4945949614048004,0.4924735426902771,1.8001750707626343
1.4981226533166456,6.297533822864569,0.5596832972638822,0.5596832972638822,-0.1860587424087211,-0.5997254252433777,2.2347583770751953,1.5015166997909546,-0.5263248682022095,-0.009522064588963985,-0.5149694681167603,0.5003591775894165,1.925029993057251
1.5025031289111388,6.509664992030537,-0.5707101573796006,-0.5707101573796006,-1.7396933982414977,-0.5899361371994019,2.2386581897735596,1.4992111921310425,-0.5223560333251953,-0.011777875944972038,-0.4931914210319519,0.5087917447090149,2.001967430114746
1.506883604505632,10.648478887373273,0.5386346745729365,0.5386346745729365,-0.27751789974170055,-0.5801297426223755,2.2249929904937744,1.4969229698181152,-0.5486084222793579,-0.013938289135694504,-0.4590533971786499,0.5175613164901733,1.6491649150848389
1.5112640801001251,5.483460554797912,-0.7312320194489529,-0.7312320194489529,-0.2379567202897514,-0.5703831911087036,2.230602979660034,1.494519829750061,-0.5111327171325684,-0.01594916172325611,-0.4352191686630249,0.5247854590415955,1.7869173288345337
1.5156445556946183,5.940468963937007,-0.9273727443930442,-0.9273727443930442,-0.32330257667591505,-0.5606120824813843,2.2328834533691406,1.4922808408737183,-0.5150066018104553,-0.017855629324913025,-0.44962435960769653,0.5326129794120789,1.8307400941848755
1.5200250312891113,6.300376475120154,-0.7684470949890854,-0.7684470949890854,0.8367878010357522,-0.5508310198783875,2.2344565391540527,1.4900249242782593,-0.5170011520385742,-0.019825197756290436,-0.46726512908935547,0.5406324863433838,1.8592414855957031
1.5244055068836044,7.850942690379426,0.2349824009094292,0.2349824009094292,-0.41367946961693536,-0.5410430431365967,2.25022029876709,1.4877601861953735,-0.49286577105522156,-0.02187204174697399,-0.5141431093215942,0.5487768650054932,2.217679023742676
1.5287859824780976,8.62232242177967,0.5564706146090435,0.5564706146090435,-0.2579205703745114,-0.5311859846115112,2.2523529529571533,1.4856011867523193,-0.48169827461242676,-0.024124233052134514,-0.49520012736320496,0.5584913492202759,2.257164478302002
1.5331664580725906,6.276339783450386,-2.793635736093662,-2.793635736093662,-0.4089928118867159,-0.5213196277618408,2.256870746612549,1.483491063117981,-0.461379736661911,-0.026293445378541946,-0.47141730785369873,0.5683788061141968,2.3539841175079346
1.5375469336670835,10.035765308214254,0.5325817925325981,0.5325817925325981,0.007693332272924569,-0.511433482170105,2.2578439712524414,1.481469988822937,-0.4631296992301941,-0.028358478099107742,-0.5410564541816711,0.5786903500556946,2.3617746829986572
1.541927409261577,9.15129885515955,-3.297560675523198,-3.297560675523198,0.17163928567633802,-0.5015430450439453,2.2666473388671875,1.4794412851333618,-0.42669788002967834,-0.03072856366634369,-0.5257280468940735,0.5890360474586487,2.5571107864379883
1.54630788485607,6.508870026965643,1.1420943160486168,1.1420943160486168,-0.8878794084693409,-0.49161404371261597,2.2771639823913574,1.4775722026824951,-0.39456847310066223,-0.03303150087594986,-0.6270396709442139,0.6002374291419983,2.779571771621704
1.5506883604505632,9.757579970168152,-0.4401794647029489,-0.4401794647029489,-0.10882746823846312,-0.48163896799087524,2.2721633911132812,1.4758437871932983,-0.4044838547706604,-0.0357782319188118,-0.5677580237388611,0.6124132871627808,2.654933452606201
1.5550688360450562,5.892344280742067,0.6069820508562033,0.6069820508562033,-1.3380562523583512,-0.4716857969760895,2.2793045043945312,1.474071979522705,-0.373580664396286,-0.03826528042554855,-0.5774345397949219,0.6240431666374207,2.806894302368164
1.5594493116395494,4.7052376134209135,-0.08213342441633864,-0.08213342441633864,-1.527020428035288,-0.461701363325119,2.267180919647217,1.472435474395752,-0.39707237482070923,-0.04079471901059151,-0.5206332802772522,0.6363387107849121,2.5426430702209473
1.5638297872340423,5.56521001322445,1.2201154199654742,1.2201154199654742,0.4484704857230629,-0.45177003741264343,2.2508418560028076,1.4706960916519165,-0.43313664197921753,-0.04307534173130989,-0.47843798995018005,0.6474766731262207,2.2027382850646973
1.5682102628285357,4.217505872987519,0.7746253821988269,0.7746253821988269,-1.2061685615753361,-0.4419102668762207,2.262108564376831,1.4687987565994263,-0.42504778504371643,-0.04517112672328949,-0.4559035003185272,0.65712571144104,2.4283595085144043
1.5725907384230289,4.857441414083548,2.3182715876006013,2.3182715876006013,-0.43962865454165134,-0.43200114369392395,2.2491648197174072,1.4669368267059326,-0.45865964889526367,-0.04716820269823074,-0.3980580270290375,0.6677630543708801,2.1674416065216064
1.5769712140175218,5.432322830809493,-0.27484967784672837,-0.27484967784672837,-0.7092447615761499,-0.422148734331131,2.247091770172119,1.4649276733398438,-0.4728192090988159,-0.04891188442707062,-0.31751859188079834,0.6772574782371521,2.1308088302612305
1.581351689612015,4.048780332486976,0.9049441039695494,0.9049441039695494,-1.245036834524352,-0.41230541467666626,2.241223096847534,1.4628565311431885,-0.4874371886253357,-0.050302766263484955,-0.3048328757286072,0.6865914463996887,2.0282163619995117
1.5857321652065082,5.959452444753445,1.8855221298405407,1.8855221298405407,0.6816210198410059,-0.40248778462409973,2.226285219192505,1.4607213735580444,-0.5224509239196777,-0.051638077944517136,-0.24204662442207336,0.6954759955406189,1.7512764930725098
1.5901126408010011,7.889371766909681,-0.3675793617885128,-0.3675793617885128,-0.04485157804340617,-0.3927356004714966,2.240859031677246,1.4584327936172485,-0.5076488852500916,-0.05269835889339447,-0.20688889920711517,0.7031474113464355,2.043839931488037
1.5944931163954943,4.852154182725044,-0.4076476602621042,-0.4076476602621042,0.4332155058846193,-0.382919579744339,2.2458982467651367,1.4562090635299683,-0.4913427531719208,-0.05360462889075279,-0.21631357073783875,0.7121003866195679,2.1658883094787598
1.5988735919899877,5.793806479194269,1.0265296849454502,1.0265296849454502,-1.205300375509314,-0.3730814754962921,2.2566115856170654,1.454056739807129,-0.4902862012386322,-0.05455218628048897,-0.2408694475889206,0.7215880155563354,2.368685483932495
1.6032540675844804,5.333943635528963,0.12058054207356644,0.12058054207356644,-0.4159801529631457,-0.3631964325904846,2.2427780628204346,1.451909065246582,-0.5112038254737854,-0.05560730770230293,-0.17569293081760406,0.7319639921188354,2.129457950592041
1.6076345431789736,6.856178748395128,-1.9206024592524276,-1.9206024592524276,-0.30966834117603337,-0.3533720076084137,2.2404847145080566,1.4496697187423706,-0.5215754508972168,-0.056376926600933075,-0.16002365946769714,0.7412920594215393,2.101656675338745
1.6120150187734668,8.855430236444388,-0.7147355628390692,-0.7147355628390692,-0.4295179292080664,-0.3435576260089874,2.2405800819396973,1.4473849534988403,-0.5184717774391174,-0.057077907025814056,-0.2070680409669876,0.7504982948303223,2.12752103805542
1.61639549436796,6.368026312177929,1.1298602391716812,1.1298602391716812,-0.6923066512437523,-0.33374282717704773,2.239793300628662,1.4451137781143188,-0.5022679567337036,-0.057984963059425354,-0.21539729833602905,0.7598178386688232,2.151207447052002
1.620775969962453,7.540354181289079,0.5470321764292965,0.5470321764292965,-1.5026667982049384,-0.3239314556121826,2.2333033084869385,1.4429136514663696,-0.509636402130127,-0.05892850458621979,-0.16218425333499908,0.7692411541938782,2.0601999759674072
1.625156445556946,8.413799024536596,-0.6407839452833681,-0.6407839452833681,-0.10428231078829203,-0.31414851546287537,2.2139577865600586,1.4406812191009521,-0.521671712398529,-0.05963894724845886,-0.10232654213905334,0.7782658338546753,1.760646104812622
1.6295369211514392,5.092964052778622,0.4984234162872182,0.4984234162872182,-0.16235869333907682,-0.3044503331184387,2.2175002098083496,1.4383960962295532,-0.5033766627311707,-0.060087185353040695,-0.11799409240484238,0.7859783172607422,1.863495111465454
1.6339173967459324,7.540034896781255,1.7705176266652083,1.7705176266652083,-0.5453626700997295,-0.2947366237640381,2.2183806896209717,1.4361910820007324,-0.51139897108078,-0.06060405448079109,-0.09869715571403503,0.7941412925720215,1.8973493576049805
1.6382978723404251,6.5269662682949106,-0.11338876141936355,-0.11338876141936355,0.7052507875333063,-0.28501906991004944,2.2141060829162598,1.4339509010314941,-0.5073387026786804,-0.06103639677166939,-0.031066112220287323,0.802452564239502,1.8612607717514038
1.6426783479349183,9.237296460376921,1.5300787382602195,1.5300787382602195,-0.5363675628985192,-0.27532023191452026,2.2302346229553223,1.431728482246399,-0.49056476354599,-0.0611724816262722,-0.05497298389673233,0.8106057643890381,2.1573431491851807
1.6470588235294117,7.957274791551041,-1.2079620048575257,-1.2079620048575257,0.7190799754653094,-0.26555073261260986,2.2270302772521973,1.4295796155929565,-0.4739936590194702,-0.06141328811645508,0.005373798310756683,0.8200559616088867,2.1470725536346436
1.6514392991239049,8.19794137543326,0.7257675040870595,0.7257675040870595,-1.2022544862586333,-0.25579527020454407,2.244549036026001,1.4275033473968506,-0.4470354914665222,-0.0613897480070591,-0.05090193450450897,0.8294611573219299,2.46622633934021
1.655819774718398,7.4314565866674425,-1.961343320119537,-1.961343320119537,-0.106900332278409,-0.24596308171749115,2.2294180393218994,1.4255450963974,-0.4493582844734192,-0.06161272153258324,0.005402419716119766,0.8402643799781799,2.251751661300659
1.660200250312891,6.103707338114077,0.631198314167463,0.631198314167463,0.055666191335361825,-0.23619717359542847,2.2325124740600586,1.4235767126083374,-0.439956396818161,-0.06158905476331711,-0.04875319078564644,0.8501281142234802,2.3299527168273926
1.6645807259073842,4.487225894794856,0.5758980654567467,0.5758980654567467,-0.1663839319004315,-0.22641770541667938,2.237842559814453,1.42164945602417,-0.4381541311740875,-0.06180261820554733,-0.03194582834839821,0.8603343963623047,2.4330832958221436
1.668961201501877,8.645570634441547,-1.4636390557101109,-1.4636390557101109,-0.8806455701326867,-0.21661488711833954,2.2385106086730957,1.4197301864624023,-0.4520239531993866,-0.061942555010318756,-0.010268840938806534,0.8709924817085266,2.4502177238464355
1.6733416770963705,10.218703670109335,-2.6106789820276783,-2.6106789820276783,0.5334697656402896,-0.2068091481924057,2.228339433670044,1.4177501201629639,-0.44600409269332886,-0.061987537890672684,-0.0272940993309021,0.8817256093025208,2.325287342071533
1.6777221526908634,8.324356395455077,0.3293990587096137,0.3293990587096137,-0.5742042079833588,-0.19704796373844147,2.244157552719116,1.4157963991165161,-0.40715548396110535,-0.06210709735751152,-0.11911321431398392,0.8919114470481873,2.6145975589752197
1.6821026282853566,6.068630403657351,-0.07171309109937843,-0.07171309109937843,-0.5778525742305576,-0.18721748888492584,2.2392055988311768,1.4140129089355469,-0.3992713391780853,-0.06262887269258499,-0.09272513538599014,0.9033646583557129,2.5673139095306396
1.6864831038798498,6.027571701261623,0.09000994202416057,0.09000994202416057,-0.7681940679038967,-0.17740869522094727,2.232880115509033,1.4122638702392578,-0.4080043435096741,-0.06303505599498749,-0.07794425636529922,0.914610743522644,2.4870376586914062
1.690863579474343,9.893910975333068,-1.0054807599186932,-1.0054807599186932,0.7774260934435168,-0.16762761771678925,2.2227344512939453,1.410476565361023,-0.4196692407131195,-0.06337648630142212,-0.05288197845220566,0.9255051612854004,2.3517723083496094
1.695244055068836,5.952628714366275,1.8936994652828998,1.8936994652828998,-0.04103080943521559,-0.15789099037647247,2.2429022789001465,1.4086382389068604,-0.38113343715667725,-0.06360813230276108,-0.1049485132098198,0.9358070492744446,2.696032762527466
1.699624530663329,8.271316489012486,1.49713985483859,1.49713985483859,-1.1003262647403584,-0.14806601405143738,2.2463014125823975,1.4069687128067017,-0.38352134823799133,-0.06406785547733307,-0.04844825714826584,0.9476169347763062,2.7600395679473877
1.7040050062578225,6.926206712742992,-0.20831034571928395,-0.20831034571928395,-0.48124364691781407,-0.13822615146636963,2.2304887771606445,1.4052886962890625,-0.3838271498680115,-0.06428008526563644,0.0274059921503067,0.9597072005271912,2.556011915206909
1.7083854818523152,7.892391515162768,0.9777189524909456,0.9777189524909456,0.22208055981783292,-0.12845554947853088,2.2254788875579834,1.4036073684692383,-0.3851566016674042,-0.06416003406047821,0.03537651151418686,0.970903754234314,2.506211280822754
1.7127659574468084,6.601637020268916,-0.2027763366138806,-0.2027763366138806,-0.8501178924373556,-0.11870689690113068,2.234261989593506,1.401920199394226,-0.37018534541130066,-0.06400506943464279,0.05744354799389839,0.9818821549415588,2.662571430206299
1.7171464330413015,8.593105315542903,-0.5442108885291731,-0.5442108885291731,-1.1872722598283176,-0.10891976952552795,2.2217512130737305,1.4002985954284668,-0.3789169490337372,-0.06375344097614288,0.07634797692298889,0.9935454726219177,2.50303053855896
1.7215269086357947,8.116389388092282,-0.0020019800524941067,-0.0020019800524941067,0.45709159433510965,-0.0991874411702156,2.203014612197876,1.3986387252807617,-0.3773801326751709,-0.06341899931430817,0.0951274111866951,1.0045099258422852,2.270859718322754
1.725907384230288,5.837040987043511,-0.557052016626433,-0.557052016626433,-0.3120843982396068,-0.08953718841075897,2.216151714324951,1.396985650062561,-0.35814908146858215,-0.06300229579210281,0.08172042667865753,1.01445734500885,2.4900121688842773
1.7302878598247808,5.279892713862992,-0.4288151676204415,-0.4288151676204415,-0.4866042412124622,-0.0798293873667717,2.213322877883911,1.3954167366027832,-0.3652656376361847,-0.06264431774616241,0.07456659525632858,1.0253647565841675,2.4677655696868896
1.734668335419274,11.912411896537439,0.015927460403943466,0.015927460403943466,-0.7024149781151781,-0.0701339840888977,2.206663131713867,1.3938167095184326,-0.3784859776496887,-0.062317680567502975,0.0762542188167572,1.0361747741699219,2.389512062072754
1.7390488110137672,7.046647882808865,-1.790556343691777,-1.790556343691777,1.3819575392007475,-0.06046774983406067,2.19781494140625,1.3921587467193604,-0.347066193819046,-0.06198365241289139,0.09723209589719772,1.0466419458389282,2.3206419944763184
1.74342928660826,8.529333136660394,-1.9310348339522296,-1.9310348339522296,-0.26171978955577774,-0.05084027349948883,2.2293009757995605,1.3906384706497192,-0.32562577724456787,-0.06155772879719734,0.0045846253633499146,1.056807518005371,2.7796831130981445
1.7478097622027533,5.692091869191376,-3.1898367489884274,-3.1898367489884274,-0.49564781013367853,-0.04107487574219704,2.2282602787017822,1.3892121315002441,-0.3138056993484497,-0.061537645757198334,-0.04416466876864433,1.068983793258667,2.7940855026245117
1.7521902377972465,8.43959073450993,0.39108783026653465,0.39108783026653465,-0.6658866149753956,-0.03131403774023056,2.2213170528411865,1.387837529182434,-0.32476529479026794,-0.06173110753297806,-0.12284351885318756,1.0812232494354248,2.712717294692993
1.7565707133917396,7.7493102910799685,0.012166477481000859,0.012166477481000859,-0.237417023009166,-0.021583613008260727,2.2114386558532715,1.386414885520935,-0.3181467354297638,-0.06226922199130058,-0.09197651594877243,1.0931062698364258,2.609086275100708
1.7609511889862328,8.180241189583557,-1.1323785117618512,-1.1323785117618512,-1.0844412844271865,-0.011896459385752678,2.209909439086914,1.3850212097167969,-0.31158170104026794,-0.06267212331295013,-0.08468788862228394,1.1045353412628174,2.616175413131714
1.7653316645807258,10.296825874596928,-0.050009983290257076,-0.050009983290257076,-0.05143362691847808,-0.002216004766523838,2.190580129623413,1.38365638256073,-0.31103524565696716,-0.06304309517145157,-0.08608780801296234,1.1159954071044922,2.389042377471924
1.769712140175219,5.43866774278274,1.3118541022293067,1.3118541022293067,-0.8049682172769987,0.007379778660833836,2.193058490753174,1.382293939590454,-0.2846105992794037,-0.06342019885778427,-0.0860462337732315,1.1264605522155762,2.4668431282043457
1.774092615769712,7.921385087182016,-1.129108597516798,-1.129108597516798,0.012976376128880807,0.016986418515443802,2.178288221359253,1.381047248840332,-0.29986992478370667,-0.06379712373018265,-0.02422831580042839,1.1372665166854858,2.2897439002990723
1.778473091364205,7.829388351008692,0.958274463276799,0.958274463276799,-0.6463763456709443,0.026528358459472656,2.1811299324035645,1.379733681678772,-0.28947022557258606,-0.06390325725078583,-0.057580817490816116,1.147296667098999,2.3604536056518555
1.7828535669586982,6.896957004439096,-0.4536853383109014,-0.4536853383109014,0.1209620142343559,0.03608274459838867,2.169780731201172,1.3784656524658203,-0.2862923741340637,-0.06415548920631409,-0.010719925165176392,1.1576365232467651,2.2447669506073
1.7872340425531914,10.8344157752202,-1.4843367992270904,-1.4843367992270904,-1.1688326744361182,0.04558741673827171,2.1744332313537598,1.377211570739746,-0.2821398973464966,-0.0642024502158165,-0.02750144898891449,1.1674696207046509,2.3337786197662354
1.7916145181476846,6.822597379760383,0.6094322972986158,0.6094322972986158,-0.2255603143491489,0.05511246994137764,2.151925802230835,1.3759756088256836,-0.26294320821762085,-0.06432291865348816,-0.03671517223119736,1.1776926517486572,2.092289686203003
1.7959949937421775,6.872848770248651,0.044885864648243956,0.044885864648243956,-0.4444379828699457,0.06453892588615417,2.1487486362457275,1.374823808670044,-0.26244139671325684,-0.06448374688625336,-0.012330740690231323,1.18685781955719,2.08101749420166
1.8003754693366707,7.760369584845947,-0.9330742831470453,-0.9330742831470453,0.024869314398969,0.07395146787166595,2.140681266784668,1.3736741542816162,-0.26354214549064636,-0.06453776359558105,0.0019590668380260468,1.1959736347198486,2.0076613426208496
1.804755944931164,8.936761017603681,-0.6610323237852931,-0.6610323237852931,0.14451060648706976,0.08332867175340652,2.1427783966064453,1.3725197315216064,-0.25441810488700867,-0.0645291805267334,-0.02601592428982258,1.204768180847168,2.070131778717041
1.809136420525657,7.638606533077286,-1.1241257669814932,-1.1241257669814932,0.24356133731907736,0.0927150622010231,2.147550344467163,1.3714052438735962,-0.23641008138656616,-0.06464314460754395,-0.049540333449840546,1.2138363122940063,2.1726315021514893
1.81351689612015,7.622185058405001,0.8786022207588682,0.8786022207588682,0.5591270118053706,0.10212235152721405,2.1542837619781494,1.3703696727752686,-0.2267550230026245,-0.06486015766859055,-0.08948113024234772,1.2233535051345825,2.292147397994995
1.8178973717146432,7.367224616940154,0.5014687629527603,0.5014687629527603,-0.33979465479879145,0.11155913770198822,2.1679112911224365,1.3693764209747314,-0.21502245962619781,-0.06525212526321411,-0.08015143871307373,1.2333941459655762,2.497889280319214
1.8222778473091363,9.197057509784706,-0.28185922450208256,-0.28185922450208256,-1.1365696934623528,0.12105561792850494,2.161639451980591,1.3684345483779907,-0.21256637573242188,-0.06560322642326355,-0.055583879351615906,1.2443361282348633,2.4495420455932617
1.8266583229036293,8.206231179333974,-1.9737852284435624,-1.9737852284435624,0.6176811180905342,0.1305246204137802,2.1375279426574707,1.3675034046173096,-0.2035800814628601,-0.06584671139717102,-0.030623624101281166,1.2550662755966187,2.188170909881592
1.831038798498123,7.676314413194584,-0.41966929541416453,-0.41966929541416453,0.9042297489978703,0.1398880034685135,2.1520416736602783,1.3666115999221802,-0.187979057431221,-0.06598085910081863,-0.1063026562333107,1.2646515369415283,2.407991886138916
1.835419274092616,5.433040274980361,-1.4854639749726184,-1.4854639749726184,-0.6065592262511906,0.1493149697780609,2.172952651977539,1.365788221359253,-0.17452369630336761,-0.06644651293754578,-0.14496470987796783,1.2751996517181396,2.7029573917388916
1.8397997496871088,6.236519258890665,0.4464877137906683,0.4464877137906683,0.5047792712970275,0.15883353352546692,2.160060405731201,1.3650237321853638,-0.1874130666255951,-0.0670815259218216,-0.1706315129995346,1.287039875984192,2.56272554397583
1.844180225281602,7.391367906022665,-0.956888315963913,-0.956888315963913,-0.185248799865251,0.16829562187194824,2.171847343444824,1.3642027378082275,-0.18723034858703613,-0.06782897561788559,-0.17233380675315857,1.298265814781189,2.734921932220459
1.848560700876095,6.663964567640616,-1.2031725895197227,-1.2031725895197227,0.15251519009611184,0.17780934274196625,2.167922258377075,1.3633825778961182,-0.18413381278514862,-0.0685838833451271,-0.19486813247203827,1.3102461099624634,2.7184746265411377
1.852941176470588,9.043926732441362,0.6976768561517306,0.6976768561517306,-0.03360405877402001,0.18730586767196655,2.1714565753936768,1.3625760078430176,-0.18390963971614838,-0.06943749636411667,-0.23445850610733032,1.3221542835235596,2.790807008743286
1.8573216520650813,6.8815438066111145,2.283774245287171,2.283774245287171,-0.9351768087619129,0.19681787490844727,2.1702992916107178,1.3617703914642334,-0.16901101171970367,-0.07046453654766083,-0.213102787733078,1.3343793153762817,2.819218397140503
1.8617021276595744,9.459113854045526,-0.37340790737064977,-0.37340790737064977,-0.29723836049166874,0.20632481575012207,2.148627281188965,1.361030101776123,-0.17373886704444885,-0.07139802724123001,-0.1190992146730423,1.346728801727295,2.5850605964660645
1.866082603254068,8.114128219460746,0.15077517403442242,0.15077517403442242,-1.1644728040569756,0.21573682129383087,2.1406519412994385,1.3602690696716309,-0.15721701085567474,-0.07191973924636841,-0.1213236078619957,1.3580526113510132,2.5358824729919434
1.8704630788485608,7.044707107998544,-1.5161008905656732,-1.5161008905656732,-0.33268217713015846,0.2251138985157013,2.112785816192627,1.359580397605896,-0.15391430258750916,-0.07245119661092758,-0.08291419595479965,1.3691610097885132,2.237828493118286
1.8748435544430535,10.492731260467412,1.9644385745771404,1.9644385745771404,-0.5343694922785474,0.23436890542507172,2.103872299194336,1.3589061498641968,-0.153121218085289,-0.07281439751386642,-0.1174737811088562,1.3789637088775635,2.166321039199829
1.879224030037547,5.5430952599177665,-1.6547079338088313,-1.6547079338088313,-0.9089052912342217,0.24358487129211426,2.0892343521118164,1.3582353591918945,-0.1300419569015503,-0.07332898676395416,-0.04450066387653351,1.3884532451629639,2.046497106552124
1.88360450563204,6.96746607461024,1.6122192838957472,1.6122192838957472,0.5573922102856156,0.2527367174625397,2.0670292377471924,1.3576656579971313,-0.1413755565881729,-0.07352392375469208,-0.06628046929836273,1.3974179029464722,1.8071573972702026
1.887984981226533,9.071045071368204,0.2901506458049284,0.2901506458049284,-0.4269420426592866,0.26179128885269165,2.078045129776001,1.357046365737915,-0.1367836892604828,-0.0738142654299736,-0.03547617420554161,1.4053341150283813,1.978881597518921
1.8923654568210264,5.418013271064702,-0.7407146745609312,-0.7407146745609312,-0.724883330902315,0.2708941102027893,2.0655722618103027,1.3564472198486328,-0.1223330870270729,-0.07396966964006424,-0.01453479379415512,1.414002537727356,1.8792738914489746
1.8967459324155196,7.554117160843857,-1.7251000057626351,-1.7251000057626351,-1.2298663203616997,0.2799423038959503,2.0472006797790527,1.355911374092102,-0.1331343948841095,-0.07403334230184555,-0.014997119084000587,1.4222346544265747,1.6876246929168701
1.9011264080100123,6.507104590792402,1.4670568882114419,1.4670568882114419,0.19615819119952185,0.28891003131866455,2.0162241458892822,1.3553282022476196,-0.13109447062015533,-0.07409903407096863,-0.02945951372385025,1.4296272993087769,1.3578239679336548
1.9055068836045053,4.933045556787395,0.4158155838606793,0.4158155838606793,0.8467138130127254,0.2977420389652252,2.01851487159729,1.3547539710998535,-0.13077059388160706,-0.07422807812690735,0.007654756307601929,1.435575246810913,1.422749638557434
1.9098873591989989,8.122907403525993,1.3819490212287613,1.3819490212287613,0.7819721398687687,0.30658408999443054,2.036430597305298,1.354181170463562,-0.13897620141506195,-0.0741945430636406,-0.004928837530314922,1.441807508468628,1.6659278869628906
1.914267834793492,8.294651139003427,-2.2591625279573972,-2.2591625279573972,-0.1914201284017925,0.31550461053848267,2.051597833633423,1.3535723686218262,-0.126564159989357,-0.07421613484621048,0.01259238924831152,1.4491050243377686,1.8944300413131714
1.9186483103879848,7.494277907491861,-0.3984539401399367,-0.3984539401399367,0.33913281940530515,0.32449159026145935,2.043980121612549,1.3530179262161255,-0.11623094975948334,-0.07416097074747086,-0.04779224097728729,1.457403540611267,1.8502730131149292
1.923028785982478,10.688438765593018,-1.7423474642669632,-1.7423474642669632,-0.6212350085425653,0.3334451913833618,2.048898935317993,1.352508783340454,-0.10973658412694931,-0.07437032461166382,-0.06933211535215378,1.4655085802078247,1.9517393112182617
1.9274092615769711,4.6825595287242425,-1.6696991879667458,-1.6696991879667458,-0.585831369375433,0.3424203395843506,2.0299267768859863,1.3520281314849854,-0.08460645377635956,-0.07467403262853622,-0.10207214951515198,1.4740581512451172,1.786233901977539
1.9317897371714643,7.332101298600731,-0.11801843592581136,-0.11801843592581136,0.9637494442012664,0.35131239891052246,2.0142507553100586,1.351657509803772,-0.09896846115589142,-0.07512115687131882,-0.13372452557086945,1.4818826913833618,1.625279188156128
1.9361702127659572,5.497868260260187,-0.05223548786226223,-0.05223548786226223,0.3528110738140566,0.3601357638835907,2.0333709716796875,1.3512239456176758,-0.09221209585666656,-0.07570693641901016,-0.16531558334827423,1.4890022277832031,1.8964186906814575
1.9405506883604504,6.4714595575342555,-0.660108080799955,-0.660108080799955,-0.08249052642893978,0.36904290318489075,2.039017915725708,1.3508200645446777,-0.09932725876569748,-0.07643109560012817,-0.17714422941207886,1.4973094463348389,1.9955946207046509
1.944931163954944,10.43505764729781,-1.0222536846952108,-1.0222536846952108,-0.6278451956167465,0.3779747784137726,2.0338704586029053,1.3503849506378174,-0.10095018148422241,-0.07720707356929779,-0.19401249289512634,1.5060510635375977,1.9721431732177734
1.9493116395494368,5.8602474317717785,2.467803331073793,2.467803331073793,-0.6883697891407146,0.38688409328460693,2.013664960861206,1.349942684173584,-0.07705821841955185,-0.0780569389462471,-0.20553046464920044,1.5146900415420532,1.794002652168274
1.9536921151439297,10.834403870965575,-2.471458674033783,-2.471458674033783,-0.5695019180221356,0.39570489525794983,1.9943279027938843,1.3496050834655762,-0.08323822915554047,-0.07895725965499878,-0.113360196352005,1.5225486755371094,1.5990160703659058
1.9580725907384229,7.740237358632923,2.7629994163850378,2.7629994163850378,0.769834130851163,0.4044409990310669,1.974697470664978,1.3492404222488403,-0.055923547595739365,-0.07945383340120316,-0.16890336573123932,1.5295531749725342,1.4323970079421997
1.962453066332916,5.366245983442862,-0.5336542352922953,-0.5336542352922953,-0.07053583545302305,0.41309112310409546,1.9880846738815308,1.3489954471588135,-0.04756459593772888,-0.08019371330738068,-0.11069662123918533,1.5358277559280396,1.6401572227478027
1.9668335419274088,5.427541223187398,0.5236351696435025,0.5236351696435025,0.37275545956774425,0.4217998683452606,1.9831277132034302,1.3487870693206787,-0.05599164590239525,-0.08067861944437027,-0.12422114610671997,1.5430123805999756,1.6148000955581665
1.9712140175219024,8.575188950653954,-0.3398916907802081,-0.3398916907802081,-0.616504091836918,0.43048691749572754,1.9884105920791626,1.3485418558120728,-0.0636816993355751,-0.081222765147686,-0.11981497704982758,1.5500860214233398,1.7120281457901
1.9755944931163956,8.064764057607132,-0.6653177418042366,-0.6653177418042366,0.4992567295215,0.4391970932483673,1.9683336019515991,1.348262906074524,-0.051154330372810364,-0.0817476138472557,-0.11173702031373978,1.5575854778289795,1.5279436111450195
1.9799749687108883,5.732273487676412,-1.0928376512450544,-1.0928376512450544,0.4036670568411987,0.447819322347641,1.9745734930038452,1.3480387926101685,-0.0413360670208931,-0.08223707228899002,-0.14574629068374634,1.5642786026000977,1.6542311906814575
1.9843554443053817,6.958562993624614,0.4029775016971285,0.4029775016971285,0.14782443974981097,0.4564688801765442,1.9800519943237305,1.3478577136993408,-0.047227583825588226,-0.08287551254034042,-0.18944896757602692,1.571524977684021,1.7566421031951904
1.9887359198998744,8.971275515722649,-1.608353094098556,-1.608353094098556,-0.9616670656117132,0.46514245867729187,1.9785363674163818,1.3476508855819702,-0.04517181217670441,-0.08370538800954819,-0.18199768662452698,1.579219937324524,1.784247875213623
1.993116395494368,7.55637671126889,-1.625045271298114,-1.625045271298114,-0.19971082766144524,0.4738093912601471,1.949368953704834,1.347452998161316,-0.029597703367471695,-0.08450262248516083,-0.20088297128677368,1.5870357751846313,1.4967149496078491
1.997496871088861,7.008392058230124,0.56518901333374,0.56518901333374,-0.6519655854559122,0.48234856128692627,1.9389328956604004,1.3473232984542847,-0.023169195279479027,-0.08538258820772171,-0.24250724911689758,1.5935920476913452,1.4232081174850464
2.001877346683354,8.10438191540693,2.213869176975997,2.213869176975997,-0.3961636683230367,0.4908420145511627,1.9181703329086304,1.347221851348877,-0.02001817151904106,-0.08644488453865051,-0.2069624811410904,1.5998263359069824,1.223653793334961
2.0062578222778478,5.433247066160647,0.507775821124753,0.507775821124753,0.1737502432634532,0.4992445111274719,1.902376413345337,1.3471341133117676,-0.009467247873544693,-0.0873514786362648,-0.13074125349521637,1.6051864624023438,1.091286540031433
2.0106382978723403,3.1477718000972024,-0.1431902778822926,-0.1431902778822926,1.0804972615470274,0.5075778365135193,1.9019768238067627,1.347092628479004,-0.01694059744477272,-0.08792418986558914,-0.12098664790391922,1.6099668741226196,1.124277114868164
2.015018773466833,8.063636381498332,-0.8001167356319732,-0.8001167356319732,0.46839661720896875,0.5159093737602234,1.9246381521224976,1.3470183610916138,-0.04046440124511719,-0.08845417201519012,-0.15672220289707184,1.614891767501831,1.416253685951233
2.0193992490613266,6.5460208749933235,0.1471501634495977,0.1471501634495977,-0.5311591812469876,0.5243402123451233,1.9287337064743042,1.3468410968780518,-0.03109412081539631,-0.08914069086313248,-0.19376680254936218,1.6210956573486328,1.5219019651412964
2.02377972465582,5.702214714104162,0.18687768195752785,0.18687768195752785,-0.010913823275264013,0.5327889919281006,1.910588026046753,1.3467048406600952,-0.030796650797128677,-0.08998948335647583,-0.17395801842212677,1.6277623176574707,1.3524487018585205
2.028160200250313,5.67785072017511,-0.05189533827129117,-0.05189533827129117,-0.8360449988439095,0.5411582589149475,1.905240774154663,1.3465698957443237,-0.03652569279074669,-0.09075149893760681,-0.1681818813085556,1.6336866617202759,1.3298355340957642
2.032540675844806,3.37693916294347,-0.4084490841211498,-0.4084490841211498,-0.04113163592156166,0.5495041012763977,1.880509853363037,1.3464099168777466,-0.041165463626384735,-0.09148821234703064,-0.14528222382068634,1.6395119428634644,1.0763145685195923
2.036921151439299,6.514685043467177,-1.1852850160166652,-1.1852850160166652,-0.992122565452861,0.557741641998291,1.8764063119888306,1.3462295532226562,-0.06203722208738327,-0.09212461858987808,-0.15600906312465668,1.6442266702651978,1.0522181987762451
2.0413016270337923,6.900587159357748,-0.6089329025402163,-0.6089329025402163,1.3184655286610596,0.5659611821174622,1.8470871448516846,1.3459577560424805,-0.060369059443473816,-0.09280801564455032,-0.16165001690387726,1.6488358974456787,0.7503730058670044
2.045682102628285,8.988767448799596,-0.3660934531883562,-0.3660934531883562,-0.0791656735983157,0.5740522742271423,1.8713173866271973,1.3456933498382568,-0.06003585085272789,-0.09351611882448196,-0.21793615818023682,1.6521228551864624,1.0905675888061523
2.0500625782227786,5.78552225570855,-0.45515967633897714,-0.45515967633897714,1.0601667776709351,0.5822495222091675,1.8607747554779053,1.3454303741455078,-0.04346470534801483,-0.0944707840681076,-0.22631536424160004,1.6569000482559204,1.0318422317504883
2.0544430538172715,4.884785661099878,-1.0902606173189056,-1.0902606173189056,-0.20685763369394716,0.5904005765914917,1.8798245191574097,1.3452399969100952,-0.050444554537534714,-0.09546215087175369,-0.27056771516799927,1.6614199876785278,1.303147554397583
2.0588235294117645,7.574310813627552,-0.9784768661145553,-0.9784768661145553,-0.650200954013888,0.5986350774765015,1.8700670003890991,1.345018982887268,-0.06106855347752571,-0.09664736688137054,-0.296365886926651,1.6671284437179565,1.2242774963378906
2.063204005006258,8.097232911542505,-0.4977710499662636,-0.4977710499662636,-0.01631002228029741,0.6068268418312073,1.8471314907073975,1.3447514772415161,-0.052660465240478516,-0.09794559329748154,-0.3059525787830353,1.6724913120269775,1.0089038610458374
2.067584480600751,8.621770226456409,0.34770098991487497,0.34770098991487497,-2.2635624936560315,0.6149181723594666,1.8382951021194458,1.3445208072662354,-0.04199879989027977,-0.09928581118583679,-0.32001277804374695,1.6769107580184937,0.9667186141014099
2.071964956195244,5.644149287662507,-3.3189671086050225,-3.3189671086050225,1.3388516478583945,0.6229707598686218,1.776370644569397,1.3443368673324585,-0.022212738171219826,-0.10068762302398682,-0.24375560879707336,1.681145429611206,0.29424381256103516
2.076345431789737,7.66463754702467,2.7225870368665595,2.7225870368665595,0.8754347697000076,0.6307520866394043,1.801464319229126,1.344239592552185,-0.031031854450702667,-0.10175538808107376,-0.3797786831855774,1.682434320449829,0.6399109363555908
2.08072590738423,4.971520525270125,1.1423512055817686,1.1423512055817686,0.8585931809007646,0.6386433839797974,1.8134773969650269,1.3441036939620972,-0.02532224915921688,-0.1034189984202385,-0.3258359730243683,1.6852374076843262,0.846007227897644
2.085106382978723,6.787288230991027,2.034316608219885,2.034316608219885,-0.766871287112135,0.6465872526168823,1.827919602394104,1.343992829322815,-0.037692852318286896,-0.10484631359577179,-0.31754934787750244,1.6889432668685913,1.0602657794952393
2.0894868585732165,7.61184770613616,-0.2531533328550273,-0.2531533328550273,-0.8213264170001892,0.6545944213867188,1.8023576736450195,1.343827724456787,-0.033672578632831573,-0.10623732954263687,-0.23574578762054443,1.6935877799987793,0.8112213611602783
2.093867334167709,7.5763570813026115,-2.1779971243704717,-2.1779971243704717,0.33512132948854345,0.6624895930290222,1.7744711637496948,1.3436802625656128,-0.023722417652606964,-0.1072700098156929,-0.21915332973003387,1.6971412897109985,0.5416673421859741
2.098247809762203,5.816872038654444,0.5622131200054516,0.5622131200054516,-0.12256821968390308,0.6702626347541809,1.773422122001648,1.3435763120651245,-0.01720859296619892,-0.10823000222444534,-0.2925443649291992,1.6995140314102173,0.5940183401107788
2.102628285356696,7.583227004889503,-0.7638395998633537,-0.7638395998633537,1.372349780259639,0.6780310869216919,1.7637062072753906,1.3435009717941284,-0.0210980586707592,-0.10951148718595505,-0.27254658937454224,1.7021161317825317,0.5278340578079224
2.1070087609511887,6.2117273481856765,-0.6587930927996009,-0.6587930927996009,-0.04178032316815818,0.6857569813728333,1.7865310907363892,1.3434085845947266,-0.01773635670542717,-0.11070536822080612,-0.33493009209632874,1.7044283151626587,0.8681622743606567
2.111389236545682,9.969188422278435,2.0078329600835243,2.0078329600835243,-1.2199608672426618,0.6935828328132629,1.7780213356018066,1.3433308601379395,-0.019359061494469643,-0.11217252165079117,-0.3529488146305084,1.7082313299179077,0.8212907910346985
2.115769712140175,7.075131986847205,1.3755016867788146,1.3755016867788146,0.79234876385439,0.701371431350708,1.7374298572540283,1.3432461023330688,0.007954753935337067,-0.11371860653162003,-0.25868698954582214,1.7118289470672607,0.42335113883018494
2.1201501877346685,5.115728905826234,-0.05401259330507908,-0.05401259330507908,0.14177362582312092,0.7089822292327881,1.7469851970672607,1.3432809114456177,0.00959696527570486,-0.11485178023576736,-0.2416570782661438,1.7136834859848022,0.602531909942627
2.1245306633291614,7.171170267490085,-0.4839667996802228,-0.4839667996802228,0.1556480257047735,0.7166348695755005,1.7438099384307861,1.343322992324829,0.00021714437752962112,-0.1159103512763977,-0.24737465381622314,1.716322898864746,0.6115074753761292
2.1289111389236544,7.514191591087453,0.05808794002479663,0.05808794002479663,-0.800278212904819,0.7242735624313354,1.738265872001648,1.3433239459991455,0.004528883844614029,-0.1169939711689949,-0.2660534381866455,1.7190016508102417,0.6114720702171326
2.133291614518148,6.968511338382179,-0.19754431159591995,-0.19754431159591995,0.5587567157709846,0.7318879961967468,1.7100183963775635,1.343343734741211,0.014444747008383274,-0.11815941333770752,-0.2409864217042923,1.7216801643371582,0.34213122725486755
2.1376720901126407,6.071188641239158,1.458377070569711,1.458377070569711,1.1307648748290682,0.7393786907196045,1.7138831615447998,1.3434070348739624,0.016077322885394096,-0.11921504884958267,-0.26307281851768494,1.7231788635253906,0.45454317331314087
2.1420525657071336,6.360632258164744,-0.2048728027177161,-0.2048728027177161,0.13187572730627822,0.7468863129615784,1.7320890426635742,1.343477487564087,0.009624343365430832,-0.12036743015050888,-0.25350549817085266,1.7251700162887573,0.7317161560058594
2.146433041301627,8.142010804697163,-1.2008452192310595,-1.2008452192310595,-0.9245958462139761,0.7544736862182617,1.7266695499420166,1.343519687652588,0.008542494848370552,-0.12147790193557739,-0.2633396089076996,1.7283753156661987,0.7280488014221191
2.15081351689612,6.383732196715771,1.6120412277616247,1.6120412277616247,1.356811682951612,0.7620373368263245,1.6943057775497437,1.3435571193695068,0.023275259882211685,-0.12263145297765732,-0.27140697836875916,1.7315645217895508,0.4176345467567444
2.155193992490613,8.395372967625203,-0.5308189767705765,-0.5308189767705765,-0.19019489337451936,0.7694591879844666,1.7170166969299316,1.3436590433120728,0.017890730872750282,-0.12382034212350845,-0.26395347714424133,1.733393907546997,0.7541837692260742
2.1595744680851063,5.132519842999006,2.1429439400340624,2.1429439400340624,-0.43836435997938283,0.7769805192947388,1.7010709047317505,1.3437373638153076,0.03165183588862419,-0.12497658282518387,-0.2739007771015167,1.7366975545883179,0.645551860332489
2.1639549436795997,6.972187296827858,-1.4041259365790215,-1.4041259365790215,-0.9912657059095682,0.7844319939613342,1.683793544769287,1.3438760042190552,0.024605590850114822,-0.1261764019727707,-0.19851839542388916,1.7395254373550415,0.48880162835121155
2.1683354192740927,8.564704905518944,-0.8742972499656442,-0.8742972499656442,0.2881137774197757,0.7918078303337097,1.651099681854248,1.343983769416809,0.03216489776968956,-0.12704600393772125,-0.21057522296905518,1.7416666746139526,0.16486290097236633
2.1727158948685856,6.6354223234566065,-0.522312269430527,-0.522312269430527,0.2034197376028426,0.7990404367446899,1.6456481218338013,1.344124674797058,0.045434288680553436,-0.127968430519104,-0.24452130496501923,1.7423888444900513,0.18628965318202972
2.1770963704630786,5.348312117215508,1.4443730271309765,1.4443730271309765,-0.10924791342313199,0.8062491416931152,1.6409058570861816,1.344323754310608,0.0461062528192997,-0.12903955578804016,-0.26571497321128845,1.7432048320770264,0.1971253603696823
2.181476846057572,6.3229281826762165,1.807526060151005,1.807526060151005,0.7538331581154696,0.8134371042251587,1.6307176351547241,1.344525694847107,0.03940463438630104,-0.130203515291214,-0.22034431993961334,1.7440683841705322,0.12944096326828003
2.185857321652065,6.223065475113073,-1.4506151790133899,-1.4506151790133899,-0.04969400664675688,0.8205804228782654,1.638988733291626,1.3446983098983765,0.035758744925260544,-0.13116872310638428,-0.18957313895225525,1.7446353435516357,0.2953827977180481
2.1902377972465583,5.536511969902384,-1.276442701876799,-1.276442701876799,0.4406400216925984,0.8277599811553955,1.6287918090820312,1.3448549509048462,0.034665461629629135,-0.1319991499185562,-0.2304844856262207,1.74592924118042,0.23772405087947845
2.1946182728410517,11.083067652342162,0.9306141251763516,0.9306141251763516,1.2650619020131306,0.8348948359489441,1.6308600902557373,1.3450068235397339,0.026984866708517075,-0.13300877809524536,-0.2806287407875061,1.746970534324646,0.3213784992694855
2.198998748435544,7.573662197791713,-1.3788851035010106,-1.3788851035010106,-0.03706367120967821,0.8420387506484985,1.6437197923660278,1.3451250791549683,0.05307374149560928,-0.13423806428909302,-0.29039567708969116,1.7483782768249512,0.5951372385025024
2.2033792240300376,7.122699412753245,-1.183148948137984,-1.183148948137984,1.1619308491512814,0.8492390513420105,1.6315889358520508,1.3453575372695923,0.060901109129190445,-0.1355101317167282,-0.3295811116695404,1.7509852647781372,0.530342698097229
2.2077596996245306,7.912065671634884,-1.243685253041701,-1.243685253041701,-0.3513178227870667,0.8563861846923828,1.6476709842681885,1.345624327659607,0.06070982292294502,-0.13695386052131653,-0.39806488156318665,1.7533084154129028,0.8025491237640381
2.2121401752190235,5.902376571784515,0.7964970230701369,0.7964970230701369,-0.7385179748077846,0.8636037707328796,1.6275261640548706,1.3458902835845947,0.07206649333238602,-0.1386975795030594,-0.4241248369216919,1.756824016571045,0.6463345885276794
2.216520650813517,7.628315721990572,-0.6861254908413771,-0.6861254908413771,-0.027954193738495572,0.8707330822944641,1.6014093160629272,1.3462059497833252,0.07174670696258545,-0.14055544137954712,-0.37929752469062805,1.759655237197876,0.3962409198284149
2.22090112640801,10.177975612912945,0.9844136042510505,0.9844136042510505,0.6502783289230799,0.8777480125427246,1.5888662338256836,1.346520185470581,0.08003587275743484,-0.14221695065498352,-0.3985182046890259,1.7613909244537354,0.33060842752456665
2.225281602002503,6.360017638098064,0.9200651427420211,0.9200651427420211,0.484928988079675,0.8847079873085022,1.587788701057434,1.34687077999115,0.10245075076818466,-0.14396265149116516,-0.38876038789749146,1.7628391981124878,0.4340232312679291
2.229662077596996,7.295419688327631,-0.8029298145736449,-0.8029298145736449,-0.4789238321557453,0.8916632533073425,1.5888030529022217,1.3473196029663086,0.09993158280849457,-0.14566560089588165,-0.3760530352592468,1.7647404670715332,0.5201104879379272
2.234042553191489,6.815601017010483,0.8643962530755128,0.8643962530755128,-1.3605231999085123,0.898622989654541,1.566022515296936,1.347757339477539,0.1080005094408989,-0.14731289446353912,-0.385515034198761,1.7670187950134277,0.3295893967151642
2.2384230287859825,4.9911340645782625,1.3114427441670515,1.3114427441670515,0.12438148704742553,0.9054828882217407,1.5236440896987915,1.3482304811477661,0.11696917563676834,-0.14900162816047668,-0.32054033875465393,1.7684625387191772,-0.10363584756851196
2.2428035043804755,9.728372242557235,-0.17427363844708516,-0.17427363844708516,0.5582696990278683,0.9121571779251099,1.518293857574463,1.3487428426742554,0.10693542659282684,-0.15040574967861176,-0.2858743965625763,1.7680085897445679,-0.10869450867176056
2.2471839799749684,6.963006842985918,0.31526821510616754,0.31526821510616754,-0.3239779264398575,0.9188080430030823,1.515018343925476,1.3492112159729004,0.12670713663101196,-0.15165801346302032,-0.3072669804096222,1.767532467842102,-0.030678801238536835
2.251564455569462,6.578082225933145,-0.3773466281371506,-0.3773466281371506,-0.29155266585574013,0.9254445433616638,1.4959763288497925,1.3497662544250488,0.1319563090801239,-0.153003990650177,-0.2885989546775818,1.7673981189727783,-0.17674300074577332
2.255944931163955,7.084304734323167,0.9953704665164942,0.9953704665164942,1.232417829810791,0.9319976568222046,1.478245496749878,1.3503443002700806,0.13445472717285156,-0.15426819026470184,-0.29110440611839294,1.766623854637146,-0.3108600974082947
2.260325406758448,7.882996313623096,0.4878911764156276,0.4878911764156276,0.7234746904397569,0.9384730458259583,1.4946300983428955,1.350933313369751,0.13336020708084106,-0.15554337203502655,-0.2980269491672516,1.7652621269226074,-0.024114340543746948
2.264705882352941,10.974855924648569,-2.341494279276038,-2.341494279276038,-0.23828772619070543,0.9450202584266663,1.4979130029678345,1.3515174388885498,0.13998530805110931,-0.15684887766838074,-0.3049067258834839,1.7651565074920654,0.11429236829280853
2.269086357947434,5.988704250106223,-1.3480178782517802,-1.3480178782517802,0.7646682087437835,0.9515818357467651,1.473722219467163,1.352130651473999,0.17168878018856049,-0.15818451344966888,-0.3663270175457001,1.7656571865081787,-0.040655165910720825
2.2734668335419275,4.9014350244605716,0.39383171310613346,0.39383171310613346,0.7886043790990048,0.9580374360084534,1.4810231924057007,1.352882742881775,0.16540580987930298,-0.15978920459747314,-0.42802414298057556,1.7654790878295898,0.12406374514102936
2.2778473091364204,5.972901507498565,0.4408817259129817,0.4408817259129817,-0.37752039371656276,0.964525043964386,1.4906764030456543,1.3536072969436646,0.15171486139297485,-0.16166415810585022,-0.43955275416374207,1.7660225629806519,0.3041151762008667
2.2822277847309134,7.090440883108022,1.4225785341641533,1.4225785341641533,1.3717354332507419,0.9710549116134644,1.4715571403503418,1.3542718887329102,0.15046747028827667,-0.16358961164951324,-0.4156528115272522,1.7673547267913818,0.149925097823143
2.2866082603254068,7.103490840567517,3.8423287983734578,3.8423287983734578,0.9578093327584536,0.9775010347366333,1.4905720949172974,1.3549309968948364,0.14874200522899628,-0.1654103696346283,-0.41416803002357483,1.768011450767517,0.473908007144928
2.2909887359199,6.570772952767286,0.020397355019866503,0.020397355019866503,-1.5280088600391892,0.9840304255485535,1.4999157190322876,1.355582594871521,0.14890669286251068,-0.16722461581230164,-0.3299309015274048,1.7700873613357544,0.6819620132446289
2.2953692115143927,7.805012785344491,0.5106247757889337,0.5106247757889337,-0.3004190964092813,0.9906007647514343,1.4529502391815186,1.3562349081039429,0.156907856464386,-0.16866986453533173,-0.2847125232219696,1.7730746269226074,0.20064303278923035
2.299749687108886,9.175877357712844,0.16177930494086099,0.16177930494086099,0.30364916696276345,0.9969653487205505,1.4318675994873047,1.3569222688674927,0.16767770051956177,-0.1699170470237732,-0.261027455329895,1.7739535570144653,0.05054992437362671
2.304130162703379,5.849091198366742,-0.6328391170316684,-0.6328391170316684,-1.2685033799503702,1.0032376050949097,1.422055959701538,1.3576568365097046,0.1848040223121643,-0.1710604727268219,-0.26517051458358765,1.7741750478744507,0.05684569478034973
2.3085106382978724,4.846040990096879,0.8978534882172904,0.8978534882172904,0.5538545894652296,1.0094668865203857,1.3821821212768555,1.358466386795044,0.18705712258815765,-0.1722220480442047,-0.24660709500312805,1.7744240760803223,-0.3470536768436432
2.3128911138923653,7.518412729980187,0.9392108161218296,0.9392108161218296,0.9201739274927915,1.01552152633667,1.3859258890151978,1.359285831451416,0.1739087998867035,-0.1733023077249527,-0.23656123876571655,1.7729038000106812,-0.2342863380908966
2.3172715894868583,6.634574219134261,0.0014251816039532739,0.0014251816039532739,0.3768072062338192,1.0215924978256226,1.3930994272232056,1.3600475788116455,0.17697960138320923,-0.17433856427669525,-0.23600530624389648,1.7718775272369385,-0.04227885603904724
2.321652065081352,7.370320874709201,0.8631626999278195,0.8631626999278195,-1.370884986696243,1.0276949405670166,1.3893964290618896,1.3608227968215942,0.17669819295406342,-0.17537237703800201,-0.24696765840053558,1.7716922760009766,0.005788937211036682
2.3260325406758446,7.591015686201068,2.6997177401720562,2.6997177401720562,0.054362583594678326,1.0337811708450317,1.3441240787506104,1.3615968227386475,0.18951529264450073,-0.17645421624183655,-0.1817263960838318,1.7717176675796509,-0.43999701738357544
2.330413016270338,5.70992191240729,-0.8388084680408902,-0.8388084680408902,-0.6013591504320309,1.0396690368652344,1.3310885429382324,1.362426996231079,0.1970689445734024,-0.17725026607513428,-0.10447363555431366,1.7697902917861938,-0.4903952479362488
2.334793491864831,8.979366486924853,0.2618761872960345,0.2618761872960345,0.7528880048279775,1.0454998016357422,1.3065012693405151,1.3632903099060059,0.19502972066402435,-0.17770791053771973,-0.11140790581703186,1.7676421403884888,-0.7072738409042358
2.339173967459324,4.4138703958320775,0.026157203380503424,0.026157203380503424,0.13637514013002425,1.0512229204177856,1.3068572282791138,1.3641446828842163,0.20852762460708618,-0.17819592356681824,-0.12574701011180878,1.764543890953064,-0.5743059515953064
2.3435544430538173,6.564500216547999,0.9435458437099977,0.9435458437099977,2.133237129010483,1.0569475889205933,1.3016612529754639,1.365058183670044,0.19434793293476105,-0.17874675989151,-0.12896572053432465,1.7620282173156738,-0.5738706588745117
2.3479349186483103,8.87341398432561,-1.0313528215378682,-1.0313528215378682,0.29110099165731596,1.0626494884490967,1.338364601135254,1.3659095764160156,0.18564733862876892,-0.17931169271469116,-0.16370847821235657,1.759514331817627,-0.03458970785140991
2.3523153942428032,3.573536419058394,-1.1789453265611156,-1.1789453265611156,0.07946625300205254,1.068512201309204,1.3283536434173584,1.366722822189331,0.20069967210292816,-0.18002881109714508,-0.20232832431793213,1.759362816810608,-0.028231626376509666
2.3566958698372966,8.018988862341766,0.40612780997970754,0.40612780997970754,-0.14084029819346713,1.0743310451507568,1.3234320878982544,1.367601990699768,0.1812586784362793,-0.18091510236263275,-0.23907792568206787,1.7592391967773438,-0.03624770790338516
2.3610763454317896,7.371965273552196,1.11616579558954,1.11616579558954,-0.3022825009387937,1.0801283121109009,1.3049825429916382,1.3683960437774658,0.19248555600643158,-0.18196237087249756,-0.22310471534729004,1.759080410003662,-0.14337697625160217
2.3654568210262825,8.52534308669847,-2.313059273147808,-2.313059273147808,0.3013599908120442,1.0858447551727295,1.283979058265686,1.3692392110824585,0.20008206367492676,-0.18293967843055725,-0.1816815286874771,1.758452296257019,-0.290197491645813
2.369837296620776,3.0787175137016067,0.32467456648617155,0.32467456648617155,0.537527374743009,1.091469168663025,1.274612307548523,1.3701156377792358,0.21270440518856049,-0.18373553454875946,-0.25803086161613464,1.7571810483932495,-0.27852147817611694
2.374217772215269,6.111737856297655,1.9135699755499056,1.9135699755499056,-0.4971345785856839,1.0970525741577148,1.2810869216918945,1.3710473775863647,0.18792662024497986,-0.1848658323287964,-0.2642468512058258,1.7559609413146973,-0.15471796691417694
2.3785982478097623,7.815314425723121,1.68243729376923,1.68243729376923,-0.22416195283425477,1.1026643514633179,1.2578744888305664,1.3718706369400024,0.18788635730743408,-0.18602335453033447,-0.19384664297103882,1.755283236503601,-0.345162034034729
2.382978723404255,6.145080585456119,0.8090412022634936,0.8090412022634936,0.5361230711765452,1.108174443244934,1.2375993728637695,1.372693657875061,0.19798803329467773,-0.18687249720096588,-0.13816790282726288,1.7537713050842285,-0.474001407623291
2.387359198998748,8.217146728205805,0.8067301849402431,0.8067301849402431,0.44541048487412827,1.113595724105835,1.2380372285842896,1.373560905456543,0.19364115595817566,-0.1874777376651764,-0.13019782304763794,1.751694917678833,-0.37654972076416016
2.391739674593241,10.645517060180401,0.9358917641535945,0.9358917641535945,0.07453026731540091,1.1190189123153687,1.232367753982544,1.3744091987609863,0.20353290438652039,-0.18804806470870972,-0.11964614689350128,1.7500454187393188,-0.32168635725975037
2.3961201501877345,8.329179625819823,0.34944726168948326,0.34944726168948326,-0.3735281876223625,1.1244173049926758,1.2134219408035278,1.3753007650375366,0.23117461800575256,-0.18857216835021973,-0.09449166059494019,1.748636245727539,-0.39049774408340454
2.400500625782228,9.938790367194965,1.7525948331052208,1.7525948331052208,-0.29788627755811536,1.1297327280044556,1.1886157989501953,1.3763134479522705,0.2452019900083542,-0.18898609280586243,-0.07337848842144012,1.746925711631775,-0.564606785774231
2.404881101376721,4.9009752410964476,1.1362505730429375,1.1362505730429375,0.500733812265904,1.134939432144165,1.1624095439910889,1.377387523651123,0.2695491909980774,-0.18930752575397491,-0.013497941195964813,1.7444524765014648,-0.7308547496795654
2.409261576971214,7.310731701927571,-0.9179782078918856,-0.9179782078918856,0.050530629194572116,1.140031337738037,1.164419412612915,1.3785682916641235,0.2569916248321533,-0.1893666535615921,0.005061162635684013,1.741250991821289,-0.6319939494132996
2.413642052565707,6.357463268575007,1.0770562447797913,1.0770562447797913,1.0015869304474219,1.145132064819336,1.1514031887054443,1.3796939849853516,0.26233285665512085,-0.18934448063373566,-0.023222364485263824,1.7384825944900513,-0.6782343983650208
2.4180225281602,3.895565829127759,-0.8765743871606317,-0.8765743871606317,-0.3409030333086795,1.1501758098602295,1.1622394323349,1.380843162536621,0.257572740316391,-0.18944621086120605,-0.02101842127740383,1.7355116605758667,-0.4509889781475067
2.422403003754693,9.648622732786965,-0.38759175202411145,-0.38759175202411145,0.7325641273100759,1.1552670001983643,1.146836519241333,1.3819714784622192,0.24174268543720245,-0.18953828513622284,-0.036661721765995026,1.7335361242294312,-0.5777239203453064
2.4267834793491865,5.273990099441063,0.7556204233232753,0.7556204233232753,-0.8045066960146394,1.1602907180786133,1.1451865434646606,1.3830304145812988,0.2600126266479492,-0.18969887495040894,-0.06937382370233536,1.7310054302215576,-0.45145437121391296
2.4311639549436794,7.903861741063574,0.947824868177432,0.947824868177432,0.6647634755359042,1.1653071641921997,1.1164240837097168,1.384169340133667,0.25502264499664307,-0.19000276923179626,-0.023813165724277496,1.7290278673171997,-0.7181893587112427
2.4355444305381724,7.498541964674589,1.250765290091962,1.250765290091962,-1.0710980584687548,1.170197606086731,1.1165962219238281,1.3852864503860474,0.26191583275794983,-0.1901070773601532,-0.01554687600582838,1.725881814956665,-0.5960147380828857
2.4399249061326658,7.961112524197718,0.707518902789585,0.707518902789585,-0.710756823243482,1.175088882446289,1.0774022340774536,1.386433720588684,0.2724842429161072,-0.19017517566680908,0.052258897572755814,1.7232710123062134,-0.9541908502578735
2.4443053817271587,8.79639114196866,0.6894979832125119,0.6894979832125119,0.1255223407071866,1.1798083782196045,1.0456600189208984,1.387627363204956,0.28455454111099243,-0.1899462640285492,0.09367704391479492,1.7190911769866943,-1.2150973081588745
2.448685857321652,8.686212126104843,0.6754870278411266,0.6754870278411266,1.2685209355332294,1.1843888759613037,1.031746506690979,1.388873815536499,0.2989659309387207,-0.18953591585159302,0.11014692485332489,1.713768482208252,-1.2485039234161377
2.453066332916145,6.598748647896795,1.2447660527931173,1.2447660527931173,-0.26192521355218085,1.1889084577560425,1.0446699857711792,1.390183448791504,0.30877575278282166,-0.18905341625213623,0.09282845258712769,1.7082993984222412,-0.9611932039260864
2.457446808510638,9.111385805285504,-1.0202719538193876,-1.0202719538193876,0.33328400754021303,1.1934846639633179,1.0261565446853638,1.391535997390747,0.3100261986255646,-0.18864677846431732,0.13682861626148224,1.7040889263153076,-1.0838508605957031
2.4618272841051314,7.227448685320546,0.10691277850854919,0.10691277850854919,1.382557889418941,1.1979796886444092,1.0168379545211792,1.3928940296173096,0.3259223699569702,-0.1880474090576172,0.09730049222707748,1.6993411779403687,-1.0584735870361328
2.4662077596996244,9.26691057656385,-0.1947851106351719,-0.1947851106351719,0.4116085563631111,1.2024339437484741,1.0355314016342163,1.3943216800689697,0.32622188329696655,-0.18762119114398956,0.060047611594200134,1.694704532623291,-0.7256450057029724
2.4705882352941178,3.797074179038836,0.6587496148077543,0.6587496148077543,0.5192074134800819,1.2069700956344604,1.0280215740203857,1.395750641822815,0.3431658148765564,-0.18735815584659576,0.04233899340033531,1.6915258169174194,-0.6774295568466187
2.4749687108886107,4.656252064084735,-0.6419416592970659,-0.6419416592970659,-0.27370015463117026,1.2114733457565308,1.0331218242645264,1.3972538709640503,0.3236689269542694,-0.18717269599437714,0.04641406983137131,1.6885583400726318,-0.5596200227737427
2.479349186483104,5.05690546026309,0.10158000393006938,0.10158000393006938,-0.2280894414441574,1.215998888015747,1.0182350873947144,1.3986717462539673,0.3121156394481659,-0.18696938455104828,0.03566025197505951,1.6861069202423096,-0.6687139868736267
2.483729662077597,5.89340774052793,-1.4864787634282817,-1.4864787634282817,0.5788465128373251,1.220459222793579,1.0037024021148682,1.4000389575958252,0.3030143082141876,-0.18681317567825317,0.04528764635324478,1.6831775903701782,-0.7676070928573608
2.48811013767209,6.953368482569539,0.20415863810156878,0.20415863810156878,0.7158842206771203,1.224855899810791,1.0064723491668701,1.4013663530349731,0.29723986983299255,-0.18661479651927948,-0.015026398003101349,1.6798150539398193,-0.646892249584198
2.492490613266583,6.204403090883992,0.1631523894911221,0.1631523894911221,-1.078071878238374,1.229264736175537,1.0105794668197632,1.4026683568954468,0.298209547996521,-0.1866806149482727,-0.029970407485961914,1.6769813299179077,-0.494728147983551
2.4968710888610763,6.16319572954653,0.24354689440387778,0.24354689440387778,0.46887680500874057,1.2336915731430054,0.9742703437805176,1.4039746522903442,0.29878610372543335,-0.1868118941783905,0.006277274340391159,1.674814224243164,-0.8373610973358154
2.5012515644555693,6.969927352540332,1.715751392164714,1.715751392164714,0.3112617781194553,1.237959384918213,0.9740908145904541,1.4052834510803223,0.2950934171676636,-0.18678440153598785,-0.00030307332053780556,1.6711461544036865,-0.748022198677063
2.5056320400500622,5.590247130937722,-0.9897296211810566,-0.9897296211810566,-0.0737644551747898,1.2422263622283936,0.9688435196876526,1.406576156616211,0.29716819524765015,-0.1867857277393341,0.04071247577667236,1.6678694486618042,-0.7074819207191467
2.510012515644556,6.580219741224642,-0.26326920835125933,-0.26326920835125933,1.0050284115373467,1.246470332145691,0.9571245312690735,1.4078779220581055,0.29104718565940857,-0.18660739064216614,0.01396339014172554,1.6647703647613525,-0.7647477388381958
2.5143929912390486,6.110413442289127,-0.7835614927499609,-0.7835614927499609,0.3231270525576731,1.2506630420684814,0.9688553810119629,1.409152865409851,0.289032518863678,-0.1865462213754654,-0.023074921220541,1.661420464515686,-0.527173638343811
2.518773466833542,8.521354376326103,2.6513457169279135,2.6513457169279135,-0.7017256467122511,1.2549071311950684,0.9655638933181763,1.41041898727417,0.28554368019104004,-0.18664729595184326,-0.05539373308420181,1.6591111421585083,-0.47624868154525757
2.523153942428035,2.8137980074385958,-0.020973812212329523,-0.020973812212329523,-0.3084740379836459,1.2591367959976196,0.9341073036193848,1.4116698503494263,0.3000841736793518,-0.18688994646072388,0.04252658784389496,1.6570249795913696,-0.7261714935302734
2.527534418022528,8.517910211026084,0.30334192694357826,0.30334192694357826,0.644375904195013,1.2632286548614502,0.9219175577163696,1.4129843711853027,0.27607569098472595,-0.1867036670446396,0.05092250555753708,1.6538439989089966,-0.8299871683120728
2.5319148936170213,6.238604260694627,3.614973575688095,3.614973575688095,1.1086740916198439,1.267267107963562,0.921965479850769,1.4141937494277954,0.2876890301704407,-0.1864805966615677,0.04096323251724243,1.6502082347869873,-0.7034868001937866
2.536295369211514,4.585183054606881,-0.7811204545270293,-0.7811204545270293,0.5086274075401447,1.271305799484253,0.9369348883628845,1.4154539108276367,0.2835417091846466,-0.18630115687847137,0.1141551211476326,1.6471266746520996,-0.43272289633750916
2.540675844806008,10.903023423474831,1.4864248683583443,1.4864248683583443,-1.0946889384539182,1.2754100561141968,0.940824031829834,1.4166959524154663,0.26976680755615234,-0.18580110371112823,0.07649040222167969,1.6452311277389526,-0.31877806782722473
2.545056320400501,7.589439659506219,-0.7837029596882044,-0.7837029596882044,-0.20804617023406094,1.2795313596725464,0.8963157534599304,1.4178776741027832,0.3004109561443329,-0.18546603620052338,0.1518671065568924,1.6438347101211548,-0.6898168325424194
2.549436795994993,2.2083988080519354,1.652068752039737,1.652068752039737,0.43423310453881303,1.283457636833191,0.8783114552497864,1.4191936254501343,0.3075568675994873,-0.18480078876018524,0.13505610823631287,1.6408129930496216,-0.7933086156845093
2.553817271589487,7.715411559737615,-1.1259414535561179,-1.1259414535561179,0.5500383462740488,1.2873051166534424,0.8846524357795715,1.4205409288406372,0.27816954255104065,-0.1842091828584671,0.17062076926231384,1.6373379230499268,-0.6852571964263916
2.55819774718398,7.860885144710098,-1.8892997841502435,-1.8892997841502435,-1.1921998771042652,1.2911803722381592,0.8843331933021545,1.4217594861984253,0.2849126160144806,-0.18346178531646729,0.12167684733867645,1.6343361139297485,-0.5767330527305603
2.562578222778473,7.511019678639741,-0.012150774316029678,-0.012150774316029678,-0.3053296178343151,1.2950541973114014,0.8431140780448914,1.4230074882507324,0.29528629779815674,-0.18292878568172455,0.101319320499897,1.6318097114562988,-0.954258918762207
2.566958698372966,7.237902706084155,1.2765548501808404,1.2765548501808404,1.3715955953499759,1.2987474203109741,0.8232879638671875,1.424301028251648,0.30180197954177856,-0.1824849545955658,0.10988107323646545,1.6276296377182007,-1.0819281339645386
2.571339173967459,7.8590681469753925,1.1257963161283437,1.1257963161283437,0.06663073613710296,1.302353858947754,0.8432403802871704,1.4256230592727661,0.30414971709251404,-0.18200361728668213,0.10710558295249939,1.6228902339935303,-0.7396304607391357
2.575719649561952,3.1622474363209814,-1.1971779893573187,-1.1971779893573187,1.1862714464321016,1.3060476779937744,0.8317334651947021,1.4269553422927856,0.31253746151924133,-0.18153443932533264,0.1380365788936615,1.6196502447128296,-0.7637761831283569
2.580100125156445,8.225118836725526,-0.7512375015050896,-0.7512375015050896,-1.1050120655617315,1.309691071510315,0.8542718887329102,1.4283244609832764,0.28876814246177673,-0.1809297800064087,0.0684322938323021,1.6163045167922974,-0.4498748183250427
2.5844806007509384,8.165342940158402,0.9108421554834316,0.9108421554834316,0.3012163180705783,1.3134331703186035,0.8149096369743347,1.4295893907546997,0.3009278476238251,-0.18063001334667206,0.07876363396644592,1.6143338680267334,-0.8013195395469666
2.588861076345432,5.517418647244764,1.2842534690579588,1.2842534690579588,0.8350716897164138,1.3170028924942017,0.80861496925354,1.4309076070785522,0.3110419809818268,-0.1802849918603897,0.09656663984060287,1.6108237504959106,-0.7598587274551392
2.593241551939925,7.334425616675456,-0.028777132358536905,-0.028777132358536905,0.33038673916528616,1.320544958114624,0.8192036151885986,1.4322701692581177,0.303304523229599,-0.17986197769641876,0.10968416929244995,1.6074951887130737,-0.5552347302436829
2.5976220275344177,7.531770505936436,2.4139501594919146,2.4139501594919146,0.11298462030799516,1.3241335153579712,0.8151006698608398,1.4335987567901611,0.30808791518211365,-0.17938150465488434,0.0991954430937767,1.6050629615783691,-0.5000337958335876
2.602002503128911,6.779774303685033,-1.9069840423108877,-1.9069840423108877,-0.15612436760563306,1.3277040719985962,0.8056541085243225,1.4349483251571655,0.3143768906593323,-0.17894698679447174,0.16639092564582825,1.602872610092163,-0.5059532523155212
2.606382978723404,5.383735155654654,0.7424964662734709,0.7424964662734709,0.14323699310125146,1.331233263015747,0.7911642789840698,1.4363254308700562,0.3159312903881073,-0.17821811139583588,0.11526027321815491,1.600656270980835,-0.5827767848968506
2.610763454317897,9.703986891920671,0.3500869026018669,0.3500869026018669,-0.06002116486215131,1.3346989154815674,0.7859727144241333,1.4377093315124512,0.3080722689628601,-0.17771321535110474,0.13276055455207825,1.598103404045105,-0.5688977241516113
2.6151439299123904,5.432836717731745,-0.47801092981038784,-0.47801092981038784,0.2114054671568768,1.3381417989730835,0.7692528963088989,1.439058780670166,0.3287098705768585,-0.17713166773319244,0.14473700523376465,1.595611333847046,-0.6319400072097778
2.619524405506884,4.871148178571747,-2.936029242931202,-2.936029242931202,0.29120601127178225,1.3415114879608154,0.7656837701797485,1.44049870967865,0.3211226165294647,-0.1764976531267166,0.12460386008024216,1.5928431749343872,-0.5985235571861267
2.6239048811013768,5.564580664819233,-0.4571363725072424,-0.4571363725072424,0.9914525009159347,1.3448655605316162,0.7649184465408325,1.4419053792953491,0.3098342716693878,-0.17595182359218597,0.03035835176706314,1.5902214050292969,-0.5398312211036682
2.6282853566958697,6.421028130070258,0.9785601032222868,0.9785601032222868,0.08642133903780039,1.3482162952423096,0.7795373201370239,1.4432625770568848,0.3028174042701721,-0.17581884562969208,-0.011945035308599472,1.587856650352478,-0.28865543007850647
2.6326658322903627,7.305999128841024,2.163797225797148,2.163797225797148,0.6373624616176747,1.3516310453414917,0.7716609835624695,1.4445890188217163,0.3019085228443146,-0.17587116360664368,0.014108246192336082,1.586592197418213,-0.2934018671512604
2.637046307884856,7.94204315070926,0.1648081777491056,0.1648081777491056,-0.23848723226413773,1.3550113439559937,0.7753458619117737,1.4459115266799927,0.30659937858581543,-0.1758093684911728,0.05868498235940933,1.585307002067566,-0.14827458560466766
2.641426783479349,6.506446554118555,0.19638212407448985,0.19638212407448985,-0.37072876280896006,1.358407735824585,0.7575500011444092,1.4472545385360718,0.31580010056495667,-0.17555229365825653,0.07046248763799667,1.5846574306488037,-0.24999696016311646
2.645807259073842,5.500440864060636,1.1920874352734114,1.1920874352734114,0.3720015809452363,1.36172616481781,0.7388836145401001,1.448637843132019,0.31560784578323364,-0.17524363100528717,0.08702392131090164,1.5835623741149902,-0.3820978105068207
2.650187734668336,6.961126458880367,1.8456516633791256,1.8456516633791256,0.8932835036489678,1.3649628162384033,0.7391919493675232,1.4500203132629395,0.30855321884155273,-0.17486242949962616,0.11097303032875061,1.5818885564804077,-0.30244964361190796
2.6545682102628283,7.2680760253135155,0.7054441582865083,0.7054441582865083,-0.5678650734227324,1.3682007789611816,0.7495296001434326,1.4513719081878662,0.3109782934188843,-0.17437630891799927,0.1387851983308792,1.5805636644363403,-0.08349616825580597
2.6589486858573217,6.925524513347492,0.14716394692874238,0.14716394692874238,0.27957945315648425,1.3714840412139893,0.7252048850059509,1.452734112739563,0.31581056118011475,-0.17376835644245148,0.17596986889839172,1.5801979303359985,-0.2730531096458435
2.663329161451814,5.631577782169095,-0.48488258090295383,-0.48488258090295383,-0.5691838685147956,1.3746607303619385,0.7213010191917419,1.4541175365447998,0.3181830644607544,-0.17299751937389374,0.1721029132604599,1.579001784324646,-0.22465015947818756
2.667709637046308,8.700329900983265,0.8159434149537781,0.8159434149537781,-0.05634530852020567,1.377820372581482,0.6995084285736084,1.4555113315582275,0.3122491240501404,-0.1722436249256134,0.17456477880477905,1.5780177116394043,-0.4071700870990753
2.672090112640801,3.3834519044083278,-0.6500016168079419,-0.6500016168079419,-0.03448604742298858,1.3808845281600952,0.6852012276649475,1.4568791389465332,0.32631051540374756,-0.17147894203662872,0.2000383734703064,1.5762341022491455,-0.4592832028865814
2.676470588235294,2.5057642686819204,0.7006938501841262,0.7006938501841262,0.9769441100935116,1.3838859796524048,0.6793760657310486,1.4583085775375366,0.30546531081199646,-0.1706026792526245,0.18206337094306946,1.574222207069397,-0.4828571081161499
2.6808510638297878,8.175949231931073,-1.2952030879778458,-1.2952030879778458,0.8310582466661778,1.3868619203567505,0.6985862255096436,1.4596467018127441,0.2787708342075348,-0.1698051542043686,0.1739959865808487,1.5721070766448975,-0.22057706117630005
2.6852315394242803,6.89909779203788,-1.5989360660689491,-1.5989360660689491,0.14827713331186032,1.389922022819519,0.7061238884925842,1.4608678817749023,0.28940510749816895,-0.16904297471046448,0.11190241575241089,1.5711408853530884,-0.021442800760269165
2.689612015018773,8.951234769172006,-0.00778058442506957,-0.00778058442506957,0.04927510391700651,1.3930151462554932,0.6995812058448792,1.462135672569275,0.29170647263526917,-0.16855278611183167,0.06087825074791908,1.5710469484329224,-0.007350429892539978
2.6939924906132666,1.9528903663555672,-2.173099185012923,-2.173099185012923,1.3801293948208277,1.396079659461975,0.6877772212028503,1.4634134769439697,0.3074806332588196,-0.16828611493110657,0.05921204388141632,1.5710147619247437,-0.028855033218860626
2.69837296620776,7.112797018317652,-0.3088739589024495,-0.3088739589024495,0.5086061317848355,1.399092435836792,0.717301607131958,1.464760422706604,0.27731817960739136,-0.16802674531936646,-0.044553495943546295,1.5708884000778198,0.34835776686668396
2.7027534418022525,7.295503952883047,0.012184877554555718,0.012184877554555718,0.17870352669190837,1.4022345542907715,0.718958854675293,1.4659751653671265,0.2809849977493286,-0.16822190582752228,-0.06842650473117828,1.5724143981933594,0.46230244636535645
2.707133917396746,5.5433187342592385,0.03385302275293067,0.03385302275293067,-1.524336255852099,1.4053839445114136,0.7125864624977112,1.4672060012817383,0.28581348061561584,-0.16852164268493652,-0.07328937947750092,1.574439525604248,0.4832375943660736
2.711514392991239,7.194416565113493,0.7543337913094561,0.7543337913094561,0.3883049178004352,1.4085054397583008,0.6687992811203003,1.4684580564498901,0.27927255630493164,-0.16884268820285797,-0.02778531238436699,1.5765563249588013,0.03587454557418823
2.715894868585732,5.82252177175579,-1.8628715978012143,-1.8628715978012143,-0.5782538303360942,1.4114351272583008,0.667389988899231,1.4696813821792603,0.283475399017334,-0.16896440088748932,-0.017096109688282013,1.5767134428024292,0.11487237364053726
2.720275344180225,8.278428411058206,1.3362683493492347,1.3362683493492347,-0.16492856205983406,1.4143586158752441,0.6453235149383545,1.4709231853485107,0.2788001000881195,-0.1690392941236496,-0.054611023515462875,1.577216625213623,-0.07013443857431412
2.724655819774718,7.573367902746186,0.2474052674843663,0.2474052674843663,-0.9031577908978448,1.4171854257583618,0.629339873790741,1.4721444845199585,0.2901950478553772,-0.16927851736545563,-0.010771315544843674,1.5769094228744507,-0.14999908208847046
2.729036295369212,6.489484930105411,0.6991592975984864,0.6991592975984864,0.20674900916333758,1.4199422597885132,0.597075343132019,1.473415732383728,0.29705682396888733,-0.16932569444179535,0.02282877266407013,1.5762523412704468,-0.43284380435943604
2.7334167709637045,8.710585228911597,-1.0681836038872712,-1.0681836038872712,0.7529646057502026,1.4225577116012573,0.5924174785614014,1.4747170209884644,0.29658541083335876,-0.16922569274902344,0.037208713591098785,1.5743563175201416,-0.40163475275039673
2.737797246558197,4.127351920400749,-3.6982287906995395,-3.6982287906995395,-1.3664862611591428,1.4251527786254883,0.5973486304283142,1.4760161638259888,0.3106614947319031,-0.16906270384788513,-0.015974588692188263,1.5725969076156616,-0.2267487645149231
2.742177722152691,5.529638974625782,-1.7175196491802818,-1.7175196491802818,1.6302944142552998,1.427769422531128,0.5593158006668091,1.4773770570755005,0.2948153614997864,-0.16913267970085144,-0.08406886458396912,1.5716036558151245,-0.6242812871932983
2.746558197747184,4.923454172219445,0.722387649463742,0.722387649463742,-1.582352810208115,1.4302195310592651,0.5894874334335327,1.478668451309204,0.28795701265335083,-0.1695009469985962,-0.18183565139770508,1.5688689947128296,-0.19154521822929382
2.750938673341677,6.322040620301611,0.7771019150693768,0.7771019150693768,0.5083165493250297,1.4328017234802246,0.5452541708946228,1.479929804801941,0.27720344066619873,-0.17029747366905212,-0.11452992260456085,1.5680298805236816,-0.6520767211914062
2.75531914893617,8.22185252525526,1.027326335832056,1.027326335832056,0.37715827690343745,1.435190200805664,0.54795902967453,1.4811440706253052,0.2755802869796753,-0.1707991659641266,-0.10668054223060608,1.5651735067367554,-0.5350257158279419
2.759699624530663,3.2381707839480027,-0.9811299920334459,-0.9811299920334459,0.9149685968013849,1.437590479850769,0.5448330640792847,1.4823511838912964,0.2864757180213928,-0.17126648128032684,-0.08769357204437256,1.562829852104187,-0.46152937412261963
2.7640801001251565,6.243377461228271,1.0737864737383174,1.0737864737383174,-0.8140987254782952,1.4399770498275757,0.5615667700767517,1.4836061000823975,0.2648293673992157,-0.17165061831474304,-0.1430656611919403,1.5608081817626953,-0.21870259940624237
2.768460575719649,1.3559504675325877,0.7771394245986186,0.7771394245986186,0.10525332479979982,1.442436933517456,0.5334084630012512,1.4847661256790161,0.2625819146633148,-0.1722773164510727,-0.08793342113494873,1.5598502159118652,-0.4692907929420471
2.7728410513141424,8.60635106472244,0.66488062443005,0.66488062443005,0.3521739054819042,1.444773554801941,0.5338996648788452,1.4859163761138916,0.2284439653158188,-0.17266251146793365,-0.06831221282482147,1.557794451713562,-0.44504281878471375
2.777221526908636,6.527420491233301,0.4929658095106421,0.4929658095106421,0.06551859187797773,1.4471123218536377,0.529615581035614,1.4869170188903809,0.24191364645957947,-0.1729617565870285,-0.059180185198783875,1.5558449029922485,-0.37889790534973145
2.7816020025031287,4.960873040929263,1.9671776863241652,1.9671776863241652,-0.15157824636247336,1.4494322538375854,0.5216502547264099,1.4879766702651978,0.24168738722801208,-0.17322099208831787,-0.04669737070798874,1.554185152053833,-0.3846993148326874
2.7859824780976217,5.703354163505371,0.2574886237333396,0.2574886237333396,1.4395447611149472,1.4517173767089844,0.5108829140663147,1.4890353679656982,0.2311076819896698,-0.173425555229187,0.015177015215158463,1.5525000095367432,-0.4451062083244324
2.790362953692115,6.818194208769521,3.0910070797219795,3.0910070797219795,0.44831858831942567,1.4539552927017212,0.5363309383392334,1.4900476932525635,0.22604696452617645,-0.17335906624794006,-0.019342772662639618,1.5505502223968506,-0.06430110335350037
2.794743429286608,4.922085931065673,1.6009582724549096,1.6009582724549096,-0.4697273725240151,1.456304669380188,0.5369589924812317,1.4910378456115723,0.22795434296131134,-0.17344379425048828,0.057832106947898865,1.550268530845642,0.03635312616825104
2.7991239048811014,7.553207670900223,1.0230257879726796,1.0230257879726796,-0.3675675793993497,1.4586567878723145,0.5188206434249878,1.4920363426208496,0.2170010507106781,-0.17319045960903168,0.11830268800258636,1.550427794456482,-0.1122160255908966
2.8035043804755944,8.119895978103676,-0.04524505892413183,-0.04524505892413183,-0.24307455009225237,1.4609295129776,0.4992780387401581,1.4929869174957275,0.22333377599716187,-0.17267224192619324,0.15891242027282715,1.5499361753463745,-0.24167172610759735
2.8078848560700878,6.042774858386316,1.283089007678967,1.283089007678967,1.687599308269664,1.4631166458129883,0.4818766415119171,1.4939652681350708,0.2334229052066803,-0.17197613418102264,0.16468967497348785,1.5488775968551636,-0.3382408618927002
2.8122653316645807,7.322401659694745,1.3546434348395742,1.3546434348395742,-0.6488009292798724,1.465227484703064,0.5127582550048828,1.4949877262115479,0.23087111115455627,-0.1712547093629837,0.15287669003009796,1.547395944595337,0.11122223734855652
2.8166458072590737,5.19404014556215,1.0973637918556198,1.0973637918556198,-0.06897916311246972,1.4674736261367798,0.4871244728565216,1.4959990978240967,0.23552259802818298,-0.170585036277771,0.2113836109638214,1.547883152961731,-0.09499712288379669
2.821026282853567,6.346419189655017,1.1825372880749552,1.1825372880749552,-0.563225403346085,1.4696074724197388,0.4781333804130554,1.4970308542251587,0.22655147314071655,-0.1696590781211853,0.24544452130794525,1.5474669933319092,-0.1321457177400589
2.82540675844806,7.636284618527435,1.098992974109711,1.098992974109711,1.3161209789458852,1.471701979637146,0.45598044991493225,1.498023271560669,0.22486527264118195,-0.1685839146375656,0.29642632603645325,1.5468881130218506,-0.31090572476387024
2.829787234042553,5.48455624451898,-0.8727312622613934,-0.8727312622613934,-0.4133372218201546,1.4736993312835693,0.4761216640472412,1.499008297920227,0.23265883326530457,-0.16728542745113373,0.29008549451828003,1.545526146888733,0.03032928705215454
2.8341677096370463,6.339190064410128,-1.4387983956241104,-1.4387983956241104,-0.030837878223813397,1.4757850170135498,0.45882901549339294,1.5000274181365967,0.2254050225019455,-0.16601471602916718,0.2766697406768799,1.5456589460372925,-0.1031358540058136
2.8385481852315397,7.295432089637885,1.3592626307640194,1.3592626307640194,0.06606615242727738,1.477794885635376,0.44937989115715027,1.5010148286819458,0.22398780286312103,-0.16480277478694916,0.2355528324842453,1.545207142829895,-0.13259771466255188
2.842928660826032,3.923219657224574,0.1665765842900412,0.1665765842900412,0.34154759138789487,1.479763388633728,0.4409666657447815,1.5019960403442383,0.22890698909759521,-0.16377094388008118,0.27331826090812683,1.5446263551712036,-0.13790030777454376
2.8473091364205256,5.952928498406882,-0.7561920952652587,-0.7561920952652587,0.619063445359141,1.4816950559616089,0.4436512887477875,1.50299870967865,0.21187767386436462,-0.1625736802816391,0.2682085633277893,1.5440223217010498,-0.055262573063373566
2.8516896120150186,3.0733756535131147,-0.8794755296850255,-0.8794755296850255,-1.125372140700456,1.4836384057998657,0.4501541554927826,1.5039268732070923,0.20835763216018677,-0.16139879822731018,0.2280467450618744,1.5437802076339722,0.09849218279123306
2.8560700876095115,5.155478136543799,-3.217408879575281,-3.217408879575281,0.11882822170725355,1.4856102466583252,0.41968899965286255,1.504839539527893,0.18484152853488922,-0.16039983928203583,0.23522770404815674,1.5442116260528564,-0.2250012755393982
2.860450563204005,7.439880114875549,-0.46990020170893587,-0.46990020170893587,-0.48317766653648075,1.4874486923217773,0.41563764214515686,1.505649209022522,0.17576922476291656,-0.15936942398548126,0.1377989947795868,1.5432260036468506,-0.20798359811306
2.864831038798498,7.223237959269646,2.5551290657948416,2.5551290657948416,0.3710280064085738,1.4892693758010864,0.39453256130218506,1.5064191818237305,0.18131710588932037,-0.1587657928466797,0.1381867378950119,1.542314887046814,-0.36564749479293823
2.8692115143929917,4.478119825508449,0.10134498659108743,0.10134498659108743,1.1330109897608325,1.4909976720809937,0.3937762379646301,1.5072134733200073,0.18597261607646942,-0.15816046297550201,0.20196941494941711,1.5407131910324097,-0.28416988253593445
2.873591989987484,7.127114464134126,-1.4099503202805164,-1.4099503202805164,0.21820142633332834,1.4927226305007935,0.4144986867904663,1.5080281496047974,0.17317518591880798,-0.1572757363319397,0.17184150218963623,1.5394684076309204,0.018397152423858643
2.877972465581977,6.551718388418298,1.1895739211112686,1.1895739211112686,-1.4740018594839146,1.4945383071899414,0.4104161560535431,1.5087867975234985,0.17716898024082184,-0.1565229892730713,0.12429431080818176,1.5395489931106567,0.05826579034328461
2.8823529411764706,7.07018104460411,1.0497638481107696,1.0497638481107696,0.49016527696576506,1.4963361024856567,0.3674750030040741,1.5095628499984741,0.17614883184432983,-0.1559785157442093,0.202079176902771,1.539804220199585,-0.37198901176452637
2.8867334167709635,4.176484262546398,-1.0064474266310786,-1.0064474266310786,0.1936949151184239,1.497945785522461,0.3699122667312622,1.5103344917297363,0.17992424964904785,-0.15509331226348877,0.21842122077941895,1.5381747484207153,-0.2559497058391571
2.891113892365457,5.717336997814396,2.105449477167253,2.105449477167253,0.5137929197876822,1.4995661973953247,0.36915096640586853,1.511122703552246,0.16451317071914673,-0.154136523604393,0.18337325751781464,1.5370535850524902,-0.21389074623584747
2.89549436795995,7.380028240343777,-0.592527961591447,-0.592527961591447,-0.430441367021575,1.501183271408081,0.3739914894104004,1.5118433237075806,0.1594950407743454,-0.15333326160907745,0.22985467314720154,1.536116600036621,-0.08669868111610413
2.899874843554443,8.64278650152995,0.9691634999076212,0.9691634999076212,0.7096599183267768,1.5028215646743774,0.3546854257583618,1.5125420093536377,0.16466467082500458,-0.15232639014720917,0.22512122988700867,1.5357367992401123,-0.22721520066261292
2.904255319148936,6.646587219806952,2.811104442691802,2.811104442691802,0.21556041598095493,1.5043752193450928,0.3605875074863434,1.5132633447647095,0.17905741930007935,-0.15134024620056152,0.23269955813884735,1.5347415208816528,-0.05300597846508026
2.908635794743429,6.675491752050824,-2.239916021484966,-2.239916021484966,0.2609315673398382,1.5059547424316406,0.35746049880981445,1.5140477418899536,0.17995403707027435,-0.15032091736793518,0.30849766731262207,1.534509301185608,-0.010810211300849915
2.913016270337922,4.548128085949198,0.22322527191995234,0.22322527191995234,0.04866708379048214,1.5075205564498901,0.35542169213294983,1.514836072921753,0.1810884326696396,-0.14896954596042633,0.23546499013900757,1.5344619750976562,0.044155217707157135
2.9173967459324155,7.611539787560835,0.637288335268168,0.637288335268168,-0.19820358984433067,1.5090774297714233,0.35106149315834045,1.5156292915344238,0.16806282103061676,-0.1479381024837494,0.24056264758110046,1.5346554517745972,0.04574616625905037
2.9217772215269084,5.3696331399991974,0.08335129274363537,0.08335129274363537,-0.360993809342538,1.5106152296066284,0.3372785151004791,1.5163655281066895,0.1749797910451889,-0.14688432216644287,0.2649616599082947,1.534855842590332,-0.029431413859128952
2.9261576971214014,5.98142309106149,-0.24523634078094086,-0.24523634078094086,0.3392597291411602,1.5120927095413208,0.32242101430892944,1.517132043838501,0.16702301800251007,-0.14572367072105408,0.27793794870376587,1.5347269773483276,-0.1440388411283493
2.930538172715895,6.40832374496729,2.1068812422787224,2.1068812422787224,0.26504890659669467,1.5135051012039185,0.3232968747615814,1.5178636312484741,0.16368098556995392,-0.14450617134571075,0.2608688175678253,1.5340960025787354,-0.06476818025112152
2.934918648310388,3.5269099104979307,-0.4035452610247031,-0.4035452610247031,-0.37541081264784726,1.5149213075637817,0.32200413942337036,1.518580675125122,0.16310228407382965,-0.14336344599723816,0.31465616822242737,1.5338122844696045,-0.007012315094470978
2.939299123904881,7.751963119206588,-0.5317288527989985,-0.5317288527989985,-0.03369161694407087,1.5163317918777466,0.30911967158317566,1.5192950963974,0.14301586151123047,-0.14198510348796844,0.313834547996521,1.5337815284729004,-0.12048351019620895
2.943679599499374,5.323739956128822,-1.3000782051713407,-1.3000782051713407,-0.5653781403617271,1.517685890197754,0.29942914843559265,1.5199215412139893,0.15103712677955627,-0.14061035215854645,0.299290269613266,1.533253788948059,-0.14891624450683594
2.948060075093867,4.525580672256021,0.8018500165512384,0.8018500165512384,-0.2132108568343328,1.5189975500106812,0.2801424562931061,1.520583152770996,0.1426103711128235,-0.13929931819438934,0.2778347134590149,1.5326014757156372,-0.31942594051361084
2.9524405506883604,8.010809178663969,1.648545466185288,1.648545466185288,-0.526404166140633,1.520224690437317,0.2700680196285248,1.5212078094482422,0.12921132147312164,-0.13808226585388184,0.3074777126312256,1.5312021970748901,-0.3895917534828186
2.9568210262828534,5.043065293571175,-1.46640847920518,-1.46640847920518,0.6720447593157448,1.5214077234268188,0.24885129928588867,1.5217738151550293,0.13845564424991608,-0.13673536479473114,0.37099313735961914,1.5294955968856812,-0.554856538772583
2.9612015018773468,5.2788137098216135,4.037033883104763,4.037033883104763,0.7218735051745767,1.5224977731704712,0.2590716481208801,1.5223803520202637,0.12924082577228546,-0.13511024415493011,0.30854353308677673,1.5270650386810303,-0.37870046496391296
2.96558197747184,7.961744120839519,-0.061447233707002294,-0.061447233707002294,-0.7774289628927636,1.5236326456069946,0.27029523253440857,1.5229464769363403,0.12173594534397125,-0.13375867903232574,0.4053567349910736,1.5254061222076416,-0.18867512047290802
2.9699624530663327,5.895900585967915,0.6927389643893395,0.6927389643893395,-0.006974956828649348,1.524816632270813,0.24364227056503296,1.523479700088501,0.13039074838161469,-0.13198302686214447,0.4262656569480896,1.524579644203186,-0.4219522476196289
2.974342928660826,7.553995373898124,1.7087484191811824,1.7087484191811824,1.8557368057561148,1.5258839130401611,0.2373228520154953,1.5240508317947388,0.12620845437049866,-0.13011577725410461,0.4466995298862457,1.5227313041687012,-0.4357346296310425
2.978723404255319,4.2371715281364795,-1.5461978091802915,-1.5461978091802915,-0.17364542513787257,1.5269235372543335,0.2730271518230438,1.5246037244796753,0.135061115026474,-0.12815901637077332,0.4424070119857788,1.520822525024414,0.0672805905342102
2.983103879849812,5.815496458216811,0.23258117068397316,0.23258117068397316,0.06921041684037435,1.5281195640563965,0.26470619440078735,1.5251953601837158,0.11982773244380951,-0.12622106075286865,0.4023241400718689,1.5211172103881836,0.011097908020019531
2.9874843554443054,10.051695011680351,3.209112664324224,3.209112664324224,0.8814266637610048,1.529279112815857,0.2605777382850647,1.525720238685608,0.11529954522848129,-0.1244586929678917,0.4070950746536255,1.5211658477783203,0.01997661218047142
2.9918648310387983,5.861138544528738,0.44166706081848517,0.44166706081848517,-0.4299832318553169,1.5304205417633057,0.27142569422721863,1.5262253284454346,0.139677494764328,-0.12267542630434036,0.47507089376449585,1.5212533473968506,0.2481757402420044
2.9962453066332912,8.29846066265163,0.2864838325142527,0.2864838325142527,-0.8921259310901627,1.5316095352172852,0.25574415922164917,1.5268372297286987,0.13486739993095398,-0.12059438973665237,0.5005258321762085,1.5223404169082642,0.1182251125574112
3.0006257822277846,3.8854789341320455,-0.11754225830876452,-0.11754225830876452,-0.3752757995462109,1.5327298641204834,0.22703669965267181,1.5274280309677124,0.14566370844841003,-0.11840184777975082,0.5349449515342712,1.5228582620620728,-0.14458854496479034
3.0050062578222776,9.0480398956261,1.3020462273564983,1.3020462273564983,0.12679629671301443,1.5337244272232056,0.21465784311294556,1.5280661582946777,0.12792178988456726,-0.11605853587388992,0.5424715876579285,1.5222249031066895,-0.2556566596031189
3.009386733416771,5.64405859718724,-0.9273754517721369,-0.9273754517721369,1.2852917652799587,1.5346647500991821,0.20945173501968384,1.528626561164856,0.14484113454818726,-0.11368225514888763,0.5767925977706909,1.5211050510406494,-0.23459665477275848
3.013767209011264,7.854754689469173,-0.436433406419578,-0.436433406419578,0.41049368440760003,1.5355823040008545,0.23456749320030212,1.5292609930038452,0.14064083993434906,-0.11115562915802002,0.5121756792068481,1.5200773477554321,0.11538495123386383
3.018147684605757,3.8858077747203645,0.6188553653638362,0.6188553653638362,1.064778080227157,1.5366097688674927,0.23744259774684906,1.5298770666122437,0.15007227659225464,-0.10891205817461014,0.4874427318572998,1.5205827951431274,0.21874353289604187
3.0225281602002503,6.387811403395049,0.7159760055167179,0.7159760055167179,-1.2234525109304832,1.5376498699188232,0.25910764932632446,1.5305345058441162,0.13402782380580902,-0.10677682608366013,0.47442036867141724,1.5215409994125366,0.5103448629379272
3.0269086357947432,7.984076475807581,1.2916636856387718,1.2916636856387718,-0.5409354057927407,1.5387848615646362,0.22521765530109406,1.5311216115951538,0.131795272231102,-0.10469863563776016,0.5310578346252441,1.5237765312194824,0.16054260730743408
3.0312891113892366,7.392765548595515,-0.7754172740160491,-0.7754172740160491,-0.3292286178367878,1.5397714376449585,0.2060934603214264,1.5316989421844482,0.14103581011295319,-0.10237234830856323,0.5845755338668823,1.5244797468185425,-0.0011002421379089355
3.0356695869837296,8.967171668329026,-1.4935321613868373,-1.4935321613868373,0.38921945471609326,1.5406742095947266,0.19254086911678314,1.53231680393219,0.14662617444992065,-0.0998116284608841,0.571545422077179,1.5244749784469604,-0.10262283682823181
3.0400500625782225,6.202152554963675,-1.8141342598501342,-1.8141342598501342,0.13269769757999744,1.5415176153182983,0.19476178288459778,1.5329591035842896,0.1634281873703003,-0.09730798751115799,0.5165631175041199,1.5240254402160645,-0.0053144097328186035
3.044430538172716,10.807181472310166,0.5905484783319844,0.5905484783319844,0.3086968968776085,1.5423707962036133,0.19324059784412384,1.533674955368042,0.16166627407073975,-0.09504519402980804,0.4597094655036926,1.524002194404602,0.024349024519324303
3.048811013767209,8.43772541388479,-1.8231203448165378,-1.8231203448165378,0.37520170661852925,1.5432173013687134,0.1926143616437912,1.5343831777572632,0.19060547649860382,-0.09303145110607147,0.46794041991233826,1.52410888671875,0.098221056163311
3.053191489361702,6.602480901457989,0.6055553105224809,0.6055553105224809,-0.30057547789797884,1.5440610647201538,0.19541142880916595,1.5352181196212769,0.20393314957618713,-0.09098164737224579,0.4037424325942993,1.5245391130447388,0.19369515776634216
3.057571964956195,5.748879597811606,-0.6189746786390988,-0.6189746786390988,-0.24454220500087373,1.544917106628418,0.18380042910575867,1.5361114740371704,0.20436686277389526,-0.089213065803051,0.4302043318748474,1.5253876447677612,0.10295233130455017
3.061952440550688,4.037776531108103,-0.4690256106021674,-0.4690256106021674,-0.5725307311236063,1.545722246170044,0.17416982352733612,1.5370067358016968,0.19922739267349243,-0.08732856810092926,0.41926971077919006,1.5258386135101318,0.02885432541370392
3.066332916145181,6.047614300232095,1.6188491697646288,1.6188491697646288,0.5440139454943217,1.546485185623169,0.15808358788490295,1.537879467010498,0.1824144870042801,-0.08549197018146515,0.4222923815250397,1.5259649753570557,-0.1348210573196411
3.0707133917396745,8.580407860796974,-0.8008477036827825,-0.8008477036827825,1.4184672892609322,1.5471776723861694,0.16690000891685486,1.538678526878357,0.1800985485315323,-0.08364212512969971,0.45368099212646484,1.525374412536621,0.011131227016448975
3.0750938673341675,5.109519273460708,1.075164010041402,1.075164010041402,1.0213264277679952,1.5479087829589844,0.1946939378976822,1.539467453956604,0.1955285668373108,-0.08165478706359863,0.3888699412345886,1.5254231691360474,0.39902743697166443
3.079474342928661,4.481987842189341,-1.3360644708193306,-1.3360644708193306,-0.1231534797906422,1.5487616062164307,0.2154703587293625,1.5403239727020264,0.1874687820672989,-0.07995135337114334,0.3904421627521515,1.5271711349487305,0.6795098781585693
3.083854818523154,4.484279491889824,-1.4442552895430463,-1.4442552895430463,0.24373242110305898,1.5497055053710938,0.2098907232284546,1.5411452054977417,0.17392906546592712,-0.0782410278916359,0.35502132773399353,1.530147671699524,0.6413498520851135
3.0882352941176467,7.135270726207154,0.12506745989549412,0.12506745989549412,0.6585509979532078,1.550624966621399,0.21293963491916656,1.5419070720672607,0.16078561544418335,-0.07668586820363998,0.3057267367839813,1.5329570770263672,0.705371618270874
3.09261576971214,3.0609962124628702,0.20746177504722568,0.20746177504722568,0.007572107760076663,1.5515577793121338,0.22418586909770966,1.5426113605499268,0.16555510461330414,-0.07534664124250412,0.2901473343372345,1.5360469818115234,0.8825327754020691
3.096996245306633,5.681566694294453,0.10464573138106864,0.10464573138106864,-0.3677182105533226,1.5525398254394531,0.22259467840194702,1.5433366298675537,0.14261376857757568,-0.07407565414905548,0.29598474502563477,1.5399129390716553,0.881732702255249
3.1013767209011265,5.08282255718332,0.20110012233156935,0.20110012233156935,-0.6049506127067705,1.553514838218689,0.2107069045305252,1.5439612865447998,0.1367941051721573,-0.0727790966629982,0.30977925658226013,1.5437753200531006,0.773434042930603
3.1057571964956194,6.463342603625646,-1.2931282600567622,-1.2931282600567622,-1.1330143435959252,1.5544378757476807,0.19362108409404755,1.5445605516433716,0.12695413827896118,-0.07142211496829987,0.3333185017108917,1.5471633672714233,0.5992767810821533
3.1101376720901124,3.0716259119095577,-3.2975420134787496,-3.2975420134787496,-0.7948824666724084,1.5552860498428345,0.16339781880378723,1.545116662979126,0.12612603604793549,-0.0699620246887207,0.32864266633987427,1.549788475036621,0.2760663330554962
3.1145181476846058,5.22963613333509,-0.4548053084691422,-0.4548053084691422,0.5698562537048513,1.5560017824172974,0.14304684102535248,1.5456691980361938,0.10312652587890625,-0.06852241605520248,0.2555570602416992,1.5509977340698242,0.0508674681186676
3.1188986232790987,6.411478783242911,1.7087412175248842,1.7087412175248842,0.12395998435087921,1.5566283464431763,0.15351499617099762,1.5461208820343018,0.09514092653989792,-0.06740295141935349,0.22563369572162628,1.5512205362319946,0.20381863415241241
3.123279098873592,7.820796838027975,-1.5182336725638699,-1.5182336725638699,-1.2655282484636043,1.5573008060455322,0.15294162929058075,1.5465376377105713,0.09478417038917542,-0.06641456484794617,0.2719143331050873,1.55211341381073,0.23120419681072235
3.127659574468085,6.286015342559323,1.5543421496967538,1.5543421496967538,0.07742141408785458,1.5579707622528076,0.11909586191177368,1.5469528436660767,0.10317445546388626,-0.06522344797849655,0.26453453302383423,1.5531262159347534,-0.1304708868265152
3.132040050062578,5.382094104994939,-1.3185979281343165,-1.3185979281343165,0.6171065721396016,1.5584924221038818,0.11759426444768906,1.5474047660827637,0.10197602957487106,-0.06406465917825699,0.30766528844833374,1.552554726600647,-0.11588306725025177
3.136420525657071,6.848442485780561,-2.418489472366013,-2.418489472366013,-0.6670062382336405,1.5590075254440308,0.1292760968208313,1.5478514432907104,0.09501007199287415,-0.06271693855524063,0.25113657116889954,1.5520471334457397,0.05043669044971466
3.1408010012515644,7.45908809781081,0.5323239547654597,0.5323239547654597,1.003731938586199,1.559573769569397,0.11019544303417206,1.5482676029205322,0.09723467379808426,-0.061616841703653336,0.19998770952224731,1.5522680282592773,-0.1426323801279068
3.1451814768460573,3.1044008560700664,-2.2269066123879107,-2.2269066123879107,0.0789474859163001,1.560056447982788,0.13002614676952362,1.5486935377120972,0.10424169152975082,-0.06074079871177673,0.18622110784053802,1.5516432523727417,0.12975673377513885
3.1495619524405507,7.219236814905874,-0.2540275098951408,-0.2540275098951408,0.20991727484834882,1.5606260299682617,0.13036754727363586,1.5491501092910767,0.08192227780818939,-0.05992506071925163,0.11888285726308823,1.5522116422653198,0.1487484723329544
3.153942428035044,5.471902822301288,0.01992256064050192,0.01992256064050192,0.36171199162246526,1.56119704246521,0.1318209320306778,1.5495089292526245,0.08699622750282288,-0.05940429866313934,0.10533419996500015,1.5528632402420044,0.20029708743095398
3.1583229036295366,9.83465642037077,2.0590819252189982,2.0590819252189982,-0.6337003203576144,1.561774492263794,0.1376880407333374,1.5498900413513184,0.08051661401987076,-0.05894288420677185,0.09535286575555801,1.5537406206130981,0.2958538234233856
3.16270337922403,4.005683552012109,-0.6642479953257492,-0.6642479953257492,0.2987315887612043,1.5623775720596313,0.11817032843828201,1.5502427816390991,0.10260292887687683,-0.058525193482637405,0.1739906370639801,1.5550365447998047,0.10947591066360474
3.167083854818523,4.976803708692897,0.541649069467963,0.541649069467963,-0.6928369413017345,1.5628951787948608,0.12327402830123901,1.5506922006607056,0.08635228872299194,-0.057763032615184784,0.14586858451366425,1.5555161237716675,0.18877209722995758
3.1714643304130163,6.187615669162545,0.477424989825057,0.477424989825057,0.3529406008156174,1.5634351968765259,0.10470859706401825,1.5510704517364502,0.0761888325214386,-0.0571240596473217,0.18191948533058167,1.5563430786132812,-0.009399428963661194
3.1758448060075093,7.534331925142077,-0.3592849873482098,-0.3592849873482098,0.34170829103655626,1.5638939142227173,0.11010817438364029,1.5514042377471924,0.07445374131202698,-0.05632716417312622,0.18555481731891632,1.5563019514083862,0.08284187316894531
3.1802252816020022,2.8496207272757133,-0.6695421378175963,-0.6695421378175963,-0.21904737748386122,1.5643762350082397,0.11467187106609344,1.5517303943634033,0.08166427165269852,-0.055514346808195114,0.16508358716964722,1.5566648244857788,0.1707521378993988
3.184605757196496,4.671237903618064,-0.4175778753623823,-0.4175778753623823,-0.13678468170946265,1.5648785829544067,0.10825376957654953,1.5520881414413452,0.05754667520523071,-0.054791200906038284,0.15192770957946777,1.5574127435684204,0.10690132528543472
3.1889862327909886,3.512718962623783,-1.3002174719142316,-1.3002174719142316,-0.30013701473065063,1.5653527975082397,0.10296431183815002,1.5523402690887451,0.04557296633720398,-0.05412568524479866,0.14372766017913818,1.5578809976577759,0.06422281265258789
3.193366708385481,7.06196720633185,-0.12709075275844747,-0.12709075275844747,-0.22564347251534017,1.5658038854599,0.09438024461269379,1.5525399446487427,0.025855280458927155,-0.053496088832616806,0.11452213674783707,1.5581623315811157,-0.02287096530199051
3.197747183979975,3.6929517801882406,-0.8082873632416343,-0.8082873632416343,0.6911554394192051,1.566217303276062,0.08601006865501404,1.552653193473816,0.02975470945239067,-0.05299442633986473,0.11740019172430038,1.558062195777893,-0.09255963563919067
3.202127659574468,5.021980536153023,0.3192529105691112,0.3192529105691112,0.4405433940729729,1.566594123840332,0.10061287134885788,1.552783489227295,0.011532055214047432,-0.05248015746474266,0.07361170649528503,1.5576567649841309,0.09670528769493103
3.206508135168961,8.246652265813566,2.4126013401441004,2.4126013401441004,0.5121630603152244,1.5670348405838013,0.10879457741975784,1.5528340339660645,0.00207329448312521,-0.052157703787088394,0.07006964087486267,1.5580804347991943,0.21493421494960785
3.210888610763454,7.472548699334474,-0.15312259806612677,-0.15312259806612677,0.6596350707541143,1.5675114393234253,0.11729510873556137,1.5528430938720703,0.014053748920559883,-0.05185076594352722,0.1255684643983841,1.5590219497680664,0.35014426708221436
3.215269086357947,4.361830936736762,-0.651616515083457,-0.651616515083457,-0.10462492470256261,1.5680252313613892,0.12958694994449615,1.5529046058654785,0.020891066640615463,-0.051300715655088425,0.10183336585760117,1.5605556964874268,0.527085542678833
3.219649561952441,5.473630029595907,-0.20449709004984723,-0.20449709004984723,-0.8562267791266106,1.56859290599823,0.1252942830324173,1.5529961585998535,0.006787234917283058,-0.0508546382188797,0.08585947751998901,1.5628645420074463,0.4937114119529724
3.224030037546933,7.1998902219563865,1.2801753137199676,1.2801753137199676,-1.2348022628896953,1.5691417455673218,0.10291270166635513,1.5530258417129517,-4.5550987124443054e-05,-0.050478532910346985,0.1048920527100563,1.5650272369384766,0.24942295253276825
3.2284105131414265,5.707713048717766,-0.20124714629694415,-0.20124714629694415,-0.12977103566744225,1.5695925951004028,0.07092005759477615,1.5530256032943726,0.00465893279761076,-0.05001905560493469,0.17833736538887024,1.5661197900772095,-0.10247953236103058
3.23279098873592,6.704918165325287,0.7107188312584601,0.7107188312584601,0.3525947975844083,1.5699032545089722,0.0654691606760025,1.5530459880828857,-0.00038381246849894524,-0.04923785477876663,0.17625004053115845,1.5656708478927612,-0.14473359286785126
3.237171464330413,7.342463104970779,-3.2678685549349233,-3.2678685549349233,0.5044361599964519,1.5701900720596313,0.07095378637313843,1.553044319152832,0.001257658121176064,-0.048465795814991,0.18670839071273804,1.5650368928909302,-0.05333225429058075
3.241551939924906,9.674626017301147,-0.3415512954889627,-0.3415512954889627,0.5519290456544491,1.5705008506774902,0.07979084551334381,1.5530498027801514,0.007171953562647104,-0.04764792323112488,0.07654513418674469,1.5648032426834106,0.0799972265958786
3.245932415519399,3.994942496075579,-1.942827242757568,-1.942827242757568,0.6991818210955355,1.5708503723144531,0.08886533975601196,1.5530812740325928,0.028603291139006615,-0.04731261730194092,0.05045267567038536,1.56515371799469,0.22447606921195984
3.250312891113892,10.448130835582404,-0.3233568676769324,-0.3233568676769324,0.019731817105537217,1.5712395906448364,0.1036667674779892,1.5532065629959106,0.012268492951989174,-0.047091610729694366,-0.026702363044023514,1.5661370754241943,0.41556262969970703
3.254693366708385,4.111818614442051,2.679940568943055,2.679940568943055,0.09771950545700944,1.5716936588287354,0.09998223930597305,1.553260326385498,0.03870932757854462,-0.04720858111977577,-0.03672163933515549,1.5679574012756348,0.4106777012348175
3.2590738423028784,5.463954677894602,-0.5519174927004092,-0.5519174927004092,-0.4354355578115851,1.572131633758545,0.10062170028686523,1.5534298419952393,0.023023197427392006,-0.04736943915486336,0.03868740051984787,1.5697563886642456,0.4336550533771515
3.2634543178973714,6.103297379416951,1.0054555070676332,1.0054555070676332,-1.079991196468259,1.5725723505020142,0.08819530159235,1.5535306930541992,0.01630452275276184,-0.04719996824860573,0.03528575971722603,1.5716559886932373,0.30629029870033264
3.267834793491865,5.495004193806149,-0.05968493438064748,-0.05968493438064748,-0.031102906313798348,1.5729587078094482,0.06038813665509224,1.5536020994186401,0.013905747793614864,-0.047045398503541946,0.09618741273880005,1.5729976892471313,-0.001768648624420166
3.2722152690863577,6.576505050887528,0.9517702735387934,0.9517702735387934,-0.1368639917119661,1.5732232332229614,0.057405970990657806,1.5536630153656006,0.007477245293557644,-0.04662405326962471,0.09535272419452667,1.5729899406433105,-0.01678253337740898
3.2765957446808507,6.893556010098905,-1.3453108633891357,-1.3453108633891357,-1.0537509832280096,1.573474645614624,0.051525529474020004,1.553695797920227,0.008247010409832,-0.046206362545490265,0.12714429199695587,1.5729163885116577,-0.06247269734740257
3.280976220275344,4.117066204181303,-0.7472975031458886,-0.7472975031458886,0.4186419842164143,1.5737003087997437,0.02405237779021263,1.553731918334961,0.011170056648552418,-0.04564940929412842,0.1186298206448555,1.5726426839828491,-0.3641466498374939
3.285356695869837,6.662888681792462,0.6659006920309004,0.6659006920309004,0.29719589101840965,1.5738056898117065,0.0322285071015358,1.5537807941436768,-0.004488811828196049,-0.04512975364923477,0.0845806896686554,1.5710475444793701,-0.2519775629043579
3.2897371714643304,8.459478243842764,-1.7734413990969942,-1.7734413990969942,-1.0775815412189427,1.5739468336105347,0.03659757599234581,1.5537611246109009,-0.003174846526235342,-0.044759251177310944,0.09534803777933121,1.5699437856674194,-0.17618027329444885
3.294117647058824,5.2044305365245425,-0.6490993861129936,-0.6490993861129936,0.18890847384325465,1.5741071701049805,0.008090311661362648,1.5537471771240234,0.010079629719257355,-0.04434158280491829,0.07502672076225281,1.5691720247268677,-0.48539766669273376
3.2984981226533163,8.684978038744696,0.17596729483583584,0.17596729483583584,0.09130862303969868,1.574142575263977,0.010544434189796448,1.5537912845611572,0.0016400879248976707,-0.04401293024420738,0.05055423453450203,1.56704580783844,-0.4379241466522217
3.3028785982478097,7.316937521065087,-0.0005370390269913983,-0.0005370390269913983,0.2865265385861938,1.5741887092590332,0.009452231228351593,1.5537984371185303,0.01636461727321148,-0.043791480362415314,0.053026534616947174,1.5651274919509888,-0.4206535220146179
3.3072590738423027,5.995672514210842,1.5978632342030252,1.5978632342030252,0.127357505171012,1.5742300748825073,0.013486274518072605,1.5538700819015503,0.022026004269719124,-0.04355919733643532,0.04464336857199669,1.5632848739624023,-0.3472834825515747
3.311639549436796,6.722863191487977,0.31934524636142864,0.31934524636142864,-1.0637210485418975,1.5742892026901245,0.014307764358818531,1.5539665222167969,0.018905239179730415,-0.04336363822221756,0.08758679777383804,1.5617636442184448,-0.31683066487312317
3.316020025031289,5.548302836170548,-0.5543494391291133,-0.5543494391291133,1.6006453914485128,1.5743519067764282,-0.013016744516789913,1.5540493726730347,0.020380282774567604,-0.04297996684908867,0.12797671556472778,1.5603758096694946,-0.6188884973526001
3.320400500625782,10.272999953178815,1.1791707807768437,1.1791707807768437,-0.025814979845072927,1.574294924736023,0.022555336356163025,1.5541386604309082,0.0145564004778862,-0.04241936653852463,0.06504403799772263,1.5576647520065308,-0.17673549056053162
3.324780976220276,7.158954993355958,0.8162750440077499,0.8162750440077499,0.054267577501765335,1.5743937492370605,0.018457790836691856,1.5542024374008179,0.039885200560092926,-0.04213444143533707,0.10023343563079834,1.556890606880188,-0.1909855157136917
3.3291614518147683,7.971333812187343,1.5931431445120552,1.5931431445120552,0.04954948146753783,1.574474573135376,0.0173242948949337,1.5543771982192993,0.04452817142009735,-0.04169537127017975,0.12248647212982178,1.5560539960861206,-0.1805872917175293
3.3335419274092613,3.7068996941010406,-1.2656426987692315,-1.2656426987692315,-0.23167122464433865,1.5745505094528198,0.015850545838475227,1.5545722246170044,0.05457568168640137,-0.04115882143378258,0.1675643026828766,1.5552629232406616,-0.1718040108680725
3.337922403003754,3.7636323277544026,-1.108759512478087,-1.108759512478087,0.33622644852999306,1.5746198892593384,0.009219041094183922,1.5548112392425537,0.036161988973617554,-0.040424808859825134,0.1373690664768219,1.5545103549957275,-0.23863835632801056
3.342302878598248,9.73771743902221,0.0016932558888683447,0.0016932558888683447,-0.1588384583961744,1.574660301208496,0.01590721309185028,1.5549696683883667,0.01832897961139679,-0.03982306644320488,0.09517089277505875,1.5534650087356567,-0.1470009833574295
3.3466833541927405,4.201187761850457,3.245974131920875,3.245974131920875,0.13595019650396348,1.5747300386428833,0.00917288102209568,1.555050015449524,0.0400516614317894,-0.039406172931194305,0.09985892474651337,1.5528210401535034,-0.1964305341243744
3.351063829787234,5.703392266681012,0.7086978936464563,0.7086978936464563,-0.15687028863165028,1.574770212173462,0.011079832911491394,1.5552254915237427,0.025065753608942032,-0.03896874189376831,0.19068148732185364,1.5519605875015259,-0.16062694787979126
3.355444305381727,7.723241615734967,-0.7664906116638435,-0.7664906116638435,-1.1825807588694164,1.574818730354309,0.0056986319832503796,1.555335283279419,0.01995040476322174,-0.03813346475362778,0.21595881879329681,1.5512570142745972,-0.20706585049629211
3.3598247809762203,4.303750597644889,0.01869500648233538,0.01869500648233538,0.5238771088612575,1.5748436450958252,-0.024255719035863876,1.5554226636886597,0.02779332548379898,-0.03718746080994606,0.22810997068881989,1.5503499507904053,-0.5402283072471619
3.364205256570713,6.640878668689432,-0.6842825614653565,-0.6842825614653565,1.2174113523952055,1.5747374296188354,-0.01318471971899271,1.555544376373291,0.01359293982386589,-0.03618822991847992,0.21335704624652863,1.5479835271835327,-0.3958186209201813
3.368585732165206,6.18170076174122,0.2876980979776812,0.2876980979776812,-0.36390227793729274,1.5746797323226929,0.013568048365414143,1.5556038618087769,0.015390785411000252,-0.035253625363111496,0.15782155096530914,1.5462496280670166,-0.05838999152183533
3.3729662077597,6.297498125341584,0.6287528653959973,0.6287528653959973,-0.07620019163613553,1.5747392177581787,0.003460788168013096,1.5556713342666626,0.013332133181393147,-0.03456229344010353,0.1768503487110138,1.5459938049316406,-0.16142591834068298
3.3773466833541925,6.490787971375805,-1.435499800092935,-1.435499800092935,-0.21629409387794737,1.5747543573379517,0.00010588765144348145,1.5557297468185425,0.01220181304961443,-0.03378760442137718,0.19743721187114716,1.5452866554260254,-0.18411706387996674
3.381727158948686,4.454254436603717,1.2659767488226394,1.2659767488226394,0.3275974790356166,1.5747548341751099,-0.006527093704789877,1.5557831525802612,0.012271054089069366,-0.032922737300395966,0.1618325412273407,1.5444800853729248,-0.24569623172283173
3.386107634543179,7.20941632720692,-1.1362419288637626,-1.1362419288637626,0.2174957947203212,1.5747262239456177,0.00011493312194943428,1.5558369159698486,-0.0008860630914568901,-0.032213833183050156,0.18923619389533997,1.5434038639068604,-0.1550258994102478
3.390488110137672,4.448847156308721,0.4814830037263921,0.4814830037263921,-0.6522455885921331,1.5747267007827759,0.003596588969230652,1.5558329820632935,0.004240414593368769,-0.03138488903641701,0.1497027575969696,1.5427247285842896,-0.09518557786941528
3.394868585732165,6.255193912712596,0.4881935136708523,0.4881935136708523,0.5682169391051102,1.5747424364089966,-0.012642830610275269,1.5558515787124634,-0.009562740102410316,-0.03072912059724331,0.18281123042106628,1.542307734489441,-0.27742859721183777
3.399249061326658,5.653343266743574,-0.26961835026055986,-0.26961835026055986,0.33381790762654207,1.5746870040893555,-0.0006367610767483711,1.555809736251831,-0.010562185198068619,-0.02992832101881504,0.18047429621219635,1.5410925149917603,-0.11929336190223694
3.403629536921151,9.104546388516434,-0.13123243258938516,-0.13123243258938516,0.08550364441231165,1.5746842622756958,0.00605516042560339,1.5557634830474854,-0.015688685700297356,-0.029137758538126945,0.16285204887390137,1.5405699014663696,-0.02622833102941513
3.4080100125156445,6.809681583291031,-0.5270823084923502,-0.5270823084923502,1.178959772156197,1.5747108459472656,0.006311948411166668,1.555694818496704,0.0019853375852108,-0.02842438966035843,0.15652266144752502,1.5404549837112427,-0.0021508540958166122
3.412390488110137,7.141574756054323,-1.5496427398499586,-1.5496427398499586,0.02603566216115419,1.5747385025024414,0.032668620347976685,1.5557035207748413,0.0051674069836735725,-0.027738746255636215,0.1067008227109909,1.5404455661773682,0.3269421458244324
3.4167709637046304,6.7164433056748996,-0.25292254373218953,-0.25292254373218953,-0.13460444608222313,1.5748815536499023,0.03199785202741623,1.555726170539856,0.009700257331132889,-0.027271345257759094,0.06068601831793785,1.5418777465820312,0.33464014530181885
3.421151439299124,3.695162735931739,1.5640656352051039,1.5640656352051039,0.1524756280662271,1.575021743774414,0.027648093178868294,1.555768609046936,0.011292463168501854,-0.02700551226735115,0.05723075568675995,1.5433436632156372,0.2973611056804657
3.4255319148936167,5.444706469774628,-1.0031791407534083,-1.0031791407534083,-1.205817104386862,1.5751428604125977,0.03056032583117485,1.5558180809020996,-0.007023677229881287,-0.026754815131425858,0.09845365583896637,1.5446462631225586,0.33992207050323486
3.42991239048811,6.9053499465628985,0.1965019765539351,0.1965019765539351,0.39497339761380684,1.5752767324447632,0.0013333763927221298,1.5557873249053955,-0.01454395055770874,-0.02632354199886322,0.1043713241815567,1.5461353063583374,0.003567904233932495
3.434292866082603,5.920099861170815,0.0018522952756494515,0.0018522952756494515,0.585434784649816,1.5752825736999512,0.009355251677334309,1.5557236671447754,-0.01133393868803978,-0.025866346433758736,0.09857533127069473,1.5461509227752686,0.11344859004020691
3.438673341677096,4.678072336108245,0.37548365276917295,0.37548365276917295,0.26745589787782265,1.5753235816955566,0.022038891911506653,1.5556740760803223,-0.014574913308024406,-0.02543453872203827,0.08153287321329117,1.5466479063034058,0.27654463052749634
3.443053817271589,7.2358688233805974,-0.7552193098856627,-0.7552193098856627,-0.24718281975495263,1.5754201412200928,0.02750242128968239,1.555610179901123,-0.026291389018297195,-0.02507738582789898,0.08468762785196304,1.5478593111038208,0.350991427898407
3.4474342928660824,8.989410063467997,-0.40777822276437903,-0.40777822276437903,0.575419905026148,1.5755406618118286,0.020473213866353035,1.555495023727417,-0.021286865696310997,-0.024706413969397545,0.069851353764534,1.5493968725204468,0.28169435262680054
3.451814768460576,6.439881520251588,0.8217961628336203,0.8217961628336203,-0.35930148256706496,1.5756303071975708,0.0324203260242939,1.5554018020629883,-0.004174649715423584,-0.024400431662797928,0.04113885015249252,1.550630807876587,0.44147008657455444
3.4561952440550687,7.725107075155051,0.00452243599737126,0.00452243599737126,0.722438883503129,1.5757722854614258,0.022902585566043854,1.555383563041687,-0.004530551377683878,-0.02422022446990013,0.07563064992427826,1.5525646209716797,0.3406292796134949
3.4605757196495617,9.112501823343338,-1.1237663233151158,-1.1237663233151158,0.04154693376535956,1.5758726596832275,0.03849627077579498,1.5553637742996216,0.004174246918410063,-0.023888926953077316,0.0546652153134346,1.5540567636489868,0.541018009185791
3.464956195244055,6.661683125019289,-0.8427040000439714,-0.8427040000439714,-0.5677545570792822,1.576041340827942,0.03789432719349861,1.5553820133209229,0.021755162626504898,-0.023649467155337334,0.020634375512599945,1.5564266443252563,0.551077663898468
3.469336670838548,8.677557556383983,0.7849339685555557,0.7849339685555557,-0.38233232199259337,1.5762072801589966,0.023419968783855438,1.555477261543274,0.022814087569713593,-0.023559078574180603,0.012604980729520321,1.5588406324386597,0.391294002532959
3.473717146433041,4.906536088568223,0.62401818346718,0.62401818346718,-0.06288378773025702,1.5763099193572998,0.01290112640708685,1.5555771589279175,0.037428464740514755,-0.0235038623213768,0.046692855656147,1.5605547428131104,0.28230971097946167
3.4780976220275344,10.09206411889669,2.052934547949972,2.052934547949972,-0.16767523509062654,1.5763664245605469,0.010531825944781303,1.5557410717010498,0.027065306901931763,-0.02329932525753975,0.06675256788730621,1.5617914199829102,0.26324766874313354
3.4824780976220278,6.406142006664025,-0.1023007678217874,-0.1023007678217874,-0.38802283588656156,1.576412558555603,0.0047529214061796665,1.5558596849441528,0.0511966235935688,-0.023006917908787727,0.13160140812397003,1.5629445314407349,0.21310555934906006
3.4868585732165203,5.3073330415835,1.260778295030617,1.260778295030617,-0.25311439879228137,1.5764334201812744,-0.005513350944966078,1.5560839176177979,0.050770584493875504,-0.02243044041097164,0.1399454027414322,1.563878059387207,0.10261877626180649
3.4912390488110137,7.1760257274305035,-0.473156376064497,-0.473156376064497,0.5617393807331276,1.5764092206954956,-0.012400209903717041,1.5563063621520996,0.043075475841760635,-0.021817412227392197,0.18415586650371552,1.564327597618103,0.030100993812084198
3.4956195244055066,5.892653871444574,-0.537416967984486,-0.537416967984486,0.5732190000863471,1.5763548612594604,-0.0004937397316098213,1.5564950704574585,0.0479477234184742,-0.02101072110235691,0.15393362939357758,1.5644594430923462,0.18417689204216003
