t,u1,u2,u3,tau,x_q,xdot_q,z_q,zdot_q,theta,theta_dot,beta,beta_dot
0.0,6.141235472658487,0.8747527994951944,0.8747527994951944,-1.832648158841265,-2.0,0.0,2.0,0.0,1.1472126593445231e-05,0.0,0.3490658503991208,0.0
0.0043804755944931,6.356067268134706,1.7984293632295776,1.7984293632295776,-1.2016759035959295,-2.0,-0.0077323573641479015,2.0,-0.0233344454318285,1.147212697105715e-05,0.07906468957662582,0.3490658402442932,-0.2092391401529312
0.0087609511889862,7.508372726341235,-2.4490404740157956,-2.4490404740157956,-1.160922215225784,-2.0000338554382324,-0.011270232498645782,1.999897837638855,-0.03377509117126465,0.0003578130854293704,0.16667728126049042,0.34814926981925964,-0.3055090010166168
0.0131414267834793,7.838376866902567,0.4025568940394783,0.4025568940394783,-0.6618773502973672,-2.0000832080841064,-0.013751041144132614,1.9997498989105225,-0.03377661481499672,0.0010879389010369778,0.12906014919281006,0.3468109965324402,-0.3744173049926758
0.0175219023779724,5.168062068038901,0.4933361475582482,0.4933361475582482,-0.47762580098030727,-2.000143527984619,-0.012773921713232994,1.99960196018219,-0.022215748205780983,0.0016532838344573975,0.16014499962329865,0.34517088532447815,-0.35105782747268677
0.0219023779724655,7.4507310787162275,-0.5072607452425385,-0.5072607452425385,-0.6825372729161013,-2.000199556350708,-0.012357293628156185,1.9995046854019165,-0.02995504066348076,0.0023547951132059097,0.18850016593933105,0.34363308548927307,-0.3427196443080902
0.0262828535669586,7.7290446001033715,-2.1212936988769338,-2.1212936988769338,-0.8409110063515484,-2.000253677368164,-0.011708595789968967,1.999373435974121,-0.02200477570295334,0.0031805154867470264,0.1936187893152237,0.3421318233013153,-0.32954686880111694
0.0306633291614518,5.45139936160549,-1.4804282516392335,-1.4804282516392335,0.010686454128278289,-2.000304937362671,-0.011830709874629974,1.9992769956588745,-0.014478879049420357,0.004028657916933298,0.15622755885124207,0.3406882584095001,-0.338765412569046
0.0350438047559449,7.570352181914572,0.6595931205557108,0.6595931205557108,0.26989613150083436,-2.000356674194336,-0.008092637173831463,1.9992135763168335,-0.011190958321094513,0.004713009111583233,0.1126822829246521,0.3392043113708496,-0.2406993806362152
0.039424280350438,9.365389938154749,-1.6026282918322214,-1.6026282918322214,-0.08726858637326984,-2.000392198562622,-0.0013423082418739796,1.9991645812988281,0.014609526842832565,0.005206611007452011,0.1240626722574234,0.33814993500709534,-0.06027485430240631
0.0438047559449311,5.903970651745926,0.5532278385954225,0.5532278385954225,-0.13006856638887798,-2.0003981590270996,0.00437556579709053,1.999228596687317,0.04931555315852165,0.005750064738094807,0.07980936765670776,0.33788591623306274,0.09013476967811584
0.0481852315394242,9.123509981557781,-0.9450857197639564,-0.9450857197639564,0.09339835041185618,-2.0003790855407715,0.007537340745329857,1.999444603919983,0.05399055406451225,0.006099667865782976,0.09976378828287125,0.33828073740005493,0.1719939112663269
0.0525657071339173,7.153178062223549,-0.8597995828479004,-0.8597995828479004,-1.1538741028647983,-2.0003461837768555,0.014284074306488037,1.9996811151504517,0.08983680605888367,0.006536680739372969,0.06943675875663757,0.33903414011001587,0.34943699836730957
0.0569461827284105,6.787586039314104,-0.3372647763555096,-0.3372647763555096,-0.8326189170795786,-2.000283718109131,0.012017499655485153,2.000074625015259,0.08700015395879745,0.0068408469669520855,0.07802467048168182,0.3405648469924927,0.27618658542633057
0.0613266583229036,5.058766728637076,-1.2196710312408081,-1.2196710312408081,-0.86421302358567,-2.0002310276031494,0.011488369666039944,2.000455617904663,0.08673982322216034,0.007182632107287645,0.09249058365821838,0.34177467226982117,0.2520187795162201
0.0657071339173967,6.040544049455993,0.2906403677017248,0.2906403677017248,-0.2890716268407386,-2.000180721282959,0.009578150697052479,2.000835657119751,0.071304552257061,0.00758778490126133,0.08211008459329605,0.34287863969802856,0.1918117105960846
0.0700876095118898,5.538849955623481,-1.0012913356231619,-1.0012913356231619,-0.9858347467382961,-2.000138759613037,0.011957298032939434,2.001147985458374,0.07430250942707062,0.0079474663361907,0.09903950989246368,0.34371885657310486,0.24845179915428162
0.0744680851063829,3.3024030884998883,-2.2291337138902696,-2.2291337138902696,-1.111420150942443,-2.0000863075256348,0.009626403450965881,2.0014734268188477,0.06078477203845978,0.008381306193768978,0.09858813136816025,0.3448072075843811,0.17563658952713013
0.078848560700876,5.8006243910179105,2.001589612421417,2.001589612421417,-0.6329696806120527,-2.000044107437134,0.00492844358086586,2.001739740371704,0.02615964785218239,0.008813168853521347,0.06594735383987427,0.34557658433914185,0.04158927500247955
0.0832290362953692,7.966465352160702,1.7941912775237328,1.7941912775237328,-1.9468869568313019,-2.0000224113464355,0.005007351748645306,2.001854419708252,0.02107340097427368,0.0091020492836833,0.14288485050201416,0.3457587659358978,0.03442610055208206
0.0876095118898623,6.818196048845947,-0.7260083539966609,-0.7260083539966609,-0.8246497596687222,-2.000000476837158,-0.001698638778179884,2.0019466876983643,0.01117598544806242,0.009727953001856804,0.2521362006664276,0.34590956568717957,-0.16188907623291016
0.0919899874843554,6.840082084501953,0.6506746702260995,0.6506746702260995,0.32542755450581373,-2.0000078678131104,-0.0020642715971916914,2.00199556350708,0.011315585114061832,0.010832429863512516,0.25501683354377747,0.34520041942596436,-0.18423998355865479
0.0963704630788485,4.567634944953365,-2.075800593064151,-2.075800593064151,-0.645135763702716,-2.000016927719116,0.004921105690300465,2.002045154571533,0.031882937997579575,0.011949525214731693,0.26451507210731506,0.34439337253570557,-0.007099136710166931
0.1007509386733416,7.111384212412573,-1.6110633946083035,-1.6110633946083035,0.42956192072344757,-1.9999953508377075,0.004156863316893578,2.0021848678588867,0.016172489151358604,0.013108227401971817,0.22273512184619904,0.3443622887134552,-0.038007933646440506
0.1051314142678347,6.35392915509281,-1.304699647152026,-1.304699647152026,-0.4130449478642754,-1.9999771118164062,0.012077109888195992,2.00225567817688,0.04088934138417244,0.014083913527429104,0.1631423979997635,0.34419578313827515,0.16208168864250183
0.1095118898623279,5.421674083893043,-0.28109232193033257,-0.28109232193033257,-1.1788074462006402,-1.9999241828918457,0.014176581054925919,2.002434730529785,0.04437053203582764,0.014798554591834545,0.13710325956344604,0.3449057638645172,0.20300212502479553
0.113892365456821,5.769347492289499,-0.30093090418689283,-0.30093090418689283,-1.3778275326575589,-1.9998620748519897,0.010780014097690582,2.002629041671753,0.026489049196243286,0.015399131923913956,0.163319393992424,0.34579500555992126,0.09491050243377686
0.1182728410513141,7.410948124184626,0.5224322610185841,0.5224322610185841,-0.4014815521762964,-1.9998148679733276,0.006380109582096338,2.0027451515197754,0.008053088560700417,0.016114547848701477,0.19476819038391113,0.3462107479572296,-0.041482701897621155
0.1226533166458072,4.879697447871662,1.2149063591500848,1.2149063591500848,-0.03721189466391883,-1.9997869729995728,0.009435322135686874,2.0027804374694824,0.02067388966679573,0.01696772500872612,0.22174939513206482,0.34602904319763184,0.020138218998908997
0.1270337922403003,7.199115433591164,-1.2184674522681556,-1.2184674522681556,-0.6972472570653255,-1.9997456073760986,0.012915357947349548,2.002871036529541,0.018305232748389244,0.017939092591404915,0.25831520557403564,0.3461172580718994,0.1000511646270752
0.1314142678347934,6.227017823328384,-0.8916434618737021,-0.8916434618737021,-0.5223413364101704,-1.999688982963562,0.01402779296040535,2.002951145172119,0.023938238620758057,0.019070636481046677,0.24309392273426056,0.34655553102493286,0.10682384669780731
0.1357947434292866,4.754574297282665,-0.8643536019508787,-0.8643536019508787,-0.7837416082962751,-1.9996275901794434,0.015552282333374023,2.003056049346924,0.02442961186170578,0.020135503262281418,0.23230913281440735,0.34702345728874207,0.12668350338935852
0.1401752190237797,7.275880304119738,0.44449498846680535,0.44449498846680535,-0.13861424729340777,-1.9995595216751099,0.014306649565696716,2.0031630992889404,0.007874460890889168,0.021153127774596214,0.22995500266551971,0.34757837653160095,0.07525219768285751
0.1445556946182728,5.209136760529183,1.1605684512630332,1.1605684512630332,-1.1346128169025582,-1.9994968175888062,0.019194023683667183,2.00319766998291,0.02398310974240303,0.022160440683364868,0.24698364734649658,0.34790802001953125,0.1801358461380005
0.1489361702127659,5.704222269915416,-1.020096689455698,-1.020096689455698,-1.7812415367131558,-1.9994127750396729,0.016143158078193665,2.003302812576294,0.005104295909404755,0.023242346942424774,0.3140102028846741,0.34869709610939026,0.0760694220662117
0.153316645807259,5.0917636780450035,-0.9860958724883174,-0.9860958724883174,-0.9639346959491506,-1.9993420839309692,0.009378964081406593,2.0033252239227295,-0.020945316180586815,0.024617861956357956,0.3362380564212799,0.3490303158760071,-0.13111966848373413
0.1576971214017521,1.8435983358998795,1.4297056617326103,1.4297056617326103,0.4963467457676022,-1.9993009567260742,0.007391557563096285,2.0032334327697754,-0.03780835121870041,0.026090744882822037,0.3355908691883087,0.34845593571662903,-0.2076878547668457
0.1620775969962453,7.977130550825696,-0.6388930087037011,-0.6388930087037011,-0.7746629859875078,-1.9992685317993164,0.01210649311542511,2.0030677318573,-0.056474048644304276,0.027560792863368988,0.3628479242324829,0.34754616022109985,-0.08909273147583008
0.1664580725907384,9.048804226042867,0.4948465640673257,0.4948465640673257,-0.4113201157670201,-1.9992154836654663,0.013850847259163857,2.0028202533721924,-0.045596469193696976,0.029150240123271942,0.3668128252029419,0.347155898809433,-0.08155607432126999
0.1708385481852315,5.1215811280283,0.5491685845476476,0.5491685845476476,-1.0939266352464219,-1.999154806137085,0.01890145242214203,2.0026204586029053,-0.019256988540291786,0.030757054686546326,0.39327576756477356,0.3467986583709717,0.00798739492893219
0.1752190237797246,3.338687654474991,-1.2756675212254862,-1.2756675212254862,-0.721411065182473,-1.9990719556808472,0.016340386122465134,2.0025360584259033,-0.03813762962818146,0.03247978910803795,0.44125935435295105,0.34683364629745483,-0.09029597043991089
0.1795994993742177,8.813114999253942,0.8081825308173792,0.8081825308173792,-0.9741952619413724,-1.9990004301071167,0.014660987071692944,2.002368927001953,-0.06554996967315674,0.03441271558403969,0.4250732958316803,0.34643810987472534,-0.15576845407485962
0.1839799749687108,5.136914285302095,-1.0907099442312198,-1.0907099442312198,-0.3714221506126071,-1.9989361763000488,0.01625942811369896,2.002081871032715,-0.051083795726299286,0.0362747386097908,0.4771243929862976,0.34575575590133667,-0.16751548647880554
0.188360450563204,9.283990926912981,-1.0111011965410528,-1.0111011965410528,-0.7688354300389657,-1.998865008354187,0.018508892506361008,2.0018579959869385,-0.057118553668260574,0.038364771753549576,0.4561189115047455,0.34502196311950684,-0.14029787480831146
0.1927409261576971,7.271614007989291,-0.42609132958671725,-0.42609132958671725,-1.8799658624183193,-1.9987839460372925,0.022074373438954353,2.001607894897461,-0.03503340482711792,0.04036279022693634,0.44904398918151855,0.3444073796272278,-0.10784216225147247
0.1971214017521902,7.823850178780281,-0.25119765691738305,-0.25119765691738305,-1.4487899604847327,-1.9986872673034668,0.016896717250347137,2.0014543533325195,-0.049532655626535416,0.0423298180103302,0.49150174856185913,0.3439349830150604,-0.30344387888908386
0.2015018773466833,8.136505756154804,-1.91769434430122,-1.91769434430122,0.7783371149186066,-1.9986132383346558,0.015096639283001423,2.001237392425537,-0.05177519842982292,0.04448283091187477,0.5264752507209778,0.34260573983192444,-0.4144681394100189
0.2058823529411764,8.279955799049528,-0.2462109434645101,-0.2462109434645101,-0.49632439719750754,-1.998547077178955,0.027750875800848007,2.0010106563568115,-0.012151036411523819,0.04678904265165329,0.4477425813674927,0.34079018235206604,-0.1343330442905426
0.2102628285356695,4.421064696214483,-2.3478399561915695,-2.3478399561915695,-0.27302022832610495,-1.9984254837036133,0.03258692845702171,2.000957489013672,0.006279394030570984,0.048750367015600204,0.455046683549881,0.340201735496521,-0.07203687727451324
0.2146433041301627,6.6865165496007375,0.34423683561386975,0.34423683561386975,0.3267044223154181,-1.998282790184021,0.035175032913684845,2.0009849071502686,-0.004043451510369778,0.05074368789792061,0.3944553732872009,0.3398861885070801,-0.0400991290807724
0.2190237797246558,6.157366929095824,-0.7487087389176651,-0.7487087389176651,-0.7682166215256795,-1.9981286525726318,0.04378749057650566,2.000967264175415,0.015409157611429691,0.0524715892970562,0.39496737718582153,0.339710533618927,0.1362844556570053
0.2234042553191489,7.159351475775426,-0.4187155967202031,-0.4187155967202031,-0.27651201410960324,-1.9979368448257446,0.04513474553823471,2.001034736633301,0.011073976755142212,0.05420173332095146,0.3955370783805847,0.3403075337409973,0.11376228928565979
0.227784730913642,4.872587783689712,-1.3659580202983057,-1.3659580202983057,-1.114156720954191,-1.9977390766143799,0.050628911703825,2.0010831356048584,0.023899124935269356,0.055934373289346695,0.3913842737674713,0.34080585837364197,0.19434510171413422
0.2321652065081351,7.646056273299804,0.22178444844924294,0.22178444844924294,-1.3250335488470295,-1.9975173473358154,0.048653602600097656,2.001187801361084,0.002577219158411026,0.05764882266521454,0.38403087854385376,0.34165719151496887,0.08897580951452255
0.2365456821026282,4.108242434021813,0.7676635885365151,0.7676635885365151,-1.6390367102521992,-1.9973042011260986,0.04825718328356743,2.0011990070343018,0.0010485806269571185,0.05933105945587158,0.4292028546333313,0.34204694628715515,-0.003079935908317566
0.2409261576971214,6.443964374371965,0.3987370736402551,0.3987370736402551,-1.0896752769280718,-1.997092843055725,0.04227238893508911,2.0012035369873047,-0.03598653897643089,0.06121117249131203,0.49948614835739136,0.3420334458351135,-0.21295402944087982
0.2453066332916145,7.338569473210384,-0.5140345300948188,-0.5140345300948188,-0.4282438063031304,-1.9969077110290527,0.04227859154343605,2.0010459423065186,-0.043557778000831604,0.06339915841817856,0.5429525375366211,0.3411006033420563,-0.28575053811073303
0.2496871088861076,8.774613775985877,-2.46145867867334,-2.46145867867334,-0.12734915633008148,-1.9967224597930908,0.04750176891684532,2.0008552074432373,-0.03189468011260033,0.06577754765748978,0.5404471755027771,0.3398488759994507,-0.22789007425308228
0.2540675844806007,4.3741955424885335,-0.5315769228098968,-0.5315769228098968,-0.5040480421928579,-1.9965143203735352,0.056260302662849426,2.000715494155884,-0.00274009071290493,0.06814496219158173,0.4722837805747986,0.33885061740875244,-0.09197072684764862
0.2584480600750938,9.298606204557863,-1.1252782902284353,-1.1252782902284353,-0.9423346124280856,-1.9962679147720337,0.05794479325413704,2.0007035732269287,-0.017518598586320877,0.07021378725767136,0.4714798629283905,0.3384477496147156,-0.10038276016712189
0.2628285356695869,6.310579443663763,-2.9757011783407723,-2.9757011783407723,-1.9502498554557222,-1.99601411819458,0.06245667487382889,2.000626802444458,0.0017253626137971878,0.07227909564971924,0.4661373198032379,0.33800801634788513,-0.09579780697822571
0.2672090112640801,4.946379848145075,-1.3133131951697514,-1.3133131951697514,-0.5235225335254267,-1.995740532875061,0.05748118832707405,2.0006344318389893,-0.022145183756947517,0.07432100176811218,0.4361909031867981,0.337588369846344,-0.31943875551223755
0.2715894868585732,5.845091528640121,-0.23959020075652915,-0.23959020075652915,-0.0114699579176476,-1.9954887628555298,0.05992565304040909,2.000537395477295,-0.03242682293057442,0.07623172551393509,0.41312649846076965,0.33618906140327454,-0.32072949409484863
0.2759699624530663,6.22081214405171,1.4526528221612898,1.4526528221612898,-0.9728331168555095,-1.995226263999939,0.06662961840629578,2.0003952980041504,-0.026043836027383804,0.07804141938686371,0.40646466612815857,0.3347841203212738,-0.21708577871322632
0.2803504380475594,4.586252032374845,2.770058591624916,2.770058591624916,0.02647946889827324,-1.9949344396591187,0.06789682805538177,2.0002810955047607,-0.033435091376304626,0.07982192933559418,0.47729653120040894,0.3338331878185272,-0.272927463054657
0.2847309136420525,8.042270603153423,-2.028471435673131,-2.028471435673131,-0.10366866890679138,-1.9946370124816895,0.07346593588590622,2.0001347064971924,-0.03704226762056351,0.08191271871328354,0.5574177503585815,0.33263763785362244,-0.18533563613891602
0.2891113892365456,4.731602444389913,0.7449886401652899,0.7449886401652899,-0.3600712946071691,-1.9943151473999023,0.08236929774284363,1.9999724626541138,-0.013613313436508179,0.0843544751405716,0.5012074112892151,0.33182579278945923,-0.05759088695049286
0.2934918648310388,6.13242248974615,-2.208457844404509,-2.208457844404509,-0.12435245896815861,-1.9939543008804321,0.08585095405578613,1.9999128580093384,-0.022801009938120842,0.08655000478029251,0.5334786772727966,0.3315735161304474,-0.03412006050348282
0.2978723404255319,9.10002396309167,-0.8349375964841506,-0.8349375964841506,-1.349686454027037,-1.9935781955718994,0.09253671020269394,1.9998129606246948,-0.01593383401632309,0.08888689428567886,0.47261619567871094,0.3314240574836731,0.05560880899429321
0.302252816020025,5.890287303882046,-2.6771738767643978,-2.6771738767643978,-1.2850397281002053,-1.9931728839874268,0.09551142901182175,1.999743103981018,-0.005552052520215511,0.09095717966556549,0.48764848709106445,0.3316676616668701,-0.012777402997016907
0.3066332916145181,2.8845282186826218,0.30297424127987704,0.30297424127987704,-0.6278955632576808,-1.9927544593811035,0.09501246362924576,1.9997187852859497,-0.02126491442322731,0.09309331327676773,0.44699376821517944,0.331611692905426,-0.12819209694862366
0.3110137672090112,5.785188924729399,-1.9430446169666569,-1.9430446169666569,-0.49540280745641596,-1.9923382997512817,0.0948261171579361,1.9996256828308105,-0.05086687207221985,0.0950513556599617,0.47417810559272766,0.33105015754699707,-0.18444132804870605
0.3153942428035043,6.616830846428479,-2.715864416045381,-2.715864416045381,-0.5353859028467405,-1.9919229745864868,0.09917968511581421,1.9994028806686401,-0.05351744592189789,0.0971284806728363,0.43190237879753113,0.33024221658706665,-0.16499200463294983
0.3197747183979975,6.808799643533284,-2.0431723750929827,-2.0431723750929827,-0.16678776798589356,-1.9914885759353638,0.10443540662527084,1.9991683959960938,-0.049816977232694626,0.09902042150497437,0.36822548508644104,0.32951948046684265,-0.13725873827934265
0.3241551939924906,5.312253136865695,-0.637515035410124,-0.637515035410124,-1.2292422092770128,-1.9910310506820679,0.11224978417158127,1.9989501237869263,-0.03796422854065895,0.10063342750072479,0.3134291172027588,0.3289182186126709,-0.042167820036411285
0.3285356695869837,11.225499163030044,0.9587143497113209,0.9587143497113209,0.4040989759303273,-1.990539312362671,0.11175572127103806,1.998783826828003,-0.057610101997852325,0.10200639814138412,0.33070942759513855,0.32873350381851196,-0.15813693404197693
0.3329161451814768,6.380784725212129,2.285352894997734,2.285352894997734,-0.4708915463065015,-1.9900497198104858,0.12895169854164124,1.998531460762024,0.0018261298537254333,0.1034550592303276,0.3469059467315674,0.3280407786369324,0.11633577942848206
0.3372966207759699,5.022841012260457,-1.051628974605619,-1.051628974605619,-0.4278142170930305,-1.9894849061965942,0.13455714285373688,1.9985394477844238,0.004665937274694443,0.1049746721982956,0.4273970127105713,0.32855039834976196,0.15116649866104126
0.341677096370463,8.438105101052304,-2.2913966496302733,-2.2913966496302733,-0.7779724897540174,-1.9888955354690552,0.13868306577205658,1.998559832572937,-0.003260684199631214,0.1068468764424324,0.4091796576976776,0.32921257615089417,0.16871778666973114
0.3460575719649562,9.501067448386511,-0.1643642946255851,-0.1643642946255851,-1.4248666981351445,-1.9882880449295044,0.14535969495773315,1.998545527458191,0.011587264947593212,0.10863927751779556,0.36498287320137024,0.3299516439437866,0.18798857927322388
0.3504380475594493,3.370416252398143,0.020226345262250534,0.020226345262250534,-1.1705670676944049,-1.9876513481140137,0.1496691107749939,1.9985963106155396,0.023999474942684174,0.11023807525634766,0.40179353952407837,0.33077511191368103,0.11473850905895233
0.3548185231539424,7.54994888077099,-0.5432684021150368,-0.5432684021150368,-0.33529179280865246,-1.9869956970214844,0.14719262719154358,1.9987014532089233,-0.011091034859418869,0.11199811846017838,0.4365684986114502,0.3312777280807495,-0.026337355375289917
0.3591989987484355,5.982621833008049,-0.3438725742347898,-0.3438725742347898,-0.0005763783697936287,-1.9863508939743042,0.15561413764953613,1.9986528158187866,0.004034914076328278,0.1139104962348938,0.43049493432044983,0.33116236329078674,0.05343863368034363
0.3635794743429286,2.143826623957384,-2.2868682200465362,-2.2868682200465362,-1.4073698098981842,-1.9856692552566528,0.16397696733474731,1.9986704587936401,0.011784408241510391,0.11579626798629761,0.42046958208084106,0.3313964605331421,0.16258201003074646
0.3679599499374217,4.870449333852019,-0.5201113932014902,-0.5201113932014902,0.17890057025805062,-1.9849509000778198,0.15845182538032532,1.9987220764160156,-0.037899795919656754,0.11763812601566315,0.39478543400764465,0.33210864663124084,-0.041812703013420105
0.3723404255319149,3.1875640067885644,1.155461934272953,1.155461934272953,-0.7738720959519455,-1.9842568635940552,0.16648387908935547,1.9985560178756714,-0.03641996160149574,0.11936747282743454,0.37437206506729126,0.33192548155784607,0.07813633978366852
0.376720901126408,6.181552905095808,0.023546806055605884,0.023546806055605884,-0.7039583762008321,-1.9835275411605835,0.16634957492351532,1.9983965158462524,-0.06605303287506104,0.12100739777088165,0.4307147264480591,0.33226776123046875,0.002477094531059265
0.3811013767209011,6.844787391246344,-3.4724909372582804,-3.4724909372582804,-0.8666855867630447,-1.9827988147735596,0.1710069179534912,1.9981071949005127,-0.06907331943511963,0.12289413064718246,0.45196017622947693,0.33227860927581787,-0.00632504653185606
0.3854818523153942,3.766469765753807,-1.0148735163906046,-1.0148735163906046,-1.8389047349085983,-1.9820497035980225,0.17571917176246643,1.9978046417236328,-0.06935375183820724,0.12487392872571945,0.37586238980293274,0.3322508931159973,-0.031111638993024826
0.3898623279098873,6.372399273424193,-0.0026810048751835236,-0.0026810048751835236,-0.031266078520497675,-1.981279969215393,0.17005573213100433,1.9975008964538574,-0.11291339248418808,0.12652038037776947,0.39992672204971313,0.3321146070957184,-0.2804246246814728
0.3942428035043804,5.049121000143783,-0.16112666349749383,-0.16112666349749383,-0.547317284499037,-1.9805350303649902,0.17936302721500397,1.9970062971115112,-0.10245108604431152,0.12827225029468536,0.4007614850997925,0.33088621497154236,-0.16918343305587769
0.3986232790988736,5.569413588595765,-2.066190363510912,-2.066190363510912,-1.0812355527681483,-1.979749321937561,0.18359732627868652,1.9965574741363525,-0.11231888830661774,0.13002777099609375,0.41203948855400085,0.33014512062072754,-0.17141525447368622
0.4030037546933667,5.101081798935863,-0.48147297511147585,-0.48147297511147585,-1.0152508913614438,-1.9789451360702515,0.18543879687786102,1.9960654973983765,-0.1272253692150116,0.13183270394802094,0.38327568769454956,0.32939425110816956,-0.2564631700515747
0.4073842302878598,5.31448671597397,-0.8199290598353446,-0.8199290598353446,-0.12817887228835223,-1.9781328439712524,0.1870604157447815,1.9955081939697266,-0.1449442058801651,0.13351163268089294,0.39886370301246643,0.328270822763443,-0.3386266827583313
0.4117647058823529,6.029171784787063,-1.9075396044230717,-1.9075396044230717,-0.44883677381914805,-1.9773133993148804,0.19444529712200165,1.994873285293579,-0.14516524970531464,0.13525883853435516,0.3786624073982239,0.32678747177124023,-0.2633088231086731
0.416145181476846,3.6579474497014868,-1.0661536709125456,-1.0661536709125456,-0.5349722165661154,-1.97646164894104,0.20103371143341064,1.9942374229431152,-0.14499925076961517,0.13691756129264832,0.3360636532306671,0.32563406229019165,-0.23030146956443787
0.4205256570713391,8.926787095086727,0.20182973529751425,0.20182973529751425,0.31446836021630487,-1.9755810499191284,0.20350351929664612,1.9936022758483887,-0.16645537316799164,0.1383896768093109,0.32055148482322693,0.3246252238750458,-0.25569432973861694
0.4249061326658322,7.842559484382947,-0.3014741347475575,-0.3014741347475575,-0.672355165807258,-1.9746896028518677,0.21926000714302063,1.9928730726242065,-0.12820500135421753,0.13979384303092957,0.31726208329200745,0.323505163192749,-0.03723211586475372
0.4292866082603254,5.768388488580018,-0.541854369432272,-0.541854369432272,-1.480787350463861,-1.973729133605957,0.22749143838882446,1.9923114776611328,-0.11662594974040985,0.14118359982967377,0.3280929923057556,0.32334205508232117,-0.009402763098478317
0.4336670838548185,5.197062371598056,1.0268431618273168,1.0268431618273168,-0.23356093918687454,-1.972732663154602,0.22773908078670502,1.9918005466461182,-0.13696545362472534,0.14262080192565918,0.355512797832489,0.32330086827278137,-0.15958146750926971
0.4380475594493116,8.908432296211718,-1.4615845054156735,-1.4615845054156735,-1.2568646783095345,-1.9717350006103516,0.23456254601478577,1.991200566291809,-0.14004109799861908,0.1441781222820282,0.3923206031322479,0.3226018249988556,-0.10439963638782501
0.4424280350438047,6.513586477454875,-2.756959110848171,-2.756959110848171,-0.6362189266552509,-1.9707075357437134,0.2412533015012741,1.9905871152877808,-0.12981463968753815,0.14589667320251465,0.3863421380519867,0.3221445083618164,-0.1579691618680954
0.4468085106382978,6.301220319400829,0.7935781427646329,0.7935781427646329,-1.3460147028116671,-1.9696507453918457,0.2479042410850525,1.9900184869766235,-0.12888315320014954,0.1475890427827835,0.3244098126888275,0.3214525282382965,-0.1481565535068512
0.4511889862327909,4.934666781730972,-2.206325828020597,-2.206325828020597,-1.546403592188185,-1.968564748764038,0.2500925064086914,1.989453911781311,-0.14234896004199982,0.14901010692119598,0.386892706155777,0.32080352306365967,-0.2650398910045624
0.4555694618272841,8.611132276377402,-0.5444958837090595,-0.5444958837090595,-0.10399818517038806,-1.9674692153930664,0.2489805519580841,1.988830327987671,-0.1709635704755783,0.15070487558841705,0.36762088537216187,0.3196425139904022,-0.4417378902435303
0.4599499374217772,8.754686188204378,-0.8311073952217032,-0.8311073952217032,-0.7621065915713453,-1.9663785696029663,0.26245343685150146,1.988081455230713,-0.14285147190093994,0.15231522917747498,0.3547569513320923,0.31770747900009155,-0.3010028302669525
0.4643304130162703,2.973245652843054,-0.9053302484167254,-0.9053302484167254,-0.8170076059787825,-1.9652289152145386,0.27233588695526123,1.9874557256698608,-0.1251928210258484,0.15386922657489777,0.35274189710617065,0.31638893485069275,-0.2714153230190277
0.4687108886107634,4.997841401088628,1.0777123194326856,1.0777123194326856,-1.1547192916151356,-1.964035987854004,0.27249377965927124,1.9869073629379272,-0.1575014889240265,0.1554144024848938,0.3501625955104828,0.31520000100135803,-0.35793831944465637
0.4730913642052565,8.586992667817078,-1.0174093403134752,-1.0174093403134752,0.27209342935222636,-1.962842345237732,0.27409839630126953,1.9862173795700073,-0.17867214977741241,0.1569482833147049,0.41535669565200806,0.313632071018219,-0.46550339460372925
0.4774718397997496,6.630759091296828,-0.8050227123362044,-0.8050227123362044,-1.1126938316254904,-1.9616416692733765,0.2899883985519409,1.985434651374817,-0.1440710425376892,0.15876774489879608,0.3776991367340088,0.3115929365158081,-0.25980904698371887
0.4818523153942428,3.9810673332993405,2.3771055716998983,2.3771055716998983,-0.0029572015642579386,-1.9603713750839233,0.29467856884002686,1.984803557395935,-0.15066665410995483,0.16042225062847137,0.3866841197013855,0.3104548454284668,-0.32982099056243896
0.4862327909887359,6.873322306947392,0.5631217732169832,0.5631217732169832,-0.7021755586847344,-1.9590805768966675,0.3013739585876465,1.984143614768982,-0.15997132658958435,0.16211611032485962,0.45618951320648193,0.3090100586414337,-0.2567245364189148
0.490613266583229,5.933602973732959,-1.4899069033061676,-1.4899069033061676,-0.4480026821830183,-1.9577604532241821,0.3089742064476013,1.9834429025650024,-0.15721645951271057,0.16411443054676056,0.49314022064208984,0.3078854978084564,-0.25109657645225525
0.4949937421777221,5.630545761835462,-0.7877714803204826,-0.7877714803204826,-0.6486899083017396,-1.9564069509506226,0.31651341915130615,1.9827542304992676,-0.15790307521820068,0.16627462208271027,0.4627133011817932,0.30678558349609375,-0.2188151776790619
0.4993742177722152,5.753277765442188,0.8254486330716297,0.8254486330716297,0.2653773651635294,-1.9550204277038574,0.32247763872146606,1.982062578201294,-0.16474035382270813,0.168301522731781,0.45865169167518616,0.3058270812034607,-0.226824089884758
0.5037546933667083,5.748370121821246,-1.3772468896411927,-1.3772468896411927,0.36710727726731207,-1.9536077976226807,0.3338777422904968,1.9813408851623535,-0.15424717962741852,0.1703106313943863,0.4750075340270996,0.30483347177505493,-0.07433021068572998
0.5081351689612015,4.123172116617047,-0.5517168965007008,-0.5517168965007008,-1.1858398546217266,-1.9521452188491821,0.34588122367858887,1.9806652069091797,-0.1419779509305954,0.1723913848400116,0.4240668714046478,0.30450788140296936,0.09572161734104156
0.5125156445556946,7.343654028800714,-0.3754747801813652,-0.3754747801813652,-0.33740349472672765,-1.9506300687789917,0.3464215397834778,1.9800432920455933,-0.17118550837039948,0.17424899339675903,0.4425852596759796,0.30492720007896423,-0.033066511154174805
0.5168961201501877,5.635937497735601,0.45370757759609603,0.45370757759609603,-1.0831394883230732,-1.9491125345230103,0.3574204444885254,1.9792934656143188,-0.1579948365688324,0.17618772387504578,0.44147345423698425,0.30478236079216003,0.04469623416662216
0.5212765957446808,4.817019392025735,-0.4679952386811198,-0.4679952386811198,-1.242673204167661,-1.9475468397140503,0.36130884289741516,1.978601336479187,-0.17257602512836456,0.17812158167362213,0.486354261636734,0.3049781620502472,-0.03822898119688034
0.5256570713391739,5.7174593738233215,-0.3650985876078727,-0.3650985876078727,-1.9781921254353465,-1.9459640979766846,0.3629129230976105,1.9778454303741455,-0.19694370031356812,0.1802520453929901,0.5089772939682007,0.30481070280075073,-0.16392970085144043
0.5300375469336671,4.864345977013208,-1.671939109143115,-1.671939109143115,-1.6264003518035344,-1.9443743228912354,0.3620874285697937,1.9769827127456665,-0.22682565450668335,0.18248160183429718,0.5560847520828247,0.3040926158428192,-0.4001838266849518
0.5344180225281602,5.315373266691298,-1.4057950814228186,-1.4057950814228186,-1.0213295050586884,-1.9427882432937622,0.36185112595558167,1.9759891033172607,-0.2576844096183777,0.18491752445697784,0.5547548532485962,0.3023396134376526,-0.591354250907898
0.5387984981226532,6.409401861991711,-1.5152158504940738,-1.5152158504940738,0.08836877166195789,-1.9412031173706055,0.36600461602211,1.9748603105545044,-0.2739734649658203,0.1873476207256317,0.5435272455215454,0.2997491955757141,-0.6693915128707886
0.5431789737171464,5.697948519352583,-2.3353567389826075,-2.3353567389826075,-0.3230939215238933,-1.939599871635437,0.3784424364566803,1.9736602306365967,-0.26121217012405396,0.1897285282611847,0.49669748544692993,0.29681694507598877,-0.5350015163421631
0.5475594493116396,8.742503660646227,-3.5035634423060964,-3.5035634423060964,-0.962520288451433,-1.9379421472549438,0.387306809425354,1.9725159406661987,-0.26180312037467957,0.19190430641174316,0.4379330277442932,0.2944733798503876,-0.48497602343559265
0.5519399249061326,5.27989984309528,1.874680619776397,1.874680619776397,-0.7375238030189991,-1.9362455606460571,0.39839011430740356,1.9713691473007202,-0.24808348715305328,0.19382266700267792,0.36372649669647217,0.2923489511013031,-0.4889245629310608
0.5563204005006257,7.601063689829911,-2.699508814481012,-2.699508814481012,-1.6617261243652375,-1.9345004558563232,0.4043537378311157,1.9702824354171753,-0.2596370577812195,0.19541595876216888,0.4400111436843872,0.29020723700523376,-0.5183049440383911
0.5607008760951189,8.097307556754403,-0.6411916931492005,-0.6411916931492005,0.34511924278499995,-1.9327292442321777,0.4097846448421478,1.9691450595855713,-0.2681308090686798,0.19734342396259308,0.4097045958042145,0.287936806678772,-0.6643794775009155
0.565081351689612,7.446167527039263,0.16263944707745226,0.16263944707745226,-1.9634388631736304,-1.930934190750122,0.4270138144493103,1.9679704904556274,-0.23649169504642487,0.1991381198167801,0.38090118765830994,0.28502652049064636,-0.4538583755493164
0.5694618272841051,5.211506856132984,-0.10934464894785423,-0.10934464894785423,-1.2354665354846452,-1.9290636777877808,0.43080493807792664,1.9669345617294312,-0.25174909830093384,0.2008066475391388,0.44298940896987915,0.2830384075641632,-0.6549180746078491
0.5738423028785982,6.55191910121639,-2.6161549529521473,-2.6161549529521473,-1.3108937390921171,-1.927176594734192,0.434398889541626,1.9658317565917969,-0.2728874683380127,0.2027471512556076,0.47587573528289795,0.2801695466041565,-0.7716003656387329
0.5782227784730913,7.9867073304839415,-1.3772940368374913,-1.3772940368374913,-1.0428859911649435,-1.9252737760543823,0.4403240382671356,1.9646363258361816,-0.2840864956378937,0.20483171939849854,0.4377579689025879,0.2767895758152008,-0.8763083815574646
0.5826032540675845,5.765043928104985,-1.2219557427952699,-1.2219557427952699,-0.4501563401038295,-1.9233449697494507,0.4505578577518463,1.963391900062561,-0.27837613224983215,0.2067493051290512,0.42799219489097595,0.2729509174823761,-0.9078251719474792
0.5869837296620776,6.5094587308652665,-1.1647613173662719,-1.1647613173662719,-0.9296101838496877,-1.921371340751648,0.4596761167049408,1.962172508239746,-0.28080490231513977,0.20862410962581635,0.4054532051086426,0.2689742147922516,-0.8781598806381226
0.5913642052565706,9.65550373494154,-3.491775356815495,-3.491775356815495,-0.09738647404454093,-1.9193577766418457,0.4678727388381958,1.9609425067901611,-0.2855803072452545,0.21040019392967224,0.3985860347747803,0.2651274502277374,-0.9175326228141785
0.5957446808510638,3.5005827759458876,-1.6945987399003548,-1.6945987399003548,-1.336880235585918,-1.9173083305358887,0.4863094389438629,1.9596915245056152,-0.2487531155347824,0.21214619278907776,0.2994590997695923,0.2611082196235657,-0.7541019916534424
0.600125156445557,8.134277709522687,-0.8637134102399611,-0.8637134102399611,-0.689149610704447,-1.9151780605316162,0.48684659600257874,1.9586018323898315,-0.28633975982666016,0.21345797181129456,0.2890125811100006,0.25780490040779114,-0.9200774431228638
0.60450563204005,4.919437603482141,1.2316416464901059,1.2316416464901059,-0.9928304949965696,-1.9130454063415527,0.4996064007282257,1.9573475122451782,-0.2730751931667328,0.21472398936748505,0.2839147746562958,0.2537745237350464,-0.8873811960220337
0.6088861076345431,6.782542068498073,-2.8754498370964487,-2.8754498370964487,0.016066741860839007,-1.91085684299469,0.5047780871391296,1.9561513662338257,-0.2924998700618744,0.21596767008304596,0.348876416683197,0.2498873770236969,-0.9672760367393494
0.6132665832290363,3.8305169771500958,-0.6261915169312736,-0.6261915169312736,-0.31177521301095135,-1.9086456298828125,0.5183446407318115,1.9548701047897339,-0.2779151499271393,0.21749591827392578,0.26443496346473694,0.2456502467393875,-0.8377374410629272
0.6176470588235294,8.433059704459838,-0.4490078667677148,-0.4490078667677148,-2.021611694528324,-1.9063750505447388,0.5246332287788391,1.9536527395248413,-0.2942189574241638,0.21865427494049072,0.25525301694869995,0.24198055267333984,-0.8200914859771729
0.6220275344180225,9.484764498317578,1.2103679615996539,1.2103679615996539,-0.4500781058257038,-1.9040769338607788,0.5321435332298279,1.9523639678955078,-0.3026266098022461,0.21977239847183228,0.3011780381202698,0.23838816583156586,-1.0122935771942139
0.6264080100125156,4.331242559503629,-1.0113893781577064,-1.0113893781577064,-0.44624472559958683,-1.9017459154129028,0.5489177107810974,1.9510383605957031,-0.27364858984947205,0.22109170258045197,0.34966832399368286,0.2339538335800171,-0.912851870059967
0.6307884856070087,7.567300326558949,-1.1999530125018638,-1.1999530125018638,0.3121503199071849,-1.899341344833374,0.5557187795639038,1.9498395919799805,-0.2881849408149719,0.22262342274188995,0.3331643044948578,0.22995510697364807,-0.9090917110443115
0.6351689612015019,7.99822627680854,-1.309223767468168,-1.309223767468168,-0.06013619956429017,-1.896907091140747,0.5720380544662476,1.9485771656036377,-0.2615414261817932,0.2240828424692154,0.2890060842037201,0.22597284615039825,-0.7135698795318604
0.639549436795995,3.9117799952572634,-1.7983594464452723,-1.7983594464452723,0.7124396210055448,-1.8944013118743896,0.5874739289283752,1.9474314451217651,-0.23799863457679749,0.2253488302230835,0.25252875685691833,0.2228470742702484,-0.5744132399559021
0.643929912390488,3.1906246428997553,-1.414846605267952,-1.414846605267952,-0.3947030357539759,-1.891827940940857,0.5981363654136658,1.946388840675354,-0.23492078483104706,0.22645503282546997,0.17920546233654022,0.2203308641910553,-0.3779718577861786
0.6483103879849812,4.039120173315081,1.1562210376450361,1.1562210376450361,-0.40230968758407626,-1.8892078399658203,0.602767288684845,1.9453598260879517,-0.25812095403671265,0.22724004089832306,0.1494140326976776,0.2186751663684845,-0.3866156339645386
0.6526908635794744,5.078266749811642,0.25319544358148915,0.25319544358148915,-0.16291199742000873,-1.88656747341156,0.6090326905250549,1.9442291259765625,-0.27428773045539856,0.22789454460144043,0.19492807984352112,0.21698160469532013,-0.3807108700275421
0.6570713391739674,3.5325430867468706,-1.7859914622926745,-1.7859914622926745,0.32929040579326607,-1.8838995695114136,0.6182907223701477,1.9430276155471802,-0.27729684114456177,0.22874842584133148,0.20707973837852478,0.21531391143798828,-0.313947856426239
0.6614518147684605,4.199565428072198,-0.49026962677881053,-0.49026962677881053,-1.864483989752845,-1.8811911344528198,0.6265094876289368,1.9418128728866577,-0.2843870520591736,0.22965553402900696,0.145306795835495,0.2139386683702469,-0.1909104883670807
0.6658322903629537,2.6507682177363536,-0.9174374681115453,-0.9174374681115453,-0.5310586709801635,-1.8784466981887817,0.6272897720336914,1.940567135810852,-0.32591885328292847,0.23029205203056335,0.18543821573257446,0.21310238540172577,-0.4350520968437195
0.6702127659574468,5.19460401237242,-0.7723348490225611,-0.7723348490225611,-0.050556314147397585,-1.8756989240646362,0.6304377913475037,1.939139485359192,-0.3562011122703552,0.23110435903072357,0.17415472865104675,0.2111966460943222,-0.4773944914340973
0.6745932415519399,5.469964546143424,0.5046183081575832,0.5046183081575832,-1.1322689740561056,-1.8729373216629028,0.640466034412384,1.9375791549682617,-0.3561972677707672,0.2318672388792038,0.15307649970054626,0.20910543203353882,-0.38902565836906433
0.678973717146433,6.696389889782754,-2.67354358536428,-2.67354358536428,0.15100381035404264,-1.8701317310333252,0.6468026638031006,1.9360188245773315,-0.37364697456359863,0.23253779113292694,0.2008787989616394,0.2074013203382492,-0.4827130138874054
0.6833541927409261,6.602207269632397,0.8092897485205772,0.8092897485205772,-1.3488300997676872,-1.8672984838485718,0.660550594329834,1.9343820810317993,-0.3572627604007721,0.23341773450374603,0.11839306354522705,0.20528680086135864,-0.33140021562576294
0.6877346683354193,5.388934708477964,1.6597893696146895,1.6597893696146895,-1.5190250117698794,-1.8644049167633057,0.6683446168899536,1.9328171014785767,-0.3691231310367584,0.2339363545179367,0.18141700327396393,0.2038351148366928,-0.44141483306884766
0.6921151439299124,7.251019090194691,0.12499877711561191,0.12499877711561191,-0.22815026055440135,-1.861477255821228,0.6732044219970703,1.9312001466751099,-0.3943745493888855,0.2347310483455658,0.2742484509944916,0.20190151035785675,-0.6035674810409546
0.6964956195244054,4.831841742568178,-2.5771752894373403,-2.5771752894373403,-1.181633387865768,-1.8585282564163208,0.6866814494132996,1.92947256565094,-0.3802671730518341,0.2359323799610138,0.28456151485443115,0.19925759732723236,-0.5075321197509766
0.7008760951188986,7.926717511110558,-0.7921818467789647,-0.7921818467789647,-0.8299650894948849,-1.855520248413086,0.6918774247169495,1.9278068542480469,-0.4040834605693817,0.23717889189720154,0.24380725622177124,0.19703435897827148,-0.6217292547225952
0.7052565707133918,9.183213730018782,0.2580192664964709,0.2580192664964709,-0.3928013344285732,-1.8524894714355469,0.7045505046844482,1.9260368347167969,-0.39532455801963806,0.238246887922287,0.24491064250469208,0.19431088864803314,-0.617253303527832
0.7096370463078848,5.7223521685387375,0.08699019191372959,0.08699019191372959,-2.1154660837774997,-1.8494032621383667,0.721316397190094,1.9243050813674927,-0.3679420053958893,0.23931971192359924,0.26391667127609253,0.1916070282459259,-0.5136733055114746
0.7140175219023779,7.299592617811944,-2.0551433407568442,-2.0551433407568442,-0.894292292414928,-1.8462435007095337,0.7251352071762085,1.9226933717727661,-0.4014253616333008,0.24047578871250153,0.328235387802124,0.18935689330101013,-0.7728856801986694
0.718397997496871,4.294623318365491,-3.012717329586195,-3.012717329586195,-1.0757105687473572,-1.8430670499801636,0.7366114854812622,1.9209349155426025,-0.39921125769615173,0.24191361665725708,0.29433485865592957,0.18597128987312317,-0.7913278937339783
0.7227784730913642,7.381941367407572,-0.5584300989103286,-0.5584300989103286,0.26812962502275006,-1.839840292930603,0.7416345477104187,1.9191862344741821,-0.4257344901561737,0.24320293962955475,0.23776811361312866,0.18250489234924316,-0.8973050117492676
0.7271589486858573,7.909028686178746,-0.8267519002481186,-0.8267519002481186,-0.975190117363913,-1.8365916013717651,0.7574558258056641,1.9173213243484497,-0.40150707960128784,0.24424447119235992,0.21362994611263275,0.17857426404953003,-0.7131178379058838
0.7315394242803503,3.5788416557744447,1.0480294669487513,1.0480294669487513,-0.6669302235225905,-1.8332735300064087,0.7700186371803284,1.9155625104904175,-0.39568546414375305,0.24518027901649475,0.21796481311321259,0.17545047402381897,-0.7343042492866516
0.7359198998748435,5.803535219279285,-0.7600661117703755,-0.7600661117703755,0.1766699725726596,-1.8299005031585693,0.775135338306427,1.9138292074203491,-0.42076659202575684,0.24613507091999054,0.2680470645427704,0.17223387956619263,-0.7829608917236328
0.7403003754693367,7.963454026355779,-0.03398997725535724,-0.03398997725535724,0.39644135748354836,-1.8265050649642944,0.7874054908752441,1.911985993385315,-0.41154131293296814,0.24730923771858215,0.2406913936138153,0.1688041388988495,-0.6441590785980225
0.7446808510638298,6.280224621129106,-1.3448939321104283,-1.3448939321104283,-0.8014377164312495,-1.8230558633804321,0.804517388343811,1.9101831912994385,-0.3800238072872162,0.24836358428001404,0.22812142968177795,0.1659824103116989,-0.42709702253341675
0.7490613266583228,2.921247870702687,-0.015757930344562077,-0.015757930344562077,-0.6500006200009529,-1.8195316791534424,0.8144933581352234,1.9085185527801514,-0.3847920894622803,0.24936287105083466,0.21225078403949738,0.16411152482032776,-0.44875186681747437
0.753441802252816,8.6304827001184,-1.637495673994815,-1.637495673994815,-0.32167083493709914,-1.815963864326477,0.8183618187904358,1.9068329334259033,-0.41512343287467957,0.2502926290035248,0.23077267408370972,0.16214577853679657,-0.5068112015724182
0.7578222778473092,7.372494076040953,1.0388148178908443,1.0388148178908443,-2.092414504061123,-1.812379002571106,0.8345460295677185,1.9050145149230957,-0.3912436366081238,0.2513035237789154,0.19234642386436462,0.1599256992340088,-0.40171828866004944
0.7622027534418022,7.102471926030267,1.59222523189565,1.59222523189565,-0.05612378886558789,-1.8087233304977417,0.8429576754570007,1.9033006429672241,-0.410672128200531,0.2521460950374603,0.28378826379776,0.15816597640514374,-0.6265377402305603
0.7665832290362953,5.129864237794243,1.4896707782470053,1.4896707782470053,0.09813061881569296,-1.8050308227539062,0.8570225834846497,1.9015016555786133,-0.3948129117488861,0.2533892095088959,0.33192527294158936,0.1554214358329773,-0.5040228366851807
0.7709637046307884,4.837424994371029,-0.4115434652706921,-0.4115434652706921,-0.9710900900385743,-1.801276683807373,0.8675833940505981,1.8997721672058105,-0.392739474773407,0.25484320521354675,0.3725626468658447,0.15321357548236847,-0.3915739953517914
0.7753441802252816,8.179637115187756,-1.5359786427096247,-1.5359786427096247,-0.19480891579493104,-1.7974762916564941,0.8744862079620361,1.8980517387390137,-0.4128953516483307,0.25647521018981934,0.3889031708240509,0.15149828791618347,-0.4696367084980011
0.7797246558197747,4.39225090697801,-0.7103042139948064,-0.7103042139948064,-1.524274642623706,-1.7936456203460693,0.8903337121009827,1.8962430953979492,-0.3905635476112366,0.25817880034446716,0.349736750125885,0.14944104850292206,-0.351235568523407
0.7841051314142677,7.787858823380528,0.7835416219990945,0.7835416219990945,-0.6383010319177045,-1.789745569229126,0.894926905632019,1.8945322036743164,-0.42473500967025757,0.25971081852912903,0.3735072612762451,0.1479024738073349,-0.5333737134933472
0.7884856070087609,4.856684933392947,-3.309470022826383,-3.309470022826383,0.7263477679471405,-1.7858253717422485,0.908919632434845,1.8926717042922974,-0.413958877325058,0.2613469660282135,0.4150295853614807,0.14556604623794556,-0.4991154372692108
0.7928660826032541,2.7940001850931457,-2.760201016096283,-2.760201016096283,-1.1810551237006544,-1.781843900680542,0.9207744598388672,1.8908584117889404,-0.4026308059692383,0.2631649971008301,0.2971709370613098,0.14337968826293945,-0.2832055985927582
0.7972465581977471,7.551527640462956,-1.9654635509299792,-1.9654635509299792,0.1716533145475514,-1.7778104543685913,0.9232958555221558,1.8890947103500366,-0.4439598321914673,0.2644667327404022,0.25105488300323486,0.14213910698890686,-0.4357231855392456
0.8016270337922402,5.091388884045769,-0.10990306044519671,-0.10990306044519671,-0.6632512842609491,-1.7737659215927124,0.9391258358955383,1.8871499300003052,-0.42025119066238403,0.26556646823883057,0.18864428997039795,0.1402304321527481,-0.26586174964904785
0.8060075093867334,8.736310422027035,-2.9284721510546747,-2.9284721510546747,-0.9645587805777056,-1.7696521282196045,0.9477479457855225,1.8853089809417725,-0.43269598484039307,0.2663928270339966,0.20480380952358246,0.13906583189964294,-0.28618180751800537
0.8103879849812266,6.862987539386051,-1.289489845783052,-1.289489845783052,-0.9823020179467155,-1.765500545501709,0.9630240201950073,1.883413553237915,-0.42008769512176514,0.2672899663448334,0.14745131134986877,0.13781221210956573,-0.29106220602989197
0.8147684605757196,5.528011871803371,-1.1776489424790253,-1.1776489424790253,-0.7041045423593739,-1.7612820863723755,0.974496603012085,1.8815733194351196,-0.4235731363296509,0.2679358720779419,0.13848045468330383,0.13653722405433655,-0.3337953984737396
0.8191489361702127,5.676364969231347,-2.8584023754462837,-2.8584023754462837,-1.312009234001755,-1.7570133209228516,0.9840068221092224,1.8797178268432617,-0.433137983083725,0.26854246854782104,0.1246514543890953,0.13507504761219025,-0.35316500067710876
0.8235294117647058,5.712215826713122,-0.9676517767401096,-0.9676517767401096,-1.005531192243819,-1.7527029514312744,0.9923186898231506,1.8778204917907715,-0.4527303874492645,0.2690885066986084,0.07949186861515045,0.13352802395820618,-0.4750155806541443
0.827909887359199,8.485482431146556,-2.262752565915419,-2.262752565915419,-0.9586999190162037,-1.7483561038970947,1.0015535354614258,1.8758373260498047,-0.4663592278957367,0.26943671703338623,0.08059807121753693,0.1314472258090973,-0.543193519115448
0.8322903629536921,5.620569218035081,-1.198982159534341,-1.198982159534341,-0.6176344423618272,-1.7439688444137573,1.0166051387786865,1.873794436454773,-0.45583459734916687,0.26978978514671326,0.042515601962804794,0.1290677785873413,-0.5519362092018127
0.8366708385481851,4.1993442951210085,-0.7755850429069009,-0.7755850429069009,-1.3535624235457147,-1.7395156621932983,1.0266817808151245,1.8717976808547974,-0.4630639851093292,0.26997601985931396,0.025538405403494835,0.12665003538131714,-0.5547585487365723
0.8410513141426783,9.597826944110224,0.20046627988986365,0.20046627988986365,0.0007725196235894849,-1.735018253326416,1.0321460962295532,1.8697692155838013,-0.49588891863822937,0.2700878977775574,0.04241717606782913,0.12421993166208267,-0.7112811207771301
0.8454317897371715,5.610680883270563,-1.2355884344767993,-1.2355884344767993,-0.6127085008116715,-1.7304970026016235,1.0518110990524292,1.867596983909607,-0.4582584500312805,0.27027371525764465,0.04824886843562126,0.1211041808128357,-0.533577561378479
0.8498122653316645,5.0379434758207005,-0.5524222130470121,-0.5524222130470121,-0.2077282538538614,-1.7258895635604858,1.0618878602981567,1.8655896186828613,-0.4654960632324219,0.2704850733280182,0.03005880117416382,0.11876685917377472,-0.5358585715293884
0.8541927409261576,6.118298746062635,-1.9369805131767002,-1.9369805131767002,-0.7541440279280518,-1.7212380170822144,1.0717164278030396,1.8635505437850952,-0.4700304865837097,0.270616739988327,0.019992645829916,0.11641954630613327,-0.47868189215660095
0.8585732165206508,5.559782321374747,-2.4359184928808895,-2.4359184928808895,-0.17100171279441612,-1.716543436050415,1.082493543624878,1.8614915609359741,-0.4756404161453247,0.27070432901382446,-0.01454993337392807,0.11432269215583801,-0.49613937735557556
0.8629536921151439,4.440573439545081,1.7398783916043612,1.7398783916043612,0.48413938390755007,-1.7118016481399536,1.0934079885482788,1.8594080209732056,-0.47511348128318787,0.2706405818462372,-0.08069268614053726,0.11214936524629593,-0.423035204410553
0.867334167709637,6.343971663572692,0.5276858016771176,0.5276858016771176,0.16763367690200093,-1.7070120573043823,1.1034003496170044,1.8573267459869385,-0.47180864214897156,0.27028709650039673,-0.0440211296081543,0.11029627174139023,-0.25725504755973816
0.8717146433041301,6.326829518907453,-0.6929351350418101,-0.6929351350418101,-1.3203969203566115,-1.7021785974502563,1.1164461374282837,1.8552600145339966,-0.45839086174964905,0.27009427547454834,-0.03350646793842316,0.1091693714261055,-0.11112990975379944
0.8760951188986232,8.410282210541059,-0.3547215194413918,-0.3547215194413918,-0.6392617054898371,-1.6972880363464355,1.1263750791549683,1.8532520532608032,-0.4727720022201538,0.26994749903678894,-0.015182595700025558,0.10868257284164429,-0.22285321354866028
0.8804755944931164,6.126738108515113,-0.2754660698535373,-0.2754660698535373,-0.2957767643910933,-1.6923539638519287,1.1418524980545044,1.8511810302734375,-0.4569944739341736,0.2698809802532196,-0.006873120553791523,0.10770636796951294,-0.17825336754322052
0.8848560700876095,6.78946877941806,-0.3356531504981418,-0.3356531504981418,-0.814882042777687,-1.6873520612716675,1.1534607410430908,1.8491791486740112,-0.4540101885795593,0.26985087990760803,-0.006279984023422003,0.10692553222179413,-0.1163751482963562
0.8892365456821025,3.769187852411385,-1.4853514975384556,-1.4853514975384556,-1.3377250496236437,-1.6822993755340576,1.1653351783752441,1.8471903800964355,-0.4551110863685608,0.2698233723640442,0.0077150180004537106,0.106415756046772,-0.13211701810359955
0.8936170212765957,7.544048244794877,-0.6515395262432078,-0.6515395262432078,-1.0280299671929842,-1.677194595336914,1.1701732873916626,1.8451967239379883,-0.4913013279438019,0.26985716819763184,0.0034038578160107136,0.10583701729774475,-0.2940763235092163
0.8979974968710889,4.305873453407535,-2.7460242806508726,-2.7460242806508726,-1.2740773460392627,-1.67206871509552,1.1831609010696411,1.843044638633728,-0.4900346100330353,0.2698720693588257,0.014398571103811264,0.10454882681369781,-0.3328065872192383
0.902377972465582,5.031600853758022,-0.5688372864218023,-0.5688372864218023,-1.5288843431744361,-1.6668858528137207,1.1892646551132202,1.840898036956787,-0.5205445885658264,0.26993513107299805,-0.02858695015311241,0.10309097915887833,-0.4738743007183075
0.906758448060075,6.556462542016835,0.634821599558818,0.634821599558818,-0.11992141252387145,-1.661676287651062,1.19639253616333,1.8386178016662598,-0.5497097373008728,0.26980990171432495,-0.0005505327135324478,0.10101518779993057,-0.6456760168075562
0.9111389236545682,4.569505110379648,-2.573879798253998,-2.573879798253998,0.10943190204504882,-1.656435489654541,1.209313988685608,1.836209774017334,-0.5398711562156677,0.26980748772621155,0.02149035595357418,0.09818682074546814,-0.5455682277679443
0.9155193992490612,4.982706538167611,-0.37964900415669156,-0.37964900415669156,-1.9938348400622559,-1.6511380672454834,1.218654990196228,1.8338449001312256,-0.5424475073814392,0.2699016332626343,-0.05687085539102554,0.09579697251319885,-0.44243746995925903
0.9198998748435544,3.872631718994215,-2.517197955426636,-2.517197955426636,0.10184937890773216,-1.6457997560501099,1.2249740362167358,1.8314687013626099,-0.5807012915611267,0.26965251564979553,-0.009731512516736984,0.09385888278484344,-0.6957186460494995
0.9242803504380476,6.606570038268968,0.4182295184261626,0.4182295184261626,-0.5752104492596758,-1.6404337882995605,1.2329707145690918,1.8289248943328857,-0.5892791152000427,0.26960989832878113,-0.08621600270271301,0.09081130474805832,-0.606792151927948
0.9286608260325406,7.9358311489904665,-1.595337787958953,-1.595337787958953,0.4969518147247317,-1.6350327730178833,1.2450748682022095,1.8263435363769531,-0.5875043272972107,0.26923224329948425,-0.05720440670847893,0.08815326541662216,-0.5847654342651367
0.9330413016270338,7.782482428986288,0.3084182867670676,0.3084182867670676,-0.19391620505251228,-1.629578709602356,1.2614954710006714,1.8237700462341309,-0.5545950531959534,0.2689816653728485,-0.11830589175224304,0.08559171110391617,-0.35279354453086853
0.9374217772215268,4.960990953447667,-0.1607546364284278,-0.1607546364284278,-0.5132592524654117,-1.6240527629852295,1.2763344049453735,1.8213406801223755,-0.5358335971832275,0.2684634327888489,-0.10363613069057465,0.08404630422592163,-0.2432628870010376
0.94180225281602,7.47408665177799,-0.028926026294124108,-0.028926026294124108,-1.2381723380188498,-1.6184618473052979,1.2851440906524658,1.8189934492111206,-0.5467093586921692,0.2680094540119171,-0.0933418795466423,0.0829806998372078,-0.24089036881923676
0.9461827284105132,7.539229189596893,-1.0625575372266955,-1.0625575372266955,-0.4864060909654143,-1.6128323078155518,1.2976590394973755,1.816598653793335,-0.5499840378761292,0.26760056614875793,-0.05802805349230766,0.08192548900842667,-0.3177878260612488
0.9505632040050064,6.904517471544796,-1.3789525057639413,-1.3789525057639413,-0.432992838361907,-1.6071479320526123,1.3114588260650635,1.8141894340515137,-0.538699746131897,0.2673463821411133,-0.07485350221395493,0.08053342998027802,-0.2634062170982361
0.9549436795994992,5.873689051416847,-1.65370406341534,-1.65370406341534,0.38327427227606936,-1.6014031171798706,1.3240857124328613,1.811829686164856,-0.5317491888999939,0.26701849699020386,-0.1024785190820694,0.07937958836555481,-0.21147313714027405
0.9593241551939924,1.219023375513208,-0.5793407483476525,-0.5793407483476525,-2.0744748890426963,-1.5956029891967773,1.3359172344207764,1.8095003366470337,-0.5182386040687561,0.266569584608078,-0.16196474432945251,0.07845323532819748,-0.03723683953285217
0.9637046307884856,10.401270695092776,-1.735158462400245,-1.735158462400245,-1.3211084627319645,-1.5897510051727295,1.335205078125,1.8072302341461182,-0.5896427631378174,0.26586011052131653,-0.11830208450555801,0.07829011976718903,-0.3738463222980499
0.9680851063829788,7.346179581119559,-0.8742004389779635,-0.8742004389779635,-0.45144896678404933,-1.58390212059021,1.3531469106674194,1.8046473264694214,-0.5698530077934265,0.2653418779373169,-0.13039365410804749,0.07665249705314636,-0.41138502955436707
0.9724655819774718,5.631551583755722,-1.4556913456429994,-1.4556913456429994,-0.30531213386403877,-1.5779746770858765,1.3665217161178589,1.802151083946228,-0.5595175623893738,0.2647706866264343,-0.14273934066295624,0.07485043257474899,-0.35457879304885864
0.9768460575719649,3.7321983794161055,-2.362176278090466,-2.362176278090466,-0.611464244274706,-1.5719887018203735,1.3768006563186646,1.799700140953064,-0.5608603358268738,0.2641454339027405,-0.17633405327796936,0.07329721003770828,-0.30400076508522034
0.981226533166458,5.753766283774835,-1.4258668831727803,-1.4258668831727803,-0.49129691567145706,-1.5659576654434204,1.3830361366271973,1.797243356704712,-0.5838705897331238,0.2633730173110962,-0.22746039927005768,0.0719655454158783,-0.34129539132118225
0.9856070087609512,6.911574667685015,-2.3081768423718714,-2.3081768423718714,-0.4352188131887177,-1.5598993301391602,1.3932232856750488,1.7946857213974,-0.5876427292823792,0.2623766362667084,-0.2547528147697449,0.07047051191329956,-0.3206894099712372
0.9899874843554444,7.262877104050338,-0.8769101114552262,-0.8769101114552262,-1.1854428254568758,-1.5537962913513184,1.405598521232605,1.7921115159988403,-0.5806244015693665,0.2612606883049011,-0.30944913625717163,0.06906574219465256,-0.2691357731819153
0.9943679599499372,7.239194187507197,-0.031774016903474256,-0.031774016903474256,0.39476434459304854,-1.5476391315460205,1.4175859689712524,1.7895680665969849,-0.5846329927444458,0.2599051594734192,-0.3004390001296997,0.06788679957389832,-0.3409726023674011
0.9987484355444304,3.8764048113380705,0.7356254403235856,0.7356254403235856,-0.5041254074003593,-1.5414294004440308,1.431500792503357,1.7870070934295654,-0.5593441724777222,0.25858908891677856,-0.312895268201828,0.0663931742310524,-0.13977348804473877
1.0031289111389237,7.403492293167275,-1.742611115483413,-1.742611115483413,-0.10601148735738969,-1.5351587533950806,1.4379937648773193,1.7845568656921387,-0.5791037678718567,0.25721845030784607,-0.27669060230255127,0.06578090041875839,-0.15586331486701965
1.0075093867334166,6.757887902791501,-1.0559732860164321,-1.0559732860164321,0.6780109017148221,-1.5288596153259277,1.4513784646987915,1.782020092010498,-0.5617352724075317,0.2560064196586609,-0.3244844973087311,0.06509814411401749,-0.03829583525657654
1.0118898623279098,7.431376899247953,-1.5721764193653978,-1.5721764193653978,-1.2202549894929924,-1.5225019454956055,1.4644681215286255,1.7795593738555908,-0.5351549386978149,0.25458502769470215,-0.3751223385334015,0.06493038684129715,0.20311298966407776
1.016270337922403,6.955980025946639,0.4964996279471605,0.4964996279471605,-0.42284155832372994,-1.5160869359970093,1.4764232635498047,1.7772151231765747,-0.5383055210113525,0.2529418170452118,-0.38539955019950867,0.0658201202750206,0.12841150164604187
1.020650813516896,6.698930010149188,0.16937849343276246,0.16937849343276246,-0.9942921478183095,-1.5096194744110107,1.4884079694747925,1.7748570442199707,-0.5305542349815369,0.25125357508659363,-0.35855185985565186,0.06638262420892715,0.18303945660591125
1.0250312891113893,3.2850883754048543,-0.7607017902108653,-0.7607017902108653,-0.15108508501574908,-1.5030995607376099,1.4991605281829834,1.7725329399108887,-0.5356076955795288,0.2496829479932785,-0.3245689868927002,0.06718442589044571,0.13410311937332153
1.0294117647058822,8.09335439432882,-1.0011781462047264,-1.0011781462047264,-0.7607314225122761,-1.4965325593948364,1.504821538925171,1.7701867818832397,-0.5536952614784241,0.24826118350028992,-0.34237173199653625,0.06777185946702957,0.16836658120155334
1.0337922403003754,5.177595063361859,-1.05498496891841,-1.05498496891841,-1.1074295913238585,-1.4899407625198364,1.5182002782821655,1.7677613496780396,-0.5425829887390137,0.24676142632961273,-0.3493935465812683,0.06850938498973846,0.18560098111629486
1.0381727158948686,4.243066249578714,-2.671145085676691,-2.671145085676691,-0.11839390089870794,-1.4832903146743774,1.525923252105713,1.765384554862976,-0.5625202059745789,0.24523091316223145,-0.34786200523376465,0.06932240724563599,0.08923745155334473
1.0425531914893615,7.161566446756563,0.8264551796670164,0.8264551796670164,-0.7747260681541444,-1.476606011390686,1.5332162380218506,1.7629204988479614,-0.5718785524368286,0.2437071055173874,-0.42241042852401733,0.06971330940723419,0.14686791598796844
1.0469336670838547,4.61368765723585,-0.8840092574274194,-0.8840092574274194,-1.6168173577632778,-1.469889760017395,1.5447144508361816,1.7604154348373413,-0.5688186287879944,0.24185675382614136,-0.3756508529186249,0.07035665959119797,0.14469273388385773
1.051314142678348,6.8820682710053,-1.7647823938196632,-1.7647823938196632,-1.0072272312540604,-1.4631232023239136,1.5506010055541992,1.7579237222671509,-0.6029675006866455,0.24021121859550476,-0.3542505204677582,0.07099048048257828,-0.05010038614273071
1.055694618272841,5.181160212955812,-0.3506856461919177,-0.3506856461919177,0.6619147326780979,-1.4563307762145996,1.561138391494751,1.7552824020385742,-0.6065545082092285,0.23865942656993866,-0.3763735294342041,0.07077101618051529,-0.09755425900220871
1.0600750938673342,6.767731914815382,1.4543716404656821,1.4543716404656821,-0.4118864296631979,-1.4494922161102295,1.5709019899368286,1.7526253461837769,-0.5933701395988464,0.23701073229312897,-0.40594467520713806,0.07034368067979813,0.11251837760210037
1.0644555694618272,6.54182131098536,-1.5407380340041652,-1.5407380340041652,-0.8733118687845489,-1.4426108598709106,1.5818932056427002,1.7500261068344116,-0.5867791771888733,0.23523250222206116,-0.3514440059661865,0.07083656638860703,0.16603899002075195
1.0688360450563203,2.8811107410431296,-2.9496047473453713,-2.9496047473453713,-0.8370191524231889,-1.4356814622879028,1.5918235778808594,1.7474557161331177,-0.59068363904953,0.23369300365447998,-0.37093496322631836,0.07156389951705933,0.13558650016784668
1.0732165206508135,6.555931137267344,-0.41305877336214636,-0.41305877336214636,-1.0799994286315708,-1.428708553314209,1.5955655574798584,1.744868278503418,-0.6248791813850403,0.23206813633441925,-0.43262916803359985,0.0721578299999237,0.04390357434749603
1.0775969962453065,6.570674955134625,-0.04629608879643843,-0.04629608879643843,0.2780036270598941,-1.4217191934585571,1.6050910949707031,1.742130994796753,-0.6324764490127563,0.2301730215549469,-0.41315239667892456,0.0723501518368721,-0.02196858823299408
1.0819774718397996,4.546570773716404,-0.6846501179100899,-0.6846501179100899,-0.7582395164119285,-1.4146881103515625,1.6163946390151978,1.7393604516983032,-0.6145976185798645,0.22836321592330933,-0.4226229786872864,0.07225392013788223,0.14748412370681763
1.0863579474342928,7.751631940881164,-2.447227005158436,-2.447227005158436,0.043105642444561054,-1.4076075553894043,1.6228885650634766,1.7366682291030884,-0.6331794261932373,0.22651192545890808,-0.42047393321990967,0.0728999674320221,0.1002507358789444
1.090738423028786,1.836126058573976,-1.2397070935713366,-1.2397070935713366,-1.5590213481225264,-1.4004985094070435,1.6356687545776367,1.7338945865631104,-0.6096246242523193,0.22467005252838135,-0.49319952726364136,0.07333911210298538,0.25095635652542114
1.0951188986232792,9.254033707399337,-1.9729112676603768,-1.9729112676603768,-1.472060842661351,-1.3933335542678833,1.63655424118042,1.7312241792678833,-0.6660999059677124,0.22250960767269135,-0.48387452960014343,0.0744384229183197,0.015099093317985535
1.099499374217772,4.975295006053143,-0.22357778217614988,-0.22357778217614988,-0.5426082357494221,-1.386164665222168,1.6494777202606201,1.7283062934875488,-0.6579927206039429,0.22039000689983368,-0.4985009431838989,0.0745045617222786,-0.06849799305200577
1.1038798498122653,7.888646049572449,0.30769372122689276,0.30769372122689276,-1.0286974233375208,-1.378939151763916,1.6567057371139526,1.7254239320755005,-0.66884446144104,0.21820633113384247,-0.4891842305660248,0.07420450448989868,-0.07035227119922638
1.1082603254067585,6.4860147293150225,-1.5166085268444196,-1.5166085268444196,0.1301332358703774,-1.371682047843933,1.6678202152252197,1.722494125366211,-0.6639977097511292,0.2160634696483612,-0.45015737414360046,0.07389632612466812,-0.1023876816034317
1.1126408010012514,5.514097414341024,-0.1711227026951445,-0.1711227026951445,-0.3974615412291564,-1.364376187324524,1.6782196760177612,1.7195855379104614,-0.6494306921958923,0.21409156918525696,-0.4982474446296692,0.0734478160738945,0.04019530117511749
1.1170212765957446,6.647525672409304,-3.177540366966971,-3.177540366966971,-0.8642887609560895,-1.3570247888565063,1.6862837076187134,1.7167407274246216,-0.6529428958892822,0.21190901100635529,-0.491637647151947,0.073623888194561,0.07350523769855499
1.1214017521902375,4.187999381894121,0.8473805906672546,0.8473805906672546,-0.9924768540065472,-1.3496381044387817,1.695383906364441,1.7138805389404297,-0.655501663684845,0.20975540578365326,-0.5591919422149658,0.07394587248563766,0.047053586691617966
1.125782227784731,6.949750839436524,0.5503499712696425,0.5503499712696425,0.7798873116939278,-1.3422114849090576,1.7004386186599731,1.71100914478302,-0.6813516020774841,0.2073058784008026,-0.5054622888565063,0.07415199279785156,-0.04710865393280983
1.130162703379224,5.315194737640193,0.026322706205148316,0.026322706205148316,-0.421523504325111,-1.3347628116607666,1.7120739221572876,1.708024501800537,-0.6506249308586121,0.2050917148590088,-0.5121654868125916,0.07394563406705856,0.21666383743286133
1.134543178973717,7.956621370025797,-2.499445698875665,-2.499445698875665,-1.046580113396059,-1.3272631168365479,1.7195067405700684,1.705174446105957,-0.6561983227729797,0.2028481811285019,-0.4990869462490082,0.0748947262763977,0.24225488305091858
1.1389236545682102,6.67028120114163,-0.5704151901303066,-0.5704151901303066,0.4236916400957522,-1.3197308778762817,1.7299343347549438,1.702299952507019,-0.6509045362472534,0.20066194236278534,-0.5415152311325073,0.07595591992139816,0.20870637893676758
1.1433041301627034,7.9276771530894345,0.28802104324262223,0.28802104324262223,-0.19541848334574113,-1.3121529817581177,1.7404217720031738,1.6994487047195435,-0.6291291117668152,0.19828984141349792,-0.5705463290214539,0.0768701508641243,0.4057924449443817
1.1476846057571963,6.6739535758292785,-0.8486921606999633,-0.8486921606999633,0.45711112653431374,-1.304529070854187,1.7518365383148193,1.6966928243637085,-0.6081549525260925,0.19579057395458221,-0.5564283728599548,0.07864771783351898,0.5191271305084229
1.1520650813516895,6.478098796649793,-3.085795269460402,-3.085795269460402,-0.08428698001331314,-1.2968552112579346,1.7623310089111328,1.6940288543701172,-0.5856832265853882,0.19335314631462097,-0.5945619940757751,0.08092173933982849,0.7221786379814148
1.156445556946183,7.2992243090168305,1.5720422406150085,1.5720422406150085,-0.8073528299496777,-1.2891353368759155,1.7717877626419067,1.6914632320404053,-0.5749595761299133,0.1907486766576767,-0.6822155714035034,0.08408522605895996,0.8279654383659363
1.1608260325406758,4.212622908185014,-0.9088603637354219,-0.9088603637354219,-1.3966381831319499,-1.2813740968704224,1.781287670135498,1.6889445781707764,-0.5706786513328552,0.18776024878025055,-0.6127296686172485,0.0877121090888977,0.8239644169807434
1.165206508135169,7.152480930150242,-0.229064194070984,-0.229064194070984,-1.2017465007666615,-1.273571252822876,1.7852966785430908,1.6864447593688965,-0.6037070155143738,0.18507620692253113,-0.598484992980957,0.09132146835327148,0.6606468558311462
1.169586983729662,4.934884235361427,-0.7059834787828875,-0.7059834787828875,0.14978317979853262,-1.265750765800476,1.793527603149414,1.683800220489502,-0.6079453825950623,0.18245455622673035,-0.5700795650482178,0.09421541541814804,0.5858374834060669
1.1739674593241551,7.112386052644114,3.3438045978017596,3.3438045978017596,-1.9831593061418047,-1.2578942775726318,1.8008482456207275,1.6811370849609375,-0.6059486865997314,0.1799573302268982,-0.5950706601142883,0.0967816635966301,0.7036800384521484
1.1783479349186483,6.1007834061540684,-3.3261269125208255,-3.3261269125208255,-0.43828386117634144,-1.2500057220458984,1.807356834411621,1.6784827709197998,-0.6250157952308655,0.17735064029693604,-0.4395064115524292,0.09986411780118942,0.4930194616317749
1.1827284105131413,4.967138781880013,-2.14139757719449,-2.14139757719449,-1.6683653904323887,-1.2420886754989624,1.81504487991333,1.675744891166687,-0.6239482760429382,0.17542539536952972,-0.523840606212616,0.10202378034591675,0.5309114456176758
1.1871088861076344,6.450923534693297,-1.3160101740806112,-1.3160101740806112,-0.8898714235171203,-1.2341378927230835,1.8187907934188843,1.6730116605758667,-0.6554524898529053,0.17313072085380554,-0.5376546382904053,0.10434942692518234,0.33482253551483154
1.1914893617021276,5.125652279474337,-0.9335738392965339,-0.9335738392965339,-0.9864114019741462,-1.2261707782745361,1.8258628845214844,1.6701405048370361,-0.6597437262535095,0.17077553272247314,-0.55009925365448,0.10581611096858978,0.30116865038871765
1.1958698372966208,7.9134300420831725,0.9983874901360303,0.9983874901360303,-0.15785310272817715,-1.2181726694107056,1.830847978591919,1.6672505140304565,-0.6771594882011414,0.16836583614349365,-0.5485562086105347,0.10713537037372589,0.22610881924629211
1.200250312891114,3.81746932422505,-1.6012861523680122,-1.6012861523680122,0.24116651008951362,-1.2101526260375977,1.8410909175872803,1.6642842292785645,-0.6552643179893494,0.16596290469169617,-0.5147902965545654,0.10812583565711975,0.3464921712875366
1.204630788485607,7.662787910314197,-1.3372097245329142,-1.3372097245329142,-1.3498663590265165,-1.2020877599716187,1.846663475036621,1.6614139080047607,-0.6610391736030579,0.1637078821659088,-0.5685957670211792,0.10964363813400269,0.4594936966896057
1.2090112640801,8.01337055897414,-0.2611731781524508,-0.2611731781524508,-0.8854906388527393,-1.1939984560012817,1.8540065288543701,1.6585181951522827,-0.6634140610694885,0.16121716797351837,-0.568226158618927,0.11165644228458405,0.36897170543670654
1.2133917396745932,6.705727266578195,-1.5418686312610461,-1.5418686312610461,0.24456578295388942,-1.1858770847320557,1.8625907897949219,1.6556121110916138,-0.654122531414032,0.15872806310653687,-0.5499941110610962,0.11327271163463593,0.36539435386657715
1.2177722152690862,6.956441858013822,-1.2598528367743023,-1.2598528367743023,0.2674497573174396,-1.1777180433273315,1.8717565536499023,1.6527467966079712,-0.6350288391113281,0.15631882846355438,-0.6021636724472046,0.11487331241369247,0.5329833626747131
1.2221526908635794,5.577905395461494,0.2707633706466821,0.2707633706466821,0.5026206572649625,-1.1695188283920288,1.881282925605774,1.6499650478363037,-0.6133508682250977,0.15368106961250305,-0.6467657685279846,0.11720803380012512,0.7092387080192566
1.2265331664580723,6.428035532298178,-1.6620709400651874,-1.6620709400651874,-0.31229050084067694,-1.1612778902053833,1.8896198272705078,1.6472783088684082,-0.5991351008415222,0.150847926735878,-0.6535367369651794,0.1203148365020752,0.9004561901092529
1.2309136420525657,6.92196277566007,0.047727245480945535,0.047727245480945535,0.6574606756529698,-1.1530004739761353,1.8972889184951782,1.6446537971496582,-0.5927554965019226,0.14798513054847717,-0.6929545998573303,0.12425926327705383,0.966558039188385
1.2352941176470589,5.969224872736264,0.3322230508397135,0.3322230508397135,-0.021042325113043048,-1.1446894407272339,1.9077789783477783,1.6420572996139526,-0.5641310214996338,0.14494965970516205,-0.710760772228241,0.12849324941635132,1.20973801612854
1.2396745932415518,6.329254236413963,0.06505923965147464,0.06505923965147464,-0.30140824798781485,-1.1363325119018555,1.9157007932662964,1.639586091041565,-0.5563002824783325,0.14183619618415833,-0.7004442811012268,0.1337924748659134,1.3177037239074707
1.244055068836045,4.553487072465343,-0.984638281745978,-0.984638281745978,-1.8535148047910315,-1.1279407739639282,1.9234256744384766,1.6371492147445679,-0.5505818128585815,0.13876791298389435,-0.6897422671318054,0.139564648270607,1.3838938474655151
1.2484355444305382,4.642886973620138,1.1134155207396472,1.1134155207396472,-1.5183320785564978,-1.119515299797058,1.924974799156189,1.6347373723983765,-0.5888698697090149,0.13574650883674622,-0.6643683314323425,0.14562676846981049,1.1482784748077393
1.2528160200250311,5.6381888498683495,-0.6373537517010572,-0.6373537517010572,-0.7591877277698671,-1.1110830307006836,1.9270163774490356,1.632157802581787,-0.6201184988021851,0.132836252450943,-0.5875129699707031,0.1506567746400833,0.9723363518714905
1.2571964956195243,4.277973493130117,-0.0046965296266351375,-0.0046965296266351375,-0.7071293766598724,-1.1026418209075928,1.932008981704712,1.6294413805007935,-0.6287280321121216,0.13026267290115356,-0.5839550495147705,0.15491607785224915,0.9463688731193542
1.2615769712140177,4.585833047243097,0.23944561586755875,0.23944561586755875,-0.7176694352369127,-1.0941786766052246,1.935420274734497,1.6266872882843018,-0.6480544209480286,0.1277046650648117,-0.5634417533874512,0.15906162559986115,0.9039673805236816
1.2659574468085106,8.56416091828363,-3.375535140228518,-3.375535140228518,0.6510430519137564,-1.0857006311416626,1.9390316009521484,1.623848557472229,-0.6649138331413269,0.12523652613162994,-0.5354909896850586,0.16302143037319183,0.8654808402061462
1.2703379224030038,7.020053208388697,-0.7472094105101522,-0.7472094105101522,-1.1987171683775282,-1.0772067308425903,1.951285481452942,1.6209359169006348,-0.6223006844520569,0.12289082258939743,-0.6530798673629761,0.16681264340877533,1.1381808519363403
1.2747183979974968,10.612078907213732,-0.2107223041089269,-0.2107223041089269,-0.4815643758318124,-1.0686591863632202,1.9562499523162842,1.618209958076477,-0.6271232962608337,0.12003002315759659,-0.639894425868988,0.17179842293262482,1.061880111694336
1.27909887359199,3.4149856458418677,0.34254595212704175,0.34254595212704175,-0.1541862465932397,-1.0600898265838623,1.967356562614441,1.6154628992080688,-0.5878218412399292,0.1172269806265831,-0.6319849491119385,0.1764499694108963,1.1767181158065796
1.283479349186483,7.017310785044766,0.7331265567851933,0.7331265567851933,-0.7634451540139332,-1.0514718294143677,1.9713637828826904,1.612887978553772,-0.6043881773948669,0.1144585832953453,-0.6174787878990173,0.1816045492887497,1.2137820720672607
1.287859824780976,9.8194607181123,-0.5028892969878209,-0.5028892969878209,-0.04405039636686592,-1.042836308479309,1.977361798286438,1.6102404594421387,-0.6012031435966492,0.11175373196601868,-0.5737741589546204,0.18692149221897125,1.2125879526138306
1.2922403003754692,5.1709250170641585,0.022304815568422343,0.022304815568422343,-1.3895871618866962,-1.0341745615005493,1.9888595342636108,1.6076068878173828,-0.5607110261917114,0.1092403307557106,-0.5871737003326416,0.19223320484161377,1.3880665302276611
1.2966207759699624,7.148800173962505,-0.27164776851463385,-0.27164776851463385,-1.2567157926258479,-1.0254623889923096,1.990532636642456,1.6051506996154785,-0.5849243402481079,0.10666823387145996,-0.545941948890686,0.19831359386444092,1.2439501285552979
1.3010012515644556,4.232901576739882,0.5885367391634727,0.5885367391634727,-0.35120121680060473,-1.0167429447174072,1.9945216178894043,1.602588415145874,-0.5896575450897217,0.10427674651145935,-0.5171748399734497,0.20376268029212952,1.1595854759216309
1.3053817271589487,8.702604571730447,-2.1665913360597804,-2.1665913360597804,-0.15774959712987957,-1.008005976676941,1.9984712600708008,1.6000053882598877,-0.6028292179107666,0.10201127827167511,-0.4897315204143524,0.2088422179222107,1.1775699853897095
1.3097622027534417,6.570724784836536,-0.8602410299020165,-0.8602410299020165,1.2036479600074683,-0.9992517232894897,2.008026599884033,1.5973646640777588,-0.5740850567817688,0.09986601769924164,-0.5483960509300232,0.21400053799152374,1.3120781183242798
1.3141426783479349,7.694832514690055,-0.19626706144013084,-0.19626706144013084,-0.4686556368933551,-0.9904556274414062,2.0207653045654297,1.594849944114685,-0.5388216972351074,0.09746377915143967,-0.6086681485176086,0.21974806487560272,1.6424486637115479
1.318523153942428,4.623387500497154,-0.3500550642103675,-0.3500550642103675,-0.7736990605387213,-0.981603741645813,2.028449773788452,1.5924896001815796,-0.524581253528595,0.0947975218296051,-0.6007135510444641,0.226942777633667,1.7041605710983276
1.322903629536921,5.653379299041925,-0.8483926517787976,-0.8483926517787976,-1.6933886883520404,-0.9727181792259216,2.0315308570861816,1.5901917219161987,-0.5422959923744202,0.09216611087322235,-0.5883418321609497,0.23440781235694885,1.6559683084487915
1.327284105131414,5.747441751159057,-0.37555295778773107,-0.37555295778773107,-1.059605446460711,-0.9638190865516663,2.0315287113189697,1.5878162384033203,-0.5678949356079102,0.08958889544010162,-0.5636652708053589,0.24166174232959747,1.4675638675689697
1.331664580725907,3.193918053544216,-0.4575453364675701,-0.4575453364675701,-1.018136910182013,-0.9549200534820557,2.033946990966797,1.5853285789489746,-0.5810954570770264,0.08711977303028107,-0.5436887741088867,0.24809037148952484,1.3904262781143188
1.3360450563204005,7.048434318422357,-0.6352559119145005,-0.6352559119145005,-0.23319448378393837,-0.946010410785675,2.0335733890533447,1.5827831029891968,-0.6153913140296936,0.08473815768957138,-0.5273177027702332,0.2541810870170593,1.2731834650039673
1.3404255319148937,4.573306329293118,-0.20671607840362888,-0.20671607840362888,-0.4669170704558574,-0.9371023774147034,2.0407209396362305,1.580087423324585,-0.6024354100227356,0.08242825418710709,-0.5390591621398926,0.25975823402404785,1.3627431392669678
1.3448060075093866,6.8289184681975,0.006141757900151146,0.006141757900151146,-0.3200327337324367,-0.9281630516052246,2.04417085647583,1.5774484872817993,-0.6149389147758484,0.08006691932678223,-0.5314604640007019,0.265727698802948,1.3661178350448608
1.3491864831038798,5.658848146661331,-1.322208725302834,-1.322208725302834,-2.109723149879299,-0.9192085862159729,2.0506491661071777,1.5747547149658203,-0.6055163145065308,0.07773886620998383,-0.5219351053237915,0.27171194553375244,1.4362375736236572
1.353566958698373,8.525078517679209,-2.3114446020854555,-2.3114446020854555,-0.13545105971953386,-0.9102257490158081,2.04693865776062,1.5721023082733154,-0.6383877992630005,0.0754525437951088,-0.49893718957901,0.2780033349990845,1.1749688386917114
1.357947434292866,7.853888442172543,-1.021453908428349,-1.021453908428349,0.07914158351129796,-0.901259183883667,2.0557806491851807,1.5693058967590332,-0.6111574172973633,0.07326696068048477,-0.5624830722808838,0.28315025568008423,1.3076848983764648
1.362327909887359,4.1712559340716115,-0.23180499854650094,-0.23180499854650094,-0.9070875304530179,-0.8922538757324219,2.0651350021362305,1.5666286945343018,-0.5858867764472961,0.07080301642417908,-0.5946239233016968,0.28887853026390076,1.4650229215621948
1.3667083854818525,9.477483334918503,-1.7357262840625833,-1.7357262840625833,-0.6295605954248424,-0.8832076191902161,2.0655853748321533,1.564062237739563,-0.6098206639289856,0.06819827854633331,-0.5749035477638245,0.2952960133552551,1.384198546409607
1.3710888610763454,5.914090399399416,-1.2721540553785662,-1.2721540553785662,-1.380859664376779,-0.8741593956947327,2.07275652885437,1.5613908767700195,-0.5835219025611877,0.06567993015050888,-0.6072070598602295,0.30135947465896606,1.4479236602783203
1.3754693366708386,4.5681518775409415,-1.0832439340586824,-1.0832439340586824,-0.6595901432415072,-0.8650797605514526,2.072072744369507,1.5588347911834717,-0.601064145565033,0.06302007287740707,-0.6040325164794922,0.30770206451416016,1.3164901733398438
1.3798498122653315,6.568111453017603,1.5130903593261382,1.5130903593261382,0.22332538165434235,-0.8560031056404114,2.0737464427948,1.5562018156051636,-0.617154061794281,0.060374122112989426,-0.6164045333862305,0.31346890330314636,1.285221815109253
1.3842302878598247,4.332385938182808,-1.7576748547915235,-1.7576748547915235,-0.3683494975136865,-0.8469191193580627,2.0823781490325928,1.553498387336731,-0.6005265712738037,0.05767397582530975,-0.5787392854690552,0.3190988004207611,1.4427783489227295
1.388610763454318,5.973222217765816,-1.0961601616290224,-1.0961601616290224,-0.026551485401661856,-0.8377972841262817,2.085468292236328,1.5508677959442139,-0.6135249733924866,0.05513882264494896,-0.6193119883537292,0.3254188597202301,1.457294225692749
1.3929912390488108,8.92903971946458,0.5365761289905507,0.5365761289905507,-0.2971936581536559,-0.8286619186401367,2.092172145843506,1.5481802225112915,-0.6065636277198792,0.052425943315029144,-0.650547981262207,0.33180248737335205,1.5603413581848145
1.397371714643304,6.632678656216153,-1.5180176919672885,-1.5180176919672885,-0.43974097431883746,-0.8194972276687622,2.100215435028076,1.5455231666564941,-0.5794081091880798,0.04957623407244682,-0.6261992454528809,0.3386375308036804,1.6694058179855347
1.4017521902377972,5.432458385995359,-0.4094271140791479,-0.4094271140791479,-0.7786677926275392,-0.8102973103523254,2.1051836013793945,1.5429850816726685,-0.574357271194458,0.046833183616399765,-0.657688319683075,0.34595033526420593,1.712188482284546
1.4061326658322904,5.34664164754662,0.542426181317809,0.542426181317809,-0.8580931377017065,-0.8010755777359009,2.1068015098571777,1.5404691696166992,-0.5855048894882202,0.04395219683647156,-0.6469053030014038,0.3534505367279053,1.674508810043335
1.4105131414267835,8.201180281132986,1.317972452367849,1.317972452367849,-1.4238913459003208,-0.7918468117713928,2.1076183319091797,1.5379043817520142,-0.5987773537635803,0.04111844301223755,-0.6060056686401367,0.36078569293022156,1.6212395429611206
1.4148936170212765,10.166745134241802,3.7798967907876024,3.7798967907876024,0.04819217278887933,-0.7826144695281982,2.1071808338165283,1.5352814197540283,-0.5978309512138367,0.03846384957432747,-0.5259345769882202,0.3678874969482422,1.52041494846344
1.4192740926157696,5.034953762649732,-1.6925626779193461,-1.6925626779193461,-0.21869899744086246,-0.7733840346336365,2.118119478225708,1.5326626300811768,-0.5545859336853027,0.03616000711917877,-0.41695696115493774,0.3745476305484772,1.7086467742919922
1.4236545682102628,7.297294573232245,-1.850821404205393,-1.850821404205393,-1.0261453894876937,-0.7641056776046753,2.1226320266723633,1.5302332639694214,-0.5594416260719299,0.03433353826403618,-0.4599984586238861,0.3820323050022125,1.759611964225769
1.4280350438047558,7.755700027862402,1.2517525315961815,1.2517525315961815,-0.023137251006825843,-0.7548075318336487,2.123673915863037,1.527782678604126,-0.5593512654304504,0.03231852501630783,-0.4840816259384155,0.3897402286529541,1.710321307182312
1.432415519399249,6.67874980645756,-0.18293201706583728,-0.18293201706583728,-0.7502227398656887,-0.7455048561096191,2.1320364475250244,1.5253324508666992,-0.5380655527114868,0.03019801713526249,-0.44685080647468567,0.3972322642803192,1.8421804904937744
1.436795994993742,8.359486705768813,-2.8371070079452823,-2.8371070079452823,-0.783762539695612,-0.7361655235290527,2.134305953979492,1.5229754447937012,-0.5385387539863586,0.028240598738193512,-0.4302841126918793,0.40530189871788025,1.8289210796356201
1.4411764705882353,5.918386897602737,0.8085338929560021,0.8085338929560021,-0.8372673998610771,-0.7268162369728088,2.1377458572387695,1.5206164121627808,-0.5255429744720459,0.026355748996138573,-0.49024829268455505,0.41331344842910767,1.8386234045028687
1.4455569461827285,6.521787798143122,-0.8025509228434624,-0.8025509228434624,-0.7802301555483542,-0.7174518704414368,2.13840913772583,1.518314242362976,-0.533967912197113,0.024208229035139084,-0.4421856701374054,0.42136749625205994,1.7962170839309692
1.4499374217772214,3.403621969224841,-4.46876836160262,-4.46876836160262,0.3237304011993597,-0.7080846428871155,2.1398565769195557,1.5159752368927002,-0.536385178565979,0.02227124571800232,-0.44283750653266907,0.4292357861995697,1.7736551761627197
1.4543178973717146,7.461124103927665,-0.8503774884625325,-0.8503774884625325,-0.6664531253355239,-0.6987110376358032,2.1468629837036133,1.5136256217956543,-0.5460770130157471,0.020331406965851784,-0.582793653011322,0.43700525164604187,1.888127326965332
1.4586983729662075,9.090203689743529,-1.398459429923945,-1.398459429923945,-0.8163323730269476,-0.6893067359924316,2.1499617099761963,1.5112335681915283,-0.5389041304588318,0.017778493463993073,-0.5881648063659668,0.445276141166687,1.9003758430480957
1.4630788485607007,7.501982494029647,0.6332555138177421,0.6332555138177421,-0.7764015607187428,-0.679888904094696,2.1532044410705566,1.5088728666305542,-0.5207985043525696,0.01520205195993185,-0.6051647663116455,0.4536007046699524,1.9137897491455078
1.467459324155194,6.837186395396362,0.9568018275365551,0.9568018275365551,0.8141161817047229,-0.6704568266868591,2.1551742553710938,1.506591558456421,-0.5153070688247681,0.012551141902804375,-0.563998281955719,0.4619840085506439,1.9064459800720215
1.471839799749687,8.175868579610658,-1.9552086522856358,-1.9552086522856358,-0.9646159982710472,-0.6610161662101746,2.1696174144744873,1.5043342113494873,-0.48876646161079407,0.01008056104183197,-0.5598313808441162,0.4703351557254791,2.1624908447265625
1.4762202753441802,6.567138726220562,0.5699970359876478,0.5699970359876478,-0.12591784829796193,-0.6515122056007385,2.1706721782684326,1.5021932125091553,-0.4812014698982239,0.0076282331719994545,-0.5887598395347595,0.47980788350105286,2.132533550262451
1.4806007509386734,4.4655482415391425,0.09148299809363425,0.09148299809363425,-1.8678711374142656,-0.6420036554336548,2.17728328704834,1.5000853538513184,-0.473055362701416,0.005049184896051884,-0.5684369206428528,0.48914939165115356,2.2201085090637207
1.4849812265331663,6.530269389013474,2.8254864233126424,2.8254864233126424,0.5219871675166231,-0.6324661374092102,2.1668334007263184,1.4980131387710571,-0.5111789703369141,0.002559160813689232,-0.5112175941467285,0.4988745152950287,1.9707691669464111
1.4893617021276595,5.096588305186206,1.0493353488185588,1.0493353488185588,-1.1587218279498441,-0.6229743957519531,2.1787803173065186,1.4957739114761353,-0.4927973747253418,0.0003197845071554184,-0.4439481198787689,0.5075074434280396,2.168482542037964
1.493742177722153,5.620346605537328,-0.17313190337946172,-0.17313190337946172,-1.4143724739820396,-0.6134303212165833,2.1745808124542236,1.4936152696609497,-0.5139917731285095,-0.0016249194741249084,-0.37946584820747375,0.5170064568519592,2.0512642860412598
1.4981226533166456,3.4133086896742513,-0.8896184706088136,-0.8896184706088136,-0.9316694441080067,-0.6039046049118042,2.16805362701416,1.491363763809204,-0.5349501967430115,-0.0032871603034436703,-0.3432177007198334,0.5259919762611389,1.8977749347686768
1.5025031289111388,4.241065334335751,1.5801777086718074,1.5801777086718074,-0.6587111870517014,-0.5944074988365173,2.1636950969696045,1.4890204668045044,-0.5659738183021545,-0.004790617153048515,-0.341989666223526,0.5343051552772522,1.7916370630264282
1.506883604505632,8.952654890219245,0.2063683883007692,0.2063683883007692,-1.7991658986531864,-0.5849294662475586,2.162339687347412,1.4865412712097168,-0.5857582688331604,-0.006288694683462381,-0.2766070067882538,0.5421533584594727,1.7457010746002197
1.5112640801001251,4.443876806871157,-0.043441670539464794,-0.043441670539464794,-0.3060065626894028,-0.5754573941230774,2.15380597114563,1.4839754104614258,-0.5854723453521729,-0.007500364910811186,-0.21803905069828033,0.5498003363609314,1.5772011280059814
1.5156445556946183,8.49454722608152,-0.001735451373140351,-0.001735451373140351,-1.3125689812213879,-0.5660226941108704,2.1555798053741455,1.4814107418060303,-0.5978582501411438,-0.008455479517579079,-0.21037131547927856,0.5567092299461365,1.5947693586349487
1.5200250312891113,9.36062860196953,0.5522598779851785,0.5522598779851785,-1.0429574445375116,-0.5565802454948425,2.150813579559326,1.4787918329238892,-0.5934505462646484,-0.009377006441354752,-0.1720908284187317,0.5636950731277466,1.5017645359039307
1.5244055068836044,6.500423260619625,-1.779181215156636,-1.779181215156636,-0.42180579950285046,-0.5471586585044861,2.149202346801758,1.4761922359466553,-0.5777320861816406,-0.010130845941603184,-0.12550541758537292,0.5702735185623169,1.4683490991592407
1.5287859824780976,7.972118924613413,-1.8150838891588108,-1.8150838891588108,-0.18457511781745944,-0.5377441048622131,2.151294469833374,1.4736615419387817,-0.575376570224762,-0.01068061962723732,-0.16514508426189423,0.5767055749893188,1.497002363204956
1.5331664580725906,5.849140084084015,0.41663731989041497,0.41663731989041497,0.260791296217177,-0.5283204317092896,2.15704607963562,1.4711410999298096,-0.5575114488601685,-0.011404033750295639,-0.21276110410690308,0.5832631587982178,1.5891497135162354
1.5375469336670835,8.516995507598944,0.5128871204486006,0.5128871204486006,-0.9362990680347838,-0.518871545791626,2.165677309036255,1.4686989784240723,-0.5499638319015503,-0.01233602873980999,-0.20820990204811096,0.5902243852615356,1.7248821258544922
1.541927409261577,8.70643350094055,-1.0384167709533338,-1.0384167709533338,-0.5473647239037609,-0.5093848705291748,2.164294719696045,1.4662898778915405,-0.5397911071777344,-0.013248086906969547,-0.16588906943798065,0.597780168056488,1.6940650939941406
1.54630788485607,6.39644131740849,-1.7110388815976765,-1.7110388815976765,-0.8672637997570015,-0.49990421533584595,2.1669986248016357,1.4639253616333008,-0.5221225023269653,-0.013974759727716446,-0.18022935092449188,0.605201005935669,1.732688307762146
1.5506883604505632,6.161211285096494,-0.4252342519676521,-0.4252342519676521,-1.2478291341898677,-0.4904117286205292,2.1643335819244385,1.4616382122039795,-0.5280061364173889,-0.014764250256121159,-0.20487025380134583,0.6127910017967224,1.6800082921981812
1.5550688360450562,8.225025698922769,-2.426807249710227,-2.426807249710227,-0.7252345927002457,-0.4809309244155884,2.157196283340454,1.4593253135681152,-0.5415792465209961,-0.015661679208278656,-0.1808478683233261,0.6201502084732056,1.5573230981826782
1.5594493116395494,6.08941705012262,-0.68812901253123,-0.68812901253123,-1.3336937856431943,-0.4714813828468323,2.157162666320801,1.4569529294967651,-0.5306239724159241,-0.016453878954052925,-0.23053918778896332,0.6269720196723938,1.5555660724639893
1.5638297872340423,8.90737833018084,1.2971064660681972,1.2971064660681972,-0.09157512322649702,-0.4620319902896881,2.148566722869873,1.454628586769104,-0.5459597110748291,-0.017463751137256622,-0.2116866409778595,0.633786141872406,1.4158618450164795
1.5682102628285357,6.916291789984161,-0.1734954937762268,-0.1734954937762268,0.29262019166485165,-0.4526202380657196,2.1557586193084717,1.4522370100021362,-0.5200498700141907,-0.018391039222478867,-0.17113274335861206,0.6399883031845093,1.5324875116348267
1.5725907384230289,3.7326436664466476,0.9369805778082734,0.9369805778082734,-0.0283990689276159,-0.4431769847869873,2.165672540664673,1.4499589204788208,-0.5043950080871582,-0.019140681251883507,-0.18474480509757996,0.6467013359069824,1.6854273080825806
1.5769712140175218,9.414617302352166,-2.9839657215379765,-2.9839657215379765,0.7041211615006067,-0.43369030952453613,2.1695239543914795,1.447749376296997,-0.5190234184265137,-0.019949952140450478,-0.15655265748500824,0.654084324836731,1.7354024648666382
1.581351689612015,7.4130082899187615,1.1859071098462168,1.1859071098462168,0.20015880779934936,-0.4241867661476135,2.1864590644836426,1.4454758167266846,-0.4779556393623352,-0.020635727792978287,-0.26425647735595703,0.6616862416267395,1.9948052167892456
1.5857321652065082,4.8600775406694465,-0.5126534287338392,-0.5126534287338392,0.18388309267662584,-0.41460904479026794,2.1963696479797363,1.4433821439743042,-0.4606209695339203,-0.021793296560645103,-0.2354695051908493,0.6704244613647461,2.137028932571411
1.5901126408010011,6.898899532158735,0.8887807277934436,0.8887807277934436,-0.4368800598592816,-0.4049879014492035,2.2041919231414795,1.4413644075393677,-0.46397146582603455,-0.022824764251708984,-0.25581058859825134,0.6797856688499451,2.2388148307800293
1.5944931163954943,6.317020385501397,0.27407149669304304,0.27407149669304304,-1.4456052270288788,-0.3953324854373932,2.206540822982788,1.4393320083618164,-0.4605995714664459,-0.023945337161421776,-0.21709708869457245,0.689592719078064,2.261662244796753
1.5988735919899877,7.247142760058781,-1.9632442739703915,-1.9632442739703915,-0.8841191926139356,-0.38566678762435913,2.196342945098877,1.4373143911361694,-0.47648075222969055,-0.024896325543522835,-0.16687707602977753,0.6994998455047607,2.100799083709717
1.6032540675844804,9.780157724511662,-0.6430731778651761,-0.6430731778651761,-1.324443023126269,-0.37604576349258423,2.1931564807891846,1.4352271556854248,-0.47682610154151917,-0.02562732622027397,-0.19839094579219818,0.7087023258209229,2.049286127090454
1.6076345431789736,9.012967699568877,1.9114850042658198,1.9114850042658198,-0.23524442664641398,-0.36643868684768677,2.186424970626831,1.4331384897232056,-0.46367108821868896,-0.026496373116970062,-0.17849278450012207,0.7176792025566101,1.9558340311050415
1.6120150187734668,8.240012805274594,-0.782901195627005,-0.782901195627005,-0.47561243550218046,-0.3568611145019531,2.1921169757843018,1.4311074018478394,-0.44107502698898315,-0.02727825567126274,-0.11580147594213486,0.72624671459198,2.0391087532043457
1.61639549436796,6.206242142900487,-0.23054366711779106,-0.23054366711779106,0.9096408923510066,-0.347258597612381,2.194249391555786,1.4291752576828003,-0.4280901551246643,-0.027785521000623703,-0.12477528303861618,0.7351790070533752,2.0691721439361572
1.620775969962453,4.249900023976665,-0.25076368854393344,-0.25076368854393344,-0.31113782414953306,-0.3376467525959015,2.212092876434326,1.427299976348877,-0.4117819666862488,-0.028332095593214035,-0.15807229280471802,0.7442429661750793,2.3104751110076904
1.625156445556946,10.745509545063165,-1.2181182854963233,-1.2181182854963233,-0.8356741106428547,-0.3279567360877991,2.213374614715576,1.425496220588684,-0.42794105410575867,-0.029024526476860046,-0.15630917251110077,0.7543639540672302,2.3135414123535156
1.6295369211514392,8.066290102885539,1.3759824414134374,1.3759824414134374,-0.023202431040256988,-0.3182610869407654,2.2129783630371094,1.423621654510498,-0.4013201892375946,-0.029709234833717346,-0.16747775673866272,0.7644983530044556,2.311291217803955
1.6339173967459324,8.530208993662086,-1.3408247599163758,-1.3408247599163758,-0.27027548317717337,-0.30856719613075256,2.2208144664764404,1.4218636751174927,-0.38443610072135925,-0.030442867428064346,-0.12661713361740112,0.774622917175293,2.412989854812622
1.6382978723404251,5.697252673818326,-1.0908334633597914,-1.0908334633597914,-1.4228665446891622,-0.2988389730453491,2.2258758544921875,1.4201796054840088,-0.3676494359970093,-0.030997510999441147,-0.15788057446479797,0.7851929664611816,2.476768732070923
1.6426783479349183,6.067938849515951,0.3625658671733688,0.3625658671733688,-0.8349260139812548,-0.28908857703208923,2.2135186195373535,1.4185690879821777,-0.3880055844783783,-0.031689103692770004,-0.1481841504573822,0.7960423827171326,2.30350923538208
1.6470588235294117,4.579994495270401,-1.408386149619095,-1.408386149619095,-1.0524378257746436,-0.2793923020362854,2.208766460418701,1.4168694019317627,-0.3975163400173187,-0.0323382206261158,-0.11321359127759933,0.8061328530311584,2.235785961151123
1.6514392991239049,5.385832256961873,-0.32444739846587856,-0.32444739846587856,-1.2298520351554831,-0.26971685886383057,2.1996819972991943,1.4151281118392944,-0.4210629165172577,-0.03283414989709854,-0.12360841035842896,0.8159266710281372,2.1109158992767334
1.655819774718398,10.613401072218112,0.6040170533734338,0.6040170533734338,0.1482415744659289,-0.2600812017917633,2.1884381771087646,1.4132837057113647,-0.4405657947063446,-0.033375613391399384,-0.0971677228808403,0.8251734972000122,1.964643955230713
1.660200250312891,5.250456179921759,-1.0544975107228394,-1.0544975107228394,-0.35556637424237025,-0.2504948079586029,2.199652910232544,1.4113538265228271,-0.4028746485710144,-0.033801253885030746,-0.08385763317346573,0.8337795734405518,2.1200034618377686
1.6645807259073842,9.52907729722554,-1.8154198613565196,-1.8154198613565196,-1.272410761022153,-0.2408592849969864,2.2000579833984375,1.4095890522003174,-0.4123464822769165,-0.03416858986020088,-0.1042686402797699,0.8430662155151367,2.1219615936279297
1.668961201501877,7.637346988765122,-2.0793552297349587,-2.0793552297349587,-0.05487930274113578,-0.2312219887971878,2.190732955932617,1.407782793045044,-0.4011492133140564,-0.0346253365278244,-0.12012622505426407,0.8523614406585693,2.0156753063201904
1.6733416770963705,8.111897280285131,-0.7856860391497622,-0.7856860391497622,-0.6815596323656596,-0.22162553668022156,2.196805477142334,1.4060255289077759,-0.38901469111442566,-0.03515154495835304,-0.17924733459949493,0.8611910343170166,2.0964019298553467
1.6777221526908634,4.057675492475141,-0.9478854783995614,-0.9478854783995614,-0.1376239218590482,-0.2120024859905243,2.194359302520752,1.4043214321136475,-0.38123056292533875,-0.03593673184514046,-0.18228815495967865,0.8703742623329163,2.073178768157959
1.6821026282853566,9.052893925456454,0.227178085449746,0.227178085449746,-0.04951732972988876,-0.2023901492357254,2.1965980529785156,1.4026514291763306,-0.39716294407844543,-0.03673524037003517,-0.20595036447048187,0.8794557452201843,2.096151828765869
1.6864831038798498,7.59246857313724,-2.1302695221878496,-2.1302695221878496,1.2917191409969813,-0.19276800751686096,2.2035772800445557,1.4009116888046265,-0.375000536441803,-0.03763740137219429,-0.19786998629570007,0.888637900352478,2.1906514167785645
1.690863579474343,7.569513823206143,-0.374373628269418,-0.374373628269418,-0.7875119848734635,-0.18311528861522675,2.229011297225952,1.3992689847946167,-0.3481869399547577,-0.038504164665937424,-0.2978028953075409,0.8982340097427368,2.4994943141937256
1.695244055068836,7.623543675335261,-1.3857817406221395,-1.3857817406221395,-0.7940799608400475,-0.17335115373134613,2.224482297897339,1.3977437019348145,-0.34664708375930786,-0.03980868309736252,-0.28573793172836304,0.9091829657554626,2.4470648765563965
1.699624530663329,6.110861243032552,1.6231742703663579,1.6231742703663579,-0.6789288574819243,-0.16360686719417572,2.2195675373077393,1.3962252140045166,-0.3447544276714325,-0.041060350835323334,-0.3030174970626831,0.9199022650718689,2.392683744430542
1.7040050062578225,8.975822540462833,0.351303608244651,0.351303608244651,0.39125825769899436,-0.15388411283493042,2.2150654792785645,1.3947150707244873,-0.35264289379119873,-0.0423877127468586,-0.23578879237174988,0.9303833842277527,2.340636730194092
1.7083854818523152,8.203140828909438,0.47645230006958644,0.47645230006958644,-0.843816791054872,-0.14418107271194458,2.228137254714966,1.3931703567504883,-0.3275209367275238,-0.04342057928442955,-0.23695559799671173,0.9406365156173706,2.502845287322998
1.7127659574468084,7.802052206579622,1.7091391312934792,1.7091391312934792,0.03175647116437241,-0.13442076742649078,2.222179889678955,1.3917356729507446,-0.3222205638885498,-0.04445855692028999,-0.19839954376220703,0.951600193977356,2.441744089126587
1.7171464330413015,9.155883083881896,-0.4341405426113219,-0.4341405426113219,-0.45008183734628027,-0.12468656152486801,2.2289717197418213,1.3903242349624634,-0.31028375029563904,-0.04532764106988907,-0.14941464364528656,0.962296187877655,2.526550769805908
1.7215269086357947,11.447239549489957,-0.6564496865190809,-0.6564496865190809,-0.9147551080820483,-0.11492260545492172,2.229135274887085,1.3889650106430054,-0.29401010274887085,-0.04598214849829674,-0.14894910156726837,0.9733636975288391,2.5400660037994385
1.725907384230288,5.529962716480358,-1.5912819053794636,-1.5912819053794636,0.43456813412310374,-0.10515793412923813,2.22322678565979,1.3876770734786987,-0.2661862075328827,-0.04663461819291115,-0.14140576124191284,0.9844903945922852,2.4939117431640625
1.7302878598247808,6.8116647480080905,0.04078361654632964,0.04078361654632964,-0.5316147643263318,-0.09541914612054825,2.2346913814544678,1.3865110874176025,-0.26716360449790955,-0.0472540408372879,-0.20056700706481934,0.9954149127006531,2.622253656387329
1.734668335419274,8.722560510842406,0.4437339141506151,0.4437339141506151,-1.3676627248202493,-0.0856301337480545,2.2317988872528076,1.3853408098220825,-0.2692057192325592,-0.04813262075185776,-0.18385115265846252,1.0069016218185425,2.5944406986236572
1.7390488110137672,7.918666657003063,0.3973191066660009,0.3973191066660009,-1.8565734115857468,-0.07585379481315613,2.2164392471313477,1.3841615915298462,-0.26589319109916687,-0.048937976360321045,-0.1309526264667511,1.0182665586471558,2.438201904296875
1.74342928660826,4.696043903791425,1.9296381681415857,1.9296381681415857,-0.3409507655593757,-0.06614473462104797,2.1923584938049316,1.3829967975616455,-0.27277591824531555,-0.049511611461639404,-0.06513182073831558,1.0289469957351685,2.188366413116455
1.7478097622027533,6.191741304120025,1.2318784331671464,1.2318784331671464,0.3813525607118353,-0.05654115974903107,2.1903605461120605,1.381801962852478,-0.2874409258365631,-0.04979692026972771,0.0011765733361244202,1.038533091545105,2.1708712577819824
1.7521902377972465,5.863458780720213,-0.4649402853005463,-0.4649402853005463,-0.7709101971844468,-0.046946339309215546,2.200587034225464,1.3805428743362427,-0.2846018075942993,-0.049791764467954636,0.026014626026153564,1.0480425357818604,2.290586471557617
1.7565707133917396,8.633113833163334,0.5716334702691369,0.5716334702691369,-0.3053787617255511,-0.03730672225356102,2.1920697689056396,1.3792961835861206,-0.2952427268028259,-0.049677807837724686,0.03494991734623909,1.0580763816833496,2.207120895385742
1.7609511889862328,5.779203414192888,-0.3383554601576033,-0.3383554601576033,-0.07729719060619727,-0.02770441398024559,2.1921606063842773,1.3780028820037842,-0.2818015515804291,-0.049524709582328796,0.06056145578622818,1.0677446126937866,2.22638201713562
1.7653316645807258,8.880205513607697,-1.6821323830454582,-1.6821323830454582,-0.2631188710518471,-0.018101707100868225,2.194603204727173,1.3767684698104858,-0.28663334250450134,-0.04925942048430443,0.05293772742152214,1.0774972438812256,2.260354518890381
1.769712140175219,7.5789665810474744,-0.6658557699817118,-0.6658557699817118,0.06163154830153761,-0.008488301187753677,2.1952929496765137,1.3755128383636475,-0.27136948704719543,-0.04902752861380577,0.011498034000396729,1.087398648262024,2.286156415939331
1.774092615769712,8.28974259279118,-0.8741920003956078,-0.8741920003956078,0.007757970961602301,0.001128125935792923,2.2006967067718506,1.374324083328247,-0.26260676980018616,-0.048977162688970566,-0.00974690355360508,1.0974130630493164,2.3564651012420654
1.778473091364205,7.3703278101917356,1.8934605042326291,1.8934605042326291,-0.6788515659333831,0.010768224485218525,2.205461025238037,1.373173713684082,-0.24958714842796326,-0.04901985824108124,-0.035502638667821884,1.107735514640808,2.4216396808624268
1.7828535669586982,4.932089767177898,-0.7504361617871417,-0.7504361617871417,-0.18582995000419072,0.02042919397354126,2.1982996463775635,1.3720804452896118,-0.2490299493074417,-0.04917537793517113,0.03961702808737755,1.118343472480774,2.359607219696045
1.7872340425531914,9.531184470640827,-0.04632339976512964,-0.04632339976512964,-0.5041398105757361,0.030058791860938072,2.1982297897338867,1.3709895610809326,-0.26138752698898315,-0.04900183528661728,0.02312873676419258,1.128679633140564,2.3636417388916016
1.7916145181476846,10.204325873373564,-0.5344688253135852,-0.5344688253135852,-1.2882874353524592,0.03968808427453041,2.1944003105163574,1.3698445558547974,-0.2442518025636673,-0.04890051856637001,0.036498427391052246,1.139033555984497,2.3446707725524902
1.7959949937421775,8.27892607533266,-1.145996429896587,-1.145996429896587,-1.250935374704812,0.049300603568553925,2.1772847175598145,1.368774652481079,-0.2285938262939453,-0.04874063655734062,0.05851232260465622,1.1493042707443237,2.1930084228515625
1.8003754693366707,9.237751995118721,-2.0180768830011115,-2.0180768830011115,-0.01713641965985513,0.058838147670030594,2.15974497795105,1.3677732944488525,-0.22567175328731537,-0.04848432540893555,0.06157687306404114,1.1589106321334839,2.032904863357544
1.804755944931164,8.441108072341402,0.20140192457011707,0.20140192457011707,-1.0986030860631826,0.06829886138439178,2.1633338928222656,1.366784691810608,-0.20648305118083954,-0.048214588314294815,0.0031430646777153015,1.1678156852722168,2.091341495513916
1.809136420525657,8.592861993827917,1.641030556410988,1.641030556410988,-0.7518693911629462,0.07777529209852219,2.1479897499084473,1.3658802509307861,-0.20096348226070404,-0.0482008196413517,0.04110733047127724,1.1769767999649048,1.9560513496398926
1.81351689612015,4.35869712802499,-1.9476423151646358,-1.9476423151646358,0.4442466086461743,0.08718451112508774,2.1383767127990723,1.3649998903274536,-0.1916077882051468,-0.048020750284194946,0.1109876036643982,1.1855452060699463,1.88037109375
1.8178973717146432,5.07429358149473,-0.8273300191582216,-0.8273300191582216,-0.39937174564433964,0.09655161947011948,2.1480116844177246,1.3641605377197266,-0.20293079316616058,-0.04753457009792328,0.04113686829805374,1.193782091140747,1.9842194318771362
1.8222778473091363,6.498106171260497,-1.4417032740319315,-1.4417032740319315,-0.1690210282978839,0.10596093535423279,2.143233299255371,1.3632715940475464,-0.21542128920555115,-0.04735437035560608,0.028639130294322968,1.2024738788604736,1.9458062648773193
1.8266583229036293,9.529856678967784,0.6624488989362654,0.6624488989362654,-1.2758468111958152,0.11534931510686874,2.142746686935425,1.3623279333114624,-0.2165011465549469,-0.047228917479515076,-0.008527223020792007,1.210997462272644,1.954891324043274
1.831038798498123,5.041453222668295,0.22361192497205495,0.22361192497205495,0.025419684143665855,0.12473556399345398,2.1236002445220947,1.3613795042037964,-0.20410992205142975,-0.04726627096533775,0.04807715862989426,1.2195608615875244,1.788895845413208
1.835419274092616,4.732227144560298,-1.0925117972563454,-1.0925117972563454,-0.6652603514610798,0.13403794169425964,2.125844717025757,1.3604854345321655,-0.21376730501651764,-0.047055669128894806,0.05386500060558319,1.227397084236145,1.8215118646621704
1.8397997496871088,5.878238929051756,-0.8380060660076158,-0.8380060660076158,0.08792955644877842,0.14335015416145325,2.115807056427002,1.3595490455627441,-0.22999808192253113,-0.04681971296668053,0.041387904435396194,1.2353761196136475,1.7322254180908203
1.844180225281602,8.81099768043996,0.06003705108522686,0.06003705108522686,1.11195932343402,0.1526183933019638,2.119187831878662,1.358541488647461,-0.23356764018535614,-0.04663841426372528,0.014347648248076439,1.2429641485214233,1.7787269353866577
1.848560700876095,6.408386007902718,-0.5719797798143795,-0.5719797798143795,0.8542137924242345,0.16190144419670105,2.141298532485962,1.3575183153152466,-0.21107856929302216,-0.04657556489109993,-0.016371818259358406,1.250755786895752,2.0168814659118652
1.852941176470588,4.580662836020368,-0.6303640969724313,-0.6303640969724313,1.044673703155461,0.1712813526391983,2.158399820327759,1.3565937280654907,-0.20713715255260468,-0.04664728045463562,-0.0580211877822876,1.259590744972229,2.197072982788086
1.8573216520650813,8.195719067243747,-1.4550562707762842,-1.4550562707762842,0.6991656501905732,0.18073616921901703,2.1785781383514404,1.3556864261627197,-0.21510039269924164,-0.04690144211053848,-0.10693760216236115,1.2692149877548218,2.400259017944336
1.8617021276595744,8.52101533110919,0.2532884202897435,0.2532884202897435,-0.5252988536803826,0.19027937948703766,2.193297863006592,1.3547441959381104,-0.20105308294296265,-0.047369878739118576,-0.16984772682189941,1.2797292470932007,2.5598654747009277
1.866082603254068,8.76127393625589,-0.2727680588579833,-0.2727680588579833,-0.5458971841079375,0.19988706707954407,2.1860718727111816,1.3538634777069092,-0.19196052849292755,-0.04811389371752739,-0.14711050689220428,1.290942668914795,2.507406234741211
1.8704630788485608,12.22245907604987,-0.2477399789173755,-0.2477399789173755,-0.11033557826861268,0.20946310460567474,2.17818546295166,1.353022575378418,-0.18123109638690948,-0.048758309334516525,-0.1391342729330063,1.3019262552261353,2.4505624771118164
1.8748435544430535,10.483950601546896,0.12875857679667896,0.12875857679667896,-1.0729560477255486,0.2190045863389969,2.1781840324401855,1.3522286415100098,-0.1447882354259491,-0.04936778545379639,-0.14314691722393036,1.3126609325408936,2.481370687484741
1.879224030037547,6.483871652200671,-1.3768489191491082,-1.3768489191491082,-0.19253443722104457,0.22854606807231903,2.160329580307007,1.3515944480895996,-0.12487030029296875,-0.04999483749270439,-0.1080530434846878,1.3235305547714233,2.3363194465637207
1.88360450563204,6.843521948936429,-0.6366125994312986,-0.6366125994312986,-0.565003736351454,0.23800933361053467,2.157803535461426,1.3510475158691406,-0.12748967111110687,-0.05046816170215607,-0.14263877272605896,1.3337647914886475,2.326763391494751
1.887984981226533,3.6576356038339304,0.8709325009957377,0.8709325009957377,0.12203830977836969,0.24746154248714447,2.1483302116394043,1.3504890203475952,-0.1293306052684784,-0.05109298601746559,-0.14472997188568115,1.3439570665359497,2.2527220249176025
1.8923654568210264,9.302892746135354,0.9322368800610417,0.9322368800610417,0.711601420895718,0.2568722367286682,2.151109457015991,1.34992253780365,-0.14952167868614197,-0.051726970821619034,-0.122859887778759,1.3538250923156738,2.2858002185821533
1.8967459324155196,5.923146087004887,-2.5285263685006187,-2.5285263685006187,-0.6704564510077137,0.26629510521888733,2.1644539833068848,1.349267601966858,-0.1295301467180252,-0.05226515606045723,-0.11641663312911987,1.3638379573822021,2.437563180923462
1.9011264080100123,7.334755526629477,-1.4347931163153225,-1.4347931163153225,-0.2597690620382561,0.2757764458656311,2.1525068283081055,1.3487001657485962,-0.13807421922683716,-0.05277511477470398,-0.17067816853523254,1.3745156526565552,2.338601589202881
1.9055068836045053,8.799446449398843,-0.71040306468088,-0.71040306468088,0.057356546340966874,0.2852054536342621,2.1477503776550293,1.3480952978134155,-0.13535825908184052,-0.05352276563644409,-0.20499259233474731,1.384759783744812,2.3132619857788086
1.9098873591989989,5.8264780503534315,0.039401834740174335,0.039401834740174335,-0.07701648631767817,0.29461362957954407,2.1484477519989014,1.34750235080719,-0.12169069796800613,-0.05442073196172714,-0.227413609623909,1.394892930984497,2.344928741455078
1.914267834793492,9.451122550164463,0.34676819996421215,0.34676819996421215,-0.6798273983322639,0.3040248453617096,2.146780014038086,1.3469692468643188,-0.12849712371826172,-0.05541691184043884,-0.2240138202905655,1.4051648378372192,2.344803810119629
1.9186483103879848,8.843489306979393,0.22708717824062646,0.22708717824062646,-0.74478554998614,0.31342875957489014,2.1332573890686035,1.34640634059906,-0.11296408623456955,-0.05639819800853729,-0.19403398036956787,1.4154361486434937,2.246593952178955
1.923028785982478,5.637722810572292,-0.7249954355561029,-0.7249954355561029,-0.7501541830882881,0.32277345657348633,2.118293285369873,1.3459115028381348,-0.10139884054660797,-0.05724816024303436,-0.16565221548080444,1.4252773523330688,2.134042263031006
1.9274092615769711,8.913156595441174,1.1222539309164166,1.1222539309164166,0.5448521452767429,0.3320525884628296,2.1035726070404053,1.3454673290252686,-0.11092231422662735,-0.057973794639110565,-0.1649174988269806,1.434625506401062,2.013516426086426
1.9317897371714643,7.553727217152183,-1.429837420756451,-1.429837420756451,-0.17730053321406958,0.3412672281265259,2.1118831634521484,1.3449814319610596,-0.09498444199562073,-0.058696210384368896,-0.1480555385351181,1.4434456825256348,2.1208269596099854
1.9361702127659572,6.843797566771897,-1.0505114956195896,-1.0505114956195896,-1.1834465447198999,0.35051828622817993,2.1069536209106445,1.3445653915405273,-0.09015626460313797,-0.05934476479887962,-0.18463358283042908,1.4527359008789062,2.0998337268829346
1.9405506883604504,10.241446266223022,0.31504353671309865,0.31504353671309865,-0.1474048739808461,0.3597477376461029,2.083327054977417,1.3441704511642456,-0.09223157167434692,-0.060153547674417496,-0.18075145781040192,1.461934208869934,1.9025397300720215
1.944931163954944,8.080393901297185,3.6845496989681457,3.6845496989681457,0.7868411732366831,0.3688737154006958,2.0776758193969727,1.343766450881958,-0.06904057413339615,-0.06094532459974289,-0.1672464907169342,1.4702682495117188,1.8863548040390015
1.9493116395494368,6.555536136813564,0.7069728823362047,0.7069728823362047,-0.8051446630962137,0.3779749274253845,2.089850664138794,1.3434640169143677,-0.05845393240451813,-0.06167794391512871,-0.08262421190738678,1.4785313606262207,2.0285027027130127
1.9536921151439297,5.299705558867765,-0.5625866070469656,-0.5625866070469656,-1.0939694095614683,0.38712945580482483,2.072751522064209,1.3432079553604126,-0.06115671619772911,-0.062039878219366074,-0.03846558555960655,1.487417221069336,1.8929156064987183
1.9580725907384229,7.50331671078029,-2.197178092172651,-2.197178092172651,-0.42954365031250763,0.39620909094810486,2.0505473613739014,1.342940092086792,-0.0722903311252594,-0.062208376824855804,-0.0229475237429142,1.4957090616226196,1.705711007118225
1.962453066332916,9.307553418950567,-1.0116638593570535,-1.0116638593570535,-0.961972548387536,0.40519145131111145,2.0397303104400635,1.3426234722137451,-0.06736906617879868,-0.0623088963329792,-0.07456805557012558,1.5031808614730835,1.633182406425476
1.9668335419274088,7.8519005390779775,-2.731067174349063,-2.731067174349063,-0.5672248853240371,0.414126455783844,2.0181093215942383,1.3423283100128174,-0.050967250019311905,-0.06263554096221924,-0.07601919770240784,1.5103349685668945,1.4676297903060913
1.9712140175219024,7.187831520221977,0.9191602681334494,0.9191602681334494,0.4662564483219265,0.42296674847602844,2.004276990890503,1.3421050310134888,-0.04343075677752495,-0.06296854466199875,-0.13921025395393372,1.5167639255523682,1.3691482543945312
1.9755944931163956,5.846324503994993,0.3941990568050068,0.3941990568050068,-0.3121550948712517,0.4317464232444763,2.00989031791687,1.3419147729873657,-0.03906894475221634,-0.06357835233211517,-0.12598402798175812,1.5227614641189575,1.4486361742019653
1.9799749687108883,4.457429671654567,-1.6061948665585708,-1.6061948665585708,-0.11482393525435547,0.44055068492889404,2.001451253890991,1.3417435884475708,-0.0444808155298233,-0.06413022428750992,-0.10535624623298645,1.5291072130203247,1.3929163217544556
1.9843554443053817,8.447568225679639,0.9217008703092351,0.9217008703092351,-0.3507767349087234,0.449317991733551,1.9972405433654785,1.3415488004684448,-0.05885549634695053,-0.06459173560142517,-0.14890900254249573,1.535208821296692,1.3711748123168945
1.9887359198998744,7.161300796657528,1.8491721793074845,1.8491721793074845,-0.4340911107310109,0.45806685090065,1.9865922927856445,1.3412909507751465,-0.04684795066714287,-0.06524402648210526,-0.11174862086772919,1.541215181350708,1.305889368057251
1.993116395494368,7.86480465072456,-0.9696499843338074,-0.9696499843338074,-0.9715787610211803,0.4667690694332123,1.9748784303665161,1.3410857915878296,-0.04330941289663315,-0.06573353707790375,-0.0450700968503952,1.5469355583190918,1.2259920835494995
1.997496871088861,8.349353547025201,-0.9666159935478571,-0.9666159935478571,-0.00525202168076562,0.4754199683666229,1.9526281356811523,1.3408961296081543,-0.03519749641418457,-0.06593096256256104,-0.04501377046108246,1.5523059368133545,1.051697015762329
2.001877346683354,7.571738900385914,-0.1449000149677696,-0.1449000149677696,0.07800881292267678,0.4839734137058258,1.94807767868042,1.3407419919967651,-0.023246973752975464,-0.06612814217805862,-0.0730886459350586,1.556912899017334,1.0433839559555054
2.0062578222778478,7.83203752869775,-2.3327249650746804,-2.3327249650746804,0.49032480013228874,0.4925069212913513,1.9454137086868286,1.3406401872634888,-0.01642867550253868,-0.06644830852746964,-0.07959829270839691,1.561483383178711,1.0494900941848755
2.0106382978723403,5.338832316611837,-0.7849748838466739,-0.7849748838466739,-0.0378698368921366,0.5010287761688232,1.950221300125122,1.3405681848526,-0.00782066024839878,-0.06679698824882507,-0.16204029321670532,1.5660806894302368,1.1259809732437134
2.015018773466833,5.720365116738278,1.0800813392805537,1.0800813392805537,0.24254580581978763,0.5095716714859009,1.9464744329452515,1.340533971786499,-0.015936996787786484,-0.067506805062294,-0.18385812640190125,1.5710129737854004,1.1132334470748901
2.0193992490613266,7.104209235818318,-0.8809848439202788,-0.8809848439202788,0.09679859621297218,0.5180981755256653,1.9476587772369385,1.3404641151428223,-0.021501664072275162,-0.06831219047307968,-0.15939943492412567,1.5758894681930542,1.1479690074920654
2.02377972465582,6.428052883167444,1.0034772907973835,1.0034772907973835,0.9348699980853917,0.5266298651695251,1.945184588432312,1.3403699398040771,-0.01791750267148018,-0.06901043653488159,-0.18795381486415863,1.5809180736541748,1.154977798461914
2.028160200250313,5.558061266553222,0.6638149367714847,0.6638149367714847,-0.5292238111110713,0.5351507067680359,1.9586814641952515,1.3402915000915527,-0.018996547907590866,-0.06983376294374466,-0.18595026433467865,1.5859774351119995,1.3072618246078491
2.032540675844806,7.073517246891173,-0.12406862689927711,-0.12406862689927711,0.2109304001134086,0.5437306761741638,1.945238709449768,1.3402082920074463,-0.025701846927404404,-0.07064831256866455,-0.1511097550392151,1.5917038917541504,1.2068506479263306
2.036921151439299,7.258795535661224,-0.6834668726032735,-0.6834668726032735,-1.5995120229731743,0.5522517561912537,1.9445371627807617,1.3400957584381104,-0.02244594506919384,-0.07131024450063705,-0.1608927845954895,1.5969904661178589,1.2312602996826172
2.0413016270337923,8.290343665483304,0.6790368427232246,0.6790368427232246,0.958696859017334,0.5607697367668152,1.9097479581832886,1.339997410774231,-0.01711409166455269,-0.07201503217220306,-0.13414135575294495,1.6023839712142944,0.9412393569946289
2.045682102628285,5.882483720495867,-0.1566076183435287,-0.1566076183435287,0.4517205017020213,0.5691353678703308,1.921950340270996,1.3399224281311035,-0.005969262681901455,-0.07260263711214066,-0.142308309674263,1.6065070629119873,1.091116189956665
2.0500625782227786,8.772929870648719,0.33850530974185367,0.33850530974185367,0.6575224447839293,0.5775544047355652,1.926247000694275,1.339896321296692,-0.010702550411224365,-0.07322601228952408,-0.1600734144449234,1.6112866401672363,1.1573984622955322
2.0544430538172715,8.067656237036537,-0.6090646888785054,-0.6090646888785054,-0.2502048709681492,0.5859922766685486,1.9322240352630615,1.3398494720458984,0.003522302955389023,-0.07392720878124237,-0.1693897247314453,1.616356611251831,1.2525722980499268
2.0588235294117645,8.885204695692181,-1.028287198686599,-1.028287198686599,0.38436805917205463,0.5944563150405884,1.9216082096099854,1.3398648500442505,0.013671346008777618,-0.07466921955347061,-0.17986956238746643,1.6218434572219849,1.1912893056869507
2.063204005006258,6.867978932446877,0.36708221594550694,0.36708221594550694,0.20252466258066043,0.6028738617897034,1.9220912456512451,1.339924693107605,0.02876240760087967,-0.0754571333527565,-0.2211235761642456,1.6270618438720703,1.2369741201400757
2.067584480600751,3.72194317357207,-0.7914735272072664,-0.7914735272072664,0.2423207851366065,0.6112935543060303,1.920565128326416,1.3400506973266602,0.03054817207157612,-0.07642576098442078,-0.21631798148155212,1.6324803829193115,1.2551543712615967
2.071964956195244,7.894731817859681,-2.3764055588471393,-2.3764055588471393,0.24662678487010703,0.6197065711021423,1.9221166372299194,1.3401845693588257,0.011321533471345901,-0.07737333327531815,-0.24650804698467255,1.6379785537719727,1.2875078916549683
2.076345431789737,6.068973563276498,0.8850328717436278,0.8850328717436278,-1.4626491661825811,0.6281263828277588,1.920310139656067,1.3402341604232788,0.01981089636683464,-0.07845315337181091,-0.3231089115142822,1.6436184644699097,1.3089221715927124
2.08072590738423,6.5447641834409005,-1.8638753491340396,-1.8638753491340396,-0.10115095145077518,0.6365382671356201,1.887963056564331,1.3403209447860718,0.018432535231113434,-0.07986852526664734,-0.25454914569854736,1.6493521928787231,1.0386978387832642
2.085106382978723,7.8184404062939485,-0.01372542722568959,-0.01372542722568959,0.22630655252053936,0.6448084712028503,1.880481243133545,1.3404016494750977,0.01869441755115986,-0.08098357170820236,-0.30602627992630005,1.6539021730422974,1.001885175704956
2.0894868585732165,6.059510118975398,1.3609165248939739,1.3609165248939739,-0.4064540809121991,0.6530458927154541,1.8778767585754395,1.340483546257019,0.026990195736289024,-0.08232410997152328,-0.3130359649658203,1.6582908630371094,1.0171664953231812
2.093867334167709,8.44013485395803,-1.0755007695242584,-1.0755007695242584,0.16120935877370363,0.661271870136261,1.8648840188980103,1.3406018018722534,0.024577956646680832,-0.08369535952806473,-0.26142314076423645,1.662746548652649,0.927676796913147
2.098247809762203,7.564718468419675,-0.5536820830921374,-0.5536820830921374,0.177546295251227,0.6694409251213074,1.8601837158203125,1.3407094478607178,0.037188176065683365,-0.08484051376581192,-0.29753899574279785,1.6668102741241455,0.9279958605766296
2.102628285356696,7.695684656387674,3.027008440798827,3.027008440798827,-1.1072699725418487,0.6775894165039062,1.8564451932907104,1.3408724069595337,0.043934401124715805,-0.0861438736319542,-0.3188931941986084,1.6708753108978271,0.9332775473594666
2.1070087609511887,6.012164621602784,-1.70657418745556,-1.70657418745556,0.894192909026387,0.6857215166091919,1.8285295963287354,1.3410648107528687,0.05395028740167618,-0.08754077553749084,-0.19815915822982788,1.6749634742736816,0.7150125503540039
2.111389236545682,9.40666841245902,0.19324564285518064,0.19324564285518064,-0.8725220289316037,0.6937313675880432,1.8393335342407227,1.3413010835647583,0.049110446125268936,-0.08840880542993546,-0.274109810590744,1.6780955791473389,0.8483379483222961
2.115769712140175,5.402378108796411,0.5493213709180288,0.5493213709180288,1.599129683214998,0.7017885446548462,1.8138710260391235,1.3415162563323975,0.0703204870223999,-0.0896095335483551,-0.2429860234260559,1.6818116903305054,0.663135826587677
2.1201501877346685,6.1150815753368235,1.3711919675628226,1.3711919675628226,1.1320731192321383,0.7097341418266296,1.8381866216659546,1.3418242931365967,0.059889987111091614,-0.09067393094301224,-0.27364376187324524,1.6847165822982788,0.9197446703910828
2.1245306633291614,6.9204282049226045,1.652374846515087,1.652374846515087,-0.8031659886454897,0.7177862524986267,1.8529928922653198,1.342086672782898,0.05494110658764839,-0.09187261760234833,-0.2666607201099396,1.6887454986572266,1.0924255847930908
2.1289111389236544,7.0644972900700695,0.098732288122395,0.098732288122395,0.3036216210643331,0.7259032726287842,1.83089280128479,1.342327356338501,0.05939456820487976,-0.09304071962833405,-0.1949511468410492,1.693530797958374,0.92647784948349
2.133291614518148,8.897233201466994,2.076017566587509,2.076017566587509,1.2527816113874013,0.7339234352111816,1.8290753364562988,1.3425875902175903,0.0625247061252594,-0.09389469772577286,-0.20093455910682678,1.6975891590118408,0.950737714767456
2.1376720901126407,8.474184315699004,-1.6567577822938087,-1.6567577822938087,-1.0256543017758089,0.741935670375824,1.84280264377594,1.342861533164978,0.07563336193561554,-0.09477488696575165,-0.1768934577703476,1.701753854751587,1.1311209201812744
2.1420525657071336,8.32482452526158,0.884252226752699,0.884252226752699,-0.6671406725055564,0.7500080466270447,1.8145700693130493,1.3431928157806396,0.09122709929943085,-0.09554976224899292,-0.19532367587089539,1.7067086696624756,0.9181566834449768
2.146433041301627,3.9322579687829333,-1.2461623334382754,-1.2461623334382754,0.6684628677943689,0.7579567432403564,1.7930452823638916,1.3435924053192139,0.10524016618728638,-0.09640537202358246,-0.15001808106899261,1.7107306718826294,0.7669921517372131
2.15081351689612,4.989029177711725,1.1872552747858094,1.1872552747858094,1.5362406873918173,0.7658111453056335,1.8010222911834717,1.3440533876419067,0.08656448125839233,-0.09706252068281174,-0.20593120157718658,1.7140904664993286,0.8654572367668152
2.155193992490613,10.050698711409318,-1.5334136447004354,-1.5334136447004354,-0.0981548629338588,0.773700475692749,1.8238105773925781,1.3444325923919678,0.07253837585449219,-0.09796459972858429,-0.21612268686294556,1.7178815603256226,1.1091063022613525
2.1595744680851063,6.063562673452789,1.1243334714325202,1.1243334714325202,-0.8683260488745201,0.7816896438598633,1.8104915618896484,1.3447504043579102,0.09657027572393417,-0.09891132265329361,-0.2580367922782898,1.7227399349212646,1.0465236902236938
2.1639549436795997,9.04387326087339,0.5057598752134729,0.5057598752134729,0.6212237965379653,0.7896204590797424,1.7873703241348267,1.3451734781265259,0.09617280215024948,-0.10004164278507233,-0.1998448222875595,1.7273242473602295,0.8681074976921082
2.1683354192740927,5.1595260255228155,-1.799575583447338,-1.799575583447338,-0.13030327598922603,0.7974500060081482,1.7881956100463867,1.3455947637557983,0.11166632920503616,-0.10091705620288849,-0.20321673154830933,1.7311270236968994,0.9326989054679871
2.1727158948685856,7.886006311244617,-2.5678196134110465,-2.5678196134110465,-0.3787359581139027,0.8052831292152405,1.7796058654785156,1.3460838794708252,0.10327979177236557,-0.10180724412202835,-0.2519647777080536,1.7352126836776733,0.885229229927063
2.1770963704630786,8.394038818591428,-1.854887251757244,-1.854887251757244,0.39656561806620927,0.8130786418914795,1.763087272644043,1.3465362787246704,0.11401411145925522,-0.10291097313165665,-0.3158929646015167,1.7390904426574707,0.7808895707130432
2.181476846057572,6.807010198014547,1.3646131702122737,1.3646131702122737,-0.06360516249412934,0.8208017945289612,1.760129690170288,1.3470357656478882,0.12586167454719543,-0.10429473221302032,-0.38164252042770386,1.7425111532211304,0.8074681758880615
2.185857321652065,6.11856931538465,-0.5791711109248584,-0.5791711109248584,-1.1480729807069183,0.8285120129585266,1.7504942417144775,1.3475871086120605,0.1284986287355423,-0.10596650838851929,-0.33993402123451233,1.7460482120513916,0.7617723345756531
2.1902377972465583,6.384683443651959,-0.3955958131102075,-0.3955958131102075,0.39199216808465215,0.8361800312995911,1.7216198444366455,1.3481500148773193,0.1301015168428421,-0.10745558142662048,-0.32332026958465576,1.749385118484497,0.5313369631767273
2.1946182728410517,8.328897069597652,0.2841817762352648,0.2841817762352648,0.3569226683068908,0.8437215685844421,1.720668911933899,1.3487199544906616,0.12860137224197388,-0.10887187719345093,-0.34632033109664917,1.751712679862976,0.5654866099357605
2.198998748435544,6.811400733930559,0.42284595337547254,0.42284595337547254,-0.4712135742171779,0.8512589335441589,1.71645188331604,1.3492833375930786,0.14026370644569397,-0.11038892716169357,-0.3484445810317993,1.7541897296905518,0.5827499032020569
2.2033792240300376,0.018810126862708998,-1.5983469380165938,-1.5983469380165938,0.24328927061821104,0.8587778210639954,1.6988447904586792,1.3498977422714233,0.14453618228435516,-0.11191528290510178,-0.32233521342277527,1.7567424774169922,0.46431970596313477
2.2077596996245306,6.207471556367034,-0.4798537625422016,-0.4798537625422016,-0.20911268995462984,0.8662195801734924,1.7032719850540161,1.3505308628082275,0.10074885189533234,-0.1133272647857666,-0.3761168122291565,1.7587764263153076,0.5063194036483765
2.2121401752190235,5.369390882007325,-1.7550966164556232,-1.7550966164556232,0.1542855522101005,0.8736807107925415,1.6910779476165771,1.3509721755981445,0.1001431792974472,-0.11497483402490616,-0.3840233087539673,1.7609943151474,0.4356827735900879
2.216520650813517,7.788438935083102,-0.7905287341043234,-0.7905287341043234,0.9836767511663878,0.8810884356498718,1.6865922212600708,1.3514108657836914,0.0926627367734909,-0.11665704101324081,-0.43978333473205566,1.762902855873108,0.43221530318260193
2.22090112640801,9.790843925494428,-0.05991583414911464,-0.05991583414911464,-0.022734591099957693,0.8884764909744263,1.6939021348953247,1.3518167734146118,0.0985017865896225,-0.11858350038528442,-0.4915957450866699,1.7647961378097534,0.5581900477409363
2.225281602002503,9.501417236165413,0.10617866833434225,0.10617866833434225,-1.2150222838800395,0.8958966135978699,1.6797758340835571,1.3522483110427856,0.12136184424161911,-0.12073692679405212,-0.4926815629005432,1.7672412395477295,0.49795371294021606
2.229662077596996,5.727673754561957,1.1441858922347963,1.1441858922347963,1.0268483568445412,0.9032548069953918,1.6439783573150635,1.3527799844741821,0.14667056500911713,-0.12289510667324066,-0.45409831404685974,1.7694225311279297,0.2322709858417511
2.234042553191489,5.819157293322034,-0.48667817548768266,-0.48667817548768266,0.3178543114636705,0.9104562401771545,1.6545377969741821,1.3534225225448608,0.1384488046169281,-0.12488427013158798,-0.4506716728210449,1.7704399824142456,0.3761279881000519
2.2384230287859825,7.551131764683134,-0.9678790283061218,-0.9678790283061218,0.3178123898877685,0.9177039265632629,1.6518501043319702,1.3540289402008057,0.1334134042263031,-0.1268584281206131,-0.4741665720939636,1.772087574005127,0.3964376747608185
2.2428035043804755,6.401941065804152,0.2135061193645293,0.2135061193645293,-0.7052578884340299,0.9249398112297058,1.6464799642562866,1.3546133041381836,0.14002887904644012,-0.12893550097942352,-0.5117128491401672,1.7738242149353027,0.4059286415576935
2.2471839799749684,7.779401037929151,-0.19733494973409388,-0.19733494973409388,0.05526690638537082,0.9321521520614624,1.623937964439392,1.355226755142212,0.14275485277175903,-0.13117705285549164,-0.48488202691078186,1.7756023406982422,0.24486397206783295
2.251564455569462,6.254935338564392,-0.6693932747425653,-0.6693932747425653,0.27912758846043234,0.939265787601471,1.613095760345459,1.3558521270751953,0.15194295346736908,-0.13330106437206268,-0.49225878715515137,1.7766749858856201,0.20646657049655914
2.255944931163955,6.191143690621072,0.6294315804895059,0.6294315804895059,0.13584465458999315,0.9463319182395935,1.6085504293441772,1.3565176725387573,0.15001463890075684,-0.13545739650726318,-0.5199586153030396,1.777579426765442,0.21585573256015778
2.260325406758448,6.426359377788463,0.9346743816567502,0.9346743816567502,-0.17583614563549246,0.9533781409263611,1.6013572216033936,1.3571747541427612,0.14819948375225067,-0.13773506879806519,-0.5055443048477173,1.7785249948501587,0.20051166415214539
2.264705882352941,7.623344542693609,-0.730479782077099,-0.730479782077099,0.04721370782016053,0.9603928327560425,1.5879592895507812,1.3578239679336548,0.1491701453924179,-0.13994958996772766,-0.47311389446258545,1.7794033288955688,0.1293882429599762
2.269086357947434,4.0980956922602605,-0.6983430195000185,-0.6983430195000185,-0.6981558797237756,0.9673488736152649,1.5765950679779053,1.3584773540496826,0.15735100209712982,-0.1420220583677292,-0.49582502245903015,1.7799701690673828,0.08887086808681488
2.2734668335419275,4.708999687879567,0.010817824759892292,0.010817824759892292,-1.212437881628685,0.9742550849914551,1.5571753978729248,1.3591666221618652,0.14468476176261902,-0.14419400691986084,-0.4958304762840271,1.7803595066070557,-0.05831331014633179
2.2778473091364204,8.19751345590933,-5.0612365199575615,-5.0612365199575615,0.5981672831470757,0.9810762405395508,1.5272701978683472,1.3598004579544067,0.13813666999340057,-0.14636598527431488,-0.4601075351238251,1.7801040410995483,-0.29863929748535156
2.2822277847309134,8.43815610378715,-1.356595753164766,-1.356595753164766,0.0319461881629773,0.9877663850784302,1.524601697921753,1.3604055643081665,0.14798666536808014,-0.14838147163391113,-0.6253800392150879,1.778795838356018,-0.24850131571292877
2.2866082603254068,9.7562948075471,0.7624782323540179,0.7624782323540179,-0.31634542306630936,0.9944448471069336,1.5110551118850708,1.3610538244247437,0.16164833307266235,-0.15112093091011047,-0.6659298539161682,1.7777073383331299,-0.298023521900177
2.2909887359199,7.790801132570568,-0.10796738209698747,-0.10796738209698747,-0.13204254376961005,1.0010639429092407,1.4887182712554932,1.3617619276046753,0.18547914922237396,-0.15403802692890167,-0.6344248056411743,1.7764018774032593,-0.4167018234729767
2.2953692115143927,4.469797909408567,-1.84734359091277,-1.84734359091277,-0.2799145462837653,1.0075852870941162,1.4729031324386597,1.3625744581222534,0.19531267881393433,-0.15681710839271545,-0.6337217092514038,1.7745765447616577,-0.49082523584365845
2.299749687108886,6.800562311964662,0.7908255076506263,0.7908255076506263,0.12938116578655573,1.0140372514724731,1.4599860906600952,1.3634300231933594,0.1833241730928421,-0.1595931053161621,-0.679495632648468,1.7724264860153198,-0.5687575340270996
2.304130162703379,9.11751480264131,1.0918067348759157,1.0918067348759157,0.9342173108732696,1.020432710647583,1.4503731727600098,1.3642330169677734,0.1853875070810318,-0.16256961226463318,-0.6601793766021729,1.7699350118637085,-0.5913107991218567
2.3085106382978724,3.9893425535258746,4.001102634462235,4.001102634462235,-0.057791330271680735,1.0267860889434814,1.4512500762939453,1.3650450706481934,0.19998390972614288,-0.16546151041984558,-0.6555772423744202,1.7673448324203491,-0.4899710416793823
2.3128911138923653,6.891523647560472,-0.25474854630396143,-0.25474854630396143,-0.2829774239765779,1.0331432819366455,1.4429938793182373,1.365921139717102,0.18386389315128326,-0.1683332473039627,-0.5370446443557739,1.7651984691619873,-0.5263919234275818
2.3172715894868583,7.726795138507799,1.0098107546076158,1.0098107546076158,0.4087362365695564,1.0394642353057861,1.4252421855926514,1.3667265176773071,0.1879696398973465,-0.1706857532262802,-0.5362202525138855,1.7628926038742065,-0.6210901737213135
2.321652065081352,6.88133082136508,-1.7023111582955723,-1.7023111582955723,0.11909998445787481,1.0457074642181396,1.4185339212417603,1.3675498962402344,0.1951082944869995,-0.1730346530675888,-0.5186669826507568,1.760171890258789,-0.6016309261322021
2.3260325406758446,7.2419470502921,2.267132409844859,2.267132409844859,0.8776823394677793,1.0519213676452637,1.407960295677185,1.368404507637024,0.19760295748710632,-0.17530666291713715,-0.5718579888343811,1.7575364112854004,-0.6266400218009949
2.330413016270338,6.404348956475787,2.2706933169763515,2.2706933169763515,-0.014633968754290433,1.0580888986587524,1.4105515480041504,1.3692700862884521,0.19983559846878052,-0.1778116673231125,-0.5312816500663757,1.7547913789749146,-0.5227157473564148
2.334793491864831,8.55760668602209,-0.49865890843907373,-0.49865890843907373,0.3921603794127514,1.0642677545547485,1.3982144594192505,1.3701454401016235,0.19958727061748505,-0.18013893067836761,-0.46454286575317383,1.7525016069412231,-0.5676386952400208
2.339173967459324,5.830307392352237,2.579360374563053,2.579360374563053,0.43142111649341597,1.0703926086425781,1.3891719579696655,1.371019721031189,0.2122941017150879,-0.18217384815216064,-0.49055761098861694,1.7500150203704834,-0.5564210414886475
2.3435544430538173,4.199582376094792,-0.1085323190308351,-0.1085323190308351,0.32883744729395575,1.0764778852462769,1.3859535455703735,1.3719496726989746,0.20665343105793,-0.18432272970676422,-0.4278309643268585,1.7475776672363281,-0.5203091502189636
2.3479349186483103,5.138644069002178,0.888991503285743,0.888991503285743,1.2161111642481814,1.082548975944519,1.3839088678359985,1.3728549480438232,0.19048477709293365,-0.18619683384895325,-0.4406035542488098,1.7452985048294067,-0.4911469519138336
2.3523153942428032,7.861097967279297,-0.23923083888181823,-0.23923083888181823,1.0651007563146595,1.088611125946045,1.3963427543640137,1.3736894130706787,0.17770585417747498,-0.18812689185142517,-0.45015648007392883,1.7431470155715942,-0.31460341811180115
2.3566958698372966,5.787099564300907,-0.6144335400784802,-0.6144335400784802,-0.009519598461892043,1.0947277545928955,1.4006496667861938,1.3744678497314453,0.18364234268665314,-0.19009879231452942,-0.4882470965385437,1.7417689561843872,-0.18213003873825073
2.3610763454317896,5.725460100799075,0.9947336979056542,0.9947336979056542,0.5897426724828194,1.1008632183074951,1.3891210556030273,1.375272274017334,0.17921972274780273,-0.19223754107952118,-0.5059124827384949,1.7409710884094238,-0.2220079004764557
2.3654568210262825,6.659063670093197,-0.3761174394534348,-0.3761174394534348,0.012925773699564491,1.1069482564926147,1.38866126537323,1.3760573863983154,0.17246496677398682,-0.1944536715745926,-0.4940854609012604,1.7399985790252686,-0.15790623426437378
2.369837296620776,9.42214642657303,-0.8220644499517125,-0.8220644499517125,-0.687992458739091,1.113031268119812,1.375613808631897,1.3768128156661987,0.17374171316623688,-0.1966180056333542,-0.50544673204422,1.739306926727295,-0.19996102154254913
2.374217772215269,5.817506254180933,0.9989513764942081,0.9989513764942081,0.01741855871319703,1.119057059288025,1.3439723253250122,1.377573847770691,0.19556550681591034,-0.19883210957050323,-0.5093620419502258,1.7384309768676758,-0.38193535804748535
2.3785982478097623,6.190460574713403,-1.2321921166665315,-1.2321921166665315,0.05633162809010983,1.1249443292617798,1.3324792385101318,1.3784304857254028,0.19113898277282715,-0.2010633647441864,-0.4806981682777405,1.7367578744888306,-0.41790080070495605
2.382978723404255,8.143443414469903,1.038007202843732,1.038007202843732,-0.38814574047764827,1.1307811737060547,1.3208472728729248,1.3792678117752075,0.18903374671936035,-0.203169047832489,-0.5183271765708923,1.7349272966384888,-0.4496913254261017
2.387359198998748,4.06574536152236,0.217217952979065,0.217217952979065,-0.6903338245139702,1.1365671157836914,1.2969028949737549,1.3800958395004272,0.2012162208557129,-0.20543956756591797,-0.4766789972782135,1.7329574823379517,-0.5715457797050476
2.391739674593241,8.266833447653088,1.5353538093497296,1.5353538093497296,0.36878133118648454,1.1422481536865234,1.2757031917572021,1.3809772729873657,0.1871495395898819,-0.20752765238285065,-0.45017561316490173,1.7304538488388062,-0.718335747718811
2.3961201501877345,6.669752194814485,0.7745324090861222,0.7745324090861222,0.1690896262487264,1.1478363275527954,1.265213131904602,1.3817970752716064,0.19764651358127594,-0.20949964225292206,-0.41610801219940186,1.7273072004318237,-0.7100105881690979
2.400500625782228,9.036726290842731,-0.8942370588074056,-0.8942370588074056,0.48745262824622515,1.1533786058425903,1.254300594329834,1.3826628923416138,0.19812871515750885,-0.21132239699363708,-0.39842715859413147,1.7241970300674438,-0.7253855466842651
2.404881101376721,4.391494400465524,0.57844865250575,0.57844865250575,1.2482342886206124,1.1588730812072754,1.244215488433838,1.3835307359695435,0.21333402395248413,-0.2130676954984665,-0.4387768805027008,1.7210195064544678,-0.701303243637085
2.409261576971214,7.189653360773129,1.2691700187921424,1.2691700187921424,1.2404252891474905,1.164323329925537,1.2579596042633057,1.384465217590332,0.19568422436714172,-0.21498975157737732,-0.458336740732193,1.7179474830627441,-0.5144686698913574
2.413642052565707,4.927391821402181,0.7282491051603242,0.7282491051603242,-0.3964255192437953,1.169833779335022,1.2655839920043945,1.3853224515914917,0.1967030018568039,-0.21699748933315277,-0.4574972987174988,1.7156938314437866,-0.3474346399307251
2.4180225281602,4.101916714145379,-0.6010977367578684,-0.6010977367578684,1.018511400262844,1.175377607345581,1.247689962387085,1.3861840963363647,0.18728697299957275,-0.21900154650211334,-0.42465323209762573,1.7141718864440918,-0.4486609697341919
2.422403003754693,5.398374656220014,-0.5558668709930348,-0.5558668709930348,0.058592748126209654,1.1808431148529053,1.2576860189437866,1.3870044946670532,0.16857394576072693,-0.22086173295974731,-0.4719509482383728,1.712206482887268,-0.2995918393135071
2.4267834793491865,8.168166605974474,3.0853118732725786,3.0853118732725786,1.0822709512380284,1.1863523721694946,1.2470645904541016,1.3877428770065308,0.16101522743701935,-0.22292910516262054,-0.4898951053619385,1.7108941078186035,-0.3252277374267578
2.4311639549436794,3.6896220400414537,1.7382840946329083,1.7382840946329083,0.23661244509032728,1.1918151378631592,1.2492717504501343,1.3884482383728027,0.1690175086259842,-0.22507508099079132,-0.431399941444397,1.7094694375991821,-0.19217246770858765
2.4355444305381724,5.597944708928379,0.6950266818418867,0.6950266818418867,0.11993547826189663,1.1972875595092773,1.2455425262451172,1.3891886472702026,0.1497259885072708,-0.2269648164510727,-0.3875463604927063,1.7086275815963745,-0.17577187716960907
2.4399249061326658,7.0955526155077475,-0.17000901654312273,-0.17000901654312273,-0.03314804653344447,1.202743649482727,1.2353790998458862,1.389844536781311,0.14329653978347778,-0.22866246104240417,-0.37075188755989075,1.707857608795166,-0.19236153364181519
2.4443053817271587,6.144728804304131,-0.8121363211397593,-0.8121363211397593,1.4032689478834444,1.2081551551818848,1.2189760208129883,1.3904722929000854,0.1470993459224701,-0.23028652369976044,-0.3747486472129822,1.7070149183273315,-0.245549276471138
2.448685857321652,6.639569898264422,-1.1694512310907537,-1.1694512310907537,0.9177020379143721,1.213494896888733,1.2312242984771729,1.3911166191101074,0.140966534614563,-0.23192809522151947,-0.43944549560546875,1.7059392929077148,-0.04388006031513214
2.453066332916145,9.33212729118864,-0.03221929730286893,-0.03221929730286893,0.09570536340608903,1.218888282775879,1.2332977056503296,1.3917341232299805,0.1393476128578186,-0.2338530719280243,-0.5003969669342041,1.705747127532959,0.07037676125764847
2.457446808510638,10.729928868236676,0.3981804151522361,0.3981804151522361,0.24110873630859714,1.2242907285690308,1.2139384746551514,1.3923444747924805,0.15748196840286255,-0.23604504764080048,-0.5041327476501465,1.7060554027557373,0.024029336869716644
2.4618272841051314,5.52815117784986,2.6513160075754154,2.6513160075754154,-1.5619634224316097,1.2296082973480225,1.193906307220459,1.3930343389511108,0.1844131499528885,-0.2382533848285675,-0.49954575300216675,1.7061606645584106,-0.007045581936836243
2.4662077596996244,6.598460183055026,0.6522564276707299,0.6522564276707299,-0.20793238578153156,1.2348381280899048,1.1522401571273804,1.393842101097107,0.18169525265693665,-0.24044163525104523,-0.3765046298503876,1.706129789352417,-0.31508469581604004
2.4705882352941178,8.991501018001898,1.4648143209625752,1.4648143209625752,0.8554441104449976,1.2398854494094849,1.1330722570419312,1.3946380615234375,0.18252497911453247,-0.24209091067314148,-0.35138440132141113,1.704749584197998,-0.39635178446769714
2.4749687108886107,7.224105594632593,2.1452414596756215,2.1452414596756215,-0.9125653488291979,1.2448488473892212,1.127953052520752,1.3954375982284546,0.196346715092659,-0.24363014101982117,-0.3335888683795929,1.7030134201049805,-0.31005868315696716
2.479349186483104,7.604974526358745,0.38461047265834525,0.38461047265834525,0.8196011902938829,1.249789834022522,1.0941188335418701,1.3962976932525635,0.2029576450586319,-0.24509142339229584,-0.24429121613502502,1.7016552686691284,-0.5175701379776001
2.483729662077597,6.530557643398309,1.0597392571130326,1.0597392571130326,0.20283826072971856,1.2545826435089111,1.0914191007614136,1.3971867561340332,0.20771105587482452,-0.2461615353822708,-0.2569943368434906,1.699388027191162,-0.4279457628726959
2.48811013767209,4.181009806603818,-0.3813940467565706,-0.3813940467565706,-1.5922924100068088,1.2593635320663452,1.0797851085662842,1.3980966806411743,0.20695064961910248,-0.24728728830814362,-0.23197011649608612,1.697513461112976,-0.43754398822784424
2.492490613266583,9.372664208923627,0.9408173429032752,0.9408173429032752,0.09050460929451912,1.2640935182571411,1.0403623580932617,1.399003267288208,0.1950286477804184,-0.24830342829227448,-0.1966080367565155,1.6955968141555786,-0.7416654825210571
2.4968710888610763,7.443400282788108,1.128775708891992,1.128775708891992,0.2662752443927169,1.268650770187378,1.0198252201080322,1.3998576402664185,0.21292905509471893,-0.2491646707057953,-0.1717762053012848,1.6923480033874512,-0.7898886203765869
2.5012515644555693,5.748404709810258,0.06227995606349662,0.06227995606349662,-0.26581213333112397,1.2731181383132935,1.0071039199829102,1.4007903337478638,0.21774277091026306,-0.249917134642601,-0.14658845961093903,1.6888879537582397,-0.7942335605621338
2.5056320400500622,8.108879588965499,0.034998082893716476,0.034998082893716476,0.30952630298692635,1.2775297164916992,0.988518476486206,1.4017441272735596,0.2126314640045166,-0.2505592703819275,-0.13700713217258453,1.6854088306427002,-0.8789057731628418
2.510012515644556,5.288220627013908,1.2619542299403292,1.2619542299403292,0.5309045661040099,1.2818598747253418,0.9750291705131531,1.4026755094528198,0.22160020470619202,-0.2511594295501709,-0.14502422511577606,1.6815588474273682,-0.8794897198677063
2.5143929912390486,7.541145384086054,1.184490123565875,1.184490123565875,1.0968083703122888,1.2861310243606567,0.9723460078239441,1.4036462306976318,0.2116851657629013,-0.251794695854187,-0.12367525696754456,1.677706241607666,-0.8226263523101807
2.518773466833542,7.8791707414414365,2.344940222104599,2.344940222104599,0.34695976588144556,1.2903903722763062,0.9748780727386475,1.4045735597610474,0.21539676189422607,-0.25233644247055054,-0.12111467123031616,1.674102783203125,-0.6823214292526245
2.523153942428035,6.848462496099668,0.0025775275236357142,0.0025775275236357142,0.05436198079230409,1.2946608066558838,0.9626989364624023,1.4055171012878418,0.22290025651454926,-0.2528669834136963,-0.06276731193065643,1.6711138486862183,-0.6735795140266418
2.527534418022528,6.73771505208621,2.967260714605106,2.967260714605106,0.24288658565311216,1.2988778352737427,0.9475203156471252,1.4064935445785522,0.22423377633094788,-0.25314193964004517,-0.06427957862615585,1.6681632995605469,-0.708467423915863
2.5319148936170213,9.482598108680342,1.1068205437661773,1.1068205437661773,-0.3276216636823019,1.3030284643173218,0.9361312389373779,1.4074758291244507,0.22446298599243164,-0.2534235119819641,0.01528078317642212,1.6650599241256714,-0.7096970677375793
2.536295369211514,10.592550776997324,0.16889107261606762,0.16889107261606762,-1.0853116776098477,1.307129144668579,0.9076827168464661,1.4084590673446655,0.24355606734752655,-0.25335657596588135,0.0571710430085659,1.6619510650634766,-0.8268119096755981
2.540675844806008,4.713101442559433,1.2482399716454893,1.2482399716454893,1.4199651414120662,1.3111052513122559,0.8625684380531311,1.409525990486145,0.27103298902511597,-0.25310614705085754,0.09379774332046509,1.6583292484283447,-1.0815306901931763
2.545056320400501,9.56188764613768,1.5407041289646801,1.5407041289646801,-0.5434894859191435,1.3148837089538574,0.8779447674751282,1.4107131958007812,0.25584250688552856,-0.2526952624320984,0.08878282457590103,1.6535916328430176,-0.8652399778366089
2.549436795994993,5.2527447900420405,-1.0721578810197814,-1.0721578810197814,-0.25609846636886163,1.3187295198440552,0.8455331325531006,1.4118338823318481,0.2755178213119507,-0.25230634212493896,0.14964789152145386,1.64980149269104,-1.018162727355957
2.553817271589487,8.140215313124017,-1.014890534059869,-1.014890534059869,1.0453927119980233,1.322433352470398,0.8285491466522217,1.4130407571792603,0.2665683627128601,-0.2516508102416992,0.12581637501716614,1.645341396331787,-1.0944331884384155
2.55819774718398,4.6055941366841,-1.270595129720257,-1.270595129720257,1.5481279320643468,1.326062798500061,0.829251229763031,1.4142084121704102,0.2744517922401428,-0.25109967589378357,0.06564956903457642,1.640547275543213,-0.9622979164123535
2.562578222778473,7.2252665234794895,-1.679661060748265,-1.679661060748265,0.8345518056496483,1.3296953439712524,0.8475537896156311,1.4154106378555298,0.258928120136261,-0.2508121132850647,-0.016666077077388763,1.6363319158554077,-0.7215442657470703
2.566958698372966,6.080028773776817,-0.0732190653920009,-0.0732190653920009,-0.7778389733011514,1.333407998085022,0.8466398119926453,1.4165449142456055,0.2615806460380554,-0.25088512897491455,-0.09008906036615372,1.6331712007522583,-0.6191514730453491
2.571339173967459,7.2421747369150005,0.6096964126270636,0.6096964126270636,-0.4648897100611734,1.3371167182922363,0.818284273147583,1.4176907539367676,0.2587788701057434,-0.2512797713279724,-0.06951192766427994,1.6304590702056885,-0.7887982726097107
2.575719649561952,7.7638558124313874,0.9414749330007043,0.9414749330007043,0.08726542880529697,1.3407012224197388,0.7931318283081055,1.418824315071106,0.262996643781662,-0.2515842616558075,-0.03813060373067856,1.627003788948059,-0.9106851816177368
2.580100125156445,6.29818461501974,1.481883026993477,1.481883026993477,0.08234400049644175,1.3441754579544067,0.7771272659301758,1.4199763536453247,0.2698664367198944,-0.2517513036727905,-0.013184977695345879,1.6230145692825317,-0.9395666718482971
2.5844806007509384,3.1945719694929617,-0.17783306437988833,-0.17783306437988833,0.5261299899517501,1.3475795984268188,0.7643948793411255,1.4211585521697998,0.26720207929611206,-0.2518090605735779,0.027685998007655144,1.618898868560791,-0.9605673551559448
2.588861076345432,7.826618275276875,0.3895910558370441,0.3895910558370441,-1.1221322508954932,1.3509280681610107,0.7669972777366638,1.422329068183899,0.2440083920955658,-0.25168779492378235,0.007128046825528145,1.614691138267517,-0.887165367603302
2.593241551939925,8.220428818249951,0.04205545822037288,0.04205545822037288,0.22302704766878384,1.35428786277771,0.7284395694732666,1.4233978986740112,0.2522488534450531,-0.25165656208992004,0.05127515643835068,1.6108049154281616,-1.1239911317825317
2.5976220275344177,9.303385419693498,4.2283252971107785,4.2283252971107785,0.7601202277841556,1.3574787378311157,0.7141833305358887,1.4245028495788574,0.26170483231544495,-0.251431941986084,0.04599021375179291,1.6058813333511353,-1.12959623336792
2.602002503128911,7.6863605547270035,-0.6189722358022757,-0.6189722358022757,0.43583402231905116,1.3606071472167969,0.7076491117477417,1.4256492853164673,0.2778041660785675,-0.25123047828674316,0.14727279543876648,1.6009331941604614,-1.0472182035446167
2.606382978723404,5.796282572561943,1.332204722651667,1.332204722651667,0.8887196887787825,1.3637069463729858,0.6987485289573669,1.4268661737442017,0.2837609350681305,-0.2505853474140167,0.11646910756826401,1.5963459014892578,-1.0117040872573853
2.610763454317897,6.011515162074654,-1.4286025044384663,-1.4286025044384663,0.384139475264784,1.3667677640914917,0.7025888562202454,1.4281091690063477,0.2773433327674866,-0.25007516145706177,0.12942028045654297,1.591914176940918,-0.8874557018280029
2.6151439299123904,7.060643692583787,0.6007316815339961,0.6007316815339961,0.1964550060190908,1.3698453903198242,0.6966054439544678,1.4293240308761597,0.2726905345916748,-0.24950823187828064,0.07648247480392456,1.5880266427993774,-0.8510909676551819
2.619524405506884,7.430565328753439,2.858640181670455,2.858640181670455,0.402744467116335,1.3728969097137451,0.684906005859375,1.4305185079574585,0.27492573857307434,-0.24917320907115936,0.08828863501548767,1.5842984914779663,-0.8518947958946228
2.6239048811013768,8.842421602340796,-0.18280446096329872,-0.18280446096329872,0.1568857582934962,1.3758971691131592,0.6763348579406738,1.4317227602005005,0.27950021624565125,-0.24878646433353424,0.16000857949256897,1.5805667638778687,-0.8182771801948547
2.6282853566958697,3.7478225923181556,0.4419516814677254,0.4419516814677254,0.1861753952479315,1.3788598775863647,0.6602027416229248,1.4329471588134766,0.2932807207107544,-0.24808554351329803,0.15008854866027832,1.5769823789596558,-0.8334046006202698
2.6326658322903627,6.8171194746344455,-0.19999565317731643,-0.19999565317731643,0.11866572721977924,1.3817518949508667,0.6556507349014282,1.4342318773269653,0.2741560935974121,-0.24742808938026428,0.15755802392959595,1.5733317136764526,-0.8188143372535706
2.637046307884856,9.355098916017331,1.2079650208386463,1.2079650208386463,-0.6154065169624972,1.3846240043640137,0.6433466672897339,1.4354327917099,0.27487048506736755,-0.24673791229724884,0.14825209975242615,1.5697449445724487,-0.8298123478889465
2.641426783479349,4.873506072142014,1.4125590094038296,1.4125590094038296,0.8985229861265114,1.3874421119689941,0.6120303273200989,1.4366368055343628,0.2919482886791229,-0.24608850479125977,0.2015003263950348,1.5661100149154663,-0.978861391544342
2.645807259073842,5.4352234364526835,-0.45642167049301896,-0.45642167049301896,1.3012760581947578,1.3901231288909912,0.6185764074325562,1.4379156827926636,0.28005674481391907,-0.2452058345079422,0.2165118008852005,1.5618221759796143,-0.8451521992683411
2.650187734668336,9.190233259996425,0.3115726549014925,0.3115726549014925,-0.5757159727763552,1.3928327560424805,0.631557822227478,1.4391424655914307,0.272042840719223,-0.24425740540027618,0.1651814579963684,1.5581200122833252,-0.6437442302703857
2.6545682102628283,4.986236018334328,0.14275049475930923,0.14275049475930923,-0.5422686415645873,1.3955992460250854,0.6017378568649292,1.4403342008590698,0.28804945945739746,-0.24353383481502533,0.1910931020975113,1.5553001165390015,-0.7828193306922913
2.6589486858573217,8.450918215722005,-0.6091089770147224,-0.6091089770147224,0.41934674029648883,1.3982352018356323,0.5813215970993042,1.4415960311889648,0.2768096923828125,-0.24269676208496094,0.2110978364944458,1.5518709421157837,-0.8977413773536682
2.663329161451814,6.896012088551042,0.6380668535392483,0.6380668535392483,0.7325390709583843,1.4007816314697266,0.5718600153923035,1.4428086280822754,0.28814366459846497,-0.24177205562591553,0.1810636669397354,1.5479384660720825,-0.8602384328842163
2.667709637046308,7.175727699886652,4.15546438334986,4.15546438334986,0.3727240284132145,1.4032866954803467,0.5715458393096924,1.444070816040039,0.2896382212638855,-0.2409789115190506,0.1783047765493393,1.5441702604293823,-0.7614720463752747
2.672090112640801,6.482533929547732,-0.17427428535615264,-0.17427428535615264,0.04826063434473257,1.4057903289794922,0.5640367269515991,1.445339560508728,0.2928851842880249,-0.24019785225391388,0.2887727916240692,1.540834665298462,-0.7255123853683472
2.676470588235294,7.8981953633480675,0.5735114621393957,0.5735114621393957,0.8540421875653708,1.4082610607147217,0.5519473552703857,1.4466224908828735,0.2915257513523102,-0.23893289268016815,0.282274067401886,1.537656545639038,-0.7424582839012146
2.6808510638297878,3.358158485486803,0.455420935913924,0.455420935913924,0.6803597253798513,1.4106788635253906,0.5522142052650452,1.4478994607925415,0.29980018734931946,-0.23769639432430267,0.27408167719841003,1.5344042778015137,-0.6248403787612915
2.6852315394242803,7.9131813338283585,1.0026314791962667,1.0026314791962667,-0.9455190520305297,1.413097858428955,0.558315098285675,1.449212670326233,0.2787841260433197,-0.23649579286575317,0.2675127387046814,1.5316672325134277,-0.5196552276611328
2.689612015018773,7.76039286336641,-0.403553179003833,-0.403553179003833,0.4506064591084046,1.415543556213379,0.5251770615577698,1.4504338502883911,0.2860833704471588,-0.235323965549469,0.32440489530563354,1.5293909311294556,-0.7122998237609863
2.6939924906132666,2.8100808271372895,0.6355438322724218,0.6355438322724218,1.412820709117926,1.4178440570831299,0.5185412168502808,1.451686978340149,0.2933337092399597,-0.2339029163122177,0.2994607388973236,1.5262707471847534,-0.6622838973999023
2.69837296620776,8.413957461187156,-0.96100110037726,-0.96100110037726,0.3521617777711113,1.4201154708862305,0.5395397543907166,1.4529719352722168,0.26948022842407227,-0.23259113729000092,0.2767618000507355,1.5233696699142456,-0.4276771545410156
2.7027534418022525,7.267234216499956,-0.5620295948251636,-0.5620295948251636,0.8578467476591392,1.4224789142608643,0.5300840735435486,1.4541523456573486,0.2810906767845154,-0.23137879371643066,0.2384132742881775,1.521496295928955,-0.39570027589797974
2.707133917396746,6.190935392951869,1.922298397894386,1.922298397894386,-0.5044914145040702,1.424800992012024,0.5323595404624939,1.4553836584091187,0.2857942581176758,-0.23033443093299866,0.19694837927818298,1.5197629928588867,-0.2718508243560791
2.711514392991239,5.50010284845025,1.3163014499435464,1.3163014499435464,0.7323225010662782,1.4271329641342163,0.5113023519515991,1.456635594367981,0.28231799602508545,-0.22947169840335846,0.2678183317184448,1.518572211265564,-0.37980300188064575
2.715894868585732,8.751492700416675,-0.0004958709658997584,-0.0004958709658997584,-0.07146481215321435,1.4293726682662964,0.5146958827972412,1.4578722715377808,0.2755456864833832,-0.22829852998256683,0.2848723530769348,1.5169085264205933,-0.2712039649486542
2.720275344180225,5.2071057257893045,-0.3317578191399416,-0.3317578191399416,0.4576037494345671,1.4316272735595703,0.4971136152744293,1.4590792655944824,0.289050430059433,-0.22705064713954926,0.2869448661804199,1.5157204866409302,-0.31196925044059753
2.724655819774718,8.142571791807807,-0.24090850312411038,-0.24090850312411038,0.39506080001693944,1.4338048696517944,0.4960591495037079,1.4603453874588013,0.2801792621612549,-0.22579368948936462,0.2638930082321167,1.51435387134552,-0.24944059550762177
2.729036295369212,6.263969829018258,2.14104517297452,2.14104517297452,-0.21766326797815766,1.435977816581726,0.48853206634521484,1.4615726470947266,0.2902689576148987,-0.2246377170085907,0.24532069265842438,1.5132611989974976,-0.20673537254333496
2.7334167709637045,7.925304127661939,-1.6361684121026032,-1.6361684121026032,0.2806146058880016,1.4381178617477417,0.47307905554771423,1.4628441333770752,0.28757432103157043,-0.223563089966774,0.3142024576663971,1.5123555660247803,-0.2638859748840332
2.737797246558197,6.082177947414727,-0.08832510950270589,-0.08832510950270589,-0.23227651979934807,1.4401901960372925,0.4639943242073059,1.4641038179397583,0.2961694598197937,-0.22218672931194305,0.25822630524635315,1.5111995935440063,-0.23968374729156494
2.742177722152691,4.7227436034152745,2.8971017727086443,2.8971017727086443,-0.05700616759493227,1.4422227144241333,0.44875168800354004,1.4654011726379395,0.2922879457473755,-0.22105558216571808,0.2624301314353943,1.5101497173309326,-0.29829156398773193
2.746558197747184,3.7654465201461713,-0.25042722801520106,-0.25042722801520106,-0.3362896200477533,1.4441884756088257,0.43927520513534546,1.4666814804077148,0.279791921377182,-0.2199060171842575,0.3486994504928589,1.5088430643081665,-0.3222624957561493
2.750938673341677,6.133244341873429,0.46752583686872723,0.46752583686872723,-1.0320671398489374,1.4461127519607544,0.42633914947509766,1.4679070711135864,0.2607708275318146,-0.21837854385375977,0.35120689868927,1.5074313879013062,-0.3915354609489441
2.75531914893617,6.498587539382392,-1.4623804178808952,-1.4623804178808952,-0.2426291245939441,1.447980284690857,0.3963278532028198,1.469049334526062,0.2562435567378998,-0.21684008836746216,0.39499977231025696,1.505716323852539,-0.5878493785858154
2.759699624530663,3.9703737068927256,1.1398831438592603,1.1398831438592603,1.5580387924977193,1.449716329574585,0.38052234053611755,1.4701718091964722,0.25493335723876953,-0.21510979533195496,0.3593791723251343,1.5031412839889526,-0.6482094526290894
2.7640801001251565,3.578836721285075,-0.9747870561071383,-0.9747870561071383,-0.1481213674971276,1.4513832330703735,0.40278592705726624,1.4712885618209839,0.23947501182556152,-0.21353554725646973,0.3471677005290985,1.5003018379211426,-0.3894878327846527
2.768460575719649,8.225056033688926,0.5436347476965884,0.5436347476965884,1.0571871454835722,1.4531476497650146,0.39395079016685486,1.4723376035690308,0.2194473296403885,-0.2120147943496704,0.3230264484882355,1.4985957145690918,-0.42466139793395996
2.7728410513141424,6.281676289746695,-0.10580724284358212,-0.10580724284358212,0.06733867829749426,1.4548733234405518,0.3998420536518097,1.4732989072799683,0.23117901384830475,-0.21059978008270264,0.30802908539772034,1.4967354536056519,-0.26314181089401245
2.777221526908636,5.15582784859383,-0.5012691904001139,-0.5012691904001139,0.9307836913512704,1.4566248655319214,0.39063525199890137,1.4743115901947021,0.22903399169445038,-0.20925046503543854,0.302972674369812,1.4955828189849854,-0.2674771249294281
2.7816020025031287,6.90487792487727,1.5293850198270391,1.5293850198270391,0.280302005631973,1.4583359956741333,0.39947569370269775,1.4753148555755615,0.22080600261688232,-0.2079232931137085,0.2611521780490875,1.4944111108779907,-0.11928249895572662
2.7859824780976217,6.27190172523574,1.552753375284987,1.552753375284987,0.13467067903014387,1.4600858688354492,0.39338886737823486,1.4762821197509766,0.22306466102600098,-0.20677931606769562,0.29762935638427734,1.4938886165618896,-0.08770933002233505
2.790362953692115,6.258234148457481,2.0863706360085903,2.0863706360085903,0.3251796518350632,1.4618091583251953,0.38569122552871704,1.4772592782974243,0.2210201472043991,-0.2054755538702011,0.3390418589115143,1.4935044050216675,-0.07959246635437012
2.794743429286608,6.060942917091789,-1.1092644345880216,-1.1092644345880216,0.5397933681769609,1.4634987115859985,0.38164183497428894,1.4782274961471558,0.21917566657066345,-0.2039903849363327,0.39047423005104065,1.4931557178497314,-0.03827767074108124
2.7991239048811014,6.08352097081304,3.19621635038635,3.19621635038635,1.4310238996018354,1.4651705026626587,0.3819929361343384,1.4791876077651978,0.2163783758878708,-0.2022799253463745,0.34231650829315186,1.4929879903793335,0.04085533320903778
2.8035043804755944,5.995952902762561,-0.24247242914250355,-0.24247242914250355,-0.2011835175063083,1.466843843460083,0.3990136981010437,1.480135440826416,0.21504034101963043,-0.20078042149543762,0.3938657343387604,1.4931669235229492,0.2743809223175049
2.8078848560700878,8.410797009125673,0.4319308667270944,0.4319308667270944,-0.4762654923231629,1.4685916900634766,0.38582122325897217,1.4810774326324463,0.21073991060256958,-0.19905510544776917,0.3926599621772766,1.4943687915802002,0.22579160332679749
2.8122653316645807,6.16992070862963,-0.910596861376196,-0.910596861376196,-0.06715607320247549,1.470281720161438,0.3637981414794922,1.4820005893707275,0.22179186344146729,-0.19733506441116333,0.4191821813583374,1.495357871055603,0.12413204461336136
2.8166458072590737,8.491461489117949,1.921866629687306,1.921866629687306,0.33179807159488023,1.4718753099441528,0.35298189520835876,1.4829721450805664,0.21888083219528198,-0.19549885392189026,0.39455103874206543,1.4959015846252441,0.09848115593194962
2.821026282853567,6.788205006947059,0.7104451976020183,0.7104451976020183,0.21478491332519817,1.473421573638916,0.3461295962333679,1.4839309453964233,0.23166659474372864,-0.19377052783966064,0.44098609685897827,1.4963330030441284,0.13679717481136322
2.82540675844806,6.798069262588942,-0.5624902964063138,-0.5624902964063138,-0.17994779604420982,1.4749377965927124,0.339805543422699,1.4849457740783691,0.23320773243904114,-0.191838800907135,0.45546093583106995,1.4969322681427002,0.15885864198207855
2.829787234042553,3.164261376771684,0.2199955076345369,0.2199955076345369,0.539600454151629,1.476426362991333,0.32620948553085327,1.4859672784805298,0.2342820018529892,-0.18984366953372955,0.4442894756793976,1.497628092765808,0.11275504529476166
2.8341677096370463,2.65474913622932,1.339962715281859,1.339962715281859,0.49523810772053034,1.4778553247451782,0.3315558135509491,1.4869935512542725,0.2126736044883728,-0.1878974735736847,0.43495598435401917,1.498121976852417,0.19924865663051605
2.8385481852315397,6.699567435749083,-0.8007105289235297,-0.8007105289235297,0.3979795690261655,1.4793076515197754,0.33687716722488403,1.4879251718521118,0.18767233192920685,-0.18599216639995575,0.45962461829185486,1.4989948272705078,0.2792457938194275
2.842928660826032,8.138135382794818,-1.5384195054105814,-1.5384195054105814,-0.22339230921753717,1.4807833433151245,0.33451658487319946,1.488747239112854,0.18891781568527222,-0.18397879600524902,0.42461907863616943,1.5002180337905884,0.33384430408477783
2.8473091364205256,5.8358036038929235,0.057443641597300754,0.057443641597300754,0.5928950689045804,1.4822486639022827,0.3185858428478241,1.4895747900009155,0.1987302601337433,-0.182118758559227,0.38621610403060913,1.5016803741455078,0.277964323759079
2.8516896120150186,5.756434696521395,1.4732158420934751,1.4732158420934751,-0.6147935404456952,1.4836442470550537,0.32128599286079407,1.4904453754425049,0.1946031004190445,-0.1804269552230835,0.37057921290397644,1.5028979778289795,0.3682635724544525
2.8560700876095115,4.4784837627847605,1.2990391194145705,1.2990391194145705,-0.08184793110873723,1.4850516319274902,0.30164045095443726,1.4912978410720825,0.18839798867702484,-0.17880363762378693,0.43155571818351746,1.5045111179351807,0.2497817724943161
2.860450563204005,7.657942200501791,0.644483751306161,0.644483751306161,-0.8802783250893763,1.486372947692871,0.29379886388778687,1.4921231269836426,0.17456647753715515,-0.17691321671009064,0.4718819856643677,1.5056053400039673,0.22621430456638336
2.864831038798498,5.540672574150314,0.5453680756289019,0.5453680756289019,0.6033475880737846,1.4876599311828613,0.26668083667755127,1.4928878545761108,0.18057028949260712,-0.17484614253044128,0.5164098739624023,1.5065962076187134,0.057910412549972534
2.8692115143929917,6.745537360936602,0.8920226598386085,0.8920226598386085,-0.48937300233067543,1.4888280630111694,0.27028992772102356,1.4936788082122803,0.17456406354904175,-0.17258402705192566,0.5147166848182678,1.5068498849868774,0.1508835107088089
2.873591989987484,6.646136519661653,0.44689130570563784,0.44689130570563784,0.04544354512471051,1.4900120496749878,0.25197166204452515,1.4944435358047485,0.17514128983020782,-0.17032931745052338,0.5550578236579895,1.507510781288147,0.05251752585172653
2.877972465581977,10.140593441620705,-0.8111953280019476,-0.8111953280019476,0.17633822927815973,1.4911158084869385,0.24388809502124786,1.4952107667922974,0.17573529481887817,-0.16789789497852325,0.5667814016342163,1.50774085521698,0.04710381105542183
2.8823529411764706,4.70970636673532,0.9617346421163877,0.9617346421163877,0.42727785878462776,1.4921841621398926,0.23375768959522247,1.4959806203842163,0.19939370453357697,-0.16541512310504913,0.5379422903060913,1.5079472064971924,0.05777600780129433
2.8867334167709635,8.741211554950254,1.654137124747244,1.654137124747244,0.5544240972292361,1.4932081699371338,0.23559677600860596,1.4968540668487549,0.1877860426902771,-0.16305868327617645,0.553550124168396,1.5082002878189087,0.12270234525203705
2.891113892365457,6.017937137926268,0.26150776950902155,0.26150776950902155,-0.8624994937215187,1.494240164756775,0.23472969233989716,1.4976766109466553,0.20276479423046112,-0.1606338769197464,0.585665225982666,1.5087378025054932,0.20225563645362854
2.89549436795995,7.177367902287666,-1.5159349302709466,-1.5159349302709466,0.7172950529545795,1.4952683448791504,0.21103127300739288,1.4985648393630981,0.19824571907520294,-0.15806838870048523,0.6184898018836975,1.5096237659454346,0.04191890358924866
2.899874843554443,7.423478899733206,1.0298660480248283,1.0298660480248283,-0.16871362355227626,1.4961928129196167,0.21549764275550842,1.4994332790374756,0.2031925618648529,-0.15535910427570343,0.5532724261283875,1.5098073482513428,0.1530674695968628
2.904255319148936,6.211963766123138,-1.7920918443270957,-1.7920918443270957,0.1921427005801987,1.4971368312835693,0.20329150557518005,1.5003234148025513,0.20875538885593414,-0.15293550491333008,0.5882747769355774,1.510477900505066,0.1107896938920021
2.908635794743429,7.19422572853262,0.5901353178009693,0.5901353178009693,0.12475608827126722,1.4980273246765137,0.19941961765289307,1.5012378692626953,0.20679569244384766,-0.15035858750343323,0.5303288698196411,1.5109632015228271,0.13329818844795227
2.913016270337922,6.365720695684877,0.8203148501599026,0.8203148501599026,0.04266567301254574,1.4989008903503418,0.19326291978359222,1.5021437406539917,0.21122920513153076,-0.14803549647331238,0.5439194440841675,1.5115470886230469,0.14272640645503998
2.9173967459324155,8.10259153402597,-0.8577097021564402,-0.8577097021564402,-0.14121697070732206,1.4997475147247314,0.18667080998420715,1.5030690431594849,0.21014156937599182,-0.1456528753042221,0.5666292905807495,1.5121723413467407,0.13955506682395935
2.9217772215269084,8.295899997168075,1.2255806214070368,1.2255806214070368,0.1277297738512447,1.5005651712417603,0.17478567361831665,1.503989577293396,0.22029168903827667,-0.1431707739830017,0.5457054376602173,1.5127836465835571,0.1019468754529953
2.9261576971214014,6.852518129877977,-1.7275521033369103,-1.7275521033369103,0.5993334922149904,1.501330852508545,0.167867049574852,1.5049545764923096,0.23203301429748535,-0.14078032970428467,0.5777661800384521,1.5132302045822144,0.11085677891969681
2.930538172715895,5.265565609116115,0.11020672888646738,0.11020672888646738,0.04656053392798291,1.5020661354064941,0.1715061217546463,1.5059709548950195,0.23480099439620972,-0.1382494419813156,0.5098137259483337,1.5137158632278442,0.20392495393753052
2.934918648310388,5.8231181662613425,-0.1695636707104859,-0.1695636707104859,-0.442543014379641,1.5028173923492432,0.16668444871902466,1.5069994926452637,0.2265290915966034,-0.13601621985435486,0.5116723775863647,1.5146090984344482,0.2039991170167923
2.939299123904881,7.901017226362999,2.184847565828815,2.184847565828815,0.13210486606980132,1.5035475492477417,0.15222986042499542,1.5079917907714844,0.22142750024795532,-0.13377484679222107,0.5196442604064941,1.515502691268921,0.11873053759336472
2.943679599499374,2.9566801007962322,-0.14717357704085418,-0.14717357704085418,0.9598226957635453,1.5042144060134888,0.146431565284729,1.508961796760559,0.23064488172531128,-0.1314985603094101,0.5795908570289612,1.516022801399231,0.13000883162021637
2.948060075093867,7.476718833560433,0.6476831364645801,0.6476831364645801,-0.7869660006969204,1.5048558712005615,0.16131530702114105,1.509972095489502,0.20813541114330292,-0.12895967066287994,0.5472630262374878,1.516592264175415,0.29187509417533875
2.9524405506883604,5.051951621039881,1.4000795415743894,1.4000795415743894,0.41493754689837137,1.5055625438690186,0.13909535109996796,1.5108838081359863,0.21362541615962982,-0.12656240165233612,0.5891593098640442,1.5178707838058472,0.14524301886558533
2.9568210262828534,3.6510914809596513,-1.1307671746708,-1.1307671746708,0.11698068697898913,1.5061718225479126,0.14184904098510742,1.51181960105896,0.20437686145305634,-0.12398160248994827,0.6179285645484924,1.5185070037841797,0.21010076999664307
2.9612015018773468,4.650269175578188,-1.3944261405072236,-1.3944261405072236,0.3137168942449519,1.5067931413650513,0.14050109684467316,1.5127148628234863,0.18558992445468903,-0.12127478420734406,0.5814903974533081,1.5194272994995117,0.22545458376407623
2.96558197747184,5.655934851062833,1.273050036399676,1.273050036399676,0.6206801862335007,1.507408618927002,0.1419602930545807,1.5135278701782227,0.17359161376953125,-0.11872757971286774,0.5316072106361389,1.52041494846344,0.27367159724235535
2.9699624530663327,8.68332718306553,-0.03896995694278638,-0.03896995694278638,0.09946332377302652,1.5080304145812988,0.14831440150737762,1.514288306236267,0.16851688921451569,-0.116398885846138,0.5506584644317627,1.5216137170791626,0.37386178970336914
2.974342928660826,6.042108767520449,0.5305010587976751,0.5305010587976751,0.2397156379312424,1.5086801052093506,0.1422848105430603,1.5150264501571655,0.18292783200740814,-0.11398673802614212,0.5466157793998718,1.5232514142990112,0.3801685869693756
2.978723404255319,8.85487765615754,2.4916646015634134,2.4916646015634134,0.09288299924736139,1.509303331375122,0.14138087630271912,1.5158277750015259,0.1800244003534317,-0.11159230023622513,0.5551076531410217,1.5249167680740356,0.414151668548584
2.983103879849812,4.9845928673905675,0.5774334784641545,0.5774334784641545,0.11169090186994039,1.5099226236343384,0.13538137078285217,1.5166163444519043,0.1955791413784027,-0.1091606616973877,0.6251596808433533,1.5267308950424194,0.419352650642395
2.9874843554443054,6.924426935053574,-2.324512300689453,-2.324512300689453,-0.26630876942995535,1.5105156898498535,0.13320189714431763,1.5174731016159058,0.18557286262512207,-0.10642216354608536,0.6387608647346497,1.528567910194397,0.43261831998825073
2.9918648310387983,9.024565552392566,-1.4277548107228368,-1.4277548107228368,1.237911124942542,1.5110992193222046,0.12243689596652985,1.5182859897613525,0.188100665807724,-0.10362409055233002,0.5786548256874084,1.5304629802703857,0.37822532653808594
2.9962453066332912,3.012297419892882,0.29263871705659406,0.29263871705659406,-0.6764522419313724,1.5116355419158936,0.13820241391658783,1.5191099643707275,0.20570401847362518,-0.10108930617570877,0.5008089542388916,1.5321197509765625,0.5817810893058777
3.0006257822277846,5.72779236895772,0.2834492888191291,0.2834492888191291,0.061130651063328406,1.5122408866882324,0.1231655478477478,1.520011067390442,0.1820189356803894,-0.09889552742242813,0.5291094779968262,1.534668207168579,0.46120285987854004
3.0050062578222776,6.948101796672431,1.248557603805143,1.248557603805143,0.32501637985011544,1.5127804279327393,0.11982119083404541,1.5208083391189575,0.17690598964691162,-0.09657777845859528,0.5356019139289856,1.5366884469985962,0.46506351232528687
3.009386733416771,7.917738262259695,-0.157199586060929,-0.157199586060929,-0.9784941100417407,1.5133053064346313,0.1205625906586647,1.5215833187103271,0.18004833161830902,-0.09423159062862396,0.5625722408294678,1.5387256145477295,0.5131986737251282
3.013767209011264,7.649936057603876,-1.0781080079768426,-1.0781080079768426,-0.49911072456118355,1.5138334035873413,0.09632554650306702,1.5223720073699951,0.18880926072597504,-0.09176725894212723,0.5865566730499268,1.5409736633300781,0.33466577529907227
3.018147684605757,3.134866599674699,-0.7803204830745986,-0.7803204830745986,0.5355708741265253,1.514255404472351,0.08137469738721848,1.5231990814208984,0.19619028270244598,-0.08919785916805267,0.5696481466293335,1.5424396991729736,0.23943553864955902
3.0225281602002503,7.634074356240021,0.8325312292557266,0.8325312292557266,0.3616578890864281,1.514611840248108,0.08914237469434738,1.52405846118927,0.17425037920475006,-0.08670252561569214,0.5312199592590332,1.5434885025024414,0.32855552434921265
3.0269086357947432,3.4052384342279485,-0.6780531910401421,-0.6780531910401421,-0.4231044428107761,1.5150023698806763,0.09058794379234314,1.5248217582702637,0.18201759457588196,-0.0843755304813385,0.5449709296226501,1.544927716255188,0.3826691210269928
3.0312891113892366,5.417630885526331,-0.7639443049100454,-0.7639443049100454,-0.6588685381665846,1.5153992176055908,0.0803678035736084,1.5256190299987793,0.16134968400001526,-0.08198829740285873,0.5375255942344666,1.546604037284851,0.30572450160980225
3.0356695869837296,5.998847652306198,-0.06988332905609024,-0.06988332905609024,0.7193382941675519,1.5157512426376343,0.06446600705385208,1.5263258218765259,0.1539650708436966,-0.0796336829662323,0.5344570279121399,1.5479432344436646,0.18585067987442017
3.0400500625782225,5.425320430247964,-0.7896319892103075,-0.7896319892103075,-0.05068069243298498,1.51603364944458,0.07404965162277222,1.5270003080368042,0.1510772407054901,-0.07729250937700272,0.5114092826843262,1.5487573146820068,0.3039712905883789
3.044430538172716,2.8590177425065377,0.14591463385522832,0.14591463385522832,-0.13955742400200258,1.5163580179214478,0.06970903277397156,1.5276620388031006,0.14403675496578217,-0.07505229115486145,0.48982957005500793,1.550088882446289,0.28959792852401733
3.048811013767209,6.243471283102586,0.05756742065939679,0.05756742065939679,-0.05495215701724135,1.5166634321212769,0.06535987555980682,1.5282930135726929,0.11994370818138123,-0.07290660589933395,0.4981662631034851,1.5513575077056885,0.2625425457954407
3.053191489361702,6.062006090012425,-0.9013937554969239,-0.9013937554969239,-1.2158490755618325,1.5169497728347778,0.0606314092874527,1.5288183689117432,0.1183595210313797,-0.07072439789772034,0.5014522075653076,1.5525075197219849,0.2467932552099228
3.057571964956195,8.733040902758814,-0.057316015212593996,-0.057316015212593996,-0.3585054223676423,1.517215371131897,0.034406132996082306,1.5293368101119995,0.11518614739179611,-0.06852779537439346,0.5106353163719177,1.553588628768921,0.030440673232078552
3.061952440550688,6.293135100783128,1.4231937198872744,1.4231937198872744,-0.5499903925962627,1.5173660516738892,0.022817198187112808,1.529841423034668,0.13008396327495575,-0.0662909671664238,0.5194309949874878,1.5537220239639282,-0.039978377521038055
3.066332916145181,3.240181531978684,-1.2844145398862001,-1.2844145398862001,-0.5974521423443879,1.5174659490585327,0.009133375249803066,1.5304112434387207,0.12872746586799622,-0.06401561200618744,0.5770542025566101,1.5535469055175781,-0.14094758033752441
3.0707133917396745,5.519326927076643,-1.0300721218636417,-1.0300721218636417,0.00627442557571424,1.5175060033798218,-0.0037228818982839584,1.530975103378296,0.10707415640354156,-0.0614878386259079,0.5569927096366882,1.5529295206069946,-0.247173473238945
3.0750938673341675,9.661283714032372,-0.474033841315472,-0.474033841315472,-0.5819703742680665,1.5174896717071533,-0.006349155679345131,1.5314441919326782,0.10074032843112946,-0.059047944843769073,0.526728093624115,1.5518467426300049,-0.2505882978439331
3.079474342928661,5.8532554774408,1.174576575676423,1.174576575676423,0.47302908842603725,1.517461895942688,-0.021807320415973663,1.5318855047225952,0.12172266840934753,-0.05674062669277191,0.529880166053772,1.5507490634918213,-0.3585447371006012
3.083854818523154,5.068159207268799,0.48566792552347293,0.48566792552347293,-0.2442357272222057,1.5173664093017578,-0.01560599822551012,1.5324187278747559,0.11776190251111984,-0.05441949889063835,0.5503675937652588,1.5491784811019897,-0.2806990146636963
3.0882352941176467,7.493704885136891,-2.1829549180090537,-2.1829549180090537,0.275451266016511,1.5172981023788452,-0.022342225536704063,1.532934546470642,0.10833625495433807,-0.052008628845214844,0.5716831088066101,1.5479488372802734,-0.32607388496398926
3.09261576971214,4.673626046020124,0.9935430197945493,0.9935430197945493,0.7744311417330814,1.517200231552124,-0.020226364955306053,1.5334091186523438,0.11524113267660141,-0.04950438439846039,0.4998898506164551,1.546520471572876,-0.2824908494949341
3.096996245306633,7.469809157039113,0.037898836915056806,0.037898836915056806,0.6028425340801988,1.5171116590499878,-0.007525910623371601,1.5339139699935913,0.10365206003189087,-0.04731462895870209,0.5062885880470276,1.5452830791473389,-0.15067464113235474
3.1013767209011265,7.392918295135321,-0.5138112653379208,-0.5138112653379208,0.22006813293984384,1.5170786380767822,0.0010627014562487602,1.5343680381774902,0.11062082648277283,-0.04509684443473816,0.4897904396057129,1.5446230173110962,-0.04939348250627518
3.1057571964956194,6.340352826013216,1.7889829021551624,1.7889829021551624,0.5235050436407837,1.5170832872390747,0.002675190567970276,1.5348526239395142,0.11691402643918991,-0.04295133054256439,0.4683588445186615,1.5444066524505615,-0.01392504945397377
3.1101376720901124,6.547160262921487,2.6945425319472855,2.6945425319472855,-0.13925716032672153,1.5170949697494507,0.010436655953526497,1.5353647470474243,0.11636461317539215,-0.040899697691202164,0.505314826965332,1.5443456172943115,0.07470771670341492
3.1145181476846058,6.092255782996592,0.7624204305716717,0.7624204305716717,0.20995568874080422,1.5171407461166382,0.005860342178493738,1.5358744859695435,0.11686526238918304,-0.038686178624629974,0.5880707502365112,1.5446728467941284,0.048839353024959564
3.1188986232790987,7.649710002377318,-1.5929542492006206,-1.5929542492006206,0.5360022585514553,1.5171663761138916,0.008061906322836876,1.5363863706588745,0.11451754719018936,-0.03611014783382416,0.6042044758796692,1.544886827468872,0.08374253660440445
3.123279098873592,7.250733633426684,1.2669738739079932,1.2669738739079932,0.8489914825061279,1.5172016620635986,0.016085512936115265,1.5368880033493042,0.12269023805856705,-0.03346344456076622,0.5420321822166443,1.5452536344528198,0.17504240572452545
3.127659574468085,8.192324333127768,-2.7419617326269696,-2.7419617326269696,0.2263341048608216,1.5172721147537231,0.03022555261850357,1.5374253988265991,0.12834875285625458,-0.031089086085557938,0.5542386174201965,1.5460203886032104,0.3208925127983093
3.132040050062578,7.18564820356395,-0.4202526271750656,-0.4202526271750656,0.6250832421208505,1.517404556274414,0.03265807777643204,1.5379875898361206,0.13994188606739044,-0.028661256656050682,0.4675549864768982,1.5474261045455933,0.35909411311149597
3.136420525657071,6.893095817193638,0.21579580239721677,0.21579580239721677,-0.592105594507368,1.517547607421875,0.04289747029542923,1.5386005640029907,0.14499682188034058,-0.02661314234137535,0.43702787160873413,1.5489990711212158,0.4665582776069641
3.1408010012515644,3.792855437514058,-2.1396592808810775,-2.1396592808810775,0.048459874328229895,1.517735481262207,0.03054201602935791,1.5392357110977173,0.14755143225193024,-0.024698752909898758,0.4606211483478546,1.5510427951812744,0.3634694218635559
3.1451814768460573,6.290169116697716,-0.9113448905316288,-0.9113448905316288,-0.29534515448689647,1.517869234085083,0.030787784606218338,1.5398820638656616,0.12977591156959534,-0.022681012749671936,0.39672112464904785,1.5526349544525146,0.3715050220489502
3.1495619524405507,6.4590919043905615,1.288359520023296,1.288359520023296,-1.4910017718381974,1.518004059791565,0.024259908124804497,1.5404505729675293,0.128501296043396,-0.020943185314536095,0.37873196601867676,1.5542622804641724,0.31986182928085327
3.153942428035044,6.98472434058995,-1.096322293589117,-1.096322293589117,-0.23370373468736805,1.5181102752685547,-0.004574695602059364,1.541013479232788,0.1280089020729065,-0.019284158945083618,0.45989811420440674,1.5556634664535522,0.061300814151763916
3.1583229036295366,3.322621471663638,0.742432075744004,0.742432075744004,-0.1958949119338218,1.5180902481079102,-0.009899565018713474,1.541574239730835,0.1314581036567688,-0.017269587144255638,0.4347069263458252,1.5559320449829102,0.02031451091170311
3.16270337922403,4.8175246608706335,1.8724915525874057,1.8724915525874057,-0.5718705480484484,1.5180468559265137,-0.013960444368422031,1.5421501398086548,0.1105470061302185,-0.015365364030003548,0.4621090590953827,1.556020975112915,-0.013735946267843246
3.167083854818523,6.299492113995178,0.7286319882447837,0.7286319882447837,0.03007046557131267,1.5179857015609741,-0.025151561945676804,1.54263436794281,0.09948408603668213,-0.013341106474399567,0.5334922075271606,1.555960774421692,-0.11275537312030792
3.1714643304130163,9.22692006647572,0.28029513129468997,0.28029513129468997,-0.38863289510173527,1.5178755521774292,-0.025129681453108788,1.5430701971054077,0.09844783693552017,-0.011004157364368439,0.5538924336433411,1.555466890335083,-0.10737542062997818
3.1758448060075093,7.300827061852222,0.12523507123177766,0.12523507123177766,-0.6088501917191305,1.5177655220031738,-0.03299133479595184,1.5435014963150024,0.11678202450275421,-0.008577845059335232,0.5734272599220276,1.5549964904785156,-0.17388483881950378
3.1802252816020022,4.444172621284055,-1.5756147969569019,-1.5756147969569019,-0.27729831518589004,1.5176210403442383,-0.044685348868370056,1.5440130233764648,0.12221875786781311,-0.0060659609735012054,0.5948648452758789,1.5542347431182861,-0.27826473116874695
3.184605757196496,7.259882017054752,1.9610435335998695,1.9610435335998695,-0.221245057316323,1.517425298690796,-0.04995464161038399,1.5445483922958374,0.10871079564094543,-0.003460170002654195,0.5569499135017395,1.5530158281326294,-0.32538095116615295
3.1889862327909886,8.202973912047717,1.1362783481997583,1.1362783481997583,0.8328373317884268,1.5172064304351807,-0.05404750257730484,1.5450246334075928,0.1139490157365799,-0.0010204643476754427,0.6206796765327454,1.5515905618667603,-0.36172497272491455
3.193366708385481,5.882420643095232,-2.6841995654272965,-2.6841995654272965,0.6200182532057872,1.5169696807861328,-0.0382298119366169,1.545523762702942,0.1258287876844406,0.0016984078101813793,0.6295410990715027,1.5500060319900513,-0.21480721235275269
3.197747183979975,4.4503573253262125,-2.800599642772324,-2.800599642772324,0.2994408754032595,1.516802191734314,-0.02630401775240898,1.5460749864578247,0.1222418025135994,0.004456097260117531,0.5330474376678467,1.549065113067627,-0.10503511130809784
3.202127659574468,6.107179318730726,0.7257855048896052,0.7257855048896052,-0.08748727271120003,1.5166869163513184,-0.02033836767077446,1.5466104745864868,0.10901778936386108,0.0067910985089838505,0.4425164461135864,1.548604965209961,-0.05103567615151405
3.206508135168961,5.516176417012813,-1.706578936923262,-1.706578936923262,0.933095729799898,1.516597867012024,-0.021340306848287582,1.5470880270004272,0.10667185485363007,0.008729531429708004,0.46626660227775574,1.5483814477920532,-0.06286658346652985
3.210888610763454,7.27462785537528,-0.47927891380931503,-0.47927891380931503,0.9332470642038131,1.5165044069290161,-0.003228539600968361,1.5475553274154663,0.10081758350133896,0.01077200099825859,0.3891797363758087,1.548106074333191,0.1018243283033371
3.215269086357947,6.404910704612195,0.338319042331317,0.338319042331317,-0.25857352893005303,1.5164902210235596,0.015231769531965256,1.547996997833252,0.10667357593774796,0.012476793490350246,0.3479295074939728,1.54855215549469,0.26788049936294556
3.219649561952441,7.73922056000245,-0.6949993396249813,-0.6949993396249813,-0.0012309753947580115,1.516556978225708,0.011379621922969818,1.548464298248291,0.10620541870594025,0.014000890776515007,0.36536067724227905,1.5497256517410278,0.22729018330574036
3.224030037546933,6.421675467535338,0.18980963885529978,0.18980963885529978,-0.11316193708041913,1.5166068077087402,0.01262666005641222,1.5489295721054077,0.11473651230335236,0.015601344406604767,0.34510043263435364,1.550721287727356,0.23215168714523315
3.2284105131414265,4.199951227610682,-1.7604328474772355,-1.7604328474772355,-1.0727896676119195,1.5166621208190918,0.011641182005405426,1.5494321584701538,0.11445090174674988,0.01711304858326912,0.353948175907135,1.5517382621765137,0.21685142815113068
3.23279098873592,3.437160696353624,-1.67943064662147,-1.67943064662147,0.04376222722664143,1.5167131423950195,-0.007630227133631706,1.5499335527420044,0.09903579950332642,0.01866351068019867,0.33386680483818054,1.5526881217956543,0.03403772413730621
3.237171464330413,6.06605928556108,-0.0662103357295317,-0.0662103357295317,-0.06022271557437459,1.5166797637939453,-0.006129696033895016,1.5503673553466797,0.07896030694246292,0.02012600563466549,0.28354412317276,1.5528372526168823,0.04397400841116905
3.241551939924906,3.5378207995936894,-0.3202837101432279,-0.3202837101432279,-0.15085443898460957,1.5166529417037964,-0.005976320710033178,1.5507131814956665,0.07635022699832916,0.021368063986301422,0.2833692729473114,1.5530298948287964,0.037871103733778
3.245932415519399,2.9904476866159695,-0.15236097134006538,-0.15236097134006538,0.33034328350880615,1.5166267156600952,-0.008013924583792686,1.551047682762146,0.056878745555877686,0.02260935679078102,0.27842140197753906,1.553195834159851,0.014352988451719284
3.250312891113892,6.899805477321518,-0.4492207597523782,-0.4492207597523782,0.28464693915319816,1.5165916681289673,-0.0011446448042988777,1.5512968301773071,0.03392226994037628,0.02382897585630417,0.2643249034881592,1.5532586574554443,0.07376918196678162
3.254693366708385,7.64362641813701,1.5804736356772011,1.5804736356772011,-0.28815960964750237,1.5165866613388062,0.005848292261362076,1.551445484161377,0.036971431225538254,0.02498684450984001,0.24289363622665405,1.5535818338394165,0.12836512923240662
3.2590738423028784,4.246040457042956,0.3774567804533824,0.3774567804533824,0.9590564667702326,1.5166122913360596,0.0023835753090679646,1.5516074895858765,0.04477933421730995,0.026050833985209465,0.29746365547180176,1.5541441440582275,0.08452723175287247
3.2634543178973714,5.841077250945315,-1.0296713432484885,-1.0296713432484885,0.4154271766532252,1.51662278175354,0.021417653188109398,1.5518035888671875,0.030365604907274246,0.027353866025805473,0.2804791033267975,1.5545144081115723,0.253888338804245
3.267834793491865,5.06769218225032,2.4148371791378724,2.4148371791378724,-0.3060745515368681,1.5167165994644165,0.030763771384954453,1.5519366264343262,0.026368506252765656,0.02858249843120575,0.2382776439189911,1.5556265115737915,0.3305456042289734
3.2722152690863577,6.124771876330389,0.20431941380106722,0.20431941380106722,0.8465912083243232,1.5168513059616089,0.02645370177924633,1.5520521402359009,0.016987456008791924,0.02962626703083515,0.3177368938922882,1.5570744276046753,0.2817220389842987
3.2765957446808507,5.53939493666436,-1.0378762708072422,-1.0378762708072422,0.8187144148846173,1.5169671773910522,0.04402772709727287,1.5521265268325806,0.014958305284380913,0.031018106266856194,0.2989805340766907,1.558308482170105,0.4331938326358795
3.280976220275344,6.4032599310766605,-2.464965924793991,-2.464965924793991,0.8555171397446228,1.5171600580215454,0.06096774339675903,1.5521920919418335,0.008953722193837166,0.03232778236269951,0.24476219713687897,1.5602060556411743,0.5793833136558533
3.285356695869837,5.807009522723579,1.1359054027245565,1.1359054027245565,-2.157476234409962,1.5174270868301392,0.0788993090391159,1.5522313117980957,0.008603553287684917,0.03339995816349983,0.14779356122016907,1.5627440214157104,0.7325739860534668
3.2897371714643304,5.094666926353586,1.6785012500514092,1.6785012500514092,0.666260527224933,1.5177726745605469,0.04033582657575607,1.5522689819335938,0.0036933328956365585,0.03404736518859863,0.24397075176239014,1.565953016281128,0.3637073338031769
3.294117647058824,5.90685887759909,-0.2897236435074646,-0.2897236435074646,-0.6459418678963347,1.5179493427276611,0.05434960126876831,1.5522851943969727,-0.00538260955363512,0.03511607274413109,0.27353137731552124,1.5675462484359741,0.48271259665489197
3.2984981226533163,5.221231486968909,-3.382977878068694,-3.382977878068694,0.9057062816403316,1.518187403678894,0.04410954564809799,1.5522615909576416,-0.0092038968577981,0.03631427139043808,0.283934086561203,1.5696607828140259,0.3751645088195801
3.3028785982478097,8.231269387449736,-0.7064242189818489,-0.7064242189818489,-0.006842997597451579,1.5183806419372559,0.0627029687166214,1.5522212982177734,-0.017487134784460068,0.03755803778767586,0.1586908996105194,1.571304202079773,0.5355589985847473
3.3072590738423027,3.9571448701282437,3.362025277970153,3.362025277970153,-0.9422855565921879,1.5186553001403809,0.06524862349033356,1.5521446466445923,-0.00583657156676054,0.03825318068265915,0.13826091587543488,1.5736502408981323,0.5400763154029846
3.311639549436796,11.032261482351245,2.0574113823608124,2.0574113823608124,0.60434376837147,1.5189411640167236,0.04891837388277054,1.5521191358566284,-0.022573158144950867,0.03885883092880249,0.26396042108535767,1.5760160684585571,0.37962600588798523
3.316020025031289,3.9596245238324057,-1.5217161563417252,-1.5217161563417252,-0.044195540813922386,1.519155502319336,0.06382184475660324,1.5520203113555908,0.007712429389357567,0.04001510143280029,0.3063946068286896,1.5776790380477905,0.4911504089832306
3.320400500625782,7.137406815647893,-2.086759277101373,-2.086759277101373,-0.009955876393669336,1.5194350481033325,0.06431419402360916,1.5520540475845337,-0.009031208232045174,0.04135725647211075,0.2632463276386261,1.579830527305603,0.4859548509120941
3.324780976220276,5.735183792930257,-1.2101102188721602,-1.2101102188721602,1.0216744896639007,1.519716739654541,0.0665576308965683,1.5520144701004028,-0.004643049091100693,0.04251040145754814,0.20259708166122437,1.5819592475891113,0.4885452091693878
3.3291614518147683,5.656667320470194,-0.4200895984206777,-0.4200895984206777,-0.6011101841072273,1.5200083255767822,0.08764588832855225,1.5519940853118896,-0.009799692779779434,0.043397873640060425,0.1374218910932541,1.584099292755127,0.6687145829200745
3.3335419274092613,9.569461693631638,0.9612167947044269,0.9612167947044269,-0.11501913173562973,1.5203922986984253,0.07838118076324463,1.5519511699676514,-0.015216413885354996,0.043999847024679184,0.14270827174186707,1.5870286226272583,0.56787109375
3.337922403003754,5.16604786370835,0.3126276118830327,0.3126276118830327,0.1999823983718464,1.5207356214523315,0.07956710457801819,1.5518845319747925,0.005329413339495659,0.04462497681379318,0.17413777112960815,1.5895161628723145,0.552934467792511
3.342302878598248,8.002466648403344,0.7879886137291059,0.7879886137291059,-0.4967975627650957,1.521084189414978,0.08510789275169373,1.5519078969955444,-0.003505326807498932,0.04538778215646744,0.17742736637592316,1.5919382572174072,0.5900450944900513
3.3466833541927405,5.1178643336186,-0.5445712237900848,-0.5445712237900848,-0.28438727081065834,1.5214569568634033,0.0786256492137909,1.5518925189971924,0.006765173748135567,0.046164996922016144,0.2149471938610077,1.5945229530334473,0.5076985955238342
3.351063829787234,9.06717153966494,-0.5634372899006943,-0.5634372899006943,0.3984691593538538,1.5218013525009155,0.07511059194803238,1.5519222021102905,-0.002173961140215397,0.04710656777024269,0.2073490023612976,1.5967469215393066,0.4606305658817291
3.355444305381727,7.61756504983388,-0.3127649958947116,-0.3127649958947116,-0.4256931166149528,1.5221303701400757,0.08578656613826752,1.5519126653671265,0.014845308847725391,0.04801485687494278,0.1792582869529724,1.5987646579742432,0.5331752896308899
3.3598247809762203,3.0121388561073412,-0.0060792500792840876,-0.0060792500792840876,-0.5990139081089383,1.5225061178207397,0.08056802302598953,1.5519777536392212,0.02260596677660942,0.048800092190504074,0.18255615234375,1.601100206375122,0.4623613953590393
3.364205256570713,6.4731388754980586,-2.091458085307177,-2.091458085307177,0.13216785491498959,1.5228590965270996,0.07045945525169373,1.552076816558838,-0.00010294653475284576,0.049599774181842804,0.1998717188835144,1.6031255722045898,0.3597395420074463
3.368585732165206,5.463969700679672,-0.6928906840103641,-0.6928906840103641,-0.4900579552416833,1.5231677293777466,0.07528997957706451,1.5520763397216797,-0.00018346580327488482,0.05047530680894852,0.13493478298187256,1.6047013998031616,0.38470253348350525
3.3729662077597,2.634706621921162,0.1803346550130299,0.1803346550130299,0.8772734536741618,1.5234975814819336,0.06814705580472946,1.5520755052566528,-0.006592773832380772,0.051066383719444275,0.12901142239570618,1.6063865423202515,0.3015874922275543
3.3773466833541925,8.765200967077849,0.4079018497951191,0.4079018497951191,-2.033889612552661,1.5237960815429688,0.08551748096942902,1.5520466566085815,-0.03267786279320717,0.051631513983011246,0.10865859687328339,1.6077076196670532,0.4541683793067932
3.381727158948686,11.972415405394687,-0.39760131911059077,-0.39760131911059077,0.26715079762240723,1.5241706371307373,0.05077878385782242,1.551903486251831,-0.016079550608992577,0.052107490599155426,0.17996665835380554,1.6096971035003662,0.10460194945335388
3.386107634543179,7.4580097511377605,-1.2747984506801782,-1.2747984506801782,-0.5036845543740729,1.524393081665039,0.06024092808365822,1.5518330335617065,0.0203313697129488,0.05289582908153534,0.16055378317832947,1.6101553440093994,0.1537909209728241
3.390488110137672,7.133869168244914,-0.019890971174987615,-0.019890971174987615,0.14688215685936046,1.5246570110321045,0.05365793779492378,1.551922082901001,0.02729075588285923,0.05359913036227226,0.13803482055664062,1.6108289957046509,0.06851252913475037
3.394868585732165,6.167606239949763,-0.2248503088448758,-0.2248503088448758,-0.9240280153326079,1.5248920917510986,0.05914199352264404,1.5520416498184204,0.03162212297320366,0.05420378968119621,0.13316451013088226,1.6111291646957397,0.09574125707149506
3.399249061326658,2.7348323245216393,-1.0297874060335384,-1.0297874060335384,-0.7077611387230006,1.5251511335372925,0.04427408054471016,1.5521801710128784,0.030334116891026497,0.05478711426258087,0.15358272194862366,1.6115485429763794,-0.06256866455078125
3.403629536921151,6.141374093829167,-1.5828024030502403,-1.5828024030502403,0.3089928903100492,1.5253450870513916,0.032124586403369904,1.5523130893707275,0.00607500784099102,0.0554598793387413,0.14417853951454163,1.6112744808197021,-0.18433405458927155
3.4080100125156445,5.692604021097191,-0.2292826921436606,-0.2292826921436606,-0.31146499450740994,1.5254857540130615,0.04034930840134621,1.5523396730422974,0.003666980192065239,0.05609145015478134,0.08893211930990219,1.6104669570922852,-0.12914018332958221
3.412390488110137,6.924579818732472,-0.6287757297297327,-0.6287757297297327,0.06564931653446311,1.5256625413894653,0.03684260696172714,1.5523557662963867,-0.001252342015504837,0.0564810149371624,0.0913321003317833,1.6099013090133667,-0.1812935173511505
3.4167709637046304,6.683119714049846,1.5983546831810527,1.5983546831810527,0.8488545998506574,1.525823950767517,0.04091391712427139,1.5523502826690674,0.0017273509874939919,0.05688109248876572,0.071052685379982,1.6091071367263794,-0.16768257319927216
3.421151439299124,6.5959855100058435,-0.4972351023752233,-0.4972351023752233,-0.6477766632350707,1.526003122329712,0.05955494940280914,1.552357792854309,0.0025433111004531384,0.05719233676791191,0.09294046461582184,1.6083725690841675,-0.018461599946022034
3.4255319148936167,7.308017474473236,-0.6870521467385337,-0.6870521467385337,0.5880950895136045,1.526263952255249,0.050221554934978485,1.5523688793182373,0.003855303395539522,0.05759945884346962,0.09733675420284271,1.608291745185852,-0.12814462184906006
3.42991239048811,7.44180827278655,0.06169857686521221,0.06169857686521221,-0.07822368442161025,1.5264838933944702,0.06430807709693909,1.5523858070373535,0.009022369980812073,0.05802584066987038,0.06009841337800026,1.6077303886413574,-0.023623399436473846
3.434292866082603,5.381904201875685,1.3301252252741878,1.3301252252741878,-0.030802794919665095,1.5267655849456787,0.06603632867336273,1.5524253845214844,0.015550597570836544,0.05828909948468208,0.06418458372354507,1.6076269149780273,-0.034225668758153915
3.438673341677096,8.518443278659692,-1.2030205364772137,-1.2030205364772137,-0.7138237825955792,1.5270549058914185,0.06778111308813095,1.5524934530258179,0.008358070626854897,0.0585702583193779,0.10392799973487854,1.6074769496917725,-0.03739690035581589
3.443053817271589,5.581379320431054,-1.0849134123798068,-1.0849134123798068,-1.1801411909338224,1.5273518562316895,0.05813789740204811,1.55253005027771,0.022472869604825974,0.059025511145591736,0.08964190632104874,1.6073131561279297,-0.1574426293373108
3.4474342928660824,6.480502382793512,-0.8318796193039346,-0.8318796193039346,-0.20359130508564593,1.52760648727417,0.038529541343450546,1.552628517150879,0.017377063632011414,0.05941818654537201,0.09242285788059235,1.6066235303878784,-0.35932546854019165
3.451814768460576,7.16703477407194,-2.6083137364469824,-2.6083137364469824,-0.1029591462145365,1.5277752876281738,0.03759332746267319,1.5527046918869019,0.017535068094730377,0.05982304364442825,0.07407484948635101,1.60504949092865,-0.39169982075691223
3.4561952440550687,5.8813760952566065,-0.023994451984688345,-0.023994451984688345,-0.28671839453723835,1.5279399156570435,0.038889329880476,1.5527814626693726,0.022170724347233772,0.06014752760529518,0.0009105503559112549,1.6033337116241455,-0.4060911238193512
3.4605757196495617,5.088127635750277,0.5269589847206863,0.5269589847206863,0.40283319788637845,1.5281102657318115,0.0362095832824707,1.5528786182403564,0.01836702600121498,0.060151517391204834,0.008582922630012035,1.6015548706054688,-0.45267361402511597
3.464956195244055,5.226619976158204,-1.0620858606461168,-1.0620858606461168,0.7843937548750226,1.5282689332962036,0.04607415571808815,1.5529590845108032,0.00886837299913168,0.06018911302089691,0.012207789346575737,1.599571943283081,-0.380164235830307
3.469336670838548,6.1653411333564945,-0.666893451653553,-0.666893451653553,-0.5853588636753096,1.528470754623413,0.0631585642695427,1.5529979467391968,0.00012791622430086136,0.06024258956313133,-0.04171527177095413,1.5979065895080566,-0.24134959280490875
3.473717146433041,6.108429188823601,-4.213523979731609,-4.213523979731609,-0.14291259911688428,1.5287474393844604,0.0550994798541069,1.5529985427856445,-0.001616772497072816,0.06005985662341118,-0.044096339493989944,1.5968493223190308,-0.33883100748062134
3.4780976220275344,5.83565426905197,0.2260761330393425,0.2260761330393425,-0.7982018082072871,1.5289888381958008,0.055286955088377,1.552991509437561,-0.003992810845375061,0.05986669287085533,-0.1629711091518402,1.595365047454834,-0.35967934131622314
3.4824780976220278,4.254401007260115,-0.4009483230870596,-0.4009483230870596,0.9969991460128662,1.529231071472168,0.043104272335767746,1.552973985671997,-0.007890181615948677,0.05915280058979988,-0.13305895030498505,1.5937894582748413,-0.49396276473999023
3.4868585732165203,4.107890223715272,-2.4692746374284473,-2.4692746374284473,0.21462105744437776,1.5294198989868164,0.0637252926826477,1.5529394149780273,-0.02314078062772751,0.05856993794441223,-0.17388343811035156,1.591625690460205,-0.31854885816574097
3.4912390488110137,9.494554092522108,0.6062072195611469,0.6062072195611469,0.027822149565855006,1.5296990871429443,0.06965068727731705,1.5528380870819092,-0.03895098716020584,0.057808246463537216,-0.2522616982460022,1.5902303457260132,-0.2785087525844574
3.4956195244055066,9.030268728507687,1.4226629349219677,1.4226629349219677,-0.040664663143917694,1.5300041437149048,0.07455790042877197,1.552667498588562,-0.01888245716691017,0.056703221052885056,-0.23537102341651917,1.5890103578567505,-0.26688244938850403
