t,u1,u2,u3,tau,x_q,xdot_q,z_q,zdot_q,theta,theta_dot,beta,beta_dot
0.0,5.954963804735703,1.2816375828825777,1.2816375828825777,-0.29235819581009986,-2.0,0.0,2.0,0.0,1.1281905784771284e-05,0.0,0.3490658503991208,0.0
0.0043804755944931,4.859326272065778,-1.86199240363218,-1.86199240363218,0.31095712243396945,-2.0,0.0014267796650528908,2.0,0.0005900791729800403,1.1281906154181343e-05,0.04596566781401634,0.3490658402442932,0.049621496349573135
0.0087609511889862,9.023860383506083,0.9990075901445719,0.9990075901445719,-0.2660820831481383,-1.9999938011169434,0.006996985524892807,2.00000262260437,0.005267763044685125,0.00021263340022414923,-0.017491351813077927,0.34928321838378906,0.24336424469947815
0.0131414267834793,3.586967973021219,1.049348835741315,1.049348835741315,-0.39820146569130305,-1.9999631643295288,0.010612151585519314,2.000025749206543,0.03219655156135559,0.0001360129681415856,0.019453275948762894,0.3503492772579193,0.36790281534194946
0.0175219023779724,5.068517230776745,0.08903511558269483,0.08903511558269483,0.40404273963534365,-1.999916672706604,0.00973675400018692,2.000166893005371,0.010553823783993721,0.00022122757218312472,0.06172633543610573,0.3519608676433563,0.3358199894428253
0.0219023779724655,4.8314655014659245,-1.1727683184913853,-1.1727683184913853,-0.7943571658436108,-1.9998739957809448,0.016278889030218124,2.000213146209717,0.01899676024913788,0.0004916182952001691,0.05252711474895477,0.35343191027641296,0.5600201487541199
0.0262828535669586,4.722031113635507,-0.07315978724585886,-0.07315978724585886,-2.017091874338005,-1.9998027086257935,0.013049931265413761,2.0002963542938232,-0.0009402390569448471,0.0007217120146378875,0.041476309299468994,0.3558850586414337,0.444749116897583
0.0306633291614518,9.629950215359553,-1.345665584140848,-1.345665584140848,-0.767507245729049,-1.999745488166809,-0.00029253214597702026,2.0002923011779785,-0.04864157736301422,0.0009033979731611907,0.0982452854514122,0.35783326625823975,-0.014008969068527222
0.0350438047559449,6.671365400370007,0.6209148978165031,0.6209148978165031,-0.9028546014963859,-1.9997467994689941,-0.00030999042792245746,2.0000791549682617,-0.027706783264875412,0.001333759049884975,0.08136122673749924,0.3577719032764435,-0.016571924090385437
0.039424280350438,6.7154888476098,0.4475727138055878,0.4475727138055878,-0.5462310672760124,-1.9997481107711792,-0.003348349826410413,1.999957799911499,-0.03455199673771858,0.0016901599010452628,0.12586012482643127,0.35769930481910706,-0.12182562798261642
0.0438047559449311,9.02455345199563,-0.1036432886203068,-0.1036432886203068,-1.7763806390472756,-1.999762773513794,-0.003409093013033271,1.9998064041137695,-0.03319805860519409,0.0022414871491491795,0.15488234162330627,0.357165664434433,-0.12663184106349945
0.0481852315394242,4.767928471067785,-1.8427224266987419,-1.8427224266987419,0.23863473624100118,-1.9997776746749878,-0.011997506022453308,1.9996609687805176,-0.03948437422513962,0.002919945400208235,0.20373156666755676,0.3566109538078308,-0.42369532585144043
0.0525657071339173,7.612490512102438,0.5589871362004519,0.5589871362004519,0.2251323503159186,-1.9998302459716797,-0.006814658176153898,1.9994879961013794,-0.03724149987101555,0.003812386654317379,0.14294934272766113,0.3547549545764923,-0.2523130774497986
0.0569461827284105,4.339604623066371,1.6449947840269439,1.6449947840269439,-0.20290803014613218,-1.9998600482940674,0.0001245373860001564,1.999324917793274,-0.011392073705792427,0.004438572563230991,0.15269896388053894,0.35364970564842224,-0.021983981132507324
0.0613266583229036,7.944015817125177,1.0670512075085838,1.0670512075085838,-0.6158437837015188,-1.9998594522476196,0.001387618132866919,1.9992749691009521,-0.02240140736103058,0.005107466597110033,0.206663578748703,0.3535534143447876,0.01700064167380333
0.0657071339173967,8.68485267549266,-1.580376571801375,-1.580376571801375,-0.36331131726820226,-1.9998533725738525,0.0017525258008390665,1.9991768598556519,-0.012232642620801926,0.006012751255184412,0.2558094561100006,0.35362789034843445,0.020255081355571747
0.0700876095118898,5.679412997007495,-1.4926342321455466,-1.4926342321455466,0.22482891260528892,-1.9998457431793213,0.0047213793732225895,1.999123215675354,0.009711487218737602,0.0071333181113004684,0.22026729583740234,0.3537166118621826,0.11031322181224823
0.0744680851063829,10.634609783730884,0.5955796399099704,0.5955796399099704,-0.8996741768700375,-1.999825119972229,0.010465208441019058,1.9991657733917236,0.019359584897756577,0.008098193444311619,0.17011192440986633,0.3541998267173767,0.29821062088012695
0.078848560700876,4.40405669188385,0.40778562075130476,0.40778562075130476,-0.46279908571136574,-1.999779224395752,0.010590333491563797,1.9992505311965942,0.04587572440505028,0.00884336419403553,0.2137780785560608,0.35550612211227417,0.28178122639656067
0.0832290362953692,4.405391634529338,-0.27856277236472693,-0.27856277236472693,-0.3120234899092831,-1.9997328519821167,0.009941395372152328,1.9994515180587769,0.02969091199338436,0.009779813699424267,0.23920191824436188,0.35674044489860535,0.24979683756828308
0.0876095118898623,3.9872590615479124,0.7916062438079778,0.7916062438079778,-1.8551862503244456,-1.9996893405914307,0.010545659810304642,1.9995815753936768,0.01683087646961212,0.010827631689608097,0.24017907679080963,0.35783466696739197,0.25987955927848816
0.0919899874843554,3.8978423829569424,-0.5419158378101794,-0.5419158378101794,0.29514651619803056,-1.999643087387085,-0.0017859721556305885,1.9996552467346191,-0.033416733145713806,0.01187973003834486,0.31747379899024963,0.35897305607795715,-0.169610857963562
0.0963704630788485,7.249222345126304,0.53521253743319,0.53521253743319,-1.5335731662462369,-1.9996509552001953,0.003498896025121212,1.9995088577270508,-0.037209443747997284,0.013270416297018528,0.29302892088890076,0.3582300841808319,-0.001392275094985962
0.1007509386733416,5.899978612830312,-1.233290870583264,-1.233290870583264,-0.34019956594304723,-1.9996355772018433,-0.003751463256776333,1.9993458986282349,-0.053002916276454926,0.014554021880030632,0.35344401001930237,0.35822397470474243,-0.2691776752471924
0.1051314142678347,3.801875999474806,-1.7407697031781564,-1.7407697031781564,0.9887381098621357,-1.9996520280838013,-0.0021140663884580135,1.99911367893219,-0.053931161761283875,0.016102274879813194,0.32736292481422424,0.35704484581947327,-0.23385637998580933
0.1095118898623279,6.324345514656876,2.501673689985415,2.501673689985415,0.19018502483070254,-1.9996613264083862,0.008878445252776146,1.9988774061203003,-0.043278977274894714,0.017536280676722527,0.24765264987945557,0.356020450592041,0.1258600354194641
0.113892365456821,5.411558698398018,0.104675863174712,0.104675863174712,-0.6913983113995695,-1.9996224641799927,0.01527149137109518,1.9986878633499146,-0.02896542102098465,0.018621116876602173,0.3151554465293884,0.356571763753891,0.3187161386013031
0.1182728410513141,6.630425702411322,-0.14953698883249578,-0.14953698883249578,-0.6303544926427804,-1.9995555877685547,0.013831217773258686,1.9985610246658325,-0.04169255122542381,0.020001647993922234,0.3384033441543579,0.35796788334846497,0.2455599308013916
0.1226533166458072,5.871177864166343,-1.4365411490780202,-1.4365411490780202,-1.04036767082644,-1.999495029449463,0.013875547796487808,1.9983783960342407,-0.0428382009267807,0.0214840155094862,0.35244473814964294,0.35904353857040405,0.2163783311843872
0.1270337922403003,6.974665077563652,-0.5981262407683603,-0.5981262407683603,-0.4311496856307279,-1.999434232711792,0.009997691959142685,1.9981907606124878,-0.05935240536928177,0.023027891293168068,0.34087520837783813,0.3599913716316223,0.05608281493186951
0.1314142678347934,6.414464425722402,-0.11662334196789995,-0.11662334196789995,-0.7129273354840702,-1.9993904829025269,0.012075635604560375,1.9979307651519775,-0.05322813242673874,0.024521086364984512,0.3359989523887634,0.3602370321750641,0.09012126922607422
0.1357947434292866,6.741041040807662,-1.219950887599107,-1.219950887599107,0.26134805650815374,-1.9993375539779663,0.01144060492515564,1.9976975917816162,-0.057984694838523865,0.025992922484874725,0.353412926197052,0.3606317937374115,0.033248331397771835
0.1401752190237797,5.17255649135694,-0.12642548971001513,-0.12642548971001513,-0.9508100117794389,-1.999287486076355,0.019194308668375015,1.9974435567855835,-0.03862929344177246,0.027541039511561394,0.3101542890071869,0.36077743768692017,0.2553631663322449
0.1445556946182728,5.806076298275614,-0.11645469486003127,-0.11645469486003127,-1.6119302413989036,-1.9992034435272217,0.015697233378887177,1.997274398803711,-0.05903002992272377,0.0288996621966362,0.3342289328575134,0.3618960380554199,0.10476593673229218
0.1489361702127659,3.3996310385820334,0.9006754737247775,0.9006754737247775,-0.06275762610610969,-1.9991346597671509,0.007268664427101612,1.9970158338546753,-0.08859208226203918,0.030363744124770164,0.377901554107666,0.36235496401786804,-0.21616171300411224
0.153316645807259,6.912257162256432,-0.29872525420677903,-0.29872525420677903,-0.36071614236127436,-1.9991028308868408,0.009694572538137436,1.9966278076171875,-0.1044045239686966,0.032019130885601044,0.4060368537902832,0.3614080846309662,-0.1583348512649536
0.1576971214017521,5.4410101911251285,2.2463917195117284,2.2463917195117284,0.2706867592409823,-1.9990603923797607,0.01274249330163002,1.9961705207824707,-0.09724409133195877,0.033797767013311386,0.40784719586372375,0.36071449518203735,-0.10563306510448456
0.1620775969962453,8.61883052497938,-0.5366664886324293,-0.5366664886324293,-1.3883446335627776,-1.999004602432251,0.019791824743151665,1.9957445859909058,-0.0885838195681572,0.035584330558776855,0.46554404497146606,0.360251784324646,0.09062640368938446
0.1664580725907384,5.526646664749156,-1.1444465909920014,-1.1444465909920014,-0.4691703646579092,-1.9989179372787476,0.01603737100958824,1.995356559753418,-0.08960944414138794,0.03762363642454147,0.4904157519340515,0.3606487810611725,-0.10510152578353882
0.1708385481852315,8.211978735804834,-2.1839591753325225,-2.1839591753325225,-0.6269973668744778,-1.9988477230072021,0.01718757674098015,1.9949640035629272,-0.09644688665866852,0.03977189213037491,0.4706955552101135,0.36018839478492737,-0.11311084777116776
0.1752190237797246,4.73724335322631,1.5605284123778032,1.5605284123778032,-0.5966783149939299,-1.998772382736206,0.01959727704524994,1.9945415258407593,-0.08418012410402298,0.04183376207947731,0.4252273440361023,0.35969290137290955,-0.10529319196939468
0.1795994993742177,5.9093606879703175,0.039479827871491624,0.039479827871491624,-0.4815765383529556,-1.9986865520477295,0.01911751925945282,1.9941728115081787,-0.10043780505657196,0.043696459382772446,0.4882246255874634,0.3592316806316376,-0.16622599959373474
0.1839799749687108,4.233608329633682,0.5886398621683668,0.5886398621683668,-0.6476365498514993,-1.9986028671264648,0.020767593756318092,1.9937328100204468,-0.1043187752366066,0.045835115015506744,0.5034410953521729,0.358503520488739,-0.16886352002620697
0.188360450563204,5.9491603191467,2.077627440289541,2.077627440289541,-1.7702977764523973,-1.9985119104385376,0.019526995718479156,1.9932758808135986,-0.12592396140098572,0.04804042726755142,0.5395442843437195,0.3577638268470764,-0.2550605535507202
0.1927409261576971,7.106605834807195,-0.6034007885032318,-0.6034007885032318,0.7466165075699712,-1.9984263181686401,0.010830068960785866,1.9927242994308472,-0.1577557772397995,0.050403889268636703,0.6519159078598022,0.3566465377807617,-0.6159592866897583
0.1971214017521902,10.09593957658939,-1.3794456950451264,-1.3794456950451264,-0.4374747004071285,-1.998378872871399,0.024113964289426804,1.9920332431793213,-0.12462162971496582,0.05325959250330925,0.6124911308288574,0.35394835472106934,-0.24893084168434143
0.2015018773466833,6.964740730251806,-1.3945809256197395,-1.3945809256197395,-0.9876070134050299,-1.998273253440857,0.03074296936392784,1.9914873838424683,-0.09228689968585968,0.0559425950050354,0.5849825739860535,0.35285791754722595,-0.14492446184158325
0.2058823529411764,6.102113485452726,-2.006312039319137,-2.006312039319137,-0.8124443818921329,-1.9981385469436646,0.029877007007598877,1.9910831451416016,-0.09837925434112549,0.0585050955414772,0.5730976462364197,0.35222306847572327,-0.2642524838447571
0.2102628285356695,6.430054922123375,-0.23776883307170316,-0.23776883307170316,-0.09204642169558136,-1.9980076551437378,0.029676347970962524,1.9906522035598755,-0.10788090527057648,0.061015535145998,0.5382329225540161,0.3510655164718628,-0.3539315462112427
0.2146433041301627,5.375312317623298,0.21932070238463125,0.21932070238463125,-0.9726945944179871,-1.9978777170181274,0.0357617549598217,1.9901796579360962,-0.09877173602581024,0.06337325274944305,0.5339773893356323,0.3495151400566101,-0.23519070446491241
0.2190237797246558,6.102101110953876,-1.5621671235472738,-1.5621671235472738,-0.9698391403042921,-1.9977210760116577,0.03371865302324295,1.9897470474243164,-0.11791406571865082,0.0657123252749443,0.5687879920005798,0.34848490357398987,-0.38559234142303467
0.2234042553191489,7.747028994233702,-1.8431463121937808,-1.8431463121937808,0.6910893615083078,-1.9975733757019043,0.03261705860495567,1.9892305135726929,-0.13088557124137878,0.0682038888335228,0.5514901280403137,0.34679582715034485,-0.5187207460403442
0.227784730913642,4.601253171959101,-0.15370266310722477,-0.15370266310722477,-0.2627628215585308,-1.997430443763733,0.04671698063611984,1.9886571168899536,-0.09340639412403107,0.07061967998743057,0.477482408285141,0.3445235788822174,-0.1514187753200531
0.2321652065081351,4.823293621081186,-1.2679226278076257,-1.2679226278076257,0.29296881791248863,-1.9972257614135742,0.04975331947207451,1.9882479906082153,-0.10341021418571472,0.072711281478405,0.4806673228740692,0.34386029839515686,-0.12087514251470566
0.2365456821026282,3.6129864169000787,-0.449700887480328,-0.449700887480328,0.876165377120616,-1.9970078468322754,0.05749185383319855,1.9877949953079224,-0.09927709400653839,0.07481683045625687,0.43508434295654297,0.3433308005332947,0.0697442963719368
0.2409261576971214,6.70563414646508,-0.7226672971072194,-0.7226672971072194,-0.3932030580284976,-1.9967559576034546,0.06851392984390259,1.9873601198196411,-0.09246678650379181,0.07672270387411118,0.39636483788490295,0.34363630414009094,0.3957340121269226
0.2453066332916145,6.120693120340185,0.1434622310874782,0.1434622310874782,-0.6558891788496024,-1.9964557886123657,0.07317747175693512,1.9869550466537476,-0.08762992918491364,0.07845897227525711,0.386743426322937,0.345369815826416,0.4376773238182068
0.2496871088861076,6.981321056759691,1.231691358242416,1.231691358242416,-0.7365331506769262,-1.9961352348327637,0.07517030835151672,1.986571192741394,-0.0935266837477684,0.08015309274196625,0.4100870192050934,0.34728705883026123,0.39313891530036926
0.2540675844806007,7.950616786633262,-1.6962052622591313,-1.6962052622591313,-0.6780881933464633,-1.9958059787750244,0.07758405804634094,1.986161470413208,-0.09395138174295425,0.08194947242736816,0.4675654172897339,0.3490091860294342,0.34555783867836
0.2584480600750938,5.458183554579337,-1.3343012844483255,-1.3343012844483255,-0.19340769204444175,-1.9954661130905151,0.08168886601924896,1.9857499599456787,-0.08492689579725266,0.08399762958288193,0.43783316016197205,0.35052290558815,0.3361917734146118
0.2628285356695869,9.108201487370906,1.231675352334543,1.231675352334543,-1.2206756877415392,-1.9951082468032837,0.08678148686885834,1.9853779077529907,-0.08622156083583832,0.08591555058956146,0.40451544523239136,0.351995587348938,0.4056648313999176
0.2672090112640801,4.6209524982232955,-1.4870175996889459,-1.4870175996889459,-0.5795564789278778,-1.9947280883789062,0.08814550936222076,1.9850002527236938,-0.07941025495529175,0.08768752217292786,0.4761318564414978,0.3537725806236267,0.27120697498321533
0.2715894868585732,6.54740071946073,-0.8548846682231395,-0.8548846682231395,-1.2462263014874144,-1.9943419694900513,0.08920150995254517,1.9846524000167847,-0.09625168144702911,0.08977320790290833,0.44963112473487854,0.3549605906009674,0.21407389640808105
0.2759699624530663,8.303861410421925,0.005338871103049869,0.005338871103049869,-0.7368835137488268,-1.9939512014389038,0.0872991606593132,1.9842307567596436,-0.11153548955917358,0.09174280613660812,0.4610595405101776,0.35589835047721863,0.01461935043334961
0.2803504380475594,8.5482170792015,0.1798728427935154,0.1798728427935154,-0.7584136349003521,-1.993568778038025,0.09184753149747849,1.9837422370910645,-0.1008482277393341,0.09376246482133865,0.4827347993850708,0.3559623956680298,-0.0030093565583229065
0.2847309136420525,4.752713783249783,-0.7890604110439842,-0.7890604110439842,0.1332784482257825,-1.993166446685791,0.09664826095104218,1.9833004474639893,-0.08858111500740051,0.09587707370519638,0.5101357102394104,0.3559492230415344,-0.021011972799897194
0.2891113892365456,6.317565017928958,-1.0494767895958095,-1.0494767895958095,-0.12539717296646713,-1.9927431344985962,0.10391855239868164,1.9829124212265015,-0.08865117281675339,0.09811171144247055,0.4832004904747009,0.3558571934700012,0.12380325049161911
0.2934918648310388,8.703291270507023,-3.407011952130839,-3.407011952130839,-0.9408895214885513,-1.9922878742218018,0.1112118810415268,1.982524037361145,-0.08124593645334244,0.10022836178541183,0.45621442794799805,0.3563995063304901,0.2320106476545334
0.2978723404255319,5.686282634721735,-0.6952409753672838,-0.6952409753672838,-0.4524404614037747,-1.9918006658554077,0.115120068192482,1.982168197631836,-0.07170070707798004,0.10222680121660233,0.38419583439826965,0.3574158251285553,0.16694486141204834
0.302252816020025,4.56808500371788,-1.3541688673023338,-1.3541688673023338,-0.5424455069921982,-1.991296410560608,0.11907452344894409,1.9818540811538696,-0.07680036872625351,0.10390976071357727,0.3771052956581116,0.35814711451530457,0.1697261482477188
0.3066332916145181,6.237320904620258,0.37504773862273066,0.37504773862273066,0.12201993279084111,-1.9907747507095337,0.12083490192890167,1.9815176725387573,-0.09328040480613708,0.10556165874004364,0.35340040922164917,0.3588905930519104,0.12207335978746414
0.3110137672090112,6.564169918921922,-1.4440147530885776,-1.4440147530885776,-1.4989138042265115,-1.9902454614639282,0.1303972452878952,1.9811090230941772,-0.08114870637655258,0.10710971802473068,0.36078962683677673,0.3594253361225128,0.29762476682662964
0.3153942428035043,10.734080080217517,-0.43798911774734184,-0.43798911774734184,-0.4209871827664938,-1.9896742105484009,0.12714648246765137,1.9807535409927368,-0.10184948146343231,0.10869015008211136,0.3623928427696228,0.36072906851768494,0.028587013483047485
0.3197747183979975,7.952458933505654,-0.5678275379144595,-0.5678275379144595,-1.0871865079191956,-1.9891172647476196,0.138642817735672,1.9803073406219482,-0.06385834515094757,0.11027760058641434,0.3618963360786438,0.36085429787635803,0.15481619536876678
0.3241551939924906,5.570349690333423,-0.496776130527036,-0.496776130527036,-1.0674718191454415,-1.9885098934173584,0.14083877205848694,1.9800275564193726,-0.0638560876250267,0.11186287552118301,0.3770632743835449,0.3615324795246124,0.03218916803598404
0.3285356695869837,7.7457542026989,0.8772139855910761,0.8772139855910761,-0.929067243119895,-1.987892985343933,0.1398899257183075,1.9797478914260864,-0.08343418687582016,0.11351459473371506,0.39372938871383667,0.3616734743118286,-0.1389980912208557
0.3329161451814768,8.514342553728477,-1.833055420595159,-1.833055420595159,-0.8084438583089042,-1.987280249595642,0.14326578378677368,1.9793823957443237,-0.08170892298221588,0.11523931473493576,0.4464785158634186,0.3610645830631256,-0.22211405634880066
0.3372966207759699,6.282875812043836,0.6324391521473719,0.6324391521473719,0.35567243624048217,-1.9866527318954468,0.14885321259498596,1.9790245294570923,-0.07088973373174667,0.11719509959220886,0.41655659675598145,0.3600916266441345,-0.2540147304534912
0.341677096370463,7.357481724842653,1.8896554332443318,1.8896554332443318,-1.5070246720892513,-1.986000657081604,0.1609361618757248,1.9787139892578125,-0.05328718572854996,0.11901981383562088,0.4246390759944916,0.35897892713546753,-0.011891663074493408
0.3460575719649562,4.924361586867775,-1.459714376641231,-1.459714376641231,-0.3708904105801659,-1.9852956533432007,0.15928874909877777,1.978480577468872,-0.0675152838230133,0.12087993323802948,0.5238329172134399,0.35892683267593384,-0.2646675109863281
0.3504380475594493,6.585846375507361,0.7063343142007805,0.7063343142007805,-1.3411746664144353,-1.98459792137146,0.16352367401123047,1.9781848192214966,-0.07726654410362244,0.12317457050085068,0.49203580617904663,0.3577674627304077,-0.2559400200843811
0.3548185231539424,4.50775064128392,0.5738978742098033,0.5738978742098033,-0.009845423784976548,-1.9838815927505493,0.16234369575977325,1.977846384048462,-0.0943613052368164,0.12532992660999298,0.5518295764923096,0.356646329164505,-0.4798363149166107
0.3591989987484355,6.2157343848410855,-2.1266398061075034,-2.1266398061075034,0.610788330264795,-1.983170509338379,0.1691112369298935,1.9774330854415894,-0.09970687329769135,0.12774720788002014,0.5688767433166504,0.35454443097114563,-0.3797447085380554
0.3635794743429286,5.698908506150298,-0.49779135807502445,-0.49779135807502445,-0.8248251198805143,-1.9824297428131104,0.18354426324367523,1.9769963026046753,-0.07704208791255951,0.13023915886878967,0.4889351725578308,0.35288095474243164,-0.06745687127113342
0.3679599499374217,10.42038591265871,-0.5231227434123621,-0.5231227434123621,-0.6986991733399619,-1.9816256761550903,0.18557564914226532,1.976658821105957,-0.09026432037353516,0.13238093256950378,0.49848559498786926,0.35258546471595764,-0.16721074283123016
0.3723404255319149,11.427064043897907,-0.20726106033414837,-0.20726106033414837,-1.2743619848025873,-1.9808127880096436,0.19600380957126617,1.976263403892517,-0.06104673445224762,0.13456453382968903,0.5036129951477051,0.35185301303863525,-0.12373082339763641
0.376720901126408,5.358883604045006,-1.1465375275358483,-1.1465375275358483,-0.26247408312151005,-1.9799542427062988,0.20349618792533875,1.9759960174560547,-0.036041416227817535,0.1367705911397934,0.5347757339477539,0.3513110280036926,-0.21759718656539917
0.3811013767209011,7.175146726117093,-1.5740787804414116,-1.5740787804414116,-0.5950455279508995,-1.979062795639038,0.20980896055698395,1.9758381843566895,-0.039769820868968964,0.1391131579875946,0.5089582800865173,0.35035786032676697,-0.16807526350021362
0.3854818523153942,6.247434848528968,0.27453392691627887,0.27453392691627887,-0.14472022012971797,-1.9781436920166016,0.21639861166477203,1.9756640195846558,-0.03556010499596596,0.1413426399230957,0.48036739230155945,0.34962162375450134,-0.1695902943611145
0.3898623279098873,3.839073015174827,-0.333347664050469,-0.333347664050469,0.16608133300000572,-1.9771957397460938,0.2252299040555954,1.975508213043213,-0.029235251247882843,0.1434468775987625,0.4926109313964844,0.34887874126434326,-0.06668875366449356
0.3942428035043804,8.116218285233131,0.15800894312037628,0.15800894312037628,-0.9017104029363141,-1.9762091636657715,0.23274639248847961,1.9753801822662354,-0.03629793971776962,0.14560474455356598,0.47802603244781494,0.3485866189002991,0.0677148774266243
0.3986232790988736,4.43342757678021,-2.6641588082020866,-2.6641588082020866,-0.8292755120269051,-1.9751895666122437,0.23871733248233795,1.9752211570739746,-0.030956869944930077,0.14769873023033142,0.5089731812477112,0.3488832414150238,0.0025669485330581665
0.4030037546933667,5.770133091582229,-0.25433314584154215,-0.25433314584154215,-1.30018207670787,-1.9741438627243042,0.23934157192707062,1.9750854969024658,-0.054960399866104126,0.1499282717704773,0.45538878440856934,0.34889447689056396,-0.12688694894313812
0.4073842302878598,4.291013612893406,0.5309449641554251,0.5309449641554251,-2.276843530570554,-1.973095417022705,0.23847609758377075,1.9748446941375732,-0.07811955362558365,0.15192309021949768,0.4859308898448944,0.34833866357803345,-0.35690978169441223
0.4117647058823529,6.520354018550043,-1.8623653473040989,-1.8623653473040989,-0.34283448148540024,-1.9720507860183716,0.2274579107761383,1.974502444267273,-0.13523776829242706,0.15405169129371643,0.5679272413253784,0.34677523374557495,-0.8932358026504517
0.416145181476846,8.746508967294714,0.7372562171068582,0.7372562171068582,-0.9597517435245299,-1.9710544347763062,0.2359481304883957,1.9739100933074951,-0.13111798465251923,0.15653948485851288,0.5235521197319031,0.34286242723464966,-0.8388523459434509
0.4205256570713391,3.7347184201675008,-1.4310423089259818,-1.4310423089259818,0.31973995516748777,-1.9700208902359009,0.24339933693408966,1.9733357429504395,-0.12190189957618713,0.15883289277553558,0.5731101036071777,0.3391878604888916,-0.9050569534301758
0.4249061326658322,6.672182947888121,-1.5950845883020244,-1.5950845883020244,-0.991440109254769,-1.9689546823501587,0.25251755118370056,1.9728018045425415,-0.12653282284736633,0.16134338080883026,0.5219817161560059,0.3352232873439789,-0.7297748327255249
0.4292866082603254,6.396258768222917,-1.0214625487491737,-1.0214625487491737,-0.8510192248395665,-1.967848539352417,0.25645220279693604,1.9722474813461304,-0.13544794917106628,0.1636299043893814,0.504353404045105,0.33202654123306274,-0.8522440791130066
0.4336670838548185,7.910700492528539,-1.3767989956909563,-1.3767989956909563,0.24972579577802478,-1.9667251110076904,0.26118868589401245,1.9716541767120361,-0.14360885322093964,0.16583921015262604,0.4993759095668793,0.3282932937145233,-0.9417824149131775
0.4380475594493116,3.074640191262608,1.6473706173501863,1.6473706173501863,-0.8886751602065016,-1.965580940246582,0.2770366370677948,1.9710251092910767,-0.11464933305978775,0.16802671551704407,0.4518762230873108,0.3241678476333618,-0.6891717910766602
0.4424280350438047,10.095089979196171,-0.10203173140606736,-0.10203173140606736,0.572326484253057,-1.964367389678955,0.2758967876434326,1.9705228805541992,-0.15156972408294678,0.1700061410665512,0.5259367823600769,0.32114896178245544,-0.8658187389373779
0.4468085106382978,6.023828581693564,-0.6830579164659699,-0.6830579164659699,-0.6185021948994219,-1.9631588459014893,0.2979685664176941,1.9698588848114014,-0.09701114892959595,0.1723099946975708,0.5062434077262878,0.31735625863075256,-0.4723006784915924
0.4511889862327909,5.4398708508139455,-1.5981593019156066,-1.5981593019156066,-0.9109304706338202,-1.9618536233901978,0.3040626347064972,1.9694339036941528,-0.10311867296695709,0.1745275855064392,0.504358172416687,0.31528735160827637,-0.5050857663154602
0.4555694618272841,7.402945278399075,-1.334477259619652,-1.334477259619652,-0.8589416499522777,-1.9605216979980469,0.3071097135543823,1.968982219696045,-0.12066717445850372,0.17673692107200623,0.48428890109062195,0.31307482719421387,-0.6328880190849304
0.4599499374217772,7.712767942599841,-0.8314280949100927,-0.8314280949100927,-0.13514399846867597,-1.9591764211654663,0.31416404247283936,1.9684536457061768,-0.12057799100875854,0.17885833978652954,0.4704017639160156,0.3103024661540985,-0.7005308866500854
0.4643304130162703,2.9616358741206055,-0.9030976737822745,-0.9030976737822745,0.29798173828190555,-1.957800269126892,0.32710257172584534,1.9679254293441772,-0.10175305604934692,0.18091891705989838,0.45006805658340454,0.3072338104248047,-0.5590095520019531
0.4687108886107634,9.49987232919518,-1.924165863044841,-1.924165863044841,-0.33197827026736787,-1.9563673734664917,0.33462217450141907,1.9674797058105469,-0.11319251358509064,0.18289043009281158,0.41499271988868713,0.3047850728034973,-0.4070478081703186
0.4730913642052565,2.8139914676627638,0.6587447118332745,0.6587447118332745,-0.6818154303629078,-1.9549015760421753,0.34942135214805603,1.9669839143753052,-0.08369951695203781,0.18470829725265503,0.36849579215049744,0.3030019998550415,-0.2786265015602112
0.4774718397997496,7.145615161081469,-1.7642426910630977,-1.7642426910630977,-0.8844160008222262,-1.9533709287643433,0.34976330399513245,1.966617226600647,-0.11826448887586594,0.18632248044013977,0.4076443910598755,0.30178147554397583,-0.4032779037952423
0.4818523153942428,4.024764448377384,-1.0102225856547333,-1.0102225856547333,-0.46863807528274426,-1.9518388509750366,0.3566272556781769,1.9660991430282593,-0.12095018476247787,0.1881081610918045,0.3819506764411926,0.3000149130821228,-0.4835611879825592
0.4862327909887359,8.3520391031966,-0.4578702607589258,-0.4578702607589258,0.3138241101056849,-1.9502766132354736,0.36080217361450195,1.9655693769454956,-0.14059367775917053,0.1897812932729721,0.3661347031593323,0.29789668321609497,-0.5205132961273193
0.490613266583229,7.492333788645448,0.0772093994111489,0.0772093994111489,-0.6644407950224733,-1.9486961364746094,0.3783458173274994,1.9649535417556763,-0.10632555186748505,0.19138513505458832,0.34359878301620483,0.29561659693717957,-0.23838475346565247
0.4949937421777221,5.200223670005975,-1.4365680913846997,-1.4365680913846997,-0.09127718703000626,-1.9470387697219849,0.3875929117202759,1.9644877910614014,-0.10119251161813736,0.1928902566432953,0.3652573227882385,0.2945723533630371,-0.24903325736522675
0.4993742177722152,4.772587312369847,2.0445606088207104,2.0445606088207104,-1.1169551424525754,-1.945340871810913,0.39658859372138977,1.9640445709228516,-0.10249022394418716,0.1944902539253235,0.3259705603122711,0.2934814691543579,-0.15323680639266968
0.5037546933667083,2.3800720427379667,-0.6048259855507572,-0.6048259855507572,-0.18061860781726147,-1.9436036348342896,0.39787042140960693,1.9635956287384033,-0.1303965300321579,0.19591815769672394,0.41829684376716614,0.29281023144721985,-0.3534212112426758
0.5081351689612015,7.161813888545012,-0.7121827169938126,-0.7121827169938126,0.2868733692544657,-1.9418607950210571,0.40112385153770447,1.963024377822876,-0.1574261486530304,0.1977504938840866,0.40590864419937134,0.29126209020614624,-0.3482701778411865
0.5125156445556946,7.350198714292285,0.6238356834275002,0.6238356834275002,-0.5237003700678959,-1.9401036500930786,0.41649773716926575,1.9623347520828247,-0.1337682455778122,0.1995285600423813,0.37673303484916687,0.2897365093231201,-0.10114419460296631
0.5168961201501877,4.492731069005236,0.2462440331260426,0.2462440331260426,-0.699133284661825,-1.938279151916504,0.42681288719177246,1.9617488384246826,-0.12672486901283264,0.20117883384227753,0.41024473309516907,0.28929343819618225,-0.07562191784381866
0.5212765957446808,9.80957965009907,-1.8598780468813532,-1.8598780468813532,-1.1797406430313582,-1.9364094734191895,0.43063175678253174,1.9611936807632446,-0.14764808118343353,0.20297589898109436,0.43785274028778076,0.288962185382843,-0.16570471227169037
0.5256570713391739,5.06693255932424,-2.6361455789842037,-2.6361455789842037,-1.132581448330235,-1.934523105621338,0.4414125084877014,1.9605469703674316,-0.1347101777791977,0.20489390194416046,0.4179905652999878,0.2882363200187683,-0.26564499735832214
0.5300375469336671,7.637073388410807,0.5636607215491234,0.5636607215491234,0.7563681296208562,-1.9325895309448242,0.44358211755752563,1.9599568843841553,-0.16057805716991425,0.20672489702701569,0.37408173084259033,0.28707265853881836,-0.46315306425094604
0.5344180225281602,5.243062265357297,-1.0752597748195887,-1.0752597748195887,-1.2592729882445468,-1.9306464195251465,0.463358610868454,1.9592534303665161,-0.12243029475212097,0.20836354792118073,0.36845406889915466,0.2850438356399536,-0.0737999975681305
0.5387984981226532,6.428731411624455,-3.317826826349984,-3.317826826349984,-0.5292680913004836,-1.9286166429519653,0.4651769697666168,1.9587171077728271,-0.14969564974308014,0.20997755229473114,0.37382784485816956,0.2847205698490143,-0.3024604916572571
0.5431789737171464,6.331173296836762,-1.5008486273754449,-1.5008486273754449,-0.9852309820712168,-1.9265789985656738,0.4741925597190857,1.9580613374710083,-0.1506059467792511,0.21161510050296783,0.2923930883407593,0.2833956480026245,-0.29980823397636414
0.5475594493116396,5.235198087089813,-0.18783434172792401,-0.18783434172792401,-0.7556091169025102,-1.9245017766952515,0.4800984263420105,1.9574016332626343,-0.16260743141174316,0.21289591491222382,0.27733540534973145,0.28208234906196594,-0.4265623688697815
0.5519399249061326,7.244663013595131,-2.1328083677978262,-2.1328083677978262,-0.8742124108788973,-1.9223986864089966,0.48546066880226135,1.9566893577575684,-0.17866230010986328,0.21411077678203583,0.2939162254333496,0.2802138030529022,-0.5148783922195435
0.5563204005006257,5.466989592488363,-1.200738243435763,-1.200738243435763,-0.6746450706601785,-1.9202721118927002,0.4940735995769501,1.9559067487716675,-0.1805400848388672,0.21539826691150665,0.2571612298488617,0.27795839309692383,-0.5892504453659058
0.5607008760951189,6.554788800842413,-2.0729042985821264,-2.0729042985821264,-0.7534072858327683,-1.9181078672409058,0.5005858540534973,1.9551159143447876,-0.19286362826824188,0.21652474999427795,0.24179764091968536,0.27537718415260315,-0.6495117545127869
0.565081351689612,6.320317306747022,0.30090008825339465,0.30090008825339465,-0.7906595764407296,-1.9159150123596191,0.5088133811950684,1.9542710781097412,-0.19784975051879883,0.21758393943309784,0.20326414704322815,0.27253201603889465,-0.7062579989433289
0.5694618272841051,7.108987027815907,-1.5462013062703726,-1.5462013062703726,0.10593494249452473,-1.9136861562728882,0.5164311528205872,1.953404426574707,-0.20566308498382568,0.21847432851791382,0.23514114320278168,0.2694382667541504,-0.7788462042808533
0.5738423028785982,5.834889442971038,-2.941674878476377,-2.941674878476377,-1.2496226571190916,-1.911423921585083,0.5312874913215637,1.9525035619735718,-0.18662004172801971,0.21950435638427734,0.1868935227394104,0.2660265564918518,-0.5829012393951416
0.5782227784730913,7.232517831266877,-1.807090573277622,-1.807090573277622,-0.012509180097505346,-1.909096598625183,0.5351848006248474,1.9516860246658325,-0.2088940292596817,0.22032304108142853,0.137480229139328,0.26347318291664124,-0.794786274433136
0.5826032540675845,6.77623154546868,-1.2151029193830332,-1.2151029193830332,0.39953798525302875,-1.9067522287368774,0.5495624542236328,1.9507709741592407,-0.19148337841033936,0.22092527151107788,0.08507276326417923,0.2599916458129883,-0.6289190649986267
0.5869837296620776,4.856001241834854,-0.6003500955155477,-0.6003500955155477,-0.6235816297646829,-1.904344916343689,0.5654244422912598,1.9499322175979614,-0.1685398817062378,0.22129793465137482,0.03792012855410576,0.25723668932914734,-0.35879823565483093
0.5913642052565706,6.817729521822458,-1.5024147759269098,-1.5024147759269098,-0.8190444526743947,-1.9018681049346924,0.5712797045707703,1.9491939544677734,-0.18487505614757538,0.22146403789520264,0.03859856352210045,0.25566497445106506,-0.4189620018005371
0.5957446808510638,8.472228455905837,-0.6517057774555667,-0.6517057774555667,-0.16605354227491842,-1.8993656635284424,0.579851508140564,1.948384165763855,-0.18917231261730194,0.22163312137126923,0.018641982227563858,0.2538297176361084,-0.48767781257629395
0.600125156445557,4.095511393016849,-1.1252675850157003,-1.1252675850157003,-0.7169448989767362,-1.8968256711959839,0.5955458283424377,1.9475555419921875,-0.1647665798664093,0.2217147797346115,0.004459397867321968,0.251693457365036,-0.33552002906799316
0.60450563204005,4.961384633733633,0.4334607150078187,0.4334607150078187,-0.2546538753593303,-1.8942168951034546,0.5994049310684204,1.9468337297439575,-0.18961647152900696,0.22173431515693665,-0.007464920170605183,0.25022372603416443,-0.4395146369934082
0.6088861076345431,8.789721944820414,-2.4521453066617047,-2.4521453066617047,-1.0456277751593703,-1.891591191291809,0.6076787114143372,1.9460030794143677,-0.19670403003692627,0.22170162200927734,0.012630208395421505,0.24829843640327454,-0.39429599046707153
0.6132665832290363,0.8879718131882273,-1.659726398293645,-1.659726398293645,0.33393455126663885,-1.8889292478561401,0.6188318133354187,1.9451414346694946,-0.1895860731601715,0.2217569500207901,-0.0284445621073246,0.24657122790813446,-0.479961633682251
0.6176470588235294,3.6764180379452887,0.3167732379253292,0.3167732379253292,0.9280487169625457,-1.8862184286117554,0.6225513815879822,1.9443109035491943,-0.21752692759037018,0.22163234651088715,-0.08666577935218811,0.24446876347064972,-0.36602872610092163
0.6220275344180225,9.483507736243228,-0.1617100663749279,-0.1617100663749279,-0.5486485970769872,-1.8834913969039917,0.6349964141845703,1.943358063697815,-0.2085060328245163,0.2212527096271515,-0.10451696068048477,0.24286538362503052,-0.021071165800094604
0.6264080100125156,5.99340905651906,1.287896629476936,1.287896629476936,-0.3750241321939473,-1.8807097673416138,0.6502503752708435,1.9424446821212769,-0.18423724174499512,0.22079487144947052,-0.09321712702512741,0.24277308583259583,0.048142001032829285
0.6307884856070087,4.972558517145719,0.16096266153718908,0.16096266153718908,-1.0488610587566662,-1.8778613805770874,0.6597137451171875,1.941637635231018,-0.18535417318344116,0.2203865349292755,-0.044654570519924164,0.24298396706581116,0.08399344235658646
0.6351689612015019,9.26964860645154,-1.850074148589742,-1.850074148589742,-0.4772123103854101,-1.8749715089797974,0.6633943319320679,1.9408257007598877,-0.21038047969341278,0.22019092738628387,-0.009323883801698685,0.24335189163684845,-0.09199623018503189
0.639549436795995,5.757754830432822,-0.3256167163065534,-0.3256167163065534,-1.244085592740489,-1.872065544128418,0.6785793304443359,1.9399040937423706,-0.18627212941646576,0.22015008330345154,-0.04941580444574356,0.24294890463352203,-0.007879719138145447
0.643929912390488,8.335806217549058,-1.7644426247860587,-1.7644426247860587,-2.0634169611929196,-1.8690930604934692,0.6826630234718323,1.9390881061553955,-0.20913557708263397,0.2199336141347885,-0.022593600675463676,0.24291439354419708,-0.21991552412509918
0.6483103879849812,10.200037194339743,0.4161778684079659,0.4161778684079659,-1.6421269139206538,-1.866102695465088,0.6871029138565063,1.9381719827651978,-0.22896404564380646,0.21983464062213898,-0.013862602412700653,0.24195106327533722,-0.6000385284423828
0.6526908635794744,6.786440952996632,0.15638181722458533,0.15638181722458533,-0.06652899016395569,-1.8630928993225098,0.6976305842399597,1.9371689558029175,-0.22356314957141876,0.21977391839027405,0.046246424317359924,0.23932260274887085,-0.818986177444458
0.6570713391739674,6.162518975013393,-0.843953532975483,-0.843953532975483,-0.7086118849122651,-1.8600369691848755,0.7105184197425842,1.9361896514892578,-0.21103239059448242,0.2199764996767044,0.05275612697005272,0.23573505878448486,-0.6785115599632263
0.6614518147684605,2.525884871584103,-1.4996014462677079,-1.4996014462677079,-0.5671256906622925,-1.8569245338439941,0.718591034412384,1.9352651834487915,-0.2183549553155899,0.2202076017856598,0.048803720623254776,0.23276285827159882,-0.731711208820343
0.6658322903629537,4.319287091266833,-0.5034921412482267,-0.5034921412482267,0.9854369313579883,-1.8537768125534058,0.7205373644828796,1.934308648109436,-0.25305628776550293,0.22042138874530792,0.021572472527623177,0.22955761849880219,-0.8306743502616882
0.6702127659574468,4.805749802692074,1.1928747010661558,1.1928747010661558,-0.9560869321723289,-1.8506205081939697,0.7342630624771118,1.9332001209259033,-0.23725272715091705,0.2205158919095993,-0.021908974274992943,0.22591887414455414,-0.45462682843208313
0.6745932415519399,1.6296770730728563,1.1942552049672805,1.1942552049672805,-0.26890534450027864,-1.8474041223526,0.7384360432624817,1.9321608543395996,-0.2616373896598816,0.22041991353034973,0.04084751009941101,0.22392739355564117,-0.6086252927780151
0.678973717146433,6.298536525553765,-0.634047146387542,-0.634047146387542,-0.7133957727810751,-1.8441693782806396,0.7402543425559998,1.9310147762298584,-0.29706871509552,0.22059884667396545,0.08357644081115723,0.22126132249832153,-0.6454216837882996
0.6833541927409261,6.945097332942006,1.1531465273178636,1.1531465273178636,-0.4017977829670571,-1.8409267663955688,0.7486323714256287,1.929713487625122,-0.30336853861808777,0.2209649533033371,0.0858936756849289,0.21843406558036804,-0.6967495679855347
0.6877346683354193,2.874534631432824,1.757900683164233,1.757900683164233,-1.0825392665232134,-1.8376474380493164,0.759864091873169,1.92838454246521,-0.29710692167282104,0.22134120762348175,0.13130298256874084,0.21538196504116058,-0.6460258960723877
0.6921151439299124,7.621267687092432,0.4903285009592161,0.4903285009592161,-0.16159621171214789,-1.8343188762664795,0.7600029110908508,1.9270830154418945,-0.34069734811782837,0.22191637754440308,0.21425282955169678,0.21255207061767578,-0.8805520534515381
0.6964956195244054,7.219770424596388,-4.1160909750813515,-4.1160909750813515,-0.30737834426294647,-1.8309897184371948,0.7738168239593506,1.9255906343460083,-0.32326605916023254,0.22285491228103638,0.23329110443592072,0.20869483053684235,-0.7470006942749023
0.7008760951188986,7.223030512428858,-1.8844625734087872,-1.8844625734087872,-0.3179993817066093,-1.8276000022888184,0.7860941290855408,1.9241745471954346,-0.31254246830940247,0.22387683391571045,0.12206462025642395,0.20542261004447937,-0.6635242104530334
0.7052565707133918,4.269762046548127,-1.1951353914171747,-1.1951353914171747,0.42813780603909046,-1.8241565227508545,0.7983097434043884,1.9228054285049438,-0.3020327389240265,0.22441153228282928,0.07631892710924149,0.20251606404781342,-0.5829451680183411
0.7096370463078848,6.144723234952979,-1.8459735093313285,-1.8459735093313285,-0.24449218137591633,-1.8206595182418823,0.8084672689437866,1.9214823246002197,-0.29925215244293213,0.22474583983421326,0.028914202004671097,0.19996248185634613,-0.36349713802337646
0.7140175219023779,4.394025411219388,0.2643209280263181,0.2643209280263181,-0.39866283501322786,-1.8171180486679077,0.8188966512680054,1.9201714992523193,-0.29611337184906006,0.22487249970436096,-0.017854128032922745,0.19837018847465515,-0.2877069115638733
0.718397997496871,4.619195949221531,1.0405531941955959,1.0405531941955959,-1.2821261146619123,-1.8135309219360352,0.8253129720687866,1.9188743829727173,-0.31125420331954956,0.22479428350925446,0.0015071015805006027,0.1971098929643631,-0.29593589901924133
0.7227784730913642,3.231224034448439,-0.14960780162434417,-0.14960780162434417,0.5792806006333174,-1.8099156618118286,0.8280954957008362,1.917510986328125,-0.344804584980011,0.22480088472366333,0.06933669745922089,0.19581355154514313,-0.5452719926834106
0.7271589486858573,9.627546290992058,-1.6325978958994418,-1.6325978958994418,-2.3456904380584076,-1.806288242340088,0.8368774056434631,1.9160006046295166,-0.3472704589366913,0.22510461509227753,0.04805084317922592,0.1934249997138977,-0.3080222010612488
0.7315394242803503,5.130119047973369,-1.6737002419436466,-1.6737002419436466,0.7525060528105029,-1.8026223182678223,0.8442933559417725,1.914479374885559,-0.36312493681907654,0.22531509399414062,0.06887540221214294,0.192075714468956,-0.7366515398025513
0.7359198998748435,6.933861740421587,-1.934822663899478,-1.934822663899478,-1.3774578493022576,-1.7989239692687988,0.8574144244194031,1.912888765335083,-0.3456197679042816,0.22561679780483246,-0.0019775107502937317,0.1888488233089447,-0.40662166476249695
0.7403003754693367,8.379862383881308,1.1950832957696784,1.1950832957696784,-0.3505267202101341,-1.7951680421829224,0.8643022179603577,1.911374807357788,-0.36191731691360474,0.22560814023017883,-0.01825433038175106,0.18706762790679932,-0.628361701965332
0.7446808510638298,6.67740669565964,-1.8569070043746276,-1.8569070043746276,-0.4234831688761316,-1.7913819551467896,0.8784641623497009,1.9097894430160522,-0.34240952134132385,0.22552818059921265,0.026882382109761238,0.18431510031223297,-0.5298573970794678
0.7490613266583228,10.72108485806313,-1.0157277486021212,-1.0157277486021212,0.7465553409008528,-1.7875338792800903,0.8890959024429321,1.9082895517349243,-0.33891165256500244,0.22564594447612762,-0.014978138729929924,0.18199406564235687,-0.49158775806427
0.753441802252816,3.1149655620784102,1.1462626850984499,1.1462626850984499,-2.0525012799197344,-1.7836391925811768,0.9121375679969788,1.9068049192428589,-0.2743785083293915,0.2255803346633911,-0.06644239276647568,0.17984068393707275,-0.032351016998291016
0.7578222778473092,5.138261999043283,0.27025151007718906,0.27025151007718906,0.556694395298109,-1.7796436548233032,0.909267783164978,1.905603051185608,-0.33843886852264404,0.22528928518295288,0.02697165310382843,0.17969897389411926,-0.5318191051483154
0.7622027534418022,2.8958834128205866,-0.10933052950497435,-0.10933052950497435,-0.9382588389262505,-1.7756606340408325,0.921150803565979,1.9041205644607544,-0.32530224323272705,0.2254074364900589,0.01860661432147026,0.1773693561553955,-0.2562648355960846
0.7665832290362953,7.798645643262466,-0.024421039638569453,-0.024421039638569453,-0.6071155000735443,-1.7716255187988281,0.9226086735725403,1.9026955366134644,-0.36552539467811584,0.22548894584178925,0.042813949286937714,0.1762467920780182,-0.4501309096813202
0.7709637046307884,7.046564986515416,0.02632830966492883,0.02632830966492883,-0.1402489606986615,-1.7675840854644775,0.9344852566719055,1.9010943174362183,-0.35681140422821045,0.225676491856575,0.059830475598573685,0.1742750108242035,-0.4368818998336792
0.7753441802252816,5.722535396414896,-1.1524976711044035,-1.1524976711044035,-1.7755289133346641,-1.7634905576705933,0.9468850493431091,1.899531364440918,-0.3436603248119354,0.2259385734796524,0.06469506025314331,0.17236125469207764,-0.31105726957321167
0.7797246558197747,6.151225513613542,-1.636067922472946,-1.636067922472946,-1.009866798072819,-1.7593427896499634,0.9502477645874023,1.8980259895324707,-0.37941935658454895,0.226221963763237,0.08288954943418503,0.170998677611351,-0.6722843050956726
0.7841051314142677,5.560396889334628,-0.4854928692093498,-0.4854928692093498,-0.2830212814155416,-1.7551802396774292,0.9576277732849121,1.8963639736175537,-0.39391541481018066,0.22658506035804749,0.06460249423980713,0.1680537462234497,-0.809964120388031
0.7884856070087609,5.096762267549579,-1.8031317200306782,-1.8031317200306782,-0.24112529272487593,-1.7509853839874268,0.9669011235237122,1.8946384191513062,-0.39661750197410583,0.22686804831027985,0.05868968367576599,0.1645057201385498,-0.7587930560112
0.7928660826032541,6.572156737407261,0.02157234219885862,0.02157234219885862,-0.37158885930860797,-1.7467498779296875,0.975457489490509,1.892901062965393,-0.4022541642189026,0.2271251380443573,0.013074144721031189,0.16118185222148895,-0.7068136930465698
0.7972465581977471,3.815924166171625,-1.820774469065026,-1.820774469065026,-1.14389336126685,-1.7424769401550293,0.9861664772033691,1.891139030456543,-0.3984735310077667,0.22718240320682526,0.024555698037147522,0.1580856740474701,-0.6567405462265015
0.8016270337922402,6.377591709642502,-1.1042112101211865,-1.1042112101211865,-0.602720886153875,-1.738157033920288,0.9890047907829285,1.8893935680389404,-0.4357910454273224,0.22728997468948364,0.004788622260093689,0.15520884096622467,-0.8865252733230591
0.8060075093867334,5.569911178688184,0.5783596177241503,0.5783596177241503,-1.0019803297143035,-1.7338247299194336,0.9986110925674438,1.8874845504760742,-0.43902039527893066,0.22731095552444458,-0.009856483899056911,0.15132543444633484,-0.9055235385894775
0.8103879849812266,4.454797766286752,-2.6713219737765463,-2.6713219737765463,0.31403597300287006,-1.7294503450393677,1.005374789237976,1.885561466217041,-0.45831289887428284,0.227267786860466,0.036294449120759964,0.14735880494117737,-1.0547854900360107
0.8147684605757196,5.305453897525761,-1.1410327432423566,-1.1410327432423566,-0.09736157825788139,-1.7250462770462036,1.014827013015747,1.8835538625717163,-0.4565187692642212,0.22742676734924316,-0.050887469202280045,0.14273834228515625,-0.8631304502487183
0.8191489361702127,6.4527234149537955,-1.6141267028335138,-1.6141267028335138,-0.5759527676600228,-1.7206008434295654,1.0242187976837158,1.881554126739502,-0.45707154273986816,0.2272038608789444,-0.08136597275733948,0.1389574259519577,-0.7663805484771729
0.8235294117647058,5.56460525003997,-0.10739468012805375,-0.10739468012805375,-0.6754364302692558,-1.7161142826080322,1.0339932441711426,1.879551887512207,-0.45905056595802307,0.22684744000434875,-0.11168394237756729,0.13560031354427338,-0.7763531804084778
0.827909887359199,5.154554715455692,-1.2846569088709692,-1.2846569088709692,-0.7655164719930811,-1.7115849256515503,1.0418802499771118,1.8775410652160645,-0.47082728147506714,0.22635820508003235,-0.09509532153606415,0.1321995109319687,-0.8348392248153687
0.8322903629536921,7.961843091752907,2.0082748412400067,2.0082748412400067,-0.4895300771620211,-1.7070209980010986,1.0488033294677734,1.8754786252975464,-0.48815906047821045,0.22594164311885834,-0.11025586724281311,0.12854251265525818,-0.9280499219894409
0.8366708385481851,6.533130925793478,0.037834257110851865,0.037834257110851865,0.17098840845073443,-1.702426791191101,1.0615220069885254,1.8733402490615845,-0.4754142463207245,0.22545866668224335,-0.03731205314397812,0.12447721511125565,-0.8788467049598694
0.8410513141426783,6.571801032484675,-1.0621829203369078,-1.0621829203369078,-0.582170737050532,-1.6977767944335938,1.073614239692688,1.8712576627731323,-0.4593493342399597,0.22529521584510803,-0.04120057821273804,0.12062744796276093,-0.6788201332092285
0.8454317897371715,6.850224996347071,-0.44400990003113533,-0.44400990003113533,-1.2304514397202684,-1.6930738687515259,1.083463430404663,1.8692455291748047,-0.4604627788066864,0.22511473298072815,-0.05521845817565918,0.11765389144420624,-0.6879903674125671
0.8498122653316645,9.109815209513457,-2.3135974483529815,-2.3135974483529815,-0.5616739105559998,-1.6883277893066406,1.0920056104660034,1.8672285079956055,-0.4743194580078125,0.22487284243106842,-0.03225187212228775,0.11464016884565353,-0.8715100288391113
0.8541927409261576,5.456795818542118,-3.111838520840964,-3.111838520840964,-1.416678250560249,-1.6835442781448364,1.106340765953064,1.865150809288025,-0.4535641670227051,0.22473156452178955,-0.08341359347105026,0.11082254350185394,-0.8159318566322327
0.8585732165206508,8.666264828410528,-0.12285863320452206,-0.12285863320452206,0.13191166627431117,-1.678697943687439,1.1121885776519775,1.863163948059082,-0.4835364818572998,0.2243661731481552,-0.1329176425933838,0.10724837332963943,-1.0839476585388184
0.8629536921151439,5.453749937544482,0.8760690086997169,0.8760690086997169,-1.9145850039536239,-1.673825979232788,1.1276005506515503,1.8610458374023438,-0.4503776729106903,0.2237839251756668,-0.14035774767398834,0.10250017046928406,-0.8454344272613525
0.867334167709637,7.220718030537913,1.9970054532054735,1.9970054532054735,1.1064067464772742,-1.6688865423202515,1.132419228553772,1.8590729236602783,-0.4920055866241455,0.22316908836364746,-0.058861806988716125,0.09879676252603531,-1.2524874210357666
0.8717146433041301,7.551074020768876,-2.215480406744483,-2.215480406744483,-0.9627929292638708,-1.6639260053634644,1.147582769393921,1.8569177389144897,-0.4483073353767395,0.22291123867034912,-0.03285349905490875,0.09331027418375015,-0.7760041356086731
0.8760951188986232,7.610095900609631,-0.6929886468031153,-0.6929886468031153,-0.6140964283613856,-1.6588990688323975,1.1581882238388062,1.8549538850784302,-0.45005732774734497,0.22276732325553894,-0.06943594664335251,0.08991100639104843,-0.8690112829208374
0.8804755944931164,9.616822933411841,0.7321515305684065,0.7321515305684065,0.497809641489118,-1.6538256406784058,1.1696996688842773,1.8529824018478394,-0.4431811571121216,0.22246316075325012,-0.07173985242843628,0.08610432595014572,-0.8634785413742065
0.8848560700876095,6.719931982867197,-0.29951662592521455,-0.29951662592521455,-0.6651801536979072,-1.648701786994934,1.1867157220840454,1.8510410785675049,-0.39341145753860474,0.22214891016483307,-0.06489632278680801,0.0823218822479248,-0.5013459920883179
0.8892365456821025,5.405969243366807,3.1018583272228315,3.1018583272228315,-0.43198635147980324,-1.6435034275054932,1.1964603662490845,1.8493177890777588,-0.39522895216941833,0.22186464071273804,-0.05421778932213783,0.08012574911117554,-0.5308881998062134
0.8936170212765957,3.634860841077269,-2.286465018068278,-2.286465018068278,0.049861666845945285,-1.638262391090393,1.2045165300369263,1.8475865125656128,-0.40268731117248535,0.2216271460056305,0.0489816777408123,0.0778002068400383,-0.5259272456169128
0.8979974968710889,7.5361742932004026,-2.0583820241798296,-2.0583820241798296,0.6606473362970854,-1.632986068725586,1.2105787992477417,1.8458225727081299,-0.41383177042007446,0.2218417078256607,-0.019246462732553482,0.07549639791250229,-0.42770877480506897
0.902377972465582,5.3798025950092,-2.4789417187668463,-2.4789417187668463,-1.2424647549739118,-1.627683162689209,1.223960280418396,1.8440097570419312,-0.3777846097946167,0.22175739705562592,-0.0986507385969162,0.07362283021211624,-0.06872561573982239
0.906758448060075,6.00042483845393,0.044752763696380704,0.044752763696380704,-0.7987556108826631,-1.622321605682373,1.2304681539535522,1.8423548936843872,-0.40440863370895386,0.22132526338100433,-0.134759783744812,0.07332178205251694,-0.2905136048793793
0.9111389236545682,4.63977919769,1.8390419301630188,1.8390419301630188,-0.733248704072932,-1.6169315576553345,1.2387531995773315,1.8405834436416626,-0.41542330384254456,0.22073495388031006,-0.11012666672468185,0.07204919308423996,-0.37417107820510864
0.9155193992490612,3.898514605489747,-1.353633092126278,-1.353633092126278,-0.029208432520197114,-1.6115052700042725,1.2449809312820435,1.83876371383667,-0.4363868236541748,0.22025254368782043,-0.035007625818252563,0.07041014730930328,-0.47111278772354126
0.9198998748435544,2.049781561179466,0.06063254817305608,0.06063254817305608,0.0034993104870786884,-1.6060516834259033,1.2512186765670776,1.8368520736694336,-0.4471471905708313,0.22009919583797455,-0.07368502020835876,0.06834644824266434,-0.38891005516052246
0.9242803504380476,2.722736221288841,1.4865571782449598,1.4865571782449598,-0.6151730846527529,-1.600570797920227,1.2545316219329834,1.8348933458328247,-0.47274303436279297,0.21977642178535461,-0.07201655209064484,0.06664283573627472,-0.3404441177845001
0.9286608260325406,5.895239155633074,0.968165449166821,0.968165449166821,-0.12630276224159193,-1.5950753688812256,1.2579187154769897,1.832822561264038,-0.507125973701477,0.21946094930171967,-0.010639365762472153,0.06515152752399445,-0.44893503189086914
0.9330413016270338,3.8229094626788296,1.5294784548890987,1.5294784548890987,-0.4075261624908837,-1.5895650386810303,1.2670910358428955,1.8306010961532593,-0.5033025145530701,0.2194143384695053,0.021322574466466904,0.06318497657775879,-0.3476291298866272
0.9374217772215268,2.841352270263118,-0.08907327631813333,-0.08907327631813333,-0.2239617310471197,-1.5840145349502563,1.2725414037704468,1.8283964395523071,-0.523546576499939,0.21950773894786835,0.07788924872875214,0.06166219711303711,-0.37277063727378845
0.94180225281602,8.442474620373236,-0.31353895152585914,-0.31353895152585914,-0.4743167607698611,-1.5784401893615723,1.2767285108566284,1.8261030912399292,-0.5477828979492188,0.21984893083572388,0.08182841539382935,0.0600292831659317,-0.3694619834423065
0.9461827284105132,8.589691641154847,1.2512795443460263,1.2512795443460263,0.8033009693550401,-1.5728474855422974,1.2893537282943726,1.8237035274505615,-0.5306161642074585,0.22020737826824188,0.08652363717556,0.05841086432337761,-0.3063884675502777
0.9505632040050064,6.079484434021748,-2.017803414891132,-2.017803414891132,-0.3509065481261018,-1.567199468612671,1.303952932357788,1.8213791847229004,-0.482322096824646,0.2205863893032074,0.09960602968931198,0.05706873536109924,0.11632847785949707
0.9549436795994992,7.40515477466387,-0.23535567734622515,-0.23535567734622515,-1.1406295086563027,-1.5614875555038452,1.3130182027816772,1.819266438484192,-0.4822176992893219,0.22102271020412445,0.050927355885505676,0.05757831037044525,0.15905645489692688
0.9593241551939924,7.584617164383552,0.8472664491829385,0.8472664491829385,0.3131087696976801,-1.5557359457015991,1.3231247663497925,1.817154049873352,-0.48941317200660706,0.22124579548835754,0.07736422121524811,0.05827505514025688,0.01220560073852539
0.9637046307884856,5.237342484592498,-2.8773030384409446,-2.8773030384409446,-0.688462988926998,-1.5499399900436401,1.3354911804199219,1.8150101900100708,-0.4610806405544281,0.22158469259738922,0.0929633229970932,0.05832852050662041,0.2749355435371399
0.9680851063829788,7.0651544224047305,-2.139745834521533,-2.139745834521533,-0.9715252434965906,-1.544089913368225,1.34283447265625,1.812990427017212,-0.4759875535964966,0.2219919115304947,0.029042251408100128,0.05953286960721016,0.2040567845106125
0.9724655819774718,8.83739753420843,-0.44176315756375045,-0.44176315756375045,0.3689580376545852,-1.5382076501846313,1.3526678085327148,1.8109053373336792,-0.4821014404296875,0.22211913764476776,-0.0050734952092170715,0.0604267343878746,0.09652940183877945
0.9768460575719649,6.079745528890257,-2.1739513684639036,-2.1739513684639036,-0.9416435938074947,-1.5322823524475098,1.3671916723251343,1.808793544769287,-0.4419057369232178,0.22209692001342773,-0.028749125078320503,0.06084958091378212,0.4038505256175995
0.981226533166458,5.574563806488028,-0.29203717611695823,-0.29203717611695823,-0.2681476695593755,-1.526293396949768,1.3755438327789307,1.8068578243255615,-0.4556322395801544,0.22197099030017853,-0.06473641842603683,0.06261863559484482,0.28189271688461304
0.9856070087609512,5.81362848800763,0.49537081063808275,0.49537081063808275,-0.8543046280731791,-1.5202678442001343,1.3840283155441284,1.8048619031906128,-0.45785796642303467,0.2216874212026596,-0.06543406844139099,0.06385345757007599,0.33611154556274414
0.9899874843554444,8.413515808305977,-1.3060867147204238,-1.3060867147204238,0.2346477197538504,-1.5142050981521606,1.3920235633850098,1.8028563261032104,-0.4717734456062317,0.22140078246593475,-0.02601926401257515,0.0653257891535759,0.2324283868074417
0.9943679599499372,5.202983539427806,-0.820323612678722,-0.820323612678722,-0.34671008182265833,-1.5081074237823486,1.4057708978652954,1.800789713859558,-0.43827930092811584,0.221286803483963,-0.07101359963417053,0.06634393334388733,0.49266326427459717
0.9987484355444304,1.36343945687522,-0.32275012198100755,-0.32275012198100755,0.23263799923103679,-1.501949429512024,1.4135950803756714,1.7988698482513428,-0.44546931982040405,0.22097572684288025,-0.08484461903572083,0.0685020312666893,0.5164582133293152
1.0031289111389237,7.572434286086082,-0.7923093419028708,-0.7923093419028708,-1.789681502644542,-1.4957572221755981,1.416237473487854,1.796918511390686,-0.47150447964668274,0.2206040620803833,-0.10106371343135834,0.07076436281204224,0.6129211783409119
1.0075093867334166,6.450397382613051,-1.9075194904395572,-1.9075194904395572,-0.18704368332864352,-1.489553451538086,1.4254834651947021,1.7948530912399292,-0.49242594838142395,0.2201613485813141,-0.07193728536367416,0.07344924658536911,0.28930845856666565
1.0118898623279098,8.288898202647735,-2.432021468562118,-2.432021468562118,-1.1881054781085876,-1.4833091497421265,1.4354928731918335,1.7926959991455078,-0.4853319227695465,0.2198462337255478,-0.12218063324689865,0.07471655309200287,0.3867042660713196
1.016270337922403,4.317441415776718,-0.9155286999894965,-0.9155286999894965,-1.025901471929134,-1.4770209789276123,1.4467090368270874,1.7905700206756592,-0.48611363768577576,0.21931102871894836,-0.15850692987442017,0.07641050219535828,0.24759702384471893
1.020650813516896,7.0896809484487155,-1.4571562182748075,-1.4571562182748075,-0.00844731140160826,-1.4706836938858032,1.451791763305664,1.7884405851364136,-0.5166154503822327,0.21861669421195984,-0.15528368949890137,0.07749509811401367,0.06165418028831482
1.0250312891113893,4.887662501687826,-0.052907325010058015,-0.052907325010058015,-0.4835826505559113,-1.4643241167068481,1.4630844593048096,1.7861775159835815,-0.49992629885673523,0.2179364711046219,-0.19759058952331543,0.07776517421007156,0.22381234169006348
1.0294117647058822,3.724127865852736,0.3625219929511707,0.3625219929511707,-1.005633322613435,-1.4579150676727295,1.4699982404708862,1.7839876413345337,-0.5129269361495972,0.21707093715667725,-0.18501350283622742,0.07874558120965958,0.20238333940505981
1.0337922403003754,3.283580883949517,-2.3771876428386083,-2.3771876428386083,-0.44726335920117144,-1.451475739479065,1.4740703105926514,1.7817407846450806,-0.5479435324668884,0.21626049280166626,-0.1450590193271637,0.07963211834430695,0.008384644985198975
1.0381727158948686,9.199822189950469,-0.17740570961958874,-0.17740570961958874,-1.5535840710098814,-1.4450186491012573,1.478436827659607,1.7793405055999756,-0.5736278295516968,0.21562506258487701,-0.2014189213514328,0.07966884970664978,-0.04010530561208725
1.0425531914893615,6.0643538679404,0.7734738790705513,0.7734738790705513,0.2673498547443397,-1.438542366027832,1.4900723695755005,1.7768276929855347,-0.5751726627349854,0.2147427499294281,-0.1612301468849182,0.07949317246675491,-0.25973427295684814
1.0469336670838547,10.409312842931392,-2.7715937608067263,-2.7715937608067263,-0.4198713864062056,-1.4320151805877686,1.5001376867294312,1.774308204650879,-0.560657262802124,0.2140364795923233,-0.1464497148990631,0.07835540920495987,-0.04433955252170563
1.051314142678348,5.181680293425528,0.7758170483501379,0.7758170483501379,0.613556111551478,-1.4254438877105713,1.515677571296692,1.7718522548675537,-0.5254710912704468,0.21339495480060577,-0.21512746810913086,0.07816118001937866,0.08029527962207794
1.055694618272841,4.968755793653984,0.23868720005009592,0.23868720005009592,-1.2525908115332731,-1.4188045263290405,1.5248979330062866,1.7695504426956177,-0.5103113651275635,0.21245259046554565,-0.2103889286518097,0.07851291447877884,0.37174099683761597
1.0600750938673342,5.450928548552638,0.6885111899591415,0.6885111899591415,0.07190197064016862,-1.412124752998352,1.530381679534912,1.7673150300979614,-0.5405508875846863,0.21153098344802856,-0.1668388843536377,0.08014131337404251,0.13783295452594757
1.0644555694618272,1.5022338318842658,-0.3361530025192206,-0.3361530025192206,-1.0075085502285597,-1.4054208993911743,1.5389946699142456,1.7649471759796143,-0.535754382610321,0.2108001559972763,-0.14883193373680115,0.08074508607387543,0.28454095125198364
1.0688360450563203,4.7483399813458345,-1.6497119276198782,-1.6497119276198782,0.04362952951156829,-1.3986793756484985,1.5394489765167236,1.762600302696228,-0.5895621180534363,0.21014820039272308,-0.1292262226343155,0.08199150860309601,0.03847959637641907
1.0732165206508135,5.9654883887657135,0.9827168579828116,0.9827168579828116,0.4271132636326708,-1.3919358253479004,1.5468871593475342,1.7600177526474,-0.5913547873497009,0.2095821350812912,-0.17867717146873474,0.08216007053852081,0.16102443635463715
1.0775969962453065,8.275011168442044,-0.28096246399698793,-0.28096246399698793,-0.560722631351761,-1.3851597309112549,1.5569372177124023,1.7574273347854614,-0.5738904476165771,0.20879943668842316,-0.16245178878307343,0.08286543190479279,0.4188210964202881
1.0819774718397996,6.395934831100193,-1.6072225913829794,-1.6072225913829794,-1.1515630714633165,-1.3783396482467651,1.5686713457107544,1.7549134492874146,-0.5599575638771057,0.20808781683444977,-0.15428189933300018,0.0847000703215599,0.454858660697937
1.0863579474342928,6.082655044686872,-1.1739978053615712,-1.1739978053615712,-1.4126162736813852,-1.3714680671691895,1.5763180255889893,1.7524605989456177,-0.5757109522819519,0.207411989569664,-0.16758860647678375,0.08669256418943405,0.2824782729148865
1.090738423028786,5.476617476607339,0.27789527189822383,0.27789527189822383,0.30686728594291185,-1.36456298828125,1.5828492641448975,1.749938726425171,-0.6001946926116943,0.2066778689622879,-0.16062019765377045,0.08792995661497116,0.030055254697799683
1.0951188986232792,4.516948808918078,0.41711596495888603,0.41711596495888603,-0.6118339770247511,-1.3576292991638184,1.5919036865234375,1.7473095655441284,-0.5896490812301636,0.205974280834198,-0.16146627068519592,0.0880616158246994,0.24308942258358002
1.099499374217772,6.224453171103775,-0.974470660792843,-0.974470660792843,-1.07895426242063,-1.3506560325622559,1.5975912809371948,1.7447266578674316,-0.6086717247962952,0.20526698231697083,-0.1314176619052887,0.08912646025419235,0.17759358882904053
1.1038798498122653,6.6495572007094905,2.9202696063116207,2.9202696063116207,-1.4520173095119542,-1.3436578512191772,1.6048821210861206,1.7420604228973389,-0.624135434627533,0.2046913057565689,-0.1283664107322693,0.08990440517663956,0.021600037813186646
1.1082603254067585,7.215682683211565,-0.023768455972050018,-0.023768455972050018,-0.07257805133783041,-1.336627721786499,1.6119930744171143,1.7393263578414917,-0.6446994543075562,0.20412899553775787,-0.0006817728281021118,0.08999902009963989,-0.22851231694221497
1.1126408010012514,7.052558283625557,-0.5507849325231776,-0.5507849325231776,1.2266672386372324,-1.329566478729248,1.622866153717041,1.7365022897720337,-0.6282649040222168,0.2041260153055191,0.0007436220766976476,0.08899802714586258,-0.08073405921459198
1.1170212765957446,3.9394889124906096,-3.2527652761202464,-3.2527652761202464,-0.2899448493762759,-1.3224575519561768,1.6361678838729858,1.7337502241134644,-0.582879900932312,0.20412927865982056,-0.05116361752152443,0.0886443704366684,0.4255591034889221
1.1214017521902375,6.494754989253886,-3.514538867584804,-3.514538867584804,-0.7118041021982768,-1.3152903318405151,1.6416314840316772,1.7311968803405762,-0.5992676615715027,0.2039051502943039,-0.13768737018108368,0.09050852060317993,0.4364171028137207
1.125782227784731,6.933851086544391,0.5537602098616813,0.5537602098616813,-0.08748970128370076,-1.3080991506576538,1.6500976085662842,1.7285717725753784,-0.6038607358932495,0.20330201089382172,-0.21953611075878143,0.09242023527622223,0.3891543745994568
1.130162703379224,1.817587583880277,-0.8141328181834039,-0.8141328181834039,-0.6246132458137004,-1.3008708953857422,1.6605366468429565,1.7259265184402466,-0.5901541113853455,0.20234033465385437,-0.20080958306789398,0.09412491321563721,0.526270866394043
1.134543178973717,3.9857519288018763,-0.6128042501457969,-0.6128042501457969,-1.4972237404786077,-1.2935969829559326,1.662028431892395,1.7233413457870483,-0.6323140263557434,0.20146068930625916,-0.20634415745735168,0.0964302271604538,0.3944302797317505
1.1389236545682102,8.605702650997845,-2.6492233503582434,-2.6492233503582434,0.8103885536653548,-1.2863165140151978,1.664768099784851,1.720571517944336,-0.6764514446258545,0.20055679976940155,-0.1805163025856018,0.09815801680088043,0.06978818774223328
1.1433041301627034,6.938901738871702,-3.294197973101107,-3.294197973101107,0.009012110375929139,-1.2790240049362183,1.6796969175338745,1.7176083326339722,-0.6275985836982727,0.19976605474948883,-0.2815479338169098,0.09846372157335281,0.49642983078956604
1.1476846057571963,6.897074838880723,-2.6703726258225915,-2.6703726258225915,-1.325308752607979,-1.271666169166565,1.6903114318847656,1.714859127998352,-0.6115623116493225,0.19853274524211884,-0.37801212072372437,0.10063832253217697,0.6607412099838257
1.1520650813516895,4.029596295526242,-0.8245646320406531,-0.8245646320406531,0.04799168378065943,-1.2642618417739868,1.6977649927139282,1.7121801376342773,-0.6269900798797607,0.1968768686056137,-0.4172922372817993,0.10353268682956696,0.4520180821418762
1.156445556946183,7.573461956132846,-0.8169364394169962,-0.8169364394169962,-0.5514651862295643,-1.2568248510360718,1.7040201425552368,1.709433674812317,-0.6346831917762756,0.19504892826080322,-0.44277364015579224,0.10551273822784424,0.559435248374939
1.1608260325406758,6.865891698267018,0.025541081178749203,0.025541081178749203,-0.8771083686756852,-1.24936044216156,1.7141101360321045,1.7066534757614136,-0.6262829899787903,0.19310936331748962,-0.45052623748779297,0.10796333104372025,0.582436740398407
1.165206508135169,5.526602931902324,-1.1463248305534226,-1.1463248305534226,-0.6611633239000789,-1.241851806640625,1.722243070602417,1.7039101123809814,-0.6314514875411987,0.19113583862781525,-0.4241660237312317,0.11051467806100845,0.4981674253940582
1.169586983729662,7.0576427319723605,-0.8844988519279525,-0.8844988519279525,-0.7988366635237261,-1.2343075275421143,1.7288110256195068,1.7011440992355347,-0.6429290771484375,0.189277783036232,-0.43833428621292114,0.11269688606262207,0.44289302825927734
1.1739674593241551,5.492899438318219,-1.955939563606508,-1.955939563606508,-0.8291485751667771,-1.2267345190048218,1.7371761798858643,1.6983277797698975,-0.6445951461791992,0.18735766410827637,-0.4408358931541443,0.11463696509599686,0.3850443959236145
1.1783479349186483,9.095488716943533,-0.240213643395653,-0.240213643395653,-0.8019056772237163,-1.2191249132156372,1.7430530786514282,1.6955041885375977,-0.6602316498756409,0.18542659282684326,-0.4737417697906494,0.11632364243268967,0.2822129726409912
1.1827284105131413,5.226093090854482,-1.6557521157108748,-1.6557521157108748,-0.10137724646404433,-1.2114895582199097,1.7541388273239136,1.6926120519638062,-0.6446098685264587,0.18335138261318207,-0.4573385715484619,0.11755987256765366,0.27124691009521484
1.1871088861076344,6.624671665589047,-2.7433652557577206,-2.7433652557577206,-0.8108669095746188,-1.2038055658340454,1.7614351511001587,1.6897883415222168,-0.6455358862876892,0.1813480257987976,-0.5027312636375427,0.11874806135892868,0.3651975095272064
1.1914893617021276,6.859633683432886,-0.9168956038459665,-0.9168956038459665,-0.9693625071416648,-1.1960896253585815,1.768729329109192,1.6869605779647827,-0.6510744690895081,0.17914582788944244,-0.5591663122177124,0.12034779787063599,0.2940267324447632
1.1958698372966208,4.820590499540929,-0.4891567753813216,-0.4891567753813216,-1.0450251489565907,-1.188341736793518,1.7757898569107056,1.6841086149215698,-0.6582795977592468,0.17669641971588135,-0.5576341152191162,0.12163577228784561,0.1841881275177002
1.200250312891114,5.226039339394994,0.9028761266786215,0.9028761266786215,-0.8143832494711644,-1.180562973022461,1.7796218395233154,1.681225061416626,-0.6845623850822449,0.17425371706485748,-0.5414009690284729,0.12244260311126709,0.005564972758293152
1.204630788485607,6.557768346114406,-0.7258758118359029,-0.7258758118359029,0.5136357619077847,-1.1727674007415771,1.7845780849456787,1.678226351737976,-0.7020117044448853,0.17188212275505066,-0.49125155806541443,0.12246698141098022,-0.09922739863395691
1.2090112640801,5.813601326494738,-0.5133467187585153,-0.5133467187585153,-0.8024406159271105,-1.1649501323699951,1.7950953245162964,1.6751512289047241,-0.6772180199623108,0.16973020136356354,-0.5274492502212524,0.12203231453895569,0.19752615690231323
1.2133917396745932,5.437309221249362,0.4684690306138949,0.4684690306138949,-0.03524887961883694,-1.157086730003357,1.8007500171661377,1.672184705734253,-0.6893599033355713,0.16741971671581268,-0.5190067887306213,0.12289757281541824,0.10984484106302261
1.2177722152690862,8.974747819582097,-1.54903801802457,-1.54903801802457,-0.3222037275621918,-1.1491985321044922,1.8079967498779297,1.669165015220642,-0.6868425011634827,0.16514621675014496,-0.504296600818634,0.12337874621152878,0.2273263782262802
1.2221526908635794,6.641639220100289,-0.8598760700677927,-0.8598760700677927,-0.69917786319895,-1.141278624534607,1.8190821409225464,1.66615629196167,-0.66084885597229,0.16293716430664062,-0.5401240587234497,0.12437454611063004,0.34763452410697937
1.2265331664580723,5.530977698903892,-0.0013309195422631648,-0.0013309195422631648,0.9281341859601379,-1.1333101987838745,1.8258875608444214,1.6632614135742188,-0.663486123085022,0.1605711579322815,-0.5448169708251953,0.1258973479270935,0.308197557926178
1.2309136420525657,5.939073900563254,0.3754246309870951,0.3754246309870951,-0.957788215178711,-1.1253119707107544,1.8359079360961914,1.6603549718856812,-0.6377323269844055,0.15818460285663605,-0.5719603300094604,0.1272473931312561,0.6965900659561157
1.2352941176470589,7.179174044265206,-0.3818223870002336,-0.3818223870002336,0.16031504527542112,-1.1172698736190796,1.840948462486267,1.6575614213943481,-0.6523515582084656,0.1556791514158249,-0.5330262780189514,0.13029879331588745,0.5686147212982178
1.2396745932415518,4.893789923567262,-1.5452159596071986,-1.5452159596071986,-0.7671979361464913,-1.1092056035995483,1.850801944732666,1.6547038555145264,-0.6303814053535461,0.15334424376487732,-0.5488584041595459,0.13278959691524506,0.7815322875976562
1.244055068836045,4.908959414371546,1.059632280981269,1.059632280981269,-0.4880972978186092,-1.1010981798171997,1.8548964262008667,1.651942491531372,-0.6494570374488831,0.15093998610973358,-0.5715789794921875,0.13621307909488678,0.6822518706321716
1.2484355444305382,8.286108637922366,-0.07720854555513523,-0.07720854555513523,-0.21186839630973175,-1.0929728746414185,1.8597396612167358,1.6490975618362427,-0.6618991494178772,0.14843620359897614,-0.5263803601264954,0.13920167088508606,0.6611740589141846
1.2528160200250311,7.262812379152522,-1.0585330133373287,-1.0585330133373287,0.16587915162387257,-1.0848263502120972,1.8696327209472656,1.6461981534957886,-0.6390923261642456,0.14613041281700134,-0.5224478840827942,0.14209793508052826,0.796287477016449
1.2571964956195243,3.9220118048080894,1.6973294004549215,1.6973294004549215,-0.9706076954448832,-1.0766364336013794,1.8794807195663452,1.643398642539978,-0.6162524223327637,0.14384184777736664,-0.5582045912742615,0.1455860584974289,1.0127699375152588
1.2615769712140177,7.048324720173229,0.9475535872265648,0.9475535872265648,-1.1184044689178472,-1.0684033632278442,1.8814176321029663,1.6406991481781006,-0.6483039259910583,0.1413966417312622,-0.4802923798561096,0.1500224769115448,0.8340107202529907
1.2659574468085106,5.568721460500156,-1.3078743830370585,-1.3078743830370585,0.08714885797099664,-1.060161828994751,1.886440634727478,1.6378592252731323,-0.6570517420768738,0.13929273188114166,-0.4199598431587219,0.153675839304924,0.6873016357421875
1.2703379224030038,7.26026948720803,-1.5521958190386425,-1.5521958190386425,-0.33648004455504216,-1.0518983602523804,1.8937512636184692,1.6349810361862183,-0.650480329990387,0.1374531090259552,-0.4606989324092865,0.15668654441833496,0.8421100974082947
1.2747183979974968,8.095977466681381,-1.5435749888531136,-1.5435749888531136,0.0055645630159701365,-1.0436028242111206,1.9016324281692505,1.632131576538086,-0.6392824053764343,0.13543502986431122,-0.49620169401168823,0.16037538647651672,0.9184054136276245
1.27909887359199,4.275367530070994,1.0886602584322103,1.0886602584322103,0.10201325561899455,-1.0352727174758911,1.9117828607559204,1.6293312311172485,-0.6130346059799194,0.13326142728328705,-0.5414415001869202,0.1643984317779541,1.1096493005752563
1.283479349186483,7.488705165027408,0.6980692468601741,0.6980692468601741,-0.858850913587707,-1.0268981456756592,1.9177806377410889,1.626645803451538,-0.6172087788581848,0.1308896541595459,-0.5126282572746277,0.1692592203617096,1.2382547855377197
1.287859824780976,7.05840917431563,-0.1632816432193911,-0.1632816432193911,-1.409490443293168,-1.018497347831726,1.9239360094070435,1.6239421367645264,-0.6161608695983887,0.12864409387111664,-0.46716123819351196,0.1746833622455597,1.1741281747817993
1.2922403003754692,5.4501792150548765,-1.9766015478023848,-1.9766015478023848,0.2348618582128909,-1.0100696086883545,1.9271365404129028,1.6212430000305176,-0.6314753293991089,0.12659770250320435,-0.4307679831981659,0.17982660233974457,0.9463085532188416
1.2966207759699624,7.640159125488699,-0.602829795149959,-0.602829795149959,-1.2475874666090467,-1.001627802848816,1.9349440336227417,1.6184768676757812,-0.6225505471229553,0.12471073120832443,-0.4953497350215912,0.18397188186645508,1.139365315437317
1.3010012515644556,8.343345284632644,-2.605158627190814,-2.605158627190814,-1.5847039524651696,-0.993151843547821,1.9391396045684814,1.6157498359680176,-0.6291207075119019,0.12254086136817932,-0.4765207767486572,0.18896284699440002,0.9701928496360779
1.3053817271589487,4.482349385922774,-1.333565824541994,-1.333565824541994,-0.7342316837925547,-0.9846574664115906,1.9423727989196777,1.6129939556121826,-0.6374053359031677,0.12045347690582275,-0.5063213109970093,0.19321274757385254,0.7233698964118958
1.3097622027534417,8.132751283904467,-0.8899944171628236,-0.8899944171628236,0.9943354163978098,-0.9761489629745483,1.9445340633392334,1.6102018356323242,-0.6590374112129211,0.11823555082082748,-0.5238237380981445,0.19638144969940186,0.6233860850334167
1.3141426783479349,5.721510425794525,1.3306087971515812,1.3306087971515812,-0.36309214936076256,-0.9676309823989868,1.9587244987487793,1.607314944267273,-0.6097532510757446,0.11594095081090927,-0.578852117061615,0.1991121768951416,1.0907166004180908
1.318523153942428,5.119867660645628,0.09793352290738655,0.09793352290738655,0.4787109479677577,-0.9590508341789246,1.964098334312439,1.6046439409255981,-0.6123112440109253,0.11340530216693878,-0.5293906927108765,0.20389004051685333,1.1230933666229248
1.322903629536921,4.899355535931287,-0.9086385317063826,-0.9086385317063826,-0.324468765206135,-0.950447142124176,1.9727156162261963,1.6019617319107056,-0.6006892919540405,0.11108631640672684,-0.5405105948448181,0.2088097184896469,1.3761026859283447
1.327284105131414,7.991939570883732,-1.5563901690906894,-1.5563901690906894,0.2870164431022936,-0.9418057203292847,1.9774279594421387,1.5993304252624512,-0.6094347238540649,0.1087186262011528,-0.557570219039917,0.2148377001285553,1.3998969793319702
1.331664580725907,4.710175621939918,3.5890817955286574,3.5890817955286574,-1.0319892608608388,-0.9331436157226562,1.9886770248413086,1.596660852432251,-0.5778045654296875,0.10627620667219162,-0.6114035248756409,0.22096991539001465,1.66619873046875
1.3360450563204005,4.419150450951204,-1.5302889480380757,-1.5302889480380757,0.35748676465606094,-0.9244322776794434,1.989719271659851,1.5941298007965088,-0.6044275760650635,0.1035979688167572,-0.47645360231399536,0.22826865315437317,1.4880690574645996
1.3404255319148937,7.695745207392866,1.3345564486014496,1.3345564486014496,-0.6856250654512083,-0.9157163500785828,1.997406244277954,1.591482162475586,-0.6017484068870544,0.10151087492704391,-0.5315826535224915,0.23478710651397705,1.6905354261398315
1.3448060075093866,8.462612635218546,-1.5582734118262243,-1.5582734118262243,-1.0281410296061322,-0.9069667458534241,2.00337815284729,1.588846206665039,-0.5950132608413696,0.09918229281902313,-0.4725869596004486,0.24219246208667755,1.6780999898910522
1.3491864831038798,5.202406006570478,-2.0889070967248324,-2.0889070967248324,0.37626114596603966,-0.898190975189209,2.008140802383423,1.5862398147583008,-0.5895497798919678,0.09711213409900665,-0.48806849122047424,0.24954333901405334,1.5876924991607666
1.353566958698373,8.89430019502277,-1.013053874023741,-1.013053874023741,-0.10015716100163286,-0.8893943428993225,2.0170774459838867,1.5836572647094727,-0.5799203515052795,0.09497416019439697,-0.5600591897964478,0.25649818778038025,1.8131424188613892
1.357947434292866,6.407765629489182,-2.2858278292297514,-2.2858278292297514,-1.6689889452894826,-0.8805586099624634,2.0276544094085693,1.5811169147491455,-0.5497997999191284,0.0925208330154419,-0.5867186784744263,0.2644406259059906,1.9909591674804688
1.362327909887359,6.643171749916873,1.304643315149793,1.304643315149793,-1.1965500355114636,-0.871676504611969,2.0260303020477295,1.578708529472351,-0.5764320492744446,0.08995072543621063,-0.6047323346138,0.27316197752952576,1.6734826564788818
1.3667083854818525,6.77337808262231,-0.17715994135922286,-0.17715994135922286,0.596788796422847,-0.8628015518188477,2.0269012451171875,1.5761834383010864,-0.5902512669563293,0.08730170875787735,-0.5316895842552185,0.2804926335811615,1.492884874343872
1.3710888610763454,5.306324719895223,-0.7212677656625779,-0.7212677656625779,-1.1397392788445184,-0.8539227843284607,2.0391180515289307,1.5735979080200195,-0.562507688999176,0.08497265726327896,-0.5542913675308228,0.28703218698501587,1.8151158094406128
1.3754693366708386,7.320153296603847,0.2210499647457903,0.2210499647457903,-1.0550253895091628,-0.8449904918670654,2.0386157035827637,1.5711338520050049,-0.5864247679710388,0.08254459500312805,-0.5420706868171692,0.29498326778411865,1.6191043853759766
1.3798498122653315,5.094395387112142,-0.6308647715768119,-0.6308647715768119,-0.23161234028810646,-0.8360604047775269,2.040466070175171,1.568565011024475,-0.5912848711013794,0.08017006516456604,-0.5048052668571472,0.30207571387290955,1.4925906658172607
1.3842302878598247,7.567149262908911,2.7765776696027835,2.7765776696027835,-0.5354775365146633,-0.8271222114562988,2.045262336730957,1.5659749507904053,-0.5965327620506287,0.07795877754688263,-0.5164647102355957,0.30861395597457886,1.5444719791412354
1.388610763454318,5.8370916132110455,-0.61497914557504,-0.61497914557504,0.27922541302889464,-0.8181629776954651,2.0506176948547363,1.5633618831634521,-0.5876807570457458,0.0756964161992073,-0.4197421967983246,0.31537947058677673,1.567798137664795
1.3929912390488108,6.660333660367233,-2.088765033241915,-2.088765033241915,-0.9313707627200152,-0.8091803193092346,2.059911012649536,1.560787558555603,-0.5753464102745056,0.07385774701833725,-0.4458557963371277,0.322247177362442,1.7785652875900269
1.397371714643304,7.923310607951191,0.269935367684462,0.269935367684462,-0.4808774696266991,-0.8001569509506226,2.061401605606079,1.5582672357559204,-0.5831124782562256,0.07190468907356262,-0.479655385017395,0.3300381302833557,1.670137643814087
1.4017521902377972,9.11975652613815,-0.2087856433384832,-0.2087856433384832,-0.5639244769346957,-0.7911270260810852,2.0674004554748535,1.5557129383087158,-0.570193350315094,0.06980357319116592,-0.4577292799949646,0.3373541235923767,1.7155824899673462
1.4061326658322904,7.439236366470349,0.6038813984719069,0.6038813984719069,-0.04785976179646012,-0.7820708155632019,2.07401704788208,1.5532152652740479,-0.5490837097167969,0.06779850274324417,-0.447358101606369,0.3448691964149475,1.764457106590271
1.4105131414267835,6.298881495192636,-0.48169775327926573,-0.48169775327926573,-0.8145696439876168,-0.7729856371879578,2.082836627960205,1.5508099794387817,-0.5308234095573425,0.06583885848522186,-0.42832520604133606,0.3525983691215515,1.918818712234497
1.4148936170212765,5.945982460552054,-2.406826945805241,-2.406826945805241,0.15695776325866856,-0.7638618350028992,2.0843842029571533,1.5484846830368042,-0.5391700863838196,0.06396259367465973,-0.4186042845249176,0.36100369691848755,1.8332552909851074
1.4192740926157696,7.040568802175187,-0.3376088649857215,-0.3376088649857215,-1.3826773438174713,-0.7547312378883362,2.093327045440674,1.5461229085922241,-0.5291575789451599,0.062128908932209015,-0.49347493052482605,0.3690342307090759,2.010284662246704
1.4236545682102628,6.962665036039313,-0.8479568331082031,-0.8479568331082031,-0.07603822724008152,-0.7455614805221558,2.0907039642333984,1.5438050031661987,-0.5437811017036438,0.05996725335717201,-0.46295562386512756,0.37784022092819214,1.7819892168045044
1.4280350438047558,4.645196066740367,-0.647777705697713,-0.647777705697713,-1.6240527026593883,-0.736403226852417,2.098717212677002,1.541422963142395,-0.5304635763168335,0.05793928727507591,-0.4854981005191803,0.38564619421958923,1.915797233581543
1.432415519399249,8.637090942810437,-1.018406388214846,-1.018406388214846,-0.8390767052494026,-0.7272098660469055,2.090700387954712,1.5390993356704712,-0.5703136324882507,0.05581257492303848,-0.45698776841163635,0.39403828978538513,1.5659619569778442
1.436795994993742,7.032210509142008,-1.53134259914574,-1.53134259914574,-1.1763639313334537,-0.7180516123771667,2.093353033065796,1.5366010665893555,-0.5595625638961792,0.05381075292825699,-0.4622247517108917,0.40089794993400574,1.5229257345199585
1.4411764705882353,9.226286138998795,-3.2168793197328984,-3.2168793197328984,-0.988768065402966,-0.7088817358016968,2.0909807682037354,1.5341498851776123,-0.5695129632949829,0.051785990595817566,-0.47259125113487244,0.4075690805912018,1.3498528003692627
1.4455569461827285,9.67201906237397,-1.0941508668305147,-1.0941508668305147,-0.4293071262260614,-0.6997222304344177,2.0923426151275635,1.531655192375183,-0.5570480227470398,0.04971581697463989,-0.5376591682434082,0.41348206996917725,1.2768067121505737
1.4499374217772214,6.475553763571116,1.4114260923146364,1.4114260923146364,0.23102454031628167,-0.6905567646026611,2.099203109741211,1.5292150974273682,-0.5288616418838501,0.0473606139421463,-0.5570747256278992,0.4190751016139984,1.3689380884170532
1.4543178973717146,6.549151871901008,1.647981125796453,1.647981125796453,-0.6378594893203025,-0.6813612580299377,2.1089134216308594,1.5268983840942383,-0.513251781463623,0.044920362532138824,-0.5226032733917236,0.42507171630859375,1.5747729539871216
1.4586983729662075,8.185290537783716,-0.6138479796410823,-0.6138479796410823,-0.05585347044540223,-0.6721231937408447,2.110477924346924,1.5246500968933105,-0.5157516002655029,0.0426311120390892,-0.45584946870803833,0.4319699704647064,1.5394260883331299
1.4630788485607007,7.088579178095828,-1.340237368513457,-1.340237368513457,-0.4527095015050299,-0.6628782749176025,2.1192893981933594,1.5223908424377441,-0.49228981137275696,0.04063427448272705,-0.4721446633338928,0.438713401556015,1.7013365030288696
1.467459324155194,5.152761351685481,-0.9400004942714898,-0.9400004942714898,-0.17509425855239652,-0.6535947918891907,2.123131275177002,1.5202343463897705,-0.48651689291000366,0.03856605663895607,-0.4980632960796356,0.446166068315506,1.7282344102859497
1.471839799749687,7.778712341674378,-1.5170278227324094,-1.5170278227324094,-0.7161879093958946,-0.6442944407463074,2.1276957988739014,1.5181031227111816,-0.4909821152687073,0.036384303122758865,-0.5204010009765625,0.4537365436553955,1.7902791500091553
1.4762202753441802,6.603757348353885,-1.6994830202662248,-1.6994830202662248,-1.2612097843027095,-0.6349741220474243,2.129422187805176,1.5159523487091064,-0.48521873354911804,0.03410469740629196,-0.5437880754470825,0.4615788161754608,1.7572156190872192
1.4806007509386734,7.409679747822569,1.778252783860627,1.778252783860627,-0.006997919850208534,-0.6256462335586548,2.1240460872650146,1.513826847076416,-0.5006279945373535,0.031722646206617355,-0.5565870404243469,0.4692762494087219,1.5463402271270752
1.4849812265331663,7.725404846948444,0.5065079737144942,0.5065079737144942,-1.0450178068048168,-0.6163418889045715,2.13230037689209,1.5116338729858398,-0.4830503761768341,0.029284529387950897,-0.5044520497322083,0.4760499596595764,1.7016935348510742
1.4893617021276595,5.99185897025617,-1.3011776700569202,-1.3011776700569202,0.23344700265932322,-0.6070014238357544,2.1298186779022217,1.5095179080963135,-0.48467519879341125,0.027074789628386497,-0.4591425657272339,0.48350417613983154,1.5735540390014648
1.493742177722153,4.638841287849796,-1.0719327082729648,-1.0719327082729648,0.1877661561000648,-0.5976718068122864,2.139174461364746,1.507394790649414,-0.47397249937057495,0.02506352588534355,-0.5039584636688232,0.4903970956802368,1.7647167444229126
1.4981226533166456,6.985184321224938,-0.0843193123890637,-0.0843193123890637,1.066931860154609,-0.5883011817932129,2.146878480911255,1.505318522453308,-0.4755270481109619,0.02285594865679741,-0.5407456755638123,0.49812740087509155,1.9142441749572754
1.5025031289111388,6.549075664191415,-2.7908890132473267,-2.7908890132473267,-0.933163871878973,-0.5788968205451965,2.166919231414795,1.5032354593276978,-0.43993890285491943,0.02048722468316555,-0.5743658542633057,0.5065127015113831,2.357360601425171
1.506883604505632,6.938872122899879,0.3001681356191729,0.3001681356191729,-1.1916663146359094,-0.569404661655426,2.164524555206299,1.5013083219528198,-0.4494651257991791,0.017971228808164597,-0.6286172866821289,0.5168390870094299,2.2328407764434814
1.5112640801001251,8.589536571493301,-1.7739343970662977,-1.7739343970662977,-0.6492882489500202,-0.559922993183136,2.1590797901153564,1.4993394613265991,-0.4610055088996887,0.015217585489153862,-0.5850510001182556,0.5266199707984924,2.043320655822754
1.5156445556946183,9.383533650585871,1.1073103877591748,1.1073103877591748,-0.9992671110443484,-0.5504652261734009,2.161046028137207,1.4973200559616089,-0.4479747712612152,0.012654783204197884,-0.6178942322731018,0.5355706810951233,2.0378098487854004
1.5200250312891113,5.4592841565065235,1.222876841171564,1.222876841171564,-0.2305296072714179,-0.5409988164901733,2.1593711376190186,1.4953577518463135,-0.4356338381767273,0.009948112070560455,-0.5563755035400391,0.5444972515106201,1.9496738910675049
1.5244055068836044,8.430345473958768,-0.544704174132782,-0.544704174132782,0.30130372197070165,-0.5315397381782532,2.16292405128479,1.4934494495391846,-0.4396956264972687,0.007510922849178314,-0.5139314532279968,0.5530377626419067,1.9954874515533447
1.5287859824780976,5.618875615696183,-0.7113315763136897,-0.7113315763136897,0.4823817605677113,-0.5220651030540466,2.1757590770721436,1.4915233850479126,-0.40922811627388,0.0052596586756408215,-0.5386375784873962,0.5617789626121521,2.2484235763549805
1.5331664580725906,4.738032571797637,-1.4036682220635386,-1.4036682220635386,-0.37506519146909323,-0.5125342607498169,2.1885595321655273,1.489730715751648,-0.3982645571231842,0.0029001699294894934,-0.5734977722167969,0.5716281533241272,2.4947705268859863
1.5375469336670835,5.4359995079280115,2.2925605658806747,2.2925605658806747,0.39151723511886577,-0.5029473304748535,2.1900765895843506,1.4879860877990723,-0.4117140471935272,0.00038797687739133835,-0.6035362482070923,0.582556426525116,2.48374080657959
1.541927409261577,7.7861419350349275,0.37971234806623816,0.37971234806623816,-0.6106772114260419,-0.4933537542819977,2.201956033706665,1.4861825704574585,-0.4046158194541931,-0.002255799015983939,-0.5480197668075562,0.5934364199638367,2.6993465423583984
1.54630788485607,7.649959067124111,1.134976047699407,1.134976047699407,-0.3865856118948798,-0.48370814323425293,2.203158378601074,1.4844101667404175,-0.3985951840877533,-0.004656386561691761,-0.5190972685813904,0.6052608489990234,2.68009877204895
1.5506883604505632,5.913521138294201,0.5098560031039254,0.5098560031039254,-0.944197828158283,-0.47405725717544556,2.206968307495117,1.4826641082763672,-0.389438658952713,-0.006930279545485973,-0.4746628403663635,0.617000937461853,2.719257354736328
1.5550688360450562,4.274611793900725,0.3604511248324669,0.3604511248324669,-1.1339854079204632,-0.4643896818161011,2.2015814781188965,1.4809582233428955,-0.40495824813842773,-0.009009528905153275,-0.4321998655796051,0.6289125680923462,2.5684261322021484
1.5594493116395494,6.7986562863111075,0.29925911106738595,0.29925911106738595,-0.6598346679946167,-0.45474570989608765,2.1916332244873047,1.4791842699050903,-0.4369262456893921,-0.0109027698636055,-0.3885575830936432,0.6401634812355042,2.332665205001831
1.5638297872340423,6.411404362485847,-1.4642566494756866,-1.4642566494756866,0.0031218981213230745,-0.44514530897140503,2.1898715496063232,1.4772703647613525,-0.4396973252296448,-0.01260483730584383,-0.3605490028858185,0.6503816843032837,2.275400161743164
1.5682102628285357,9.591126871910063,-0.15579811525556803,-0.15579811525556803,-0.8635693227939638,-0.4355526268482208,2.1969215869903564,1.4753443002700806,-0.4331650733947754,-0.014184213243424892,-0.40340110659599304,0.6603490114212036,2.3947060108184814
1.5725907384230289,7.947354763340539,-0.9128382019571943,-0.9128382019571943,-1.1752467767898602,-0.42592906951904297,2.1943187713623047,1.4734468460083008,-0.41792047023773193,-0.015951301902532578,-0.38273194432258606,0.6708389520645142,2.3294384479522705
1.5769712140175218,6.001117440673019,1.6041115093982703,1.6041115093982703,-1.1937451994703676,-0.4163168966770172,2.185441732406616,1.4716161489486694,-0.4213278889656067,-0.01762785017490387,-0.3750687837600708,0.6810430288314819,2.1457250118255615
1.581351689612015,9.74346187883696,0.09666759705187361,0.09666759705187361,-0.0628029845977478,-0.4067436158657074,2.174137592315674,1.4697705507278442,-0.4401278495788574,-0.01927082985639572,-0.29336249828338623,0.6904423236846924,1.9205118417739868
1.5857321652065082,8.667709750175874,-1.4726804420151973,-1.4726804420151973,-0.6173042071777869,-0.39721986651420593,2.1822688579559326,1.4678425788879395,-0.4090232849121094,-0.020555896684527397,-0.288705438375473,0.6988551020622253,2.0762228965759277
1.5901126408010011,7.44801886552058,2.199039137723164,2.199039137723164,-0.2752752216283189,-0.38766050338745117,2.1812517642974854,1.4660508632659912,-0.3965703547000885,-0.021820563822984695,-0.3136851489543915,0.7079499363899231,2.0568788051605225
1.5944931163954943,7.634335614409558,0.7133996411993979,0.7133996411993979,-0.6696097234625787,-0.3781055808067322,2.1842682361602783,1.4643137454986572,-0.3875785171985626,-0.023194653913378716,-0.24142733216285706,0.716960072517395,2.110218048095703
1.5988735919899877,5.932003200929652,0.29316964858893435,0.29316964858893435,-1.08287160573615,-0.36853745579719543,2.1813087463378906,1.462615966796875,-0.38427865505218506,-0.02425222098827362,-0.20103907585144043,0.7262038588523865,2.0555944442749023
1.6032540675844804,5.181676798864265,-2.156810793291521,-2.156810793291521,-0.45548422721438736,-0.35898229479789734,2.1703357696533203,1.4609326124191284,-0.4013917148113251,-0.02513286843895912,-0.160854309797287,0.7352083325386047,1.8552896976470947
1.6076345431789736,9.276901043961846,-2.079212923988933,-2.079212923988933,0.4105482814865467,-0.3494752049446106,2.1682088375091553,1.4591742753982544,-0.4131618142127991,-0.02583748660981655,-0.21053844690322876,0.7433353662490845,1.8162649869918823
1.6120150187734668,7.1374251572848015,0.6159575246207736,0.6159575246207736,-0.29832085460728486,-0.3399774134159088,2.1829044818878174,1.4573644399642944,-0.3784680962562561,-0.026759745553135872,-0.28324735164642334,0.7512914538383484,2.0869781970977783
1.61639549436796,9.050774285970729,-1.7673818096072202,-1.7673818096072202,-1.0439287647910427,-0.3304152488708496,2.1848678588867188,1.4557065963745117,-0.37282782793045044,-0.02800050377845764,-0.2565475106239319,0.7604334354400635,2.122936964035034
1.620775969962453,5.248134460817636,-1.4053989385320929,-1.4053989385320929,-0.42630624485328755,-0.32084450125694275,2.1761815547943115,1.454073429107666,-0.36533570289611816,-0.02912430465221405,-0.2776746451854706,0.7697328925132751,1.981349229812622
1.625156445556946,5.630175385109579,-0.3733311532940674,-0.3733311532940674,-0.5092914592387707,-0.3113117814064026,2.1742665767669678,1.4524730443954468,-0.3763875663280487,-0.03034065105021,-0.30626726150512695,0.7784121632575989,1.9482600688934326
1.6295369211514392,6.188476887246715,-1.4868783507459125,-1.4868783507459125,-0.22304552187119545,-0.30178746581077576,2.171119213104248,1.45082426071167,-0.38592439889907837,-0.031682249158620834,-0.30229678750038147,0.7869464755058289,1.8973336219787598
1.6339173967459324,9.99816535637667,1.8022996061602339,1.8022996061602339,-1.212854342718606,-0.29227691888809204,2.172945737838745,1.4491337537765503,-0.38646867871284485,-0.033006452023983,-0.33920469880104065,0.7952576875686646,1.9342280626296997
1.6382978723404251,6.616726868856373,2.3656468295129867,2.3656468295129867,0.13398997239692428,-0.2827583849430084,2.160923957824707,1.4474408626556396,-0.3744792342185974,-0.03449232876300812,-0.2511526346206665,0.8037305474281311,1.7544348239898682
1.6426783479349183,7.735203183457035,1.0080264333233029,1.0080264333233029,-0.03526646263196531,-0.27329251170158386,2.1687278747558594,1.4458004236221313,-0.3660154342651367,-0.035592496395111084,-0.18598118424415588,0.8114157915115356,1.8955175876617432
1.6470588235294117,5.889110199551505,0.3370390429944063,0.3370390429944063,-1.169945835430943,-0.2637924551963806,2.1745245456695557,1.4441970586776733,-0.3521069586277008,-0.03640718385577202,-0.1555137187242508,0.8197190761566162,2.0057413578033447
1.6514392991239049,6.463452009079847,-0.4747875202994201,-0.4747875202994201,0.35930004006180966,-0.25426700711250305,2.1596217155456543,1.4426546096801758,-0.37050729990005493,-0.037088409066200256,-0.11150498688220978,0.8285051584243774,1.7699267864227295
1.655819774718398,6.461249696466047,-1.679399479011821,-1.679399479011821,-0.12201049397870312,-0.24480684101581573,2.171092987060547,1.441031575202942,-0.3600594103336334,-0.03757685422897339,-0.13586299121379852,0.8362582921981812,1.9683209657669067
1.660200250312891,9.197167726319629,0.2127844381395561,0.2127844381395561,-0.20998685968732644,-0.23529642820358276,2.1743736267089844,1.4394543170928955,-0.35754770040512085,-0.03817199915647507,-0.1813436895608902,0.8448804616928101,2.0315005779266357
1.6645807259073842,4.115249681797866,-2.5435852301414177,-2.5435852301414177,-0.07555129411015704,-0.22577163577079773,2.1779656410217285,1.4378881454467773,-0.33610621094703674,-0.03896637260913849,-0.16899742186069489,0.8537793755531311,2.109776496887207
1.668961201501877,8.243122737424942,2.334826926824262,2.334826926824262,0.07899670420203508,-0.216231107711792,2.1804730892181396,1.4364157915115356,-0.35076063871383667,-0.03970666229724884,-0.24107185006141663,0.863021194934845,2.1492087841033936
1.6733416770963705,6.184986972039312,-2.072130123015051,-2.072130123015051,-0.35969043951459256,-0.2066795974969864,2.1884493827819824,1.4348793029785156,-0.33244869112968445,-0.04076267033815384,-0.17519445717334747,0.8724357485771179,2.2909209728240967
1.6777221526908634,6.0227059816485875,0.4413972540174683,0.4413972540174683,-1.0001469689341496,-0.1970931440591812,2.187260150909424,1.4334230422973633,-0.33639273047447205,-0.04153010621666908,-0.22520312666893005,0.8824710845947266,2.2792141437530518
1.6821026282853566,6.1623061086454065,-0.8052165363882421,-0.8052165363882421,0.5791917607895518,-0.18751190602779388,2.1742279529571533,1.431949496269226,-0.3511314392089844,-0.04251660406589508,-0.18310546875,0.8924551010131836,2.0853607654571533
1.6864831038798498,6.628124263532682,-0.27006758235833495,-0.27006758235833495,-0.7889249156701603,-0.17798775434494019,2.189671039581299,1.4304113388061523,-0.3413219749927521,-0.04331869259476662,-0.22353458404541016,0.9015899896621704,2.332653760910034
1.690863579474343,5.365597135133803,0.3650686404486133,0.3650686404486133,0.08322230560855409,-0.16839595139026642,2.1804990768432617,1.4289162158966064,-0.34850797057151794,-0.04429788142442703,-0.20838230848312378,0.9118081331253052,2.2036447525024414
1.695244055068836,7.129935358944662,1.4782445827705426,1.4782445827705426,-0.17168443416937063,-0.15884432196617126,2.186372995376587,1.4273896217346191,-0.35228219628334045,-0.04521069675683975,-0.2001515030860901,0.9214611649513245,2.2993786334991455
1.699624530663329,4.1548944589337555,-1.9600667496383046,-1.9600667496383046,-0.3206179246412573,-0.14926697313785553,2.188553810119629,1.4258464574813843,-0.346996933221817,-0.04608745500445366,-0.1519683450460434,0.9315335154533386,2.3464245796203613
1.7040050062578225,5.688682141068158,3.416474686489187,3.416474686489187,-1.5362370926372522,-0.13968007266521454,2.186129570007324,1.4243264198303223,-0.3657190203666687,-0.04675314947962761,-0.19984544813632965,0.9418119788169861,2.3114466667175293
1.7083854818523152,7.122490111646542,1.7520662209149553,1.7520662209149553,-1.2346699040765166,-0.13010378181934357,2.161384105682373,1.4227243661880493,-0.39001038670539856,-0.04762856662273407,-0.055210575461387634,0.951937198638916,1.9563390016555786
1.7127659574468084,8.074389830565078,1.176425284727981,1.176425284727981,-0.645693401121507,-0.12063588947057724,2.1425514221191406,1.421015977859497,-0.39915475249290466,-0.047870416194200516,0.03201159089803696,0.9605069160461426,1.702271819114685
1.7171464330413015,7.8303349095750985,0.20541589861111995,0.20541589861111995,-1.5279619179873705,-0.11125049740076065,2.135138750076294,1.4192675352096558,-0.3931224048137665,-0.04773018881678581,0.0852232277393341,0.967963695526123,1.6231135129928589
1.7215269086357947,4.9615578321075,0.02665360398308156,0.02665360398308156,0.3706078672412895,-0.10189757496118546,2.110398054122925,1.4175454378128052,-0.40052029490470886,-0.04735687002539635,0.13584335148334503,0.9750736951828003,1.2937203645706177
1.725907384230288,7.519458072176276,-2.1408026546038434,-2.1408026546038434,0.5551588932226931,-0.09265302866697311,2.120587110519409,1.4157909154891968,-0.4032769203186035,-0.04676181077957153,0.1257987916469574,0.9807407855987549,1.4576950073242188
1.7302878598247808,4.070781563754402,-0.3308803448779961,-0.3308803448779961,-0.7707500976245129,-0.0833638459444046,2.1358561515808105,1.4140243530273438,-0.38539496064186096,-0.04621075093746185,0.047068171203136444,0.9871261715888977,1.703625202178955
1.734668335419274,10.80164355021968,-0.7122712434148002,-0.7122712434148002,1.0796848945018407,-0.0740077793598175,2.123544692993164,1.4123361110687256,-0.4098806381225586,-0.04600457102060318,0.0599137619137764,0.9945888519287109,1.537524700164795
1.7390488110137672,7.225903360335632,2.1598707017374235,2.1598707017374235,1.1807133715839049,-0.06470564007759094,2.150953769683838,1.4105405807495117,-0.36209961771965027,-0.04574212059378624,0.007582962512969971,1.001323938369751,1.9666540622711182
1.74342928660826,5.4810245597940135,-0.41547260448265055,-0.41547260448265055,-0.3727667896584536,-0.05528343841433525,2.1788227558135986,1.408954381942749,-0.3394577205181122,-0.045708902180194855,0.036177460104227066,1.0099388360977173,2.3806285858154297
1.7478097622027533,10.099725368100746,-0.8468422342382252,-0.8468422342382252,0.02924825530732772,-0.04573915898799896,2.1753711700439453,1.4074673652648926,-0.34956446290016174,-0.045550428330898285,0.03493031486868858,1.02036714553833,2.339960813522339
1.7521902377972465,5.085820271638985,1.2660789195656703,1.2660789195656703,-0.3314139506460287,-0.03621000051498413,2.182149648666382,1.4059361219406128,-0.3216964304447174,-0.04539741575717926,0.00934569537639618,1.0306172370910645,2.462616443634033
1.7565707133917396,6.086718115437279,-1.2715251120117832,-1.2715251120117832,0.2202614737472765,-0.02665114775300026,2.1791794300079346,1.404526948928833,-0.33430927991867065,-0.04535647854208946,0.05599755048751831,1.0414047241210938,2.426792860031128
1.7609511889862328,3.394144523671816,-2.5738311666813676,-2.5738311666813676,-0.08625982541548693,-0.017105305567383766,2.1877083778381348,1.4030624628067017,-0.3332492411136627,-0.04511118307709694,0.012432649731636047,1.0520352125167847,2.5546059608459473
1.7653316645807258,6.622542720936404,-0.6749809020499133,-0.6749809020499133,-0.16247703760819493,-0.007522102445363998,2.1887731552124023,1.4016026258468628,-0.3552258312702179,-0.045056723058223724,-0.06021231412887573,1.0632256269454956,2.56683611869812
1.769712140175219,5.98006791016569,1.030431143216782,1.030431143216782,0.15680008813348761,0.0020657656714320183,2.189725160598755,1.4000465869903564,-0.35529667139053345,-0.045320481061935425,-0.07517905533313751,1.0744695663452148,2.590782403945923
1.774092615769712,8.631946925416443,-2.128682311588707,-2.128682311588707,-0.06193681496759085,0.011657803319394588,2.1968445777893066,1.3984901905059814,-0.3564770817756653,-0.045649800449609756,-0.049666259437799454,1.0858184099197388,2.6956019401550293
1.778473091364205,10.455970466056252,-0.5639648487542636,-0.5639648487542636,-0.5717931182350977,0.021281026303768158,2.200582981109619,1.3969286680221558,-0.3417162299156189,-0.04586736112833023,-0.11002178490161896,1.0976264476776123,2.7643790245056152
1.7828535669586982,9.853455406802984,1.5120133670616427,1.5120133670616427,-0.9397198488830726,0.03092062659561634,2.1943418979644775,1.3954317569732666,-0.3198755979537964,-0.046349309384822845,-0.10979317128658295,1.1097357273101807,2.7064766883850098
1.7872340425531914,8.228881507327346,1.318923443882662,1.318923443882662,0.27055876940458334,0.04053288698196411,2.179781198501587,1.3940305709838867,-0.3060561716556549,-0.046830255538225174,-0.03819479048252106,1.121591329574585,2.537461280822754
1.7916145181476846,11.455548297299789,-0.095306912165805,-0.095306912165805,-0.8684962633322977,0.050081364810466766,2.18967604637146,1.3926899433135986,-0.2909320294857025,-0.046997565776109695,-0.007579220458865166,1.132706642150879,2.688441753387451
1.7959949937421775,3.712364722136452,0.06416594494748801,0.06416594494748801,-0.0602744273392595,0.059673186391592026,2.1765780448913574,1.3914154767990112,-0.2651218771934509,-0.04703076556324959,0.01500036008656025,1.1444833278656006,2.5485849380493164
1.8003754693366707,7.5776486965551255,-2.7394646706999457,-2.7394646706999457,0.21101423709516204,0.06920763105154037,2.177583932876587,1.3902541399002075,-0.28504928946495056,-0.04696505516767502,0.018634412437677383,1.1556473970413208,2.563991069793701
1.804755944931164,6.789178504304654,-0.07112573220564908,-0.07112573220564908,0.5315098537911975,0.0787464827299118,2.1856331825256348,1.3890055418014526,-0.2756841480731964,-0.04688342660665512,-0.06752891838550568,1.1668789386749268,2.6867616176605225
1.809136420525657,7.935466588000153,-1.137801192563614,-1.137801192563614,-0.5763035904409319,0.08832059800624847,2.2003121376037598,1.3877979516983032,-0.26921966671943665,-0.04717923700809479,-0.08512778580188751,1.1786482334136963,2.890601396560669
1.81351689612015,6.659434122537819,-0.4142875228408499,-0.4142875228408499,-0.45229640123902987,0.0979590117931366,2.191399097442627,1.3866186141967773,-0.2654070258140564,-0.047552138566970825,-0.10152529925107956,1.1913104057312012,2.7927780151367188
1.8178973717146432,7.839296626353763,-0.1634440634518396,-0.1634440634518396,0.6117492515195413,0.10755838453769684,2.184479236602783,1.3854559659957886,-0.2691066265106201,-0.04799686744809151,-0.10041531920433044,1.2035441398620605,2.7175047397613525
1.8222778473091363,7.730753487030995,1.3680058360059213,1.3680058360059213,-0.4915403871800188,0.1171274408698082,2.2008566856384277,1.384277105331421,-0.2556001543998718,-0.048436734825372696,-0.1230534240603447,1.2154481410980225,2.9457757472991943
1.8266583229036293,9.91018423499729,1.4854954821911655,1.4854954821911655,-1.8148832930151122,0.12676824629306793,2.192988634109497,1.38315749168396,-0.2525700032711029,-0.04897576570510864,-0.06874878704547882,1.2283520698547363,2.863436222076416
1.831038798498123,6.4402320819585945,-1.4663283212702485,-1.4663283212702485,-0.4245854506088874,0.1363745778799057,2.15602445602417,1.3820511102676392,-0.24487744271755219,-0.049276918172836304,0.02763274312019348,1.2408952713012695,2.4244937896728516
1.835419274092616,8.377438075625296,-0.18567406622409638,-0.18567406622409638,-0.4421376622088481,0.14581899344921112,2.1485228538513184,1.3809784650802612,-0.2491605579853058,-0.04915587231516838,-0.0027894526720046997,1.2515157461166382,2.347890615463257
1.8397997496871088,7.145915047552026,1.232478940940071,1.232478940940071,0.4681776309306024,0.1552305519580841,2.140761375427246,1.3798869848251343,-0.24022699892520905,-0.049168091267347336,0.004700097255408764,1.2618006467819214,2.2769834995269775
1.844180225281602,5.984923800927179,-1.1191659005372652,-1.1191659005372652,-0.4798687428573961,0.16460810601711273,2.152902126312256,1.3788347244262695,-0.23306643962860107,-0.04914750158786774,0.02702011913061142,1.2717748880386353,2.4505772590637207
1.848560700876095,9.948525748945066,-0.3515628756801332,-0.3515628756801332,-0.9778385295142015,0.1740388423204422,2.1436338424682617,1.3778138160705566,-0.24081100523471832,-0.049029141664505005,0.008350614458322525,1.2825095653533936,2.3514389991760254
1.852941176470588,7.594506507505389,-0.9750581143201696,-0.9750581143201696,-0.12504185438148246,0.18342897295951843,2.123446464538574,1.3767589330673218,-0.22478032112121582,-0.04899256303906441,0.026639848947525024,1.2928099632263184,2.1339974403381348
1.8573216520650813,2.4036785379276573,-0.9572787350589215,-0.9572787350589215,-0.050468357981222525,0.19273068010807037,2.121877670288086,1.3757742643356323,-0.21873940527439117,-0.04887586832046509,0.0018166787922382355,1.3021578788757324,2.139530897140503
1.8617021276595744,6.938060921519101,-2.291037436972405,-2.291037436972405,-0.5008717132336782,0.20202551782131195,2.1213979721069336,1.3748160600662231,-0.24739384651184082,-0.04886791110038757,-0.02466505952179432,1.3115299940109253,2.137737512588501
1.866082603254068,9.423809312847537,1.4073781041560045,1.4073781041560045,-0.6995427737539341,0.2113182544708252,2.110985040664673,1.373732328414917,-0.24813704192638397,-0.048975955694913864,-0.07694357633590698,1.3208942413330078,2.0320165157318115
1.8704630788485608,4.466477691108081,-0.21074839098808495,-0.21074839098808495,0.31039804312964847,0.22056537866592407,2.0959928035736084,1.372645378112793,-0.23305949568748474,-0.049313005059957504,-0.015414807945489883,1.329795479774475,1.881009817123413
1.8748435544430535,10.308538126132685,0.7344225223499644,0.7344225223499644,-0.42230854840491405,0.22974681854248047,2.1035304069519043,1.37162446975708,-0.24546213448047638,-0.049380529671907425,-0.03063393384218216,1.338035225868225,1.987517237663269
1.879224030037547,7.561276899116177,0.4730386664594316,0.4730386664594316,0.19266207538999472,0.23896127939224243,2.0944502353668213,1.370549201965332,-0.2227357029914856,-0.04951472207903862,0.0031462833285331726,1.3467414379119873,1.9138026237487793
1.88360450563204,8.784519539318332,-2.228105945319081,-2.228105945319081,0.709268893199294,0.24813596904277802,2.0991828441619873,1.3695734739303589,-0.21516922116279602,-0.04950093850493431,0.01133416872471571,1.355124831199646,1.9983069896697998
1.887984981226533,5.339513401500161,1.5549141616915687,1.5549141616915687,-0.38652186336222494,0.25733140110969543,2.115638017654419,1.3686308860778809,-0.19699853658676147,-0.04945128783583641,-0.07444649189710617,1.3638783693313599,2.2301626205444336
1.8923654568210264,5.9100719212923885,0.0662364436729507,0.0662364436729507,-0.7899409780834691,0.2665989100933075,2.1070053577423096,1.3677679300308228,-0.20778222382068634,-0.049777399748563766,-0.01775040477514267,1.3736475706100464,2.1419947147369385
1.8967459324155196,6.936059004784655,2.332676204785941,2.332676204785941,-0.20491796720063074,0.27582859992980957,2.0888991355895996,1.3668577671051025,-0.21640659868717194,-0.049855154007673264,0.007252691313624382,1.3830305337905884,1.9420366287231445
1.9011264080100123,7.34579181842765,-2.061356523381823,-2.061356523381823,0.14130490121874437,0.284978985786438,2.083984136581421,1.3659098148345947,-0.21517127752304077,-0.04982338473200798,0.08135848492383957,1.3915375471115112,1.9072377681732178
1.9055068836045053,8.210034003942752,-0.57868114459046,-0.57868114459046,0.43332866463952924,0.2941078245639801,2.086884021759033,1.3649672269821167,-0.20969578623771667,-0.049466997385025024,0.017033785581588745,1.3998922109603882,1.968867301940918
1.9098873591989989,7.527114129853516,-0.926348204701872,-0.926348204701872,0.44475892357209895,0.3032493591308594,2.096362829208374,1.3640486001968384,-0.19742462038993835,-0.04939237982034683,-0.012520112097263336,1.408516764640808,2.113023519515991
1.914267834793492,9.976144844446146,-1.8198461790261018,-1.8198461790261018,0.9446721037662418,0.3124324381351471,2.1060898303985596,1.3631837368011475,-0.19001632928848267,-0.04944722354412079,-0.05256078764796257,1.4177727699279785,2.2569305896759033
1.9186483103879848,7.837745077463387,-0.06927799285219605,-0.06927799285219605,0.25882867365298634,0.32165810465812683,2.126983165740967,1.362351417541504,-0.1648249626159668,-0.04967746511101723,-0.13329347968101501,1.4276591539382935,2.5445544719696045
1.923028785982478,8.128289379575769,-0.7450783560181533,-0.7450783560181533,-0.8737526268627391,0.3309752941131592,2.132162570953369,1.3616293668746948,-0.15697230398654938,-0.050261352211236954,-0.14287523925304413,1.4388054609298706,2.6338796615600586
1.9274092615769711,5.886962091778917,1.0054598172186548,1.0054598172186548,-0.22482615150383017,0.34031519293785095,2.1107752323150635,1.360941767692566,-0.15095585584640503,-0.05088721215724945,-0.1391175389289856,1.450343132019043,2.405761241912842
1.9317897371714643,7.526373258198646,-3.158953196295463,-3.158953196295463,0.2612473284339992,0.3495613932609558,2.104606866836548,1.3602805137634277,-0.15743963420391083,-0.05149661377072334,-0.10318928956985474,1.4608814716339111,2.3526527881622314
1.9361702127659572,9.90334820231673,1.1636070609949267,1.1636070609949267,-0.25756575870367426,0.35878056287765503,2.1091976165771484,1.3595908880233765,-0.15163229405879974,-0.051948633044958115,-0.20306998491287231,1.4711872339248657,2.4358084201812744
1.9405506883604504,8.89870658938598,1.4144316650074855,1.4144316650074855,0.022915210595780763,0.36801984906196594,2.100909471511841,1.3589266538619995,-0.13144589960575104,-0.05283817648887634,-0.16156722605228424,1.481857180595398,2.37503719329834
1.944931163954944,4.497022290496107,0.33930783738184267,0.33930783738184267,-1.3298412282927914,0.37722283601760864,2.099130392074585,1.3583508729934692,-0.11722458899021149,-0.05354591831564903,-0.12093053758144379,1.4922609329223633,2.388955593109131
1.9493116395494368,9.028211881851377,-2.499443802775233,-2.499443802775233,-0.9297258090151389,0.38641801476478577,2.0668413639068604,1.3578373193740845,-0.13482464849948883,-0.05407565087080002,-0.07218609750270844,1.5027257204055786,2.0207245349884033
1.9536921151439297,7.996354361717587,-2.055880869277913,-2.055880869277913,-0.006598134959182642,0.3954717516899109,2.042203187942505,1.35724675655365,-0.12074684351682663,-0.05439186096191406,-0.11802683770656586,1.5115774869918823,1.7644047737121582
1.9580725907384229,5.978392523334627,1.0319810999508212,1.0319810999508212,-1.068688066918765,0.40441757440567017,2.0392985343933105,1.356717824935913,-0.1117129698395729,-0.0549088753759861,-0.17787238955497742,1.5193064212799072,1.7634693384170532
1.962453066332916,9.791332513197151,-4.024536360658459,-4.024536360658459,1.1787012174032883,0.4133506715297699,2.0121185779571533,1.3562284708023071,-0.11738026887178421,-0.0556880421936512,-0.11652618646621704,1.5270313024520874,1.4649556875228882
1.9668335419274088,5.732671731797241,-1.9544148077544055,-1.9544148077544055,0.016164305336117207,0.4221647083759308,2.0358948707580566,1.3557143211364746,-0.09486107528209686,-0.05619848147034645,-0.268477201461792,1.5334484577178955,1.7909345626831055
1.9712140175219024,6.908999665822836,0.9428553510883004,0.9428553510883004,0.8867028003932084,0.43108290433883667,2.033961296081543,1.3552987575531006,-0.1009037047624588,-0.05737454071640968,-0.3260243535041809,1.5412936210632324,1.792909860610962
1.9755944931163956,6.67421012605405,-0.2799042639144634,-0.2799042639144634,-1.7908636546007546,0.43999263644218445,2.051752805709839,1.3548567295074463,-0.09853790700435638,-0.058802682906389236,-0.32438451051712036,1.549147367477417,2.035679817199707
1.9799749687108883,9.489037373881725,-0.6252183310349269,-0.6252183310349269,0.5178640474330236,0.44898030161857605,2.0067224502563477,1.354425072669983,-0.09959965944290161,-0.060223642736673355,-0.2802596986293793,1.558064579963684,1.5304350852966309
1.9843554443053817,7.487221210784264,0.17918645524579385,0.17918645524579385,-0.4387828173706161,0.4577707052230835,2.0141806602478027,1.353988766670227,-0.08023466169834137,-0.06145131215453148,-0.31364133954048157,1.564768671989441,1.664298176765442
1.9887359198998744,9.994042069475206,-1.5030967516948497,-1.5030967516948497,-0.5635528877016543,0.46659377217292786,2.0000247955322266,1.3536373376846313,-0.07454346865415573,-0.06282521039247513,-0.2955946922302246,1.5720590353012085,1.5322099924087524
1.993116395494368,7.775414995736991,1.2136631433528386,1.2136631433528386,0.18994864473065995,0.4753548204898834,1.981377363204956,1.3533108234405518,-0.051960289478302,-0.06412005424499512,-0.32303234934806824,1.5787708759307861,1.3600454330444336
1.997496871088861,5.771341960504225,-0.768154624088878,-0.768154624088878,1.5229027209437542,0.4840341806411743,1.9814038276672363,1.3530832529067993,-0.043983835726976395,-0.06553509086370468,-0.2931366264820099,1.584728479385376,1.3998911380767822
2.001877346683354,6.631142794830145,-0.8269770596479207,-0.8269770596479207,-0.35498906736128527,0.49271366000175476,2.013665199279785,1.3528906106948853,-0.04982355237007141,-0.06681916862726212,-0.3600427508354187,1.5908607244491577,1.8138586282730103
2.0062578222778478,7.6551512532385,0.6183268060112003,0.6183268060112003,-0.24927170792243758,0.5015344619750977,2.001241683959961,1.3526723384857178,-0.04977062717080116,-0.06839632987976074,-0.3738262951374054,1.5988062620162964,1.7013733386993408
2.0106382978723403,6.969136318651279,0.3024401236142093,0.3024401236142093,-0.8749939139618567,0.510300874710083,1.9904379844665527,1.3524543046951294,-0.042760904878377914,-0.07003386318683624,-0.3484896719455719,1.6062591075897217,1.614586353302002
2.015018773466833,11.063244940806852,1.1533843959088506,1.1533843959088506,0.14220985220326837,0.5190199613571167,1.9652178287506104,1.3522670269012451,-0.039632510393857956,-0.07156041264533997,-0.3141048550605774,1.6133317947387695,1.3533689975738525
2.0193992490613266,8.029254777279911,-3.8339487439909545,-3.8339487439909545,0.09194745121274961,0.5276285409927368,1.960774540901184,1.3520934581756592,-0.009852522984147072,-0.07293634116649628,-0.28457534313201904,1.6192601919174194,1.3635077476501465
2.02377972465582,6.1822888989346865,-0.14358885482438744,-0.14358885482438744,0.268707231448513,0.5362176895141602,1.9570856094360352,1.3520503044128418,-0.00020953267812728882,-0.0741829201579094,-0.3992239534854889,1.6252330541610718,1.366360068321228
2.028160200250313,4.3903847751686715,-1.5804083149084684,-1.5804083149084684,-0.4862979720721915,0.5447906255722046,1.9587267637252808,1.3520493507385254,-0.0030820684041827917,-0.07593171298503876,-0.4112643003463745,1.6312183141708374,1.4227113723754883
2.032540675844806,4.595598915780473,0.587773699849875,0.587773699849875,0.24851640642133224,0.5533707737922668,1.9439142942428589,1.3520358800888062,-0.016895396634936333,-0.07773324847221375,-0.4432157874107361,1.6374504566192627,1.2731056213378906
2.036921151439299,8.324023891397852,-0.7843775443286345,-0.7843775443286345,-0.5180372143792709,0.5618860721588135,1.9460108280181885,1.3519618511199951,-0.030262727290391922,-0.07967474311590195,-0.4333083927631378,1.6430273056030273,1.326913595199585
2.0413016270337923,6.817080938833994,0.6518471025930113,0.6518471025930113,0.4115825157278122,0.5704105496406555,1.9269689321517944,1.3518292903900146,-0.01758701726794243,-0.08157283812761307,-0.44108638167381287,1.6488398313522339,1.1529215574264526
2.045682102628285,9.171470841429564,-0.413991769723259,-0.413991769723259,0.626853808941386,0.578851580619812,1.9307222366333008,1.3517522811889648,-0.016400879248976707,-0.08350500464439392,-0.4340699017047882,1.6538901329040527,1.2423083782196045
2.0500625782227786,7.093135745884261,-1.5164577725496318,-1.5164577725496318,-1.5930277969352467,0.5873090624809265,1.937238335609436,1.3516803979873657,-6.623007357120514e-05,-0.08540643751621246,-0.4644658863544464,1.659332036972046,1.3814783096313477
2.0544430538172715,7.9354162151652705,0.004573024433247197,0.004573024433247197,0.7747555355698683,0.5957950949668884,1.893548846244812,1.3516801595687866,0.00682531064376235,-0.08744101971387863,-0.46222978830337524,1.6653835773468018,0.9084446430206299
2.0588235294117645,7.315512773646277,0.38521764365214944,0.38521764365214944,0.8658685970892193,0.6040897369384766,1.9041670560836792,1.3517100811004639,0.014728903770446777,-0.08946580439805984,-0.4847215712070465,1.669363021850586,1.0908392667770386
2.063204005006258,5.081823116188714,0.3973051122449112,0.3973051122449112,0.04834000448884817,0.6124308705329895,1.9172875881195068,1.3517745733261108,0.018094969913363457,-0.09158911556005478,-0.49875810742378235,1.6741414070129395,1.3002616167068481
2.067584480600751,4.76900531231678,-0.544406986317918,-0.544406986317918,-0.26287449544004604,0.6208295226097107,1.9133274555206299,1.351853847503662,0.008275763131678104,-0.09377391636371613,-0.4885672330856323,1.6798372268676758,1.290671467781067
2.071964956195244,5.06617302824176,2.0552610074977773,2.0552610074977773,0.6219466956705912,0.6292108297348022,1.9022823572158813,1.3518900871276855,-0.0028209174051880836,-0.0959140732884407,-0.4967888593673706,1.6854909658432007,1.1948468685150146
2.076345431789737,7.973204515731505,-0.48455746058834753,-0.48455746058834753,0.13191242271169815,0.6375437378883362,1.9114010334014893,1.3518776893615723,-0.014173201285302639,-0.09809024631977081,-0.4549315273761749,1.6907249689102173,1.343471646308899
2.08072590738423,10.33935043873893,2.13928852645218,2.13928852645218,-0.6184577507049638,0.6459165811538696,1.9058202505111694,1.3518155813217163,-0.004944318905472755,-0.10008306056261063,-0.47293439507484436,1.6966099739074707,1.339839220046997
2.085106382978723,7.7282665668913335,1.034641649636236,1.034641649636236,-0.4809236326544638,0.6542649865150452,1.8799537420272827,1.351793885231018,0.02230612374842167,-0.10215473920106888,-0.39239946007728577,1.7024791240692139,1.1130870580673218
2.0894868585732165,7.769727075775713,0.6087757026290577,0.6087757026290577,0.28714940250594245,0.6625000834465027,1.8599762916564941,1.3518916368484497,0.032005488872528076,-0.10387363284826279,-0.348140150308609,1.70735502243042,0.9369969367980957
2.093867334167709,7.10320155598235,0.8124331822119126,0.8124331822119126,-0.7733050030285247,0.6706476807594299,1.8576260805130005,1.3520318269729614,0.039739012718200684,-0.10539865493774414,-0.33874765038490295,1.7114595174789429,0.9737136363983154
2.098247809762203,8.161741183140574,-1.384499838800844,-1.384499838800844,-0.7335805230192023,0.678784966468811,1.8312822580337524,1.3522058725357056,0.046465251594781876,-0.10688252747058868,-0.2924390733242035,1.7157248258590698,0.717502236366272
2.102628285356696,8.416807476593466,0.1713593187062264,0.1713593187062264,-0.13822197344683507,0.686806857585907,1.8044816255569458,1.3524093627929688,0.060391612350940704,-0.10816355049610138,-0.31144797801971436,1.7188677787780762,0.46525996923446655
2.1070087609511887,6.393811672795115,2.2340057679248155,2.2340057679248155,0.4573914101230289,0.6947113275527954,1.7910609245300293,1.352673888206482,0.07414356619119644,-0.1095278412103653,-0.30240723490715027,1.7209057807922363,0.3767164647579193
2.111389236545682,7.675115683584458,-0.47066617461371535,-0.47066617461371535,0.68290306091778,0.7025570273399353,1.7938029766082764,1.3529986143112183,0.07231000065803528,-0.11085253208875656,-0.25052446126937866,1.7225559949874878,0.4658007025718689
2.115769712140175,2.9035037042661243,0.01224195879627804,0.01224195879627804,-0.6607505548676577,0.7104147672653198,1.8000805377960205,1.3533153533935547,0.07821381837129593,-0.11194995045661926,-0.2842123508453369,1.724596381187439,0.6095485687255859
2.1201501877346685,4.0006065974421094,-2.0929039491476873,-2.0929039491476873,0.15947936492239,0.7182999849319458,1.7811121940612793,1.3536579608917236,0.05691710114479065,-0.11319493502378464,-0.2645588219165802,1.727266550064087,0.4074065685272217
2.1245306633291614,5.9738437902428085,0.08612541548886343,0.08612541548886343,-0.22604974341937428,0.7261021137237549,1.7797127962112427,1.3539072275161743,0.04009157791733742,-0.11435382813215256,-0.3303355574607849,1.7290512323379517,0.426902174949646
2.1289111389236544,7.381987641246801,-0.3388121586775814,-0.3388121586775814,0.7735418010111222,0.7338981032371521,1.7668038606643677,1.3540828227996826,0.037896778434515,-0.11580085754394531,-0.3212190568447113,1.7309212684631348,0.3261638581752777
2.133291614518148,5.308046034713993,0.9145098703880091,0.9145098703880091,-1.0940445537457006,0.7416375279426575,1.7751067876815796,1.3542488813400269,0.04144124686717987,-0.11720795184373856,-0.3537033200263977,1.7323499917984009,0.49475204944610596
2.1376720901126407,5.100194149165897,-2.349447485749571,-2.349447485749571,0.12413716316191238,0.7494133114814758,1.7428123950958252,1.3544304370880127,0.03806174173951149,-0.11875733733177185,-0.29504716396331787,1.734517216682434,0.1554132103919983
2.1420525657071336,5.9446530883393915,-1.0930914033784067,-1.0930914033784067,0.48925316660665485,0.7570476531982422,1.7388960123062134,1.3545972108840942,0.028776856139302254,-0.12004978209733963,-0.3672836720943451,1.7351980209350586,0.15671317279338837
2.146433041301627,6.56922714330492,0.26189911141853567,0.26189911141853567,-0.04809296387570315,0.7646648287773132,1.7422255277633667,1.3547232151031494,0.02374682016670704,-0.12165866047143936,-0.41349315643310547,1.7358845472335815,0.25405552983283997
2.15081351689612,10.354779022242068,1.4561075554499636,1.4561075554499636,0.2823793849303097,0.7722966074943542,1.7321922779083252,1.3548272848129272,0.024947404861450195,-0.12346995621919632,-0.40444040298461914,1.7369974851608276,0.19709624350070953
2.155193992490613,8.991628379831294,0.5792778020581372,0.5792778020581372,1.7967986499380133,0.7798844575881958,1.7244815826416016,1.3549365997314453,0.050239402800798416,-0.12524159252643585,-0.37016382813453674,1.737860918045044,0.20652402937412262
2.1595744680851063,4.798973427924024,-1.3378898269957387,-1.3378898269957387,-0.8360007324653058,0.7874385118484497,1.753495454788208,1.355156660079956,0.060488007962703705,-0.12686309218406677,-0.4057192802429199,1.7387655973434448,0.646885335445404
2.1639549436795997,8.142063607212501,1.1744319414197502,1.1744319414197502,0.2570986661499434,0.7951196432113647,1.7274012565612793,1.3554216623306274,0.052789852023124695,-0.1286403387784958,-0.4203760325908661,1.7415993213653564,0.38105887174606323
2.1683354192740927,3.238869438331654,0.9493797704307788,0.9493797704307788,-0.13529759624632917,0.8026864528656006,1.7217144966125488,1.355652928352356,0.06330057233572006,-0.1304817795753479,-0.39358699321746826,1.7432684898376465,0.3964653015136719
2.1727158948685856,5.609395429967467,1.6138958154085334,1.6138958154085334,0.5954938584767357,0.8102284073829651,1.7138999700546265,1.355930209159851,0.04252065718173981,-0.13220587372779846,-0.36191096901893616,1.7450052499771118,0.33608609437942505
2.1770963704630786,6.5554030583069745,-0.44919186726738575,-0.44919186726738575,0.03488885519482503,0.8177360892295837,1.7194334268569946,1.3561164140701294,0.03468308970332146,-0.1337912231683731,-0.33217039704322815,1.746477484703064,0.4624994397163391
2.181476846057572,6.684775711998434,0.2785487701948307,0.2785487701948307,0.04826604411992959,0.825268030166626,1.7105313539505005,1.356268286705017,0.03542850911617279,-0.13524629175662994,-0.34630709886550903,1.7485034465789795,0.4254361093044281
2.185857321652065,6.292933586121141,-0.011040162836282619,-0.011040162836282619,-0.644564113260492,0.8327609896659851,1.7016425132751465,1.3564234972000122,0.037002988159656525,-0.13676327466964722,-0.3395821154117584,1.7503670454025269,0.39066073298454285
2.1902377972465583,8.726999654727468,0.7904736911185343,0.7904736911185343,0.5752354596512843,0.8402149677276611,1.677262544631958,1.3565856218338013,0.03886469453573227,-0.13825081288814545,-0.3210812211036682,1.7520782947540283,0.16502295434474945
2.1946182728410517,7.841631296973218,-2.9499665921777387,-2.9499665921777387,0.9248250153278044,0.8475621938705444,1.6772041320800781,1.3567558526992798,0.051968738436698914,-0.13965730369091034,-0.314795583486557,1.7528011798858643,0.26119303703308105
2.198998748435544,8.979360489442403,-0.28126000164117493,-0.28126000164117493,-0.4801209697573279,0.8549091219902039,1.6864478588104248,1.3569835424423218,0.057627588510513306,-0.141036257147789,-0.42795178294181824,1.7539453506469727,0.46100321412086487
2.2033792240300376,2.3659404655848206,-0.6551240308994712,-0.6551240308994712,-0.18658186740740346,0.8622965812683105,1.6614261865615845,1.3572360277175903,0.07683813571929932,-0.1429108828306198,-0.42214441299438477,1.755964756011963,0.2600697875022888
2.2077596996245306,9.442383627631063,2.024050029588279,2.024050029588279,-0.019031593719212217,0.8695744276046753,1.6534039974212646,1.3575726747512817,0.05051290988922119,-0.14476007223129272,-0.4358273148536682,1.7571040391921997,0.19016793370246887
2.2121401752190235,6.893273772995262,0.6248020909185624,0.6248020909185624,-1.0744819763570885,0.8768171072006226,1.6379541158676147,1.357793927192688,0.07093274593353271,-0.1466692090034485,-0.3761628568172455,1.7579370737075806,0.11292368173599243
2.216520650813517,7.475267643981757,0.01263632602959222,0.01263632602959222,1.2044414065632438,0.8839921355247498,1.6021318435668945,1.3581047058105469,0.07886634021997452,-0.14831697940826416,-0.3265383839607239,1.7584317922592163,-0.23966184258460999
2.22090112640801,6.788713148855315,-0.08482074998680794,-0.08482074998680794,0.7375264807411195,0.8910102248191833,1.6177388429641724,1.358450174331665,0.08073121309280396,-0.14974737167358398,-0.3613428771495819,1.7573819160461426,0.03847256302833557
2.225281602002503,9.168629673806617,-0.7254190017692118,-0.7254190017692118,-0.026005631750911973,0.8980966806411743,1.6236456632614136,1.3588038682937622,0.08005868643522263,-0.15133023262023926,-0.3853580355644226,1.7575504779815674,0.19164186716079712
2.229662077596996,9.098349275226248,-0.9770987132183881,-0.9770987132183881,-0.3839853095373653,0.9052090048789978,1.6079565286636353,1.3591545820236206,0.09863865375518799,-0.1530182808637619,-0.40578311681747437,1.758389949798584,0.11311409622430801
2.234042553191489,7.325143795632481,0.33569310689149934,0.33569310689149934,-1.5648033459600812,0.9122526049613953,1.5839996337890625,1.3595867156982422,0.1183188334107399,-0.1547958105802536,-0.4231038987636566,1.7588855028152466,-0.0652085617184639
2.2384230287859825,5.124674880331535,1.3954372275199929,1.3954372275199929,0.3937512307370663,0.919191300868988,1.535686731338501,1.360105037689209,0.13129180669784546,-0.15664920210838318,-0.3676033616065979,1.758599877357483,-0.5593205690383911
2.2428035043804755,7.051433648333266,0.20573636325318057,0.20573636325318057,0.6391569222751153,0.9259183406829834,1.5360603332519531,1.360680103302002,0.12081815302371979,-0.15825948119163513,-0.33835095167160034,1.7561497688293457,-0.49007079005241394
2.2471839799749684,7.9866579527047215,1.3871370828815917,1.3871370828815917,0.2941278457037435,0.9326469898223877,1.5387704372406006,1.3612093925476074,0.12221692502498627,-0.1597416251897812,-0.35100820660591125,1.7540030479431152,-0.3675011396408081
2.251564455569462,10.255856435537524,-0.6945862850901281,-0.6945862850901281,0.6299812388678677,0.9393875598907471,1.5318808555603027,1.36174476146698,0.13139572739601135,-0.16127920150756836,-0.319088876247406,1.7523932456970215,-0.3484201729297638
2.255944931163955,7.815596489274801,2.2342545888736027,2.2342545888736027,0.06819781010303595,0.9460979104042053,1.5287514925003052,1.3623203039169312,0.1543291211128235,-0.16267696022987366,-0.3577704429626465,1.7508670091629028,-0.2535446286201477
2.260325406758448,9.19509124708179,0.4028665322205965,0.4028665322205965,0.23763304810665714,0.9527945518493652,1.5168027877807617,1.3629963397979736,0.1633172333240509,-0.1642441600561142,-0.2945147156715393,1.7497563362121582,-0.29608798027038574
2.264705882352941,7.497386841385803,1.7592367032590062,1.7592367032590062,0.5358419021348715,0.9594388604164124,1.506271243095398,1.3637117147445679,0.1807968020439148,-0.16553427278995514,-0.2896893620491028,1.7484593391418457,-0.3023381531238556
2.269086357947434,7.099068797448284,-0.15782222167561377,-0.15782222167561377,0.2054397205486559,0.9660370349884033,1.5055108070373535,1.3645037412643433,0.18567968904972076,-0.1668032556772232,-0.25396236777305603,1.7471349239349365,-0.21203336119651794
2.2734668335419275,6.43285677378656,-1.3910819857292984,-1.3910819857292984,0.7176174658090443,0.9726318717002869,1.497769832611084,1.3653171062469482,0.18927596509456635,-0.1679157316684723,-0.26457077264785767,1.7462061643600464,-0.21072064340114594
2.2778473091364204,7.439894252164816,-0.18860479542854475,-0.18860479542854475,0.4840669238519042,0.9791927933692932,1.5029709339141846,1.366146206855774,0.18631945550441742,-0.16907468438148499,-0.3261514902114868,1.7452831268310547,-0.06134498119354248
2.2822277847309134,5.275580468224155,-1.0157359899388496,-1.0157359899388496,-1.3968177115615745,0.9857765436172485,1.5009480714797974,1.3669624328613281,0.1910560429096222,-0.1705033779144287,-0.3457956314086914,1.7450144290924072,0.01491449773311615
2.2866082603254068,5.323025322609179,-3.4459831122973554,-3.4459831122973554,0.2717422187067611,0.9923514127731323,1.4592876434326172,1.3677994012832642,0.18897861242294312,-0.1720181256532669,-0.3346668481826782,1.745079755783081,-0.41641324758529663
2.2909887359199,3.3326612450524076,-0.8234705367157329,-0.8234705367157329,0.6306828583210891,0.9987437725067139,1.4559783935546875,1.3686271905899048,0.18036973476409912,-0.17348413169384003,-0.44323620200157166,1.743255615234375,-0.38297608494758606
2.2953692115143927,4.855968997240729,0.9517128008054538,0.9517128008054538,0.643671502041388,1.0051217079162598,1.4645090103149414,1.3694173097610474,0.15704277157783508,-0.175425723195076,-0.4857020974159241,1.7415779829025269,-0.23357775807380676
2.299749687108886,6.100056643671693,0.6289211019450338,0.6289211019450338,-0.18223004550087576,1.011536955833435,1.470531702041626,1.370105266571045,0.14386948943138123,-0.17755332589149475,-0.476706326007843,1.7405548095703125,-0.09269171953201294
2.304130162703379,5.762023298158488,0.5264290335385499,0.5264290335385499,-0.042249650264475136,1.017978549003601,1.45511794090271,1.3707355260849,0.14227764308452606,-0.17964152991771698,-0.4530181288719177,1.7401487827301025,-0.19217516481876373
2.3085106382978724,7.0771490409266855,2.6655518622182526,2.6655518622182526,-0.47751958851418097,1.0243526697158813,1.4434601068496704,1.3713587522506714,0.13785479962825775,-0.18162596225738525,-0.43641090393066406,1.739306926727295,-0.25013792514801025
2.3128911138923653,7.081208899747032,0.7946238346608867,0.7946238346608867,0.3734225147400858,1.0306757688522339,1.4191983938217163,1.3719626665115356,0.14387810230255127,-0.18353764712810516,-0.34462326765060425,1.7382111549377441,-0.44020652770996094
2.3172715894868583,7.013627983087899,2.20899888435262,2.20899888435262,0.7616911874714248,1.0368925333023071,1.4144842624664307,1.3725929260253906,0.14652560651302338,-0.18504725396633148,-0.3323228657245636,1.7362828254699707,-0.39312511682510376
2.321652065081352,7.729166357201589,-0.5285244111395326,-0.5285244111395326,0.9942127122738471,1.043088674545288,1.4188131093978882,1.373234748840332,0.1472320854663849,-0.18650299310684204,-0.29005688428878784,1.7345607280731201,-0.23715457320213318
2.3260325406758446,3.8111816008840105,-0.1809116855743409,-0.1809116855743409,-0.03209243885800156,1.0493037700653076,1.4271045923233032,1.3738796710968018,0.15185467898845673,-0.18777358531951904,-0.3345256447792053,1.733521819114685,-0.02205236256122589
2.330413016270338,4.026090268414597,-1.7042707455501134,-1.7042707455501134,1.0038002168082074,1.0555552244186401,1.4190824031829834,1.3745448589324951,0.13434754312038422,-0.18923896551132202,-0.33887162804603577,1.733425259590149,-0.0616736002266407
2.334793491864831,10.5111464244464,1.187709869068546,1.187709869068546,-0.4536460300670687,1.0617715120315552,1.4345594644546509,1.3751333951950073,0.1143311858177185,-0.19072338938713074,-0.4179558753967285,1.7331551313400269,0.18574300408363342
2.339173967459324,6.94437516727707,-2.5490184408227927,-2.5490184408227927,0.5697794736803864,1.068055510520935,1.4037343263626099,1.3756341934204102,0.14292874932289124,-0.19255423545837402,-0.37002307176589966,1.733968734741211,-0.025957494974136353
2.3435544430538173,5.682593856743438,0.7528175931907798,0.7528175931907798,0.4549421294753349,1.0742045640945435,1.403363585472107,1.3762602806091309,0.1439366340637207,-0.1941751092672348,-0.46110185980796814,1.7338550090789795,0.07625724375247955
2.3479349186483103,7.556134571630703,1.2267958112683714,1.2267958112683714,-0.32832666396715937,1.0803519487380981,1.402722716331482,1.376890778541565,0.13698604702949524,-0.19619496166706085,-0.4524029493331909,1.7341890335083008,0.15655767917633057
2.3523153942428032,7.13109452635794,1.3202006050567183,1.3202006050567183,0.5852661930451883,1.0864965915679932,1.3801548480987549,1.3774908781051636,0.14544647932052612,-0.19817669689655304,-0.4069884419441223,1.7348748445510864,0.0026754289865493774
2.3566958698372966,6.24231191256551,0.4400393749533316,0.4400393749533316,-0.9188517236189637,1.092542290687561,1.3794301748275757,1.3781280517578125,0.14759083092212677,-0.19995950162410736,-0.38552603125572205,1.7348865270614624,0.10666336119174957
2.3610763454317896,8.711047862060196,-2.160328525287542,-2.160328525287542,0.6350176071510504,1.0985848903656006,1.3456093072891235,1.3787745237350464,0.14957603812217712,-0.2016482949256897,-0.3458420932292938,1.735353708267212,-0.20167876780033112
2.3654568210262825,5.522665667715644,1.6545852583382339,1.6545852583382339,0.6733249328202467,1.1044793128967285,1.3426132202148438,1.3794296979904175,0.16197383403778076,-0.2031632512807846,-0.42747506499290466,1.734470248222351,-0.09769284725189209
2.369837296620776,9.178528664086683,-0.8483596220789643,-0.8483596220789643,1.0710997655395837,1.1103606224060059,1.3469152450561523,1.3801392316818237,0.15307186543941498,-0.20503579080104828,-0.3988191485404968,1.7340422868728638,0.04365822672843933
2.374217772215269,5.7796127493703455,1.3584247725083038,1.3584247725083038,0.4867249619466908,1.1162607669830322,1.3528223037719727,1.3808097839355469,0.16690051555633545,-0.20678280293941498,-0.4548734426498413,1.7342334985733032,0.26491811871528625
2.3785982478097623,4.591518040650492,-1.2164184456900338,-1.2164184456900338,0.0473411122116707,1.1221867799758911,1.3521099090576172,1.3815408945083618,0.16037331521511078,-0.2087753713130951,-0.42941704392433167,1.73539400100708,0.3516429662704468
2.382978723404255,9.882918684017271,0.456774086283903,0.456774086283903,-0.9495315824609681,1.1281096935272217,1.3436073064804077,1.3822433948516846,0.1476178616285324,-0.21065641939640045,-0.4663228392601013,1.7369344234466553,0.3255921006202698
2.387359198998748,9.74507690922453,1.6685550873512063,1.6685550873512063,0.23270015628589882,1.1339952945709229,1.3008308410644531,1.382889986038208,0.17381054162979126,-0.21269913017749786,-0.4252542555332184,1.7383606433868408,-0.024439632892608643
2.391739674593241,7.170528126753058,1.046978154712932,1.046978154712932,0.39595140183931743,1.1396934986114502,1.2854883670806885,1.3836513757705688,0.19453001022338867,-0.21456193923950195,-0.38332274556159973,1.7382535934448242,-0.04431937634944916
2.3961201501877345,7.90820899813812,0.03543858968940483,0.03543858968940483,-1.5227155278619746,1.1453245878219604,1.2792829275131226,1.3845034837722778,0.1975291222333908,-0.21624107658863068,-0.36431071162223816,1.738059401512146,0.0034509673714637756
2.400500625782228,7.364495582364814,0.6609261770340116,0.6609261770340116,0.11026338171405799,1.1509284973144531,1.2270488739013672,1.3853687047958374,0.21288955211639404,-0.21783693134784698,-0.3188076615333557,1.738074541091919,-0.4905552566051483
2.404881101376721,6.138399170891281,0.6501040810235346,0.6501040810235346,0.10275739935164072,1.1563035249710083,1.2136131525039673,1.3863012790679932,0.2181754857301712,-0.2192334532737732,-0.3027265667915344,1.7359256744384766,-0.52464759349823
2.409261576971214,2.2684338726432314,1.0980942964631817,1.0980942964631817,0.09166188064917777,1.161619782447815,1.2026126384735107,1.3872569799423218,0.21533922851085663,-0.22055953741073608,-0.28674229979515076,1.733627438545227,-0.5499374270439148
2.413642052565707,4.883448348530325,-0.5208846765188306,-0.5208846765188306,-0.6721885589708141,1.1668877601623535,1.1997613906860352,1.388200283050537,0.1869152933359146,-0.22181560099124908,-0.257351279258728,1.7312184572219849,-0.5442628264427185
2.4180225281602,7.195762208224943,0.8956631493397484,0.8956631493397484,1.3728577070975274,1.1721433401107788,1.1734975576400757,1.3890190124511719,0.17863871157169342,-0.22294291853904724,-0.25293272733688354,1.7288342714309692,-0.7744141817092896
2.422403003754693,7.365375375674469,-0.24769668195563166,-0.24769668195563166,0.1838980760587025,1.177283763885498,1.1894421577453613,1.3898015022277832,0.17793214321136475,-0.2240508794784546,-0.26686832308769226,1.7254419326782227,-0.45426321029663086
2.4267834793491865,10.349288180202773,1.0119893470488046,1.0119893470488046,-0.15469309047826343,1.182494044303894,1.1774951219558716,1.3905808925628662,0.1828545480966568,-0.22521989047527313,-0.2794722616672516,1.723452091217041,-0.46679994463920593
2.4311639549436794,6.256634187969601,1.778157756202973,1.778157756202973,0.3985879328278856,1.1876519918441772,1.1510794162750244,1.391381859779358,0.2086557000875473,-0.22644411027431488,-0.24540144205093384,1.7214072942733765,-0.5994336009025574
2.4355444305381724,8.423131890131707,1.5292002682489187,1.5292002682489187,0.18866724429732695,1.1926943063735962,1.1464581489562988,1.3922958374023438,0.20542027056217194,-0.22751908004283905,-0.20511363446712494,1.7187814712524414,-0.5422667264938354
2.4399249061326658,4.601135507324145,1.3098586200653055,1.3098586200653055,0.9867183337193068,1.1977163553237915,1.13214910030365,1.393195629119873,0.21721577644348145,-0.22841757535934448,-0.16596582531929016,1.7164061069488525,-0.5620530843734741
2.4443053817271587,5.262892456858301,0.6752637063591758,0.6752637063591758,0.5583222426695964,1.202675700187683,1.1448016166687012,1.3941471576690674,0.20108850300312042,-0.22914458811283112,-0.15652909874916077,1.7139440774917603,-0.32627934217453003
2.448685857321652,7.318705290823656,0.4013245773188191,0.4013245773188191,-0.7565877376294555,1.2076904773712158,1.146057367324829,1.395027995109558,0.19086900353431702,-0.22983026504516602,-0.15311403572559357,1.712514877319336,-0.21544381976127625
2.453066332916145,4.990762121985023,-1.0087442530073534,-1.0087442530073534,-0.42558591052083056,1.2127107381820679,1.1122190952301025,1.3958641290664673,0.19856488704681396,-0.2305009812116623,-0.11929932236671448,1.7115710973739624,-0.4887170195579529
2.457446808510638,6.810764544108406,0.6689126510596166,0.6689126510596166,0.4043022063594247,1.2175828218460083,1.0912086963653564,1.3967338800430298,0.18975141644477844,-0.23102356493473053,-0.13632939755916595,1.7094303369522095,-0.6498419046401978
2.4618272841051314,5.699184107625418,-0.5891515012476607,-0.5891515012476607,0.8456117846169825,1.2223628759384155,1.0853898525238037,1.3975651264190674,0.19012172520160675,-0.23162075877189636,-0.12860193848609924,1.7065837383270264,-0.5947637557983398
2.4662077596996244,6.144024114559646,1.1208361506785995,1.1208361506785995,0.8492803311575372,1.2271174192428589,1.0923042297363281,1.3983979225158691,0.1818109005689621,-0.23218409717082977,-0.17050157487392426,1.703978419303894,-0.40692055225372314
2.4705882352941178,8.202324935197508,-0.6809372922370921,-0.6809372922370921,0.6776843429534296,1.2319022417068481,1.0983275175094604,1.399194359779358,0.17651380598545074,-0.2329309731721878,-0.1625712811946869,1.7021958827972412,-0.22152473032474518
2.4749687108886107,6.377856836303126,1.0251203313973845,1.0251203313973845,0.5322064879728565,1.2367134094238281,1.0957597494125366,1.3999675512313843,0.18532699346542358,-0.23364311456680298,-0.20224733650684357,1.7012255191802979,-0.10103381425142288
2.479349186483104,5.834487020692388,1.6493626626781914,1.6493626626781914,-0.3705997375058614,1.2415133714675903,1.0938613414764404,1.400779366493225,0.18261568248271942,-0.234529048204422,-0.18785269558429718,1.7007828950881958,-0.005840674042701721
2.483729662077597,5.51479937428755,-0.16830390924226785,-0.16830390924226785,-0.34773135655648135,1.246304988861084,1.0721598863601685,1.4015792608261108,0.17907850444316864,-0.23535193502902985,-0.1288633942604065,1.7007572650909424,-0.1579429805278778
2.48811013767209,8.8374724285179,-0.6194505837814543,-0.6194505837814543,0.2631759627706872,1.2510015964508057,1.051668405532837,1.402363657951355,0.17335738241672516,-0.23591642081737518,-0.12362354248762131,1.7000653743743896,-0.3010929226875305
2.492490613266583,7.139808380881987,0.4959482892143703,0.4959482892143703,-0.42729623462124766,1.2556084394454956,1.0378646850585938,1.4031230211257935,0.1875617504119873,-0.2364579439163208,-0.1493990421295166,1.6987464427947998,-0.30166947841644287
2.4968710888610763,7.504116224408126,-0.8874332889184339,-0.8874332889184339,-0.584844411056272,1.2601547241210938,1.0118213891983032,1.4039446115493774,0.19268245995044708,-0.2371123880147934,-0.12243737280368805,1.6974250078201294,-0.48047298192977905
2.5012515644555693,7.853001432449153,2.799126576375846,2.799126576375846,0.9027087330988726,1.2645869255065918,0.9812616109848022,1.404788613319397,0.20058000087738037,-0.23764872550964355,-0.13127392530441284,1.6953202486038208,-0.7061468362808228
2.5056320400500622,6.879584183224778,-0.7399664341649655,-0.7399664341649655,0.6025278318769465,1.2688853740692139,0.9844866991043091,1.4056673049926758,0.2062883824110031,-0.23822376132011414,-0.07589250802993774,1.6922270059585571,-0.5196127891540527
2.510012515644556,8.419363200484863,0.5074208869390542,0.5074208869390542,0.713065096007309,1.273197889328003,0.982950747013092,1.4065709114074707,0.20659008622169495,-0.23855620622634888,-0.11509759724140167,1.6899508237838745,-0.408329576253891
2.5143929912390486,7.832041231077119,0.26366909452514503,0.26366909452514503,0.008868896015557265,1.2775037288665771,0.9805275201797485,1.4074758291244507,0.21672280132770538,-0.2390603870153427,-0.12110306322574615,1.688162088394165,-0.2785622179508209
2.518773466833542,6.038313964887695,-0.2893176438803222,-0.2893176438803222,0.3951753101522615,1.2817989587783813,0.963038444519043,1.408425211906433,0.2249850630760193,-0.23959088325500488,-0.11366208642721176,1.6869418621063232,-0.3401396870613098
2.523153942428035,7.64922328966163,-0.22645226284349773,-0.22645226284349773,-0.5302280355426978,1.2860175371170044,0.9585791826248169,1.4094107151031494,0.22042736411094666,-0.24008877575397491,-0.13365145027637482,1.685451865196228,-0.279223769903183
2.527534418022528,5.628345683229972,0.8009385180315816,0.8009385180315816,-0.1443917297523809,1.2902165651321411,0.9289220571517944,1.4103763103485107,0.22890909016132355,-0.24067422747612,-0.12478023767471313,1.684228777885437,-0.4893662929534912
2.5319148936170213,8.311436614410592,-1.0184791876970463,-1.0184791876970463,0.07363441418576533,1.2942856550216675,0.9127989411354065,1.411379098892212,0.2230565994977951,-0.24122081696987152,-0.09717360138893127,1.6820851564407349,-0.5753761529922485
2.536295369211514,5.378863739003268,1.8611375809497237,1.8611375809497237,1.1429716848585671,1.2982841730117798,0.895665168762207,1.4123561382293701,0.2341284602880478,-0.24164648354053497,-0.12906678020954132,1.6795647144317627,-0.6220968961715698
2.540675844806008,6.157810843007322,0.4361425892305101,0.4361425892305101,0.3445034656241455,1.302207589149475,0.9100953340530396,1.4133816957473755,0.2232692539691925,-0.24221186339855194,-0.10809405893087387,1.6768395900726318,-0.34662383794784546
2.545056320400501,10.984281846624377,-1.6214522001331888,-1.6214522001331888,0.2405818649507397,1.3061941862106323,0.9041711688041687,1.41435968875885,0.2196338027715683,-0.24268536269664764,-0.10541790723800659,1.6753212213516235,-0.29980114102363586
2.549436795994993,7.6423369670223416,-1.2984295546484645,-1.2984295546484645,0.2530629881521089,1.310154914855957,0.8848807215690613,1.4153218269348145,0.2477906197309494,-0.24314714968204498,-0.15979520976543427,1.6740078926086426,-0.32031068205833435
2.553817271589487,7.249500982960425,0.48846723377806267,0.48846723377806267,-0.24580547569283398,1.3140311241149902,0.8734442591667175,1.4164072275161743,0.2540764808654785,-0.24384713172912598,-0.20510371029376984,1.6726047992706299,-0.31054309010505676
2.55819774718398,9.116929228128011,2.2070952983622325,2.2070952983622325,-0.35959996863929455,1.317857265472412,0.8512440323829651,1.4175201654434204,0.2589799761772156,-0.24474558234214783,-0.183660626411438,1.671244502067566,-0.43666142225265503
2.562578222778473,7.691102002464179,0.6141283361309058,0.6141283361309058,0.22035394103911365,1.3215861320495605,0.8220985531806946,1.4186546802520752,0.27627721428871155,-0.24555009603500366,-0.10870498418807983,1.669331669807434,-0.6092510223388672
2.566958698372966,5.447166759411901,-0.6054984343779838,-0.6054984343779838,0.058655940597494766,1.3251873254776,0.8096923232078552,1.4198648929595947,0.282829225063324,-0.24602627754211426,-0.0972055196762085,1.6666628122329712,-0.6086077094078064
2.571339173967459,7.677897108209871,1.6996415304566233,1.6996415304566233,0.5193385459617101,1.3287341594696045,0.798634946346283,1.421103835105896,0.27510499954223633,-0.24645207822322845,-0.11660093069076538,1.6639968156814575,-0.6350535154342651
2.575719649561952,3.994600304179936,0.9444587007741014,0.9444587007741014,-0.1743828766538933,1.3322325944900513,0.7932537198066711,1.4223089218139648,0.2808901071548462,-0.24696284532546997,-0.08213233947753906,1.6612149477005005,-0.5501737594604492
2.580100125156445,6.628356005816203,0.798652980450353,0.798652980450353,0.08226696276923012,1.335707426071167,0.7800783514976501,1.423539400100708,0.26419711112976074,-0.24732261896133423,-0.049458619207143784,1.6588048934936523,-0.6297967433929443
2.5844806007509384,7.573788073775017,0.697181482936327,0.697181482936327,-0.2721538692712202,1.3391245603561401,0.7669036388397217,1.424696683883667,0.2640713155269623,-0.24753926694393158,-0.028537876904010773,1.6560460329055786,-0.6579782366752625
2.588861076345432,7.313771639626218,1.0174315748697667,1.0174315748697667,1.0616445183019863,1.3424839973449707,0.7433246374130249,1.4258534908294678,0.27078187465667725,-0.24766427278518677,-0.0002302117645740509,1.6531637907028198,-0.7918659448623657
2.593241551939925,7.276258080800572,1.037659897165049,1.037659897165049,0.8848472242494033,1.3457400798797607,0.7515150904655457,1.427039623260498,0.27312028408050537,-0.24766528606414795,-0.0015213699080049992,1.6496950387954712,-0.5513476133346558
2.5976220275344177,6.035954818637304,-0.6892139909024577,-0.6892139909024577,0.37620320375815397,1.3490320444107056,0.7557224631309509,1.4282360076904297,0.27572596073150635,-0.2476719468832016,0.0029412447474896908,1.6472798585891724,-0.35928958654403687
2.602002503128911,5.020000841037778,0.2125489698530546,0.2125489698530546,-0.9365489209806939,1.3523424863815308,0.7508838176727295,1.4294438362121582,0.2712785005569458,-0.24765905737876892,-0.028172314167022705,1.645706057548523,-0.29943346977233887
2.606382978723404,6.559470900267204,0.9126597400195894,0.9126597400195894,0.35523812511167707,1.355631709098816,0.7176742553710938,1.4306321144104004,0.2625502645969391,-0.24778246879577637,0.005384989082813263,1.6443943977355957,-0.5979150533676147
2.610763454317897,4.822644560034066,-0.9219289357573085,-0.9219289357573085,0.10856425359871968,1.3587754964828491,0.7111878991127014,1.4317822456359863,0.2614688277244568,-0.2477588802576065,0.021663468331098557,1.6417752504348755,-0.547409176826477
2.6151439299123904,4.6980216942737,2.2616803126623424,2.2616803126623424,0.8934765880494077,1.3618907928466797,0.7028754949569702,1.4329276084899902,0.2495422065258026,-0.24766398966312408,-0.008430199697613716,1.6393773555755615,-0.5525534152984619
2.619524405506884,8.478607255009726,-1.8756679752254868,-1.8756679752254868,0.018257919752819235,1.3649697303771973,0.7132213711738586,1.434020757675171,0.235541433095932,-0.24770091474056244,0.031525686383247375,1.6369569301605225,-0.3376260995864868
2.6239048811013768,7.1013790012250215,0.569153774274976,0.569153774274976,-1.2190424020593644,1.3680939674377441,0.6946619749069214,1.435052514076233,0.24756120145320892,-0.24756281077861786,-0.02378295361995697,1.6354780197143555,-0.39388564229011536
2.6282853566958697,4.143753956883206,-0.1257074398034283,-0.1257074398034283,-0.03650525010924335,1.3711369037628174,0.650273859500885,1.4361369609832764,0.2524906396865845,-0.24766698479652405,0.02843804657459259,1.6337525844573975,-0.7849805355072021
2.6326658322903627,7.768707145523504,-0.06237176272104572,-0.06237176272104572,0.2912566609232931,1.3739854097366333,0.6401532888412476,1.4372429847717285,0.23624686896800995,-0.24754241108894348,0.02583305910229683,1.6303139925003052,-0.8248460292816162
2.637046307884856,5.211034600124298,0.2252178735634905,0.2252178735634905,-0.23749004701899948,1.3767895698547363,0.6296634674072266,1.4382778406143188,0.243035227060318,-0.2474292516708374,0.015505988150835037,1.626700758934021,-0.7986559271812439
2.641426783479349,7.859622895453904,-0.10408976695592603,-0.10408976695592603,-0.2310067432156632,1.3795478343963623,0.6125352382659912,1.4393424987792969,0.2339453250169754,-0.24736133217811584,0.029018525034189224,1.6232023239135742,-0.9013689160346985
2.645807259073842,6.499917752951438,3.556154907864078,3.556154907864078,0.6834440282893809,1.3822309970855713,0.5897361040115356,1.440367341041565,0.24192816019058228,-0.24723421037197113,0.03272490203380585,1.6192538738250732,-1.0201890468597412
2.650187734668336,3.4265779990528364,0.794409622636033,0.794409622636033,-0.024000786676912883,1.3848142623901367,0.5914009809494019,1.4414271116256714,0.23993366956710815,-0.24709086120128632,0.11661716550588608,1.6147849559783936,-0.8739839792251587
2.6545682102628283,7.17652461819744,1.4265649616780864,1.4265649616780864,-0.07014986332690898,1.3874049186706543,0.5833120942115784,1.4424781799316406,0.21890896558761597,-0.24658001959323883,0.14051733911037445,1.6109565496444702,-0.9037255048751831
2.6589486858573217,8.027968870777492,-1.505639007488313,-1.505639007488313,0.5798772022895169,1.3899600505828857,0.566000759601593,1.443437099456787,0.22219349443912506,-0.24596448242664337,0.1842261552810669,1.6069978475570679,-0.9708606600761414
2.663329161451814,4.895890716143299,0.8210360414841817,0.8210360414841817,0.17212403927599942,1.392439365386963,0.5621569752693176,1.4444104433059692,0.2303774505853653,-0.24515748023986816,0.12332247197628021,1.6027450561523438,-0.8615349531173706
2.667709637046308,8.247194957616601,2.0248417511159924,2.0248417511159924,0.6190529375329132,1.3949018716812134,0.5556327700614929,1.4454195499420166,0.2187059223651886,-0.2446172684431076,0.14227275550365448,1.5989711284637451,-0.8449252843856812
2.672090112640801,5.968963020840365,1.6334109563315526,1.6334109563315526,0.28766935592167703,1.3973357677459717,0.5524569153785706,1.4463776350021362,0.22845453023910522,-0.24399404227733612,0.18332624435424805,1.5952699184417725,-0.724362313747406
2.676470588235294,7.7822816101723316,3.411952957566356,3.411952957566356,1.3849541276985082,1.399755835533142,0.5464750528335571,1.447378396987915,0.2237602323293686,-0.24319098889827728,0.22262616455554962,1.5920969247817993,-0.6812461018562317
2.6808510638297878,7.166078683200039,-1.5540327938906011,-1.5540327938906011,-1.4513648917481627,1.4021496772766113,0.5624421834945679,1.4483585357666016,0.2302950918674469,-0.24221578240394592,0.28182095289230347,1.5891127586364746,-0.3426940441131592
2.6852315394242803,8.202212292721365,2.1110171858974303,2.1110171858974303,0.5693080609741417,1.4046134948730469,0.5133523941040039,1.4493672847747803,0.23428285121917725,-0.24098126590251923,0.27882272005081177,1.5876115560531616,-0.7907137870788574
2.689612015018773,9.066703494892526,0.6115143977096786,0.6115143977096786,1.094694537757901,1.4068622589111328,0.509539783000946,1.450393557548523,0.24395155906677246,-0.2397598922252655,0.3238455057144165,1.5841478109359741,-0.6809576749801636
2.6939924906132666,9.9851448125758,-0.20006112665127207,-0.20006112665127207,0.15463270255590963,1.4090943336486816,0.5163869261741638,1.4514621496200562,0.2591583728790283,-0.2383413016796112,0.30973511934280396,1.581164836883545,-0.4288848340511322
2.69837296620776,7.174969721520817,0.5456586776815171,0.5456586776815171,0.7703477323608108,1.4113563299179077,0.49947524070739746,1.4525973796844482,0.2807253301143646,-0.236984521150589,0.2993769347667694,1.5792860984802246,-0.4433680772781372
2.7027534418022525,8.83829636474943,-1.5706390971187318,-1.5706390971187318,0.107956513436584,1.4135442972183228,0.5028806924819946,1.453827142715454,0.2839869558811188,-0.23567311465740204,0.29281529784202576,1.5773439407348633,-0.2694011330604553
2.707133917396746,8.265523759334233,-1.8636780881868904,-1.8636780881868904,-0.318014492476008,1.4157471656799316,0.4874962866306305,1.4550710916519165,0.29821091890335083,-0.23439043760299683,0.2437949776649475,1.5761638879776,-0.28898099064826965
2.711514392991239,6.680143944214859,2.2537806031433,2.2537806031433,0.39722354465697013,1.4178826808929443,0.4633967876434326,1.456377387046814,0.30878958106040955,-0.23332250118255615,0.19865670800209045,1.5748980045318604,-0.4236719012260437
2.715894868585732,9.329271016903746,1.575186284060659,1.575186284060659,0.6597470546708226,1.419912576675415,0.4593293368816376,1.4577300548553467,0.3089919686317444,-0.23245228826999664,0.25287407636642456,1.5730421543121338,-0.34971919655799866
2.720275344180225,6.743596706820942,0.8426838466889269,0.8426838466889269,0.2706210983953752,1.4219247102737427,0.4562113881111145,1.4590835571289062,0.32638630270957947,-0.2313445806503296,0.2796078026294708,1.5715101957321167,-0.21657809615135193
2.724655819774718,3.682533484371838,1.6667412378051876,1.6667412378051876,0.8324224386893264,1.423923134803772,0.4492056369781494,1.4605132341384888,0.3270920515060425,-0.2301197648048401,0.2963138520717621,1.5705615282058716,-0.17745712399482727
2.729036295369212,6.121420754678028,0.03277371462902995,0.03277371462902995,-0.6005286769141374,1.4258909225463867,0.46147096157073975,1.4619460105895996,0.3079814910888672,-0.2288217693567276,0.32067859172821045,1.569784164428711,0.0350208580493927
2.7334167709637045,6.122863238593689,1.5026746887289297,1.5026746887289297,-0.04879897444046011,1.4279123544692993,0.43542903661727905,1.4632951021194458,0.3046812117099762,-0.22741705179214478,0.33917301893234253,1.5699375867843628,-0.16485625505447388
2.737797246558197,6.236216068167016,2.021429548004419,2.021429548004419,0.0060351133256058564,1.4298197031021118,0.4223860502243042,1.4646297693252563,0.3014073967933655,-0.225931316614151,0.38448095321655273,1.5692154169082642,-0.21070027351379395
2.742177722152691,5.937980527684161,0.6569900291607584,0.6569900291607584,0.6009645650393094,1.4316699504852295,0.41049450635910034,1.4659501314163208,0.29887548089027405,-0.22424711287021637,0.4433368742465973,1.568292498588562,-0.24153444170951843
2.746558197747184,5.258372898704062,0.45003060541838713,0.45003060541838713,0.33438967838246175,1.4334681034088135,0.41321682929992676,1.467259407043457,0.2944512665271759,-0.2223050892353058,0.4449729919433594,1.5672345161437988,-0.10454639792442322
2.750938673341677,7.159902422732448,-0.047057297973466305,-0.047057297973466305,1.071106652722624,1.4352781772613525,0.41108831763267517,1.4685492515563965,0.28563958406448364,-0.22035589814186096,0.44835007190704346,1.5667765140533447,-0.03803651034832001
2.75531914893617,6.922051890122326,-0.0525974958023826,-0.0525974958023826,-0.03953066679353971,1.4370789527893066,0.42274656891822815,1.4698004722595215,0.2892680764198303,-0.21839191019535065,0.4156961441040039,1.5666098594665527,0.22465138137340546
2.759699624530663,4.864404048803587,1.1635669348184279,1.1635669348184279,-1.6302089015871732,1.4389307498931885,0.4089376926422119,1.4710675477981567,0.2912483215332031,-0.21657095849514008,0.41531455516815186,1.5675939321517944,0.17914022505283356
2.7640801001251565,5.50093078893581,-0.3246588739280811,-0.3246588739280811,0.49696891808392146,1.440722107887268,0.3617419898509979,1.4723433256149292,0.27976229786872864,-0.2147516906261444,0.49690166115760803,1.5683786869049072,-0.2996327877044678
2.768460575719649,3.7302563406248974,0.43516084588436676,0.43516084588436676,-0.005053128089989825,1.4423067569732666,0.36330220103263855,1.4735687971115112,0.2725593149662018,-0.2125750184059143,0.47290751338005066,1.5670661926269531,-0.1882094144821167
2.7728410513141424,9.128235926301217,-1.7912112081309988,-1.7912112081309988,1.605737138016111,1.4438982009887695,0.3564211428165436,1.4747626781463623,0.25384199619293213,-0.2105034589767456,0.48576316237449646,1.56624174118042,-0.20774519443511963
2.777221526908636,6.228830475038751,1.3143093846877894,1.3143093846877894,-0.004938760042797738,1.4454594850540161,0.3776808977127075,1.475874662399292,0.2704358994960785,-0.20837558805942535,0.3865615129470825,1.5653316974639893,0.19631019234657288
2.7816020025031287,6.122709158421636,2.601359558364203,2.601359558364203,-0.5221176708169781,1.4471138715744019,0.3665144145488739,1.477059245109558,0.26800504326820374,-0.2066822648048401,0.42508774995803833,1.5661916732788086,0.16551287472248077
2.7859824780976217,3.4079002399313203,0.961065083797216,0.961065083797216,0.88367893818562,1.4487193822860718,0.34349220991134644,1.4782332181930542,0.2648479640483856,-0.2048201709985733,0.5163031816482544,1.5669167041778564,-0.00889638066291809
2.790362953692115,3.6655093472188445,1.4638519934487157,1.4638519934487157,0.029063280383758813,1.4502240419387817,0.3582492768764496,1.4793933629989624,0.24416367709636688,-0.2025585174560547,0.5185630917549133,1.5668777227401733,0.22160105407238007
2.794743429286608,6.330266426181522,-0.8705185495309224,-0.8705185495309224,0.4939904729287542,1.4517933130264282,0.35259658098220825,1.480462908744812,0.22507356107234955,-0.20028696954250336,0.5604634881019592,1.5678484439849854,0.2127528190612793
2.7991239048811014,5.9680181045889125,-1.013990883681744,-1.013990883681744,0.10949578067228392,1.4533379077911377,0.353345662355423,1.4814488887786865,0.22341112792491913,-0.1978318691253662,0.5206155180931091,1.5687804222106934,0.32142743468284607
2.8035043804755944,8.69567773131494,-0.4949470474870401,-0.4949470474870401,-1.1059894061709983,1.454885721206665,0.3458160161972046,1.4824274778366089,0.21935687959194183,-0.1955513209104538,0.48780614137649536,1.5701884031295776,0.32474812865257263
2.8078848560700878,7.639453700477414,0.1126786509850824,0.1126786509850824,0.23002469301631975,1.4564005136489868,0.3053278923034668,1.4833884239196777,0.2331138551235199,-0.19341449439525604,0.505650520324707,1.571610927581787,-0.023168593645095825
2.8122653316645807,9.168183899120304,-1.3062960638786367,-1.3062960638786367,-0.30223924836383287,1.4577380418777466,0.2980393171310425,1.4844095706939697,0.24004866182804108,-0.19119951128959656,0.5022236704826355,1.5715094804763794,0.006421741098165512
2.8166458072590737,9.069173368396655,0.9872618954753638,0.9872618954753638,0.3047420246973287,1.4590436220169067,0.2759121060371399,1.4854611158370972,0.2570064067840576,-0.18899953365325928,0.4729020297527313,1.5715376138687134,-0.1188521534204483
2.821026282853567,5.402919588568148,1.1061218968128144,1.1061218968128144,-0.2850252435915379,1.460252285003662,0.26834210753440857,1.4865869283676147,0.2733266353607178,-0.18692800402641296,0.4928337633609772,1.5710170269012451,-0.07395587861537933
2.82540675844806,5.758571278887016,1.205358032378939,1.205358032378939,0.6885026166116092,1.4614278078079224,0.25299718976020813,1.4877842664718628,0.26569610834121704,-0.1847691535949707,0.5334596633911133,1.570693016052246,-0.17700433731079102
2.829787234042553,4.833427056832457,1.0456527571842062,1.0456527571842062,0.7011999692249805,1.462536096572876,0.26000818610191345,1.488948106765747,0.2603973150253296,-0.1824323534965515,0.548553466796875,1.5699176788330078,-0.0097779780626297
2.8341677096370463,6.627584530740737,2.3985313764161154,2.3985313764161154,-0.7725622238631699,1.4636750221252441,0.2688859701156616,1.4900888204574585,0.24908113479614258,-0.18002942204475403,0.558612585067749,1.569874882698059,0.16531750559806824
2.8385481852315397,5.938140514648528,1.093509352660369,1.093509352660369,-0.5825222454368933,1.4648529291152954,0.2405528426170349,1.4911799430847168,0.2494882494211197,-0.17758242785930634,0.651218593120575,1.57059907913208,-0.07780709862709045
2.842928660826032,6.336706342333173,-0.6369281322658765,-0.6369281322658765,0.1246861595757734,1.4659066200256348,0.21785259246826172,1.4922728538513184,0.24542050063610077,-0.17472977936267853,0.7001640200614929,1.5702582597732544,-0.26481884717941284
2.8473091364205256,5.7619053647173155,0.10759804626999406,0.10759804626999406,1.3299143950107875,1.4668608903884888,0.21127817034721375,1.4933478832244873,0.24396538734436035,-0.17166273295879364,0.6779224872589111,1.5690982341766357,-0.2557864487171173
2.8516896120150186,7.206380269704305,-0.6591658264572378,-0.6591658264572378,-0.49382266729006974,1.467786431312561,0.23397612571716309,1.49441659450531,0.23881320655345917,-0.16869311034679413,0.6422269940376282,1.567977786064148,0.09225603938102722
2.8560700876095115,6.414602190104807,-0.04431101054009712,-0.04431101054009712,-0.22536680933883835,1.4688113927841187,0.2120036631822586,1.4954626560211182,0.2430921047925949,-0.16587984561920166,0.6373984217643738,1.568381905555725,-0.0733487606048584
2.860450563204005,4.7411273257365325,-0.1189017126671087,-0.1189017126671087,1.144249999697829,1.4697400331497192,0.1976141333580017,1.4965275526046753,0.24221742153167725,-0.16308774054050446,0.6426858305931091,1.5680606365203857,-0.16066548228263855
2.864831038798498,6.385933703485364,1.4774267662832292,1.4774267662832292,0.2712751688236624,1.470605731010437,0.2178168147802353,1.4975886344909668,0.23044882714748383,-0.16027246415615082,0.6057977676391602,1.567356824874878,0.14069950580596924
2.8692115143929917,5.281535541506256,0.2382279909381328,0.2382279909381328,-1.2627786571513588,1.4715598821640015,0.21542568504810333,1.4985980987548828,0.22945213317871094,-0.15761877596378326,0.641021192073822,1.5679731369018555,0.19297510385513306
2.873591989987484,3.6235599116769373,-1.3186196574356288,-1.3186196574356288,-0.36978830879457997,1.4725035429000854,0.17870619893074036,1.4996031522750854,0.22110256552696228,-0.1548108011484146,0.6848553419113159,1.56881844997406,-0.17827248573303223
2.877972465581977,4.54602825349593,0.8045437931089272,0.8045437931089272,0.30507580189909766,1.4732863903045654,0.1652330458164215,1.5005717277526855,0.2019335925579071,-0.15181080996990204,0.6571464538574219,1.568037509918213,-0.294327974319458
2.8823529411764706,8.713799933229849,-2.1303250097372426,-2.1303250097372426,-0.4155984177654045,1.4740102291107178,0.16647683084011078,1.5014562606811523,0.18886131048202515,-0.14893218874931335,0.671732485294342,1.5667482614517212,-0.2250712811946869
2.8867334167709635,10.261130700262791,-0.10311114652590281,-0.10311114652590281,0.5906449005622249,1.4747394323349,0.14565056562423706,1.5022835731506348,0.20318858325481415,-0.14598968625068665,0.6216570138931274,1.5657624006271362,-0.3704593777656555
2.891113892365457,4.963254825953282,-0.010996155002565344,-0.010996155002565344,1.228356716675485,1.4753774404525757,0.1467171460390091,1.503173589706421,0.22780531644821167,-0.14326652884483337,0.6013971567153931,1.5641396045684814,-0.23952829837799072
2.89549436795995,5.979350356050823,0.6697806135296378,0.6697806135296378,0.07654620499840699,1.476020097732544,0.1694575399160385,1.5041714906692505,0.21769766509532928,-0.14063212275505066,0.5652041435241699,1.5630903244018555,0.08719244599342346
2.899874843554443,7.29129458981916,-0.4771408811916833,-0.4771408811916833,1.179714933224666,1.4767624139785767,0.16411106288433075,1.5051251649856567,0.21413728594779968,-0.13815626502037048,0.5825284719467163,1.5634722709655762,0.0899658203125
2.904255319148936,3.7390608122911098,-0.485249331116676,-0.485249331116676,0.48803547807158554,1.4774812459945679,0.18320173025131226,1.5060632228851318,0.219428151845932,-0.13560451567173004,0.5341430306434631,1.563866376876831,0.3966691493988037
2.908635794743429,3.6358179379479885,-2.990615816549136,-2.990615816549136,-0.5868811017853752,1.4782837629318237,0.19033010303974152,1.5070244073867798,0.2011338621377945,-0.1332647204399109,0.5057200193405151,1.5656039714813232,0.5215266346931458
2.913016270337922,4.607069407452229,-0.04094195108892859,-0.04094195108892859,0.42186031963007387,1.479117512702942,0.1724448949098587,1.5079054832458496,0.18197506666183472,-0.13104942440986633,0.4355233311653137,1.5678884983062744,0.3469739556312561
2.9173967459324155,7.392035769074261,-1.3241165185130659,-1.3241165185130659,-0.6707341893217806,1.4798729419708252,0.17716488242149353,1.5087026357650757,0.16939112544059753,-0.12914162874221802,0.42200803756713867,1.5694084167480469,0.4508231282234192
2.9217772215269084,6.590289599878859,-0.12218876406523735,-0.12218876406523735,-0.3032656744781773,1.4806489944458008,0.15325193107128143,1.5094445943832397,0.17512035369873047,-0.12729303538799286,0.4029271900653839,1.5713832378387451,0.24169601500034332
2.9261576971214014,4.854728998679034,0.22688369547498075,0.22688369547498075,0.0620527259955361,1.4813202619552612,0.13891884684562683,1.510211706161499,0.17564980685710907,-0.125528022646904,0.4082152247428894,1.5724419355392456,0.13742290437221527
2.930538172715895,6.269614959070279,2.0153910081055346,2.0153910081055346,0.6151008587129205,1.481928825378418,0.13511404395103455,1.5109810829162598,0.16473488509655,-0.12373984605073929,0.4130288064479828,1.573043942451477,0.1402967870235443
2.934918648310388,6.8957325091476145,-0.8659029010261174,-0.8659029010261174,0.7306740331281358,1.4825206995010376,0.14282721281051636,1.5117026567459106,0.16314557194709778,-0.12193058431148529,0.45392170548439026,1.5736584663391113,0.29337114095687866
2.939299123904881,5.729193664594688,0.616229450697382,0.616229450697382,0.5793372937732684,1.4831463098526,0.15267814695835114,1.5124173164367676,0.16566309332847595,-0.11994218826293945,0.4072965979576111,1.5749435424804688,0.47702401876449585
2.943679599499374,3.8507537900950424,1.024661270308871,1.024661270308871,-1.5530469386348804,1.48381507396698,0.1602955311536789,1.5131429433822632,0.16042304039001465,-0.11815803498029709,0.40837395191192627,1.5770331621170044,0.6219691038131714
2.948060075093867,7.602313920205232,1.3431456753929072,1.3431456753929072,0.6085318555611274,1.484517216682434,0.11993241310119629,1.513845682144165,0.14299777150154114,-0.11636916548013687,0.48365122079849243,1.5797576904296875,0.17765894532203674
2.9524405506883604,4.472223828711216,0.056478327116918414,0.056478327116918414,0.12725529079953943,1.4850425720214844,0.12644629180431366,1.5144721269607544,0.1501709222793579,-0.1142505407333374,0.5051043033599854,1.580535888671875,0.3250925838947296
2.9568210262828534,6.750846839580844,0.5263172643621337,0.5263172643621337,-0.28196872379692484,1.4855964183807373,0.1249447762966156,1.5151299238204956,0.13671976327896118,-0.11203794181346893,0.5030373930931091,1.5819599628448486,0.3476181924343109
2.9612015018773468,4.830538403555739,-0.11681370006132834,-0.11681370006132834,-0.6591920322026317,1.486143708229065,0.11167725920677185,1.5157288312911987,0.13845518231391907,-0.10983439534902573,0.5266419053077698,1.5834827423095703,0.249538853764534
2.96558197747184,5.873959744478813,-1.164507730516897,-1.164507730516897,-0.33928398231295276,1.4866329431533813,0.09154051542282104,1.516335368156433,0.1276349127292633,-0.10752744972705841,0.5424810647964478,1.584575891494751,0.051867350935935974
2.9699624530663327,6.987205790211522,0.7971176551760493,0.7971176551760493,-1.7630094111538823,1.4870339632034302,0.0779925286769867,1.5168944597244263,0.12366893887519836,-0.10515112429857254,0.5183818936347961,1.5848031044006348,-0.05941145867109299
2.974342928660826,9.022335647220922,1.1205709888980242,1.1205709888980242,0.1038332711859836,1.4873756170272827,0.03015756979584694,1.517436146736145,0.12755556404590607,-0.10288036614656448,0.5931457281112671,1.5845428705215454,-0.5705452561378479
2.978723404255319,7.35340347877941,0.9106566454231061,0.9106566454231061,-0.17240178554501578,1.487507700920105,0.02435300499200821,1.5179948806762695,0.14420467615127563,-0.10028210282325745,0.6228376626968384,1.5820436477661133,-0.5661947131156921
2.983103879849812,6.859755743415429,-1.2857560839312432,-1.2857560839312432,0.46195061556509953,1.487614393234253,0.013798300176858902,1.5186265707015991,0.14988534152507782,-0.09755377471446991,0.6544663906097412,1.5795634984970093,-0.6334558725357056
2.9874843554443054,3.6767235443356494,-0.6318547091448038,-0.6318547091448038,0.30015595139185336,1.4876748323440552,0.018741847947239876,1.5192831754684448,0.15213283896446228,-0.09468690305948257,0.6034278273582458,1.5767886638641357,-0.5216893553733826
2.9918648310387983,7.259656618175159,0.7702814623773548,0.7702814623773548,0.763043813757573,1.4877569675445557,0.022734003141522408,1.5199495553970337,0.1333896368741989,-0.09204360097646713,0.5762101411819458,1.5745034217834473,-0.4466434717178345
2.9962453066332912,5.942867776309601,-1.413786345558142,-1.413786345558142,1.2722746653091104,1.4878565073013306,0.03480834886431694,1.5205339193344116,0.13840731978416443,-0.08951952308416367,0.5764214992523193,1.5725469589233398,-0.25011366605758667
3.0006257822277846,5.312124969943148,1.5409356474800835,1.5409356474800835,0.8421564063599335,1.488008975982666,0.06002356857061386,1.521140217781067,0.13476628065109253,-0.08699452131986618,0.497979998588562,1.5714513063430786,0.09200179576873779
3.0050062578222776,5.476996788807236,-0.3588336400181957,-0.3588336400181957,-0.0736191549712174,1.488271951675415,0.0757732018828392,1.5217305421829224,0.1270088255405426,-0.08481313288211823,0.5183865427970886,1.5718543529510498,0.3159627318382263
3.009386733416771,5.5492345908967735,1.3091002039360204,1.3091002039360204,-0.2131740152976158,1.4886038303375244,0.07003369927406311,1.5222868919372559,0.12033313512802124,-0.08254235237836838,0.5100573897361755,1.5732383728027344,0.2844223082065582
3.013767209011264,5.733636587582062,0.759545516797095,0.759545516797095,0.5169265618677076,1.4889105558395386,0.06106363981962204,1.5228140354156494,0.11416225880384445,-0.08030805736780167,0.554512619972229,1.5744842290878296,0.21393269300460815
3.018147684605757,7.153733776261316,0.7856116452404203,0.7856116452404203,0.3000753756786783,1.4891780614852905,0.06916945427656174,1.523314118385315,0.10917903482913971,-0.07787902653217316,0.5615978837013245,1.5754213333129883,0.3468182682991028
3.0225281602002503,5.9344670536405735,0.5407963216254685,0.5407963216254685,-0.8362236794833215,1.4894810914993286,0.0713358223438263,1.5237923860549927,0.11361502856016159,-0.07541896402835846,0.5757770538330078,1.5769405364990234,0.41668546199798584
3.0269086357947432,7.4498144197744125,-1.8559959999711146,-1.8559959999711146,-0.30240640078040454,1.4897935390472412,0.04780750721693039,1.5242900848388672,0.11009988933801651,-0.07289678603410721,0.615990400314331,1.578765869140625,0.17214824259281158
3.0312891113892366,6.430006291753658,-2.2335483993796945,-2.2335483993796945,0.062015603721266764,1.490002989768982,0.03592246398329735,1.5247724056243896,0.11664606630802155,-0.07019845396280289,0.5706206560134888,1.5795199871063232,0.07370907068252563
3.0356695869837296,5.689139179789398,0.22253438620428087,0.22253438620428087,-0.5100099906453803,1.490160346031189,0.03337491303682327,1.5252833366394043,0.11636841297149658,-0.06769886612892151,0.5035828948020935,1.5798429250717163,0.07912233471870422
3.0400500625782225,7.2908512555500256,0.31081147260113584,0.31081147260113584,1.6643634704119419,1.4903064966201782,0.01800069585442543,1.5257930755615234,0.11129686236381531,-0.06549293547868729,0.5249755382537842,1.5801894664764404,-0.07333193719387054
3.044430538172716,8.567992505122842,-2.173667345273401,-2.173667345273401,-0.24692546726290837,1.4903852939605713,0.052756838500499725,1.5262806415557861,0.11639910936355591,-0.06319329142570496,0.4854475259780884,1.579868197441101,0.3780393600463867
3.048811013767209,6.021494177520146,0.962680244435132,0.962680244435132,-0.3573685575539952,1.4906164407730103,0.04214862734079361,1.5267904996871948,0.13036306202411652,-0.061066798865795135,0.4291805624961853,1.581524133682251,0.29467782378196716
3.053191489361702,5.409643236511293,-0.48502545012132164,-0.48502545012132164,0.10283104073417024,1.4908010959625244,0.030475657433271408,1.527361512184143,0.1274695247411728,-0.05918678268790245,0.46773016452789307,1.5828149318695068,0.18489158153533936
3.057571964956195,4.699862939834089,1.8161712386616538,1.8161712386616538,-0.14978707855993367,1.4909346103668213,0.02999713271856308,1.527919888496399,0.12041494995355606,-0.057137902826070786,0.45056289434432983,1.5836248397827148,0.20454852283000946
3.061952440550688,6.0349306808713665,-0.37005686032923074,-0.37005686032923074,0.2895872398491164,1.4910659790039062,0.02405264973640442,1.5284473896026611,0.10871756076812744,-0.05516422167420387,0.5079751014709473,1.5845208168029785,0.1550752818584442
3.066332916145181,3.779396240462703,-0.869075151413721,-0.869075151413721,-0.1682779374194821,1.4911713600158691,0.027805805206298828,1.5289236307144165,0.10576929897069931,-0.052939049899578094,0.488711416721344,1.5852000713348389,0.22609880566596985
3.0707133917396745,6.848446274182324,0.21266045973576145,0.21266045973576145,-0.6934374979436816,1.49129319190979,0.02202964574098587,1.5293869972229004,0.08796720206737518,-0.05079825967550278,0.4682459235191345,1.5861904621124268,0.17320889234542847
3.0750938673341675,4.68406798046583,-1.5816447656394697,-1.5816447656394697,-0.20959114611683077,1.4913897514343262,0.00257166288793087,1.5297722816467285,0.09078067541122437,-0.048747118562459946,0.4947068691253662,1.5869492292404175,-0.03079313039779663
3.079474342928661,4.429302020139286,-1.6943671958310136,-1.6943671958310136,-0.5268358299425018,1.491400957107544,-0.0044578202068805695,1.53016996383667,0.07904288172721863,-0.04658006876707077,0.4546385407447815,1.586814284324646,-0.09636364877223969
3.083854818523154,8.095023669115514,1.5771216841616815,1.5771216841616815,-0.35791540545978484,1.4913814067840576,-0.018722843378782272,1.530516266822815,0.06572854518890381,-0.04458853602409363,0.4205429255962372,1.5863921642303467,-0.2497813105583191
3.0882352941176467,7.10138583671873,1.2523028141378882,1.2523028141378882,0.10783908940619015,1.4912993907928467,-0.030471965670585632,1.53080415725708,0.07671599090099335,-0.04274635761976242,0.47705215215682983,1.5852980613708496,-0.3610081970691681
3.09261576971214,3.880334074494617,1.2005513162436847,1.2005513162436847,0.762273613022654,1.4911658763885498,-0.030765946954488754,1.5311402082443237,0.0809030756354332,-0.040656641125679016,0.5104741454124451,1.583716630935669,-0.34045732021331787
3.096996245306633,5.421003431471369,0.21457554858605463,0.21457554858605463,-1.1069056132745214,1.4910310506820679,-0.014361295849084854,1.5314946174621582,0.06347344070672989,-0.03842052072286606,0.523273229598999,1.5822253227233887,-0.13274554908275604
3.1013767209011265,6.73533110183914,-2.485378548994457,-2.485378548994457,0.8976903330505492,1.490968108177185,-0.042221251875162125,1.5317726135253906,0.05685945600271225,-0.03612833470106125,0.5618646740913391,1.58164381980896,-0.4477692246437073
3.1057571964956194,5.779965103420203,-0.7485008843265455,-0.7485008843265455,1.6060044279278316,1.4907832145690918,-0.023426057770848274,1.5320216417312622,0.05840129032731056,-0.033667098730802536,0.4630683362483978,1.5796823501586914,-0.2048351913690567
3.1101376720901124,9.45581049295396,1.2008354309957583,1.2008354309957583,-0.025212086233553893,1.4906805753707886,0.012433836236596107,1.5322774648666382,0.05354011803865433,-0.03163863718509674,0.39430931210517883,1.5787850618362427,0.23728270828723907
3.1145181476846058,4.4877596532517305,4.418977507746987,4.418977507746987,0.15671151181526327,1.4907350540161133,0.00911359116435051,1.5325119495391846,0.07347580790519714,-0.029911374673247337,0.4301137924194336,1.579824447631836,0.22147157788276672
3.1188986232790987,7.268830810400041,0.5857332823142702,0.5857332823142702,0.8083688668231136,1.4907749891281128,0.011548614129424095,1.5328338146209717,0.06031804159283638,-0.02802727185189724,0.5545854568481445,1.5807945728302002,0.26108038425445557
3.123279098873592,6.353713053717282,-0.9664956990847161,-0.9664956990847161,0.3039171829605833,1.4908255338668823,0.028593359515070915,1.5330979824066162,0.06550797075033188,-0.02559792436659336,0.5480837821960449,1.5819382667541504,0.4800407886505127
3.127659574468085,4.772195453200941,0.2384772625610821,0.2384772625610821,-0.0617991246875275,1.4909508228302002,0.03417278081178665,1.533384919166565,0.06466088443994522,-0.023197056725621223,0.5109837055206299,1.5840411186218262,0.5593269467353821
3.132040050062578,6.600222084054744,-1.4388308241866956,-1.4388308241866956,0.32356725314546203,1.491100549697876,0.03164360299706459,1.5336681604385376,0.053358159959316254,-0.020958704873919487,0.5197527408599854,1.5864912271499634,0.5380173921585083
3.136420525657071,6.785397474903547,0.8511730342523812,0.8511730342523812,-0.773052832163906,1.4912391901016235,0.03782745823264122,1.5339019298553467,0.05409732833504677,-0.01868193969130516,0.46828514337539673,1.5888479948043823,0.6225846409797668
3.1408010012515644,7.465764254643505,-0.6609110210285383,-0.6609110210285383,0.3035514769445201,1.4914048910140991,0.018374621868133545,1.5341389179229736,0.056482359766960144,-0.0166306272149086,0.5157176852226257,1.591575264930725,0.40115588903427124
3.1451814768460573,5.622289710076373,-1.2694432018308484,-1.2694432018308484,-0.2905725496447456,1.491485357284546,0.024109981954097748,1.534386396408081,0.06300891190767288,-0.014371538534760475,0.48755231499671936,1.5933325290679932,0.47926557064056396
3.1495619524405507,6.43737706671561,-0.16731364764894377,-0.16731364764894377,-0.05595464819639954,1.491590976715088,0.016353018581867218,1.5346623659133911,0.057539746165275574,-0.01223582774400711,0.4589661955833435,1.595431923866272,0.3933686316013336
3.153942428035044,4.413926006961341,-1.5814292483265597,-1.5814292483265597,-0.29031433789857136,1.491662621498108,0.014048922806978226,1.5349143743515015,0.0574062205851078,-0.010225336998701096,0.4557141661643982,1.5971550941467285,0.3722022473812103
3.1583229036295366,7.4577832093134,-0.5320068903847972,-0.5320068903847972,0.28359309380213443,1.4917241334915161,0.006627284921705723,1.535165786743164,0.04395359009504318,-0.008229091763496399,0.41800951957702637,1.5987855195999146,0.28745582699775696
3.16270337922403,6.2557438200915625,-1.64419885390589,-1.64419885390589,-0.005709671573704118,1.4917532205581665,0.012330317869782448,1.5353583097457886,0.05042629316449165,-0.00639801099896431,0.3941914141178131,1.6000447273254395,0.3602146506309509
3.167083854818523,7.396989407021705,0.34911390561086264,0.34911390561086264,-0.5811307834801783,1.491807222366333,0.011489739641547203,1.5355792045593262,0.049068085849285126,-0.004671264905482531,0.3463423252105713,1.6016225814819336,0.3533969521522522
3.1714643304130163,5.025397546513589,0.7310143699972803,0.7310143699972803,-0.16597871151026447,1.4918575286865234,-0.0028724586591124535,1.5357941389083862,0.05572852864861488,-0.003154120873659849,0.37350842356681824,1.60317063331604,0.1851789802312851
3.1758448060075093,5.866378995341374,1.0684386050576156,1.0684386050576156,-0.47598974691913515,1.491844892501831,-0.007217942271381617,1.5360382795333862,0.04633595049381256,-0.0015179762849584222,0.3997034728527069,1.603981852531433,0.13470721244812012
3.1802252816020022,5.511024836751337,0.7317249176139572,0.7317249176139572,1.1441048179619373,1.4918133020401,-0.018828120082616806,1.5362412929534912,0.04279421642422676,0.00023291504476219416,0.44480568170547485,1.6045719385147095,-0.0028068870306015015
3.184605757196496,6.743318820231703,1.893152927080601,1.893152927080601,-0.6744949399351002,1.491730809211731,0.007616467773914337,1.5364288091659546,0.03561682999134064,0.0021813753992319107,0.43276289105415344,1.6045596599578857,0.3119280934333801
3.1889862327909886,4.880675242013012,-1.1027617707657278,-1.1027617707657278,-0.008004461358841548,1.4917641878128052,-0.008505601435899734,1.5365848541259766,0.03804827854037285,0.004077082499861717,0.5077463388442993,1.6059260368347168,0.11883504688739777
3.193366708385481,6.03056380038334,-0.16757809638575835,-0.16757809638575835,-0.3726579999358702,1.4917268753051758,-0.008859103545546532,1.5367515087127686,0.027579333633184433,0.006301253102719784,0.47577595710754395,1.606446623802185,0.11305117607116699
3.197747183979975,7.436423752121378,-0.47723482623365104,-0.47723482623365104,-0.14146712075436757,1.4916880130767822,-0.017683353275060654,1.5368722677230835,0.02507212571799755,0.008385377936065197,0.48176494240760803,1.606941819190979,0.004977032542228699
3.202127659574468,4.3623147609485455,-0.970540898836103,-0.970540898836103,0.5104315483179114,1.4916105270385742,-0.020988041535019875,1.5369820594787598,0.03173861652612686,0.010495737195014954,0.4719594717025757,1.6069636344909668,-0.0393129326403141
3.206508135168961,8.782632621384078,-0.22431816988476555,-0.22431816988476555,-1.5359584382743927,1.4915186166763306,-0.008948164992034435,1.537121057510376,0.017380423843860626,0.012563144788146019,0.42871037125587463,1.606791377067566,0.10041122138500214
3.210888610763454,1.4381764187985135,-1.0187258152974095,-1.0187258152974095,1.1745893485487147,1.4914793968200684,-0.04459485039114952,1.537197232246399,0.0341779887676239,0.01444109994918108,0.4670144319534302,1.6072312593460083,-0.3327581286430359
3.215269086357947,8.608821695975479,0.8114340643183318,0.8114340643183318,-0.6284772941061463,1.4912840127944946,-0.017008936032652855,1.5373469591140747,-0.0002624504268169403,0.016486845910549164,0.40296268463134766,1.6057735681533813,-0.005931198596954346
3.219649561952441,10.487913398376719,1.139012325508936,1.139012325508936,-0.2192410373660321,1.4912095069885254,-0.031098488718271255,1.5373457670211792,0.014594504609704018,0.018252015113830566,0.4450126588344574,1.6057475805282593,-0.18493087589740753
3.224030037546933,5.572128343735949,-2.037968961486364,-2.037968961486364,-0.6625832817963698,1.4910732507705688,-0.035304754972457886,1.5374096632003784,0.04161018878221512,0.02020138129591942,0.4846779704093933,1.6049375534057617,-0.250177264213562
3.2284105131414265,5.156125672638556,0.21843858850353703,0.21843858850353703,-0.12173780220100888,1.4909186363220215,-0.0502295047044754,1.5375919342041016,0.03623753413558006,0.02232450060546398,0.44451233744621277,1.6038416624069214,-0.4367782473564148
3.23279098873592,5.8615323515562965,0.94604170629982,0.94604170629982,-0.4355815923784595,1.4906985759735107,-0.05242610350251198,1.5377507209777832,0.027609840035438538,0.024271676316857338,0.45444655418395996,1.6019283533096313,-0.4720239043235779
3.237171464330413,4.962897751312182,-0.7029537024191391,-0.7029537024191391,0.6547547898751679,1.490468978881836,-0.061764881014823914,1.5378717184066772,0.02388586662709713,0.026262369006872177,0.4947943389415741,1.599860668182373,-0.5944409370422363
3.241551939924906,6.176965285216616,-0.011550921728157457,-0.011550921728157457,0.551771452077366,1.4901983737945557,-0.045588988810777664,1.5379763841629028,0.013366103172302246,0.028429804369807243,0.4551449418067932,1.5972567796707153,-0.41216954588890076
3.245932415519399,2.0235347096640135,0.2315667394629206,0.2315667394629206,-0.0876890093994941,1.489998698234558,-0.03147004172205925,1.5380349159240723,0.011093362234532833,0.03042355552315712,0.43869414925575256,1.5954512357711792,-0.2580069899559021
3.250312891113892,5.852218165827164,4.188473828185838,4.188473828185838,-0.4035457099725039,1.4898608922958374,-0.03309248387813568,1.538083553314209,-0.018388547003269196,0.0323452427983284,0.448017418384552,1.5943210124969482,-0.2821880280971527
3.254693366708385,5.351093023485877,-3.789517729326915,-3.789517729326915,-0.6792067979209346,1.4897159337997437,-0.04118714854121208,1.5380029678344727,-0.022230885922908783,0.03430777043104172,0.5821189284324646,1.5930849313735962,-0.3935185968875885
3.2590738423028784,8.08151963779324,0.6352621604244362,0.6352621604244362,0.8980408570409706,1.4895355701446533,-0.05575492978096008,1.5379055738449097,-0.029305748641490936,0.0368577279150486,0.4912879765033722,1.591361165046692,-0.5814276933670044
3.2634543178973714,7.1548388606531415,-1.3573078437875423,-1.3573078437875423,-0.4084687237227292,1.4892913103103638,-0.03247211128473282,1.5377771854400635,-0.019076578319072723,0.03900980204343796,0.4836139976978302,1.5888142585754395,-0.3278970718383789
3.267834793491865,7.229002300290847,0.16597262878930485,0.16597262878930485,0.11556226328615152,1.4891490936279297,-0.03989143297076225,1.5376936197280884,-0.014326093718409538,0.041128262877464294,0.45590490102767944,1.587377905845642,-0.43829047679901123
3.2722152690863577,6.124175071687002,1.5624799570600787,1.5624799570600787,-0.569575287930081,1.4889743328094482,-0.03485626354813576,1.5376309156417847,-0.00933534000068903,0.04312534257769585,0.45737704634666443,1.5854580402374268,-0.40190404653549194
3.2765957446808507,6.11624504170705,2.0552165258809842,2.0552165258809842,0.5402491766889946,1.4888216257095337,-0.046104270964860916,1.5375900268554688,-0.011444272473454475,0.045128870755434036,0.5196398496627808,1.5836975574493408,-0.5566616058349609
3.280976220275344,6.121593839437048,1.052262675836357,1.052262675836357,1.479069237933944,1.4886196851730347,-0.03121952712535858,1.5375398397445679,-0.01402320247143507,0.04740513861179352,0.5638816952705383,1.5812591314315796,-0.40137845277786255
3.285356695869837,6.678290337105272,-0.6203790666487674,-0.6203790666487674,0.21143341721479691,1.48848295211792,0.005820445716381073,1.5374784469604492,-0.01671508513391018,0.049875207245349884,0.5514175891876221,1.5795009136199951,0.016401946544647217
3.2897371714643304,7.832127276182435,-0.05460068996813597,-0.05460068996813597,1.735996438339733,1.4885084629058838,0.013533668592572212,1.537405252456665,-0.015331681817770004,0.05229067802429199,0.5271260142326355,1.5795727968215942,0.08180862665176392
3.294117647058824,5.380839995056234,-0.5924123909027983,-0.5924123909027983,-0.09827208236252638,1.4885677099227905,0.057616136968135834,1.537338137626648,-0.0066003696992993355,0.054599739611148834,0.4748349189758301,1.5799311399459839,0.5739266872406006
3.2984981226533163,6.373482080908936,-1.0024769375334008,-1.0024769375334008,-0.32203541830202664,1.4888200759887695,0.05774842947721481,1.537309169769287,-0.013909198343753815,0.05667974054813385,0.4604044556617737,1.5824452638626099,0.552252471446991
3.3028785982478097,6.242249187650122,-0.8341375202819341,-0.8341375202819341,-1.39864935025742,1.4890730381011963,0.05316859483718872,1.5372482538223267,-0.01455081719905138,0.058696530759334564,0.4405333995819092,1.5848643779754639,0.4691680073738098
3.3072590738423027,6.369929384920151,-0.8599792043194129,-0.8599792043194129,-0.8370072382882631,1.4893059730529785,0.023375891149044037,1.537184476852417,-0.015666181221604347,0.06062627583742142,0.4570189416408539,1.5869195461273193,0.08564132452011108
3.311639549436796,1.8858423232731898,0.2698222822579292,0.2698222822579292,-0.021831599731260413,1.4894083738327026,0.006888369098305702,1.5371158123016357,-0.016005709767341614,0.06262823939323425,0.45634809136390686,1.5872946977615356,-0.1411403864622116
3.316020025031289,3.5718116037356316,-2.893722682358369,-2.893722682358369,-1.2679400747243132,1.489438533782959,0.007333662826567888,1.5370457172393799,-0.046449966728687286,0.0646272599697113,0.4648652970790863,1.5866764783859253,-0.1451905518770218
3.320400500625782,4.606207386539159,-0.7897221073321421,-0.7897221073321421,0.7289373859058534,1.4894706010818481,-0.02050185762345791,1.5368422269821167,-0.06523490697145462,0.06666359305381775,0.4173872768878937,1.5860404968261719,-0.49471306800842285
3.324780976220276,7.712479882062933,-0.29087501972464247,-0.29087501972464247,-0.7101647302395507,1.4893808364868164,-0.0009116176515817642,1.5365564823150635,-0.07796840369701385,0.06849195063114166,0.3730376064777374,1.5838733911514282,-0.28587907552719116
3.3291614518147683,7.304758890207998,-4.144916533071808,-4.144916533071808,0.44863300750323903,1.4893769025802612,-0.01319996640086174,1.5362149477005005,-0.06954071670770645,0.07012603431940079,0.3852821886539459,1.5826210975646973,-0.47391724586486816
3.3335419274092613,7.500103638546724,1.6624746787797802,1.6624746787797802,-0.0966970299479662,1.489319086074829,0.0015589995309710503,1.5359103679656982,-0.06421996653079987,0.07181375473737717,0.2511359751224518,1.5805450677871704,-0.3388270139694214
3.337922403003754,5.377666867750394,0.4924143879934276,0.4924143879934276,1.0084875851744575,1.4893258810043335,0.0037912093102931976,1.5356290340423584,-0.05742010474205017,0.07291384786367416,0.3025093674659729,1.5790607929229736,-0.3548906743526459
3.342302878598248,8.053160512600233,-1.499008983184219,-1.499008983184219,0.4867764095827627,1.489342451095581,0.030719002708792686,1.5353775024414062,-0.06493454426527023,0.07423898577690125,0.28743839263916016,1.577506184577942,-0.06550198793411255
3.3466833541927405,5.647584103199851,-1.6845609897162226,-1.6845609897162226,-0.4413744573550745,1.4894770383834839,0.04717446118593216,1.535093069076538,-0.05452803149819374,0.07549810409545898,0.2294471561908722,1.5772192478179932,0.08298596739768982
3.351063829787234,5.295162009507443,-0.7620615311716558,-0.7620615311716558,-0.48086701189960945,1.4896836280822754,0.04043348878622055,1.5348541736602783,-0.05995120108127594,0.0765031948685646,0.19314217567443848,1.5775827169418335,-0.030968114733695984
3.355444305381727,4.207377583175306,-0.3847513444093372,-0.3847513444093372,-0.2966232347480217,1.4898607730865479,0.032584089785814285,1.534591555595398,-0.06770431250333786,0.07734925299882889,0.18493039906024933,1.5774470567703247,-0.15642648935317993
3.3598247809762203,8.371021393185524,-2.7587762635827042,-2.7587762635827042,-0.08921209478411662,1.4900034666061401,0.028381794691085815,1.5342949628829956,-0.08271759748458862,0.07815933972597122,0.18235677480697632,1.5767618417739868,-0.2321825921535492
3.364205256570713,6.260737206692613,0.7441390733786266,0.7441390733786266,-0.4219016159068103,1.4901278018951416,0.03183136507868767,1.5339325666427612,-0.07014661282300949,0.07895814627408981,0.10439703613519669,1.5757447481155396,-0.24291002750396729
3.368585732165206,3.9681620966426703,-0.16256056868151003,-0.16256056868151003,-1.2458878580711974,1.490267276763916,0.026142336428165436,1.5336252450942993,-0.07154689729213715,0.0794154554605484,0.13844911754131317,1.5746806859970093,-0.34971943497657776
3.3729662077597,7.543465905080165,-1.9135868700687655,-1.9135868700687655,0.900555164670234,1.4903818368911743,-0.0003728307783603668,1.5333118438720703,-0.08811943233013153,0.0800219252705574,0.17008571326732635,1.5731487274169922,-0.6901532411575317
3.3773466833541925,5.373813241828332,-1.183002993995572,-1.183002993995572,0.11992210771457344,1.4903801679611206,0.02590087428689003,1.5329258441925049,-0.0812615156173706,0.08076698333024979,0.08790384232997894,1.5701255798339844,-0.4252890646457672
3.381727158948686,6.718659065690139,0.45223014416176577,0.45223014416176577,-0.6880136977813684,1.490493655204773,0.03245897963643074,1.5325698852539062,-0.08863987028598785,0.08115204423666,0.049854300916194916,1.5682625770568848,-0.3815995752811432
3.386107634543179,7.705428736429132,0.3089921615831124,0.3089921615831124,0.3156570873522997,1.490635871887207,0.02106570079922676,1.5321816205978394,-0.08712335675954819,0.08137042820453644,0.08315303921699524,1.5665910243988037,-0.5603094696998596
3.390488110137672,4.947061731456324,-1.7761744021732724,-1.7761744021732724,0.0509171332047149,1.4907281398773193,0.03393111377954483,1.5318000316619873,-0.0790475383400917,0.08173467963933945,0.0829584002494812,1.5641366243362427,-0.45684343576431274
3.394868585732165,5.490230424764734,-0.27490752159706855,-0.27490752159706855,0.5835439784057623,1.4908767938613892,0.038674045354127884,1.5314537286758423,-0.08925924450159073,0.08209807425737381,0.029601536691188812,1.5621354579925537,-0.432407945394516
3.399249061326658,5.6634714857347355,0.29348555113169916,0.29348555113169916,-0.13207378193636685,1.4910461902618408,0.056328482925891876,1.5310627222061157,-0.09574682265520096,0.08222774416208267,0.004532031714916229,1.5602413415908813,-0.2580071687698364
3.403629536921151,6.808316240768645,-0.9567370932439907,-0.9567370932439907,-0.11205132169972162,1.491292953491211,0.05736367776989937,1.530643343925476,-0.1011897623538971,0.08224759995937347,0.016959713771939278,1.5591111183166504,-0.28254157304763794
3.4080100125156445,7.106211627362737,0.44360589530561695,0.44360589530561695,0.3559074189816924,1.491544246673584,0.059719398617744446,1.5302001237869263,-0.09903610497713089,0.0823218896985054,-0.0077077895402908325,1.5578734874725342,-0.29882338643074036
3.412390488110137,8.89905671229749,-3.299210508118364,-3.299210508118364,0.5065959050458384,1.4918057918548584,0.0732819214463234,1.529766321182251,-0.09476877003908157,0.08228812366724014,-0.0051467157900333405,1.556564450263977,-0.18372896313667297
3.4167709637046304,5.04919653134092,1.0292688273470445,1.0292688273470445,0.4733182068995985,1.4921268224716187,0.09171296656131744,1.5293512344360352,-0.07851779460906982,0.08226557821035385,-0.11628833413124084,1.5557596683502197,-0.022349774837493896
3.421151439299124,7.432921413584923,0.4541815331462612,0.4541815331462612,0.1301044383393336,1.4925285577774048,0.10653345286846161,1.5290073156356812,-0.0878089889883995,0.08175618201494217,-0.10005281120538712,1.5556617975234985,0.12114544212818146
3.4255319148936167,4.210908771145627,-0.8805274260187513,-0.8805274260187513,0.4032072222528468,1.492995262145996,0.11503976583480835,1.5286226272583008,-0.08140168339014053,0.08131790161132812,-0.09058873355388641,1.5561925172805786,0.17428182065486908
3.42991239048811,9.314584572590109,1.1350394402715795,1.1350394402715795,-0.012116479982194476,1.4934991598129272,0.1275605708360672,1.5282660722732544,-0.09629525244235992,0.08092107623815536,-0.12807784974575043,1.5569559335708618,0.29618018865585327
3.434292866082603,6.364365812013828,3.866447382870451,3.866447382870451,0.7949253795676626,1.4940578937530518,0.13402533531188965,1.5278443098068237,-0.0774732381105423,0.0803600326180458,-0.09457726031541824,1.558253288269043,0.31345781683921814
3.438673341677096,12.072703400058195,0.5831904054729419,0.5831904054729419,0.6190110785554583,1.4946449995040894,0.15721957385540009,1.5275049209594727,-0.07800110429525375,0.07994573563337326,-0.004879079759120941,1.5596263408660889,0.5489838123321533
3.443053817271589,7.6998818149593795,0.39880193590273916,0.39880193590273916,-0.13205150891283166,1.4953336715698242,0.1803102195262909,1.5271632671356201,-0.040783897042274475,0.07992435991764069,-0.005925157107412815,1.5620311498641968,0.7473590970039368
3.4474342928660824,7.976216087672451,-2.060388759371274,-2.060388759371274,-0.3393298100437503,1.4961235523223877,0.18265306949615479,1.5269845724105835,-0.03288086876273155,0.079898402094841,0.00957744661718607,1.5653049945831299,0.7265173196792603
3.451814768460576,6.400697191592354,-1.8529271343473248,-1.8529271343473248,-1.037869822973423,1.4969236850738525,0.18027915060520172,1.5268405675888062,-0.023153632879257202,0.07994035631418228,-0.04068293422460556,1.568487524986267,0.6478291153907776
3.4561952440550687,7.698698014757536,-0.9625716872019958,-0.9625716872019958,-1.3387384684449546,1.4977134466171265,0.16039282083511353,1.5267391204833984,-0.023859364911913872,0.07976214587688446,-0.06448519229888916,1.5713253021240234,0.370714008808136
3.4605757196495617,7.072726197729409,0.048268966361201565,0.048268966361201565,0.09339733270790679,1.4984160661697388,0.13429978489875793,1.5266345739364624,-0.015777189284563065,0.07947967201471329,-0.05349992960691452,1.5729491710662842,0.011649906635284424
3.464956195244055,4.856550638271959,1.106468897354558,1.106468897354558,0.7191492272202619,1.4990043640136719,0.14130336046218872,1.526565432548523,-0.011820412240922451,0.07924531400203705,-0.05481782183051109,1.573000192642212,0.05050203204154968
3.469336670838548,5.327605269331514,-0.961146470600111,-0.961146470600111,-0.7017341461964177,1.4996232986450195,0.1614542156457901,1.526513695716858,-0.022602740675210953,0.07900518923997879,-0.04350686073303223,1.5732214450836182,0.25981825590133667
3.473717146433041,7.998763853664179,-0.35321978830546386,-0.35321978830546386,0.0136169416098268,1.5003305673599243,0.1486092060804367,1.5264146327972412,-0.030205510556697845,0.07881461083889008,-0.05108252167701721,1.5743595361709595,0.073672354221344
3.4780976220275344,7.337280632565683,-2.088321455950348,-2.088321455950348,-0.396903207083477,1.5009815692901611,0.1543053835630417,1.5262823104858398,-0.020100798457860947,0.07859084755182266,-0.06179531663656235,1.5746822357177734,0.09156409651041031
3.4824780976220278,5.682435348577842,-0.663434469619298,-0.663434469619298,0.17830109913487868,1.501657485961914,0.14991652965545654,1.5261942148208618,-0.014348994940519333,0.07832015305757523,-0.11119009554386139,1.5750833749771118,-0.006288863718509674
3.4868585732165203,5.391168207010297,0.05648122772948458,0.05648122772948458,0.5633380158709657,1.5023142099380493,0.15788313746452332,1.5261313915252686,-0.01962946727871895,0.07783308625221252,-0.13577143847942352,1.5750558376312256,0.05328651890158653
3.4912390488110137,7.757038504529081,0.0277035489829381,0.0277035489829381,-0.3137884637885261,1.503005862236023,0.17465759813785553,1.5260454416275024,-0.02688080258667469,0.07723834365606308,-0.150573268532753,1.575289249420166,0.21967776119709015
3.4956195244055066,7.067910874992991,-2.48456812900341,-2.48456812900341,-0.22703965164311676,1.5037709474563599,0.17239831387996674,1.5259276628494263,-0.018356338143348694,0.07657875865697861,-0.14060062170028687,1.57625150680542,0.14538273215293884
