t,u1,u3,tau,theta,theta_dot,theta_ddot,x_g,z_g
0.0,6.454953717162184,-0.3028568473847757,-0.5097802558126068,1.1281905784771284e-05,0.005333883259532437,1.379489389518874,-1.6711075827249626,1.8802929498359322
0.0043804755944931,6.454860749853855,-0.20210001750596945,-0.5097927010913433,5.1104378039305396e-05,0.012848028052705853,2.051284557235826,-1.671107582225777,1.8802929498983925
0.0087609511889862,6.45469089879459,-0.11616048880731161,-0.5098153601556761,0.0001238441930048096,0.02330542119818604,2.6243658089890967,-1.6711075747693547,1.8802929508212032
0.0131414267834793,6.454383871903884,-0.09718985010041847,-0.5098560818821388,0.00025528637417749885,0.03584061144195024,2.751108211878136,-1.671107542608045,1.8802929547527314
0.0175219023779724,6.453957291555313,-0.11728954113530238,-0.5099122393384605,0.0004378478550595728,0.04740808304690104,2.617484654687721,-1.671107456434725,1.8802929651517506
0.0219023779724655,6.4534132426292175,-0.12426231622075301,-0.5099833129184284,0.0006706338354077734,0.058772654045544284,2.5714733113178356,-1.671107275614026,1.880292986684762
0.0262828535669586,6.452753844000463,-0.13115923913340788,-0.5100687930860291,0.0009527614167512278,0.06993700072336805,2.526063693017475,-1.6711069484115677,1.88029302512496
0.0306633291614518,6.45198124584302,-0.1379825833544316,-0.5101681801971755,0.0012833592475460726,0.08090371891566217,2.4812373122849594,-1.671106412221214,1.880293087252823
0.0350438047559449,6.451097626961702,-0.1447346299464502,-0.5102809843134675,0.0016615671732402503,0.09167532294756334,2.436975695780115,-1.671105593790373,1.8802931807583347
0.039424280350438,6.450105192245904,-0.1514175880175665,-0.5104067250064288,0.0020865358721295323,0.10225424681663949,2.3932609132590823,-1.6711044094433718,1.8802933141448408
0.0438047559449311,6.449006170184942,-0.15803363625175038,-0.5105449311652194,0.002557426515784861,0.11264284776739074,2.3500752994231267,-1.6711027653029342,1.880293496634526
0.0481852315394242,6.447802810531728,-0.16458496128524908,-0.5106951407992631,0.003073410436211929,0.12284340503554415,2.307401196760094,-1.6711005575097906,1.880293738075524
0.0525657071339173,6.446497382058074,-0.1710736653661396,-0.510856900838411,0.0036336687752699867,0.13285812117302265,2.2652215698151426,-1.6710976724404523,1.880294048850654
0.0569461827284105,6.445092170241579,-0.17750179476687744,-0.5110297669284768,0.004237392163457773,0.1426891261715206,2.2235198144106625,-1.6710939869231822,1.8802944397877885
0.0613266583229036,6.443589475212268,-0.18387140174465294,-0.5112133032312586,0.004883780405424712,0.15233847711409143,2.1822793432440375,-1.6710893684521986,1.8802949220718472
0.0657071339173967,6.441991609727416,-0.19018447487462564,-0.5114070822201795,0.005572042155714179,0.1618081586738997,2.141484048970359,-1.6710836754001426,1.880295507158427
0.0700876095118898,6.44030089710222,-0.19644290953802862,-0.511610684469588,0.006301394608655855,0.17110008681916986,2.1011184995437295,-1.6710767572288412,1.8802962066890636
0.0744680851063829,6.438519669327014,-0.2026485812010716,-0.5118236984570446,0.007071063206543488,0.18021611102169527,2.061167448373153,-1.6710684546984076,1.8802970324081234
0.078848560700876,6.436650265267983,-0.20880332618743114,-0.512045720357085,0.007880281348877641,0.18915801367416776,2.0216159611310256,-1.6710586000747023,1.8802979960813315
0.0832290362953692,6.434695028848332,-0.21490887760431515,-0.5122763538349207,0.008728290095446541,0.19792751341030657,1.9824498415373701,-1.6710470173351928,1.8802991094159383
0.0876095118898623,6.432656307252574,-0.22096693477646379,-0.5125152098428007,0.009614337904663268,0.20652626824782166,1.9436551671089133,-1.671033522373246,1.8803003839825165
0.0919899874843554,6.4305364493038635,-0.22697915803164154,-0.5127619064177487,0.010537680364147832,0.21495587484153625,1.9052183225740476,-1.6710179232008748,1.8803018311383968
0.0963704630788485,6.42833780389733,-0.23294710318790163,-0.5130160684868242,0.0114975799225345,0.2232178719263706,1.8671264353261507,-1.6710000201499797,1.8803034619527328
0.1007509386733416,6.426062718363624,-0.23887227218458446,-0.5132773276636792,0.01249330565024489,0.23131374338028607,1.8293670365272983,-1.670979606072104,1.8803052871332067
0.1051314142678347,6.423713536932132,-0.2447561248077163,-0.5135453220496748,0.013524132998095366,0.23924491869398123,1.791927981613057,-1.6709564665367342,1.8803073169543625
0.1095118898623279,6.421292599326811,-0.2506000443926599,-0.5138196960452324,0.014589343562179098,0.24701277534491387,1.7547976776838163,-1.67093038002817,1.8803095611875675
0.113892365456821,6.4188022393060225,-0.25640534853950836,-0.5141001001566551,0.01568822486330354,0.254618641257542,1.717965010780978,-1.670901118140982,1.8803120290326012
0.1182728410513141,6.4162447832768015,-0.2621732846341517,-0.5143861908034119,0.016820070133403343,0.26206379653606426,1.6814193744617345,-1.670868445774086,1.8803147290508675
0.1226533166458072,6.413622548986579,-0.26790502223332224,-0.5146776301363846,0.01798417811015618,0.2693494761790463,1.6451507193537491,-1.6708321213234485,1.880317669100223
0.1270337922403003,6.410937844236521,-0.2736016940962639,-0.5149740858580136,0.01917985284718981,0.27647687224707274,1.609149278411665,-1.6707918968734374,1.8803208562714153
0.1314142678347934,6.408192965569258,-0.27926435925985194,-0.515275231035694,0.0204064035276928,0.28344713416545925,1.573405811838947,-1.6707475183868437,1.8803242968261333
0.1357947434292866,6.405390197089161,-0.28489396874252565,-0.5155807439283675,0.021663144277241534,0.2902613730402306,1.537911834572279,-1.6706987258935704,1.8803279961366508
0.1401752190237797,6.402531809338314,-0.2904914553437837,-0.5158903078188479,0.02294939401525203,0.29692066395862765,1.5026590165004283,-1.670645253678019,1.8803319586270602
0.1445556946182728,6.3996200580641665,-0.296057680060288,-0.5162036108428786,0.02426447628796992,0.30342604504184567,1.4676395385506043,-1.6705868304651663,1.8803361877160918
0.1489361702127659,6.39665718317574,-0.30159340046228955,-0.5165203458222904,0.025607719111576097,0.3097785228700389,1.432846302400006,-1.6705231796053417,1.8803406857615033
0.153316645807259,6.3936454076724605,-0.30709935535544985,-0.5168402101080183,0.026978454852759324,0.31597907337412673,1.398272365017123,-1.670454019257718,1.8803454540060278
0.1576971214017521,6.390586936572797,-0.3125761779068875,-0.51716290542337,0.02837602007959936,0.3220286423004367,1.3639115167765494,-1.6703790625725037,1.880350492524875
0.1620775969962453,6.387483955971305,-0.31802442948118104,-0.5174881377123309,0.0297997554462109,0.3279281511753367,1.3297580548743329,-1.6702980178718443,1.880355800174766
0.1664580725907384,6.384338632029754,-0.32344468152717987,-0.5178156169935356,0.031249005595917253,0.3336784957784797,1.2958062364423717,-1.670210588829435,1.8803613745444914
0.1708385481852315,6.3811531100498335,-0.3288373837802108,-0.5181450572133124,0.03272311903246142,0.3392805473167903,1.262051156220677,-1.6701164746488204,1.8803672119069808
0.1752190237797246,6.377929513589166,-0.3342028871967605,-0.5184761761119311,0.03422144803350819,0.3447351585931712,1.2284885927678042,-1.6700153702404004,1.8803733071728599
0.1795994993742177,6.37466994357695,-0.33954153477969307,-0.518808695089854,0.03574334857589408,0.3500431638253101,1.19511440206774,-1.6699069663971144,1.8803796538454907
0.1839799749687108,6.3713764774806,-0.34485361063039166,-0.5191423390754584,0.03728818024751683,0.35520537950520503,1.1619248563004447,-1.669790949968796,1.880386243977465
0.188360450563204,6.368051168483,-0.3501393247835133,-0.5194768364023274,0.0388553061801416,0.3602226071864572,1.1289167441254275,-1.6696670040351937,1.8803930681285466
0.1927409261576971,6.364696044721834,-0.3553988189076277,-0.5198119186921036,0.04044409298568791,0.3650956352211776,1.0960873318965065,-1.6695348080776269,1.8804001153250258
0.1971214017521902,6.361313108536906,-0.36063217486974175,-0.5201473207356881,0.042053910704269434,0.36982524120834304,1.0634343057729758,-1.6693940381492756,1.880407373020487
0.2015018773466833,6.357904335780359,-0.36583943314432377,-0.5204827803878544,0.04368413276191584,0.3744121932235368,1.0309556482902047,-1.669244367044077,1.8804148270579526
0.2058823529411764,6.3544716750994485,-0.37102058009765715,-0.5208180384623758,0.04533413592940348,0.37885725118708685,0.9986497224314579,-1.6690854644642066,1.8804224616333858
0.2102628285356695,6.3510170472367165,-0.37617553706692064,-0.5211528386252184,0.04700330029195731,0.38316116882319784,0.9665153437219851,-1.6689169971861235,1.8804302592605415
0.2146433041301627,6.347542344506309,-0.3813041652125719,-0.5214869273076381,0.04869100922520043,0.38732469566991773,0.9345517473004417,-1.6687386292251591,1.88043820073712
0.2190237797246558,6.34404943012718,-0.38640628216369327,-0.5218200536127392,0.05039664938255038,0.391348578746771,0.9027584763269728,-1.668550021998617,1.8804462651122251
0.2234042553191489,6.340540137681841,-0.39148166501891185,-0.5221519692306493,0.05211961068570362,0.3952335635809327,0.8711353614115832,-1.6683508344873603,1.8804544296550805
0.227784730913642,6.337016270570616,-0.3965300383979251,-0.5224824283586318,0.05385928632105714,0.3989803957032039,0.8396825997380444,-1.6681407233958583,1.8804626698249973
0.2321652065081351,6.333479601470114,-0.4015510720795095,-0.5228111876241451,0.05561507274329688,0.40258982235856616,0.8084007702975707,-1.6679193433106603,1.8804709592425592
0.2365456821026282,6.329931871947599,-0.40654439275687704,-0.5231380060180238,0.05738636968676327,0.4060625941441766,0.7772907550743121,-1.6676863468572636,1.8804792696619916
0.2409261576971214,6.326374791954931,-0.4115095849910041,-0.5234626448262034,0.059172580183464746,0.4093994660292427,0.7463537322346623,-1.667441384855353,1.8804875709447124
0.2453066332916145,6.322810039362573,-0.416446192130505,-0.5237848675697434,0.06097311058333174,0.4126011989213948,0.7155911695949227,-1.667184106472363,1.8804958310340083
0.2496871088861076,6.31923925964794,-0.4213537220009138,-0.5241044399494763,0.06278737058592467,0.41566856063949886,0.6850047863237502,-1.6669141593753403,1.8805040159308328
0.2540675844806007,6.315664065552798,-0.4262316322411782,-0.5244211297952813,0.06461477326925394,0.4186023271503012,0.6545966503606875,-1.666631189881067,1.880512089670687
0.2584480600750938,6.312086036670804,-0.4310793526101892,-0.5247347070203128,0.0664547351323428,0.4214032843809064,0.624369029400824,-1.6663348431044094,1.8805200143015592
0.2628285356695869,6.308506719210725,-0.4358962913517586,-0.525044943580579,0.06830667613984856,0.42407222815353623,0.5943243481921358,-1.666024763104853,1.880527749862894
0.2672090112640801,6.30492762573386,-0.4406817952363802,-0.5253516134359131,0.07017001976410835,0.42660996563384374,0.5644654546635527,-1.6657005930311874,1.8805352543655673
0.2715894868585732,6.301350234874954,-0.4454351908627595,-0.5256544925203878,0.07204419304245635,0.42901731758535844,0.5347953443841882,-1.6653619752643078,1.8805424837728326
0.2759699624530663,6.29777599118975,-0.45015580288595924,-0.5259533587164182,0.07392862663897157,0.43129511740859183,0.5053170388697266,-1.665008551558087,1.8805493919822154
0.2803504380475594,6.294206304923699,-0.4548428850994896,-0.5262479918283435,0.07582275489342762,0.4334442123315856,0.4760340448590257,-1.664639963178286,1.8805559308083295
0.2847309136420525,6.290642551873975,-0.45949568485238523,-0.5265381735662512,0.07772601589343943,0.43546546646524326,0.4469499247591065,-1.664255851039459,1.880562049966582
0.2891113892365456,6.287086073349023,-0.46411346794581115,-0.5268236875357183,0.07963785155016734,0.43735975824054607,0.4180681305993808,-1.6638558558398215,1.8805676970577385
0.2934918648310388,6.28353817598319,-0.4686954115728365,-0.5271043192266599,0.0815577076480677,0.4391279820043005,0.3893927176921561,-1.6634396181940292,1.8805728175533334
0.2978723404255319,6.280000131720725,-0.4732406847807049,-0.5273798560050686,0.0834850339345193,0.4407710517047183,0.36092780816242476,-1.6630067787638478,1.880577354781881
0.302252816020025,6.276473177798688,-0.47774851023370213,-0.527650087117525,0.0854192842018873,0.44228989779245015,0.33267717922548595,-1.6625569783866567,1.8805812499158736
0.3066332916145181,6.272958516750718,-0.4822180383813002,-0.5279148036972414,0.08735991634998636,0.443685467299278,0.30464510210627516,-1.6620898582017598,1.8805844419595317
0.3110137672090112,6.269457316419738,-0.4866483726497641,-0.5281737987634607,0.08930639246886012,0.44495872808942294,0.2768361740913107,-1.6616050597744585,1.8805868677372888
0.3153942428035043,6.265970710000006,-0.49103868312292825,-0.5284268672399555,0.09125817893848125,0.4461106674561958,0.24925456078018152,-1.661102225217859,1.880588461882975
0.3197747183979975,6.262499796240927,-0.49538810669057054,-0.5286738059776955,0.09321474649916908,0.44714228975125747,0.2219046619141668,-1.6605809973123653,1.8805891568296824
0.3241551939924906,6.259045639442058,-0.49969573183567034,-0.5289144137624446,0.09517557033065652,0.4480546208113784,0.19479121284516196,-1.6600410196228226,1.8805888828002855
0.3285356695869837,6.255609269586743,-0.5039607115489639,-0.5291484913405788,0.09714013016119376,0.4488487064530523,0.1679185319440993,-1.6594819366132905,1.880587567798596
0.3329161451814768,6.2521916827016,-0.5081821571821938,-0.5293758414620681,0.0991079103333586,0.44952561034085076,0.1412912285324952,-1.65890339375939,1.880585137601114
0.3372966207759699,6.2487938408953525,-0.5123591501376209,-0.5295962688969836,0.10107839989469414,0.45008641867316135,0.11491412506241812,-1.6583050376582045,1.8805815157493802
0.341677096370463,6.24541667258948,-0.5164908544685591,-0.5298095804716896,0.103051092704405,0.4505322373422046,0.08879150668753609,-1.657686516135696,1.8805766235428851
0.3460575719649562,6.242061072910561,-0.5205763891800483,-0.5300155851199306,0.1050254874990925,0.4508641900831369,0.06292797293254887,-1.6570474783516094,1.880570380032518
0.3504380475594493,6.238727903838012,-0.5246148420365955,-0.5302140939114894,0.10700108798339987,0.45108342307851496,0.03732834583262655,-1.6563875749018186,1.8805627020145514
0.3548185231539424,6.235417994630025,-0.5286053852812675,-0.5304049201072181,0.10897740293591648,0.45119110229565385,0.011996898839669931,-1.6557064579181162,1.8805535040251204
0.3591989987484355,6.232132142106889,-0.5325471743775007,-0.530587879206446,0.11095394627660081,0.4511884113519463,-0.013061967807030847,-1.6550037811653802,1.880542698335197
0.3635794743429286,6.2288711109835,-0.5364393467553457,-0.5307627889947477,0.11293023715395376,0.4510765547521316,-0.03784371840398662,-1.6542792001361133,1.8805301949460345
0.3679599499374217,6.225635634366565,-0.5402810834538294,-0.530929469606564,0.114905800040761,0.4508567558428974,-0.062344092315102906,-1.6535323721423345,1.8805159015850643
0.3723404255319149,6.222426414086106,-0.544071573787237,-0.5310877435798084,0.11688016480343345,0.4505302564510134,-0.08655886804952435,-1.6527629564047737,1.8804997237022407
0.376720901126408,6.219244121150799,-0.547810037468474,-0.5312374359177948,0.11885286679451453,0.4500983168953566,-0.11048401033786102,-1.6519706141393737,1.880481564466809
0.3811013767209011,6.216089396235759,-0.5514956967003396,-0.5313783741550046,0.12082344692213126,0.44956221434834087,-0.13411548363556697,-1.651155008641057,1.8804613247644908
0.3854818523153942,6.212962850140721,-0.5551277746660509,-0.5315103884204877,0.12279145172818322,0.4489232444772382,-0.15744924163708812,-1.650315805364755,1.8804389031950781
0.3898623279098873,6.209865064321763,-0.5587055562406338,-0.5316333115125546,0.12475643347213963,0.4481827198950666,-0.18048163152052818,-1.6494526720036702,1.8804141960704206
0.3942428035043804,6.206796591410205,-0.5622283617902076,-0.5317469789718774,0.12671795019567206,0.4473419682650571,-0.20320921878886822,-1.6485652785647584,1.880387097412796
0.3986232790988736,6.20375795573397,-0.5656954983965942,-0.531851229146809,0.1286755657898521,0.4464023322803954,-0.22562846166523445,-1.647653297441421,1.8803574989536747
0.4030037546933667,6.20074965394219,-0.5691062871863067,-0.5319459032786135,0.13062885005957273,0.4453651706268596,-0.2477358927179554,-1.6467164034833879,1.8803252901328433
0.4073842302878598,6.197772155582565,-0.5724601212310458,-0.532030845583257,0.13257737879923534,0.4442318563733279,-0.26952850431859227,-1.6457542740637892,1.8802903580979056
0.4117647058823529,6.194825903626825,-0.5757564227814567,-0.5321059033220331,0.13452073384305463,0.44300377454569007,-0.2910034630628233,-1.6447665891433996,1.8802525877041556
0.416145181476846,6.191911315147716,-0.5789946110074589,-0.5321709268912856,0.136458503119442,0.44168232302517335,-0.3121578941078212,-1.6437530313320547,1.880211861514807
0.4205256570713391,6.189028782035218,-0.5821741660854408,-0.532225769911401,0.1383902807092174,0.4402689120251102,-0.33298930782693165,-1.6427132859472326,1.8801680598015906
0.4249061326658322,6.186178671514942,-0.5852946117871817,-0.5322702893055863,0.14031566689547784,0.43876496123215636,-0.35349548321063573,-1.641647041069796,1.8801210605457195
0.4292866082603254,6.183361326880102,-0.5883554603194746,-0.532304345392976,0.14223426819663204,0.43717190030805086,-0.37367409950999064,-1.6405539875969066,1.8800707394392224
0.4336670838548185,6.180577068182962,-0.5913562855771957,-0.5323278019771995,0.14414569742076322,0.4354911692724124,-0.3935232239999745,-1.6394338192920952,1.8800169698866427
0.4380475594493116,6.177826192840484,-0.5942967194750783,-0.532340526433951,0.14604957370201363,0.4337242147088094,-0.41304128694084885,-1.6382862328325123,1.8799596230071218
0.4424280350438047,6.175108976482464,-0.5971764097351455,-0.5323423898148675,0.14794552252161097,0.431872490385929,-0.43222679946851994,-1.63711092785335,1.879898567636856
0.4468085106382978,6.172425673574032,-0.5999950689836112,-0.5323332669329641,0.14983317574985616,0.42993745593470883,-0.45107868033764753,-1.6359076069894565,1.8798336703319471
0.4511889862327909,6.1697765180629,-0.602752410091672,-0.532313036451195,0.1517121716554599,0.4279205745835895,-0.46959582426984686,-1.6346759759141423,1.8797647953716574
0.4555694618272841,6.167161724268848,-0.6054481685775714,-0.5322815809924933,0.1535821549276442,0.4258233156465277,-0.4877772505671871,-1.6334157433752072,1.8796918047620557
0.4599499374217772,6.164581487503179,-0.6080822022968285,-0.5322387872264641,0.1554427767074324,0.423647150943746,-0.505622767135763,-1.632126621228193,1.8796145582401012
0.4643304130162703,6.162035984851206,-0.6106543924816625,-0.5321845459700475,0.1572936945782401,0.4213935514633403,-0.5231323100774337,-1.6308083244668803,1.8795329132781435
0.4687108886107634,6.159525375952027,-0.6131645899383564,-0.5321187522868192,0.15913457256799265,0.41906398958990765,-0.5403055843435821,-1.6294605712510615,1.8794467250888744
0.4730913642052565,6.157049803627897,-0.6156127242898726,-0.5320413055770128,0.16096508115928393,0.41665993889232766,-0.5571427914190652,-1.6280830829315978,1.8793558466307403
0.4774718397997496,6.15460939473639,-0.6179988204737562,-0.5319521096849494,0.16278489728951562,0.4141828699824355,-0.573644738592045,-1.6266755840728073,1.879260128613817
0.4818523153942428,6.152204260938244,-0.6203228933616276,-0.5318510729962936,0.16459370432486203,0.41163424936086557,-0.5898121357688928,-1.6252378024721859,1.879159419506191
0.4862327909887359,6.149834499380959,-0.6225849943050767,-0.5317381085336258,0.16639119205031486,0.409015541419914,-0.6056459051430066,-1.623769469177517,1.8790535655408318
0.490613266583229,6.1475001934676925,-0.6247852613302306,-0.5316131340538053,0.16817705666113933,0.40632820457621643,-0.6211475151761685,-1.6222703185013885,1.8789424107230066
0.4949937421777221,6.145201413618509,-0.6269238310133399,-0.5314760721493499,0.16995100071905245,0.4035736903572406,-0.6363183924266005,-1.620740088033159,1.8788257968382263
0.4993742177722152,6.1429382180120395,-0.629000910473951,-0.5313268503474279,0.17171273313570437,0.4007534446830416,-0.6511604008434875,-1.6191785186484082,1.8787035634607647
0.5037546933667083,6.140710653312433,-0.6310167850979977,-0.5311654012036198,0.1734619691400683,0.3978689027482812,-0.6656758926291864,-1.617585354515918,1.8785755479627584
0.5081351689612015,6.138518755440073,-0.6329716969804753,-0.530991662401563,0.17519843021706374,0.3949214898670263,-0.6798668971927486,-1.6159603431022185,1.8784415855239196
0.5125156445556946,6.136362550270854,-0.6348659551266457,-0.5308055768478758,0.1769218440824048,0.39191262345827244,-0.6937358551917995,-1.614303235173756,1.8783015091418693
0.5168961201501877,6.13424205431819,-0.6366999852116381,-0.5306070927663475,0.17863194463858292,0.38884370744934216,-0.7072859496352703,-1.6126137847967232,1.878155149643132
0.5212765957446808,6.132157275517856,-0.6384742036114617,-0.5303961637940326,0.18032847190064816,0.38571613137439625,-0.7205202654495267,-1.6108917493346016,1.8780023356947932
0.5256570713391739,6.130108213884411,-0.6401890431035275,-0.530172749073158,0.1820111719443774,0.3825312721375164,-0.7334419602024635,-1.609136889443476,1.877842893816864
0.5300375469336671,6.128094862226218,-0.6418450152714992,-0.5299368133436495,0.18367979684743943,0.3792904916091759,-0.746054679518998,-1.6073489690651717,1.8776766483953602
0.5344180225281602,6.126117206819256,-0.6434426626003396,-0.5296883270342295,0.18533410461653277,0.3759951347580145,-0.7583622371073999,-1.6055277554182714,1.8775034216961297
0.5387984981226532,6.124175228019505,-0.6449825499219103,-0.5294272663497914,0.18697385911219275,0.37264653004277737,-0.7703685571474591,-1.603673018987076,1.8773230338794475
0.5431789737171464,6.122268900979462,-0.6464653108256673,-0.5291536133565389,0.1885988299793211,0.36924598805259634,-0.7820779831275223,-1.6017845335085668,1.8771353030154063
0.5475594493116396,6.120398196289804,-0.6478916165121881,-0.5288673560720187,0.19020879256012233,0.3657947991980099,-0.793495069601129,-1.5998620759574382,1.876940045100117
0.5519399249061326,6.118563080560247,-0.6492621522109334,-0.5285684885479003,0.19180352780440568,0.3622942341691026,-0.8046244244202211,-1.5979054265292636,1.87673707407276
0.5563204005006257,6.116763517009202,-0.6505776445538151,-0.5282570109461562,0.19338282218651925,0.3587455430069122,-0.8154708907177256,-1.5959143686218693,1.8765262018334958
0.5607008760951189,6.114999466097719,-0.6518388640293514,-0.527932929624126,0.19494646760750187,0.35514995397200694,-0.8260395627015029,-1.5938886888149773,1.8763072382622645
0.565081351689612,6.113270886135106,-0.6530466331261745,-0.527596257211366,0.1964942613021301,0.3515086724826047,-0.8363358394320565,-1.591828176848204,1.8760799912384984
0.5694618272841051,6.111577733713364,-0.6542017870046068,-0.5272470126797265,0.19802600573179743,0.34782287949971863,-0.8463651621658687,-1.5897326255974793,1.8758442666617743
0.5738423028785982,6.109919964306674,-0.6553051658884275,-0.5268852214168768,0.1995415084773326,0.3440937327704154,-0.8561329631436716,-1.5876018310499629,1.8755998684734156
0.5782227784730913,6.108297532801952,-0.6563576854446368,-0.5265109152977713,0.20104058214283357,0.34032236567025603,-0.8656451343124368,-1.5854355922775498,1.8753465986790807
0.5826032540675845,6.106710393935961,-0.6573603061353643,-0.5261241327503203,0.20252304423834114,0.3365098843280688,-0.87490782256696,-1.5832337114090265,1.8750842573723485
0.5869837296620776,6.105158502833471,-0.6583139760386527,-0.5257249188164399,0.20398871705844043,0.3326573682705913,-0.8839270481480856,-1.5809959936009788,1.8748126427593297
0.5913642052565706,6.1036418153829155,-0.6592196705220157,-0.5253133252147603,0.2054374275706503,0.32876587088832443,-0.8927089687150358,-1.5787222470075202,1.8745315511843164
0.5957446808510638,6.102160288672102,-0.6600784058831659,-0.5248894103979327,0.2068690072980471,0.3248364177604805,-0.9012599699015545,-1.5764122827489422,1.874240777156494
0.600125156445557,6.100713881436315,-0.6608912249004446,-0.5244532396046574,0.20828329219299072,0.3208700063378203,-0.9095865686385813,-1.5740659148793585,1.8739401133777327
0.60450563204005,6.099302554396016,-0.661659203102148,-0.5240048849115901,0.2096801225170022,0.31686760510937817,-0.9176954546037188,-1.5716829603534455,1.873629350771474
0.6088861076345431,6.09792627060068,-0.6623834190854907,-0.5235444252799144,0.2110593427071569,0.3128301529188984,-0.9255932920371749,-1.5692632389923586,1.8733082785127302
0.6132665832290363,6.096584995792736,-0.6630649767141974,-0.5230719465985582,0.21242080124997537,0.308758559873004,-0.9332868674375951,-1.5668065734489243,1.8729766840592073
0.6176470588235294,6.095278698726185,-0.6637050175874744,-0.5225875417250737,0.21376435055578605,0.30465370536481456,-0.9407831724160046,-1.5643127891721986,1.8726343531835736
0.6220275344180225,6.094007351363264,-0.6643046650079343,-0.5220913105181151,0.21508984681531343,0.30051643825023716,-0.9480890299321278,-1.5617817143714787,1.8722810700068773
0.6264080100125156,6.092770929159459,-0.6648650636021876,-0.5215833598679803,0.21639714987554656,0.2963475781448697,-0.9552113582280484,-1.5592131799798776,1.8719166170331312
0.6307884856070087,6.091569411412652,-0.6653874171290697,-0.521063803733632,0.2176861231076894,0.2921479133010298,-0.9621574226362511,-1.5566070196175452,1.8715407751850637
0.6351689612015019,6.090402781325005,-0.6658729309636411,-0.520532763156359,0.21895663326450474,0.28791819968780874,-0.9689344520485472,-1.5539630695546347,1.871153323841058
0.639549436795995,6.089271026205737,-0.6663227697406162,-0.5199903662776223,0.22020855034011466,0.28365916222297155,-0.9755493564199591,-1.5512811686741177,1.8707540408732826
0.643929912390488,6.088174137709656,-0.6667381220558606,-0.5194367483636705,0.22144174743816186,0.27937149634362124,-0.982009157947934,-1.5485611584345413,1.870342702686998
0.6483103879849812,6.087112111869721,-0.6671202468305938,-0.5188720518062107,0.22265610064541874,0.27505586544910976,-0.9883213001625542,-1.5458028828328287,1.869919084261084
0.6526908635794744,6.0860849492475575,-0.6674703637903695,-0.5182964261309326,0.22385148887747303,0.27071289976357965,-0.9944929177295793,-1.5430061883672188,1.869482959189742
0.6570713391739674,6.085092655037164,-0.6677896652501043,-0.5177100280000998,0.22502779374241408,0.2663432001841582,-1.0005309150000299,-1.5401709240004458,1.8690340997254125
0.6614518147684605,6.084135239110934,-0.6680794169187807,-0.5171130212073536,0.22618489942023298,0.2619473364492928,-1.0064426380761804,-1.537296941123267,1.868572276822878
0.6658322903629537,6.083212716018794,-0.6683408558699212,-0.5165055766665207,0.2273226925104505,0.2575258450978268,-1.0122351946893366,-1.5343840935184196,1.8680972601845687
0.6702127659574468,6.082325105036678,-0.6685751771942952,-0.5158878724005024,0.22844106189362584,0.2530792335998665,-1.0179153652919521,-1.5314322373251263,1.8676088183070452
0.6745932415519399,6.081472430139162,-0.6687836398128058,-0.5152600935224979,0.2295398986151996,0.24860797909339136,-1.0234903086020526,-1.5284412310042395,1.8671067185286723
0.678973717146433,6.080654719962588,-0.6689674891160613,-0.514622432208617,0.23061909573591252,0.24411252633152095,-1.028967046049628,-1.5254109353041208,1.8665907270784607
0.6833541927409261,6.079872007790206,-0.6691279258480548,-0.5139750876742476,0.23167854819766598,0.2395932909415949,-1.0343522544920478,-1.5223412132273624,1.866060609126065
0.6877346683354193,6.079124331386112,-0.6692661741978236,-0.5133182661345631,0.23271815270252266,0.23505065918148002,-1.0396527204217367,-1.5192319299984465,1.8655161288329418
0.6921151439299124,6.078411732979551,-0.6693834558866062,-0.5126521807659618,0.23373780757637522,0.23048498722185298,-1.044875167470963,-1.516082953032434,1.8649570494046332
0.6964956195244054,6.077734259149627,-0.6694809620331902,-0.5119770516635419,0.23473741264170597,0.22589660242028817,-1.0500260691309884,-1.512894151904794,1.8643831331441727
0.7008760951188986,6.077091960572268,-0.669559887921583,-0.5112931057854307,0.23571686909242093,0.22128580423186753,-1.0551118809076823,-1.50966539832245,1.8637941415065908
0.7052565707133918,6.076484892001857,-0.6696214333525329,-0.5106005769020675,0.23667607937452598,0.21665286345677684,-1.0601390430031024,-1.5063965660961633,1.8631898351545022
0.7096370463078848,6.075913112088233,-0.6696667557335096,-0.5098997055343181,0.23761494705443387,0.21199802313350546,-1.0651136679946107,-1.503087531114324,1.8625699740147492
0.7140175219023779,6.075376683059071,-0.6696970024185183,-0.509190738878691,0.23853337670746114,0.2073215005088096,-1.0700417569321816,-1.4997381713182554,1.8619343173360898
0.718397997496871,6.074875670614393,-0.6697133267096749,-0.5084739307416969,0.23943127380333704,0.2026234860446135,-1.0749293064531864,-1.4963483666791277,1.8612826237478841
0.7227784730913642,6.074410143700107,-0.6697168538062114,-0.5077495414594478,0.2403085445860521,0.1979041444534738,-1.079782082311757,-1.4929179991765542,1.8606146513197743
0.7271589486858573,6.073980174285385,-0.6697086803267369,-0.5070178378135157,0.24116509596842076,0.19316361568463356,-1.0846056167548084,-1.4894469527789804,1.8599301576223193
0.7315394242803503,6.073585837078345,-0.6696898817481927,-0.506279092941139,0.24200083542057577,0.18840201598402306,-1.0894052587136909,-1.4859351134259324,1.8592288997885502
0.7359198998748435,6.073227209214506,-0.6696615401693848,-0.5055335862326287,0.24281567087381264,0.18361943843637557,-1.094186359578374,-1.4823823690122264,1.8585106345764304
0.7403003754693367,6.072904370119486,-0.6696247123786933,-0.5047816032388017,0.24360951061380492,0.17881595240466258,-1.0989540609326103,-1.4787886093742135,1.8577751184321634
0.7446808510638298,6.072617401161518,-0.6695804015997424,-0.5040234355604734,0.24438226317959122,0.17399160593074606,-1.1037131069284605,-1.4751537262781396,1.8570221075543405
0.7490613266583228,6.072366385335073,-0.6695295936748177,-0.5032593807326223,0.24513383727778848,0.16914642681209405,-1.1084680862813023,-1.4714776134107117,1.8562513579588735
0.753441802252816,6.0721514070192155,-0.669473282772334,-0.5024897421073968,0.24586414169100598,0.1642804228890198,-1.1132236044329142,-1.467760166371928,1.8554626255446816
0.7578222778473092,6.071972551623519,-0.6694124446357753,-0.5017148287242038,0.24657308519459897,0.15939358161048717,-1.1179841060771432,-1.4640012826702669,1.8546556661600986
0.7622027534418022,6.071829905323576,-0.6693479679751193,-0.5009349551826999,0.24726057646125293,0.15448587187557106,-1.1227534186161294,-1.4602008617202915,1.8538302356699523
0.7665832290362953,6.071723554772368,-0.6692807338710641,-0.5001504415084289,0.2479265239938857,0.14955724760205158,-1.1275352824175684,-1.4563588048427454,1.8529860900232817
0.7709637046307884,6.071653586745027,-0.6692116550037893,-0.49936161300353404,0.24857083606149816,0.14460764491913167,-1.1323336133350352,-1.4524750152672126,1.852122985321651
0.7753441802252816,6.071620087822132,-0.669141560923929,-0.4985688000968811,0.24919342060746974,0.13963698343603786,-1.137151738846986,-1.4485493981373856,1.851240677888015
0.7797246558197747,6.071623144123278,-0.669071243790429,-0.4977723381954492,0.24979418519652394,0.1346451701290684,-1.1419927039665323,-1.444581860519031,1.850338924336095
0.7841051314142677,6.0716628410073845,-0.6690014996953351,-0.49697256752198593,0.2503730369570856,0.12963209793035715,-1.1468595478223278,-1.4405723114106874,1.8494174816402187
0.7884856070087609,6.071739262710706,-0.6689330845593418,-0.4961698329444912,0.2509298825158851,0.12459764718901337,-1.1517550107656709,-1.436520661757159,1.8484761072055864
0.7928660826032541,6.07185249208581,-0.6688667364417288,-0.4953644838060478,0.2514646279531001,0.11954168682718293,-1.156681684237873,-1.4324268244658633,1.8475145589389124
0.7972465581977471,6.07200261032321,-0.6688031364606671,-0.4945568737464875,0.25197717874710035,0.11446407449002713,-1.1616417514278643,-1.4282907144260686,1.8465325953194003
0.8016270337922402,6.07218969663956,-0.6687429133293217,-0.49374736051760026,0.2524674397309042,0.10936465997161025,-1.1666370187448099,-1.4241122485310789,1.845529975470005
0.8060075093867334,6.072413828007257,-0.6686867275077384,-0.49293630579514236,0.25293531506692996,0.10424328508958369,-1.1716694780839738,-1.4198913457034026,1.844506459228938
0.8103879849812266,6.072675078897525,-0.6686352002600857,-0.49212407498089644,0.25338070820235803,0.09909978218580641,-1.176740835194595,-1.4156279269229437,1.8434618072213715
0.8147684605757196,6.072973521048612,-0.668588861698462,-0.4913110370019013,0.25380352183074556,0.0939339781329544,-1.1818521646437379,-1.41132191525825,1.842395780931294
0.8191489361702127,6.073309223189033,-0.6685482413723265,-0.4904975641031204,0.25420365788249416,0.08874569585736504,-1.187004515128041,-1.4069732359008542,1.8413081427734752
0.8235294117647058,6.073682250809724,-0.6685138581233413,-0.48968403163553176,0.2545810174998002,0.08353475304231052,-1.1921988432520634,-1.4025818162027335,1.8401986561654944
0.827909887359199,6.074092665991953,-0.6684861853641857,-0.4888708178378171,0.2549355010157621,0.07830096423212235,-1.1974357835091243,-1.3981475857169068,1.8390670855997873
0.8322903629536921,6.07454052720567,-0.6684656577199408,-0.48805830361223984,0.25526700794777013,0.07304414155028777,-1.2027156940513395,-1.3936704762412027,1.8379131967156777
0.8366708385481851,6.075025889133633,-0.6684526521266689,-0.48724687229792224,0.25557543698290197,0.06776409640216732,-1.2080385321916443,-1.3891504218652,1.8367367563713335
0.8410513141426783,6.075548802484609,-0.6684475441762915,-0.4864369094301978,0.25586068598623024,0.06246064128355789,-1.2134042316406244,-1.3845873590203652,1.8355375327156298
0.8454317897371715,6.0761093139004405,-0.6684507049316251,-0.48562880250506235,0.2561226520020598,0.05713358817937661,-1.2188126828437518,-1.3799812265333944,1.834315295259857
0.8498122653316645,6.076707465862367,-0.6684624292520659,-0.48482294073843646,0.25636123124821214,0.05178275054457558,-1.2242632567575293,-1.3753319656827532,1.8330698149492464
0.8541927409261576,6.077343296544818,-0.6684829633966319,-0.484019714806165,0.25657631913461637,0.046407945873649346,-1.2297549906031127,-1.3706395202584363,1.8318008642342791
0.8585732165206508,6.078016839782766,-0.6685125494749495,-0.48321951659200757,0.25676781028010015,0.041008996055111095,-1.2352868858862798,-1.3659038366249243,1.8305082171417322
0.8629536921151439,6.078728125055477,-0.6685514232433458,-0.4824227389322465,0.256935598534091,0.03558572733062598,-1.240857895407329,-1.3611248637873472,1.8291916493454312
0.867334167709637,6.07947717746136,-0.6685997515433526,-0.4816297753460017,0.2570795769930511,0.03013797076240009,-1.2464665079823392,-1.356302553460829,1.8278509382366848
0.8717146433041301,6.080264017758102,-0.6686576401042421,-0.4808410197652449,0.25719963802627027,0.02466556583064443,-1.2521108022599812,-1.3514368601430105,1.8264858629943561
0.8760951188986232,6.081088662320919,-0.668725227075545,-0.4800568662565543,0.2572956733238193,0.0191683604295613,-1.2577890721266054,-1.3465277411897274,1.8250962046545565
0.8804755944931164,6.081951123296859,-0.6688026214849678,-0.47927770874555653,0.2573675739223079,0.013646208986272465,-1.263499418262742,-1.341575156893819,1.8236817461799244
0.8848560700876095,6.082851408772122,-0.6688898345517654,-0.4785039407358859,0.25741523023636165,0.008098976034622951,-1.2692392921058635,-1.3365790705670428,1.822242272528464
0.8892365456821025,6.083789522761458,-0.6689868622611469,-0.47773595501043825,0.25743853211568696,0.002526538328803745,-1.2750060483380574,-1.3315394486250647,1.8207775707219411
0.8936170212765957,6.08476546544613,-0.6690937105191749,-0.4769741433431538,0.25743736889506524,-0.0030712164217212403,-1.280797114506807,-1.326456260675489,1.8192874299137831
0.8979974968710889,6.0857792334292835,-0.669210341785275,-0.4762188962053059,0.25741162944034024,-0.008694388925311635,-1.2866096371997942,-1.3213294796088897,1.8177716414564975
0.902377972465582,6.086830819899747,-0.6693366671067936,-0.475470602456216,0.25736120220390135,-0.014343066473987363,-1.292440431003851,-1.3161590816927977,1.816229998968576
0.906758448060075,6.087920214896059,-0.6694725679347847,-0.47472964903985526,0.25728597528674013,-0.020017321868494694,-1.2982861259661962,-1.3109450466685997,1.8146622984008784
0.9111389236545682,6.089047405664466,-0.6696179049344753,-0.47399642067723347,0.2571858365033544,-0.025717212876089503,-1.3041432283816123,-1.3056873578513017,1.8130683381024864
0.9155193992490612,6.090212377007789,-0.6697725076916282,-0.47327129955268354,0.2570606734485551,-0.03144278168874928,-1.3100080542596313,-1.3003860022320897,1.8114479188860215
0.9198998748435544,6.091415111568963,-0.6699361677656405,-0.47255466499165344,0.25691037356711494,-0.0371940537977898,-1.3158766851599137,-1.2950409705836443,1.8098008440924254
0.9242803504380476,6.092655590263244,-0.6701086521813873,-0.471846893139647,0.2567348242304392,-0.04297103706429504,-1.321745060278268,-1.2896522575681313,1.8081269196552
0.9286608260325406,6.093933792827304,-0.6702896937589575,-0.47114835664453497,0.25653391281436116,-0.04877372140183811,-1.3276089140961502,-1.284219861847818,1.8064259541641101
0.9330413016270338,6.095249698183197,-0.6704789821085011,-0.4704594243219015,0.2563075267785847,-0.05460207730064148,-1.3334637185773304,-1.2787437861982252,1.8046977589283602
0.9374217772215268,6.096603284966043,-0.6706761937585933,-0.4697804608215992,0.25605555375741673,-0.060456055001989445,-1.339304886246628,-1.2732240376237587,1.8029421480392498
0.94180225281602,6.097994532143562,-0.6708809806727873,-0.46911182630062587,0.25577788164644755,-0.06633558480347689,-1.3451276958144103,-1.2676606274757303,1.8011589384323192
0.9461827284105132,6.099423419535546,-0.6710929366991097,-0.46845387608224637,0.25547439869059996,-0.07224057558173225,-1.350927070779089,-1.2620535715726877,1.799347949949008
0.9505632040050064,6.100889928456269,-0.6713116226543823,-0.4678069603124889,0.2551449935837598,-0.07817091315689008,-1.3566977489459557,-1.256402890322977,1.797509005397844
0.9549436795994992,6.102394042370579,-0.6715366005689867,-0.4671714236189142,0.254789555571152,-0.08412646030110779,-1.362434513000483,-1.250708608849429,1.795641930615177
0.9593241551939924,6.10393574758726,-0.6717673808428162,-0.4665476047661198,0.25440797454889996,-0.09010705712297143,-1.3681318405113096,-1.2449707571160995,1.7937465545254996
0.9637046307884856,6.105515033962204,-0.6720034103436251,-0.46593583630747304,0.25400014116303304,-0.0961125180102787,-1.3737838269076805,-1.2391893700569434,1.7918227092013672
0.9680851063829788,6.107131895692658,-0.6722441560218548,-0.46533644423282816,0.25356594693582835,-0.10214263133855175,-1.3793847452601782,-1.2333644877063434,1.7898702299229685
0.9724655819774718,6.108786332099278,-0.672489033126257,-0.4647497476182976,0.25310528436737983,-0.10819716131877945,-1.3849285700530627,-1.2274961553313726,1.7878889552373636
0.9768460575719649,6.110478348408813,-0.6727373757644921,-0.4641760582716816,0.2526180470457452,-0.11427584353429608,-1.3904087832854033,-1.221584423565687,1.7858787270174517
0.981226533166458,6.112207956652998,-0.6729885561809379,-0.46361568037361783,0.25210412978761915,-0.12037838508820964,-1.3958191720488005,-1.2156293485449479,1.7838393905206869
0.9856070087609512,6.113975176514275,-0.6732418961365232,-0.4630689101212876,0.2515634287471936,-0.12650446712804397,-1.4011532401015707,-1.2096309920436432,1.7817707944476158
0.9899874843554444,6.115780036282177,-0.6734966016254266,-0.46253603537232174,0.25099584153471644,-0.13265373984072654,-1.406403775020699,-1.2035894216131982,1.7796727910002572
0.9943679599499372,6.1176225737533985,-0.6737519156043684,-0.4620173352797457,0.2504012673691785,-0.1388258211821757,-1.411563868830818,-1.1975047107212546,1.7775452359404076
0.9987484355444304,6.119502837238084,-0.6740070717477318,-0.4615130799356545,0.24977960720803424,-0.14502030081305314,-1.4166266120805155,-1.1913769388919948,1.7753879886479005
1.0031289111389237,6.121420886513945,-0.6742611774366992,-0.4610235300044256,0.24913076386539185,-0.15123673615333696,-1.4215843162151576,-1.1852061918473678,1.7732009121789016
1.0075093867334166,6.123376793800166,-0.6745133424366605,-0.4605489363578728,0.2484546421762874,-0.15747464949851228,-1.4264293738585845,-1.1789925616491117,1.7709838733242875
1.0118898623279098,6.125370644950974,-0.6747626725936714,-0.4600895397223223,0.24775114914018423,-0.16373353161534132,-1.4311542191423274,-1.1727361468414153,1.7687367426681755
1.016270337922403,6.127402540389266,-0.6750081631824031,-0.4596455703070335,0.24702019405369038,-0.17001283851362153,-1.4357506191691307,-1.1664370525940886,1.7664593946466778
1.020650813516896,6.129472596156398,-0.675248790724641,-0.4592172474390065,0.24626168868236434,-0.17631198882519397,-1.4402102885708965,-1.1600953908461067,1.764151707606949
1.0250312891113893,6.131580945098799,-0.6754835199065703,-0.45880477920563023,0.24547554741641753,-0.18263036596627763,-1.4445249380062672,-1.1537112804493765,1.7618135638665913
1.0294117647058822,6.133727737936697,-0.6757112396851201,-0.4584083620887913,0.24466168742354275,-0.18896731594306015,-1.4486858506421918,-1.1472848473125778,1.7594448497735045
1.0337922403003754,6.135913144388928,-0.6759307909585293,-0.4580281806031142,0.2438200288238527,-0.19532214579874138,-1.4526840690361003,-1.1408162245449347,1.75704545576625
1.0381727158948686,6.1381373543140985,-0.6761409680318115,-0.4576644069369361,0.24295049485632098,-0.20169412305937523,-1.4565104072991688,-1.13430555259976,1.7546152764350131
1.0425531914893615,6.140400578822347,-0.6763405371065903,-0.45731720058678704,0.24205301205856064,-0.20808247428652166,-1.460155576798688,-1.1277529794176169,1.7521542105832424
1.0469336670838547,6.142703051435833,-0.6765282162578987,-0.45698670800286506,0.24112751044596123,-0.21448638562270178,-1.463610055033558,-1.1211586605689392,1.74966216129005
1.051314142678348,6.145045029276629,-0.6767026302242594,-0.4566730622347735,0.24017392368668855,-0.22090500020021298,-1.4668637865965726,-1.1145227593959488,1.7471390359734535
1.055694618272841,6.147426794178749,-0.6768623713386662,-0.45637638257098156,0.23919218930349473,-0.22733741606404187,-1.4699065917845646,-1.1078454471537058,1.7445847464545587
1.0600750938673342,6.149848653809714,-0.6770060078496448,-0.4560967741878648,0.23818224886693937,-0.2337826871556172,-1.4727282244118667,-1.1011269031501225,1.7419992090227474
1.0644555694618272,6.152310942899844,-0.6771320326288465,-0.4558343278016803,0.2371440481885954,-0.24023982175026543,-1.4753180321811075,-1.094367314884769,1.739382344501984
1.0688360450563203,6.154814024324132,-0.677238878861163,-0.4555891193207938,0.23607753752791208,-0.24670778046459937,-1.4776650636024613,-1.087566878186305,1.7367340783183043
1.0732165206508135,6.157358290181037,-0.6773249374393948,-0.45536120949898334,0.23498267180290283,-0.2531854756219812,-1.4797581862694102,-1.0807257973483515,1.7340543405686009
1.0775969962453065,6.159944163015844,-0.6773885224425381,-0.455150643596112,0.23385941080259476,-0.259671770305416,-1.481585858976174,-1.073844285263635,1.7313430660907672
1.0819774718397996,6.16257209686705,-0.6774278800689832,-0.4549574510452356,0.23270771940595464,-0.2661654757278977,-1.4831361934916512,-1.0669225635562098,1.7286001945353129
1.0863579474342928,6.165242578290233,-0.6774412473866632,-0.4547816451141797,0.23152756781739722,-0.27266535081610344,-1.4843973484832236,-1.0599608627115964,1.725825670438524
1.090738423028786,6.167956127457559,-0.6774267895159857,-0.4546232225756131,0.23031893178938817,-0.2791701030380912,-1.485357112935817,-1.052959422204621,1.723019443297265
1.0951188986232792,6.170713299183747,-0.6773825564372633,-0.45448216339006225,0.22908179285066474,-0.2856783843414215,-1.4860026203146735,-1.045918490624795,1.7201814676454972
1.099499374217772,6.173514683932105,-0.677306581514399,-0.4543584303878451,0.22781613856442168,-0.29218878947147164,-1.4863210075103594,-1.0388383257990268,1.7173117031326164
1.1038798498122653,6.1763609087534945,-0.677196858589947,-0.4542519689502527,0.226521962771273,-0.298699857683011,-1.4862992642646293,-1.0317191949114821,1.71441011460368
1.1082603254067585,6.179252638167071,-0.6770512824963947,-0.4541627067038931,0.22519926583243616,-0.3052100697391965,-1.485923838616677,-1.0245613746203874,1.7114766721816153
1.1126408010012514,6.18219057509729,-0.6768676894386844,-0.45409055322212694,0.223848054898995,-0.311717846167458,-1.4851809081103828,-1.0173651511715942,1.7085113513514794
1.1170212765957446,6.1851754617141665,-0.676643862002361,-0.45403539973229773,0.22246834417034683,-0.31822154663826463,-1.4840564151337554,-1.0101308205086865,1.7055141330468582
1.1214017521902375,6.188208080153638,-0.6763775390058098,-0.4539971188278354,0.2210601551688869,-0.3247194685240183,-1.4825361345198291,-1.002858688379448,1.7024850037384756
1.125782227784731,6.191289253278762,-0.6760663881755652,-0.4539755641849423,0.21962351701112207,-0.33120984687045996,-1.4806054932708197,-0.9955490704384671,1.6994239555250836
1.130162703379224,6.194419845379956,-0.675707994089902,-0.45397057029861676,0.21815846668257846,-0.3376908513848613,-1.4782494919419014,-0.9882022923456916,1.6963309862267042
1.134543178973717,6.197600762731685,-0.6752999147134786,-0.45398195221418525,0.21666504933526834,-0.3441605857099458,-1.4754530833286226,-0.9808186898607154,1.6932060994802844
1.1389236545682102,6.20083295415402,-0.674839649241207,-0.45400950527229056,0.21514331856900876,-0.3506170877300294,-1.4722009597927759,-0.973398608932584,1.690049304837835
1.1433041301627034,6.204117411490551,-0.6743246116361086,-0.45405300487076133,0.2135933367261685,-0.35705832698867623,-1.4684773784356482,-0.9659424057849263,1.6868606178670875
1.1476846057571963,6.207455169977887,-0.6737521750730407,-0.45411220622283766,0.2120151751956018,-0.36348220345589954,-1.464266459001354,-0.9584504469961829,1.6836400602547534
1.1520650813516895,6.210847308608514,-0.6731196907892648,-0.45418684413702837,0.21040891471822043,-0.36988654755957334,-1.4595523110149096,-0.9509231095747206,1.6803876599123952
1.156445556946183,6.214294950320504,-0.6724244409134803,-0.4542766328013713,0.20877464569060894,-0.37626912006685376,-1.4543187207473935,-0.9433607810286313,1.677103451084984
1.1608260325406758,6.217799262139704,-0.671663624390601,-0.4543812655766557,0.20711246847166043,-0.3826276093697383,-1.4485490587596357,-0.9357638594299788,1.6737874744621537
1.165206508135169,6.221361455264039,-0.670834427960369,-0.45450041481235737,0.20542249370995533,-0.38895963056117466,-1.4422267543200773,-0.9281327534732974,1.6704397772921897
1.169586983729662,6.224982784979214,-0.6699340137614685,-0.45463373166370846,0.20370484265847616,-0.3952627268716806,-1.435335213985067,-0.9204678825281134,1.6670604134987794
1.1739674593241551,6.228664550562135,-0.6689594786948049,-0.4547808459259232,0.20195964748943096,-0.40153436803736353,-1.4278575517925447,-0.9127696766852681,1.663649443800531
1.1783479349186483,6.2324080949865435,-0.6679078882241496,-0.4549413658841877,0.20018705162320174,-0.40777194937283734,-1.4197768155997463,-0.9050385767968401,1.66020693583327
1.1827284105131413,6.236214804530433,-0.6667762870787922,-0.4551148781674772,0.1983872100513233,-0.4139727921114503,-1.4110760594087666,-0.8972750345094285,1.656732964275124
1.1871088861076344,6.240086108416226,-0.6655616940122389,-0.45530094763332024,0.19656028966247885,-0.42013414312741515,-1.4017383091927904,-0.8894795122905915,1.653227610974367
1.1914893617021276,6.24402347812766,-0.6642610990103635,-0.4554991172536603,0.19470646956780907,-0.4262531749730299,-1.3917465450446878,-0.8816524834482203,1.6496909650800313
1.1958698372966208,6.248028426653127,-0.6628714721218543,-0.45570890801432784,0.1928259414266457,-0.432326985427601,-1.3810837607168425,-0.8737944321426221,1.6461231231752487
1.200250312891114,6.252102507804172,-0.6613897885129413,-0.4559298188525698,0.19091890977581152,-0.4383525980798262,-1.3697331310691434,-0.8659058533911084,1.6425241894132827
1.204630788485607,6.256247315119557,-0.6598130229856186,-0.45616132658196307,0.18898559235010876,-0.4443269633369792,-1.3576779760243705,-0.8579872530648582,1.638894275656226
1.2090112640801,6.260464480742494,-0.6581381364627249,-0.4564028858465281,0.18702622040288075,-0.45024695867325404,-1.3449016707746453,-0.850039147877846,1.635233501616299
1.2133917396745932,6.264755674311173,-0.6563621045851272,-0.45665392910730385,0.1850410390243373,-0.45610938887879604,-1.3313878365188223,-0.842062065367631,1.6315419949996797
1.2177722152690862,6.269122601469885,-0.6544819331554634,-0.4569138666236121,0.1830303074598055,-0.46191098796587604,-1.3171204435456758,-0.8340565438677743,1.6278198916528157
1.2221526908635794,6.273567002405296,-0.6524946264779224,-0.4571820864648331,0.18099429941148718,-0.4676484203168408,-1.3020836000872624,-0.8260231324716948,1.624067335711111
1.2265331664580723,6.278090650157215,-0.6503972250755773,-0.45745795454192806,0.178933303346555,-0.4733182807515983,-1.2862618035576618,-0.8179623909877389,1.6202844797499096
1.2309136420525657,6.282695348814543,-0.6481868434528798,-0.45774081465729266,0.1768476227983575,-0.4789170978655795,-1.2696401919705809,-0.8098748898852801,1.616471484937664
1.2352941176470589,6.287382931560137,-0.6458606299741197,-0.458029988574918,0.17473757664526873,-0.48444133630834796,-1.2522042759946785,-0.8017612102316166,1.612628521191174
1.2396745932415518,6.292155258524715,-0.6434157631451822,-0.45832477610950906,0.17260349939189534,-0.4898873977673942,-1.2339399135711546,-0.7936219436195022,1.6087557673327717
1.244055068836045,6.29701421459984,-0.6408495061976277,-0.45862445524764367,0.1704457414393632,-0.49525162303296155,-1.2148336729998936,-0.785457692085084,1.6048534112493056
1.2484355444305382,6.301961706892489,-0.6381592029100385,-0.45892828227323323,0.1682646693483236,-0.5005302961538413,-1.1948728042453682,-0.7772690680160925,1.6009216500527834
1.2528160200250311,6.3069996621915205,-0.6353422603841685,-0.4592354919268845,0.16606066607297051,-0.5057196462458332,-1.17404512304856,-0.7690566940500534,1.5969606902425069
1.2571964956195243,6.312130024321478,-0.6323962395940921,-0.45954529760112967,0.1638341312081274,-0.5108158506548027,-1.1523396132864163,-0.760821202962388,1.5929707478685051
1.2615769712140177,6.317354751115553,-0.6293187866952281,-0.4598568915310756,0.1615854811955006,-0.5158150420205638,-1.1297459677610169,-0.7525632375441917,1.588952048696122
1.2659574468085106,6.322675811383271,-0.6261075835523976,-0.46016944502695684,0.15931514950899597,-0.520713307418652,-1.1062542568362719,-0.7442834504695333,1.5849048283715086
1.2703379224030038,6.328095181779398,-0.6227605225173485,-0.46048210873748796,0.15702358686841741,-0.5255066925358481,-1.0818560918657372,-0.7359825041521242,1.5808293325878382
1.2747183979974968,6.333614843332952,-0.6192756485230283,-0.46079401291854927,0.15471126138819463,-0.5301912109881678,-1.0565442373631935,-0.7276610705911863,1.5767258172520158
1.27909887359199,6.339236777933103,-0.6156510888055258,-0.4611042677454026,0.1523786587095157,-0.5347628451004073,-1.030312140400821,-0.7193198312063682,1.5725945486516288
1.283479349186483,6.3449629647598655,-0.6118851751422851,-0.46141196365451354,0.15002628214220184,-0.5392175511167555,-1.0031547432518104,-0.7109594766615953,1.5684358036219062
1.287859824780976,6.350795376317884,-0.6079764015969538,-0.4617161716849287,0.1476546527511247,-0.5435512670835622,-0.9750681994135003,-0.7025807066776861,1.5642498697124134
1.2922403003754692,6.35673597448135,-0.6039234213529896,-0.46201594387281825,0.14526430942913754,-0.5477599155697817,-0.9460498498678094,-0.6941842298336378,1.5600370453532137
1.2966207759699624,6.362786706417087,-0.5997251239852026,-0.46231031367551145,0.1428558089596139,-0.5518394113564605,-0.916098735397941,-0.6857707633564705,1.5557976400201896
1.3010012515644556,6.368949500229672,-0.5953805613215537,-0.46259829639367084,0.14042972602200193,-0.5557856686300875,-0.8852150995192192,-0.6773410328994969,1.5515319743992602
1.3053817271589487,6.375226260665289,-0.5908889771407445,-0.46287888965712604,0.13798665319142953,-0.5595946043295512,-0.8534005832241234,-0.6688957723089662,1.547240380549133
1.3097622027534417,6.381618864505201,-0.5862499007702733,-0.4631510739287162,0.13552720091482087,-0.5632621470440642,-0.820658845610381,-0.6604357233789725,1.542923202062309
1.3141426783479349,6.388129155816074,-0.5814630838814334,-0.46341381301402645,0.1330519974326494,-0.5667842457773059,-0.7869951391160468,-0.6519616355945661,1.53858079422398
1.318523153942428,6.39475894125681,-0.576528474502342,-0.4636660546275696,0.1305616886783304,-0.570156875146976,-0.7524161324984829,-0.6434742658630148,1.5342135241684762
1.322903629536921,6.4015099851584205,-0.5714462776116909,-0.4639067309853752,0.12805693815432345,-0.5733760425975505,-0.7169303108421042,-0.6349743782331758,1.529821771032897
1.327284105131414,6.408384004466624,-0.566216996191933,-0.46413475941809124,0.12553842676839716,-0.5764377970877048,-0.6805482451589454,-0.6264627436029314,1.5254059261075672
1.331664580725907,6.41538266363966,-0.5608414061073556,-0.4643490430161919,0.12300685263366812,-0.5793382386715134,-0.643282420607758,-0.6179401394146933,1.5209663929829245
1.3360450563204005,6.422507569448602,-0.5553204988890835,-0.4645484713026797,0.1204629308209327,-0.5820735256914233,-0.6051468505760257,-0.6094073493389591,1.5165035876924564
1.3404255319148937,6.429760265612429,-0.549655561500326,-0.4647319209448276,0.11790739309564212,-0.5846398809660942,-0.5661576037033225,-0.6008651629459447,1.5120179388512702
1.3448060075093866,6.437142227462574,-0.5438482216883223,-0.4648982564908238,0.1153409876161395,-0.587033603592229,-0.5263331013166561,-0.592314375365323,1.5075098877899005
1.3491864831038798,6.4446548565784765,-0.537900367475256,-0.46504633113464566,0.11276447856726465,-0.5892510777667922,-0.4856935756040696,-0.5837557869341004,1.5029798886829178
1.353566958698373,6.452299475160916,-0.5318141758024824,-0.46517498750932523,0.11017864578116697,-0.5912887798213738,-0.4442612552877138,-0.5751902028327252,1.4984284086719295
1.357947434292866,6.460077320520873,-0.5255921289373441,-0.46528305851694923,0.10758428430949125,-0.5931432886573819,-0.40206046946929874,-0.5666184327094757,1.4938559279825114
1.362327909887359,6.46798953960475,-0.5192370158035646,-0.4653693681852603,0.10498220395274946,-0.5948112937257305,-0.3591176507886957,-0.5580412902932546,1.4892629400346444
1.3667083854818525,6.476037183304411,-0.5127519464936409,-0.4654327325517217,0.10237322876249684,-0.5962896054676516,-0.31546142627946155,-0.5494595929948937,1.4846499515462035
1.3710888610763454,6.48422120083156,-0.5061402994223737,-0.46547196057484486,0.09975819647940963,-0.5975751640796128,-0.271122258983526,-0.5408741614971138,1.4800174826290304
1.3754693366708386,6.4925424342364115,-0.49940579035125054,-0.46548585508546986,0.0971379579586597,-0.5986650468422459,-0.22613290177187106,-0.5322858193332819,1.4753660668771487
1.3798498122653315,6.501001612747379,-0.49255247979270966,-0.46547321375658185,0.09451337654372226,-0.5995564808443988,-0.18052844024085227,-0.5236953924551843,1.4706962514466273
1.3842302878598247,6.5095993471832765,-0.48558466348524576,-0.46543283009326275,0.09188532738040871,-0.6002468506812515,-0.13434555594655326,-0.5151037087899388,1.4660085971266668
1.388610763454318,6.518336124541553,-0.47850693616071965,-0.46536349447824393,0.08925469672322507,-0.6007337047440351,-0.0876229445498381,-0.5065115977863679,1.4613036784013742
1.3929912390488108,6.527212302486923,-0.47132425083520874,-0.46526399521231937,0.08662238119426097,-0.601014766564997,-0.0404017041525957,-0.4979198899509669,1.456582083501828
1.397371714643304,6.53622810401131,-0.46404182304461306,-0.4651331196057744,0.08398928699028732,-0.6010879445094377,0.007275310407742311,-0.48932941637381655,1.4518444144478828
1.4017521902377972,6.545383612177329,-0.4566651323654802,-0.4649696550871068,0.0813563290566943,-0.6009513374841834,0.05536348481084433,-0.4807410082446631,1.4470912870793038
1.4061326658322904,6.554678764851982,-0.4491999629337702,-0.4647723903165333,0.07872443024453342,-0.6006032446268904,0.10381618255175404,-0.47215549635951976,1.4423233310757242
1.4105131414267835,6.564113349695626,-0.4416523254957389,-0.4645401163608697,0.07609452039976017,-0.6000421733247727,0.1525852724342055,-0.4635737106180791,1.4375411899649524
1.4148936170212765,6.573686999288255,-0.4340285510080721,-0.4642716278788713,0.07346753544990152,-0.5992668443023739,0.20162051247199456,-0.4549964795123231,1.4327455211191804
1.4192740926157696,6.58339918628642,-0.42633525052494414,-0.463965724312765,0.07084441644874927,-0.5982762050068084,0.250869825252139,-0.44642462960668355,1.427936995738624
1.4236545682102628,6.593249218815948,-0.418579110368548,-0.4636212111016907,0.06822610854590591,-0.5970694323061962,0.30028067155428445,-0.4378589850101544,1.4231162988221342
1.4280350438047558,6.603236236092273,-0.41076711285914924,-0.4632369009437413,0.06561356000765706,-0.5956459338444507,0.34979858723061374,-0.42930036684079786,1.4182841291243309
1.432415519399249,6.613359204134363,-0.40290658420976955,-0.46281161506308177,0.06300772117476856,-0.594005363527113,0.39936687235541474,-0.4207495926830711,1.4134411990988127
1.436795994993742,6.6236169117153585,-0.3950049027675251,-0.4623441844699616,0.06040954334777143,-0.5921476256277406,0.44892854468291,-0.4122074760384335,1.4085882348270324
1.4411764705882353,6.634007966641785,-0.3870695932720193,-0.461833451274664,0.05781997770865721,-0.5900728731680376,0.49842572001763163,-0.4036748257697561,1.4037259759323772
1.4455569461827285,6.644530792175326,-0.3791084621512779,-0.4612782700080864,0.05523997422036901,-0.5877815174281609,0.5477987190453899,-0.3951524455400287,1.398855175479079
1.4499374217772214,6.6551836236527,-0.3711294109752985,-0.4606775089240052,0.05267048046526286,-0.5852742341566919,0.596987319658045,-0.38664113324589894,1.3939765998555425
1.4543178973717146,6.66596450550705,-0.36314040113263457,-0.46003005135770736,0.05011244049016378,-0.5825519621280292,0.6459310015004853,-0.37814168044661234,1.389091028641702
1.4586983729662075,6.6768712885201476,-0.35514957379129775,-0.45933479708554736,0.04756679365739319,-0.5796159071978914,0.6945681552949976,-0.3696548717889506,1.3841992544600457
1.4630788485607007,6.687901627318677,-0.3471651873772137,-0.4585906636619833,0.04503447345436855,-0.5764675477811233,0.7428365085651307,-0.36118148442873016,1.379302082809969
1.467459324155194,6.6990529782396395,-0.3391955021181442,-0.4577965877999071,0.0425164062966221,-0.5731086351942202,0.7906739045450863,-0.3527222874495383,1.374400331885099
1.471839799749687,6.7103225974626985,-0.3312488075781096,-0.4569515267444831,0.04001351033433158,-0.5695411923045429,0.8380181277758233,-0.3442780412793165,1.369494832373296
1.4762202753441802,6.721707539529688,-0.323333479898726,-0.45605445965115554,0.037526694267191955,-0.5657675153909145,0.8848065316828635,-0.33584949710547785,1.3645864272390362
1.4806007509386734,6.733204656204294,-0.31545787968759575,-0.4551043889676224,0.03505685613466566,-0.5617901760709929,0.930976728533511,-0.3274373962892443,1.3596759714879005
1.4849812265331663,6.744810595557123,-0.30763033270871726,-0.45410034180365444,0.032604882113853186,-0.5576120171144825,0.9764667272995812,-0.31904246977989287,1.3547643319129352
1.4893617021276595,6.756521801555551,-0.29985918731155436,-0.45304137132385175,0.03017164534646434,-0.5532361531451412,1.0212145600819826,-0.31066543752966974,1.3498523868226442
1.493742177722153,6.768334514045066,-0.29215267583547444,-0.45192655811915144,0.027758004730581473,-0.5486659697586731,1.0651592152245135,-0.3023070079100741,1.3449410257504333
1.4981226533166456,6.7802447688999,-0.2845189281175502,-0.45075501156560827,0.025364803755118494,-0.5439051160396349,1.1082405563203874,-0.2939678771303018,1.3400311491453378
1.5025031289111388,6.792248398698831,-0.2769660472185253,-0.4495258711974816,0.022992869357272527,-0.5389575043587713,1.1503988265263754,-0.2856487286586119,1.3351236680438767
1.506883604505632,6.8043410338756685,-0.2695019992965121,-0.448238308054429,0.020643010758785878,-0.5338273072743306,1.1915753917194458,-0.2773502326473958,1.3302195037229438
1.5112640801001251,6.816518104113468,-0.26213459213397095,-0.44689152602766463,0.018316018350309146,-0.5285189508112028,1.2317128926246244,-0.2690730453627684,1.3253195873336423
1.5156445556946183,6.828774840154128,-0.2548714586952507,-0.44548476317874874,0.016012662586633846,-0.5230371100118054,1.2707553632233204,-0.26081780861947873,1.3204248595160195
1.5200250312891113,6.841106275981804,-0.24772006126770643,-0.4440172930356864,0.013733692909953786,-0.5173867011890665,1.308648211786533,-0.25258514922196934,1.3155362699947002
1.5244055068836044,6.853507251534806,-0.24068771807229591,-0.44248842590149795,0.011479836712960293,-0.5115728776359382,1.3453380521946803,-0.24437567841243474,1.3106547771553987
1.5287859824780976,6.865972415802707,-0.23378149637703713,-0.4408975101226825,0.009251798299680139,-0.5056010233780548,1.3807734249709693,-0.23618999132668467,1.3057813476024132
1.5331664580725906,6.878496230133065,-0.22700821075606906,-0.4392439333204168,0.007050257903101393,-0.4994767425533662,1.4149048170956515,-0.2280286664587019,1.3009169556971532
1.5375469336670835,6.891072972059262,-0.2203744604410803,-0.43752712360268337,0.004875870739154699,-0.4932058529689476,1.4476844210773538,-0.2198922651347111,1.2960625830778594
1.541927409261577,6.903696739679468,-0.21388653942681274,-0.4357465507751441,0.002729266080783649,-0.4867943776292129,1.4790667423222092,-0.21178133099764762,1.291219218160634
1.54630788485607,6.916361456180989,-0.2075504911263467,-0.43390172749022726,0.000611046385917094,-0.480248532962129,1.5090082424258706,-0.20369638950286478,1.2863878556220363
1.5506883604505632,6.929060874835372,-0.20137216013933396,-0.43199221037119034,-0.0014782135252388805,-0.4735747234396532,1.5374670015457093,-0.1956379474259356,1.2815694958634494
1.5550688360450562,6.941788584496128,-0.19535695056718025,-0.4300176011034991,-0.0035379672950363846,-0.4667795328021735,1.5644043369087925,-0.18760649238342592,1.276765144457497
1.5594493116395494,6.954538015292644,-0.18950990698465636,-0.4279775474750989,-0.005567697774490946,-0.4598697045032492,1.5897842699362839,-0.1796024923674538,1.2719758115768611
1.5638297872340423,6.967302444803326,-0.18383595647369783,-0.4258717444131286,-0.0075669176767708774,-0.45285213754679843,1.613571919596205,-0.17162639529495893,1.2672025114058116
1.5682102628285357,6.980075004635748,-0.1783396221738969,-0.42369993493959446,-0.009535170286619776,-0.44573388105118333,1.6357354184379838,-0.1636786285724085,1.262446261534896
1.5725907384230289,6.992848687298636,-0.17302496509563878,-0.42146191109363723,-0.011472030066581936,-0.4385221133243205,1.656246306653323,-0.15575959867687783,1.2577080823391882
1.5769712140175218,7.005616353325593,-0.16789576853719967,-0.41915751481216046,-0.013377103183102193,-0.43122413291333156,1.6750783084997387,-0.14786969075427092,1.2529889963406189
1.581351689612015,7.0183707388769925,-0.16295547988018783,-0.4167866387546465,-0.015250028034156891,-0.42384734842771987,1.6922077258297246,-0.1400092682354857,1.2482900275548632
1.5857321652065082,7.031104463659079,-0.15820719275063344,-0.41434922708297306,-0.017090475686437092,-0.41639926615210726,1.7076135622155975,-0.13217867247135529,1.2436122008233856
1.5901126408010011,7.0438100390754,-0.15365364067958992,-0.4118452761870677,-0.018898150294371762,-0.4088874787657492,1.7212775700498517,-0.12437822238708052,1.238956541131222
1.5944931163954943,7.056479876744934,-0.14929720387959078,-0.40927483536723774,-0.020672789438585058,-0.40131965254889357,1.7331842099176467,-0.11660821415697153,1.234324072911144
1.5988735919899877,7.069106297243601,-0.14513980424467354,-0.40663800740407413,-0.02241416443280372,-0.39370351645390683,1.743321354396004,-0.10886892090017614,1.2297158193349107
1.6032540675844804,7.081681539113606,-0.1411829761965247,-0.4039349491188852,-0.024122080566631173,-0.3860468431568935,1.7516798194824035,-0.10116059239814207,1.2251328015922962
1.6076345431789736,7.094197768199771,-0.13742807535992635,-0.4011658719030781,-0.02579637724651766,-0.3783574422027185,1.7582519769543452,-0.09348345483451193,1.2205760381586512
1.6120150187734668,7.106647087170808,-0.13387601153198364,-0.39833104210947723,-0.027436928178269093,-0.3706431532338464,1.7630335371832906,-0.08583771055803946,1.2160465440518409
1.61639549436796,7.119021545316099,-0.13052720121336092,-0.3954307814136531,-0.029043641448936005,-0.3629118235455978,1.7660238680019482,-0.07822353786923336,1.2115453300793324
1.620775969962453,7.13131314836987,-0.12738182391111041,-0.3924654671077063,-0.030616459512736914,-0.3551712984630652,1.7672242879773061,-0.07064109083128439,1.2070734020763545
1.625156445556946,7.143513868705103,-0.1244397100977731,-0.3894355323248502,-0.03215535918837454,-0.3474294138643369,1.7666388148471805,-0.0630904991058519,1.2026317601359935
1.6295369211514392,7.155615655820662,-0.12170025157135655,-0.38634146621662985,-0.03366035157963164,-0.33969398004002926,1.7642747643018222,-0.05557186781423187,1.1982213978321683
1.6339173967459324,7.1676104465884904,-0.1191624998260235,-0.3831838140139184,-0.03513148193136749,-0.33197276893176914,1.760142094585966,-0.04808527742441798,1.1938433014364933
1.6382978723404251,7.179490175800165,-0.11682524851570047,-0.37996317704673505,-0.03656882943815314,-0.3242735037234236,1.7542528568735638,-0.04063078366447356,1.1894984491299774
1.6426783479349183,7.191246787017906,-0.11468697893802898,-0.37668021269903157,-0.03797250700906601,-0.3166038509148704,1.746621558406684,-0.03320841746267636,1.1851878102106095
1.6470588235294117,7.202872243430474,-0.11274570305558868,-0.3733356342473418,-0.039342661006902944,-0.3089714067470437,1.7372662079450207,-0.02581818491474147,1.180912344297901
1.6514392991239049,7.214358538550351,-0.11099910194466989,-0.3699302106656494,-0.04067947089416689,-0.30138368009607075,1.7262073914731968,-0.018460067278535053,1.1766730005354435
1.655819774718398,7.225697707106725,-0.10944470896467878,-0.3664647663581865,-0.04198314882226372,-0.29384808696853587,1.7134670492900512,-0.0111340209964855,1.1724707167926045
1.660200250312891,7.23688183615445,-0.10807971013819018,-0.36294018078489926,-0.043253939229136965,-0.28637194414508726,1.6990698043113939,-0.003839977745967227,1.1683064188664778
1.6645807259073842,7.247903076069076,-0.1069008874427701,-0.3593573880216381,-0.04449211837293092,-0.27896245205458703,1.6830433371924531,0.0034221554821785016,1.1641810196852482
1.668961201501877,7.258753651282055,-0.10590481949096439,-0.35571737624263916,-0.045697993779609876,-0.27162668508378274,1.6654170450111652,0.010652496276806783,1.1600954185141312
1.6733416770963705,7.26942587128802,-0.10508778079415543,-0.3520211871386887,-0.04687190369146718,-0.2643715862106849,1.646222708963555,0.017851186671278718,1.1560505001650676
1.6777221526908634,7.279912141750377,-0.10444574982208354,-0.3482699152673084,-0.048014216467807784,-0.25720395150873254,1.625494436301499,0.025018392979833742,1.1520471342113492
1.6821026282853566,7.290204974993514,-0.1039746117220435,-0.3444647072978932,-0.049125329897832845,-0.25013042523369194,1.603267303838998,0.03215430560557703,1.1480861742084345
1.6864831038798498,7.300297000861175,-0.10366987313207227,-0.340606761170281,-0.05020567055789176,-0.24315749622441848,1.5795792535880582,0.039259138820124245,1.1441684569221107
1.690863579474343,7.310180977497256,-0.10352664455177552,-0.3366973252108051,-0.05125569309304834,-0.2362914764328743,1.5544712043935305,0.046333130515052806,1.1402948015652408
1.695244055068836,7.319849801549027,-0.10354005009736009,-0.3327376971978881,-0.052275879386308934,-0.22953849627410425,1.52798431400352,0.05337654192525715,1.1364660090443413
1.699624530663329,7.329296518590775,-0.10370506665574775,-0.32872922328304766,-0.05326673779903852,-0.2229045071584106,1.5001610441819995,0.060389657324567,1.1326828612171767
1.7040050062578225,7.338514333456756,-0.1040162869402533,-0.32467329686777413,-0.054228802362552335,-0.21639526755946795,1.4710467328501389,0.06737278369380048,1.1289461201626314
1.7083854818523152,7.347496620066369,-0.10446803952027628,-0.32057135743768017,-0.055162631896514665,-0.21001633173184595,1.440688786116026,0.07432625036162713,1.125256527464029
1.7127659574468084,7.356236931246523,-0.10505457405928395,-0.31642488927318,-0.0560688091015084,-0.20377304285270686,1.4091354347593072,0.08125040861866173,1.121614803507176
1.7171464330413015,7.364729008443672,-0.10577012056834192,-0.31223542016718525,-0.05694793961733298,-0.19767053264816592,1.3764353306589556,0.08814563130517745,1.1180216467942508
1.7215269086357947,7.3729667907241545,-0.10660860022933386,-0.3080045199911567,-0.05780065111225446,-0.1917137180663715,1.342639465078819,0.09501231237299405,1.1144777332747973
1.725907384230288,7.380944424044988,-0.10756363753175135,-0.3037337992003797,-0.05862759231210439,-0.18590728411069452,1.3078010777908555,0.10185086642210507,1.1109837156949665
1.7302878598247808,7.388656270161416,-0.10862892896867957,-0.29942490738104877,-0.05942943193919325,-0.18025568129233144,1.2719731894157946,0.10866172821254005,1.1075402229661155
1.734668335419274,7.396096914858066,-0.10979802614652132,-0.2950795316183792,-0.06020685771890663,-0.1747631300750122,1.2352100364790526,0.11544535215229373,1.1041478595540068
1.7390488110137672,7.4032611763110125,-0.1110642088847971,-0.29069939482222124,-0.06096057535754011,-0.16943360578749594,1.1975679062494944,0.12220221176189265,1.1008072048895938
1.74342928660826,7.410144112946261,-0.1124208313584058,-0.2862862540784254,-0.061691307416812405,-0.16427083572713227,1.159102818133464,0.12893279911642014,1.0975188128025781
1.7478097622027533,7.416741030946461,-0.11386107390672881,-0.281841898843564,-0.062399792266087044,-0.1592783043861611,1.1198721662455677,0.13563762426580173,1.0942832109787122
1.7521902377972465,7.423047491381829,-0.11537783331902646,-0.277368149092863,-0.06308678300275117,-0.1544592361929719,1.0799354384922437,0.1423172146342392,1.091100900441961
1.7565707133917396,7.429059317066438,-0.11696420532155058,-0.2728668535481264,-0.06375304625325529,-0.14981659440200487,1.039350988177172,0.14897211439957977,1.0879723550623974
1.7609511889862328,7.434772599079132,-0.11861322475386848,-0.2683398877172581,-0.06439936108353725,-0.1453530921312514,0.998177753089264,0.15560288385373525,1.0848980210909054
1.7653316645807258,7.440183702738974,-0.12031755669472635,-0.2637891518871775,-0.0650265178968639,-0.1410711762185058,0.9564773012830077,0.16221009874503628,1.0818783167215245
1.769712140175219,7.4452892732995695,-0.12206997654349827,-0.25921656919190167,-0.06563531720284474,-0.13697302030434386,0.9143106176560227,0.16879434960352313,1.0789136316823413
1.774092615769712,7.4500862410950095,-0.12386338659700782,-0.2546240835662022,-0.06622656845451101,-0.13306053683980898,0.8717379797946292,0.17535624105033734,1.0760043268557602
1.778473091364205,7.454571826323345,-0.12569044558577083,-0.2500136576311558,-0.06680108892252232,-0.12933537127924216,0.8288214136358998,0.18189639109223757,1.0731507339289321
1.7828535669586982,7.458743543762665,-0.12754376838128034,-0.2453872706279767,-0.06735970248140441,-0.12579889257111126,0.785623348311309,0.18841543040243341,1.070353155075079
1.7872340425531914,7.462599206519433,-0.1294160651452778,-0.24074691629122721,-0.06790323840042538,-0.12245219912364981,0.7422056743063296,0.1949140015888045,1.0676118626664084
1.7916145181476846,7.466136929239328,-0.1313000238494891,-0.23609460064591803,-0.06843253018202278,-0.11929611754831612,0.6986305119761929,0.20139275845087906,1.0649270990192934
1.7959949937421775,7.46935513162429,-0.13318835300504206,-0.231432339893192,-0.06894841434165346,-0.11633120190212301,0.6549599125876664,0.20785236522655193,1.062299076172212
1.8003754693366707,7.472252541011545,-0.1350736477683338,-0.22676215815778583,-0.06945172923960274,-0.11355773505548224,0.6112567359296802,0.21429349583003798,1.0597279756970854
1.804755944931164,7.4748281941671095,-0.13694849840645698,-0.22208608527878088,-0.0699433138728354,-0.110975720233365,0.5675839124821593,0.22071683308211892,1.0572139485444494
1.809136420525657,7.477081439138024,-0.13880575548535146,-0.2174061546645984,-0.07042400663261818,-0.10858488884460572,0.5240026611949797,0.22712306793404372,1.054757114922845
1.81351689612015,7.479011936542574,-0.14063829627296526,-0.21272440099700834,-0.07089464416495593,-0.10638470765352823,0.48057403149362066,0.2335128986864427,1.0523575642128655
1.8178973717146432,7.480619660291953,-0.14243883987581415,-0.20804285800485173,-0.07135606019109604,-0.10437437309639057,0.4373601208602505,0.23988703020443158,1.050015354916113
1.8222778473091363,7.481904897752491,-0.14420012885832684,-0.20336355623788888,-0.07180908431815171,-0.10255280777981343,0.3944228491970803,0.24624617313030345,1.0477305146393325
1.8266583229036293,7.482868249488762,-0.14591520068012762,-0.19868852087941632,-0.07225454082891955,-0.10091866553314752,0.3518221346619248,0.2525910430950855,1.0455030401139207
1.831038798498123,7.483510628921199,-0.14757718257855498,-0.19401976951688216,-0.07269324753673716,-0.0994703439002183,0.30961724625551457,0.25892235993027624,1.0433328972508964
1.835419274092616,7.4838332608661515,-0.14917906142383555,-0.18935930987912866,-0.07312601468482402,-0.09820597734128925,0.2678683230352874,0.2652408468811617,1.0412200212314733
1.8397997496871088,7.483837679767335,-0.15071406761158487,-0.1847091377328619,-0.0735536437415513,-0.0971234363990446,0.22663380080851359,0.27154722982281676,1.039164316633169
1.844180225281602,7.483525728162416,-0.15217562603048804,-0.18007123469545247,-0.07397692629243746,-0.09622034346572383,0.18597072443309623,0.27784223648034867,1.0371656575914217
1.848560700876095,7.482899553802508,-0.15355709220313363,-0.17544756601948927,-0.0743966429736757,-0.09549406920908086,0.14593649210903772,0.2841265956544603,1.0352238879966356
1.852941176470588,7.481961606649379,-0.15485205094079232,-0.1708400785423369,-0.07481356233275639,-0.09494173304661466,0.10658685067696387,0.2904010364537176,1.0333388217264363
1.8573216520650813,7.480714635556776,-0.1560543359375289,-0.16625069861377803,-0.07522843976618364,-0.09456021714917054,0.06797575117499416,0.2966662875346826,1.0315102429129
1.8617021276595744,7.479161684310175,-0.15715781258879774,-0.1616813299711576,-0.07564201650283134,-0.09434616817395716,0.03015678254906584,0.3029230763512899,1.0297379062445353
1.866082603254068,7.477306087560507,-0.15815648340719024,-0.15713385175156316,-0.07605501855682463,-0.09429599871028915,-0.006817544370847198,0.3091721284144793,1.0280215373025463
1.8704630788485608,7.4751514658279845,-0.15904461876454418,-0.1526101165279635,-0.07646815572364246,-0.09440589528639973,-0.04289668157720445,0.31541416656340227,1.0263608329311145
1.8748435544430535,7.472701720459713,-0.15981673052659637,-0.14811194836510755,-0.07688212060312602,-0.09467182756291302,-0.07803188107659219,0.32164991024928596,1.0247554616411017
1.879224030037547,7.469961028223543,-0.16046747763283634,-0.1436411409033753,-0.07729758767618283,-0.09508955491963407,-0.11217557819640703,0.32788007483306786,1.0232050640467545
1.88360450563204,7.4669338353157935,-0.16099170421043502,-0.139199455537348,-0.0777152123855316,-0.09565463024145524,-0.1452816578205801,0.33410537089789216,1.0217092533347902
1.887984981226533,7.463624851079292,-0.1613844979859183,-0.1347886196460761,-0.0781356302455972,-0.09636240884047462,-0.177305855598948,0.3403265035774184,1.0202676157652455
1.8923654568210264,7.460039041285167,-0.16164127175604218,-0.13041032480299128,-0.07855945600147415,-0.0972080557549505,-0.20820631302033937,0.34654417190109915,1.018879711203452
1.8967459324155196,7.456181621303981,-0.16175773865909504,-0.12606622514307964,-0.07898728280277026,-0.09818655953985536,-0.23794342344010277,0.3527590681571118,1.0175450736823541
1.9011264080100123,7.452058048729963,-0.16172969568063705,-0.1217579357220416,-0.0794196814834959,-0.09929273821221785,-0.26647839972396975,0.35897187727410323,1.0162632119944623
1.9055068836045053,7.447674015643076,-0.16155333149925655,-0.11748703095230538,-0.07985719978794305,-0.10052124048793512,-0.2937753369796744,0.3651832762223675,1.0150336103126019
1.9098873591989989,7.44303544065634,-0.16122533945317033,-0.1132550431392521,-0.08030036166149349,-0.10186656981595342,-0.3198019754261216,0.37139393343537225,1.013855728838593
1.914267834793492,7.438148460888833,-0.16074246018149435,-0.1090634609946715,-0.08074966668714785,-0.10332309228153287,-0.34452666124548575,0.37760450825231046,1.0127290044789976
1.9186483103879848,7.433019423503404,-0.16010170838136165,-0.10491372829190868,-0.08120558944550108,-0.10488503401621403,-0.36791986726301984,0.3838156503823722,1.0116528515469523
1.923028785982478,7.427654876558401,-0.15930070863899698,-0.10080724262502994,-0.08166857892870488,-0.10654650243679681,-0.38995644009311375,0.39002799939127514,1.0106266624891926
1.9274092615769711,7.422061560373801,-0.15833745505191504,-0.09674535412768721,-0.08213905808654161,-0.10830150333045353,-0.4106140061615189,0.3962421842107372,1.0096498086371741
1.9317897371714643,7.416246398476709,-0.15721014820644413,-0.09272936430722091,-0.0826174233900877,-0.11014394813252598,-0.4298718926614881,0.4024588226712599,1.0087216409813258
1.9361702127659572,7.410216487963433,-0.15591730052857644,-0.08876052498479298,-0.08310404444161326,-0.11206766155297586,-0.4477118369585563,0.40867852105867286,1.0078414909673479
1.9405506883604504,7.403979090013711,-0.15445803448553563,-0.08484003728839835,-0.08359926360502674,-0.11406639507421547,-0.4641199813142486,0.414901873694833,1.0070086713134598
1.944931163954944,7.3975416202303474,-0.1528319623239913,-0.08096905074463283,-0.08410339573414402,-0.11613385206390803,-0.47908607719572316,0.4211294625426902,1.0062224768474928
1.9493116395494368,7.390911638931637,-0.15103876869478308,-0.07714866234326533,-0.08461672802319774,-0.11826369427605284,-0.49260070901011843,0.4273618568360547,1.0054821853626814
1.9536921151439297,7.3840968411106935,-0.1490787039153402,-0.07337991576856472,-0.08513951979195049,-0.12044954264745773,-0.5046585876451699,0.43359961273410724,1.004787058491023
1.9580725907384229,7.377105046326642,-0.14695284260960867,-0.06966380078258418,-0.08567200234330444,-0.12268501268704068,-0.51526027884683,0.4398432730007388,1.004136342592997
1.962453066332916,7.369944188749404,-0.14466235884832024,-0.0660012524616927,-0.08621437905863186,-0.1249637303735603,-0.5244073759108502,0.4460933667088485,1.0035292696625002
1.9668335419274088,7.3626223068388414,-0.14220875969233193,-0.06239315065049854,-0.08676682539441691,-0.12727932524123137,-0.5321040602788893,0.45235040896944195,1.0029650582457605
1.9712140175219024,7.355147533299737,-0.1395944236589706,-0.0588403195571126,-0.08732948891710193,-0.12962546000482716,-0.5383606940123867,0.458614900685321,1.0024429143730536
1.9755944931163956,7.347528085048246,-0.13682206217237308,-0.05534352724869919,-0.08790248955949825,-0.13199585509272452,-0.5431902328244925,0.46488732832944535,1.001962032501972
1.9799749687108883,7.339772252456551,-0.13389463668441773,-0.05190348530077456,-0.08848591987041926,-0.134384286806323,-0.5466076758909545,0.47116816374733955,1.0015215964710935
1.9843554443053817,7.331888389442877,-0.13083945641252442,-0.04852084860090501,-0.08907984525484869,-0.13678460707858808,-0.5487907187441294,0.4774578639835425,1.001120780462733
1.9887359198998744,7.3238849037716705,-0.13047468061433462,-0.04519621509896366,-0.08968430439693503,-0.13919215054713466,-0.5685231034358064,0.48375687113137017,1.000758749973612
1.993116395494368,7.315770254662181,-0.1480673229758918,-0.04193009303280935,-0.09029932184015234,-0.14176550210003688,-0.707581532953883,0.4900656122059381,1.000434662792232
1.997496871088861,7.307553989875257,-0.20365447778251133,-0.038719066010904454,-0.09092632712694922,-0.14539226424243593,-1.0995694118107127,0.4963844990393356,1.0001476699817027
2.001877346683354,7.299251022851705,-0.2826146643252904,-0.035542368369034974,-0.09157312638611564,-0.1514012289229236,-1.6471486397083699,0.5027139281549784,0.9998969168669105
2.0062578222778478,7.290882575782515,-0.3381200872078254,-0.032364904097703366,-0.0922527894809507,-0.15982532414108172,-2.0383678874008133,0.5090542756444659,0.9996815440738431
2.0106382978723403,7.282469233382189,-0.35114737243557387,-0.02916487228809845,-0.09297339980075753,-0.16926016016376053,-2.1465500009831695,0.51540587932619,0.99950068896994
2.015018773466833,7.274027361781705,-0.3415155013681157,-0.025940014860137302,-0.09373572079277825,-0.1786308056986208,-2.103836576719856,0.5217690326142438,0.9993534875146357
2.0193992490613266,7.265571339036349,-0.3274815283260034,-0.02269351466976671,-0.09453842415771938,-0.1876911205401598,-2.0319200910415782,0.528143985484641,0.9992390760960567
2.02377972465582,7.2571147457936505,-0.31319544199062366,-0.019428538450725487,-0.09538011917045898,-0.19643166505231685,-1.958446023599321,0.5345309456028813,0.9991565932737008
2.028160200250313,7.248670394449854,-0.29876454476882,-0.016148135818922847,-0.0962593949088298,-0.20484824569135243,-1.8841093929993142,0.5409300794720214,0.9991051814270652
2.032540675844806,7.24025033530896,-0.28422020034556783,-0.012855242058687905,-0.09717482394224979,-0.21293750671415446,-1.8090997219125329,0.5473415135974509,0.9990839883109721
2.036921151439299,7.23186586462481,-0.2695930425868463,-0.009552680928097423,-0.09812496598150178,-0.22069691460437466,-1.7336024110583261,0.5537653356647352,0.9990921685185415
2.0413016270337923,7.223527534376193,-0.25491289235364384,-0.006243167496691096,-0.09910837143071363,-0.22812473749904977,-1.6577981657130183,0.5602015957270119,0.9991288848529922
2.045682102628285,7.215245163639499,-0.24020869640654277,-0.0029293109945372,-0.10012358485679738,-0.23522002460133626,-1.5818625694133706,0.5666503073985899,0.9991933096096248
2.0500625782227786,7.20702785146235,-0.2255084361774652,0.0003863823348972317,-0.10116914836095231,-0.2419825818757881,-1.505965456749083,0.5731114490515686,0.9992846257695223
2.0544430538172715,7.198883990977128,-0.2108390478825501,0.003701506382630255,-0.1022436048351045,-0.24841294597169272,-1.430270361767869,0.579584965012431,0.9994020281066704
2.0588235294117645,7.190821284817312,-0.19622633342597223,0.007013752333876762,-0.10334550110488569,-0.2545123550870965,-1.3549339050656601,0.5860707667557757,0.9995447242103176
2.063204005006258,7.182846761701657,-0.1816949220934339,0.01032090583614644,-0.10447339093076169,-0.2602827175358577,-1.2801055195305358,0.5925687340924779,0.9997119354245461
2.067584480600751,7.174966793811271,-0.16726822462498755,0.013620844194412281,-0.1056258378756764,-0.2657265802103006,-1.2059271254626656,0.5990787163497767,0.9999028977071283
2.071964956195244,7.167187115187199,-0.15296836916505419,0.016911533592609936,-0.10680141802984006,-0.27084709430012327,-1.1325326850510942,0.6056005335409499,1.0001168624098367
2.076345431789737,7.159512840917853,-0.13881617655196504,0.02019102634283907,-0.10799872257807526,-0.27564797986746353,-1.060048019298694,0.6121339775223955,1.0003530969824637
2.08072590738423,7.151948486808606,-0.12483114347914501,0.023457458175944357,-0.10921636021433846,-0.2801334899582957,-0.9885906777005957,0.6186788131361287,1.0006108856028888
2.085106382978723,7.1444979897499525,-0.1110314074420801,0.026709045571058472,-0.11045295939465256,-0.2843083740374537,-0.918269686754257,0.6252347793358735,1.0008895297355733
2.0894868585732165,7.137164728511114,-0.0974337173888149,0.029944083131644345,-0.11170717043139308,-0.2881778399058215,-0.8491853368030616,0.6318015902950701,1.0011883486209228
2.093867334167709,7.129951544807132,-0.08405349088998725,0.03316094100577595,-0.11297766741265956,-0.29174751526366405,-0.7814295459717546,0.638378936495315,1.0015066796980017
2.098247809762203,7.122860764776178,-0.07090480740678903,0.036358062360122574,-0.11426314995989208,-0.2950234128252638,-0.7150857984460773,0.6449664857938877,1.0018438789630895
2.102628285356696,7.115894220536186,-0.05800031260416556,0.03953396092059981,-0.11556234484177519,-0.298011891338457,-0.6502284901651025,0.6515638844691787,1.0021993212666147
2.1070087609511887,7.109053271806756,-0.045351324370327704,0.04268721855015039,-0.11687400739039151,-0.3007196149623981,-0.5869236194698539,0.6581707582429863,1.0025724005509908
2.111389236545682,7.102338827686954,-0.032967912337044394,0.045816482889668025,-0.11819692275935981,-0.3031535203522678,-0.5252293015114161,0.6647867132787907,1.002962530031887
2.115769712140175,7.09575136833384,-0.020858809287624902,0.04892046507729629,-0.1195299070517882,-0.30532078053633943,-0.46519516243280795,0.6714113371552505,1.0033691423254638
2.1201501877346685,7.089290966494351,-0.00903145911339815,0.05199793751299335,-0.12087180826199923,-0.3072287666884172,-0.40686264417594337,0.6780441998143117,1.0037916895240895
2.1245306633291614,7.082957308947011,0.0025078793973956556,0.055047731689053754,-0.12222150706870108,-0.30888501468505436,-0.35026568194438734,0.6846848544834238,1.0042296432230247
2.1289111389236544,7.076749717634747,0.013754117561328036,0.05806873608787141,-0.12357791748386647,-0.31029719280914114,-0.29543079017695584,0.6913328385715061,1.0046824945005517
2.133291614518148,7.070667170556936,0.0247033526663986,0.06105989414796664,-0.12493998736304827,-0.3114730690528924,-0.24237694321045364,0.6979876745383974,1.0051497538539884
2.1376720901126407,7.064708322453586,0.03535278491182485,0.0640202022924611,-0.12630669876788,-0.3124204777837015,-0.19111611587090832,0.70464887073764,1.005630951093978
2.1420525657071336,7.0588715249588345,0.04570060283758672,0.06694870801299167,-0.12767706818451371,-0.31314729178394046,-0.14165403450269967,0.7113159222325589,1.0061256351994423
2.146433041301627,7.053154846425573,0.05574599939239074,0.06984450803649296,-0.12905014664124712,-0.31366139548579414,-0.09399005762734813,0.7179883115856712,1.006633374135495
2.15081351689612,7.047556091355269,0.06548915826484702,0.07270674654935012,-0.1304250196925389,-0.31397065596745305,-0.048117255230020674,0.7246655096215673,1.0071537546366094
2.155193992490613,7.0420728193802855,0.07493113123218711,0.07553461348197002,-0.13180080728263724,-0.3140828968862069,-0.004023214998552686,0.7313469761634829,1.0076863819572586
2.1595744680851063,7.0367023637118695,0.08407375449600274,0.07832734285930484,-0.1331766635013238,-0.3140058765369857,0.03830941091131932,0.7380321607438477,1.0082308795922017
2.1639549436795997,7.031441849026319,0.09291967593591642,0.08108421121707753,-0.1345517762554033,-0.31374726656447494,0.07890309812559262,0.7447205032891715,1.0087868889685465
2.1683354192740927,7.026288209013079,0.10147229492827681,0.08380453608235233,-0.13592536683794954,-0.31331462834074025,0.11778505897282984,0.7514114347797077,1.0093540691116367
2.1727158948685856,7.0212382032562335,0.10973562413620501,0.08648767450234535,-0.13729668939296016,-0.31271539511084573,0.15498633089239774,0.7581043778843507,1.0099320962867933
2.1770963704630786,7.016288433566298,0.11771427829700715,0.08913302164456617,-0.1386650303282467,-0.31195685634330667,0.19054171101627315,0.7647987475713243,1.0105206636188462
2.181476846057572,7.011435359845901,0.12541345393883271,0.09174000945398442,-0.14002970764298703,-0.31104614045152595,0.2244896298989886,0.7714939516952241,1.0111194806913515
2.185857321652065,7.006675315315433,0.13283884309758665,0.09430810536143369,-0.1413900701893261,-0.30999020025194207,0.25687158490768647,0.7781893915610376,1.0117282731273314
2.1902377972465583,7.002004521202681,0.1399965553447693,0.09683681104690126,-0.14274549687254495,-0.3087958006442001,0.2877316286524535,0.7848844624658025,1.0123467821533068
2.1946182728410517,6.997419100888668,0.14689310900086577,0.09932566126234907,-0.14409539580476838,-0.3074695085529965,0.3171163182567781,0.7915785542185692,1.0129747641483333
2.198998748435544,6.992915093477318,0.15353538481057938,0.10177422270421951,-0.14543920341704705,-0.3060176810479668,0.34507441404239914,0.7982710516394029,1.0136119901796992
2.2033792240300376,6.988488466825265,0.15993050924595845,0.10418209292420276,-0.1467763835089855,-0.3044464579289078,0.3716561088117045,0.8049613350381255,1.0142582455268736
2.2077596996245306,6.984135129987032,0.1660858730969283,0.10654889930690102,-0.1481064262959246,-0.3027617565947698,0.3969131586001817,0.8116487806735627,1.0149133291952457
2.2121401752190235,6.979850945132351,0.17200909856549296,0.10887429808380898,-0.14942884741359183,-0.3009692634774586,0.4208986698778933,0.8183327611940504,1.0155770534211253
2.216520650813517,6.9756317389678655,0.17770792434999472,0.11115797338525442,-0.15074318689024663,-0.29907443078324747,0.44366633976493536,0.8250126460599545,1.016249243169425
2.22090112640801,6.9714733135674765,0.18319021246006822,0.11339963634911263,-0.1520490081228258,-0.2970824745786871,0.46527050740637066,0.8316878019489867,1.0169297356253846
2.225281602002503,6.967371456685302,0.1884639248372867,0.11559902425880864,-0.15334589683229347,-0.2949983710756443,0.4857660038565203,0.8383575931450804,1.017618379681644
2.229662077596996,6.963321951638097,0.19353704755079315,0.11775589972315281,-0.15463346000722947,-0.29282685603973646,0.5052076521842689,0.8450213819115935,1.0183150354219046
2.234042553191489,6.959320586604031,0.19841757579991096,0.1198700498969943,-0.1559113248540327,-0.2905724254515609,0.523650172686111,0.8516785288495996,1.0190195736023857
2.2384230287859825,6.955363163500161,0.20311348623225856,0.12194128573046349,-0.15717913774626457,-0.28823933574311067,0.5411480033453004,0.8583283932420297,1.0197318751322024
2.2428035043804755,6.951445506340015,0.20763269334802742,0.12396944125371297,-0.1584365631769377,-0.28583160603425384,0.5577550139620965,0.8649703333843907,1.0204518305537646
2.2471839799749684,6.947563469174538,0.211983025169664,0.12595437289657863,-0.15968328272743468,-0.2833530208704738,0.5735243484872358,0.8716037069028114,1.0211793395242241
2.251564455569462,6.943712943615588,0.21617220740754983,0.12789595883454005,-0.16091899404376972,-0.28080713384581696,0.5885083238200653,0.8782278710601131,1.0219143102989574
2.255944931163955,6.939889865796241,0.2202078561113314,0.12979409836152694,-0.1621434098372728,-0.2781972712198895,0.6027583849986964,0.8848421830506031,1.0226566592180286
2.260325406758448,6.936090223087397,0.22409740926163774,0.13164871128979372,-0.1633562568924644,-0.2755265359359581,0.6163246531456267,0.8914460002842851,1.0234063101965034
2.264705882352941,6.932310060315769,0.22784811370049368,0.13345973737517208,-0.16455727510298898,-0.272797815204632,0.6292558421688106,0.8980386806611157,1.0241631942194738
2.269086357947434,6.928545485565723,0.23146707520272708,0.13522713576743373,-0.16574621654590926,-0.2700137852408071,0.6415995962352892,0.904619582835974,1.0249272488425778
2.2734668335419275,6.924792675675862,0.23496118327551618,0.13695088447641765,-0.16692284455909195,-0.2671769158955446,0.6534019919939902,0.9111880664749248,1.025698417698766
2.2778473091364204,6.921047881357921,0.23833708202005138,0.1386309798611439,-0.1680869328561017,-0.26428947975863365,0.66470734772605,0.917743492503381,1.0264766500120235
2.2822277847309134,6.91730743193541,0.24160121519517713,0.14026743614140905,-0.1692382646833266,-0.2613535584560982,0.6755585270251205,0.9242852233467274,1.027261900118713
2.2866082603254068,6.913567739754225,0.2447597756895588,0.1418602849179445,-0.17037663199000985,-0.2583710490939973,0.6859966051440954,0.9308126231639295,1.0280541269971606
2.2909887359199,6.909825304261249,0.24781871070734662,0.14340957471333943,-0.17150183464183527,-0.25534367348081344,0.6960609066267147,0.9373250580746443,1.0288532938060653
2.2953692115143927,6.906076715789459,0.25078373365475065,0.14491537053154943,-0.17261367967173707,-0.25227298423781597,0.7057890874880082,0.9438218963803201,1.0296593674322794
2.299749687108886,6.902318659083368,0.2536602667067816,0.1463777534211436,-0.17371198054699333,-0.24916037330813323,0.7152167552375868,0.9503025087797335,1.0304723180484632
2.304130162703379,6.89854791641055,0.256453484101683,0.14779682005767714,-0.17479655649462061,-0.24600708139184857,0.7243777602933723,0.9567662685793847,1.031292118681081
2.3085106382978724,6.89476137047694,0.2591683177649117,0.14917268233644,-0.1758672318510666,-0.24281420389768615,0.7333042361898117,0.9632125518991751,1.0321187447891784
2.3128911138923653,6.890956007115264,0.2618093913939335,0.1505054669727468,-0.17692383543974763,-0.23958270003550053,0.7420261628079113,0.9696407378737093,1.0329521738543215
2.3172715894868583,6.887128917636759,0.26438106329121136,0.15179531511310385,-0.1779662000004225,-0.2363134025908574,0.7505716545207168,0.9760502088495975,1.033792384982083
2.321652065081352,6.88327730094204,0.2668874795874974,0.15304238195784364,-0.17899416165233434,-0.23300702448893595,0.7589673175310253,0.9824403505790538,1.0346393585153844
2.3260325406758446,6.879398465405463,0.26933250369100076,0.15424683638476513,-0.18000755938107477,-0.2296641654416079,0.7672377820415708,0.9888105524100923,1.0354930756600065
2.330413016270338,6.875489830564401,0.2717196745841711,0.1554088605773757,-0.1810062345599587,-0.22628532261312811,0.7754054267119693,0.9951602074735971,1.0363535181225252
2.334793491864831,6.87154892858266,0.2740523180489979,0.15652864967442026,-0.181990030530343,-0.222870899679886,0.7834911224971842,1.0014887128674863,1.037220667760909
2.339173967459324,6.867573405417866,0.2763335529480847,0.15760641141361184,-0.18295879220235645,-0.21942121097435024,0.7915142768964859,1.0077954698382103,1.038094506247993
2.3435544430538173,6.863561021845132,0.27856618351174595,0.1586423657721705,-0.1839123656714956,-0.21593649016178798,0.7994921182638363,1.0140798839597547,1.0389750147479946
2.3479349186483103,6.859509654328891,0.28075276424941326,0.15963674462683416,-0.18485059789539385,-0.21241690065746996,0.8074401308171939,1.0203413653103293,1.039862173606226
2.3523153942428032,6.855417295619551,0.2828956679136472,0.160589791414276,-0.18577333640167998,-0.20886254048561517,0.8153725099958079,1.0265793286468954,1.040755962052125
2.3566958698372966,6.851282055209486,0.2849970102975474,0.16150176078523956,-0.18668042900728327,-0.2052734487102034,0.8233016634153858,1.0327931935776349,1.0416563579157025
2.3610763454317896,6.847102159607278,0.28705865662611424,0.1623729182716239,-0.18757172358265412,-0.20164961466855086,0.8312382556966023,1.0389823847324833,1.0425633373574676
2.3654568210262825,6.842875952464249,0.2890822887161836,0.16320353995513992,-0.18844706785195345,-0.19799098400594248,0.8391916584069579,1.0451463319318077,1.0434768746118899
2.369837296620776,6.8386018945057,0.2910693758547135,0.1639939121315316,-0.18930630921013566,-0.19429746396900763,0.8471697581545458,1.0512844703532844,1.0443969417444088
2.374217772215269,6.834278563277142,0.2930211615449293,0.16474433098133404,-0.19014929456951613,-0.1905689311209501,0.8551788704239686,1.0573962406970294,1.045323508421994
2.3785982478097623,6.829904652846474,0.2949387145552765,0.1654551022462773,-0.19097587024443458,-0.18680523739021496,0.8632240820599947,1.063481089349019,1.0462565416972338
2.382978723404255,6.825478973286919,0.2968229323444245,0.16612654090230258,-0.19178588185082127,-0.18300621478660775,0.8713092762808129,1.0695384685427947,1.0471960058059002
2.387359198998748,6.821000449979971,0.29867451860752947,0.16675897083220945,-0.19257917423217802,-0.1791716812281563,0.8794369851688002,1.0755678365194685,1.0481418619779346
2.391739674593241,6.816468122867518,0.3004939936077248,0.16735272450432956,-0.19335559141017675,-0.1753014465512336,0.8876084606893014,1.0815686576860053,1.0490940682617578
2.3961201501877345,6.811881145547039,0.3022817311812892,0.16790814265198442,-0.19411497656330884,-0.17139531771605512,0.8958239235286988,1.0875404027717501,1.0500525793618058
2.400500625782228,6.807238784222586,0.3040379635407202,0.16842557395317823,-0.1948571720230793,-0.16745310263382798,0.9040825972502797,1.0934825489831697,1.051017346489163
2.404881101376721,6.802540416592208,0.3057627840264642,0.1689053747139498,-0.19558201928617522,-0.16347461507639188,0.9123827287500959,1.0993945801567429,1.051988317225153
2.409261576971214,6.797785530556534,0.30745614398525045,0.1693479085484317,-0.19628935905369263,-0.15945967832271357,0.9207215695787915,1.1052759869099555,1.0529654353977276
2.413642052565707,6.792973722807838,0.3091178360835518,0.1697535460587817,-0.19697903127522873,-0.15540813023128516,0.9290952668318009,1.111126266790306,1.053948640970483
2.4180225281602,6.788104697409526,0.31074757162964217,0.170122664529953,-0.19765087523255956,-0.15131982784359796,0.9374993806645943,1.1169449244222653,1.0549378699441008
2.422403003754693,6.783178264252869,0.31234497245485504,0.17045564761650203,-0.19830472962404824,-0.14719464792170442,0.9459288322556866,1.1227314716520962,1.055933054270021
2.4267834793491865,6.778194337329691,0.3139095125892883,0.17075288502416577,-0.19894043265303868,-0.14303249201060628,0.9543775171008168,1.1284854276904295,1.0569341217761226
2.4311639549436794,6.77315293296155,0.3154405892726704,0.17101477220651834,-0.19955782215662538,-0.1388332903591164,0.9628387804410138,1.1342063192525176,1.0579409961041777
2.4355444305381724,6.768054168011509,0.31693752233944705,0.1712417100581195,-0.20015673572836232,-0.13459700281834694,0.9713054152088506,1.1398936806960536,1.0589535966588324
2.4399249061326658,6.762898257963965,0.31839954464811016,0.17143410461003558,-0.20073701085492868,-0.13032362278502432,0.9797696002538308,1.1455470541564516,1.0599718385678614
2.4443053817271587,6.75768551487659,0.3198258382770731,0.17159236672804143,-0.2012984850733868,-0.12601317863423728,0.9882231436602111,1.1511659896794788,1.060995632653427
2.448685857321652,6.752416345365278,0.3212154930349963,0.17171691180990667,-0.2018409961203641,-0.12166573553528888,0.9966572081672643,1.1567500453511343,1.0620248854140582
2.453066332916145,6.7470912484304595,0.32256754025014,0.17180815949262346,-0.20236438210525906,-0.11728139929159079,1.005062538383444,1.1622987874246584,1.063059499017071
2.457446808510638,6.741710813241581,0.3238809949889029,0.17186653336114957,-0.20286848169304128,-0.11286031615859332,1.013429744185022,1.1678117904445662,1.064099371301125
2.4618272841051314,6.736275716977082,0.32515481661253254,0.17189246065332475,-0.2033531342758383,-0.10840267420890333,1.0217490397280522,1.173288637367586,1.0651443957886109
2.4662077596996244,6.730786722424537,0.32638792111579185,0.17188637197373988,-0.2038181801677422,-0.10390870543435161,1.0300103276136796,1.1787289196803952,1.066194461707561
2.4705882352941178,6.725244675597976,0.32757917970928874,0.17184870101214733,-0.20426346079476895,-0.09937868636940227,1.038203191314276,1.1841322375140564,1.067249454022766
2.4749687108886107,6.71965050341479,0.32872744301845747,0.17177988426293817,-0.20468881889513527,-0.09481294026614479,1.0463170583701284,1.1894981997550202,1.0683092534757535
2.479349186483104,6.714005211204732,0.32983158010568375,0.171680360754372,-0.20509409872828505,-0.09021183628276906,1.0543414623420784,1.1948264241526232,1.0693737366333256
2.483729662077597,6.708309880223357,0.33089041911267664,0.17155057177342678,-0.2054791462680223,-0.08557578936535633,1.0622656489283324,1.2001165374229477,1.0704427759442954
2.48811013767209,6.702565665118162,0.33190275552416093,0.17139096059680028,-0.20584380941052846,-0.0809052628899726,1.0700786328490708,1.2053681753489662,1.071516239804096
2.492490613266583,6.69677379139455,0.3328674065293521,0.17120197223674427,-0.2061879381906328,-0.07620076804070898,1.0777695619507188,1.2105809828768765,1.0725939926269208
2.4968710888610763,6.69093555288074,0.33378320176585896,0.17098405317923554,-0.20651138498435995,-0.0714628632657504,1.0853276572441561,1.2157546142085192,1.0736758949250342
2.5012515644555693,6.685052309043813,0.3346489590197089,0.17073765113420913,-0.20681400472045938,-0.0666921541791772,1.0927420525699987,1.2208887328898148,1.0747618033949298
2.5056320400500622,6.679125482446294,0.33546348077341814,0.17046321478762705,-0.20709565508205915,-0.06188929442303016,1.1000017732386074,1.2259830118951283,1.0758515710099639
2.510012515644556,6.673156556114968,0.33622562565582337,0.17016119356387813,-0.20735619672578212,-0.05705498575593647,1.1070962139463014,1.231037133707487,1.0769450471191302
2.5143929912390486,6.667147070843011,0.3369342677876984,0.16983203738909974,-0.20759549348414053,-0.05218997472365478,1.1140148693239913,1.2360507903945857,1.0780420775516222
2.518773466833542,6.661098622590392,0.33758824875095805,0.16947619645516443,-0.20781341255547853,-0.04729505511759932,1.1207470153052908,1.2410236836805126,1.0791425047268324
2.523153942428035,6.655012859863984,0.33818647540354607,0.16909412101034957,-0.20800982472795046,-0.04237106742985471,1.1272823626213102,1.2459555250131435,1.0802461677694422
2.527534418022528,6.648891481044195,0.33872789113309787,0.16868626113093294,-0.20818460456462137,-0.03741889558563587,1.1336108666810996,1.2508460356271405,1.0813529026292574
2.5319148936170213,6.64273623170522,0.3392114321382533,0.16825306651235106,-0.2083376305988587,-0.03243946807023808,1.1397224375060149,1.255694946602526,1.0824625422054497
2.536295369211514,6.6365489020157415,0.3396360668758499,0.1677949862661801,-0.20846878552929202,-0.02743375719777298,1.1456072040644651,1.2605019989187767,1.0835749164748512
2.540675844806008,6.630331324116004,0.34000082663924946,0.1673124687196527,-0.2085779564087938,-0.02240277792345865,1.1512557194639783,1.2652669435044133,1.0846898526239774
2.545056320400501,6.624085369536428,0.34030478554109456,0.1668059612309298,-0.20866503482903212,-0.01734758531378959,1.1566588287344315,1.269989541282059,1.0858071751844374
2.549436795994993,6.617812946562399,0.34054700653999675,0.16627590999167918,-0.2087299170872744,-0.012269274520582796,1.1618073103221171,1.2746695632089349,1.086926706171406
2.553817271589487,6.611515997649035,0.34072659768167446,0.16572275985493615,-0.20877250437074138,-0.007168981390339439,1.1666922521782557,1.2793067903127977,1.0880482652248316
2.55819774718398,6.605196496920342,0.3408427484598404,0.16514695416969735,-0.20879270292872137,-0.002047879139457922,1.1713052952676204,1.2839010137232836,1.0891716697530542
2.562578222778473,6.598856447625957,0.3408946731072589,0.16454893460637163,-0.20879042422778954,0.003092823164665119,1.1756382566725818,1.2884520346986819,1.0902967350785322
2.566958698372966,6.592497879660653,0.34088161099702274,0.16392914100160003,-0.20876558511063312,0.008251880626625362,1.179683133302818,1.2929596646481238,1.0914232745853587
2.571339173967459,6.586122847061756,0.34080285531595855,0.16328801121074082,-0.20871810795106052,0.013428014077282039,1.183432294034785,1.297423725149202,1.09255109986827
2.575719649561952,6.5797334256201205,0.34065775094135986,0.162625980959339,-0.2086479207992025,0.018619911778553842,1.1868784665468055,1.3018440479610338,1.0936800208828503
2.580100125156445,6.57333171050433,0.3404456827789577,0.1619434837070748,-0.20855495752159006,0.0238262308621967,1.1900146604792192,1.3062204750327915,1.094809846096648
2.5844806007509384,6.566919813859913,0.3401660742352572,0.16124095051665469,-0.20843915793374537,0.029045598361127398,1.1928341581240167,1.3105528585077137,1.0959403826409149
2.588861076345432,6.560499862520685,0.33981840200797714,0.16051880993249654,-0.20830046793123103,0.03427661256714023,1.1953306138365374,1.3148410607226464,1.0970714364627054
2.593241551939925,6.5540739957262435,0.3394021953981924,0.15977748786183,-0.20813883961033566,0.03951784493349867,1.197498050242416,1.3190849542031278,1.0982028124770595
2.5976220275344177,6.547644362940847,0.3389170258687393,0.15901740746550674,-0.20795423138245966,0.044767841398336276,1.199330789354884,1.3232844216540767,1.099334314719023
2.602002503128911,6.541213121640045,0.3383625020116266,0.15823898905228947,-0.20774660808320441,0.05002512368453027,1.2008234197289143,1.3274393559461117,1.1004657464952459
2.606382978723404,6.534782435147095,0.33773828918259163,0.15744264998322624,-0.20751594107536997,0.05528819033414997,1.201970927995769,1.3315496600975598,1.1015969105349295
2.610763454317897,6.528354470630547,0.3370441070287463,0.1566288045871974,-0.20726220834898837,0.06055551916310991,1.2027686829436595,1.3356152472522096,1.1027276091398766
2.6151439299123904,6.521931397043382,0.33627969196833396,0.15579786406610838,-0.20698539460279455,0.06582556815363728,1.2032121860148375,1.339636040652851,1.103857644333438
2.619524405506884,6.5155153831142,0.33544485027059046,0.15495023642637618,-0.2066854913364722,0.071096775722598,1.2032974256280953,1.3436119736106777,1.104986818008126
2.6239048811013768,6.509108595458176,0.3345394665144492,0.1540863264083806,-0.20636249692975417,0.07636756472318926,1.2030209340404576,1.3475429894706086,1.1061149320717025
2.6282853566958697,6.502713196698169,0.3335634112252581,0.1532065354126431,-0.20601641669959683,0.08163634320476706,1.2023791720841002,1.3514290415725876,1.1072417885915369
2.6326658322903627,6.496331343656048,0.33251658734840783,0.15231126144935164,-0.2056472629726636,0.08690150302462236,1.2013688393270414,1.3552700932089485,1.108367189937053
2.637046307884856,6.489965185621831,0.3313990222013108,0.15140089908458623,-0.2052550551546447,0.09216142333307042,1.1999874874448306,1.3590661175778966,1.109490938920083
2.641426783479349,6.483616862579058,0.33021075832914676,0.15047583939115747,-0.20483981977217777,0.09741447455319331,1.1982327929199286,1.3628170977331955,1.1106128389329677
2.645807259073842,6.477288503636498,0.32895180996898904,0.14953646990433392,-0.20440159050733644,0.10265901548715668,1.1961022670977008,1.3665230265301258,1.1117326940842354
2.650187734668336,6.470982225437274,0.3276223097059226,0.14858317459554485,-0.20394040826492998,0.10789339476874711,1.193594234069185,1.3701839065678052,1.1128503093317175
2.6545682102628283,6.464700130571072,0.3262224493846747,0.14761633383512418,-0.20345632119419105,0.11311595653343093,1.1907074369970037,1.3737997501279318,1.1139654906129575
2.6589486858573217,6.45844430619014,0.32475238986570587,0.1466363243629095,-0.20294938470645657,0.11832503841223001,1.187440436685309,1.3773705791100492,1.1150780449727833
2.663329161451814,6.452216822562794,0.3232123512452764,0.1456435192766345,-0.20241966151443863,0.1235189719437623,1.1837922131242795,1.380896424963405,1.1161877806879215
2.667709637046308,6.446019731676672,0.32160263022885827,0.1446382880127593,-0.2018672216462587,0.12869608583503286,1.17976228144066,1.38437732861549,1.1172945073885416
2.672090112640801,6.439855066013319,0.31992354314915605,0.14362099633838385,-0.2012921424561846,0.133854707386784,1.175350312071815,1.3878133403973367,1.1183980361766266
2.676470588235294,6.433724837340967,0.3181754163235526,0.14259200633967473,-0.20069450862616162,0.13899316242948714,1.170556066559186,1.39120451996567,1.119498179741073
2.6808510638297878,6.427631035430719,0.31635864814177106,0.14155167642459462,-0.20007441217711924,0.14410977618423204,1.165379811447843,1.3945509362219857,1.1205947524694433
2.6852315394242803,6.421575626995077,0.31447368039668905,0.1405003613274899,-0.19943195246296502,0.1492028768264969,1.1598221271279945,1.397852667228645,1.1216875705562832
2.689612015018773,6.415560554685904,0.3125209355896428,0.13943841210836802,-0.19876723615065942,0.15427079467063542,1.1538834898751649,1.401109800122075,1.1227764521079417
2.6939924906132666,6.409587736006082,0.31050089631366273,0.13836617616824412,-0.19808037722137417,0.15931186207287518,1.1475648009694577,1.4043224310231484,1.1238612172438343
2.69837296620776,6.403659062367467,0.3084141100029151,0.13728399726603027,-0.19737149695140388,0.16432441725288308,1.1408674182458989,1.4074906649448355,1.1249416881940966
2.7027534418022525,6.397776398226337,0.3062611304989586,0.13619221553172298,-0.19664072387984605,0.16930680446934035,1.1337927664482375,1.4106146156972101,1.1260176893935838
2.707133917396746,6.391941580252602,0.30404253903270406,0.1350911674866933,-0.19588819378799405,0.17425737443114495,1.1263424769734052,1.4136944057898935,1.1270890475721842
2.711514392991239,6.38615641651648,0.30175893987370117,0.1339811860675887,-0.19511404966339124,0.17917448569674876,1.1185183587074166,1.4167301663320064,1.1281555918414115
2.715894868585732,6.380422685742717,0.29941097995511007,0.13286260065942193,-0.1943184416669881,0.18405650482705463,1.110322528637921,1.419722036929738,1.1292171537772708
2.720275344180225,6.3747421366621335,0.2969993491972007,0.13173573712055078,-0.193501527095856,0.18890180893479253,1.101757413844333,1.4226701655815803,1.1302735674993636
2.724655819774718,6.369116487327335,0.29452472176857614,0.13060091780845748,-0.192663470327984,0.19370878584840406,1.0928253597341244,1.4255747085713246,1.1313246697462482
2.729036295369212,6.363547424583768,0.2919878261727869,0.12945846162722777,-0.1918044427836126,0.1984758332308633,1.0835290969703943,1.428435830358904,1.1323702999470386
2.7334167709637045,6.358036603523591,0.28938945955447604,0.1283086840610131,-0.19092462287770984,0.20320136284265009,1.0738718366230866,1.4312537034691393,1.1334103002892624
2.737797246558197,6.352585646929444,0.2867303657455769,0.12715189720243392,-0.1900241959439413,0.20788380048074612,1.0638564569542868,1.4340285083784805,1.1344445157829872
2.742177722152691,6.347196144868604,0.2840113156394187,0.12598840980108456,-0.1891033541877547,0.2125215831203153,1.0534860389222276,1.43676043339981,1.1354727943212324
2.746558197747184,6.341869654316826,0.28123318361184724,0.12481852731410552,-0.18816229663535092,0.21711316355707766,1.042764375318278,1.439449674565384,1.1364949867366967
2.750938673341677,6.336607698787776,0.27839682488784556,0.12364255193835441,-0.18720122904606598,0.22165701199891777,1.0316951529966079,1.4420964355079835,1.137510946854835
2.75531914893617,6.3314117679456645,0.2755030860915909,0.12246078265460571,-0.1862203638474468,0.22615161353958244,1.0202820229132348,1.4447009273403293,1.1385205315433187
2.759699624530663,6.3262833173902475,0.27255285794457607,0.12127351528460976,-0.1852199200697776,0.23059547037411038,1.0085289510664421,1.4472633685328684,1.1395236007579226
2.7640801001251565,6.32122376840564,0.2695470604010024,0.12008104253085307,-0.18420012326170157,0.23498710234486792,0.996440119134329,1.4497839847899432,1.1405200175848875
2.768460575719649,6.316234507698283,0.26648664714295933,0.11888365402834286,-0.18316120541999645,0.23932504828151133,0.9840199540974431,1.4522630089244617,1.1415096482798106
2.7728410513141424,6.311316887313265,0.2633725575230268,0.11768163639234044,-0.18210340489345597,0.24360786681140478,0.9712728075379091,1.4547006807310936,1.1424923623031173
2.777221526908636,6.306472224406872,0.2602057511588179,0.11647527326826575,-0.18102696630555207,0.24783413488792214,0.9582031859370143,1.4570972468580752,1.1434680323521833
2.7816020025031287,6.301701801133461,0.25698724900806313,0.11526484538365095,-0.17993214047123382,0.2520024506168589,0.9448160241627479,1.4594529606776774,1.1444365343901624
2.7859824780976217,6.297006864659684,0.2537180596738473,0.11405063059616316,-0.1788191842948217,0.2561114341855156,0.9311161938512277,1.461768082155394,1.1453977476715933
2.790362953692115,6.292388627054962,0.2503991848649847,0.11283290394659877,-0.17768836067864907,0.26015972637985973,0.9171085394559061,1.4640428777179115,1.146351554764859
2.794743429286608,6.287848265202919,0.24703168884907623,0.11161193771076028,-0.17653993843396765,0.26414598982505655,0.9027983409221063,1.4662776201199101,1.1472978415715729
2.7991239048811014,6.283386920882974,0.24361665222559686,0.11038800144859379,-0.17537419217873662,0.26806891156243223,0.8881910051800205,1.468472588309763,1.1482364973429662
2.8035043804755944,6.2790057007782005,0.2401551266884786,0.10916136204944811,-0.17419140222591373,0.2719272015850689,0.8732917642602034,1.4706280672941654,1.1491674146933593
2.8078848560700878,6.274705676494973,0.23664820373669615,0.10793228379174616,-0.17299185449411283,0.27571959276736097,0.8581061329663333,1.4727443480017746,1.150090489610808
2.8122653316645807,6.2704878846711125,0.23309701202738617,0.10670102839204143,-0.17177584039649701,0.2794448434168266,0.8426398909022983,1.4748217271458863,1.151005621464992
2.8166458072590737,6.266353326971515,0.22950268094712123,0.10546785504670204,-0.17054365672905764,0.2831017370378993,0.8268988393361281,1.476860507086202,1.1519127130124578
2.821026282853567,6.262302970269652,0.2258663424046412,0.10423302048521312,-0.16929560556163814,0.28668908275698834,0.8108888127961874,1.4788609956897516,1.1528116703992783
2.82540675844806,6.258337746758573,0.22218914403717238,0.10299677902003539,-0.16803199412243586,0.29020571519347493,0.7946157667809134,1.4808235061909936,1.153702403161239
2.829787234042553,6.254458554013133,0.21847226161677646,0.1017593825917497,-0.1667531346901683,0.29365049564370016,0.7780858601668451,1.4827483570511613,1.1545848242216379
2.8341677096370463,6.250666255225522,0.21471686260536502,0.1005210808112107,-0.16545934446823243,0.2970223126803473,0.7613052119610288,1.4846358718168826,1.1554588498867828
2.8385481852315397,6.24696167928364,0.21092415196612765,0.0992821210142837,-0.1641509454715745,0.3003200812052662,0.7442802063456264,1.486486378978129,1.156324399839293
2.842928660826032,6.24334562091682,0.20709536108730398,0.09804274830305239,-0.1628282644091821,0.30354274571489687,0.7270174185616772,1.4883002118255366,1.1571813971292906
2.8473091364205256,6.239818840987821,0.20323168029144337,0.09680320557643768,-0.1614916325423519,0.30668927871193147,0.7095231647667046,1.4900777083071217,1.1580297681635727
2.8516896120150186,6.236382066572761,0.19933434708740683,0.09556373359016171,-0.16014138558106186,0.30975868002619494,0.6918040899816342,1.4918192108844734,1.1588694426928727
2.8560700876095115,6.233035991123947,0.19540461663650144,0.09432457098908958,-0.15877786354820844,0.3127499803690755,0.6738669709827456,1.4935250663884176,1.1597003537972899
2.860450563204005,6.229781274741334,0.19144372385025787,0.09308595433987986,-0.15740141064486454,0.31566223893438405,0.6557184634025202,1.4951956258742256,1.160522437869988
2.864831038798498,6.226618544336737,0.1874529494798055,0.09184811818458725,-0.1560123751355022,0.31849454474141614,0.6373655419681217,1.4968312444763978,1.1613356345992591
2.8692115143929917,6.223548393781243,0.1834335721221893,0.09061129506373979,-0.15461110920147353,0.3212460180819369,0.6188151803896635,1.4984322812630522,1.1621398869490382
2.873591989987484,6.220571384154629,0.17938688183496493,0.08937571555186596,-0.15319796881361308,0.32391580906393014,0.6000744418873265,1.499999099089969,1.1629351411379676
2.877972465581977,6.2176880439262,0.17531418494727702,0.08814160830196188,-0.15177331359842464,0.3265030998563564,0.5811505109687677,1.5015320644543333,1.163721346617097
2.8823529411764706,6.2148988691366664,0.17121676442768952,0.08690920006301692,-0.15033750669103027,0.32900710350228035,0.5620504290978172,1.5030315473481903,1.1644984560463127
2.8867334167709635,6.212204323621666,0.16709594111711745,0.08567871571715846,-0.1488909146117851,0.331427063855128,0.5427815026663934,1.504497921111682,1.165266425269581
2.891113892365457,6.209604839157861,0.1629530594249814,0.08445037831247966,-0.14743390711973292,0.33376225796414366,0.5233512074166783,1.505931562286085,1.1660252132890938
2.89549436795995,6.2071008156586664,0.15878945248577014,0.08322440907934368,-0.14596685706836587,0.3360119951679218,0.5037669560428432,1.5073328504666847,1.1667747822384054
2.899874843554443,6.204692621407336,0.1546064551195715,0.08200102746319912,-0.1444901402670202,0.33817561745353786,0.4840361843758158,1.5087021681555404,1.167515097354634
2.904255319148936,6.202380593169359,0.15040541019070786,0.08078045114511104,-0.1430041353334461,0.34025249930000917,0.46416639363731205,1.5100399006141598,1.1682461269498234
2.908635794743429,6.2001650363383,0.14618768809374033,0.0795628960632247,-0.1415092235566203,0.3422420484012471,0.4441652802034377,1.5113464357161348,1.1689678423815293
2.913016270337922,6.198046225209145,0.14195466166844184,0.07834857643498994,-0.14000578874299385,0.3441437066594272,0.4240405682230126,1.5126221637997683,1.1696802180227173
2.9173967459324155,6.196024403036961,0.13770768596288063,0.07713770477008954,-0.13849421707052972,0.3459569494359219,0.4037998746186072,1.5138674775207357,1.170383231231045
2.9217772215269084,6.194099782168786,0.1334481362035437,0.07593049189061293,-0.13697489694157997,0.3476812853528812,0.38345096208620516,1.5150827717048116,1.1710768623176002
2.9261576971214014,6.192272544258213,0.12917742274682953,0.07472714694615915,-0.1354482188386643,0.3493162577752178,0.363001838671136,1.516268443200711,1.1717610945151593
2.930538172715895,6.190542840335696,0.12489692416552309,0.0735278774231659,-0.1339145751643035,0.35086144547815473,0.34246031161571455,1.5174248907330707,1.172435913946047
2.934918648310388,6.188910790947233,0.12060800458720145,0.07233288915670356,-0.13237436009101075,0.3523164602171831,0.3218341028699858,1.5185525147556216,1.1731013095896428
2.939299123904881,6.187376486234247,0.11631208356998937,0.07114238633905033,-0.13082796942238192,0.353680948413643,0.3011313148729269,1.5196517173045798,1.173757273249615
2.943679599499374,6.1859399860275115,0.11201058300852856,0.06995657153178908,-0.12927580042832787,0.3549545927993951,0.2803600765115966,1.5207229018523092,1.1744037995209275
2.948060075093867,6.184601319984621,0.10770488565168393,0.06877564566758845,-0.12771825169177425,0.35613711100649353,0.25952826656063654,1.5217664731612808,1.1750408857566774
2.9524405506883604,6.183360487621847,0.10339638332582379,0.06759980804325079,-0.12615572295620933,0.3572282547875101,0.23864383521715335,1.5227828371383731,1.1756685320348224
2.9568210262828534,6.182217458356638,0.09908651379998623,0.0664292563406739,-0.12458861497924467,0.35822781141784565,0.21771504972874894,1.5237724006895677,1.1762867411248419
2.9612015018773468,6.18117217156927,0.09477668191906945,0.06526418662053501,-0.1230173293678737,0.35913560507127656,0.19674996865689626,1.5247355715750612,1.1768955184543797
2.96558197747184,6.180224536660702,0.09046827214643884,0.06410479330771393,-0.12144226841998214,0.35995149361740914,0.17575652559149937,1.5256727582648362,1.177494872075912
2.9699624530663327,6.179374433057794,0.08616272132549363,0.06295126920322625,-0.11986383498765334,0.36067537073020706,0.1547430141484492,1.5265843697947552,1.1780848126334795
2.974342928660826,6.178621710223453,0.08186143850913385,0.06180380547350258,-0.11828243230020896,0.36130716693081955,0.1337175535708752,1.5274708156231902,1.1786653533295284
2.978723404255319,6.177966187694763,0.07756583043882037,0.060662591645954625,-0.11669846381839778,0.36184684702031605,0.112688258619105,1.5283325054882477,1.1792365098918764
2.983103879849812,6.177407655004221,0.07327730404471142,0.05952781559392919,-0.11511233307988362,0.36229441260725964,0.09166325633854816,1.5291698492656274,1.1797983005408605
2.9874843554443054,6.176945871665891,0.06899724517863438,0.05839966352424089,-0.11352444353133574,0.36264989968198474,0.0706505443626233,1.5299832568271514,1.1803507459566687
2.9918648310387983,6.176580567220515,0.0647270896788402,0.05727831998358696,-0.11193519839517332,0.362913379915921,0.04965846463502153,1.5307731379000296,1.1808938692468927
2.9962453066332912,6.176311441113719,0.06046822144009158,0.05616396782534061,-0.11034500049020586,0.36308496237860227,0.028695024098339784,1.5315399019268663,1.1814276959143248
3.0006257822277846,6.176138162630272,0.056222010648993105,0.05505678819789407,-0.1087542520833988,0.3631647888791848,0.007768149673993574,1.532283957926487,1.1819522538250107
3.0050062578222776,6.176060370879031,0.05198989105486134,0.05395696054076433,-0.10716335475132335,0.36315303792943204,-0.013113796572686586,1.5330057143556226,1.182467573176573
3.009386733416771,6.176077674662935,0.04777322051203904,0.052864662543321915,-0.10557270919715746,0.36304992459277186,-0.033942946875219135,1.5337055789714675,1.1829736864668228
3.013767209011264,6.176189652392325,0.043573356738343415,0.0517800701377292,-0.10398271511350206,0.362855696301191,-0.0547114226625719,1.5343839586952075,1.1834706284626622
3.018147684605757,6.17639585201402,0.0393917072364725,0.05070335749028958,-0.10239377103601999,0.3625706371358339,-0.07541100169211386,1.5350412594765166,1.1839584361692848
3.0225281602002503,6.176695790888656,0.03522960726324241,0.049634696954219945,-0.100806274168734,0.36219506655829153,-0.09603393127318356,1.535677886159091,1.184437148799681
3.0269086357947432,6.177088955645373,0.031088400972999544,0.048574259045552744,-0.0992206202487876,0.36172933656387607,-0.11657238715035466,1.5362942423472532,1.1849068077444393
3.0312891113892366,6.177574802057143,0.026969462958907082,0.04752221243638848,-0.09763720339669314,0.36117383515431634,-0.137018329849876,1.5368907302737034,1.1853674565418504
3.0356695869837296,6.178152754917852,0.02287410132520654,0.04647872391823298,-0.09605641595066566,0.3605289847522348,-0.15736415062017628,1.537467750668417,1.1858191408482974
3.0400500625782225,6.178822207890856,0.01880362631395682,0.04544395836161693,-0.09447864833075018,0.35979524001325713,-0.1776022136510674,1.538025702628771,1.1862619084089336
3.044430538172716,6.179582523367653,0.014759381375425363,0.0444180786917326,-0.09290428889233453,0.35897309025148255,-0.1977246487753816,1.5385649834909327,1.1866958090286297
3.048811013767209,6.180433032266967,0.010742652332156183,0.04340124586190451,-0.09133372376901176,0.35806305906637137,-0.21772395686498885,1.5390859887025654,1.1871208945431786
3.053191489361702,6.181373033880276,0.0067546880494409114,0.04239361880896859,-0.08976733672938425,0.3570657014639945,-0.23759287173018453,1.5395891116968818,1.1875372187907418
3.057571964956195,6.182401795718298,0.00279678101811906,0.04139535442726453,-0.08820550904513401,0.35598160469741763,-0.2573238227276365,1.540074743768112,1.1879448375835189
3.061952440550688,6.18351855331186,-0.0011297862165204203,0.04040660752582931,-0.08664861934045778,0.35481139009252777,-0.27690929161566485,1.5405432739484262,1.1883438086796168
3.066332916145181,6.184722510043325,-0.005023796422041739,0.039427530782383854,-0.08509704344415632,0.3535557107632283,-0.2963421813628373,1.5409950888863393,1.1887341917550955
3.0707133917396745,6.186012836955833,-0.008884042940459906,0.038458274719097754,-0.08355115425906953,0.352215250208166,-0.31561545106371774,1.5414305727267008,1.1891160483761731
3.0750938673341675,6.187388672523756,-0.012709309334923799,0.03749898764786454,-0.08201132162646027,0.3507907232192022,-0.3347219798852556,1.5418501069922357,1.189489441971549
3.079474342928661,6.188849122496438,-0.016498399608296924,0.036549815627525545,-0.080477912187516,0.3492828756730277,-0.3536547682388165,1.5422540704667695,1.1898544378048255
3.083854818523154,6.190393259720709,-0.020250137220542808,0.03561090242687871,-0.07895128924953355,0.3476924836821301,-0.37240693098281014,1.5426428390801175,1.1902111029469957
3.0882352941176467,6.192020123878545,-0.023963371352893517,0.034682389472587824,-0.07743181265484275,0.34602035343753507,-0.3909717388365423,1.5430167857947297,1.1905595062489633
3.09261576971214,6.193728721330084,-0.02763697891494385,0.033764415794704794,-0.07591983864841562,0.3442673199996164,-0.40934263139765764,1.5433762804941102,1.1908997183140608
3.096996245306633,6.195518024922777,-0.031269850395794246,0.03285711798474476,-0.07441571975734661,0.34243424703136344,-0.42751312253692675,1.5437216898730848,1.1912318114705278
3.1013767209011265,6.197386973776906,-0.03486089216585678,0.03196063014622999,-0.07291980466080436,0.3405220264134682,-0.4454768154139118,1.5440533773299427,1.191555859743919
3.1057571964956194,6.199334473075239,-0.03840901511820041,0.031075083834604663,-0.07143243807288502,0.3385315778457929,-0.46322732635203384,1.544371702860511,1.1918719388294012
3.1101376720901124,6.201359393880271,-0.04191318621016914,0.030200608002168533,-0.06995396061606664,0.3364638491312721,-0.48075862808225117,1.5446770229542077,1.1921801260638927
3.1145181476846058,6.203460572928301,-0.045372393014501126,0.029337328942799216,-0.06848470870155679,0.33431981277052625,-0.49806481304866895,1.5449696904921193,1.1924805003980175
3.1188986232790987,6.205636812466706,-0.048785587799004784,0.028485370239744495,-0.06702501443259176,0.33210046831638024,-0.5151397202583285,1.5452500546471588,1.1927731423678263
3.123279098873592,6.207886880088005,-0.052151816719909205,0.027644852693408387,-0.06557520546416541,0.3298068422450681,-0.5319777960887839,1.5455184607863326,1.1930581340662405
3.127659574468085,6.210209508436076,-0.055470155796409064,0.026815894261829627,-0.06413560490739796,0.32743998275935476,-0.5485736670549246,1.5457752503751852,1.1933355591141899
3.132040050062578,6.212603395158044,-0.05873963715943813,0.025998610004568403,-0.06270653123489446,0.325000963406133,-0.5649216477600436,1.5460207608844616,1.1936055026313812
3.136420525657071,6.215067202667037,-0.06195935170216771,0.025193112012309865,-0.06128829815333031,0.32249088219843597,-0.5810164247631838,1.5462553256990232,1.1938680512066755
3.1408010012515644,6.217599557946174,-0.06512841485974753,0.024399509334869646,-0.059881214516528086,0.31991085922634915,-0.5968528279641145,1.546479274029084,1.1941232928680197
3.1451814768460573,6.220199052520982,-0.06824598278324338,0.023617907904536845,-0.0584855842190235,0.31726203779755424,-0.6124259379185348,1.5466929308237913,1.1943713170518857
3.1495619524405507,6.22286424215362,-0.07131126275288521,0.022848410477156654,-0.057101706099035816,0.3145455811012579,-0.6277311548669459,1.5468966166872296,1.1946122145721942
3.153942428035044,6.22559364676013,-0.07432341956594966,0.022091116555372502,-0.05572987386136921,0.3117626727351986,-0.6427635741421478,1.5470906477968605,1.194846077588654
3.1583229036295366,6.228385750331203,-0.07728164311303515,0.02134612230412048,-0.054370375975734075,0.30891451885844434,-0.6575184361143709,1.5472753358244644,1.1950729995744922
3.16270337922403,6.231239000719582,-0.08018522204051542,0.020613520473320414,-0.053023495580742826,0.3060023447671295,-0.6719916167589056,1.5474509878596294,1.195293075283533
3.167083854818523,6.2341518095630715,-0.08303346009246206,0.019893400309643403,-0.05168951041228239,0.30302739274763973,-0.6861790693473697,1.5476179063358266,1.1955064007165692
3.1714643304130163,6.23712255217572,-0.08582563220013548,0.01918584748582052,-0.050368692726292304,0.2999909235478928,-0.7000765312397067,1.5477763889591292,1.1957130730870078
3.1758448060075093,6.240149567451536,-0.0885610760753203,0.01849094400870959,-0.04906130921425669,0.2968942167969725,-0.7136801338935326,1.5479267286396168,1.1959131907857259
3.1802252816020022,6.24323115779076,-0.09123918271678277,0.01780876810873371,-0.047767620922302585,0.2937385671366239,-0.7269863388367765,1.5480692134254923,1.1961068533451178
3.184605757196496,6.246365588978619,-0.09385930379819557,0.017139394185871164,-0.04648788320055356,0.2905252851944745,-0.7399913198937783,1.548204126440005,1.1962941614022848
3.1889862327909886,6.249551090151767,-0.09642087975591083,0.01648289268258994,-0.045222345613764536,0.2872556991299703,-0.7526918162566719,1.548331745821176,1.1964752166613266
3.193366708385481,6.252785853772958,-0.0989233979883953,0.015839329980092357,-0.04397125187708003,0.2839311481433164,-0.7650848531232511,1.548452344664376,1.1966501218547143
3.197747183979975,6.256068035539203,-0.10136627671217746,0.01520876833405576,-0.042734839823516134,0.28055298645435606,-0.7771669669748882,1.5485661909678807,1.1968189807036882
3.202127659574468,6.25939575436123,-0.10374905127411757,0.01459126572439634,-0.0415133413049409,0.27712258360571096,-0.7889354466567594,1.5486735475812936,1.1969818978776694
3.206508135168961,6.262767092344967,-0.10607129457916843,0.01398687577169982,-0.040306982156814886,0.2736413175727774,-0.8003878023391218,1.548774672157069,1.1971389789526325
3.210888610763454,6.266180094834056,-0.10833251889803591,0.013395647633946572,-0.039115982159578566,0.27011057971063607,-0.8115211102132166,1.5488698171050177,1.1972903303684228
3.215269086357947,6.2696327703705705,-0.11053234762483784,0.01281762585416006,-0.03794055496004718,0.2665317736137832,-0.8223331565266527,1.5489592295499488,1.1974360593849824
3.219649561952441,6.273123090655662,-0.11267042977513869,0.01225285026989618,-0.036780908042752726,0.26290631003307313,-0.8328218669668992,1.5490431512924285,1.1975762740374603
3.224030037546933,6.276648990664272,-0.1147463730458621,0.011701355896326475,-0.03563724269592918,0.2592356107336941,-0.8429848596145907,1.5491218187727716,1.1977110830901754
3.2284105131414265,6.280208368716211,-0.11675988658732728,0.011163172763953955,-0.034509753949027756,0.25552110734065514,-0.8528203956752082,1.5491954630381979,1.1978405959894114
3.23279098873592,6.283799086433555,-0.11871070266616657,0.010638325813837703,-0.03339863054876768,0.2517642368582373,-0.8623268565333618,1.549264309713347,1.197964922815025
3.237171464330413,6.2874189687821325,-0.1205985306707196,0.010126834766850064,-0.032304054935962515,0.24796644508767826,-0.8715024362504644,1.5493285789740592,1.1980841742308368
3.241551939924906,6.2910658042881815,-0.12242316736198648,0.009628713949250209,-0.031226203191657566,0.24412918486026342,-0.8803458754082446,1.5493884855245588,1.1981984614337893
3.245932415519399,6.294737345030043,-0.12418440994324233,0.009143972181606739,-0.030165245029322916,0.24025391301895874,-0.8888558808323272,1.5494442385780394,1.1983078961018583
3.250312891113892,6.298431306704266,-0.1258820664465885,0.008672612624129038,-0.029121343767523785,0.2363420937222681,-0.8970311938047838,1.549496041840737,1.1984125903406992
3.254693366708385,6.302145368813347,-0.1275160240670572,0.00821463259533334,-0.028094656293168454,0.23239519484685722,-0.9048710444159369,1.5495440934994602,1.1985126566290076
3.2590738423028784,6.3058771747256035,-0.129086154080319,0.007770023440037586,-0.02708533306562309,0.22841468730185963,-0.9123745168023772,1.5495885862127414,1.1986082077625941
3.2634543178973714,6.309624331808385,-0.1305923652194769,0.007338770361667374,-0.026093518086044275,0.2244020469885176,-0.9195409038742952,1.5496297071055278,1.1986993567971531
3.267834793491865,6.313384411616365,-0.13203461540223227,0.006920852237947237,-0.025119348884289447,0.22035875101902302,-0.9263697842678635,1.549667637767557,1.198786216989716
3.2722152690863577,6.317154949943685,-0.1334128576806844,0.006516241452403078,-0.02416295652134669,0.21628627899008512,-0.9328606608872498,1.549702554255395,1.1988689017387957
3.2765957446808507,6.320933447008377,-0.13472709695141868,0.00612490371234304,-0.02322446556515406,0.21218611237082788,-0.9390133377584114,1.549734627098237,1.1989475245231926
3.280976220275344,6.324717367699071,-0.13597735422871904,0.005746797871705865,-0.02230399409834345,0.20805973248379245,-0.9448276806694995,1.549764021307466,1.1990221988394847
3.285356695869837,6.328504141615998,-0.13716367864598267,0.00538187572233157,-0.021401653711736607,0.20390862197949805,-0.9503036957887616,1.549790896390062,1.1990930381381784
3.2897371714643304,6.332291163237305,-0.1382861411291834,0.005030081799907634,-0.020517549499209455,0.19973426212950363,-0.9554414861939402,1.5498154063658474,1.1991601557585345
3.294117647058824,6.336075792200297,-0.139344815769782,0.004691353198067511,-0.01965178007488697,0.19553813468634806,-0.9602411264523301,1.5498376997887147,1.1992236648620593
3.2984981226533163,6.339855353443925,-0.1403398895511348,0.004365619301787123,-0.01880443755171298,0.1913217202778586,-0.9647033923528128,1.54985791977173,1.1992836783646674
3.3028785982478097,6.343627137309321,-0.1412715077714605,0.004052801622149168,-0.017975607572671172,0.18708649386683174,-0.9688287292907312,1.5498762040163365,1.1993403088675254
3.3072590738423027,6.347388399781556,-0.14213976378007506,0.003752813590323357,-0.017165369329196527,0.1828339321788824,-0.9726171824693228,1.5498926848455743,1.1993936685865745
3.311639549436796,6.351136362708672,-0.14294491272702975,0.0034655602415913315,-0.016373795527320635,0.17856550979108227,-0.9760698197908073,1.5499074892413693,1.199443869280733
3.316020025031289,6.354868213927876,-0.14368719820703585,0.003190938041606415,-0.015600952440259035,0.17428269408248231,-0.9791875749909484,1.5499207388860312,1.199491022178807
3.320400500625782,6.358581107475951,-0.14436683643040937,0.0029288346281233966,-0.014846899918893916,0.16998695145202564,-0.9819711403902185,1.5499325502079195,1.1995352379050925
3.324780976220276,6.362272163742495,-0.1449841100955742,0.002679128535051115,-0.014111691389849785,0.16567974322230627,-0.9844215908708354,1.5499430344313165,1.1995766264036956
3.3291614518147683,6.365938469674172,-0.14553927383205706,0.002441688980772969,-0.013395373901841747,0.1613625263807857,-0.9865397520855336,1.5499522976306723,1.199615296861575
3.3335419274092613,6.369577078972751,-0.14603266151882793,0.002216375540100651,-0.012697988117308589,0.15703675502348602,-0.9883269137261906,1.5499604407890653,1.1996513576303156
3.337922403003754,6.373185012214862,-0.1464646401674604,0.002003037890219936,-0.01201956834604907,0.15270387484893758,-0.9897845203845358,1.5499675598611433,1.1996849161466545
3.342302878598248,6.376759257028402,-0.14683550503464685,0.0018015155551195415,-0.011360142585130217,0.1483653273007567,-0.9909134705984426,1.549973745840434,1.199716078851756
3.3466833541927405,6.380296768268501,-0.14714564206428596,0.0016116375716814849,-0.010719732516250571,0.1440225502124081,-0.9917151975731162,1.5499790848311383,1.1997449511092655
3.351063829787234,6.383794468152266,-0.14739549045459535,0.0014332221967455932,-0.010098353539949909,0.13967697248188835,-0.9921914176756065,1.5499836581244364,1.1997716371221405
3.355444305381727,6.3872492463560215,-0.1475854166469659,0.0012660766268386453,-0.009496014819644535,0.1353300169098764,-0.9923432884920302,1.54998754227937,1.1997962398482835
3.3598247809762203,6.39065796022807,-0.14771583433711374,0.0011099966576525908,-0.008912719291011091,0.13098310225897344,-0.9921722066317756,1.5499908092083172,1.1998188609149798
3.364205256570713,6.394017434857837,-0.14778723196654714,0.0009647663383732163,-0.008348463687926662,0.126637639104949,-0.9916799886994692,1.5499935262671145,1.1998396005321612
3.368585732165206,6.3973244631292525,-0.14780006386646896,0.0008301576716985145,-0.007803238588212063,0.12229503030092316,-0.9908681435877833,1.5499957563499098,1.1998585574045069
3.3729662077597,6.400575805856042,-0.14775480217545597,0.0007059302614647696,-0.007277028435536627,0.11795667320833358,-0.9897382162461382,1.5499975579887357,1.199875828642388
3.3773466833541925,6.403768191909034,-0.14765195805016096,0.0005918309474056017,-0.0067698115655926315,0.11362395715490868,-0.9882919266504439,1.5499989854578795,1.1998915096716767
3.381727158948686,6.406898318184111,-0.14749201890349026,0.00048759345541486996,-0.006281560250251262,0.10929826444072684,-0.9865307490593677,1.5500000888831038,1.1999056941424242
3.386107634543179,6.409962849598825,-0.1472755315324736,0.0003929380079324012,-0.0058122407149628985,0.10498097148187896,-0.9844564636027069,1.5500009143557314,1.1999184738364286
3.390488110137672,6.412958419273463,-0.14700307617730038,0.000307570958226188,-0.0053618131728818495,0.10067344499243415,-0.9820709809035106,1.5500015040516824,1.1999299385736824
3.394868585732165,6.415881628432786,-0.14667516132647482,0.00023118442196108153,-0.004930231875681924,0.0963770446567967,-0.979375638322906,1.5500018963554867,1.199940176117736
3.399249061326658,6.418729046349018,-0.14629234237709163,0.00016345584440706173,-0.0045174451243213416,0.09209312547685589,-0.9763719881433245,1.5500021259892982,1.199949272079965
3.403629536921151,6.421497210396538,-0.14585525244524902,0.00010404758069318794,-0.004123395299269487,0.08782303354699952,-0.9730620001729481,1.5500022241469917,1.1999573098227518
3.4080100125156445,6.424182625895665,-0.14536449694559433,5.260651834126569e-05,-0.0037480189082678664,0.0835681066183296,-0.9694473564262375,1.5500022186333857,1.1999643703615996
3.412390488110137,6.426781766107184,-0.14482066714576222,8.763633322916677e-06,-0.003391246611655424,0.07932967605466265,-0.9655295385272343,1.5500021340086207,1.1999705322661631
3.4167709637046304,6.4292910721267305,-0.14422434812674037,-2.7866451142654478e-05,-0.0030530032529639227,0.07510906663461338,-0.961309877837318,1.550001991737722,1.1999758715602171
3.421151439299124,6.431706952687309,-0.14357618692926555,-5.7685900069257984e-05,-0.00273320788598319,0.07090759806386646,-0.9567900068613086,1.5500018103454654,1.1999804616205578
3.4255319148936167,6.434025784057837,-0.14287691550460624,-8.111417117895097e-05,-0.0024317737921198453,0.06672658082675273,-0.9519720088895153,1.5500016055764696,1.1999843730748323
3.42991239048811,6.436243909880623,-0.14212713556667322,-9.858841045820364e-05,-0.002148608543777186,0.06256731638430277,-0.9468569810414336,1.5500013905607208,1.1999876736983053
3.434292866082603,6.438357640935467,-0.1413274234558901,-0.00011056392648173186,-0.0018836140200147585,0.05843110561277362,-0.9414457301960559,1.5500011759844394,1.19999042830955
3.438673341677096,6.440363254940192,-0.14047855849426014,-0.00011751477740161942,-0.001636686395992546,0.05431924291287404,-0.9357402914457235,1.5500009702663549,1.1999926986650686
3.443053817271589,6.442256996352493,-0.1395812643661585,-0.00011993417889330968,-0.0014077162102036488,0.050233011340021276,-0.9297422012484348,1.550000779739532,1.199994543352826
3.4474342928660824,6.444035076024253,-0.1386361299401361,-0.00011833497467755356,-0.0011965883966162845,0.04617369183771343,-0.9234519664363903,1.5500006088387142,1.199996017684704
3.451814768460576,6.445693670967023,-0.1376438615961188,-0.00011325024526614519,-0.0010031822710223606,0.04214256302804081,-0.9168707423390177,1.5500004602931778,1.1999971735878483
3.4561952440550687,6.447228924016172,-0.13660523529943244,-0.00010523379257263861,-0.0008273715649794519,0.0381408957410763,-0.9100000100457322,1.550000335325284,1.199998059494918
3.4605757196495617,6.448636943525523,-0.13552098627857992,-9.486065370722856e-05,-0.0006690244601070314,0.03416995562880887,-0.9028408374991513,1.5500002338546732,1.199998720233213
3.464956195244055,6.449913803105346,-0.13439179963401648,-8.27276411324584e-05,-0.0005280035991322414,0.03023100417235527,-0.8953938132858935,1.5500001547081572,1.1999991969126662
3.469336670838548,6.451055541118066,-0.13321834745517147,-6.945389042915749e-05,-0.00040416611134610494,0.026325301873435118,-0.8876592904316156,1.5500000958354145,1.1999995268127057
3.473717146433041,6.452058160324364,-0.13200143857556038,-5.568148856834656e-05,-0.00029736359570914134,0.022454107127246898,-0.8796383805799468,1.5500000545304076,1.1999997432679481
3.4780976220275344,6.45291762764598,-0.13074186861044673,-4.207596015964903e-05,-0.00020744215616077578,0.018618670704900007,-0.8713319510019139,1.550000027658759,1.1999998755527213
3.4824780976220278,6.453629873641669,-0.1294403084035625,-2.9326830930377514e-05,-0.00013424243307027354,0.014820243409541382,-0.8627398771508809,1.5500000118909716,1.1999999487644022
3.4868585732165203,6.454190792110533,-0.13199214545087617,-1.8148290796881847e-05,-7.759957148344778e-05,0.011060077110880261,-0.879826647733862,1.5500000039415607,1.1999999837055586
3.4912390488110137,6.454596239784761,-0.12282050582391511,-9.279735809271852e-06,-3.734324349092276e-05,0.00711197806037436,-0.8187415072540389,1.5500000008142472,1.1999999967648585
3.4956195244055066,6.4548212885507725,-0.09451097120988418,-4.0193451750235465e-06,-1.529011902551965e-05,0.0038868580350877894,-0.6300463457647277,1.550000000053136,1.1999999997967703
3.5,6.454944714160295,-0.06265833378936199,-1.02446032081721e-06,-3.2901305351871815e-06,0.0015920373573440024,-0.4177153955269412,1.5499999999999994,1.2000000000000006
