t,u1,u2,u3,tau,x_q,xdot_q,z_q,zdot_q,theta,theta_dot,beta,beta_dot
0.0,7.627632595206253,-1.0082165106168004,-1.0082165106168004,-0.6954505725521536,-2.0,0.0,2.0,0.0,1.1281905784771284e-05,0.0,0.3490658503991208,0.0
0.0043804755944931,4.896096491444582,1.6966287110196312,1.6966287110196312,-1.5398755016562986,-2.0,-0.000745428551454097,2.0,0.0057570296339690685,1.1281906154181343e-05,-0.009133757092058659,0.3490658402442932,-0.025953073054552078
0.0087609511889862,6.955758193102284,0.4639680474400028,0.4639680474400028,-0.35075289798294734,-2.0000033378601074,-0.009989139623939991,2.0000252723693848,-0.030019480735063553,-2.8728292818414047e-05,0.08538243174552917,0.34895214438438416,-0.3475587069988251
0.0131414267834793,6.887039422896958,1.0316551464331136,1.0316551464331136,-0.6822322155863405,-2.000047206878662,-0.00835725199431181,1.9998937845230103,-0.022326920181512833,0.00034528737887740135,0.10917486250400543,0.34742966294288635,-0.29217633605003357
0.0175219023779724,5.782473204262701,-1.1648769893775428,-1.1648769893775428,-0.7999345951692856,-2.0000839233398438,-0.009412671439349651,1.9997960329055786,-0.022501183673739433,0.000823525246232748,0.15922580659389496,0.3461498022079468,-0.33064568042755127
0.0219023779724655,6.570543309478117,-1.8438105375607738,-1.8438105375607738,-1.1740061899450298,-2.0001251697540283,-0.012067831121385098,1.9996974468231201,-0.03454648703336716,0.0015210099518299103,0.14856833219528198,0.3447014093399048,-0.4262036085128784
0.0262828535669586,5.905967078603856,-2.7022139642016345,-2.7022139642016345,0.11941972131432621,-2.000178098678589,-0.017118019983172417,1.9995461702346802,-0.04822640120983124,0.002171809785068035,0.12900792062282562,0.3428344428539276,-0.6085905432701111
0.0306633291614518,10.538062833490219,-0.15512420679954717,-0.15512420679954717,-1.0943189772443327,-2.000253200531006,-0.01227741502225399,1.9993349313735962,-0.03896447271108627,0.002736925845965743,0.04660727083683014,0.3401685357093811,-0.44481930136680603
0.0350438047559449,3.596664982885881,-2.19929524787885,-2.19929524787885,-0.9756764099644288,-2.000307083129883,-0.014039091765880585,1.9991642236709595,-0.017520947381854057,0.002941087819635868,0.07403473556041718,0.3382200300693512,-0.516942024230957
0.039424280350438,6.92244107833947,0.2705405217915932,0.2705405217915932,0.4399406411879013,-2.000368595123291,-0.019243698567152023,1.9990874528884888,-0.05184323340654373,0.0032653952948749065,0.03830118849873543,0.33595559000968933,-0.709433913230896
0.0438047559449311,4.436621945663856,-0.2940538352386063,-0.2940538352386063,0.38809890913053136,-2.000452995300293,-0.011270205490291119,1.9988603591918945,-0.026890384033322334,0.0034331728238612413,0.03335416689515114,0.33284792304039,-0.43339407444000244
0.0481852315394242,6.28832804110427,0.646216456304145,0.646216456304145,-0.4078998470365455,-2.000502347946167,-0.005429563112556934,1.9987425804138184,-0.023937607184052467,0.003579279873520136,0.013433145359158516,0.33094945549964905,-0.22676829993724823
0.0525657071339173,6.159968845039863,0.17802645824725322,0.17802645824725322,0.8569635527841784,-2.000526189804077,-0.004557199310511351,1.9986376762390137,-0.023002685979008675,0.003638123394921422,0.04421668499708176,0.3299561142921448,-0.20096641778945923
0.0569461827284105,3.9619209969040567,-0.4952967819644671,-0.4952967819644671,-0.519372421769061,-2.0005462169647217,0.005837584380060434,1.9985369443893433,0.0049034301191568375,0.0038318135775625706,0.024389570578932762,0.32907578349113464,0.17477929592132568
0.0613266583229036,5.3987643916631525,1.7218724735571511,1.7218724735571511,0.7410324047996978,-2.000520706176758,0.004405197221785784,1.9985584020614624,-0.016218943521380424,0.003938651643693447,0.025092655792832375,0.32984140515327454,0.11792728304862976
0.0657071339173967,5.8166467485113555,0.7304848131333883,0.7304848131333883,0.015206897845999934,-2.0005013942718506,0.013440070673823357,1.9984873533248901,0.0027109142392873764,0.004048569593578577,0.05373629555106163,0.33035796880722046,0.4444597065448761
0.0700876095118898,6.654131822042101,-0.911563386078108,-0.911563386078108,-0.8400844464060108,-2.0004425048828125,0.017301710322499275,1.9984992742538452,0.009040581062436104,0.004283959977328777,0.0746246799826622,0.3323049247264862,0.5778355598449707
0.0744680851063829,6.342916506265032,0.7400681584642703,0.7400681584642703,-0.6777625396584772,-2.000366687774658,0.015232314355671406,1.998538851737976,0.00344280619174242,0.004610851407051086,0.07253726571798325,0.33483612537384033,0.4911958575248718
0.078848560700876,8.949497711116388,-1.1529590478075646,-1.1529590478075646,0.2244228125140496,-2.0002999305725098,0.014174689538776875,1.998553991317749,-0.0011732536368072033,0.004928599111735821,0.11394241452217102,0.33698779344558716,0.44281312823295593
0.0832290362953692,8.369112569321933,-0.12492375032130568,-0.12492375032130568,-1.1485393194828508,-2.0002379417419434,0.02178598940372467,1.9985488653182983,0.03610098361968994,0.005427720956504345,0.07371850311756134,0.3389275372028351,0.7036972641944885
0.0876095118898623,6.458749827920541,-1.1936134719368687,-1.1936134719368687,-0.6770538802881934,-2.0001425743103027,0.018489308655261993,1.9987070560455322,0.038085438311100006,0.005750643089413643,0.10361132025718689,0.3420100808143616,0.5687390565872192
0.0919899874843554,5.051246277391156,-2.971962837963935,-2.971962837963935,-1.0224293851588837,-2.000061511993408,0.01755456253886223,1.9988738298416138,0.03443451225757599,0.006204510107636452,0.08852614462375641,0.34450143575668335,0.5228233337402344
0.0963704630788485,5.832243397999216,-0.14660231567385212,-0.14660231567385212,-0.3590809821511656,-1.999984622001648,0.012934675440192223,1.9990246295928955,0.011333812028169632,0.006592296529561281,0.03159358724951744,0.34679165482521057,0.34936872124671936
0.1007509386733416,9.168506005748078,-0.7472761605288096,-0.7472761605288096,-0.4455122405840594,-1.9999279975891113,0.014053266495466232,1.9990742206573486,0.009441990405321121,0.006730691529810429,0.03779863938689232,0.3483220636844635,0.37808874249458313
0.1051314142678347,7.006718337725183,1.917674852873247,1.917674852873247,-0.33848308022423007,-1.9998664855957031,0.01675759069621563,1.9991155862808228,0.033667027950286865,0.006896267645061016,0.02898617647588253,0.3499782681465149,0.4563177525997162
0.1095118898623279,8.123744253411019,-0.03278054474001779,-0.03278054474001779,-1.8457672821362474,-1.9997930526733398,0.018887607380747795,1.999263048171997,0.04206971451640129,0.007023240905255079,0.09487313777208328,0.3519771695137024,0.516572892665863
0.113892365456821,5.071309997455104,-0.7130918239980171,-0.7130918239980171,0.2060193598629878,-1.9997103214263916,0.009637116454541683,1.9994473457336426,0.02667151391506195,0.007438830565661192,0.14781808853149414,0.3542400002479553,0.18101274967193604
0.1182728410513141,10.037432033380435,0.20382287205601818,0.20382287205601818,-1.4138753117019756,-1.9996681213378906,0.014833277091383934,1.9995641708374023,0.030795026570558548,0.008086344227194786,0.12097712606191635,0.35503292083740234,0.3502506911754608
0.1226533166458072,5.525355280039387,0.9983363465434462,0.9983363465434462,-1.1406196779904145,-1.9996031522750854,0.01035992056131363,1.9996991157531738,0.04098884388804436,0.008616281673312187,0.16821904480457306,0.3565671741962433,0.17718739807605743
0.1270337922403003,7.6904508542366745,-0.07407854162789534,-0.07407854162789534,-1.4773236207000124,-1.9995577335357666,0.004927482921630144,1.9998786449432373,0.019330590963363647,0.009353160858154297,0.2306833416223526,0.3573433458805084,-0.019166380167007446
0.1314142678347934,7.609899393008774,-1.3254948238211295,-1.3254948238211295,-0.366450750429561,-1.999536156654358,-0.00172383151948452,1.9999632835388184,0.008456175215542316,0.010363663546741009,0.27166253328323364,0.3572593927383423,-0.26171836256980896
0.1357947434292866,6.037768388206361,0.5061654914325961,0.5061654914325961,-1.4383703208523158,-1.9995436668395996,0.0007510259747505188,2.000000238418579,0.02129349671304226,0.011553674936294556,0.24365539848804474,0.35611292719841003,-0.1961795687675476
0.1401752190237797,5.584778982744289,-2.6495398415968365,-2.6495398415968365,0.044683082383819905,-1.9995403289794922,-0.006621883250772953,2.000093460083008,-0.0025969315320253372,0.012621001340448856,0.30044201016426086,0.35525357723236084,-0.46411678194999695
0.1445556946182728,6.856559368359097,0.5383405565835676,0.5383405565835676,0.6185230259535904,-1.999569296836853,-0.0021100989542901516,2.000082015991211,0.002275533974170685,0.013937080278992653,0.22176215052604675,0.35322052240371704,-0.32836970686912537
0.1489361702127659,4.86246070980467,0.5627378229323923,0.5627378229323923,0.4356608462560846,-1.999578595161438,0.007983647286891937,2.000092029571533,0.030482178553938866,0.014908503741025925,0.21942056715488434,0.3517821133136749,-0.0043357908725738525
0.153316645807259,6.612505394339332,-1.1811113157532418,-1.1811113157532418,-1.2979486698234357,-1.9995436668395996,0.01509938295930624,2.00022554397583,0.03794831037521362,0.01586966961622238,0.22313161194324493,0.35176312923431396,0.2247200608253479
0.1576971214017521,6.670813963705591,0.5609704545657684,0.5609704545657684,-1.0617769466463154,-1.999477505683899,0.009570807218551636,2.000391721725464,0.021971076726913452,0.016847092658281326,0.2265436351299286,0.35274749994277954,0.009070411324501038
0.1620775969962453,5.461325282521016,1.5259006397700738,1.5259006397700738,-0.36719910712261955,-1.999435544013977,0.00600740360096097,2.000488042831421,0.011690041981637478,0.0178394615650177,0.2739329934120178,0.35278722643852234,-0.13942602276802063
0.1664580725907384,5.328891336299028,0.9519342005540581,0.9519342005540581,-0.5028840118087521,-1.9994091987609863,0.007199403364211321,2.0005393028259277,0.006524493917822838,0.019039418548345566,0.32921749353408813,0.3521764874458313,-0.12094257771968842
0.1708385481852315,4.692539375499966,1.106489705474782,1.106489705474782,0.5369474067404101,-1.9993776082992554,0.007235891185700893,2.00056791305542,-0.0027327565476298332,0.020481547340750694,0.37170279026031494,0.35164669156074524,-0.14315608143806458
0.1752190237797246,6.147144080411529,-0.6667394378966405,-0.6667394378966405,-0.39659257378548485,-1.9993458986282349,0.01522829756140709,2.000555992126465,0.005545842461287975,0.022109782323241234,0.3883352279663086,0.35101959109306335,0.1105935275554657
0.1795994993742177,7.189603033749901,-1.7058983887202699,-1.7058983887202699,-0.26454739325000776,-1.9992791414260864,0.01688140258193016,2.000580310821533,0.005517120938748121,0.023810874670743942,0.38044607639312744,0.35150405764579773,0.13634398579597473
0.1839799749687108,5.1813296867325835,-2.591579894782322,-2.591579894782322,-0.1700129654592703,-1.999205231666565,0.02050911821424961,2.0006043910980225,0.017158905044198036,0.02547740936279297,0.33835405111312866,0.35210129618644714,0.22210827469825745
0.188360450563204,5.208166462359863,-1.5157759307812655,-1.5157759307812655,-0.9419841633545072,-1.9991153478622437,0.02336432784795761,2.0006794929504395,0.013995558954775333,0.026959560811519623,0.26763659715652466,0.35307422280311584,0.2897133529186249
0.1927409261576971,7.618143230935932,-5.113623449124899,-5.113623449124899,-0.6550270376964421,-1.9990129470825195,0.020054137334227562,2.0007407665252686,-0.005925442092120647,0.028131935745477676,0.25088006258010864,0.3543432950973511,0.14264757931232452
0.1971214017521902,6.2065361420117435,-0.06753045759417803,-0.06753045759417803,-1.1150108135937673,-1.9989250898361206,0.021092943847179413,2.0007147789001465,0.0007283063605427742,0.029230909422039986,0.12067490816116333,0.3549681603908539,0.12910982966423035
0.2015018773466833,3.418127691014759,0.838888780948662,0.838888780948662,-0.43742734216944484,-1.9988327026367188,0.017249038442969322,2.000717878341675,-0.01458904892206192,0.029759522527456284,0.15126465260982513,0.3555337190628052,-0.04402565956115723
0.2058823529411764,7.229360890557404,0.6749576481515285,0.6749576481515285,0.16536628519478935,-1.9987571239471436,0.016578461974859238,2.0006539821624756,-0.038447752594947815,0.030422134324908257,0.1885371208190918,0.3553408682346344,-0.09011557698249817
0.2102628285356695,5.907410869073081,0.6727763295346811,0.6727763295346811,-1.3124469008240356,-1.9986845254898071,0.024088678881525993,2.00048565864563,-0.017030151560902596,0.03124801628291607,0.2034188061952591,0.354946106672287,0.11657552421092987
0.2146433041301627,5.410901153171201,-0.48368327524352006,-0.48368327524352006,-0.7761574450434419,-1.9985790252685547,0.018465504050254822,2.000411033630371,-0.03919545188546181,0.032139088958501816,0.26139360666275024,0.35545676946640015,-0.1181727945804596
0.2190237797246558,7.185914079661572,0.491126835523329,0.491126835523329,-0.5675705213136201,-1.9984980821609497,0.016813967376947403,2.000239372253418,-0.05374649539589882,0.03328411653637886,0.2699347734451294,0.3549391031265259,-0.21437862515449524
0.2234042553191489,5.1110021226420415,1.008787031662224,1.008787031662224,0.1903152004043912,-1.9984244108200073,0.018465613946318626,2.0000040531158447,-0.048794638365507126,0.03446656093001366,0.30085209012031555,0.3540000319480896,-0.2128785252571106
0.227784730913642,6.371133955502515,0.6084311333972809,0.6084311333972809,-0.8790102937407444,-1.9983434677124023,0.024513285607099533,1.9997903108596802,-0.044618647545576096,0.03578443452715874,0.3247540593147278,0.3530675172805786,-0.04607705771923065
0.2321652065081351,11.145963233729486,-0.0611732801258697,-0.0611732801258697,0.3386112236483714,-1.998236060142517,0.02303054928779602,1.999594807624817,-0.053347665816545486,0.03720701113343239,0.36819207668304443,0.35286566615104675,-0.1493431180715561
0.2365456821026282,4.993608986711214,0.7418385246892498,0.7418385246892498,-0.9334595076187138,-1.9981352090835571,0.035753604024648666,1.9993611574172974,0.004858791828155518,0.03881986811757088,0.35651710629463196,0.35221147537231445,0.1934169977903366
0.2409261576971214,7.394030550888294,0.7273359483090239,0.7273359483090239,-1.9757885963118302,-1.9979785680770874,0.03273729979991913,1.999382495880127,-0.016652094200253487,0.04038158431649208,0.4054411053657532,0.35305872559547424,0.044432953000068665
0.2453066332916145,5.954953518923086,-1.119057331705567,-1.119057331705567,0.5455776912278545,-1.9978351593017578,0.023505093529820442,1.9993095397949219,-0.040889084339141846,0.0421576090157032,0.48438090085983276,0.3532533645629883,-0.3416764736175537
0.2496871088861076,7.214402188672414,1.3297422770816472,1.3297422770816472,0.06289193892498335,-1.997732162475586,0.033503104001283646,1.999130368232727,-0.021793192252516747,0.04427942633628845,0.4357682764530182,0.35175666213035583,-0.05665549635887146
0.2540675844806007,5.549458498731192,-0.2098073157740385,-0.2098073157740385,-0.9522228397757657,-1.997585415840149,0.0408046692609787,1.9990348815917969,-0.0026863552629947662,0.04618829861283302,0.4727643132209778,0.3515084981918335,0.12204247713088989
0.2584480600750938,7.037625418076434,1.915175751645678,1.915175751645678,-0.5586584695272235,-1.9974067211151123,0.038420893251895905,1.9990230798721313,-0.019921114668250084,0.04825923219323158,0.49444520473480225,0.352043092250824,-0.019461363554000854
0.2628285356695869,6.945303019960752,0.53195976447981,0.53195976447981,0.26050508636128566,-1.9972383975982666,0.04072737693786621,1.9989358186721802,-0.01597105897963047,0.05042513832449913,0.5666890144348145,0.3519578278064728,-0.017866341397166252
0.2672090112640801,4.581974192914969,-1.1233149083789655,-1.1233149083789655,-1.2032484500805887,-1.997059941291809,0.04966624081134796,1.9988658428192139,0.005228277295827866,0.05290750414133072,0.5746163725852966,0.3518795669078827,0.21022062003612518
0.2715894868585732,5.230483587868797,-0.2915395641008796,-0.2915395641008796,0.8197399074131645,-1.996842384338379,0.04454738274216652,1.9988887310028076,-0.025665922090411186,0.05542459711432457,0.5769506692886353,0.3528004288673401,-0.022713005542755127
0.2759699624530663,3.769678733067868,-0.1364461457152934,-0.1364461457152934,-0.5744794775891974,-1.9966472387313843,0.05651869624853134,1.9987763166427612,-0.006597867235541344,0.0579519160091877,0.5444977879524231,0.35270094871520996,0.32310497760772705
0.2803504380475594,8.481126045287871,-0.42264213614705004,-0.42264213614705004,-1.2479603222963758,-1.9963996410369873,0.055811572819948196,1.99874746799469,-0.030497871339321136,0.06033707410097122,0.5572897791862488,0.354116290807724,0.24743714928627014
0.2847309136420525,3.7819589793955277,1.0509462194037473,1.0509462194037473,-0.27817394900734194,-1.9961551427841187,0.0546395480632782,1.9986138343811035,-0.029556401073932648,0.06277827173471451,0.5813916921615601,0.3552001714706421,0.08966900408267975
0.2891113892365456,6.17801148934883,0.40559223657023763,0.40559223657023763,-0.5492275035440628,-1.9959157705307007,0.05643526837229729,1.9984843730926514,-0.04682675376534462,0.0653250440955162,0.6202062368392944,0.3555929660797119,0.09696964919567108
0.2934918648310388,7.037729739324292,-0.3293235023920334,-0.3293235023920334,-0.7248956269272823,-1.9956685304641724,0.05870121344923973,1.9982792139053345,-0.049896154552698135,0.0680418461561203,0.6480900049209595,0.35601773858070374,0.08254273235797882
0.2978723404255319,10.88730787279356,0.2857029450789631,0.2857029450789631,-0.7468040782052563,-1.9954113960266113,0.06060005724430084,1.998060703277588,-0.04959210008382797,0.07088078558444977,0.6596419811248779,0.35637930035591125,0.03854034096002579
0.302252816020025,5.4108378773162356,-1.2848020148671995,-1.2848020148671995,-0.6994168806892197,-1.9951459169387817,0.0668061375617981,1.9978435039520264,-0.017386306077241898,0.07377032935619354,0.6897944808006287,0.35654813051223755,0.07511677592992783
0.3066332916145181,5.367208292923591,-2.280027064170013,-2.280027064170013,-1.7595827034549847,-1.9948532581329346,0.06731360405683517,1.9977673292160034,-0.03020678088068962,0.07679195702075958,0.6726993918418884,0.3568771779537201,0.001845039427280426
0.3110137672090112,3.6248000688960444,0.03490092121475308,0.03490092121475308,-0.7669928051868444,-1.994558334350586,0.05919681489467621,1.997635006904602,-0.06667575985193253,0.07973869889974594,0.6575007438659668,0.35688525438308716,-0.3679724931716919
0.3153942428035043,4.719568044636424,0.6565943198264692,0.6565943198264692,-0.03264367280153224,-1.994299054145813,0.05728466063737869,1.9973429441452026,-0.09602011740207672,0.08261886239051819,0.6809185743331909,0.35527336597442627,-0.5001556277275085
0.3197747183979975,9.081349389732331,0.5602323916907501,0.5602323916907501,-0.8113628645105124,-1.9940481185913086,0.06281203031539917,1.9969223737716675,-0.10003580152988434,0.08560161292552948,0.7010465264320374,0.35308244824409485,-0.40272966027259827
0.3241551939924906,8.393180509632444,-0.15690240925169235,-0.15690240925169235,-1.0085363208039482,-1.9937729835510254,0.06742680817842484,1.9964841604232788,-0.08444901555776596,0.08867253363132477,0.7411014437675476,0.3513182997703552,-0.42372459173202515
0.3285356695869837,5.588234120285854,-2.8953332484118603,-2.8953332484118603,-0.8494071751334353,-1.9934775829315186,0.06979674845933914,1.9961142539978027,-0.07899171113967896,0.09191890805959702,0.765971839427948,0.3494621813297272,-0.5150133967399597
0.3329161451814768,4.8721472686929275,-2.00271595964096,-2.00271595964096,-0.9755239613569505,-1.9931718111038208,0.07013145834207535,1.9957681894302368,-0.09365610778331757,0.09527423232793808,0.7062243223190308,0.347206175327301,-0.6252395510673523
0.3372966207759699,8.069210818221565,-1.08254817234701,-1.08254817234701,-0.8594784477897346,-1.9928646087646484,0.06873485445976257,1.9953579902648926,-0.11714974790811539,0.0983678326010704,0.6762270331382751,0.3444673418998718,-0.786705493927002
0.341677096370463,8.066370465659249,0.5235803751733701,0.5235803751733701,-0.09022874669964398,-1.9925634860992432,0.07262815535068512,1.9948447942733765,-0.11119089275598526,0.10133002698421478,0.6697126626968384,0.34102120995521545,-0.8429704904556274
0.3460575719649562,8.18207919286042,-1.3578789208791513,-1.3578789208791513,-0.7576871104546121,-1.9922453165054321,0.08276162296533585,1.994357705116272,-0.08827358484268188,0.10426368564367294,0.6876378059387207,0.33732861280441284,-0.684481143951416
0.3504380475594493,6.195756454979108,0.6442365223602826,0.6442365223602826,-0.058336305969872826,-1.9918828010559082,0.08790580928325653,1.9939709901809692,-0.07908907532691956,0.10727586597204208,0.670110285282135,0.3343302607536316,-0.709199845790863
0.3548185231539424,7.3363072196107435,0.27939919837328,0.27939919837328,0.10694960537204812,-1.9914977550506592,0.09595022350549698,1.9936245679855347,-0.07117167860269547,0.11021126806735992,0.6906276345252991,0.33122363686561584,-0.583981454372406
0.3591989987484355,5.114082291086424,0.3259752822824894,0.3259752822824894,-0.02424680374988064,-1.9910774230957031,0.10684100538492203,1.9933128356933594,-0.04993826523423195,0.11323654651641846,0.6956636905670166,0.32866552472114563,-0.38639169931411743
0.3635794743429286,5.47443341847366,-2.113396576577734,-2.113396576577734,-1.3952845515550467,-1.9906094074249268,0.1137329638004303,1.9930940866470337,-0.05032467097043991,0.11628388613462448,0.7058913111686707,0.32697293162345886,-0.2760619521141052
0.3679599499374217,3.543589932305474,-1.4560778140537554,-1.4560778140537554,-0.6258059958335249,-1.990111231803894,0.11087146401405334,1.9928736686706543,-0.07809100300073624,0.11937602609395981,0.6849201917648315,0.32576364278793335,-0.5397065877914429
0.3723404255319149,5.005664648645652,-2.283375521905641,-2.283375521905641,-1.2294910569748225,-1.9896255731582642,0.11127489805221558,1.9925315380096436,-0.10509853810071945,0.12237630039453506,0.6606736183166504,0.32339948415756226,-0.6329396963119507
0.376720901126408,11.316546767127086,-0.6674580222660644,-0.6674580222660644,1.3902036930603434,-1.989138126373291,0.109395332634449,1.9920711517333984,-0.1332051157951355,0.12527036666870117,0.629896879196167,0.3206269145011902,-0.8608601689338684
0.3811013767209011,5.1260103361462885,0.314572930310138,0.314572930310138,-0.2741057599409066,-1.9886589050292969,0.13622768223285675,1.9914876222610474,-0.049841538071632385,0.12802961468696594,0.5698066353797913,0.31685593724250793,-0.2129729986190796
0.3854818523153942,7.762238559239968,1.7383093623666355,1.7383093623666355,-0.7413621488570535,-1.9880621433258057,0.14168904721736908,1.9912693500518799,-0.055654074996709824,0.1305256336927414,0.586997926235199,0.3159230053424835,-0.17140893638134003
0.3898623279098873,6.874526872338334,-2.892959507813634,-2.892959507813634,-0.4298543366698856,-1.9874414205551147,0.1476956009864807,1.9910255670547485,-0.04962610825896263,0.13309696316719055,0.6594122052192688,0.3151721656322479,-0.19934792816638947
0.3942428035043804,3.7705577778951795,-2.877046539256896,-2.877046539256896,-0.9394745562391379,-1.9867944717407227,0.15478792786598206,1.990808129310608,-0.044159531593322754,0.13598550856113434,0.5874817371368408,0.31429892778396606,-0.16076551377773285
0.3986232790988736,7.02882385719409,-0.2394503213314233,-0.2394503213314233,-0.4467360075133418,-1.9861164093017578,0.1536523848772049,1.990614652633667,-0.07625429332256317,0.13855895400047302,0.5308985114097595,0.3135946989059448,-0.3357931971549988
0.4030037546933667,8.648696605626169,-1.988389292498928,-1.988389292498928,-0.8690629289189393,-1.985443353652954,0.16113044321537018,1.9902806282043457,-0.06988648325204849,0.14088454842567444,0.5369518995285034,0.31212377548217773,-0.29815617203712463
0.4073842302878598,4.419638861237543,0.07319747845000646,0.07319747845000646,-0.33907164472959445,-1.984737515449524,0.16814644634723663,1.9899744987487793,-0.059271879494190216,0.1432366520166397,0.5042639970779419,0.3108177185058594,-0.340778648853302
0.4117647058823529,4.858771388295488,-0.21554919196174477,-0.21554919196174477,0.1420865112607368,-1.9840009212493896,0.17258186638355255,1.9897148609161377,-0.07252993434667587,0.1454455703496933,0.516303539276123,0.3093249499797821,-0.3332035541534424
0.416145181476846,3.0320647266489598,1.4690211411551706,1.4690211411551706,-0.03807917820670659,-1.9832448959350586,0.18119700253009796,1.9893971681594849,-0.07134389132261276,0.14770722389221191,0.5058594346046448,0.30786535143852234,-0.1812259703874588
0.4205256570713391,4.829521011591158,-1.213023434635247,-1.213023434635247,-0.8979456210467722,-1.9824512004852295,0.18569539487361908,1.9890846014022827,-0.0895863026380539,0.14992313086986542,0.549871563911438,0.3070715069770813,-0.1216903105378151
0.4249061326658322,7.84649908836079,-0.887798427591437,-0.887798427591437,-0.32080744825931284,-1.981637716293335,0.18698136508464813,1.9886921644210815,-0.11187473684549332,0.15233182907104492,0.5406702756881714,0.3065384328365326,-0.2603103816509247
0.4292866082603254,6.276963304289473,-1.908703493785544,-1.908703493785544,-0.6727981479348756,-1.9808186292648315,0.19727130234241486,1.9882020950317383,-0.09583152830600739,0.15470021963119507,0.524112343788147,0.3053981363773346,-0.1680552065372467
0.4336670838548185,4.75910707786093,0.6839282818794963,0.6839282818794963,-0.11764794751826008,-1.979954481124878,0.2026541382074356,1.98778235912323,-0.1008995920419693,0.15699608623981476,0.48802000284194946,0.30466198921203613,-0.21023422479629517
0.4380475594493116,5.32416886822671,-0.48856135245004784,-0.48856135245004784,-0.42897295403321595,-1.9790667295455933,0.20957757532596588,1.9873403310775757,-0.10636910796165466,0.15913385152816772,0.5114285945892334,0.30374106764793396,-0.1327151656150818
0.4424280350438047,9.780831653158476,-2.5284774671058914,-2.5284774671058914,-0.39084997983624625,-1.9781486988067627,0.21529722213745117,1.9868743419647217,-0.11403805762529373,0.16137415170669556,0.5096884369850159,0.3031597137451172,-0.1288628727197647
0.4468085106382978,7.057415864989774,-2.7435482389765293,-2.7435482389765293,-0.5581247761253881,-1.9772056341171265,0.22872424125671387,1.986374855041504,-0.08328484743833542,0.16360682249069214,0.4472629427909851,0.30259522795677185,-0.010922878980636597
0.4511889862327909,10.171991146349418,-0.5903297864419829,-0.5903297864419829,-1.1455419230295856,-1.9762036800384521,0.23658128082752228,1.9860100746154785,-0.0792466402053833,0.16556604206562042,0.38344165682792664,0.3025473952293396,-0.0027576321735978127
0.4555694618272841,4.324655796498387,0.06112623571070119,0.06112623571070119,1.504342329790127,-1.9751673936843872,0.24565614759922028,1.9856629371643066,-0.062109749764204025,0.16724570095539093,0.39965561032295227,0.3025353252887726,-0.08605031669139862
0.4599499374217772,5.586339191382043,-1.3792002623356687,-1.3792002623356687,-1.4576819401097891,-1.9740912914276123,0.26347115635871887,1.9853909015655518,-0.034979984164237976,0.16899637877941132,0.35750913619995117,0.302158385515213,0.43391281366348267
0.4643304130162703,5.054475366483889,1.2552033622670313,1.2552033622670313,-0.3163018165781535,-1.9729371070861816,0.262871116399765,1.985237717628479,-0.06351785361766815,0.17056244611740112,0.3598010540008545,0.30405911803245544,0.15716782212257385
0.4687108886107634,7.122916448103434,0.32146802888434123,0.32146802888434123,-0.6357836164417563,-1.9717856645584106,0.26932600140571594,1.9849594831466675,-0.07099078595638275,0.1721385419368744,0.40569397807121277,0.3047475814819336,0.1863691210746765
0.4730913642052565,2.836672000009563,-1.9255796977804305,-1.9255796977804305,0.3476209839054719,-1.9706058502197266,0.2771623432636261,1.9846484661102295,-0.06819704174995422,0.17391566932201385,0.4336487650871277,0.30556395649909973,0.17454150319099426
0.4774718397997496,5.2166956332813275,-0.324377378113072,-0.324377378113072,-1.1495094440278568,-1.9693917036056519,0.28455817699432373,1.9843497276306152,-0.07952064275741577,0.17581525444984436,0.3672640919685364,0.30632853507995605,0.33739542961120605
0.4818523153942428,5.3260876900371095,0.30377496747261945,0.30377496747261945,-1.395229230965922,-1.9681452512741089,0.28562039136886597,1.9840013980865479,-0.10428588837385178,0.17742404341697693,0.3913605511188507,0.30780649185180664,0.1380489468574524
0.4862327909887359,4.287528273953855,1.170378289703936,1.170378289703936,-1.2730829353590951,-1.9668941497802734,0.28512921929359436,1.9835445880889893,-0.133610799908638,0.1791383922100067,0.4409768581390381,0.30841121077537537,-0.1272794008255005
0.490613266583229,6.884282063147747,-1.172278803315605,-1.172278803315605,-2.1337663890447462,-1.96564519405365,0.2837057411670685,1.982959270477295,-0.16894914209842682,0.18107007443904877,0.5123336911201477,0.30785366892814636,-0.38266411423683167
0.4949937421777221,6.415593277559003,-3.3255278527185954,-3.3255278527185954,-0.7537964834783588,-1.964402437210083,0.2809324860572815,1.9822192192077637,-0.20169697701931,0.18331433832645416,0.540412187576294,0.30617740750312805,-0.8176699280738831
0.4993742177722152,5.618916673394828,-1.120631867295741,-1.120631867295741,0.5902522293575548,-1.9631718397140503,0.2874079644680023,1.9813356399536133,-0.20763593912124634,0.18568159639835358,0.4653094708919525,0.3025956153869629,-0.8786546587944031
0.5037546933667083,5.645651446849749,-0.5139866839751329,-0.5139866839751329,-0.5574108532510262,-1.9619128704071045,0.30198341608047485,1.9804260730743408,-0.19023095071315765,0.18771986663341522,0.41534623503685,0.29874667525291443,-0.5832502841949463
0.5081351689612015,6.886706104168844,-1.150768523670672,-1.150768523670672,-0.9250617533169656,-1.9605900049209595,0.30852484703063965,1.9795928001403809,-0.19823916256427765,0.18953928351402283,0.4166143536567688,0.2961917519569397,-0.6071940660476685
0.5125156445556946,6.1743900697930805,-1.0731129362152838,-1.0731129362152838,-0.4832485019323283,-1.9592385292053223,0.3149010241031647,1.9787243604660034,-0.20406216382980347,0.19136425852775574,0.4100230038166046,0.29353195428848267,-0.7046828866004944
0.5168961201501877,7.000711253156902,0.42792635597029405,0.42792635597029405,-1.0353553766144536,-1.9578591585159302,0.32311752438545227,1.9778305292129517,-0.20599395036697388,0.19316035509109497,0.3927970826625824,0.29044511914253235,-0.6954918503761292
0.5212765957446808,4.760963364621198,-1.5970459491086308,-1.5970459491086308,-0.022655291085755702,-1.9564437866210938,0.3292156457901001,1.9769282341003418,-0.2133788913488388,0.19488099217414856,0.43552955985069275,0.2873985469341278,-0.8209259510040283
0.5256570713391739,8.272278857054182,-0.16984871512888222,-0.16984871512888222,0.7624520003141113,-1.955001711845398,0.33808767795562744,1.9759935140609741,-0.21688102185726166,0.19678881764411926,0.38955235481262207,0.28380250930786133,-0.7161352634429932
0.5300375469336671,4.885266867752455,-0.10406067259280483,-0.10406067259280483,-0.38518764504373676,-1.9535207748413086,0.35858550667762756,1.9750434160232544,-0.17315983772277832,0.19849523901939392,0.3623262047767639,0.28066548705101013,-0.3103537857532501
0.5344180225281602,7.561262088839305,-1.8397281565302643,-1.8397281565302643,-0.47918836961911493,-1.951949954032898,0.3651886284351349,1.9742848873138428,-0.18371780216693878,0.20008240640163422,0.3705359995365143,0.27930599451065063,-0.30366140604019165
0.5387984981226532,5.609976799828399,-0.8482210256730411,-0.8482210256730411,0.014706726159578687,-1.950350284576416,0.37622272968292236,1.9734801054000854,-0.1738905906677246,0.20170553028583527,0.33080393075942993,0.27797582745552063,-0.2606342136859894
0.5431789737171464,9.103835283958757,-0.8780082525085721,-0.8780082525085721,-0.654561263214916,-1.9487022161483765,0.38684698939323425,1.972718358039856,-0.16935330629348755,0.20315460860729218,0.3056037127971649,0.2768341302871704,-0.1254301220178604
0.5475594493116396,6.071826889668364,-1.4936344004336264,-1.4936344004336264,-0.6571202678638046,-1.947007656097412,0.3997754156589508,1.9719765186309814,-0.15052160620689392,0.20449329912662506,0.2990783452987671,0.27628469467163086,-0.09517943859100342
0.5519399249061326,5.243804895185698,-0.07133303483146325,-0.07133303483146325,-1.483100435469951,-1.9452564716339111,0.40703997015953064,1.971317172050476,-0.15725594758987427,0.20580340921878815,0.2746494710445404,0.275867760181427,-0.13649336993694305
0.5563204005006257,5.897311330834223,-2.0644587907697174,-2.0644587907697174,-1.4212362187057206,-1.9434734582901,0.4075188636779785,1.970628261566162,-0.18958961963653564,0.20700649917125702,0.3158775568008423,0.27526986598968506,-0.4274976849555969
0.5607008760951189,7.827041227243152,0.3357151703811099,0.3357151703811099,-0.49564731243628873,-1.9416882991790771,0.40974876284599304,1.9697977304458618,-0.21506211161613464,0.20839019119739532,0.2970934212207794,0.2733972370624542,-0.6859530210494995
0.565081351689612,7.9807099193917415,0.4025637933931697,0.4025637933931697,-1.2189763367462005,-1.939893364906311,0.4217130243778229,1.968855619430542,-0.20347395539283752,0.2096915990114212,0.321371853351593,0.27039244771003723,-0.6411182880401611
0.5694618272841051,4.669998816015836,-1.0304179603379344,-1.0304179603379344,0.1452641085590166,-1.9380460977554321,0.42947816848754883,1.9679642915725708,-0.20693188905715942,0.21109935641288757,0.3687259554862976,0.26758405566215515,-0.7943601608276367
0.5738423028785982,6.113178819127511,-1.1207518546063255,-1.1207518546063255,-0.43378097615589495,-1.9361647367477417,0.43954503536224365,1.9670578241348267,-0.20742575824260712,0.2127145528793335,0.3343923091888428,0.26410436630249023,-0.6445696353912354
0.5782227784730913,5.059350549376825,1.9060585801303422,1.9060585801303422,-0.4058682640944994,-1.9342392683029175,0.44876962900161743,1.9661492109298706,-0.20886404812335968,0.21417935192584991,0.3143305778503418,0.2612808346748352,-0.6224523186683655
0.5826032540675845,6.009725934808377,-2.2630559351326234,-2.2630559351326234,-0.5597215041310054,-1.9322733879089355,0.4561804533004761,1.9652342796325684,-0.21853448450565338,0.21555626392364502,0.381846159696579,0.2585541903972626,-0.6171923875808716
0.5869837296620776,6.372285230787958,-1.2398057329190522,-1.2398057329190522,-0.6697706537647228,-1.9302750825881958,0.4645431637763977,1.9642770290374756,-0.22370924055576324,0.2172289341688156,0.3321034014225006,0.25585058331489563,-0.6325629949569702
0.5913642052565706,3.4078161252143926,-0.08191613510799445,-0.08191613510799445,-0.8584078678555933,-1.928240180015564,0.47303012013435364,1.9632971286773682,-0.22834666073322296,0.21868370473384857,0.3154565691947937,0.2530796527862549,-0.6701076030731201
0.5957446808510638,8.032641367109948,1.9632910436276478,1.9632910436276478,-0.6855503230629482,-1.9261680841445923,0.47475412487983704,1.9622968435287476,-0.26219743490219116,0.22006554901599884,0.3381325900554657,0.25014427304267883,-0.8296753764152527
0.600125156445557,8.999321215114403,-1.2686279311055126,-1.2686279311055126,-0.6868526029659888,-1.924088478088379,0.486610472202301,1.9611482620239258,-0.2532915472984314,0.2215467244386673,0.4154871702194214,0.24650989472866058,-0.8326794505119324
0.60450563204005,6.640607194455665,0.029896794663605397,0.029896794663605397,-0.9015469879868112,-1.9219568967819214,0.5004187226295471,1.9600387811660767,-0.2363060712814331,0.22336675226688385,0.39849749207496643,0.24286235868930817,-0.8133705258369446
0.6088861076345431,5.926045973080184,-1.3962733362329183,-1.3962733362329183,1.0736607098706654,-1.9197648763656616,0.5085114240646362,1.9590036869049072,-0.24404306709766388,0.22511236369609833,0.4256986081600189,0.23929940164089203,-0.9091820120811462
0.6132665832290363,4.080245495725595,-1.8578687361731117,-1.8578687361731117,-0.5846014122061486,-1.9175373315811157,0.5263441205024719,1.9579346179962158,-0.21284562349319458,0.2269771248102188,0.3535687029361725,0.23531675338745117,-0.47088178992271423
0.6176470588235294,7.03837794268784,0.4570775818470634,0.4570775818470634,0.09628370967283761,-1.915231704711914,0.5312153697013855,1.9570022821426392,-0.23487932980060577,0.22852592170238495,0.31638526916503906,0.2332540601491928,-0.538286566734314
0.6220275344180225,5.871950719415909,-0.13339803844796805,-0.13339803844796805,-0.5388367035648503,-1.9129047393798828,0.5456602573394775,1.9559733867645264,-0.2165544480085373,0.22991183400154114,0.32692158222198486,0.23089611530303955,-0.3464735150337219
0.6264080100125156,6.972170595859257,-1.4365679582237472,-1.4365679582237472,-0.4235945761214862,-1.9105144739151,0.5543686151504517,1.9550247192382812,-0.22250910103321075,0.23134391009807587,0.33876168727874756,0.22937840223312378,-0.359118789434433
0.6307884856070087,7.8953306342470935,-0.03525397169508149,-0.03525397169508149,-0.05780854141460395,-1.9080860614776611,0.5659224987030029,1.954050064086914,-0.21660763025283813,0.23282784223556519,0.3091796636581421,0.22780528664588928,-0.3138390779495239
0.6351689612015019,3.330463648110443,-0.9662055383491449,-0.9662055383491449,-1.1972671029421944,-1.9056071043014526,0.5812914967536926,1.9531012773513794,-0.1946152001619339,0.2341821938753128,0.30983832478523254,0.2264305204153061,-0.1449146568775177
0.639549436795995,5.934466131566781,-1.9601969623822846,-1.9601969623822846,-0.25678302057716346,-1.903060793876648,0.5816169381141663,1.9522488117218018,-0.23697514832019806,0.23553943634033203,0.31658604741096497,0.22579573094844818,-0.40075117349624634
0.643929912390488,4.262636875186532,-1.7870497898288484,-1.7870497898288484,-0.9538599755501762,-1.9005130529403687,0.5921638011932373,1.9512107372283936,-0.23601782321929932,0.23692622780799866,0.26684096455574036,0.22404025495052338,-0.3332788944244385
0.6483103879849812,4.277506767941961,-3.8565975993347053,-3.8565975993347053,-0.1106260156235267,-1.8979190587997437,0.5957626700401306,1.9501768350601196,-0.265026330947876,0.23809511959552765,0.24250918626785278,0.22258032858371735,-0.4993922710418701
0.6526908635794744,5.3288877189272945,0.29767345845533644,0.29767345845533644,-0.3856331352529545,-1.895309329032898,0.6038557887077332,1.9490158557891846,-0.2746579647064209,0.23915742337703705,0.13311493396759033,0.22039274871349335,-0.4300007224082947
0.6570713391739674,5.942409213134194,1.3592756755414368,1.3592756755414368,-1.5209075468294397,-1.8926641941070557,0.6126442551612854,1.9478126764297485,-0.28175804018974304,0.2397405356168747,0.1530696451663971,0.21850913763046265,-0.4126708209514618
0.6614518147684605,5.284516189754811,-1.6318985466380114,-1.6318985466380114,-1.156632400969552,-1.8899805545806885,0.6169085502624512,1.9465783834457397,-0.30969008803367615,0.24041105806827545,0.23718012869358063,0.2167014479637146,-0.6975748538970947
0.6658322903629537,4.141691752081942,-1.0540763994717377,-1.0540763994717377,-0.08762858152929437,-1.8872781991958618,0.6218688488006592,1.9452217817306519,-0.33484429121017456,0.24145002663135529,0.22330084443092346,0.21364574134349823,-0.8963131904602051
0.6702127659574468,6.001023086564888,-0.09682957113045776,-0.09682957113045776,-0.1602597058821869,-1.884554147720337,0.6300443410873413,1.943755030632019,-0.34514448046684265,0.24242818355560303,0.19507750868797302,0.2097194641828537,-0.8237167596817017
0.6745932415519399,6.897588099501818,1.2610183420526697,1.2610183420526697,-1.0978873570467993,-1.8817942142486572,0.6415567398071289,1.9422430992126465,-0.341505229473114,0.2432827204465866,0.19692987203598022,0.20611119270324707,-0.7278348803520203
0.678973717146433,6.39835270679177,-2.4052317869907847,-2.4052317869907847,-0.3072031180732018,-1.8789838552474976,0.6503215432167053,1.9407471418380737,-0.3518482446670532,0.24414536356925964,0.26581740379333496,0.20292292535305023,-0.8724606037139893
0.6833541927409261,8.751527672917268,1.5309413877977138,1.5309413877977138,0.2869811235679208,-1.8761351108551025,0.6619792580604553,1.9392058849334717,-0.348263144493103,0.2453097701072693,0.20454831421375275,0.19910113513469696,-0.8082978129386902
0.6877346683354193,5.314044972304307,-1.9029993537968064,-1.9029993537968064,-0.8827475416973136,-1.8732353448867798,0.6811004281044006,1.9376803636550903,-0.3112930655479431,0.24620579183101654,0.24087589979171753,0.19556041061878204,-0.5233681201934814
0.6921151439299124,4.354550712999088,0.3193185865567322,0.3193185865567322,-0.43837608313345466,-1.8702517747879028,0.6878327131271362,1.936316728591919,-0.3300154507160187,0.2472609430551529,0.21108131110668182,0.1932678073644638,-0.6451585292816162
0.6964956195244054,7.53264351110292,-2.312229365209644,-2.312229365209644,0.3475373970563139,-1.8672387599945068,0.6947498321533203,1.9348710775375366,-0.3465874195098877,0.24818557500839233,0.23320840299129486,0.19044171273708344,-0.6655004620552063
0.7008760951188986,3.546229465564251,-1.7482254620536213,-1.7482254620536213,-0.1030688662201169,-1.864195466041565,0.7115740776062012,1.9333528280258179,-0.3184373080730438,0.24920713901519775,0.1555347740650177,0.18752650916576385,-0.3923260569572449
0.7052565707133918,4.208389398218822,-0.2168503318561204,-0.2168503318561204,-0.513934781534284,-1.8610783815383911,0.7183017730712891,1.9319579601287842,-0.33406510949134827,0.24988844990730286,0.10749098658561707,0.18580792844295502,-0.33811241388320923
0.7096370463078848,6.824543530546987,-0.9977914245140072,-0.9977914245140072,-0.7656626181770219,-1.8579318523406982,0.7245744466781616,1.9304945468902588,-0.353607177734375,0.25035929679870605,0.11616679280996323,0.18432684242725372,-0.3830054998397827
0.7140175219023779,4.8301438788385775,0.6322924121255304,0.6322924121255304,-0.5958543023175966,-1.8547579050064087,0.7350529432296753,1.928945541381836,-0.35702839493751526,0.25086817145347595,0.10938789695501328,0.18264909088611603,-0.4369296729564667
0.718397997496871,6.661437282042793,1.1081967671833353,1.1081967671833353,-1.0856951434480995,-1.851538062095642,0.7422919869422913,1.9273816347122192,-0.3732635974884033,0.2513473331928253,0.14525367319583893,0.18073512613773346,-0.49015676975250244
0.7227784730913642,4.9513150746292665,0.613230924799914,0.613230924799914,-0.35113799429962306,-1.848286509513855,0.7511872053146362,1.9257465600967407,-0.3854546546936035,0.2519836127758026,0.2093222737312317,0.17858800292015076,-0.6371945738792419
0.7271589486858573,5.204697552126943,-1.2888411512982714,-1.2888411512982714,-0.6877086123981911,-1.8449959754943848,0.7598184943199158,1.9240580797195435,-0.3950594663619995,0.25290054082870483,0.2374849021434784,0.17579679191112518,-0.6193845868110657
0.7315394242803503,6.4383381155470305,1.4157219586451628,1.4157219586451628,0.09350104607081455,-1.841667652130127,0.7675958871841431,1.9223275184631348,-0.4103156328201294,0.2539408504962921,0.21992993354797363,0.1730835884809494,-0.6895483136177063
0.7359198998748435,5.11118510702065,-2.0475493551447492,-2.0475493551447492,-0.5804047331550024,-1.8383052349090576,0.7810904383659363,1.9205302000045776,-0.3972207307815552,0.25490424036979675,0.2585429847240448,0.17006303369998932,-0.5130660533905029
0.7403003754693367,9.295468088450564,-2.34127927827679,-2.34127927827679,-0.48104354612765543,-1.834883689880371,0.7891613245010376,1.9187902212142944,-0.41080281138420105,0.25603678822517395,0.21569770574569702,0.16781556606292725,-0.5555651783943176
0.7446808510638298,6.446647576134763,-1.6650231145311403,-1.6650231145311403,-1.0696365361896536,-1.831426739692688,0.8061081767082214,1.9169907569885254,-0.3870629072189331,0.25698164105415344,0.16137292981147766,0.16538192331790924,-0.47270098328590393
0.7490613266583228,2.552123539781213,-1.8442057113640353,-1.8442057113640353,-0.26506318273658336,-1.8278956413269043,0.8150517344474792,1.9152952432632446,-0.40079641342163086,0.2576885223388672,0.14398574829101562,0.16331127285957336,-0.6205389499664307
0.753441802252816,8.200690328089301,0.3620832137977683,0.3620832137977683,0.09158567117537342,-1.8243253231048584,0.8193250894546509,1.9135395288467407,-0.4285544753074646,0.25831925868988037,0.09786978363990784,0.16059301793575287,-0.6349098086357117
0.7578222778473092,4.436874586460819,-0.8294595339652906,-0.8294595339652906,-1.389914279775216,-1.820736289024353,0.8363319039344788,1.911662220954895,-0.40077951550483704,0.25874796509742737,0.10576917231082916,0.15781180560588837,-0.41808027029037476
0.7622027534418022,6.3187461353671655,-1.4501308845425964,-1.4501308845425964,0.008012094436061878,-1.8170727491378784,0.8402000665664673,1.9099066257476807,-0.43879246711730957,0.2592112720012665,0.12213622778654099,0.1559804081916809,-0.7022372484207153
0.7665832290362953,5.082949195484951,-1.56184604577135,-1.56184604577135,-0.8789877347009682,-1.8133922815322876,0.8531140089035034,1.9079844951629639,-0.4287175238132477,0.2597462832927704,0.07955382764339447,0.15290427207946777,-0.5526943802833557
0.7709637046307884,6.371290766061426,-1.2824555956392563,-1.2824555956392563,-1.4705113754389612,-1.8096551895141602,0.86029452085495,1.9061064720153809,-0.4495258331298828,0.2600947618484497,0.059612199664115906,0.15048320591449738,-0.6793721914291382
0.7753441802252816,7.226956809032192,-0.7291054522993035,-0.7291054522993035,-0.028253445957283352,-1.8058867454528809,0.8680737614631653,1.904137372970581,-0.47327733039855957,0.2603558897972107,0.06510402262210846,0.14750723540782928,-0.9410345554351807
0.7797246558197747,8.188895528800959,1.0512539542078447,1.0512539542078447,0.7521120593776659,-1.80208420753479,0.8827629685401917,1.9020642042160034,-0.45647120475769043,0.26064106822013855,0.04463692381978035,0.14338505268096924,-0.7806079983711243
0.7841051314142677,6.06962894224426,0.3944154927539507,0.3944154927539507,-0.6187743140977409,-1.7982172966003418,0.9018416404724121,1.9000645875930786,-0.41349947452545166,0.2608366012573242,0.0533728152513504,0.13996562361717224,-0.3802488446235657
0.7884856070087609,6.63208553704985,-1.9159324870906929,-1.9159324870906929,-0.1104073267169185,-1.7942668199539185,0.9119474291801453,1.898253321647644,-0.42004746198654175,0.2610704004764557,0.08296117186546326,0.13829995691776276,-0.4115917682647705
0.7928660826032541,5.72678614426678,-2.9860770683247213,-2.9860770683247213,-1.4396766993082104,-1.7902719974517822,0.9248360395431519,1.8964133262634277,-0.41009458899497986,0.26143380999565125,0.030234113335609436,0.13649699091911316,-0.28811120986938477
0.7972465581977471,9.734936813716459,-2.496060966393879,-2.496060966393879,-0.3233951310482399,-1.7862207889556885,0.931651771068573,1.894616961479187,-0.4385824501514435,0.26156625151634216,-0.014925681054592133,0.13523492217063904,-0.5564302206039429
0.8016270337922402,10.563352205021102,0.6620248803123718,0.6620248803123718,-0.24167261760195957,-1.7821396589279175,0.9500664472579956,1.8926957845687866,-0.40762805938720703,0.26150086522102356,-0.07837440818548203,0.1327974945306778,-0.4202721118927002
0.8060075093867334,3.8107345082819006,2.3505890542495322,2.3505890542495322,-0.8050690991717157,-1.7779779434204102,0.9702938199043274,1.8909101486206055,-0.3678377866744995,0.2611575424671173,-0.05198357626795769,0.1309565007686615,-0.24213653802871704
0.8103879849812266,7.0605980503253685,-1.2105282994402926,-1.2105282994402926,-1.110266424244003,-1.773727536201477,0.975373387336731,1.8892987966537476,-0.3976326584815979,0.26092982292175293,0.04017164930701256,0.12989582121372223,-0.37809449434280396
0.8147684605757196,2.5243321776556304,1.9901106905241508,1.9901106905241508,0.6301177311890729,-1.7694549560546875,0.9859670400619507,1.887557029724121,-0.4073293209075928,0.26110580563545227,0.037243686616420746,0.12823958694934845,-0.5236588716506958
0.8191489361702127,5.0555066867841605,-1.4964784953195323,-1.4964784953195323,-0.07530913914469589,-1.7651360034942627,0.9929243922233582,1.885772705078125,-0.41454389691352844,0.2612689435482025,0.07695979624986649,0.12594571709632874,-0.2892892360687256
0.8235294117647058,4.97515038159828,-0.8443736252632256,-0.8443736252632256,-0.15360296020895303,-1.760786533355713,1.0026662349700928,1.883956789970398,-0.4169687330722809,0.2616060674190521,0.03545714169740677,0.12467849254608154,-0.19288519024848938
0.827909887359199,3.879368862903081,-0.4829331482544933,-0.4829331482544933,-0.057865461265197815,-1.756394386291504,1.0120055675506592,1.8821302652359009,-0.4218883216381073,0.2617613971233368,0.015284446999430656,0.123833566904068,-0.12020718306303024
0.8322903629536921,6.5672029113296,1.4273922023616719,1.4273922023616719,-1.2498282199339694,-1.751961350440979,1.0194615125656128,1.8802821636199951,-0.433750182390213,0.26182836294174194,0.0028711222112178802,0.123307004570961,-0.04628468304872513
0.8366708385481851,7.97577219625819,-0.8002095879278521,-0.8002095879278521,-0.10278599214622802,-1.7474956512451172,1.0287518501281738,1.8783820867538452,-0.4508492648601532,0.26184093952178955,0.0810544490814209,0.12310425937175751,-0.2423897087574005
0.8410513141426783,6.08827013531012,-0.9007868657130805,-0.9007868657130805,-1.781775702597176,-1.742989182472229,1.0441327095031738,1.8764071464538574,-0.42948657274246216,0.26219600439071655,0.06068746745586395,0.12204247713088989,-0.08591696619987488
0.8454317897371715,5.018851960998736,-3.1565615644038103,-3.1565615644038103,-0.5671958531116857,-1.7384153604507446,1.051002860069275,1.874525785446167,-0.46297699213027954,0.2624618411064148,0.086415134370327,0.12166611850261688,-0.4415208399295807
0.8498122653316645,3.623584309880698,-0.839804231168018,-0.839804231168018,-1.3007637154374363,-1.7338114976882935,1.0593175888061523,1.8724976778030396,-0.47717031836509705,0.2628403902053833,0.010797441005706787,0.11973204463720322,-0.4832334816455841
0.8541927409261576,7.85375168071952,-1.8764571632079705,-1.8764571632079705,-0.7859899646944837,-1.7291711568832397,1.0628730058670044,1.8704074621200562,-0.5201129913330078,0.2628876864910126,0.024258919060230255,0.11761525273323059,-0.7619287967681885
0.8585732165206508,7.042488163239746,-3.0936327088858206,-3.0936327088858206,-1.08689296319544,-1.7245153188705444,1.076306939125061,1.8681291341781616,-0.5157155990600586,0.2629939615726471,-0.007586181163787842,0.11427764594554901,-0.7989898920059204
0.8629536921151439,7.076225693112877,-0.27047347791038623,-0.27047347791038623,-1.0569204484845556,-1.719800591468811,1.0873883962631226,1.8658699989318848,-0.5251219272613525,0.2629607319831848,-0.06618934869766235,0.11077769100666046,-0.9388636350631714
0.867334167709637,6.179078864005924,0.1641970954739146,0.1641970954739146,-1.1921222876871669,-1.7150373458862305,1.098740816116333,1.863569736480713,-0.5335683822631836,0.2626707851886749,-0.04322260618209839,0.10666502267122269,-1.0696828365325928
0.8717146433041301,5.909523456033231,-0.986045411898115,-0.986045411898115,1.2989185325198975,-1.7102243900299072,1.1081464290618896,1.8612323999404907,-0.5526875853538513,0.2624814510345459,-0.003613777458667755,0.10197930037975311,-1.2590759992599487
0.8760951188986232,4.1766424134055455,-0.5579129895836702,-0.5579129895836702,-1.0611134803333946,-1.7053701877593994,1.123204231262207,1.858811378479004,-0.5160091519355774,0.26246562600135803,-0.07034196704626083,0.09646394848823547,-0.760109543800354
0.8804755944931164,7.420728153715306,-1.6933745799983013,-1.6933745799983013,0.25026653954656175,-1.70045006275177,1.129016399383545,1.8565510511398315,-0.548827588558197,0.26215749979019165,-0.05564691871404648,0.093134306371212,-0.9594865441322327
0.8848560700876095,6.959678646168553,-0.635006532990047,-0.635006532990047,0.037843503040488946,-1.6955044269561768,1.1440426111221313,1.854146957397461,-0.5239312052726746,0.2619137465953827,-0.11240740120410919,0.08893129974603653,-0.7182462215423584
0.8892365456821025,6.305894171580364,-0.5265822794867969,-0.5265822794867969,-0.6159333382788168,-1.6904929876327515,1.1575067043304443,1.8518519401550293,-0.5078338384628296,0.2614213526248932,-0.13205675780773163,0.08578503876924515,-0.5470080375671387
0.8936170212765957,6.1278588479059755,-1.3233306690546858,-1.3233306690546858,0.5273018418782318,-1.6854225397109985,1.168277382850647,1.8496273756027222,-0.5124599933624268,0.260842889547348,-0.12944743037223816,0.08338887989521027,-0.5732569694519043
0.8979974968710889,7.149979441761289,0.019723905831890987,0.019723905831890987,-0.5349196244307486,-1.6803048849105835,1.180937647819519,1.8473825454711914,-0.4918723702430725,0.26027584075927734,-0.1834917664527893,0.08087774366140366,-0.2848361134529114
0.902377972465582,5.386716977987171,-1.4283691621918801,-1.4283691621918801,-0.3224223631517655,-1.6751317977905273,1.1933236122131348,1.8452279567718506,-0.4875350296497345,0.2594720721244812,-0.16729441285133362,0.07963002473115921,-0.269124299287796
0.906758448060075,8.817321239215264,-1.7332235500307953,-1.7332235500307953,-0.17375485372659055,-1.6699044704437256,1.2027802467346191,1.8430923223495483,-0.49297580122947693,0.2587392330169678,-0.19959156215190887,0.07845113426446915,-0.23482507467269897
0.9111389236545682,6.607899752282289,-2.0227326059716946,-2.0227326059716946,0.6182488001233241,-1.6646357774734497,1.2188392877578735,1.840932846069336,-0.46623048186302185,0.25786492228507996,-0.24513299763202667,0.07742249220609665,-0.07997344434261322
0.9155193992490612,7.688216249609491,1.6916397633020863,1.6916397633020863,0.2602324991083471,-1.6592966318130493,1.2321710586547852,1.838890552520752,-0.4394538700580597,0.2567911148071289,-0.32225802540779114,0.07707217335700989,0.24480263888835907
0.9198998748435544,7.771397154579429,-1.0561141569771544,-1.0561141569771544,0.08834868594145795,-1.6538991928100586,1.2468091249465942,1.836965560913086,-0.4119868874549866,0.25537946820259094,-0.28045639395713806,0.07814452797174454,0.4946678876876831
0.9242803504380476,7.773857486173021,1.0637434572016014,1.0637434572016014,0.22463930669755805,-1.6484376192092896,1.2613060474395752,1.8351608514785767,-0.3878217041492462,0.254150927066803,-0.3138783276081085,0.08031141012907028,0.6985968351364136
0.9286608260325406,6.9648669471625215,-1.2854272432900018,-1.2854272432900018,-1.4962512577812663,-1.64291250705719,1.2761292457580566,1.8334619998931885,-0.3604371249675751,0.25277599692344666,-0.28937381505966187,0.0833715945482254,0.9406991600990295
0.9330413016270338,5.079516211827708,-0.03885321574749345,-0.03885321574749345,-2.34022477605898,-1.6373224258422852,1.2862557172775269,1.8318830728530884,-0.3800143301486969,0.2515084147453308,-0.28321707248687744,0.08749230206012726,0.6843299269676208
0.9374217772215268,7.7654032479889,-1.645890027985967,-1.645890027985967,-0.4016842557618763,-1.6316879987716675,1.2909127473831177,1.8302184343338013,-0.4350563883781433,0.25026780366897583,-0.2160097360610962,0.09048999100923538,0.1491449475288391
0.94180225281602,4.912342805473563,0.6312597838391529,0.6312597838391529,-1.5462584588031674,-1.6260331869125366,1.3042380809783936,1.828312635421753,-0.422280490398407,0.2493215799331665,-0.2523444890975952,0.09114331752061844,0.21680861711502075
0.9461827284105132,6.8275850057967515,-0.44308331187567956,-0.44308331187567956,-1.2744602434510992,-1.6203199625015259,1.3098957538604736,1.8264628648757935,-0.46013757586479187,0.2482161968946457,-0.18875405192375183,0.09209304302930832,-0.10071361064910889
0.9505632040050064,6.383120722942326,0.7495162453446875,0.7495162453446875,-0.8343921997128994,-1.6145819425582886,1.3195409774780273,1.8244472742080688,-0.4755654036998749,0.24738936126232147,-0.1644752025604248,0.09165187180042267,-0.29805710911750793
0.9549436795994992,4.9297707530631785,1.3777057877201218,1.3777057877201218,-0.6420011101290212,-1.6088017225265503,1.3293261528015137,1.822364091873169,-0.484445720911026,0.24666887521743774,-0.11822005361318588,0.09034623950719833,-0.38295647501945496
0.9593241551939924,7.585114592679352,-1.4002746938553114,-1.4002746938553114,-1.2175030910148432,-1.6029785871505737,1.336901307106018,1.8202420473098755,-0.5010303854942322,0.24615101516246796,-0.05923821032047272,0.08866871148347855,-0.44786345958709717
0.9637046307884856,4.489253649300949,-0.5678262820507013,-0.5678262820507013,0.11262151567832057,-1.597122311592102,1.3480591773986816,1.818047285079956,-0.5087607502937317,0.2458915263414383,-0.06457572430372238,0.08670685440301895,-0.6118217706680298
0.9680851063829788,7.980198008160569,-0.4693469179429817,-0.4693469179429817,-0.7907125065866923,-1.5912171602249146,1.3564560413360596,1.8158186674118042,-0.5114301443099976,0.24560865759849548,-0.08444695919752121,0.08402678370475769,-0.47652649879455566
0.9724655819774718,7.505635250719793,-1.0992948393215165,-1.0992948393215165,-0.42767745333432095,-1.5852752923965454,1.3692035675048828,1.8135783672332764,-0.5058852434158325,0.24523873627185822,-0.07506206631660461,0.08193936944007874,-0.5124384760856628
0.9768460575719649,5.670554536065088,-0.23048732863845472,-0.23048732863845472,-0.7755280786162332,-1.579277515411377,1.3818048238754272,1.811362385749817,-0.49584516882896423,0.24490992724895477,-0.09467542171478271,0.07969464361667633,-0.4581342339515686
0.981226533166458,7.827024277332155,-1.7428941622124632,-1.7428941622124632,-0.6030123201764213,-1.5732245445251465,1.390465259552002,1.8091903924942017,-0.5093362331390381,0.2444951981306076,-0.07875850796699524,0.07768779993057251,-0.5433177351951599
0.9856070087609512,3.621014680050199,-1.5301658053984613,-1.5301658053984613,-0.7714156241786312,-1.5671336650848389,1.40326988697052,1.8069592714309692,-0.5006933212280273,0.24415019154548645,-0.11204667389392853,0.07530780881643295,-0.5305840373039246
0.9899874843554444,5.171163568284313,0.3570076962528682,0.3570076962528682,-0.5398321066348406,-1.5609866380691528,1.4083691835403442,1.8047659397125244,-0.5313002467155457,0.2436593770980835,-0.13420458137989044,0.07298360019922256,-0.662054181098938
0.9943679599499372,8.769666908369501,0.335032456009826,0.335032456009826,0.3924521585893353,-1.5548173189163208,1.4166449308395386,1.8024386167526245,-0.5434830784797668,0.24307149648666382,-0.10801401734352112,0.07008349150419235,-0.6931627988815308
0.9987484355444304,9.265966189317744,0.2663637352733016,0.2663637352733016,0.4367181074899371,-1.5486117601394653,1.432708740234375,1.8000578880310059,-0.503652036190033,0.24259833991527557,-0.10969085246324539,0.0670471116900444,-0.3812430500984192
1.0031289111389237,2.926727273937764,-1.4944644262631392,-1.4944644262631392,-0.22209578654223958,-1.542335867881775,1.4494704008102417,1.7978516817092896,-0.45860496163368225,0.24211783707141876,-0.11466573923826218,0.06537708640098572,-0.0456165075302124
1.0075093867334166,5.8670729893183,-1.5203345811259341,-1.5203345811259341,-0.4603588436289218,-1.5359865427017212,1.4541733264923096,1.7958427667617798,-0.4821930527687073,0.24161554872989655,-0.15182293951511383,0.06517726182937622,-0.0400271862745285
1.0118898623279098,7.371253796396601,-0.8826585139069519,-0.8826585139069519,-1.091262986741715,-1.5296165943145752,1.4635578393936157,1.7937304973602295,-0.4866551458835602,0.24095049500465393,-0.18277758359909058,0.06500192731618881,-0.033035725355148315
1.016270337922403,3.6297002737273196,-1.6979750235483002,-1.6979750235483002,-1.0536676162018543,-1.5232055187225342,1.474535346031189,1.7915986776351929,-0.49323031306266785,0.2401498407125473,-0.17668567597866058,0.06485721468925476,-0.1672680675983429
1.020650813516896,7.70371206529362,-0.8834262769548963,-0.8834262769548963,0.3256062357640691,-1.5167464017868042,1.4791486263275146,1.7894381284713745,-0.5303514003753662,0.23937587440013885,-0.19550149142742157,0.06412450224161148,-0.37734565138816833
1.0250312891113893,0.9734119720440431,-1.3542078902139427,-1.3542078902139427,-0.3048757324336777,-1.5102670192718506,1.4928070306777954,1.7871149778366089,-0.5009768605232239,0.23851948976516724,-0.2308090776205063,0.062471549957990646,-0.10874933004379272
1.0294117647058822,4.322736785026176,-0.21727981340983704,-0.21727981340983704,-0.8383229539573341,-1.5037277936935425,1.4940141439437866,1.7849204540252686,-0.5429003834724426,0.23750843107700348,-0.26145291328430176,0.06199517473578453,-0.17131084203720093
1.0337922403003754,8.511665757247535,-1.1662539463445232,-1.1662539463445232,-0.4278801559179474,-1.4971833229064941,1.5000978708267212,1.78254234790802,-0.5691465735435486,0.23636314272880554,-0.24331648647785187,0.06124475225806236,-0.30534297227859497
1.0381727158948686,7.87614742201981,-0.1553170750485402,-0.1553170750485402,-0.06969310654854449,-1.4906121492385864,1.5137977600097656,1.780049204826355,-0.550563395023346,0.2352973073720932,-0.26487934589385986,0.059907205402851105,-0.22822697460651398
1.0425531914893615,7.468868198160601,-0.5205650257938234,-0.5205650257938234,0.02800129065460455,-1.4839810132980347,1.526857614517212,1.7776374816894531,-0.5289300680160522,0.23413701355457306,-0.26737985014915466,0.058907464146614075,-0.0658961683511734
1.0469336670838547,5.748479036961928,-0.09685647674378206,-0.09685647674378206,-1.3123998315944436,-1.4772926568984985,1.539286494255066,1.7753205299377441,-0.508420467376709,0.23296576738357544,-0.2833997309207916,0.058618806302547455,0.11428520083427429
1.051314142678348,6.465583483028724,-0.2799795138979362,-0.2799795138979362,-0.4799176404373424,-1.4705498218536377,1.5469775199890137,1.7730934619903564,-0.5337323546409607,0.2317243367433548,-0.2479020059108734,0.05911942943930626,-0.11902688443660736
1.055694618272841,4.3820632980074326,0.6811554505835059,0.6811554505835059,-0.2511956025558265,-1.4637733697891235,1.556944489479065,1.770755410194397,-0.533516526222229,0.23063841462135315,-0.24206317961215973,0.05859803408384323,-0.10357917100191116
1.0600750938673342,6.984406805082978,-3.1408248250035675,-3.1408248250035675,0.6527408338318768,-1.4569531679153442,1.5637705326080322,1.768418312072754,-0.5454769134521484,0.22957806289196014,-0.21483556926250458,0.058144308626651764,-0.07244305312633514
1.0644555694618272,6.821327879665052,-0.29217678328971713,-0.29217678328971713,-1.2380460654367058,-1.4501031637191772,1.5760303735733032,1.766028881072998,-0.5143665075302124,0.2286369800567627,-0.32561972737312317,0.057826973497867584,0.2708914279937744
1.0688360450563203,6.1416805040303295,-2.0982960013439884,-2.0982960013439884,1.0118266934092244,-1.4431993961334229,1.5854380130767822,1.7637757062911987,-0.5288606882095337,0.2272106111049652,-0.2979973554611206,0.05901360511779785,0.08317606151103973
1.0732165206508135,7.017554977373319,-0.5062030764894342,-0.5062030764894342,-0.5806794439636773,-1.4362543821334839,1.5967528820037842,1.7614589929580688,-0.4964176118373871,0.22590523958206177,-0.3888227939605713,0.05937795713543892,0.5072686672210693
1.0775969962453065,5.070057494647569,-1.1759223812025807,-1.1759223812025807,-0.19723472207843185,-1.4292598962783813,1.6073130369186401,1.759284496307373,-0.4938431680202484,0.2242020070552826,-0.3866478502750397,0.061600036919116974,0.5075294375419617
1.0819774718397996,8.12170980701061,3.4787876316208766,3.4787876316208766,-0.9869521785500535,-1.422219157218933,1.6152340173721313,1.757121205329895,-0.4986911416053772,0.22250831127166748,-0.41522863507270813,0.06382326036691666,0.569787859916687
1.0863579474342928,5.478714267629782,-0.45487806368471856,-0.45487806368471856,0.22818726974890163,-1.415143609046936,1.6268171072006226,1.754936695098877,-0.4962559640407562,0.22068941593170166,-0.28481489419937134,0.06631920486688614,0.4825102388858795
1.090738423028786,10.440769110334427,1.4318443297218129,1.4318443297218129,-0.431714502887626,-1.4080173969268799,1.635947823524475,1.7527629137039185,-0.48766905069351196,0.21944178640842438,-0.3047625720500946,0.06843283027410507,0.6730283498764038
1.0951188986232792,3.135411152371169,-0.957456830839658,-0.957456830839658,-1.0141320479027707,-1.4008511304855347,1.6519432067871094,1.7506266832351685,-0.4526233673095703,0.21810677647590637,-0.2503407597541809,0.07138101756572723,0.7945550680160522
1.099499374217772,4.145819869954039,-1.1317662144297718,-1.1317662144297718,-0.8946127217520521,-1.3936148881912231,1.655432105064392,1.7486439943313599,-0.4928479790687561,0.21701017022132874,-0.24868565797805786,0.0748615488409996,0.5844322443008423
1.1038798498122653,7.129974265714013,-3.6925536847894658,-3.6925536847894658,-0.26511623681763696,-1.3863632678985596,1.6605364084243774,1.7464851140975952,-0.521725058555603,0.2159208059310913,-0.2556113004684448,0.0774216428399086,0.4311320185661316
1.1082603254067585,7.399265666408822,0.748202709971962,0.748202709971962,-0.33068814816326786,-1.37908935546875,1.6713693141937256,1.7441997528076172,-0.5106658339500427,0.2148011028766632,-0.35570335388183594,0.07931020855903625,0.5227066874504089
1.1126408010012514,7.195279368699289,-0.7833464561681593,-0.7833464561681593,-0.00028386492879822756,-1.3717679977416992,1.6824992895126343,1.7419627904891968,-0.4988498389720917,0.21324294805526733,-0.32419633865356445,0.08159991353750229,0.6023170948028564
1.1170212765957446,8.17730616504133,-1.7317885577280703,-1.7317885577280703,-1.1664230119658519,-1.3643978834152222,1.6939144134521484,1.7397775650024414,-0.48102033138275146,0.21182280778884888,-0.3470642566680908,0.08423835039138794,0.7694195508956909
1.1214017521902375,3.423524693763606,0.37105056507280976,0.37105056507280976,-0.09318185221463832,-1.3569777011871338,1.7046208381652832,1.7376704216003418,-0.48211097717285156,0.21030250191688538,-0.36357471346855164,0.08760877698659897,0.6342282295227051
1.125782227784731,6.617052388021431,-1.6408927501857984,-1.6408927501857984,0.04142979646945383,-1.349510669708252,1.7099206447601318,1.7355585098266602,-0.4983156621456146,0.20870986580848694,-0.3500176668167114,0.0903870016336441,0.6878781318664551
1.130162703379224,7.1780592453270655,-0.07826520702568807,-0.07826520702568807,-0.7658772085939385,-1.3420203924179077,1.7204774618148804,1.7333756685256958,-0.4843512773513794,0.20717662572860718,-0.39914682507514954,0.09340023249387741,0.8534361124038696
1.134543178973717,6.349012657748351,0.19680541013295172,0.19680541013295172,0.15040359511989443,-1.3344838619232178,1.7302099466323853,1.731253981590271,-0.4844701588153839,0.20542816817760468,-0.3790663778781891,0.09713868796825409,0.8069985508918762
1.1389236545682102,4.716719371027422,-0.25409532008288904,-0.25409532008288904,-0.5754590536643804,-1.3269047737121582,1.740618109703064,1.729131817817688,-0.4702048897743225,0.20376767218112946,-0.37771129608154297,0.10067372769117355,0.9968775510787964
1.1433041301627034,7.756175215899175,0.9576226104693655,0.9576226104693655,-1.1301448021647993,-1.3192800283432007,1.7469096183776855,1.7270721197128296,-0.4866877794265747,0.20211312174797058,-0.36832645535469055,0.1050405278801918,0.9463562369346619
1.1476846057571963,3.828079426048626,-0.11640578258477141,-0.11640578258477141,-0.4670723916523052,-1.311627745628357,1.7564197778701782,1.7249401807785034,-0.49033090472221375,0.20049968361854553,-0.3073570132255554,0.10918601602315903,0.8121137022972107
1.1520650813516895,5.156156240241003,-1.06894905043202,-1.06894905043202,-0.8136577569520218,-1.3039337396621704,1.7613619565963745,1.7227922677993774,-0.5117734670639038,0.19915331900119781,-0.2971164286136627,0.11274345964193344,0.7712046504020691
1.156445556946183,6.284878690521057,0.11915743341192697,0.11915743341192697,-0.7243799017354418,-1.2962181568145752,1.767363429069519,1.7205504179000854,-0.5300180912017822,0.19785180687904358,-0.3045717477798462,0.11612170189619064,0.6646901965141296
1.1608260325406758,8.252312092143923,-0.29399672725605996,-0.29399672725605996,-1.0983046479743854,-1.2884762287139893,1.7752116918563843,1.7182286977767944,-0.5365937352180481,0.19651763141155243,-0.2799377739429474,0.11903335899114609,0.6094872951507568
1.165206508135169,6.255144072260176,-1.1422277564549268,-1.1422277564549268,-0.3893796941023351,-1.2806999683380127,1.7849420309066772,1.7158781290054321,-0.5351700186729431,0.19529137015342712,-0.256449431180954,0.12170320004224777,0.4960281550884247
1.169586983729662,6.224679353632354,-1.6137748498394404,-1.6137748498394404,-0.23612795537053377,-1.272881031036377,1.7934964895248413,1.713533878326416,-0.5341646671295166,0.19416800141334534,-0.27843499183654785,0.12387604266405106,0.5336477756500244
1.1739674593241551,4.614369069297793,-0.6084827353651261,-0.6084827353651261,-0.6398190925043676,-1.2650246620178223,1.8024237155914307,1.7111940383911133,-0.5298442244529724,0.1929483264684677,-0.31866663694381714,0.1262136697769165,0.6133285760879517
1.1783479349186483,3.469536705895214,-1.378894858636869,-1.378894858636869,-0.30371891571278076,-1.257129192352295,1.8077055215835571,1.7088730335235596,-0.5485649108886719,0.19155241549015045,-0.31775152683258057,0.12890033423900604,0.5428059697151184
1.1827284105131413,5.284396236651582,-2.9462041143877222,-2.9462041143877222,0.127889386277096,-1.2492105960845947,1.8121721744537354,1.706470012664795,-0.5691714286804199,0.19016051292419434,-0.34915006160736084,0.13127808272838593,0.5392635464668274
1.1871088861076344,3.7690838680009104,-0.6453348117809371,-0.6453348117809371,-0.3873428204994397,-1.2412724494934082,1.8206803798675537,1.7039767503738403,-0.564339280128479,0.188631072640419,-0.43892332911491394,0.133640319108963,0.6985686421394348
1.1914893617021276,5.9744437546128735,1.3821808201639454,1.3821808201639454,-0.9466915585536863,-1.2332969903945923,1.8253415822982788,1.7015047073364258,-0.5843396186828613,0.18670837581157684,-0.44645750522613525,0.13670037686824799,0.6787520051002502
1.1958698372966208,6.64620295946375,-0.4303863304723953,-0.4303863304723953,-0.9864024635172112,-1.2253011465072632,1.8314706087112427,1.6989450454711914,-0.5985904335975647,0.1847526729106903,-0.3784470558166504,0.1396736353635788,0.5545918345451355
1.200250312891114,6.773226124202265,-1.0161340513410326,-1.0161340513410326,-1.771454343790908,-1.2172784805297852,1.8383128643035889,1.6963229179382324,-0.6080292463302612,0.18309488892555237,-0.36220961809158325,0.14210301637649536,0.4351184368133545
1.204630788485607,6.894329573947644,-1.2467574887453243,-1.2467574887453243,0.3451404275701545,-1.2092257738113403,1.842599630355835,1.6936594247817993,-0.6345784068107605,0.18150824308395386,-0.3401518762111664,0.1440090388059616,0.09971264004707336
1.2090112640801,7.9633288856760895,-1.1148866740298113,-1.1148866740298113,-0.6067687720738852,-1.201154351234436,1.853996753692627,1.6908797025680542,-0.6109722852706909,0.18001821637153625,-0.386640340089798,0.14444582164287567,0.3574386537075043
1.2133917396745932,5.758805083340141,-0.9586389280142762,-0.9586389280142762,-0.9494528669732064,-1.19303297996521,1.8637447357177734,1.6882033348083496,-0.6003547310829163,0.17832455039024353,-0.40147900581359863,0.1460115760564804,0.374747633934021
1.2177722152690862,9.185935943500755,-2.6769900064342442,-2.6769900064342442,-0.05521947081625456,-1.1848689317703247,1.869008183479309,1.6855734586715698,-0.616404116153717,0.17656588554382324,-0.4017472565174103,0.14765314757823944,0.24486789107322693
1.2221526908635794,3.7080269084414006,-0.977987715887265,-0.977987715887265,-0.9500969221816207,-1.1766817569732666,1.88224196434021,1.6828733682632446,-0.5825678110122681,0.17480604350566864,-0.4783112704753876,0.14872579276561737,0.4446755647659302
1.2265331664580723,7.600815398020628,-0.12827873252275068,-0.12827873252275068,-0.568391775553523,-1.1684366464614868,1.8843894004821777,1.680321455001831,-0.6160433888435364,0.17271080613136292,-0.4791257679462433,0.15067368745803833,0.2665916085243225
1.2309136420525657,3.1125563301616097,1.0895297087236213,1.0895297087236213,-0.0065653100642272255,-1.1601821184158325,1.8933582305908203,1.67762291431427,-0.6075443029403687,0.17061200737953186,-0.46627306938171387,0.15184149146080017,0.2861814498901367
1.2352941176470589,6.608279770444882,-0.27238416251597175,-0.27238416251597175,-0.8110193571568836,-1.1518882513046265,1.8978101015090942,1.6749615669250488,-0.6241937875747681,0.16856950521469116,-0.4342636168003082,0.1530950963497162,0.35728880763053894
1.2396745932415518,6.1040136933721785,-1.001335594934001,-1.001335594934001,0.6438708989928392,-1.1435749530792236,1.9043234586715698,1.6722272634506226,-0.6297271251678467,0.16666722297668457,-0.4185337722301483,0.1546601951122284,0.28597691655158997
1.244055068836045,8.732996045426116,-3.3272973915012134,-3.3272973915012134,-1.6747592285761497,-1.1352331638336182,1.915271282196045,1.6694687604904175,-0.6058415174484253,0.16483384370803833,-0.46657902002334595,0.15591290593147278,0.608592689037323
1.2484355444305382,2.7025591890574865,-0.5491244064725962,-0.5491244064725962,-0.6440054391292275,-1.1268433332443237,1.921521544456482,1.666814923286438,-0.6132691502571106,0.16279000043869019,-0.5148383975028992,0.15857882797718048,0.346210777759552
1.2528160200250311,6.282617571804031,-0.33727265848640714,-0.33727265848640714,0.18001355418476062,-1.1184262037277222,1.9229381084442139,1.6641285419464111,-0.6481428742408752,0.16053476929664612,-0.5120675563812256,0.16009539365768433,0.22995242476463318
1.2571964956195243,5.515989504362501,0.09345950853745211,0.09345950853745211,0.2876757263750806,-1.110002875328064,1.9322882890701294,1.6612893342971802,-0.6334490776062012,0.15829166769981384,-0.5271739363670349,0.16110269725322723,0.4274044632911682
1.2615769712140177,8.721309112436192,1.0990595321567254,1.0990595321567254,-0.16113682391104267,-1.1015385389328003,1.9409674406051636,1.6585144996643066,-0.6227904558181763,0.1559823900461197,-0.532845675945282,0.16297493875026703,0.6369127035140991
1.2659574468085106,7.547609720443319,-0.12547794228718823,-0.12547794228718823,0.03341410771299941,-1.09303617477417,1.952309012413025,1.655786395072937,-0.5952078104019165,0.1536482721567154,-0.49604395031929016,0.1657649129629135,0.796377420425415
1.2703379224030038,7.52948017703328,0.01795678536270362,0.01795678536270362,-1.8168433134310347,-1.0844841003417969,1.9628114700317383,1.6531790494918823,-0.5731297731399536,0.15147536993026733,-0.5006840825080872,0.1692534238100052,0.9825814962387085
1.2747183979974968,2.817172478832826,1.7075537179738265,1.7075537179738265,0.8621075935823987,-1.0758860111236572,1.966050624847412,1.6506685018539429,-0.5939674973487854,0.14928214251995087,-0.4471020996570587,0.1735575944185257,0.6523479223251343
1.27909887359199,8.220005101457115,1.1447764711873418,1.1447764711873418,-1.8211073393528268,-1.067273736000061,1.9734416007995605,1.6480666399002075,-0.5930545330047607,0.1473236232995987,-0.4224123954772949,0.17641519010066986,0.9587801694869995
1.283479349186483,5.716921932701176,-2.8994581887613005,-2.8994581887613005,0.46484260081747397,-1.0586291551589966,1.9771571159362793,1.645468831062317,-0.6080431342124939,0.14547325670719147,-0.3357991874217987,0.18061509728431702,0.6434881687164307
1.287859824780976,6.258854302710296,-0.84049726855206,-0.84049726855206,-0.6764394791226425,-1.0499682426452637,1.9868028163909912,1.6428053379058838,-0.5915973782539368,0.144002303481102,-0.4340474307537079,0.1834338754415512,0.907031774520874
1.2922403003754692,7.1993355108282024,1.152630923558227,1.152630923558227,-0.45950425819458074,-1.0412651300430298,1.992435097694397,1.6402138471603394,-0.5968655347824097,0.1421009749174118,-0.4388384521007538,0.18740710616111755,0.8649661540985107
1.2966207759699624,7.105459806714337,0.6549527961541526,0.6549527961541526,-0.5811147508724461,-1.0325373411178589,2.000126361846924,1.6375993490219116,-0.5891073346138,0.1401786506175995,-0.3917589783668518,0.19119606912136078,0.9053828120231628
1.3010012515644556,9.425469122813338,-2.186432419144775,-2.186432419144775,-0.8734640425211417,-1.0237758159637451,2.0070998668670654,1.6350188255310059,-0.5849469304084778,0.13846255838871002,-0.35566189885139465,0.1951620727777481,0.9096410870552063
1.3053817271589487,5.879565361419009,0.07402130837444643,0.07402130837444643,0.5014625012173195,-1.0149837732315063,2.015683889389038,1.6324564218521118,-0.5677303671836853,0.13690459728240967,-0.3940047323703766,0.19914673268795013,0.8866066336631775
1.3097622027534417,3.044655523850979,-0.6591363886272108,-0.6591363886272108,-0.5725373329420061,-1.0061540603637695,2.02592134475708,1.6299694776535034,-0.5491332411766052,0.13517867028713226,-0.406487375497818,0.20303049683570862,1.1639906167984009
1.3141426783479349,5.27938555906086,2.505408549163314,2.505408549163314,0.05671403936982894,-0.9972795844078064,2.027642250061035,1.6275639533996582,-0.579404890537262,0.13339805603027344,-0.40901634097099304,0.20812933146953583,1.0755175352096558
1.318523153942428,7.038621945000324,-1.3214391446546148,-1.3214391446546148,-0.38883974121045234,-0.9883975386619568,2.0351510047912598,1.6250258684158325,-0.5761845111846924,0.13160637021064758,-0.3375067114830017,0.21284061670303345,1.214725136756897
1.322903629536921,8.029703390626397,0.27828539012649334,0.27828539012649334,-1.1513960449184146,-0.9794825911521912,2.0428249835968018,1.6225018501281738,-0.5682200193405151,0.1301279366016388,-0.36474156379699707,0.2181616872549057,1.2707109451293945
1.327284105131414,6.867519281748592,1.6162453893802324,1.6162453893802324,-0.26689616414190975,-0.9705340266227722,2.0479111671447754,1.6200127601623535,-0.569281816482544,0.12853018939495087,-0.3229903280735016,0.2237280011177063,1.1370798349380493
1.331664580725907,4.166314645808857,-1.7617843278465584,-1.7617843278465584,-1.8669603186352435,-0.961563229560852,2.055835247039795,1.6175190210342407,-0.5599871873855591,0.12711533904075623,-0.267996609210968,0.22870895266532898,1.2228782176971436
1.3360450563204005,5.0818225203009675,0.181633708412147,0.181633708412147,-1.2004760919418012,-0.9525576829910278,2.0518181324005127,1.6150660514831543,-0.6102380752563477,0.12594138085842133,-0.26492512226104736,0.23406574130058289,0.7993676662445068
1.3404255319148937,5.961883123494973,-1.3781757876064218,-1.3781757876064218,0.115207418503397,-0.9435697197914124,2.0520787239074707,1.6123929023742676,-0.6373910307884216,0.12478088587522507,-0.2245631366968155,0.23756735026836395,0.582990825176239
1.3448060075093866,6.843428496273939,-0.009323601228329315,-0.009323601228329315,-0.5052929880612984,-0.9345806241035461,2.0605216026306152,1.6096007823944092,-0.6270462274551392,0.12379719316959381,-0.2681746482849121,0.24012112617492676,0.7539647817611694
1.3491864831038798,6.396168888290709,-3.5029921722311768,-3.5029921722311768,-0.9493697827071299,-0.9255545735359192,2.066718101501465,1.60685396194458,-0.6233570575714111,0.12262246012687683,-0.25369077920913696,0.24342384934425354,0.7723594903945923
1.353566958698373,5.269877797647501,-1.1424785840180842,-1.1424785840180842,-0.371765615006585,-0.9165013432502747,2.069791078567505,1.6041233539581299,-0.6335778832435608,0.12151117622852325,-0.32826465368270874,0.24680715799331665,0.6564192175865173
1.357947434292866,8.27680348318592,0.3894039108314834,0.3894039108314834,0.9682091749492774,-0.9074347019195557,2.074584722518921,1.6013479232788086,-0.640227198600769,0.12007322162389755,-0.3507719039916992,0.24968259036540985,0.6752871870994568
1.362327909887359,3.4896529119702837,-0.5340855968200292,-0.5340855968200292,0.7920992786527795,-0.898347020149231,2.090949535369873,1.598543405532837,-0.5908828377723694,0.11853667348623276,-0.367674857378006,0.25264066457748413,1.137662410736084
1.3667083854818525,7.027477718028605,-1.3033544659169367,-1.3033544659169367,-1.3468314493694922,-0.8891876935958862,2.100501537322998,1.5959550142288208,-0.5863344073295593,0.11692608147859573,-0.40640366077423096,0.25762417912483215,1.4396172761917114
1.3710888610763454,8.88539507822232,-1.701045380210719,-1.701045380210719,0.5289487668771796,-0.8799865245819092,2.1021463871002197,1.5933866500854492,-0.6003084778785706,0.11514583975076675,-0.405133992433548,0.26393038034439087,1.2270946502685547
1.3754693366708386,7.4059229698188584,-2.6071051631293214,-2.6071051631293214,-1.8539781927067247,-0.8707781434059143,2.11722731590271,1.5907570123672485,-0.5559874773025513,0.11337116360664368,-0.47025689482688904,0.26930564641952515,1.5805597305297852
1.3798498122653315,6.467941410038081,-0.6572872816733619,-0.6572872816733619,-0.37106277060562076,-0.8615036606788635,2.115964412689209,1.588321566581726,-0.5782132744789124,0.11131121218204498,-0.49225059151649475,0.27622926235198975,1.23499596118927
1.3842302878598247,3.8082515652953877,-0.14096461668986976,-0.14096461668986976,0.06708903350919748,-0.8522347211837769,2.1223433017730713,1.5857887268066406,-0.574822723865509,0.10915491729974747,-0.500609278678894,0.28163912892341614,1.2810511589050293
1.388610763454318,6.4116746462684295,-0.18862049093453498,-0.18862049093453498,0.47421042982344735,-0.8429378271102905,2.12817645072937,1.583270788192749,-0.584152102470398,0.10696201026439667,-0.5066850781440735,0.2872507572174072,1.3876930475234985
1.3929912390488108,6.258829949467367,-1.5496884460566402,-1.5496884460566402,-1.1949284862417082,-0.8336154222488403,2.140082359313965,1.5807119607925415,-0.562310516834259,0.10474248975515366,-0.5260418653488159,0.29332950711250305,1.667779564857483
1.397371714643304,9.02496174363273,1.7634055653432228,1.7634055653432228,0.020553433358524498,-0.8242408633232117,2.140822649002075,1.5782487392425537,-0.5793583393096924,0.10243817418813705,-0.5364019870758057,0.3006351888179779,1.4786309003829956
1.4017521902377972,6.174946158774006,-3.0905829739432686,-3.0905829739432686,-0.3217920455015526,-0.8148630261421204,2.1530392169952393,1.5757108926773071,-0.5456951856613159,0.10008847713470459,-0.4855051636695862,0.30711230635643005,1.6917461156845093
1.4061326658322904,6.519012286101821,-0.10780059511792955,-0.10780059511792955,-0.481129981499079,-0.8054316639900208,2.1594696044921875,1.5733205080032349,-0.5439263582229614,0.09796173125505447,-0.5663626194000244,0.31452295184135437,1.7436412572860718
1.4105131414267835,6.492688052074048,-1.0222533094395003,-1.0222533094395003,0.11871096483860294,-0.7959721684455872,2.1651697158813477,1.5709378719329834,-0.5428520441055298,0.0954807922244072,-0.5554602146148682,0.322160929441452,1.7586860656738281
1.4148936170212765,7.098713198747509,0.11557205118288422,0.11557205118288422,-1.187530530534315,-0.7864876985549927,2.175197124481201,1.5685598850250244,-0.5286984443664551,0.0930476114153862,-0.5887799859046936,0.3298647999763489,1.940072774887085
1.4192740926157696,7.020191492517624,-0.3691289168570644,-0.3691289168570644,-0.9942242675347963,-0.7769593000411987,2.176286220550537,1.5662438869476318,-0.538538932800293,0.09046847373247147,-0.5507252812385559,0.3383632302284241,1.7706294059753418
1.4236545682102628,9.550161177370311,-0.8643327325958884,-0.8643327325958884,-0.4550549992684503,-0.7674261331558228,2.178312063217163,1.5638848543167114,-0.5446861982345581,0.0880560353398323,-0.5324705243110657,0.3461194336414337,1.652868628501892
1.4280350438047558,6.54605088498706,0.4648296876874288,0.4648296876874288,-0.7072123913225872,-0.7578840851783752,2.187401533126831,1.5614988803863525,-0.5175912380218506,0.08572356402873993,-0.5444227457046509,0.35335978865623474,1.7423851490020752
1.432415519399249,1.8495457880544883,-2.942070103610295,-2.942070103610295,-0.5597238558797355,-0.7483022212982178,2.190748453140259,1.5592316389083862,-0.5214162468910217,0.08333873003721237,-0.5101953744888306,0.3609922528266907,1.6931207180023193
1.436795994993742,9.833688844089632,-2.3091876361423918,-2.3091876361423918,0.03662271052415211,-0.7387056946754456,2.1893646717071533,1.5569475889205933,-0.5614866018295288,0.08110383152961731,-0.5797674655914307,0.3684089183807373,1.578714370727539
1.4411764705882353,4.1480070338232835,0.027328922169258196,0.027328922169258196,-0.7426343873420563,-0.7291152477264404,2.2025232315063477,1.5544880628585815,-0.5214088559150696,0.07856417447328568,-0.6482725739479065,0.37532442808151245,1.8099596500396729
1.4455569461827285,6.133928485782494,-0.9187084154228027,-0.9187084154228027,-0.8640116815883297,-0.7194671630859375,2.202296257019043,1.5522040128707886,-0.5462186932563782,0.07572443038225174,-0.6257871985435486,0.38325291872024536,1.6958247423171997
1.4499374217772214,8.403391232939583,-4.536644332771589,-4.536644332771589,-0.13582329385567044,-0.709820032119751,2.20310115814209,1.5498113632202148,-0.5569701790809631,0.07298318296670914,-0.6273845434188843,0.3906814455986023,1.5918904542922974
1.4543178973717146,7.075129307386844,-0.2913478845398559,-0.2913478845398559,-0.3456063786341045,-0.7001693844795227,2.2128188610076904,1.5473716259002686,-0.5329073071479797,0.07023493945598602,-0.7559024691581726,0.3976546823978424,1.7411119937896729
1.4586983729662075,6.340535747715727,-0.6122064561260464,-0.6122064561260464,-0.9827585734514802,-0.6904761791229248,2.2191267013549805,1.5450372695922852,-0.5246289968490601,0.06692373007535934,-0.7543179392814636,0.40528157353401184,1.801745057106018
1.4630788485607007,10.554053833169029,-1.192590640151181,-1.192590640151181,-0.7726938359877771,-0.6807553768157959,2.218611240386963,1.5427391529083252,-0.5362974405288696,0.0636194571852684,-0.7434966564178467,0.4131740629673004,1.6678560972213745
1.467459324155194,7.218386500697914,0.7215542967119671,0.7215542967119671,-0.5405194463897454,-0.6710367798805237,2.2245869636535645,1.540389895439148,-0.508260190486908,0.06036258861422539,-0.7557590007781982,0.42048007249832153,1.6847716569900513
1.471839799749687,5.347971855714051,-0.5702978284663377,-0.5702978284663377,-0.6668089447389061,-0.6612920165061951,2.2287001609802246,1.538163423538208,-0.5031096935272217,0.05705200508236885,-0.7189024686813354,0.42786017060279846,1.6923624277114868
1.4762202753441802,5.221772073846123,-0.7860116797449713,-0.7860116797449713,-0.7884227288348553,-0.6515292525291443,2.229278802871704,1.5359596014022827,-0.5162611603736877,0.053902871906757355,-0.7160840630531311,0.43527352809906006,1.6232285499572754
1.4806007509386734,5.397743494490423,-1.1865036490485394,-1.1865036490485394,-0.6228163327010878,-0.6417639255523682,2.2282650470733643,1.5336980819702148,-0.5330296754837036,0.05076608434319496,-0.7160136699676514,0.4423840343952179,1.516947627067566
1.4849812265331663,7.753517021574014,-0.768957051554342,-0.768957051554342,0.19186957961596351,-0.6320030689239502,2.2288119792938232,1.5313631296157837,-0.5447877645492554,0.04762960225343704,-0.7324751019477844,0.44902899861335754,1.4601901769638062
1.4893617021276595,5.709226374559381,-0.27089162905630765,-0.27089162905630765,-1.0931645955814107,-0.6222398281097412,2.2400314807891846,1.5289766788482666,-0.5198261141777039,0.044421013444662094,-0.7605342864990234,0.45542532205581665,1.680978775024414
1.493742177722153,5.61451656430096,-1.00349415895668,-1.00349415895668,-0.14372194205983868,-0.6124274134635925,2.2359185218811035,1.5266995429992676,-0.5390371084213257,0.041089512407779694,-0.736521303653717,0.46278882026672363,1.4987854957580566
1.4981226533166456,9.621640674634227,0.22574503763939435,0.22574503763939435,0.8781546240224187,-0.602632999420166,2.2411949634552,1.5243382453918457,-0.5390182137489319,0.037863198667764664,-0.7616294026374817,0.46935421228408813,1.5787677764892578
1.5025031289111388,4.87902669365803,-0.6951082108298515,-0.6951082108298515,0.479147156758207,-0.5928155183792114,2.2615342140197754,1.5219770669937134,-0.4846881031990051,0.034526899456977844,-0.780681848526001,0.4762699604034424,2.028506278991699
1.506883604505632,5.319893948566319,-0.14332820478722674,-0.14332820478722674,-1.637519220228686,-0.5829089283943176,2.2731335163116455,1.519853949546814,-0.4781920611858368,0.031107142567634583,-0.8149738311767578,0.48515579104423523,2.2655065059661865
1.5112640801001251,5.509568880669377,1.0523316698357013,1.0523316698357013,0.1548366583050435,-0.5729514956474304,2.262399911880493,1.5177592039108276,-0.5122672319412231,0.027537168934941292,-0.771338701248169,0.49507978558540344,1.9208896160125732
1.5156445556946183,4.809039968397624,-1.287906708048068,-1.287906708048068,0.05918117646108778,-0.563041090965271,2.2709319591522217,1.5155152082443237,-0.5075024366378784,0.024158338084816933,-0.7451289892196655,0.5034942030906677,2.079343318939209
1.5200250312891113,7.32755886424405,1.025336573307149,1.025336573307149,-0.8504107592275542,-0.5530933141708374,2.2778241634368896,1.5132920742034912,-0.5106602311134338,0.02089431881904602,-0.7844682335853577,0.512602686882019,2.1958580017089844
1.5244055068836044,6.851992296043506,-1.8524978321245327,-1.8524978321245327,-0.2812111565309956,-0.5431153774261475,2.276855230331421,1.5110551118850708,-0.5120141506195068,0.017457975074648857,-0.729690432548523,0.522221565246582,2.110090970993042
1.5287859824780976,9.230117797449596,0.6393658674881967,0.6393658674881967,-0.0030265828052354893,-0.5331416726112366,2.28167724609375,1.5088121891021729,-0.5056691765785217,0.014261583797633648,-0.7755770087242126,0.5314647555351257,2.172234058380127
1.5331664580725906,6.490354165352216,-0.20245637266109387,-0.20245637266109387,-0.3228236448914757,-0.5231468677520752,2.2920241355895996,1.5065971612930298,-0.4745187759399414,0.01086418703198433,-0.756817102432251,0.5409801602363586,2.3594276905059814
1.5375469336670835,6.466286325951977,-0.4652203487348271,-0.4652203487348271,-1.0337434929053388,-0.5131067037582397,2.2960338592529297,1.5045185089111328,-0.47237229347229004,0.007548968307673931,-0.7533019781112671,0.5513155460357666,2.400639295578003
1.541927409261577,2.8607672946894027,1.411305737714309,1.411305737714309,-0.21020425456668923,-0.5030489563941956,2.291184425354004,1.5024492740631104,-0.48476338386535645,0.004249147139489651,-0.7366992831230164,0.5618314743041992,2.2420456409454346
1.54630788485607,5.8966942447656,0.2229343118027369,0.2229343118027369,-0.5024383545084509,-0.4930124878883362,2.2927541732788086,1.5003257989883423,-0.5097998976707458,0.0010220538824796677,-0.6893460750579834,0.5716527104377747,2.2403182983398438
1.5506883604505632,8.162271336479476,-0.6448897408491101,-0.6448897408491101,-0.482768626844795,-0.48296913504600525,2.2932655811309814,1.4980926513671875,-0.5161992311477661,-0.001997609855607152,-0.6681628823280334,0.5814663767814636,2.2165067195892334
1.5550688360450562,6.506690696089489,-0.18677484309542822,-0.18677484309542822,-0.24866697201453303,-0.47292354702949524,2.295823335647583,1.4958314895629883,-0.5040696263313293,-0.004924480803310871,-0.6728973388671875,0.5911757349967957,2.241528034210205
1.5594493116395494,6.719219570658358,0.7601502287877482,0.7601502287877482,-0.879898718455448,-0.46286675333976746,2.2998087406158447,1.4936233758926392,-0.5007897019386292,-0.007872091606259346,-0.6710898876190186,0.6009947061538696,2.298380136489868
1.5638297872340423,4.723887442664809,-0.36251818090574617,-0.36251818090574617,0.05411861595662426,-0.4527924954891205,2.2955384254455566,1.4914296865463257,-0.5081863403320312,-0.01081178430467844,-0.623195230960846,0.6110627055168152,2.182177782058716
1.5682102628285357,4.101197078758959,-2.2706653364655214,-2.2706653364655214,-1.2078170431113464,-0.442736953496933,2.301701068878174,1.4892035722732544,-0.5134850740432739,-0.013541676104068756,-0.6353623270988464,0.6206216812133789,2.287259817123413
1.5725907384230289,5.994783951574047,1.8828825114802608,1.8828825114802608,-0.011983452214362866,-0.43265441060066223,2.290220022201538,1.4869542121887207,-0.5480126142501831,-0.016324864700436592,-0.6664008498191833,0.630640983581543,2.027858257293701
1.5769712140175218,9.390674733508066,-0.04971115387392633,-0.04971115387392633,0.14844138317859012,-0.4226221442222595,2.2961814403533936,1.4845536947250366,-0.5445913672447205,-0.019244017079472542,-0.6110647320747375,0.639523983001709,2.136626720428467
1.581351689612015,3.75884494722845,0.7114136402483733,0.7114136402483733,-0.8361347775119949,-0.4125637710094452,2.3071327209472656,1.4821680784225464,-0.5115345120429993,-0.021920770406723022,-0.6168513894081116,0.6488834023475647,2.3520638942718506
1.5857321652065082,7.965018787557957,-0.21704787759909627,-0.21704787759909627,0.21865090507184115,-0.40245744585990906,2.2998692989349365,1.4799273014068604,-0.541713297367096,-0.024622872471809387,-0.5716580748558044,0.6591865420341492,2.1878931522369385
1.5901126408010011,8.729009824042443,-1.6412946785641094,-1.6412946785641094,0.7503325089259205,-0.3923829197883606,2.310544490814209,1.4775543212890625,-0.5190911889076233,-0.027127007022500038,-0.5843818783760071,0.6687705516815186,2.393580675125122
1.5944931163954943,5.547605743771739,-0.6494995963837902,-0.6494995963837902,-0.9499111776506999,-0.38226163387298584,2.3297088146209717,1.4752804040908813,-0.48113030195236206,-0.029686877503991127,-0.6542249917984009,0.6792555451393127,2.7598493099212646
1.5988735919899877,8.114944134776351,-0.39943306674355605,-0.39943306674355605,-0.6710612634972242,-0.37205639481544495,2.322018623352051,1.4731727838516235,-0.4998174011707306,-0.03255269303917885,-0.6454520225524902,0.6913449764251709,2.5936331748962402
1.6032540675844804,8.007148509307742,0.6408174709092511,0.6408174709092511,-0.5707938430656136,-0.36188486218452454,2.3197760581970215,1.4709833860397339,-0.49326470494270325,-0.035380080342292786,-0.6375195980072021,0.7027063369750977,2.5489885807037354
1.6076345431789736,6.522227779390457,-0.6529037294488937,-0.6529037294488937,-0.8812177719240415,-0.3517231345176697,2.318610429763794,1.4688225984573364,-0.48581603169441223,-0.03817271813750267,-0.6021367311477661,0.7138721346855164,2.5286359786987305
1.6120150187734668,7.718927170279422,1.984617585311411,1.984617585311411,-0.18375410758982805,-0.3415665030479431,2.311352491378784,1.4666944742202759,-0.495460569858551,-0.04081036150455475,-0.5954692363739014,0.7249487638473511,2.3945200443267822
1.61639549436796,5.153574953833246,-0.01586310104596872,-0.01586310104596872,-0.9113042537886535,-0.3314416706562042,2.3152477741241455,1.4645241498947144,-0.48350828886032104,-0.043418798595666885,-0.5321459174156189,0.7354379296302795,2.4736878871917725
1.620775969962453,6.797685135636731,1.7668339200699428,1.7668339200699428,0.2010497174783487,-0.32129979133605957,2.3059463500976562,1.4624061584472656,-0.5041967034339905,-0.04574985057115555,-0.5059961676597595,0.7462738752365112,2.305511236190796
1.625156445556946,10.143572935631068,1.7072171937458518,1.7072171937458518,-0.45363208438422875,-0.3111986517906189,2.3148977756500244,1.4601975679397583,-0.49292588233947754,-0.047966353595256805,-0.46027031540870667,0.7563731074333191,2.4734885692596436
1.6295369211514392,5.2534067217814755,-0.5541991650631716,-0.5541991650631716,-0.3213712057066407,-0.301058292388916,2.315512180328369,1.458038330078125,-0.467646986246109,-0.04998255521059036,-0.3971666693687439,0.7672081589698792,2.5118749141693115
1.6339173967459324,6.0537276358992855,-0.9600928493838581,-0.9600928493838581,0.016678756037045328,-0.29091525077819824,2.3151235580444336,1.4559898376464844,-0.47762709856033325,-0.05172233283519745,-0.4039659798145294,0.7782113552093506,2.5065042972564697
1.6382978723404251,8.454821941014362,1.9313568995329904,1.9313568995329904,-0.4349098674518432,-0.28077390789985657,2.3206114768981934,1.4538975954055786,-0.4759659171104431,-0.053491897881031036,-0.4324907958507538,0.7891910076141357,2.6069176197052
1.6426783479349183,5.240749758729509,2.6022178872183774,2.6022178872183774,-1.4455346684254649,-0.270608514547348,2.319995641708374,1.4518126249313354,-0.46388232707977295,-0.055386412888765335,-0.3633882999420166,0.8006105422973633,2.617499589920044
1.6470588235294117,8.464986890753321,-1.6637631134678788,-1.6637631134678788,-0.09407584948954623,-0.26044583320617676,2.300358772277832,1.4497805833816528,-0.4927080571651459,-0.05697822570800781,-0.2451810985803604,0.8120764493942261,2.29488205909729
1.6514392991239049,5.547756772090654,-0.2082268835121624,-0.2082268835121624,-0.4764826863654701,-0.2503691613674164,2.304694890975952,1.447622299194336,-0.47493690252304077,-0.05805223435163498,-0.291020929813385,0.8221291303634644,2.3967230319976807
1.655819774718398,7.179169488141801,-0.022014579951233543,-0.022014579951233543,-1.7436390402896373,-0.24027350544929504,2.3009097576141357,1.4455418586730957,-0.48545122146606445,-0.05932704359292984,-0.28318700194358826,0.8326278924942017,2.346670389175415
1.660200250312891,6.689039355566866,0.7454078346302392,0.7454078346302392,-0.0980899335493235,-0.23019441962242126,2.2757787704467773,1.4434154033660889,-0.5037394165992737,-0.06056753918528557,-0.23291011154651642,0.8429074287414551,1.966057300567627
1.6645807259073842,11.371415364563617,-1.8945442496443878,-1.8945442496443878,-0.16938568381201435,-0.22022542357444763,2.2784016132354736,1.441208839416504,-0.49942976236343384,-0.06158779561519623,-0.20827730000019073,0.8515197038650513,2.0357279777526855
1.668961201501877,4.675722219128753,-0.9382105201706857,-0.9382105201706857,0.3586224647918718,-0.21024493873119354,2.2820613384246826,1.439021110534668,-0.4615856111049652,-0.06250014901161194,-0.25865739583969116,0.8604371547698975,2.1514105796813965
1.6733416770963705,7.028161963065944,-0.8580139495948094,-0.8580139495948094,0.4434506701933214,-0.20024842023849487,2.2918143272399902,1.4369992017745972,-0.4656775891780853,-0.06363318860530853,-0.29652902483940125,0.869861364364624,2.3175570964813232
1.6777221526908634,7.747830429633119,-2.002056136795308,-2.002056136795308,-0.7783206883680249,-0.19020918011665344,2.3043527603149414,1.4349592924118042,-0.4514519274234772,-0.06493213027715683,-0.3345359265804291,0.8800133466720581,2.5392415523529053
1.6821026282853566,8.516486926404445,1.4794566002747669,1.4794566002747669,-0.13024908381991013,-0.1801150143146515,2.295348882675171,1.4329817295074463,-0.45071008801460266,-0.06639755517244339,-0.3702728748321533,0.8911364078521729,2.428558111190796
1.6864831038798498,6.658063138261696,0.4429726338365147,0.4429726338365147,-0.03010709608988671,-0.17006029188632965,2.2980868816375732,1.4310073852539062,-0.43465015292167664,-0.06801952421665192,-0.32326436042785645,0.9017746448516846,2.5071158409118652
1.690863579474343,9.749749320613887,0.4448837312793822,0.4448837312793822,-0.7905950754373929,-0.15999357402324677,2.3017733097076416,1.4291033744812012,-0.4310539662837982,-0.06943557411432266,-0.3094489276409149,0.9127569794654846,2.586960792541504
1.695244055068836,6.1503201085445145,0.5898295324197936,0.5898295324197936,0.15593939740676105,-0.14991071820259094,2.2925522327423096,1.4272150993347168,-0.4160369038581848,-0.07079111039638519,-0.27336904406547546,0.9240890741348267,2.4933502674102783
1.699624530663329,7.975797649645534,1.295047990589259,1.295047990589259,-1.0225255635110184,-0.13986824452877045,2.299217462539673,1.4253926277160645,-0.4138163924217224,-0.07198859751224518,-0.2606980800628662,0.9350111484527588,2.615342617034912
1.7040050062578225,6.3934850983909906,0.8459313372687041,0.8459313372687041,-0.09648320418623824,-0.1297965794801712,2.2843658924102783,1.4235799312591553,-0.41510117053985596,-0.07313057780265808,-0.19301758706569672,0.9464675784111023,2.430079221725464
1.7083854818523152,5.464259390119593,0.30524562916306963,0.30524562916306963,-0.5880301507097068,-0.1197899729013443,2.286043405532837,1.4217616319656372,-0.4148547351360321,-0.07397608458995819,-0.1654960960149765,0.9571124911308289,2.4816489219665527
1.7127659574468084,5.559868400414486,1.0474341430535679,1.0474341430535679,0.5345788082783336,-0.10977601259946823,2.2779150009155273,1.419944405555725,-0.428154855966568,-0.07470103353261948,-0.1394096165895462,0.9679833054542542,2.3834729194641113
1.7171464330413015,5.822152986360351,0.9009402720679083,0.9009402720679083,-0.11817013825556749,-0.09979765862226486,2.2912051677703857,1.4180688858032227,-0.4257074296474457,-0.07531171292066574,-0.12443261593580246,0.978424072265625,2.598219633102417
1.7215269086357947,6.434097356694368,-2.3475940158684097,-2.3475940158684097,-0.585606480112481,-0.08976109325885773,2.292081832885742,1.4162040948867798,-0.4304731488227844,-0.07585678994655609,-0.09467136114835739,0.9898055195808411,2.6327192783355713
1.725907384230288,8.106846596800171,2.1213782911091146,2.1213782911091146,-0.1667844977698972,-0.07972068339586258,2.2838897705078125,1.4143184423446655,-0.43703535199165344,-0.07627149671316147,-0.14612698554992676,1.0013381242752075,2.542382001876831
1.7302878598247808,6.199510035760681,0.12646405482002263,0.12646405482002263,-1.139241186933956,-0.06971615552902222,2.284135341644287,1.4124040603637695,-0.42623087763786316,-0.07691160589456558,-0.07930538058280945,1.0124750137329102,2.585824728012085
1.734668335419274,8.958173077382751,-1.4124203673994504,-1.4124203673994504,0.32864263904880886,-0.0597105547785759,2.2644174098968506,1.4105370044708252,-0.44129127264022827,-0.07725900411605835,-0.04234277829527855,1.0238021612167358,2.3353934288024902
1.7390488110137672,7.595494598713148,-1.1500149924555256,-1.1500149924555256,-1.8031630739109712,-0.049791328608989716,2.274259328842163,1.4086039066314697,-0.41835904121398926,-0.07744448632001877,-0.09318733215332031,1.0340323448181152,2.522082805633545
1.74342928660826,7.775928980709744,1.2324693134933251,1.2324693134933251,-0.7689243288550675,-0.039828989654779434,2.2409262657165527,1.4067713022232056,-0.43114951252937317,-0.07785268872976303,-0.07411333918571472,1.045080304145813,2.098142147064209
1.7478097622027533,10.053675478581116,1.4330093946960156,1.4330093946960156,0.1365884048045623,-0.030012667179107666,2.2278623580932617,1.4048826694488525,-0.4296296238899231,-0.07817734032869339,-0.015666302293539047,1.0542712211608887,1.9626269340515137
1.7521902377972465,8.580484907566444,-0.09851886288654332,-0.09851886288654332,-0.4091069614447207,-0.02025356888771057,2.2334282398223877,1.4030007123947144,-0.4013775587081909,-0.07824596762657166,0.0221933014690876,1.0628684759140015,2.1007323265075684
1.7565707133917396,7.640444753839249,-1.3037050692436154,-1.3037050692436154,-0.869953827266009,-0.010470090433955193,2.227527379989624,1.4012424945831299,-0.3900609314441681,-0.078148752450943,0.03126345947384834,1.0720707178115845,2.070418357849121
1.7609511889862328,4.675982125514402,0.9655827830408941,0.9655827830408941,0.072710254639755,-0.0007124608382582664,2.211801290512085,1.3995338678359985,-0.39052361249923706,-0.07801180332899094,0.018596548587083817,1.081140160560608,1.9009203910827637
1.7653316645807258,8.66909022371285,0.7983184697745533,0.7983184697745533,-0.27283947522334145,0.008976280689239502,2.214757204055786,1.3978232145309448,-0.4011007249355316,-0.07793033868074417,0.044671256095170975,1.0894670486450195,1.9650483131408691
1.769712140175219,10.194774835868849,1.078496337756663,1.078496337756663,0.33743128475598233,0.0186779722571373,2.211195707321167,1.3960661888122559,-0.3876532316207886,-0.07773465663194656,0.07595246285200119,1.0980749130249023,1.96871817111969
1.774092615769712,6.814267066738997,-0.3661273263144199,-0.3661273263144199,0.7321176216192502,0.028364062309265137,2.2204959392547607,1.394368052482605,-0.3571126461029053,-0.07740195095539093,0.09759391099214554,1.1066988706588745,2.1547646522521973
1.778473091364205,8.823327140033122,-0.141764664866213,-0.141764664866213,0.13129048380798414,0.038090892136096954,2.237623929977417,1.3928037881851196,-0.34643855690956116,-0.07697444409132004,0.06552167981863022,1.1161377429962158,2.419168472290039
1.7828535669586982,6.921385613739006,-1.232377063460629,-1.232377063460629,-0.7598594265826173,0.047892749309539795,2.2425756454467773,1.3912862539291382,-0.3286154866218567,-0.07668742537498474,0.05754760652780533,1.1267348527908325,2.53204345703125
1.7872340425531914,8.57281647056697,1.0974116476754296,1.0974116476754296,-1.2638183010937512,0.05771629884839058,2.2283992767333984,1.3898468017578125,-0.33332470059394836,-0.07643534243106842,0.04374859482049942,1.1378264427185059,2.378399133682251
1.7916145181476846,7.311053832426533,0.08957666530574651,0.08957666530574651,0.27303158733125577,0.067477747797966,2.2033772468566895,1.3883867263793945,-0.3312378525733948,-0.07624370604753494,0.11270399391651154,1.1482449769973755,2.096076250076294
1.7959949937421775,7.90218952964474,-1.2379495568240468,-1.2379495568240468,0.15690426159532783,0.07712958753108978,2.210627794265747,1.3869357109069824,-0.3225265443325043,-0.07575000822544098,0.10734652727842331,1.1574268341064453,2.2303812503814697
1.8003754693366707,4.6394089370407166,-1.1100532695890533,-1.1100532695890533,-0.4308641282103346,0.08681318908929825,2.2154717445373535,1.3855228424072266,-0.3111717402935028,-0.07527977973222733,0.0666123703122139,1.1671969890594482,2.3354876041412354
1.804755944931164,8.525749672325121,-1.7255708578981737,-1.7255708578981737,-0.1376117170892567,0.09651800990104675,2.2073605060577393,1.384159803390503,-0.32800135016441345,-0.0749879851937294,0.04677789658308029,1.1774275302886963,2.2503912448883057
1.809136420525657,6.943533268012873,1.3154175999233002,1.3154175999233002,-1.0422007401757667,0.10618729889392853,2.2056994438171387,1.3827229738235474,-0.3153184950351715,-0.0747830793261528,0.00040445476770401,1.187285304069519,2.2745649814605713
1.81351689612015,8.452305815808554,-1.333927816797718,-1.333927816797718,-1.218850303657277,0.11584930866956711,2.184159994125366,1.3813416957855225,-0.3215465545654297,-0.07478130608797073,0.06925438344478607,1.197248935699463,2.033365249633789
1.8178973717146432,7.103101792925937,-1.7520973779977316,-1.7520973779977316,0.9463280692619287,0.12541696429252625,2.1584770679473877,1.3799331188201904,-0.3184606730937958,-0.07447794079780579,0.06589375436306,1.2061560153961182,1.7517633438110352
1.8222778473091363,7.315420503366576,-0.3068298302334611,-0.3068298302334611,-0.5596368612431579,0.13487212359905243,2.1798226833343506,1.3785381317138672,-0.3059953451156616,-0.07418929785490036,-0.012908823788166046,1.213829517364502,2.063305616378784
1.8266583229036293,7.342408475473438,-2.4847072462965585,-2.4847072462965585,1.1846473739244523,0.14442078769207,2.1682379245758057,1.3771977424621582,-0.30504804849624634,-0.07424584776163101,-0.005526056978851557,1.222867727279663,1.9550751447677612
1.831038798498123,8.013529408408152,1.8302046369684033,1.8302046369684033,-0.28506769589221975,0.15391869843006134,2.194868326187134,1.3758615255355835,-0.2897982895374298,-0.07427005469799042,-0.11268284916877747,1.2314318418502808,2.331960439682007
1.835419274092616,10.812250642557379,-2.1541848114482094,-2.1541848114482094,0.35827171356647314,0.1635332703590393,2.189175605773926,1.3745920658111572,-0.28230494260787964,-0.07476365566253662,-0.05091019347310066,1.2416468858718872,2.3016695976257324
1.8397997496871088,7.945878628559702,-1.609866124668297,-1.609866124668297,0.4658093992092902,0.17312289774417877,2.1974477767944336,1.3733553886413574,-0.25089749693870544,-0.07498666644096375,-0.1242818832397461,1.2517292499542236,2.46535587310791
1.844180225281602,7.606557816289675,-0.1243774730674968,-0.1243774730674968,0.7408805712352607,0.18274876475334167,2.2081446647644043,1.3722562789916992,-0.23863442242145538,-0.07553108036518097,-0.18489819765090942,1.262528657913208,2.640266180038452
1.848560700876095,7.579414513937834,-1.056687632800574,-1.056687632800574,-1.372881746744926,0.19242149591445923,2.2249410152435303,1.3712109327316284,-0.22724078595638275,-0.07634102553129196,-0.21016648411750793,1.2740942239761353,2.888000965118408
1.852941176470588,8.185257695212965,-0.3526434316373587,-0.3526434316373587,0.1746285334810304,0.2021677941083908,2.1943399906158447,1.3702155351638794,-0.23129194974899292,-0.07726165652275085,-0.2009326070547104,1.2867450714111328,2.5439629554748535
1.8573216520650813,7.749434855728284,-0.775042931810595,-0.775042931810595,0.46357483294067925,0.21178004145622253,2.197908401489258,1.3692023754119873,-0.22014793753623962,-0.07814183831214905,-0.2163306176662445,1.2978888750076294,2.632052421569824
1.8617021276595744,8.198167211601673,-0.561625619263955,-0.561625619263955,-0.07231997980183566,0.2214079201221466,2.207876443862915,1.3682379722595215,-0.21041908860206604,-0.07908947020769119,-0.2525021731853485,1.3094185590744019,2.796485424041748
1.866082603254068,6.796090651873697,-1.0796045905461134,-1.0796045905461134,-0.7826299117869299,0.23107947409152985,2.2054989337921143,1.3673162460327148,-0.20144762098789215,-0.08019554615020752,-0.2667914628982544,1.3216685056686401,2.8111491203308105
1.8704630788485608,8.058667772527192,0.603227191812461,0.603227191812461,-0.4926266701907044,0.2407406121492386,2.1869962215423584,1.36643385887146,-0.20610935986042023,-0.0813642218708992,-0.2754640579223633,1.3339827060699463,2.6196706295013428
1.8748435544430535,8.668933776519168,-1.471477280232809,-1.471477280232809,0.006411998770781635,0.250320702791214,2.174393892288208,1.3655309677124023,-0.20019882917404175,-0.0825708881020546,-0.24346165359020233,1.3454581499099731,2.5115301609039307
1.879224030037547,9.246612928242667,0.38204579119568804,0.38204579119568804,-0.6644476923028212,0.2598455846309662,2.1726675033569336,1.3646539449691772,-0.18734364211559296,-0.08363736420869827,-0.28662070631980896,1.3564598560333252,2.542227268218994
1.88360450563204,2.7791894907760026,1.5429064042213874,1.5429064042213874,0.11493962061883603,0.2693628966808319,2.1551337242126465,1.3638333082199097,-0.17410655319690704,-0.08489289879798889,-0.25605976581573486,1.3675960302352905,2.3851711750030518
1.887984981226533,6.382098098198811,1.4969748882728164,1.4969748882728164,0.26923821523400226,0.27880340814590454,2.157258987426758,1.3630706071853638,-0.20002113282680511,-0.08601456135511398,-0.2143586128950119,1.3780442476272583,2.4249136447906494
1.8923654568210264,7.397175171306686,-0.4750553190118275,-0.4750553190118275,-1.121409418554961,0.28825321793556213,2.161531686782837,1.3621944189071655,-0.20132271945476532,-0.0869535505771637,-0.1785048097372055,1.3886665105819702,2.5159342288970947
1.8967459324155196,4.484265323854393,-1.9775823345878676,-1.9775823345878676,-0.4639675096214642,0.2977217435836792,2.133190393447876,1.3613125085830688,-0.20203787088394165,-0.08773548901081085,-0.159629225730896,1.3996875286102295,2.219672918319702
1.9011264080100123,5.701886996169786,-1.1290365377558307,-1.1290365377558307,0.383824850843532,0.3070661425590515,2.1208927631378174,1.3604274988174438,-0.21878597140312195,-0.08843474090099335,-0.20383158326148987,1.4094107151031494,2.099034547805786
1.9055068836045053,9.884031295690976,0.964097812301018,0.964097812301018,1.2778073443278737,0.3163566589355469,2.127487897872925,1.3594690561294556,-0.22397172451019287,-0.0893276184797287,-0.24801193177700043,1.4186054468154907,2.215815544128418
1.9098873591989989,7.669220725858172,-0.8881593696511894,-0.8881593696511894,-0.7516118823167386,0.3256760537624359,2.1527035236358643,1.3584879636764526,-0.19846685230731964,-0.09041403234004974,-0.25717324018478394,1.428311824798584,2.5867223739624023
1.914267834793492,6.578559410245196,0.7532627579240003,0.7532627579240003,-1.4044163641828638,0.33510592579841614,2.131784200668335,1.3576185703277588,-0.19542011618614197,-0.09154057502746582,-0.26116085052490234,1.4396429061889648,2.3864691257476807
1.9186483103879848,9.434552629485363,2.986823239194196,2.986823239194196,-0.053921602551329134,0.3444441556930542,2.0959300994873047,1.3567625284194946,-0.2010970562696457,-0.09268458187580109,-0.19814978539943695,1.4500967264175415,2.000913143157959
1.923028785982478,6.634832766352978,0.9653057290837994,0.9653057290837994,-0.1489860497660932,0.3536253273487091,2.0895566940307617,1.3558815717697144,-0.18308354914188385,-0.09355257451534271,-0.10935039818286896,1.4588617086410522,1.9920694828033447
1.9274092615769711,7.556457736913197,1.3493530438913253,1.3493530438913253,-0.1972968412506716,0.36277857422828674,2.082362413406372,1.3550795316696167,-0.18389436602592468,-0.09403157979249954,-0.07680954039096832,1.467587947845459,1.9533787965774536
1.9317897371714643,6.134574323530675,-0.21420251546218422,-0.21420251546218422,-0.8524838188181645,0.3719003200531006,2.073320150375366,1.354274034500122,-0.1786433756351471,-0.09436804056167603,-0.03164245933294296,1.4761446714401245,1.8999820947647095
1.9361702127659572,6.7982553551353275,1.1041289510194123,1.1041289510194123,-1.1111229223484385,0.3809824585914612,2.0497100353240967,1.3534915447235107,-0.18416915833950043,-0.0945066511631012,-0.01300262100994587,1.4844675064086914,1.6622830629348755
1.9405506883604504,8.340631538989102,-0.9647117056467506,-0.9647117056467506,0.8424813893054672,0.3899611532688141,2.019472599029541,1.3526848554611206,-0.18535415828227997,-0.09456361085176468,0.0516897588968277,1.4917490482330322,1.3511112928390503
1.944931163954944,8.301398941233316,-1.6402833558571592,-1.6402833558571592,0.3618880397108755,0.3988074064254761,2.033712863922119,1.3518729209899902,-0.17217981815338135,-0.09433718770742416,-0.0010860040783882141,1.4976675510406494,1.5830285549163818
1.9493116395494368,7.56095474032827,-0.5998731399377343,-0.5998731399377343,0.2685900960234642,0.4077160358428955,2.0366878509521484,1.3511186838150024,-0.16045919060707092,-0.0943419486284256,-0.05955575406551361,1.5046019554138184,1.6798254251480103
1.9536921151439297,8.189532907866097,-0.009868037718251427,-0.009868037718251427,0.9277530240434867,0.41663768887519836,2.0378780364990234,1.350415825843811,-0.15396815538406372,-0.09460283070802689,-0.08491763472557068,1.5119603872299194,1.7497421503067017
1.9580725907384229,9.367379570570343,1.0806187357399446,1.0806187357399446,0.3141343606043797,0.42556455731391907,2.0539252758026123,1.3497413396835327,-0.14254504442214966,-0.0949748083949089,-0.11229914426803589,1.5196250677108765,2.0016090869903564
1.962453066332916,6.741771654092792,1.3683760859323941,1.3683760859323941,-0.026299146038135407,0.43456172943115234,2.0546329021453857,1.3491169214248657,-0.12457525730133057,-0.0954667329788208,-0.08991537243127823,1.528393030166626,2.0796005725860596
1.9668335419274088,8.114334261167734,0.06917043591548644,0.06917043591548644,0.41803676318023764,0.44356200098991394,2.049102544784546,1.3485711812973022,-0.12451707571744919,-0.09586060792207718,-0.04918643459677696,1.537502646446228,2.0638856887817383
1.9712140175219024,6.851719872200366,-1.860639668989285,-1.860639668989285,-0.19923721721354604,0.45253804326057434,2.0527780055999756,1.3480256795883179,-0.11499275267124176,-0.09607607126235962,-0.05937443673610687,1.5465434789657593,2.1685760021209717
1.9755944931163956,9.65550991186147,2.75098824097671,2.75098824097671,0.6364998881449317,0.4615301787853241,2.0428078174591064,1.3475219011306763,-0.11442942172288895,-0.09633615612983704,-0.10789266228675842,1.5560429096221924,2.1014888286590576
1.9799749687108883,8.05342452740995,0.838433518157345,0.838433518157345,0.17166825891878718,0.4704786539077759,2.050015687942505,1.3470206260681152,-0.09484914690256119,-0.0968087762594223,-0.04614289849996567,1.5652484893798828,2.2605533599853516
1.9843554443053817,6.837907409106448,-3.9489054034278963,-3.9489054034278963,-0.7391328015808789,0.47945868968963623,2.04742169380188,1.3466051816940308,-0.08632585406303406,-0.09701090306043625,-0.026671238243579865,1.5751508474349976,2.2912261486053467
1.9887359198998744,5.424659766304467,-1.527056518598296,-1.527056518598296,-0.34500089989948746,0.48842737078666687,2.024317741394043,1.3462270498275757,-0.08584191650152206,-0.09712773561477661,-0.12040677666664124,1.585187554359436,2.068880081176758
1.993116395494368,11.048998321016738,-0.5946028961864411,-0.5946028961864411,-0.3250784906598375,0.4972948431968689,2.011518716812134,1.3458510637283325,-0.0943133607506752,-0.09765517711639404,-0.15492653846740723,1.594250202178955,1.95851731300354
1.997496871088861,9.808262994016433,-1.151732891696865,-1.151732891696865,-0.3721345351479894,0.5061062574386597,1.9940682649612427,1.3454378843307495,-0.0652516558766365,-0.09833382815122604,-0.16279751062393188,1.6028294563293457,1.836573600769043
2.001877346683354,9.303880053099515,0.9226405546185179,0.9226405546185179,-0.3962491221247568,0.5148411989212036,1.9763902425765991,1.3451520204544067,-0.04412475973367691,-0.09904696047306061,-0.18556424975395203,1.6108745336532593,1.7029087543487549
2.0062578222778478,7.971099296133721,1.6927737267987322,1.6927737267987322,-0.39707884191165926,0.5234987139701843,1.958236575126648,1.344958782196045,-0.028601549565792084,-0.099859818816185,-0.1470484882593155,1.6183340549468994,1.5735046863555908
2.0106382978723403,6.406706289845459,0.8127676370356725,0.8127676370356725,0.04214097263637153,0.5320767164230347,1.9411348104476929,1.344833493232727,-0.021308457478880882,-0.10050395876169205,-0.0860181674361229,1.6252267360687256,1.4467155933380127
2.015018773466833,5.444613939058853,-2.3334847007616917,-2.3334847007616917,0.28429965984288347,0.5405797958374023,1.9357675313949585,1.3447401523590088,-0.024317171424627304,-0.10088075697422028,-0.06351342797279358,1.6315640211105347,1.4339022636413574
2.0193992490613266,7.202645816146875,-1.119717592318759,-1.119717592318759,-0.9444068925620527,0.5490593910217285,1.9369561672210693,1.3446335792541504,-0.03378772735595703,-0.1011589765548706,-0.13996103405952454,1.6378451585769653,1.4842116832733154
2.02377972465582,5.487945892770483,-2.126861907346603,-2.126861907346603,-0.016308996027172874,0.5575441718101501,1.9073171615600586,1.3444855213165283,-0.030172079801559448,-0.10177206993103027,-0.14508065581321716,1.6443467140197754,1.2199170589447021
2.028160200250313,7.269042001111562,-1.1643374415392551,-1.1643374415392551,0.16129691852451267,0.565899133682251,1.9011924266815186,1.3443533182144165,-0.03866082802414894,-0.10240758955478668,-0.20671549439430237,1.6496905088424683,1.1932494640350342
2.032540675844806,9.475373849547166,-2.9431879863148183,-2.9431879863148183,-0.5232045769157868,0.5742272734642029,1.8972740173339844,1.3441839218139648,-0.036049675196409225,-0.10331310331821442,-0.24542821943759918,1.6549174785614014,1.202589750289917
2.036921151439299,7.604327052494564,0.5667013730764408,0.5667013730764408,0.13942491090643677,0.5825382471084595,1.874742865562439,1.34402596950531,-0.01797962747514248,-0.10438819229602814,-0.3160994052886963,1.6601853370666504,1.030261754989624
2.0413016270337923,10.356643221548568,1.0290859778378765,1.0290859778378765,-0.08776952290566539,0.590750515460968,1.8696602582931519,1.343947172164917,-0.013028109446167946,-0.10577286034822464,-0.3036215901374817,1.6646983623504639,1.0305132865905762
2.045682102628285,9.761684721709841,0.7745932254997455,0.7745932254997455,0.2666045477995411,0.5989404916763306,1.8560009002685547,1.3438900709152222,0.010044759139418602,-0.10710287094116211,-0.27100586891174316,1.6692124605178833,0.9601068496704102
2.0500625782227786,6.589643616458597,-0.26719813018853783,-0.26719813018853783,-0.7657038172575777,0.6070706844329834,1.8511295318603516,1.3439340591430664,0.028577717021107674,-0.10829000920057297,-0.25617098808288574,1.6734181642532349,0.9796590805053711
2.0544430538172715,8.729506986196817,-0.3408622821904038,-0.3408622821904038,1.4407516841622559,0.6151795387268066,1.8254936933517456,1.3440592288970947,0.02926977165043354,-0.10941216349601746,-0.24161304533481598,1.6777095794677734,0.7558887004852295
2.0588235294117645,5.611458830961537,1.1268322741919385,1.1268322741919385,1.1672800198522866,0.623176097869873,1.8490298986434937,1.3441874980926514,0.03836933523416519,-0.11047054082155228,-0.2936418056488037,1.681020736694336,1.0714366436004639
2.063204005006258,7.940288513884902,0.7532645433451317,0.7532645433451317,0.13303163359731798,0.6312757134437561,1.869683027267456,1.344355583190918,0.02786077931523323,-0.111756831407547,-0.29482302069664,1.6857141256332397,1.3339273929595947
2.067584480600751,4.096528222192189,0.5555865790383293,0.5555865790383293,-1.1412094455785713,0.6394658088684082,1.8630998134613037,1.344477653503418,0.03471311554312706,-0.11304830014705658,-0.27671024203300476,1.6915574073791504,1.3250255584716797
2.071964956195244,9.770217339587239,-0.4566459656257727,-0.4566459656257727,0.582949572292177,0.647627055644989,1.8312134742736816,1.3446297645568848,0.020548664033412933,-0.11426042020320892,-0.22715841233730316,1.697361707687378,1.0176465511322021
2.076345431789737,6.648319603111419,-0.38570913642430454,-0.38570913642430454,0.36577358579746644,0.6556486487388611,1.8325283527374268,1.3447197675704956,0.03814191371202469,-0.11525548249483109,-0.25751790404319763,1.7018195390701294,1.1082133054733276
2.08072590738423,7.078728805249085,-1.4872066456244084,-1.4872066456244084,1.1419496303744625,0.6636760234832764,1.8325470685958862,1.3448868989944458,0.03624272719025612,-0.11638353019952774,-0.27946358919143677,1.7066740989685059,1.1612932682037354
2.085106382978723,7.859763174584166,1.9151336297203243,1.9151336297203243,-0.289276503934194,0.6717034578323364,1.850015640258789,1.3450456857681274,0.03456088528037071,-0.1176077127456665,-0.3562432825565338,1.7117611169815063,1.4047496318817139
2.0894868585732165,9.027803026135325,-1.0839457639434111,-1.0839457639434111,0.7422086575105425,0.6798074245452881,1.8328031301498413,1.345197081565857,0.04228365048766136,-0.1191682294011116,-0.29186752438545227,1.7179145812988281,1.2850744724273682
2.093867334167709,8.532373282509209,0.5444914360898301,0.5444914360898301,-0.6797637298082534,0.6878359913825989,1.8379261493682861,1.3453823328018188,0.054165713489055634,-0.12044674903154373,-0.34519702196121216,1.7235437631607056,1.4143381118774414
2.098247809762203,6.197448055093647,-0.14016565171247367,-0.14016565171247367,-0.03462647312514027,0.6958869695663452,1.810308814048767,1.345619559288025,0.0677655041217804,-0.12195887416601181,-0.3094449043273926,1.7297391891479492,1.1902518272399902
2.102628285356696,6.025209970987957,-0.8257441069957789,-0.8257441069957789,0.13420566896734826,0.7038170099258423,1.8008023500442505,1.3459163904190063,0.06428731977939606,-0.12331438809633255,-0.31252697110176086,1.7349530458450317,1.141051173210144
2.1070087609511887,5.519418315564419,0.3433607265547251,0.3433607265547251,-0.08081670527820564,0.7117053866386414,1.795339822769165,1.3461979627609253,0.059125952422618866,-0.12468340247869492,-0.34056055545806885,1.7399513721466064,1.1342405080795288
2.111389236545682,5.441888880293638,-0.26241752236281674,-0.26241752236281674,-0.042132201885838105,0.7195698022842407,1.7854644060134888,1.3464570045471191,0.051571886986494064,-0.12617522478103638,-0.3281732201576233,1.7449198961257935,1.0763260126113892
2.115769712140175,10.964262725412087,-1.3759051410432979,-1.3759051410432979,-1.0388205478764172,0.7273910045623779,1.7764852046966553,1.3466829061508179,0.04344496130943298,-0.12761278450489044,-0.33460626006126404,1.7496347427368164,1.0278080701828003
2.1201501877346685,9.284277812284966,0.9284938241440321,0.9284938241440321,0.1162145824358926,0.7351728677749634,1.7360920906066895,1.346873164176941,0.07526151835918427,-0.12907852232456207,-0.3444502055644989,1.7541370391845703,0.6903246641159058
2.1245306633291614,8.165939479249262,-0.8772776949316621,-0.8772776949316621,0.461988930985344,0.7427777647972107,1.7248506546020508,1.3472028970718384,0.09163342416286469,-0.1305873841047287,-0.3207290768623352,1.757161021232605,0.6519869565963745
2.1289111389236544,8.209936858658532,0.33057904134052757,0.33057904134052757,-0.6095933194925137,0.7503334283828735,1.7231539487838745,1.3476042747497559,0.0992949903011322,-0.13199232518672943,-0.35983991622924805,1.7600170373916626,0.7072767615318298
2.133291614518148,7.069780816042188,-1.5856103015058511,-1.5856103015058511,-0.4827514805562826,0.7578816413879395,1.6963930130004883,1.3480392694473267,0.11195807158946991,-0.13356859982013702,-0.3323839008808136,1.7631152868270874,0.49386975169181824
2.1376720901126407,4.551968244246557,1.7984707026562607,1.7984707026562607,0.0061521592061725,0.765312671661377,1.674211025238037,1.3485296964645386,0.1168372631072998,-0.13502459228038788,-0.3645908832550049,1.765278697013855,0.31989410519599915
2.1420525657071336,6.950001974833553,1.4709504697376359,1.4709504697376359,-0.34867645947337855,0.7726464867591858,1.667202353477478,1.34904146194458,0.10327450186014175,-0.13662166893482208,-0.31224948167800903,1.7666800022125244,0.286663293838501
2.146433041301627,4.526526017538047,1.4825695452290288,1.4825695452290288,0.8699206176058689,0.7799496054649353,1.6481047868728638,1.3494938611984253,0.10688582807779312,-0.13798947632312775,-0.25911059975624084,1.7679357528686523,0.14604586362838745
2.15081351689612,8.21858818124777,1.3021761718513853,1.3021761718513853,0.1355856814562875,0.7871690988540649,1.6610002517700195,1.3499621152877808,0.08920475840568542,-0.13912449777126312,-0.24121931195259094,1.7685755491256714,0.3281366229057312
2.155193992490613,8.206330594440473,0.7751930796835228,0.7751930796835228,-0.7634934997551291,0.7944450974464417,1.6508976221084595,1.3503528833389282,0.09879966825246811,-0.14018115401268005,-0.20715117454528809,1.7700129747390747,0.29786619544029236
2.1595744680851063,6.3285370313482305,-1.7969061477254455,-1.7969061477254455,-0.8648121884356728,0.8016768097877502,1.619917392730713,1.350785732269287,0.11252760142087936,-0.1410885751247406,-0.1622166484594345,1.771317720413208,0.042723000049591064
2.1639549436795997,6.016281441755176,1.5882623244130327,1.5882623244130327,0.3410283580142417,0.8087728023529053,1.5895863771438599,1.3512786626815796,0.11463046818971634,-0.1417991667985916,-0.18943674862384796,1.7715048789978027,-0.2232760190963745
2.1683354192740927,9.669497854551027,0.3190873496653195,0.3190873496653195,-0.3135592565884289,0.815735936164856,1.5876153707504272,1.3517807722091675,0.10901884734630585,-0.1426289826631546,-0.15301355719566345,1.7705267667770386,-0.18581068515777588
2.1727158948685856,6.434181199892951,1.343887986070767,1.343887986070767,-0.5350417189845937,0.8226904273033142,1.564469814300537,1.352258324623108,0.13014499843120575,-0.14329925179481506,-0.13453826308250427,1.7697128057479858,-0.3407341241836548
2.1770963704630786,7.213797603745478,-2.043387220637583,-2.043387220637583,1.061467682244557,0.8295435309410095,1.5414814949035645,1.3528283834457397,0.13129694759845734,-0.14388859272003174,-0.07966756075620651,1.7682201862335205,-0.5253068804740906
2.181476846057572,1.2450476563033215,-0.32978180977885196,-0.32978180977885196,0.45207767226028095,0.8362959623336792,1.5541298389434814,1.3534035682678223,0.13000920414924622,-0.14423757791519165,-0.1703391671180725,1.7659190893173218,-0.317239373922348
2.185857321652065,6.344250301679879,-1.1711713221348956,-1.1711713221348956,0.5017090609620976,0.8431037664413452,1.5625386238098145,1.3539730310440063,0.09298540651798248,-0.14498373866081238,-0.19317194819450378,1.7645294666290283,-0.21413221955299377
2.1902377972465583,5.6791997480758765,-0.07650115576480554,-0.07650115576480554,0.7612021180581077,0.8499484062194824,1.5636789798736572,1.3543803691864014,0.08876478672027588,-0.1458299309015274,-0.24202536046504974,1.7635914087295532,-0.13860759139060974
2.1946182728410517,5.816515985095162,0.4342223751211906,0.4342223751211906,0.5266392230468874,0.8567980527877808,1.5719034671783447,1.354769229888916,0.07908055186271667,-0.14689011871814728,-0.2664889395236969,1.762984275817871,0.006943821907043457
2.198998748435544,5.437796414762463,1.0354607651500778,1.0354607651500778,0.29461058710310106,0.8636837601661682,1.5744242668151855,1.3551156520843506,0.07135339826345444,-0.1480574607849121,-0.2691878080368042,1.7630146741867065,0.09278620779514313
2.2033792240300376,5.6208479375689535,-0.4154957629645092,-0.4154957629645092,1.1173638388801241,0.8705804944038391,1.5721451044082642,1.3554282188415527,0.06221599131822586,-0.14923663437366486,-0.24755263328552246,1.7634211778640747,0.1235162615776062
2.2077596996245306,9.444612510638507,-0.9045854815391632,-0.9045854815391632,-0.1636628240617219,0.8774672150611877,1.5885597467422485,1.3557007312774658,0.050538115203380585,-0.15032103657722473,-0.2923170030117035,1.7639622688293457,0.35805901885032654
2.2121401752190235,7.908714298042289,-0.08565527790692723,-0.08565527790692723,-1.2759994135181887,0.8844258785247803,1.5687487125396729,1.3559221029281616,0.06933332979679108,-0.15160152316093445,-0.31395429372787476,1.7655307054519653,0.24211211502552032
2.216520650813517,8.987523532714105,3.716541691658077,3.716541691658077,0.05294655141976985,0.8912977576255798,1.5256794691085815,1.356225848197937,0.08331939578056335,-0.15297679603099823,-0.2791924774646759,1.7665913105010986,-0.13989202678203583
2.22090112640801,8.811986735769283,-0.09457527209348299,-0.09457527209348299,0.3271408191297466,0.8979809880256653,1.5114238262176514,1.3565908670425415,0.09823179244995117,-0.15419979393482208,-0.1722038835287094,1.7659785747528076,-0.19916965067386627
2.225281602002503,6.152000419104634,-0.6791983564824619,-0.6791983564824619,0.0025780799595579995,0.9046017527580261,1.503738284111023,1.3570212125778198,0.11073367297649384,-0.15495413541793823,-0.18451933562755585,1.7651060819625854,-0.18868042528629303
2.229662077596996,6.7443466041654965,1.0413614560506608,1.0413614560506608,-0.5489719601608629,0.9111888408660889,1.4931145906448364,1.357506275177002,0.10751177370548248,-0.1557624191045761,-0.20442937314510345,1.7642796039581299,-0.2377297729253769
2.234042553191489,8.873588087334063,-0.9627108813225527,-0.9627108813225527,0.5262263236083644,0.917729377746582,1.4686497449874878,1.357977271080017,0.11060498654842377,-0.15665791928768158,-0.1579865962266922,1.7632381916046143,-0.42929089069366455
2.2384230287859825,7.3001736282319705,-0.6953597526887797,-0.6953597526887797,0.6007574963562914,0.924162745475769,1.4653265476226807,1.3584617376327515,0.12252764403820038,-0.15734997391700745,-0.20146828889846802,1.7613576650619507,-0.3695294260978699
2.2428035043804755,9.810017683548251,-1.1812006615874713,-1.1812006615874713,0.30332744550523577,0.9305815696716309,1.466471552848816,1.358998417854309,0.12397239357233047,-0.15823249518871307,-0.23931902647018433,1.7597389221191406,-0.27826038002967834
2.2471839799749684,6.099767850531227,-2.0967864437212826,-2.0967864437212826,0.1745006647586921,0.9370054006576538,1.4562979936599731,1.3595415353775024,0.14297236502170563,-0.15928082168102264,-0.2826719582080841,1.7585200071334839,-0.2813015878200531
2.251564455569462,5.828774946274116,-2.1194580427413765,-2.1194580427413765,0.32471860751512605,0.9433847069740295,1.4496045112609863,1.3601678609848022,0.13857616484165192,-0.1605190634727478,-0.3490007519721985,1.7572877407073975,-0.2866917550563812
2.255944931163955,10.266995326218021,-2.477898271533258,-2.477898271533258,0.9694376088943351,0.9497346878051758,1.4468263387680054,1.3607748746871948,0.13176417350769043,-0.1620478481054306,-0.4203784465789795,1.75603187084198,-0.2523958086967468
2.260325406758448,5.781430736580721,5.200251237654613,5.200251237654613,0.4831915068197765,0.9560724496841431,1.4510568380355835,1.3613520860671997,0.1507829874753952,-0.1638893038034439,-0.5210515856742859,1.7549262046813965,-0.0927947610616684
2.264705882352941,8.951914395124295,0.7053548905206128,0.7053548905206128,1.032536102529898,0.9624287486076355,1.4519118070602417,1.3620126247406006,0.14300024509429932,-0.16617175936698914,-0.38329848647117615,1.7545197010040283,-0.01867526024580002
2.269086357947434,4.552906589677097,0.7509268314608804,0.7509268314608804,1.3908858120885275,0.9687888026237488,1.459673285484314,1.36263906955719,0.15328353643417358,-0.1678507924079895,-0.3928532004356384,1.7544379234313965,0.16672855615615845
2.2734668335419275,5.99757647747329,-1.8055625006474791,-1.8055625006474791,0.7797468829324611,0.9751828908920288,1.4836472272872925,1.3633105754852295,0.13364914059638977,-0.1695716828107834,-0.41154202818870544,1.7551683187484741,0.47705093026161194
2.2778473091364204,5.829256904831408,-0.820746590673944,-0.820746590673944,-0.26923533264020827,0.9816819429397583,1.4906913042068481,1.3638960123062134,0.12586362659931183,-0.17137442529201508,-0.4870412349700928,1.7572580575942993,0.6226968765258789
2.2822277847309134,7.487272202748056,1.846102702216861,1.846102702216861,-0.4463580403471802,0.9882118701934814,1.4735829830169678,1.3644473552703857,0.12148721516132355,-0.1735078990459442,-0.5031471252441406,1.7599858045578003,0.5072723627090454
2.2866082603254068,3.999913352728003,-0.3974127094420578,-0.3974127094420578,0.16275500883300453,0.9946668744087219,1.4491276741027832,1.3649795055389404,0.12866732478141785,-0.17571192979812622,-0.43620002269744873,1.7622078657150269,0.3331063389778137
2.2909887359199,6.767180356460889,2.0849500223618342,2.0849500223618342,-0.3729684258839849,1.0010147094726562,1.4452742338180542,1.3655431270599365,0.11071331799030304,-0.1776226907968521,-0.452558696269989,1.7636669874191284,0.33985984325408936
2.2953692115143927,4.320964980502161,2.6890651429238956,2.6890651429238956,0.1688185893338741,1.0073456764221191,1.4236127138137817,1.366028070449829,0.1130235344171524,-0.17960511147975922,-0.3807796835899353,1.7651557922363281,0.1888883113861084
2.299749687108886,5.493083811720368,0.2534064044347031,0.2534064044347031,-0.028120937882891578,1.0135817527770996,1.4191278219223022,1.3665231466293335,0.09713462740182877,-0.18127310276031494,-0.3071804940700531,1.7659832239151,0.19378551840782166
2.304130162703379,8.711612150370952,1.7783166998699989,1.7783166998699989,-0.38869180641876966,1.0197981595993042,1.4077205657958984,1.3669486045837402,0.08970145136117935,-0.18261869251728058,-0.29895901679992676,1.7668321132659912,0.13909608125686646
2.3085106382978724,7.444471732760935,-0.17961178760072194,-0.17961178760072194,-0.058709071153456444,1.025964617729187,1.3815549612045288,1.3673415184020996,0.10469095408916473,-0.18392828106880188,-0.23567549884319305,1.7674413919448853,-0.03398178517818451
2.3128911138923653,10.207701164805622,2.6129898947266406,2.6129898947266406,0.684579762986974,1.0320165157318115,1.3654378652572632,1.3678001165390015,0.10999758541584015,-0.18496064841747284,-0.2392062395811081,1.7672924995422363,-0.11391468346118927
2.3172715894868583,9.408832289939035,-0.5717146532402129,-0.5717146532402129,-0.7434653956091554,1.037997841835022,1.3609644174575806,1.3682819604873657,0.12968376278877258,-0.186008483171463,-0.18289054930210114,1.7667934894561768,-0.03266327083110809
2.321652065081352,8.272559484220817,0.6658374624870088,0.6658374624870088,0.5205736228371791,1.0439594984054565,1.3249479532241821,1.3688499927520752,0.1507827192544937,-0.18680962920188904,-0.1778748780488968,1.7666504383087158,-0.3011080026626587
2.3260325406758446,6.539687135013035,0.843156491102693,0.843156491102693,-0.37112449921328805,1.0497634410858154,1.3204081058502197,1.369510531425476,0.15870480239391327,-0.18758881092071533,-0.17363271117210388,1.7653313875198364,-0.244025319814682
2.330413016270338,8.053512726738608,5.153710780441684,5.153710780441684,0.08147155863322642,1.0555474758148193,1.2986708879470825,1.3702057600021362,0.159540057182312,-0.1883494108915329,-0.13817185163497925,1.7642624378204346,-0.39426183700561523
2.334793491864831,1.0372418684513,1.676658775802867,1.676658775802867,0.36222922806699664,1.0612362623214722,1.284332275390625,1.370904564857483,0.16801218688488007,-0.1889546662569046,0.009953618049621582,1.7625353336334229,-0.4447488486766815
2.339173967459324,7.388173194872661,0.8288257714235695,0.8288257714235695,-0.3228995583371548,1.0668622255325317,1.2906200885772705,1.3716405630111694,0.1300087571144104,-0.1889110654592514,0.048339128494262695,1.7605870962142944,-0.36339229345321655
2.3435544430538173,6.514940462393971,-0.6676654540754439,-0.6676654540754439,0.31562534924635255,1.0725157260894775,1.268267273902893,1.3722100257873535,0.13597600162029266,-0.18869931995868683,0.08197315782308578,1.7589952945709229,-0.5085004568099976
2.3479349186483103,11.562473296365948,-0.008479160262597707,-0.008479160262597707,0.4571886551230917,1.0780713558197021,1.2624953985214233,1.3728057146072388,0.13342797756195068,-0.1883402317762375,0.05325794965028763,1.7567678689956665,-0.4862816631793976
2.3523153942428032,8.485979116689451,0.5641719625401745,0.5641719625401745,-0.16622579186923012,1.083601713180542,1.2499690055847168,1.3733901977539062,0.1627408266067505,-0.1881069391965866,0.03965897485613823,1.7546377182006836,-0.47190529108047485
2.3566958698372966,7.901834448657459,-2.03404091555608,-2.03404091555608,0.843478942031034,1.089077115058899,1.2291815280914307,1.37410306930542,0.17496225237846375,-0.18793322145938873,0.0609889030456543,1.7525705099105835,-0.5862116813659668
2.3610763454317896,3.8884143718373645,1.1383229455847683,1.1383229455847683,0.5981306175714382,1.0944615602493286,1.233031153678894,1.374869465827942,0.17904368042945862,-0.18766605854034424,-0.02304379642009735,1.7500026226043701,-0.44297999143600464
2.3654568210262825,7.5228570352845425,-1.4189379758977902,-1.4189379758977902,-0.32783928058132883,1.099862813949585,1.2392077445983887,1.3756537437438965,0.1584586352109909,-0.18776699900627136,-0.007268467918038368,1.7480621337890625,-0.32654091715812683
2.369837296620776,10.331449190327753,2.1294333527530975,2.1294333527530975,0.5748542261026443,1.1052911281585693,1.2167047262191772,1.3763478994369507,0.16512592136859894,-0.18779884278774261,-0.0391320064663887,1.7466317415237427,-0.4717966914176941
2.374217772215269,3.8232283522734525,0.42131845804781404,0.42131845804781404,0.26048516593956605,1.1106208562850952,1.2096413373947144,1.3770712614059448,0.18602977693080902,-0.18797026574611664,0.006266631186008453,1.7445650100708008,-0.4149845540523529
2.3785982478097623,6.930103933037296,-0.9687074778630889,-0.9687074778630889,0.42442165281424,1.1159197092056274,1.208142876625061,1.377886176109314,0.16646431386470795,-0.18794281780719757,0.010963473469018936,1.742747187614441,-0.38187551498413086
2.382978723404255,5.571939575429592,-1.0609961325535247,-1.0609961325535247,0.6464822817902995,1.1212120056152344,1.204357624053955,1.378615379333496,0.16618657112121582,-0.1878947913646698,-0.029720313847064972,1.7410744428634644,-0.3335004448890686
2.387359198998748,4.736629354769134,2.46016141935457,2.46016141935457,-0.5576890445157611,1.1264876127243042,1.2084380388259888,1.3793433904647827,0.15632599592208862,-0.18802498281002045,-0.07958409935235977,1.7396135330200195,-0.2181715965270996
2.391739674593241,6.461026878842736,0.034401316220062705,0.034401316220062705,0.8893154020433904,1.1317811012268066,1.186156988143921,1.3800281286239624,0.14592233300209045,-0.1883735954761505,0.008546695113182068,1.738657832145691,-0.39648979902267456
2.3961201501877345,9.424194120813798,-0.7316807858098654,-0.7316807858098654,0.4932479946772631,1.1369770765304565,1.1941487789154053,1.3806673288345337,0.14080491662025452,-0.18833616375923157,-0.016419507563114166,1.7369210720062256,-0.2276022881269455
2.400500625782228,9.089579885503307,-3.497086876363002,-3.497086876363002,1.025296351473438,1.1422079801559448,1.187146544456482,1.3812841176986694,0.15629355609416962,-0.18840809166431427,-0.05219130963087082,1.7359241247177124,-0.18164107203483582
2.404881101376721,10.572835955167822,0.6303906625921456,0.6303906625921456,0.08325676005254307,1.1474082469940186,1.1932036876678467,1.3819687366485596,0.16758152842521667,-0.18863672018051147,-0.18425923585891724,1.735128402709961,0.00010763108730316162
2.409261576971214,7.671620818066426,-0.3791123603377601,-0.3791123603377601,0.5430041493550783,1.152635097503662,1.1744189262390137,1.3827028274536133,0.19203400611877441,-0.18944385647773743,-0.1682811975479126,1.7351288795471191,-0.06537286937236786
2.413642052565707,9.359097371560328,1.4742539769963376,1.4742539769963376,-0.09078964445659057,1.157779574394226,1.1719746589660645,1.3835439682006836,0.19611428678035736,-0.19018100202083588,-0.19520992040634155,1.7348425388336182,0.007487751543521881
2.4180225281602,4.847756437192597,0.451333626924822,0.451333626924822,0.22535303323465905,1.1629133224487305,1.1514004468917847,1.3844029903411865,0.21344566345214844,-0.19103612005710602,-0.14950568974018097,1.7348753213882446,-0.09181167930364609
2.422403003754693,7.812307189950851,-0.7726113179520551,-0.7726113179520551,-0.1754808339051123,1.1679569482803345,1.1470510959625244,1.3853379487991333,0.20065191388130188,-0.19169102609157562,-0.1429063379764557,1.7344731092453003,-0.07532434910535812
2.4267834793491865,7.32764049593409,1.2597444310479604,1.2597444310479604,-0.7217862506240316,1.1729816198349,1.1274621486663818,1.3862168788909912,0.20838382840156555,-0.19231702387332916,-0.1603444367647171,1.7341431379318237,-0.18330517411231995
2.4311639549436794,6.782475477220563,0.02149584254930892,0.02149584254930892,-0.3305451842005494,1.1779204607009888,1.0960756540298462,1.3871296644210815,0.21508938074111938,-0.19301940500736237,-0.10247746109962463,1.7333401441574097,-0.4237736463546753
2.4355444305381724,6.08334490380202,0.7043804713419779,0.7043804713419779,-0.12862329783372678,1.1827218532562256,1.074845552444458,1.388071894645691,0.21672619879245758,-0.19346830248832703,-0.0921967476606369,1.731483817100525,-0.5620477199554443
2.4399249061326658,9.761762662605394,2.82638251257588,2.82638251257588,-0.5791893679861165,1.1874301433563232,1.059701681137085,1.3890212774276733,0.213039830327034,-0.19387216866016388,-0.06787039339542389,1.7290217876434326,-0.6439647674560547
2.4443053817271587,8.359106772780585,0.9640062232895658,0.9640062232895658,0.4979590224659528,1.1920721530914307,1.0267295837402344,1.3899544477462769,0.23449105024337769,-0.19416947662830353,0.03158310055732727,1.7262009382247925,-0.8680608868598938
2.448685857321652,9.592365771064745,3.7891896000771443,3.7891896000771443,0.3167954246747813,1.1965696811676025,1.0216684341430664,1.390981674194336,0.2428305298089981,-0.19403113424777985,0.045193158090114594,1.7223984003067017,-0.8112922310829163
2.453066332916145,7.622666995616234,-1.6936049061556364,-1.6936049061556364,0.595622362560587,1.201045036315918,1.0100237131118774,1.3920453786849976,0.25974512100219727,-0.19383317232131958,0.14659807085990906,1.7188445329666138,-0.8088939189910889
2.457446808510638,8.36333110905748,-0.25374134651100955,-0.25374134651100955,1.3673758157311915,1.2054693698883057,1.0088601112365723,1.3931832313537598,0.2631049156188965,-0.19319100677967072,0.07974537461996078,1.7153011560440063,-0.7204813957214355
2.4618272841051314,4.604016689078525,1.0806573684455754,1.0806573684455754,-0.8695992099180994,1.2098886966705322,1.0243825912475586,1.3943357467651367,0.26864954829216003,-0.19284167885780334,0.032403614372015,1.7121450901031494,-0.4444335103034973
2.4662077596996244,6.031235203055653,-0.8944362033043582,-0.8944362033043582,0.7502822005626558,1.2143759727478027,0.9950711131095886,1.395512580871582,0.2578587830066681,-0.19269973039627075,0.08935728669166565,1.7101982831954956,-0.6972304582595825
2.4705882352941178,5.063538614388724,1.6651359666499,1.6651359666499,-1.8769839299271855,1.218734860420227,1.0008502006530762,1.3966420888900757,0.2506907880306244,-0.19230830669403076,0.04132629185914993,1.7071441411972046,-0.5562893152236938
2.4749687108886107,7.444306141980088,1.8632957397967862,1.8632957397967862,1.3028866990677537,1.2231190204620361,0.9471374750137329,1.3977402448654175,0.24589291214942932,-0.1921272724866867,0.14476743340492249,1.704707384109497,-1.0635766983032227
2.479349186483104,4.299393539296196,2.254434401516993,2.254434401516993,1.0855050484374362,1.2272679805755615,0.9631909132003784,1.3988174200057983,0.24578988552093506,-0.19149312376976013,0.16113315522670746,1.7000484466552734,-0.7945088148117065
2.483729662077597,6.307015303363435,1.3749425241101794,1.3749425241101794,1.092813623081609,1.2314872741699219,0.9803341627120972,1.399894118309021,0.22663691639900208,-0.19078728556632996,0.1952695995569229,1.6965681314468384,-0.5554383993148804
2.48811013767209,7.144025278475447,-3.791844837200993,-3.791844837200993,0.04358035197155455,1.2357815504074097,0.9939151406288147,1.4008868932724,0.22045210003852844,-0.18993191421031952,0.203508660197258,1.694135069847107,-0.32889148592948914
2.492490613266583,6.591985516321419,0.06429271582472484,0.06429271582472484,0.5833002191645646,1.2401354312896729,0.9814306497573853,1.4018526077270508,0.2227764129638672,-0.18904045224189758,0.09150208532810211,1.6926944255828857,-0.36997589468955994
2.4968710888610763,6.43172677630906,-2.366240375944529,-2.366240375944529,-0.40646946557308156,1.2444345951080322,0.98270183801651,1.4028284549713135,0.2200244814157486,-0.18863962590694427,0.07634542137384415,1.6910737752914429,-0.271923691034317
2.5012515644555693,8.786369369672638,0.2538474666526693,0.2538474666526693,-0.8048786535582384,1.248739242553711,0.9611287713050842,1.4037922620773315,0.21909666061401367,-0.18830519914627075,0.019113898277282715,1.6898826360702515,-0.41958123445510864
2.5056320400500622,2.4727812179479196,-1.8181836045017925,-1.8181836045017925,-0.16039367066941734,1.2529494762420654,0.9258483052253723,1.4047520160675049,0.23420798778533936,-0.18822146952152252,0.050032056868076324,1.6880446672439575,-0.6833233833312988
2.510012515644556,10.624241531671128,0.43979569815826436,0.43979569815826436,0.8528222030731553,1.2570050954818726,0.9174590110778809,1.405777931213379,0.20721429586410522,-0.1880023032426834,0.001619335263967514,1.685051441192627,-0.7409297227859497
2.5143929912390486,8.251485968955334,1.5132784890206188,1.5132784890206188,0.5038846489974398,1.261023998260498,0.9177238941192627,1.4066855907440186,0.22926883399486542,-0.18799521028995514,-0.010442348197102547,1.6818058490753174,-0.6026188135147095
2.518773466833542,8.430595370200741,-0.6950595395636285,-0.6950595395636285,-0.2000053171170988,1.265044093132019,0.9142763614654541,1.4076899290084839,0.23726744949817657,-0.18804095685482025,0.019035151228308678,1.6791660785675049,-0.5341652631759644
2.523153942428035,5.524924142712624,1.5399399031804695,1.5399399031804695,1.3568393216798331,1.269049048423767,0.8940300941467285,1.4087293148040771,0.2482444792985916,-0.18795756995677948,0.004577998071908951,1.6768262386322021,-0.6422348022460938
2.527534418022528,7.700048061860483,1.420864714966418,1.420864714966418,-0.2146243669716978,1.2729653120040894,0.9157057404518127,1.4098167419433594,0.23679956793785095,-0.18793751299381256,0.00992511585354805,1.6740128993988037,-0.34120267629623413
2.5319148936170213,6.0702388083593455,-0.17022087791929658,-0.17022087791929658,-0.4606370371107805,1.2769765853881836,0.8965563178062439,1.4108539819717407,0.24318291246891022,-0.1878940314054489,0.05768658220767975,1.672518253326416,-0.44697150588035583
2.536295369211514,7.806518382505596,1.214807208907291,1.214807208907291,0.24346687945881967,1.280903935432434,0.8746322393417358,1.4119192361831665,0.2397601306438446,-0.18764133751392365,0.06616765260696411,1.670560359954834,-0.6029186844825745
2.540675844806008,8.069908194959394,0.0870204156325799,0.0870204156325799,0.09083906101476139,1.2847352027893066,0.8661102056503296,1.4129694700241089,0.245602548122406,-0.18735149502754211,0.09453386813402176,1.6679192781448364,-0.594355046749115
2.545056320400501,6.190888183324214,0.009834608078307994,0.009834608078307994,0.46355640879796134,1.2885291576385498,0.8535885810852051,1.4140453338623047,0.25346943736076355,-0.1869373917579651,0.0944223552942276,1.6653157472610474,-0.6251314282417297
2.549436795994993,6.888547499468304,-1.2449553776670814,-1.2449553776670814,0.7122129497230538,1.2922682762145996,0.8532890677452087,1.4151556491851807,0.24856539070606232,-0.18652378022670746,0.08117224276065826,1.6625773906707764,-0.5499638319015503
2.553817271589487,6.483085743482411,-0.10184239481962648,-0.10184239481962648,-1.075442490141593,1.2960060834884644,0.8576443791389465,1.4162445068359375,0.24760159850120544,-0.18616820871829987,0.024016723036766052,1.6601682901382446,-0.4167846739292145
2.55819774718398,8.500017561536108,1.6250154604452047,1.6250154604452047,0.7832431994891308,1.2997629642486572,0.8207606673240662,1.4173290729522705,0.24791646003723145,-0.1860630065202713,0.05244893208146095,1.6583425998687744,-0.7269718647003174
2.562578222778473,6.921817246650425,0.46248513902589056,0.46248513902589056,-0.38361798315289863,1.3033583164215088,0.8239982724189758,1.4184150695800781,0.25697576999664307,-0.18583326041698456,0.07703135162591934,1.6551581621170044,-0.5855989456176758
2.566958698372966,5.375277873679446,-0.2687000496691845,-0.2687000496691845,1.1345859428239724,1.306967854499817,0.80267733335495,1.4195407629013062,0.25847408175468445,-0.18549582362174988,0.10174024850130081,1.6525930166244507,-0.7250043749809265
2.571339173967459,6.4085006607305335,-1.3950234087609754,-1.3950234087609754,1.2345949642248069,1.3104839324951172,0.8198543190956116,1.4206730127334595,0.24713978171348572,-0.18505015969276428,0.06075984612107277,1.6494171619415283,-0.4751940369606018
2.575719649561952,6.889422870541144,1.9548899136266913,1.9548899136266913,-0.5120410093128049,1.314075231552124,0.8376432657241821,1.4217555522918701,0.24235975742340088,-0.18478401005268097,-0.016033347696065903,1.6473355293273926,-0.20632296800613403
2.580100125156445,2.684657932547703,1.6770547969395553,1.6770547969395553,0.6406064103283883,1.317744493484497,0.8135363459587097,1.4228172302246094,0.24390439689159393,-0.18485423922538757,0.05600885674357414,1.6464316844940186,-0.37620121240615845
2.5844806007509384,7.167535384905204,0.17637793117168776,0.17637793117168776,0.718391848563179,1.3213081359863281,0.8239158987998962,1.423885703086853,0.2167229801416397,-0.18460889160633087,0.08627643436193466,1.6447837352752686,-0.2325538992881775
2.588861076345432,7.357181601023961,2.1157251327203315,2.1157251327203315,1.0800194707661661,1.3249173164367676,0.8283329606056213,1.4248350858688354,0.2178335338830948,-0.1842309534549713,0.0704479068517685,1.6437650918960571,-0.09642603993415833
2.593241551939925,6.463232604568444,1.4883726031552111,1.4883726031552111,-0.98916735378187,1.3285458087921143,0.8409746885299683,1.4257893562316895,0.21955503523349762,-0.18392236530780792,0.10069379210472107,1.6433427333831787,0.12909506261348724
2.5976220275344177,8.301954375692706,0.15623846528618412,0.15623846528618412,0.4516989984848022,1.332229733467102,0.8064795136451721,1.4267511367797852,0.2191675454378128,-0.18348127603530884,0.173045814037323,1.6439082622528076,-0.1566133350133896
2.602002503128911,5.6663827398481015,-1.5317704673849348,-1.5317704673849348,-0.6067345874012301,1.3357625007629395,0.8027374744415283,1.4277112483978271,0.2279481589794159,-0.1827232539653778,0.16441743075847626,1.6432222127914429,-0.09355039894580841
2.606382978723404,6.922316464491928,0.979981687537328,0.979981687537328,0.15971213555336056,1.3392788171768188,0.7786862850189209,1.4287097454071045,0.22187179327011108,-0.18200302124023438,0.1374034434556961,1.6428123712539673,-0.2788179814815521
2.610763454317897,7.65265232329687,-1.1455315008878992,-1.1455315008878992,0.31424293886735777,1.342689871788025,0.7705605030059814,1.429681658744812,0.22241128981113434,-0.18140113353729248,0.16135790944099426,1.6415910720825195,-0.2799966037273407
2.6151439299123904,2.582241155226631,-0.0009943978818820476,-0.0009943978818820476,-0.22165574162073684,1.3460652828216553,0.7648783922195435,1.4306559562683105,0.22731776535511017,-0.1806943118572235,0.11872786283493042,1.6403645277023315,-0.24660000205039978
2.619524405506884,7.217551177993699,0.08629402980214074,0.08629402980214074,-0.6069445010613398,1.3494157791137695,0.7552661895751953,1.4316517114639282,0.2010272741317749,-0.18017423152923584,0.12517186999320984,1.6392842531204224,-0.31704583764076233
2.6239048811013768,3.7537911313788475,-1.8564577712672943,-1.8564577712672943,-0.22152315674100725,1.3527241945266724,0.7287453413009644,1.4325323104858398,0.20467299222946167,-0.17962591350078583,0.14541663229465485,1.6378954648971558,-0.5105366706848145
2.6282853566958697,5.35739230353461,-0.8728367552541676,-0.8728367552541676,0.3181584428587296,1.3559165000915527,0.7171912789344788,1.4334288835525513,0.18569931387901306,-0.17898891866207123,0.09767135977745056,1.635659098625183,-0.5874942541122437
2.6326658322903627,6.298244606129843,0.2718751102406796,0.2718751102406796,0.3888932941075364,1.359058141708374,0.7156966924667358,1.4342423677444458,0.17599694430828094,-0.17856107652187347,0.06289052963256836,1.6330856084823608,-0.5385778546333313
2.637046307884856,5.4840419287174385,-0.6689544132374361,-0.6689544132374361,-0.05100751550989674,1.36219322681427,0.7143518924713135,1.4350132942199707,0.17217782139778137,-0.17828558385372162,0.059473227709531784,1.6307263374328613,-0.4769268333911896
2.641426783479349,9.356370390370975,0.21255298499892697,0.21255298499892697,1.2556215480312087,1.365322470664978,0.704042911529541,1.4357675313949585,0.16387015581130981,-0.17802506685256958,0.04142721742391586,1.6286371946334839,-0.5202096700668335
2.645807259073842,8.546078299737637,2.04425736541435,2.04425736541435,0.42417219645014337,1.3684065341949463,0.7181591987609863,1.4364854097366333,0.17824149131774902,-0.1778436005115509,0.010966310277581215,1.6263583898544312,-0.2582729756832123
2.650187734668336,6.608549712363841,0.37997731902521037,0.37997731902521037,-1.2321076733033576,1.3715524673461914,0.7140828371047974,1.437266230583191,0.18871930241584778,-0.17779555916786194,0.058277927339076996,1.6252269744873047,-0.19900856912136078
2.6545682102628283,8.59057331928311,0.5309172161815685,0.5309172161815685,0.044476748026432866,1.374680519104004,0.674179196357727,1.4380929470062256,0.18909183144569397,-0.17754027247428894,0.10535591840744019,1.6243551969528198,-0.5425834655761719
2.6589486858573217,7.454868695468097,0.43386630068716464,0.43386630068716464,0.5023857191606096,1.3776336908340454,0.6611349582672119,1.4389212131500244,0.20024840533733368,-0.17707876861095428,0.11956152319908142,1.6219784021377563,-0.5779221057891846
2.663329161451814,8.409246693530227,-2.5873684423060532,-2.5873684423060532,1.124292345893654,1.380529761314392,0.660814106464386,1.439798355102539,0.20365102589130402,-0.17655503749847412,0.11756053566932678,1.619446873664856,-0.49228793382644653
2.667709637046308,6.441067685357419,-2.108372468117554,-2.108372468117554,-0.18441355023755457,1.3834244012832642,0.6736859679222107,1.4406903982162476,0.21243144571781158,-0.17604006826877594,0.009168274700641632,1.6172903776168823,-0.2558616101741791
2.672090112640801,6.121583125768005,3.16899220569833,3.16899220569833,0.3232527837336179,1.3863754272460938,0.6589544415473938,1.441620945930481,0.21033473312854767,-0.17599990963935852,-0.047017425298690796,1.6161695718765259,-0.3354671597480774
2.676470588235294,9.478881238242652,-0.7985818621916994,-0.7985818621916994,-0.19918865901780025,1.3892619609832764,0.6567244529724121,1.442542314529419,0.2056475579738617,-0.17620587348937988,0.036087192595005035,1.6147000789642334,-0.2864733338356018
2.6808510638297878,6.743042089844061,0.6141101075104813,0.6141101075104813,0.6651263909340672,1.3921387195587158,0.6367868185043335,1.4434431791305542,0.22272764146327972,-0.17604778707027435,0.018583010882139206,1.6134451627731323,-0.3850647807121277
2.6852315394242803,6.597827265784745,-1.2739778089596256,-1.2739778089596256,0.14679700344742275,1.3949280977249146,0.6416564583778381,1.4444187879562378,0.2216179072856903,-0.17596638202667236,0.017093174159526825,1.6117583513259888,-0.2535054683685303
2.689612015018773,6.957555275807359,-0.9337619638474581,-0.9337619638474581,1.4617797335612388,1.3977388143539429,0.6345655918121338,1.4453896284103394,0.22014731168746948,-0.17589150369167328,-0.02439795434474945,1.6106479167938232,-0.2503677308559418
2.6939924906132666,5.83714303816493,1.426722724124939,1.426722724124939,0.06370216713784443,1.400518536567688,0.657935380935669,1.4463540315628052,0.21971270442008972,-0.17599837481975555,-0.09435536712408066,1.609551191329956,0.0795021653175354
2.69837296620776,5.805000874278018,0.8585617988061411,0.8585617988061411,-0.9619072062985117,1.4034006595611572,0.6501286625862122,1.4473165273666382,0.21353794634342194,-0.1764117032289505,-0.05455084517598152,1.6098994016647339,0.06604727357625961
2.7027534418022525,7.472387385617257,2.9596089868617694,2.9596089868617694,-0.3792288818213052,1.4062485694885254,0.6181581616401672,1.4482519626617432,0.20810556411743164,-0.17665065824985504,-0.001387380063533783,1.6101887226104736,-0.20345690846443176
2.707133917396746,10.045913783917797,0.5287818170071947,0.5287818170071947,0.8291532477909556,1.4089564085006714,0.5972443222999573,1.449163556098938,0.21265044808387756,-0.17665673792362213,0.09611727297306061,1.609297513961792,-0.3359657824039459
2.711514392991239,7.167488009164094,1.765796803449451,1.765796803449451,-0.5503180486331103,1.4115725755691528,0.6007277369499207,1.4500950574874878,0.23230448365211487,-0.17623570561408997,0.08734547346830368,1.6078258752822876,-0.1795416921377182
2.715894868585732,6.252853965908436,0.08083260075890919,0.08083260075890919,-0.31313116466228685,1.4142040014266968,0.5763277411460876,1.4511126279830933,0.23504997789859772,-0.17585308849811554,0.15498337149620056,1.607039451599121,-0.35277196764945984
2.720275344180225,9.378254856103881,0.8725237664257077,0.8725237664257077,0.052917828967586844,1.4167286157608032,0.5590090155601501,1.4521422386169434,0.23176966607570648,-0.17517419159412384,0.16648836433887482,1.6054941415786743,-0.46203529834747314
2.724655819774718,4.539789139854713,0.2074831784495177,0.2074831784495177,-0.2523554193228359,1.4191772937774658,0.5454455018043518,1.4531575441360474,0.247871533036232,-0.17444489896297455,0.19042345881462097,1.6034702062606812,-0.49493953585624695
2.729036295369212,5.296397482900174,0.08193135201350593,0.08193135201350593,1.035397652477953,1.4215666055679321,0.5323680639266968,1.4542433023452759,0.23365101218223572,-0.17361074686050415,0.20385220646858215,1.601302146911621,-0.5799924731254578
2.7334167709637045,5.657188059268819,-1.481883862351585,-1.481883862351585,0.5795271684239449,1.4238985776901245,0.5485473871231079,1.4552668333053589,0.22322748601436615,-0.17271777987480164,0.1760079711675644,1.5987615585327148,-0.34678059816360474
2.737797246558197,7.619845069463885,1.7060514521076109,1.7060514521076109,0.6737321474659553,1.4263014793395996,0.5534874796867371,1.456244707107544,0.21553173661231995,-0.17194677889347076,0.11580823361873627,1.5972424745559692,-0.22868308424949646
2.742177722152691,6.108452748121074,-1.442343115553932,-1.442343115553932,0.6350575687250843,1.428726077079773,0.5576972961425781,1.4571888446807861,0.22021494805812836,-0.17143948376178741,0.14595523476600647,1.596240758895874,-0.09589236974716187
2.746558197747184,9.101490587270472,-0.3338955669615252,-0.3338955669615252,-0.1744624656206834,1.431169033050537,0.5633531212806702,1.458153486251831,0.21541514992713928,-0.1708001345396042,0.08528854697942734,1.595820665359497,0.03448553383350372
2.750938673341677,5.580801711625353,-1.197662979408181,-1.197662979408181,-0.24848793544616102,1.4336367845535278,0.5453934669494629,1.459097146987915,0.22999991476535797,-0.17042653262615204,0.08063259720802307,1.595971703529358,-0.05088174343109131
2.75531914893617,8.460152717184972,-0.9726847974420211,-0.9726847974420211,1.066525977956285,1.436025857925415,0.5310577154159546,1.4601047039031982,0.2224063277244568,-0.17007333040237427,0.05291367322206497,1.595748782157898,-0.1385355293750763
2.759699624530663,6.751408715553457,0.633918074988056,0.633918074988056,-0.34131982323566123,1.438352108001709,0.5434104800224304,1.4610790014266968,0.2322099804878235,-0.16984154284000397,-0.006637748330831528,1.595141887664795,0.08909139037132263
2.7640801001251565,3.6654006482263757,0.36405655500550005,0.36405655500550005,-0.023704179769932207,1.440732479095459,0.5251525640487671,1.4620962142944336,0.2320541888475418,-0.16987061500549316,0.021842291578650475,1.5955321788787842,-0.026893004775047302
2.768460575719649,8.71687007622432,1.6290563853783904,1.6290563853783904,0.05740246879915882,1.4430328607559204,0.5190495848655701,1.463112711906433,0.2122367024421692,-0.16977493464946747,0.03316613286733627,1.595414400100708,-0.049543432891368866
2.7728410513141424,6.243631520560872,0.7551572787529031,0.7551572787529031,-0.29353310356078843,1.4453065395355225,0.5072298049926758,1.4640424251556396,0.22426404058933258,-0.16962964832782745,0.07906341552734375,1.595197319984436,-0.07495534420013428
2.777221526908636,5.659908045203182,-0.1658052741260887,-0.1658052741260887,-0.8795735118457435,1.4475284814834595,0.4908774793148041,1.4650248289108276,0.22087788581848145,-0.16928331553936005,0.10968849807977676,1.5948690176010132,-0.17667120695114136
2.7816020025031287,7.365866006687604,0.8634760082804314,0.8634760082804314,0.9883159235847194,1.4496787786483765,0.46159765124320984,1.4659923315048218,0.2141275703907013,-0.16880282759666443,0.13053280115127563,1.5940951108932495,-0.4219844341278076
2.7859824780976217,7.266162673921627,1.5256664026740916,1.5256664026740916,0.3904185396861147,1.4517008066177368,0.4738677144050598,1.4669302701950073,0.2170451581478119,-0.1682310253381729,0.12688708305358887,1.592246651649475,-0.20838308334350586
2.790362953692115,9.120864753744133,1.0274620590080157,1.0274620590080157,0.03421644122418817,1.4537765979766846,0.4722445011138916,1.4678810834884644,0.21973268687725067,-0.1676751971244812,0.16003991663455963,1.5913338661193848,-0.1432282030582428
2.794743429286608,2.9262989741956087,1.322177310921368,1.322177310921368,-0.16959520187816546,1.4558452367782593,0.45951077342033386,1.4688435792922974,0.2343219369649887,-0.16697414219379425,0.18904583156108856,1.590706467628479,-0.1749657839536667
2.7991239048811014,7.237071735200576,0.7694272795025805,0.7694272795025805,0.034849182368987944,1.4578580856323242,0.4511851370334625,1.4698699712753296,0.20989364385604858,-0.16614602506160736,0.2326103150844574,1.589940071105957,-0.23014980554580688
2.8035043804755944,6.579422609670996,0.3633538509532467,0.3633538509532467,0.07299048863496371,1.4598344564437866,0.4413789212703705,1.4707894325256348,0.21258316934108734,-0.16512708365917206,0.25406232476234436,1.588931918144226,-0.2529190480709076
2.8078848560700878,7.3100226851265155,0.25222450211232983,0.25222450211232983,-0.7425284665352688,1.4617679119110107,0.43351009488105774,1.4717206954956055,0.211103618144989,-0.16401417553424835,0.26254186034202576,1.5878239870071411,-0.2629944980144501
2.8122653316645807,5.198952817397711,-1.8159697614568313,-1.8159697614568313,-0.31434064300358344,1.4636669158935547,0.40541619062423706,1.4726454019546509,0.21457013487815857,-0.16286411881446838,0.2915917932987213,1.5866719484329224,-0.47948235273361206
2.8166458072590737,5.663698784393865,2.257513410361348,2.257513410361348,0.37464588577031305,1.4654427766799927,0.3905429542064667,1.4735853672027588,0.20445960760116577,-0.16158680617809296,0.24773946404457092,1.5845715999603271,-0.5797955989837646
2.821026282853567,8.053586186563777,1.5632582434665405,1.5632582434665405,0.30532642517373265,1.467153549194336,0.39135196805000305,1.4744809865951538,0.19700324535369873,-0.16050158441066742,0.3027251660823822,1.5820318460464478,-0.5095651149749756
2.82540675844806,5.6662401668990015,0.20245561743651216,0.20245561743651216,-0.17665904449579062,1.4688678979873657,0.38725605607032776,1.475343942642212,0.20471638441085815,-0.15917550027370453,0.3394607603549957,1.5797996520996094,-0.4658077359199524
2.829787234042553,5.440891792052483,2.2698479662692828,2.2698479662692828,0.6133219841529914,1.4705642461776733,0.3752260208129883,1.4762407541275024,0.19748738408088684,-0.15768849849700928,0.3505321145057678,1.5777591466903687,-0.5323096513748169
2.8341677096370463,6.006289455804991,-0.1550247045072082,-0.1550247045072082,0.09190521816957666,1.4722079038619995,0.38224828243255615,1.4771058559417725,0.18867267668247223,-0.15615300834178925,0.39890792965888977,1.5754274129867554,-0.400205135345459
2.8385481852315397,5.344867628631555,-0.7790542694585026,-0.7790542694585026,1.2670568989208306,1.4738823175430298,0.3762984871864319,1.477932333946228,0.1835757941007614,-0.1544056087732315,0.3916967809200287,1.5736743211746216,-0.39995211362838745
2.842928660826032,7.43478277771802,0.5789775209336556,0.5789775209336556,-0.29059556581721346,1.4755306243896484,0.39908167719841003,1.4787365198135376,0.17422941327095032,-0.15268978476524353,0.3319438397884369,1.5719223022460938,-0.10331177711486816
2.8473091364205256,7.552775521318923,-1.6104213781303924,-1.6104213781303924,1.091453049881551,1.4772788286209106,0.3824494481086731,1.4794996976852417,0.17825432121753693,-0.15123571455478668,0.3573381304740906,1.571469783782959,-0.2027648687362671
2.8516896120150186,7.920301098439373,-0.025895984418717766,-0.025895984418717766,-0.1650179638171588,1.4789541959762573,0.3983856439590454,1.4802805185317993,0.18299679458141327,-0.14967040717601776,0.2784348428249359,1.5705815553665161,0.04280818998813629
2.8560700876095115,9.080766610359536,1.0404703930482597,1.0404703930482597,0.405313681222415,1.4806993007659912,0.38430675864219666,1.4810820817947388,0.19010509550571442,-0.14845073223114014,0.2824976444244385,1.5707690715789795,-0.02623647451400757
2.860450563204005,8.02664331390859,1.0796685369512848,1.0796685369512848,-0.0903904070135539,1.4823827743530273,0.38228878378868103,1.4819148778915405,0.20456402003765106,-0.14721326529979706,0.301046222448349,1.5706541538238525,0.043278783559799194
2.864831038798498,8.233724907660232,-0.4190113140934798,-0.4190113140934798,0.261676182759937,1.4840574264526367,0.3700016736984253,1.4828109741210938,0.21236413717269897,-0.14589454233646393,0.33521565794944763,1.5708436965942383,-0.007057264447212219
2.8692115143929917,7.069265133879678,-1.0728753001348506,-1.0728753001348506,-0.34054075964354985,1.4856781959533691,0.36585211753845215,1.483741283416748,0.22148558497428894,-0.1444261372089386,0.3153374195098877,1.5708128213882446,0.03002345561981201
2.873591989987484,8.82718306993473,0.7820525678167889,0.7820525678167889,-0.3047333868288262,1.4872808456420898,0.3490371108055115,1.4847115278244019,0.2232491821050644,-0.14304481446743011,0.2939509153366089,1.5709443092346191,-0.07903309911489487
2.877972465581977,6.663154599816505,-2.218231474205858,-2.218231474205858,0.04650702300045652,1.4888098239898682,0.3309863209724426,1.4856895208358765,0.23614762723445892,-0.14175717532634735,0.32568851113319397,1.5705981254577637,-0.18486309051513672
2.8823529411764706,4.613289914462516,0.6542448779987631,0.6542448779987631,0.2349435463085456,1.4902596473693848,0.32396650314331055,1.4867240190505981,0.2353433072566986,-0.140330508351326,0.25955095887184143,1.5697883367538452,-0.1954396665096283
2.8867334167709635,6.718872580041397,0.9997890014533122,0.9997890014533122,0.5487916223891756,1.4916788339614868,0.3239564001560211,1.4877549409866333,0.22157049179077148,-0.1391935497522354,0.2717958986759186,1.5689321756362915,-0.15189328789710999
2.891113892365457,10.124084336128565,-0.9730968912061891,-0.9730968912061891,-0.054886844191102666,1.4930979013442993,0.3288966715335846,1.4887255430221558,0.2211594432592392,-0.13800296187400818,0.28496643900871277,1.5682668685913086,-0.03656364232301712
2.89549436795995,5.403127243246303,2.0390216972889426,2.0390216972889426,-0.3263834842982172,1.49453866481781,0.3156439960002899,1.489694356918335,0.24230195581912994,-0.13675467669963837,0.2581517994403839,1.5681066513061523,-0.08254516124725342
2.899874843554443,5.488949059380559,1.5368718590030892,1.5368718590030892,0.33012278791395677,1.4959213733673096,0.30161812901496887,1.4907557964324951,0.23353123664855957,-0.13562384247779846,0.3272291421890259,1.5677450895309448,-0.18109479546546936
2.904255319148936,5.801943014371454,-0.14987708802825994,-0.14987708802825994,-0.08451555453040002,1.4972425699234009,0.3030456602573395,1.4917787313461304,0.2253427356481552,-0.1341904252767563,0.36247003078460693,1.5669517517089844,-0.11578475683927536
2.908635794743429,6.615022247605573,-0.6963864563886681,-0.6963864563886681,0.3431866338516607,1.4985700845718384,0.2944042980670929,1.4927657842636108,0.2191196084022522,-0.13260263204574585,0.3605612814426422,1.5664445161819458,-0.1546899825334549
2.913016270337922,6.648750932909245,-1.498462370454567,-1.498462370454567,1.0423440059803877,1.4998596906661987,0.2950243055820465,1.4937256574630737,0.21809501945972443,-0.13102319836616516,0.33020246028900146,1.5657669305801392,-0.088962122797966
2.9173967459324155,8.445093867820624,-0.007016181668531435,-0.007016181668531435,-0.790430275857399,1.5011520385742188,0.3122088611125946,1.4946810007095337,0.21738700568675995,-0.12957675755023956,0.25600287318229675,1.5653772354125977,0.15160463750362396
2.9217772215269084,7.093987841737075,0.374355072744071,0.374355072744071,0.4211647477537902,1.5025196075439453,0.28423988819122314,1.4956332445144653,0.22784368693828583,-0.12845534086227417,0.2788810431957245,1.566041350364685,-0.07046306133270264
2.9261576971214014,3.6566602706785396,0.4023390058634188,0.4023390058634188,0.09711479084138935,1.5037647485733032,0.28641679883003235,1.4966312646865845,0.22989840805530548,-0.12723371386528015,0.2775140404701233,1.565732717514038,0.014046967029571533
2.930538172715895,5.662714471662247,-0.5756260376639986,-0.5756260376639986,0.5419067953856584,1.5050194263458252,0.2847476303577423,1.4976383447647095,0.21012721955776215,-0.12601807713508606,0.2864275574684143,1.5657942295074463,0.027779221534729004
2.934918648310388,10.209369240231506,1.0636686823587933,1.0636686823587933,-0.6536685860846088,1.506266713142395,0.291462242603302,1.498558759689331,0.20313586294651031,-0.1247633844614029,0.25379204750061035,1.5659159421920776,0.14696481823921204
2.939299123904881,5.954639390720057,0.7846631375046736,0.7846631375046736,-0.5089913305341284,1.5075434446334839,0.2651844024658203,1.499448537826538,0.22484582662582397,-0.1236516535282135,0.3039437532424927,1.5665596723556519,-0.045086294412612915
2.943679599499374,3.8540454476719423,-1.7578315129917195,-1.7578315129917195,0.24786899246322378,1.5087050199508667,0.24689078330993652,1.5004334449768066,0.21960322558879852,-0.12232023477554321,0.3417225778102875,1.5663621425628662,-0.1889331191778183
2.948060075093867,5.479272770352222,-1.1387192720258013,-1.1387192720258013,0.7643301089720056,1.5097864866256714,0.24872301518917084,1.5013954639434814,0.20109935104846954,-0.12082332372665405,0.28314974904060364,1.5655344724655151,-0.13773629069328308
2.9524405506883604,9.880732869068785,0.3320205424569934,0.3320205424569934,-0.1386065734537918,1.5108760595321655,0.2611314356327057,1.5022764205932617,0.1929902583360672,-0.11958299577236176,0.2275746762752533,1.5649311542510986,0.03821477293968201
2.9568210262828534,5.50542467675129,2.8092621695960096,2.8092621695960096,-1.332463234671973,1.5120199918746948,0.24782022833824158,1.5031218528747559,0.2127179354429245,-0.11858610808849335,0.241318479180336,1.565098524093628,-0.022862311452627182
2.9612015018773468,5.030645189522657,1.2383901080832607,1.2383901080832607,0.32049878249467223,1.5131055116653442,0.21081987023353577,1.5040537118911743,0.20451728999614716,-0.1175290197134018,0.3622699975967407,1.5649983882904053,-0.37023597955703735
2.96558197747184,4.973051727358644,0.5356240403930539,0.5356240403930539,-0.1392862940974462,1.5140290260314941,0.21336150169372559,1.5049495697021484,0.1934729963541031,-0.1159421056509018,0.3890753388404846,1.563376545906067,-0.3034428656101227
2.9699624530663327,5.3304835758617735,1.0897447362305608,1.0897447362305608,-0.251313098850447,1.5149636268615723,0.2051934152841568,1.505797028541565,0.182017520070076,-0.11423777043819427,0.4087848663330078,1.5620473623275757,-0.3509385883808136
2.974342928660826,6.669864793926934,-0.27167991101029376,-0.27167991101029376,0.1408581215368942,1.5158624649047852,0.19412411749362946,1.5065943002700806,0.17279669642448425,-0.1124470978975296,0.44794800877571106,1.5605100393295288,-0.42694324254989624
2.978723404255319,5.933030349835251,2.0411864700864704,2.0411864700864704,-0.15081677580858827,1.5167127847671509,0.1911458820104599,1.507351279258728,0.17215079069137573,-0.11048487573862076,0.43590059876441956,1.5586398839950562,-0.4078250229358673
2.983103879849812,6.642800049830007,1.7723070653437398,1.7723070653437398,1.3784713567946503,1.5175501108169556,0.1821042150259018,1.5081053972244263,0.1667599231004715,-0.10857542604207993,0.4999140501022339,1.5568534135818481,-0.459234356880188
2.9874843554443054,7.084215375744995,-0.5309596074826165,-0.5309596074826165,0.46934904451037596,1.5183478593826294,0.20863662660121918,1.5088359117507935,0.16636386513710022,-0.10638556629419327,0.5114153027534485,1.5548417568206787,-0.12982690334320068
2.9918648310387983,6.969761537500724,-0.5534317974566476,-0.5534317974566476,-0.27862350798522667,1.5192618370056152,0.213476300239563,1.5095646381378174,0.16858480870723724,-0.10414532572031021,0.4822031259536743,1.554273009300232,-0.027724996209144592
2.9962453066332912,6.160319846447644,-0.7652228984943035,-0.7652228984943035,-0.22917228024257058,1.5201969146728516,0.20090635120868683,1.5103031396865845,0.1698099970817566,-0.10203304886817932,0.47417783737182617,1.5541515350341797,-0.11169803887605667
3.0006257822277846,6.26111182887777,0.3814938063974091,0.3814938063974091,-0.6852905464104025,1.521077036857605,0.19031310081481934,1.5110470056533813,0.16591228544712067,-0.09995592385530472,0.4585234522819519,1.5536623001098633,-0.18132682144641876
3.0050062578222776,5.190544132214633,-0.5581533744270588,-0.5581533744270588,-0.07322897970182174,1.5219106674194336,0.1689888834953308,1.5117738246917725,0.1624683141708374,-0.0979473739862442,0.48967695236206055,1.5528680086135864,-0.3646796941757202
3.009386733416771,7.678210144845124,0.05976301362084281,0.05976301362084281,-0.36424791271769896,1.522650957107544,0.16309009492397308,1.5124855041503906,0.15242689847946167,-0.09580235928297043,0.4755156338214874,1.5512704849243164,-0.39275941252708435
3.013767209011264,7.778761083219452,-1.96576730197855,-1.96576730197855,0.25512349235689635,1.5233653783798218,0.14849311113357544,1.5131531953811646,0.15807309746742249,-0.09371937811374664,0.4878981113433838,1.5495500564575195,-0.4975281059741974
3.018147684605757,6.927723236638631,-2.2663383129319055,-2.2663383129319055,0.33279808750406453,1.5240159034729004,0.14860433340072632,1.513845682144165,0.1646251380443573,-0.09158214926719666,0.42304104566574097,1.5473706722259521,-0.44711554050445557
3.0225281602002503,6.481504697220279,1.19276178568813,1.19276178568813,1.4673762151021237,1.5246669054031372,0.15135560929775238,1.5145667791366577,0.16584539413452148,-0.08972902595996857,0.34713801741600037,1.5454120635986328,-0.37514781951904297
3.0269086357947432,6.7756500022145065,0.5800354023289702,0.5800354023289702,0.11067982912856972,1.5253299474716187,0.18133868277072906,1.5152932405471802,0.16495174169540405,-0.0882083997130394,0.3391183912754059,1.5437687635421753,-0.018560856580734253
3.0312891113892366,4.668343385462816,-2.403404064309232,-2.403404064309232,-0.2686914194015106,1.5261242389678955,0.17920918762683868,1.5160157680511475,0.1651856005191803,-0.08672290295362473,0.3528250753879547,1.5436874628067017,-0.00070139579474926
3.0356695869837296,5.656997917626767,0.13526402983266797,0.13526402983266797,-0.26217715220192167,1.5269092321395874,0.16966316103935242,1.5167393684387207,0.1517655849456787,-0.08517736196517944,0.2904846966266632,1.5436843633651733,-0.07436258345842361
3.0400500625782225,2.2556530166253674,1.030168181780211,1.030168181780211,0.6378165174409972,1.527652382850647,0.15966713428497314,1.5174041986465454,0.1446477323770523,-0.08390489965677261,0.30209124088287354,1.543358564376831,-0.14758098125457764
3.044430538172716,7.985560565308149,-0.8278803096297648,-0.8278803096297648,-0.9443265412215024,1.5283517837524414,0.17322415113449097,1.5180377960205078,0.11644531786441803,-0.08258159458637238,0.3135491609573364,1.5427120923995972,0.00868581235408783
3.048811013767209,2.202404951523245,1.8415691145927542,1.8415691145927542,0.5939424590708795,1.5291105508804321,0.14576022326946259,1.5185478925704956,0.12371211498975754,-0.08120810240507126,0.3169497549533844,1.5427501201629639,-0.2373930960893631
3.053191489361702,5.26575968255995,2.099562380411992,2.099562380411992,-0.539306503193485,1.5297490358352661,0.15837149322032928,1.5190898180007935,0.09513979405164719,-0.0798197090625763,0.353384405374527,1.5417102575302124,-0.0918397307395935
3.057571964956195,8.396762984224091,0.5216327720054968,0.5216327720054968,0.63576404957968,1.5304428339004517,0.1423664540052414,1.519506573677063,0.08534284681081772,-0.07827171683311462,0.4304477572441101,1.5413079261779785,-0.23281534016132355
3.061952440550688,5.049327356628022,-0.08074800863970098,-0.08074800863970098,-1.7645044668560401,1.5310664176940918,0.1522556096315384,1.5198804140090942,0.09629514813423157,-0.07638615369796753,0.4271147549152374,1.5402880907058716,-0.08372117578983307
3.066332916145181,7.248091678698868,-1.1396826861250888,-1.1396826861250888,-0.5545312706824598,1.5317333936691284,0.10764455795288086,1.520302176475525,0.08422911167144775,-0.07451518625020981,0.47628578543663025,1.5399214029312134,-0.5298087000846863
3.0707133917396745,5.573751298662851,-1.369495576290939,-1.369495576290939,1.553496446645288,1.5322049856185913,0.09040921926498413,1.5206711292266846,0.08693650364875793,-0.07242882996797562,0.4591975212097168,1.5376006364822388,-0.6757467985153198
3.0750938673341675,5.58080880371647,1.1166408246417223,1.1166408246417223,-0.01907624669818722,1.532600998878479,0.12399770319461823,1.5210520029067993,0.08052579313516617,-0.07041732966899872,0.373836874961853,1.5346405506134033,-0.29297736287117004
3.079474342928661,5.363797182771689,2.2192481629332677,2.2192481629332677,0.7735914966532192,1.5331441164016724,0.12061172723770142,1.52140474319458,0.07308612763881683,-0.06877974420785904,0.40700340270996094,1.5333571434020996,-0.302253395318985
3.083854818523154,6.937943893022902,-0.05409062301020828,-0.05409062301020828,1.3733886336957666,1.5336724519729614,0.13612838089466095,1.5217249393463135,0.0649649128317833,-0.06699687242507935,0.4492211639881134,1.532033085823059,-0.11304411292076111
3.0882352941176467,7.107362935801117,-0.4513285500120717,-0.4513285500120717,-0.23957671046104495,1.5342687368392944,0.16511528193950653,1.5220094919204712,0.06749414652585983,-0.0650290697813034,0.40753424167633057,1.5315378904342651,0.22528716921806335
3.09261576971214,8.277022857505386,-2.4695365262526,-2.4695365262526,-0.5753203972087203,1.534991979598999,0.15610358119010925,1.5223051309585571,0.06961718201637268,-0.06324387341737747,0.4013504087924957,1.5325247049331665,0.1611385941505432
3.096996245306633,9.664217346499147,-0.6453184645189761,-0.6453184645189761,0.35730501746307386,1.5356757640838623,0.13872778415679932,1.522610068321228,0.07892126590013504,-0.06148576736450195,0.3460333049297333,1.5332305431365967,0.012594610452651978
3.1013767209011265,10.693122476557427,-0.1052354256095071,-0.1052354256095071,0.26246742891453834,1.5362834930419922,0.14284291863441467,1.5229557752609253,0.09793060272932053,-0.05996997654438019,0.3167535066604614,1.5332857370376587,0.09636262059211731
3.1057571964956194,4.408042462797179,-1.7265232296205029,-1.7265232296205029,0.6083064422070814,1.5369092226028442,0.14440029859542847,1.5233848094940186,0.12342458218336105,-0.05858244374394417,0.3060154318809509,1.533707857131958,0.15623603761196136
3.1101376720901124,5.548421072285233,-1.8979075518336677,-1.8979075518336677,0.24620806982597823,1.5375417470932007,0.15688781440258026,1.5239254236221313,0.10910703241825104,-0.05724195018410683,0.2378309965133667,1.534392237663269,0.3059024214744568
3.1145181476846058,6.091389576925746,-1.3080935655300043,-1.3080935655300043,0.12453694363493456,1.538228988647461,0.16040927171707153,1.5244033336639404,0.10172121226787567,-0.05620013549923897,0.17521601915359497,1.5357322692871094,0.36465513706207275
3.1188986232790987,4.733724564953723,0.6793087508480705,0.6793087508480705,-1.021217652098727,1.5389316082000732,0.1608739048242569,1.5248489379882812,0.0976787582039833,-0.05543260648846626,0.13337866961956024,1.5373296737670898,0.3927149772644043
3.123279098873592,4.917798764304574,1.9100083373558796,1.9100083373558796,0.35542208047079354,1.539636254310608,0.1348753422498703,1.525276780128479,0.08405312150716782,-0.05484834313392639,0.18303942680358887,1.5390499830245972,0.13524842262268066
3.127659574468085,8.36350842445443,2.009497515652372,2.009497515652372,-0.003612427028901792,1.5402270555496216,0.14128348231315613,1.5256450176239014,0.07273264974355698,-0.054046545177698135,0.22843827307224274,1.5396424531936646,0.22132080793380737
3.132040050062578,5.913507969079665,0.9425293410185834,0.9425293410185834,-0.17253862817435375,1.5408459901809692,0.1378827542066574,1.5259636640548706,0.08312927931547165,-0.05304587632417679,0.28722745180130005,1.540611982345581,0.2158997654914856
3.136420525657071,5.271865557912717,0.4369000432704724,0.4369000432704724,-0.460074318287378,1.541450023651123,0.13150601089000702,1.5263278484344482,0.07776834070682526,-0.05178768187761307,0.31979095935821533,1.5415576696395874,0.16962361335754395
3.1408010012515644,4.577830908562181,-2.1354702896606437,-2.1354702896606437,-0.3585081186114153,1.5420260429382324,0.11864101886749268,1.5266685485839844,0.06812635064125061,-0.05038684606552124,0.34598544239997864,1.5423007011413574,0.051930882036685944
3.1451814768460573,6.878662698780323,-2.262056098625217,-2.262056098625217,0.780015824095999,1.5425457954406738,0.10848421603441238,1.52696692943573,0.054142702370882034,-0.04887126386165619,0.2940925061702728,1.5425281524658203,-0.03995891660451889
3.1495619524405507,8.385530221831546,-0.6770319314161042,-0.6770319314161042,0.3567626844916283,1.5430209636688232,0.12442369014024734,1.527204155921936,0.05561656504869461,-0.047582998871803284,0.20525437593460083,1.5423531532287598,0.1514769196510315
3.153942428035044,4.344322478894283,1.000067492560413,1.000067492560413,0.6591861413263926,1.5435659885406494,0.12993313372135162,1.5274478197097778,0.06642746925354004,-0.046683888882398605,0.1750642955303192,1.5430166721343994,0.23677733540534973
3.1583229036295366,9.003480089349534,0.041398885925861495,0.041398885925861495,-0.8812391441538708,1.5441352128982544,0.14400780200958252,1.5277388095855713,0.05160994082689285,-0.045917022973299026,0.1850191056728363,1.5440539121627808,0.39944690465927124
3.16270337922403,5.5406044652079265,-2.164790379774369,-2.164790379774369,-0.3582580043466513,1.5447660684585571,0.12018810212612152,1.5279648303985596,0.06552018970251083,-0.04510655254125595,0.21196305751800537,1.5458036661148071,0.17531439661979675
3.167083854818523,4.905764586965175,0.14329321705944414,0.14329321705944414,-0.3521493839879542,1.5452924966812134,0.10988840460777283,1.5282518863677979,0.05771278217434883,-0.04417805373668671,0.1592065840959549,1.5465716123580933,0.08322198688983917
3.1714643304130163,6.6178211756554886,-0.5679498798383765,-0.5679498798383765,-0.2788784144958044,1.5457738637924194,0.09997484087944031,1.528504729270935,0.04587186127901077,-0.04348065331578255,0.173675075173378,1.5469361543655396,-0.007025040686130524
3.1758448060075093,7.873785676122044,-1.5933835673678687,-1.5933835673678687,-0.5194267286714485,1.546211838722229,0.09126483649015427,1.5287057161331177,0.04501542076468468,-0.042719874531030655,0.16523326933383942,1.5469053983688354,-0.0797296017408371
3.1802252816020022,6.71745222979234,-0.25022576970932775,-0.25022576970932775,0.44081988570771014,1.5466116666793823,0.07652662694454193,1.5289028882980347,0.0520453043282032,-0.041996072977781296,0.13387033343315125,1.5465561151504517,-0.21293698251247406
3.184605757196496,7.014395022706141,-1.612570649185567,-1.612570649185567,1.50601762116577,1.5469468832015991,0.08485975861549377,1.5291308164596558,0.052219077944755554,-0.041409656405448914,0.1136896088719368,1.5456233024597168,-0.10567332059144974
3.1889862327909886,7.149721708768288,-0.2952987903652524,-0.2952987903652524,0.611277398998927,1.5473185777664185,0.11828622221946716,1.5293595790863037,0.054947949945926666,-0.04091164097189903,0.022616952657699585,1.5451604127883911,0.26771217584609985
3.193366708385481,7.240773857809376,2.3481496011827603,2.3481496011827603,-0.34122347724742,1.5478367805480957,0.13059742748737335,1.5296002626419067,0.0579925999045372,-0.04081256687641144,-0.003857947885990143,1.5463330745697021,0.41777878999710083
3.197747183979975,6.174467488812357,-1.4159233930098303,-1.4159233930098303,0.781638909344962,1.54840886592865,0.12039395421743393,1.5298542976379395,0.061009544879198074,-0.04082946479320526,0.07468027621507645,1.5481631755828857,0.3297763168811798
3.202127659574468,6.665223315378828,2.5477199256995777,2.5477199256995777,-0.33249462444586164,1.5489362478256226,0.13697803020477295,1.5301215648651123,0.05785585194826126,-0.04050232842564583,0.010504491627216339,1.549607753753662,0.5223106145858765
3.206508135168961,7.413615299573807,-0.5442194741419656,-0.5442194741419656,-0.6192530317624497,1.5495362281799316,0.12712085247039795,1.5303750038146973,0.05718626454472542,-0.04045631363987923,0.0946158841252327,1.5518957376480103,0.4362436532974243
3.210888610763454,8.41346205224515,-0.21194267463405397,-0.21194267463405397,-0.8587358514275782,1.5500930547714233,0.11023394763469696,1.5306254625320435,0.061222221702337265,-0.04004185274243355,0.096807099878788,1.5538066625595093,0.2778356671333313
3.215269086357947,5.037843224617721,-0.40014238347366743,-0.40014238347366743,0.12627672200422632,1.5505759716033936,0.08738107979297638,1.5308936834335327,0.07162582129240036,-0.03961779177188873,0.1156955137848854,1.5550236701965332,0.058819666504859924
3.219649561952441,7.469205174261988,-0.8330754159917779,-0.8330754159917779,1.0605663998211126,1.5509587526321411,0.08881743252277374,1.5312074422836304,0.060885705053806305,-0.03911099210381508,0.1003224104642868,1.5552812814712524,0.08751745522022247
3.224030037546933,7.548181452161568,-1.3754952901757105,-1.3754952901757105,-1.4239339503251942,1.5513478517532349,0.11158765852451324,1.5314741134643555,0.06602030992507935,-0.03867153078317642,0.04502206668257713,1.5556646585464478,0.34819602966308594
3.2284105131414265,6.533410578685205,-0.4395692396439418,-0.4395692396439418,0.23978471873093182,1.551836609840393,0.07571867108345032,1.5317633152008057,0.07071651518344879,-0.03847431391477585,0.04643663018941879,1.55718994140625,-0.011573940515518188
3.23279098873592,6.094764604531527,3.4977518410730237,3.4977518410730237,0.24716554200713092,1.5521682500839233,0.07940860092639923,1.5320731401443481,0.06956536322832108,-0.038270898163318634,0.026597341522574425,1.557139277458191,0.04446900263428688
3.237171464330413,6.87054732070127,0.06489326721440383,0.06489326721440383,-0.9774966463443514,1.5525161027908325,0.08341635018587112,1.53237783908844,0.06561378389596939,-0.03815438970923424,0.12152476608753204,1.557334065437317,0.1026490330696106
3.241551939924906,4.545617960548404,1.8354468928436587,1.8354468928436587,1.1043366876891625,1.5528814792633057,0.05829092115163803,1.5326652526855469,0.06622543185949326,-0.03762205317616463,0.15196585655212402,1.5577837228775024,-0.14544960856437683
3.245932415519399,5.0953316572541665,-0.3010371069682312,-0.3010371069682312,0.7220508340514681,1.5531368255615234,0.08301307260990143,1.5329554080963135,0.05262814834713936,-0.03695636987686157,0.1733165979385376,1.5571465492248535,0.1276785135269165
3.250312891113892,8.748397151143863,0.08646119582247416,0.08646119582247416,-0.9906931404694583,1.5535004138946533,0.09858629107475281,1.5331859588623047,0.04243960604071617,-0.03619715943932533,0.1434391885995865,1.5577058792114258,0.3051818609237671
3.254693366708385,6.963044433796624,0.3369906194043276,0.3369906194043276,0.4329635448873087,1.5539323091506958,0.07272857427597046,1.5333718061447144,0.0550246499478817,-0.03556882590055466,0.1748955100774765,1.5590426921844482,0.05302077531814575
3.2590738423028784,8.02344222479753,-0.8055006308060566,-0.8055006308060566,-0.8704288974067695,1.5542508363723755,0.08099430799484253,1.533612847328186,0.056666284799575806,-0.03480270132422447,0.17209279537200928,1.5592749118804932,0.15722399950027466
3.2634543178973714,8.138248636169843,-1.2389911631464905,-1.2389911631464905,0.7258095217826193,1.5546056032180786,0.05824784189462662,1.5338610410690308,0.06471975147724152,-0.03404885157942772,0.17398890852928162,1.559963583946228,-0.06454309821128845
3.267834793491865,8.80198283084988,0.7483600426125473,0.7483600426125473,0.8139842503332151,1.5548607110977173,0.07318595796823502,1.5341445207595825,0.07393933087587357,-0.033286698162555695,0.11661049723625183,1.5596808195114136,0.11224234104156494
3.2722152690863577,6.738890939794596,-0.31715523522496814,-0.31715523522496814,-0.4181917823378541,1.5551812648773193,0.09008976817131042,1.534468412399292,0.08742659538984299,-0.032775890082120895,0.11469405889511108,1.560172438621521,0.31089961528778076
3.2765957446808507,7.393752629482094,-1.7098742323356328,-1.7098742323356328,0.5102466066366321,1.5555758476257324,0.07847437262535095,1.5348514318466187,0.08737678825855255,-0.03227347508072853,0.11764464527368546,1.5615342855453491,0.20294789969921112
3.280976220275344,5.510483522997652,1.1219956941966982,1.1219956941966982,-0.13916622149662808,1.5559196472167969,0.08861279487609863,1.5352342128753662,0.09175265580415726,-0.0317581370472908,0.05281008034944534,1.5624233484268188,0.3263479173183441
3.285356695869837,6.68553853490464,-2.853673377709999,-2.853673377709999,-0.4586344557117707,1.5563077926635742,0.08392193913459778,1.5356361865997314,0.08392715454101562,-0.031526803970336914,0.08964000642299652,1.5638529062271118,0.28855469822883606
3.2897371714643304,4.291333771912561,-0.7030252859981322,-0.7030252859981322,0.9608557148966194,1.5566754341125488,0.07138236612081528,1.536003828048706,0.08357430249452591,-0.031134137883782387,0.01969727873802185,1.5651168823242188,0.17014819383621216
3.294117647058824,7.845224972279514,-1.4390152324387095,-1.4390152324387095,-0.3676240370944904,1.5569881200790405,0.09296449273824692,1.5363699197769165,0.06814642995595932,-0.03104785457253456,-0.02889331802725792,1.5658621788024902,0.4075092077255249
3.2984981226533163,8.050699005670808,-0.2274498543850318,-0.2274498543850318,0.14273383740892825,1.557395339012146,0.082272969186306,1.5366684198379517,0.07520502805709839,-0.031174421310424805,-0.06018133834004402,1.5676472187042236,0.3108730912208557
3.3028785982478097,5.996330612148149,0.19613476575550812,0.19613476575550812,0.6767928049649328,1.557755708694458,0.08353418111801147,1.5369977951049805,0.08365960419178009,-0.03143804520368576,-0.0709918737411499,1.5690089464187622,0.34119072556495667
3.3072590738423027,9.469526161450142,0.6166325885251916,0.6166325885251916,-0.37069081499419526,1.558121681213379,0.09790754318237305,1.5373642444610596,0.07899349927902222,-0.031749024987220764,-0.08502861112356186,1.5705034732818604,0.5059992074966431
3.311639549436796,7.237943181449712,1.2345056379961228,1.2345056379961228,0.2971388372570018,1.5585505962371826,0.0865708664059639,1.5377103090286255,0.09643799066543579,-0.03212149068713188,-0.056195639073848724,1.572719931602478,0.4064025282859802
3.316020025031289,5.473482021938381,-0.3506243836009279,-0.3506243836009279,-0.8029894555014527,1.5589298009872437,0.09154828637838364,1.5381327867507935,0.0996464192867279,-0.03236765414476395,-0.028821557760238647,1.5745002031326294,0.4747868776321411
3.320400500625782,7.285611088936627,-0.7789959877878376,-0.7789959877878376,-0.7799668232129143,1.5593308210372925,0.07102085649967194,1.5385693311691284,0.09163624048233032,-0.03249390795826912,-0.01561106275767088,1.5765800476074219,0.26960980892181396
3.324780976220276,5.223790619636034,0.883013262636027,0.883013262636027,0.32235888684781255,1.55964195728302,0.05047467350959778,1.538970708847046,0.09530959278345108,-0.032562293112277985,-0.015582711435854435,1.5777610540390015,0.06826010346412659
3.3291614518147683,4.4711092874064144,0.1364477189052164,0.1364477189052164,-0.40346735144477364,1.5598630905151367,0.05653541162610054,1.5393881797790527,0.08567307889461517,-0.0326305516064167,0.0007901741191744804,1.5780600309371948,0.1438850462436676
3.3335419274092613,5.536123807216985,-0.40064546289640673,-0.40064546289640673,-0.3058155986655374,1.5601106882095337,0.04568133503198624,1.5397634506225586,0.07134098559617996,-0.03262709081172943,0.01655740663409233,1.5786902904510498,0.03892436623573303
3.337922403003754,5.518368772684092,1.7168774586319646,1.7168774586319646,-0.6530125938050716,1.5603108406066895,0.036807719618082047,1.5400760173797607,0.06381268799304962,-0.032554563134908676,0.013788074254989624,1.5788607597351074,-0.04273577779531479
3.342302878598248,4.852571821368521,1.3055084933106307,1.3055084933106307,0.14300314760528,1.5604721307754517,0.019745681434869766,1.5403555631637573,0.05623827129602432,-0.03249416500329971,0.08299637585878372,1.5786736011505127,-0.21109163761138916
3.3466833541927405,5.119543852634781,1.5357060175565334,1.5357060175565334,0.7658488242973712,1.5605586767196655,0.02167578786611557,1.5406019687652588,0.04423931986093521,-0.03213060274720192,0.11694522202014923,1.5777488946914673,-0.18000471591949463
3.351063829787234,9.068587090719586,-1.7955693255400849,-1.7955693255400849,0.716764695374401,1.5606536865234375,0.038254573941230774,1.5407958030700684,0.033852703869342804,-0.031618326902389526,0.13942749798297882,1.5769604444503784,0.006516709923744202
3.355444305381727,8.704600332004656,-0.9590069000809529,-0.9590069000809529,-0.9790550359981327,1.560821294784546,0.05257541313767433,1.5409440994262695,0.04874395579099655,-0.031007567420601845,0.06605937331914902,1.576988935470581,0.17741717398166656
3.3598247809762203,5.836336829440476,0.41845139121949637,0.41845139121949637,-0.03420333778498456,1.561051607131958,0.027017751708626747,1.541157603263855,0.06154393404722214,-0.03071819618344307,0.06664483994245529,1.5777660608291626,-0.07470817863941193
3.364205256570713,4.2691244885805215,1.3381055704103952,1.3381055704103952,-0.33310624749888823,1.561169981956482,0.02457345835864544,1.5414271354675293,0.055883120745420456,-0.030426260083913803,0.07986379414796829,1.5774388313293457,-0.08844000101089478
3.368585732165206,6.508943678359246,1.0562017383071403,1.0562017383071403,-0.9095094372492337,1.5612776279449463,0.015527327544987202,1.541671872138977,0.0402497872710228,-0.030076418071985245,0.12866848707199097,1.5770514011383057,-0.17535585165023804
3.3729662077597,3.5090015770812846,3.022271276777569,3.022271276777569,0.6552145847990819,1.5613456964492798,-0.007719929330050945,1.5418481826782227,0.039007097482681274,-0.029512789100408554,0.18607348203659058,1.5762832164764404,-0.40805381536483765
3.3773466833541925,8.608757504524169,-2.3694080315483115,-2.3694080315483115,0.5927751875681433,1.5613118410110474,0.006809254176914692,1.542019009590149,0.018312113359570503,-0.028697699308395386,0.25519904494285583,1.574495792388916,-0.24733591079711914
3.381727158948686,5.951212572481332,1.2120404817835062,1.2120404817835062,-0.2599442149593484,1.561341643333435,0.01859932392835617,1.5420992374420166,0.03029394894838333,-0.027579806745052338,0.1686939001083374,1.573412299156189,-0.10589376091957092
3.386107634543179,7.506408751524001,0.5834804192683816,0.5834804192683816,0.49210685284976136,1.5614230632781982,0.011013152077794075,1.5422319173812866,0.025376606732606888,-0.026840846985578537,0.21168053150177002,1.5729484558105469,-0.17504656314849854
3.390488110137672,3.8672949677857416,-0.3293197884306561,-0.3293197884306561,0.9196158609319167,1.5614713430404663,0.020855173468589783,1.542343020439148,0.030352603644132614,-0.025913584977388382,0.2143489271402359,1.5721817016601562,-0.057296961545944214
3.394868585732165,4.663811600730069,-0.0066968775239038825,-0.0066968775239038825,0.30543445248955187,1.5615626573562622,0.04168577119708061,1.542475938796997,0.01207152009010315,-0.024974634870886803,0.1778760403394699,1.5719307661056519,0.16985231637954712
3.399249061326658,6.979933554254397,0.0417380960208934,0.0417380960208934,-1.254201088761079,1.561745285987854,0.047878898680210114,1.5425288677215576,-0.001105666160583496,-0.02419545315206051,0.16876082122325897,1.5726747512817383,0.24324965476989746
3.403629536921151,5.887417842483091,1.0833561889435435,1.0833561889435435,-0.7118843121315874,1.5619549751281738,0.016788408160209656,1.542523980140686,0.0005763365188613534,-0.02345620095729828,0.20660635828971863,1.5737402439117432,-0.07423725724220276
3.4080100125156445,4.701979615155683,0.771826357162962,0.771826357162962,-0.06763000263768963,1.5620285272598267,-0.001244872808456421,1.5425264835357666,-0.004709094762802124,-0.022551167756319046,0.25903308391571045,1.5734150409698486,-0.2556731104850769
3.412390488110137,7.29859713134956,0.461923896905612,0.461923896905612,0.15199302410923624,1.5620230436325073,-0.0037833540700376034,1.5425058603286743,-0.017642922699451447,-0.021416479721665382,0.28354787826538086,1.572295069694519,-0.2753545045852661
3.4167709637046304,7.43055502926156,-0.6445074898102459,-0.6445074898102459,-0.26507850563537966,1.5620064735412598,-0.0015683486126363277,1.5424286127090454,-0.013988833874464035,-0.020174404606223106,0.2925988435745239,1.5710889101028442,-0.24134717881679535
3.421151439299124,6.176314321189299,-1.2564525254318635,-1.2564525254318635,-0.10080566506531731,1.5619995594024658,-0.009123232215642929,1.5423673391342163,-0.009475838392972946,-0.01889268308877945,0.2815183103084564,1.5700316429138184,-0.3111305236816406
3.4255319148936167,7.370397071852626,-0.48950859850793016,-0.48950859850793016,0.43674160892977376,1.5619596242904663,-0.01249860879033804,1.5423258543014526,-0.013000810518860817,-0.017659498378634453,0.24776975810527802,1.5686687231063843,-0.33894580602645874
3.42991239048811,7.404564338783365,-1.860370399924967,-1.860370399924967,-0.11925559751993753,1.5619049072265625,-0.0032772328704595566,1.5422688722610474,-0.00887418445199728,-0.01657414808869362,0.2207203209400177,1.5671839714050293,-0.23258733749389648
3.434292866082603,6.176994539672462,-1.8952669748420738,-1.8952669748420738,-0.1822025448540906,1.5618906021118164,-0.0070909904316067696,1.5422300100326538,-0.004535382147878408,-0.015607288107275963,0.16987425088882446,1.5661650896072388,-0.26463252305984497
3.438673341677096,10.119558136414703,-0.2873987242695144,-0.2873987242695144,-0.10524561740689006,1.5618594884872437,-0.012159330770373344,1.5422101020812988,-0.008061288855969906,-0.014863157644867897,0.11984734237194061,1.565005898475647,-0.31173136830329895
3.443053817271589,9.689050151893298,-0.6284817493791242,-0.6284817493791242,0.4810120078032961,1.5618062019348145,-0.015809962525963783,1.5421748161315918,0.01361639704555273,-0.014338169246912003,0.11452789604663849,1.5636403560638428,-0.34017980098724365
3.4474342928660824,5.808954148295633,0.6239633499962619,0.6239633499962619,-1.006969256706218,1.5617369413375854,-0.0054995594546198845,1.5422344207763672,0.032629843801259995,-0.013836482539772987,0.0821271613240242,1.562150239944458,-0.22170695662498474
3.451814768460576,5.041859840194427,0.811837251844931,0.811837251844931,0.9144852526540156,1.5617128610610962,-0.029848594218492508,1.5423773527145386,0.02657480351626873,-0.013476726599037647,0.12975555658340454,1.5611790418624878,-0.47387295961380005
3.4561952440550687,3.4936625607744283,0.24697298492324146,0.24697298492324146,-0.1531756657245308,1.561582088470459,-0.008740782737731934,1.5424938201904297,0.015955571085214615,-0.012908335775136948,0.1267579048871994,1.55910325050354,-0.24597249925136566
3.4605757196495617,4.468246405209055,0.12810673660656588,0.12810673660656588,-0.6547523147726001,1.5615438222885132,-0.012653710320591927,1.5425636768341064,-0.0047447290271520615,-0.012353075668215752,0.13844351470470428,1.5580257177352905,-0.2843228280544281
3.464956195244055,5.973789656803672,0.608097969444551,0.608097969444551,0.8757600929137662,1.561488389968872,-0.0284558292478323,1.5425429344177246,-0.019376369193196297,-0.011746627278625965,0.1613054871559143,1.556780219078064,-0.4477795958518982
3.469336670838548,7.00259528888823,2.0664519703963347,2.0664519703963347,-0.28846338005795674,1.561363697052002,-0.008203430101275444,1.5424580574035645,-0.023942813277244568,-0.011040032841265202,0.1534889042377472,1.5548187494277954,-0.22877003252506256
3.473717146433041,6.897559898825294,-0.5050925204789167,-0.5050925204789167,-0.8020602253305835,1.5613278150558472,-0.015428440645337105,1.5423531532287598,-0.022266648709774017,-0.010367678478360176,0.22225990891456604,1.5538166761398315,-0.299987256526947
3.4780976220275344,6.439168768613914,0.5375744517344565,0.5375744517344565,0.02649473550878033,1.5612602233886719,-0.03471274673938751,1.5422556400299072,-0.021489564329385757,-0.009394073858857155,0.2309323102235794,1.5525026321411133,-0.4991964101791382
3.4824780976220278,4.200069199599295,-1.0576122611875602,-1.0576122611875602,1.282967365508816,1.561108112335205,-0.03434455394744873,1.542161464691162,-0.023375684395432472,-0.008382480591535568,0.24585746228694916,1.5503158569335938,-0.4912276566028595
3.4868585732165203,11.076608563160693,-1.3694023779875357,-1.3694023779875357,0.4687601309218155,1.560957670211792,-0.004177035763859749,1.542059063911438,-0.03896765410900116,-0.007305508013814688,0.17750512063503265,1.5481640100479126,-0.16965338587760925
3.4912390488110137,7.915024765444067,-1.0751047152859077,-1.0751047152859077,0.2495964325218481,1.5609394311904907,0.006746389903128147,1.5418883562088013,-0.010861650109291077,-0.0065279509872198105,0.12382494658231735,1.547420859336853,-0.048590287566185
3.4956195244055066,3.7287111609896026,-1.0466715461390186,-1.0466715461390186,0.0013785463156843181,1.5609689950942993,0.012603387236595154,1.5418407917022705,-0.0030760769732296467,-0.005985538940876722,0.08513946831226349,1.5472079515457153,0.016884900629520416
