t,u1,u2,u3,tau,x_q,xdot_q,z_q,zdot_q,theta,theta_dot,beta,beta_dot
0.0,-2.288926834259433,-25.831672090388167,-25.831672090388167,0.031020904730553633,-2.0,0.0,2.0,0.0,1.1281905784771284e-05,0.0,0.3490658503991208,0.0
0.0043804755944931,-2.333298023885173,-16.656854436537625,-16.656854436537625,-1.2010578241259298,-2.0,-0.0012005603639408946,2.0,-0.061508484184741974,1.1281906154181343e-05,-0.7552726864814758,0.3490658402442932,-0.04176099970936775
0.0087609511889862,9.534914193574132,36.76195259904719,36.76195259904719,-1.3633430899752632,-2.0000052452087402,-0.012305155396461487,1.9997305870056152,-0.15052533149719238,-0.003297171788290143,-1.2066309452056885,0.34888291358947754,-0.428100049495697
0.0131414267834793,14.032134662810563,-30.483908334258732,-30.483908334258732,3.430563288792476,-2.000059127807617,-0.017347965389490128,1.9990712404251099,-0.14350667595863342,-0.008582789450883865,-0.09325134754180908,0.3470076322555542,-0.5985475778579712
0.0175219023779724,12.784118778892708,9.867513089085396,9.867513089085396,-4.067700452987403,-2.0001351833343506,0.018130600452423096,1.9984426498413086,0.006866484880447388,-0.008991274982690811,-1.083661437034607,0.34438571333885193,0.6664706468582153
0.0219023779724655,9.40726166713085,-2.2531159402364698,-2.2531159402364698,-6.72114279933882,-2.0000557899475098,-0.006691930815577507,1.9984726905822754,-0.01855858601629734,-0.013738228008151054,-0.6767090559005737,0.34730517864227295,-0.18680936098098755
0.0262828535669586,16.390026534788134,-4.5217341095541945,-4.5217341095541945,4.331386333528357,-2.0000851154327393,-0.05525690317153931,1.9983913898468018,-0.13073702156543732,-0.01670253649353981,-0.5462285280227661,0.3464868664741516,-1.8549249172210693
0.0306633291614518,6.125233606854444,17.28526095995409,17.28526095995409,0.8861344256948157,-2.0003271102905273,-0.011164393275976181,1.9978187084197998,0.05882750451564789,-0.019095277413725853,-0.8047677278518677,0.3383614122867584,-0.2879064083099365
0.0350438047559449,-5.440849964931803,-7.676002299670458,-7.676002299670458,-4.872083759412339,-2.000375986099243,-0.001268317922949791,1.9980764389038086,0.08686783909797668,-0.022620543837547302,-0.32586127519607544,0.33710023760795593,0.09370461106300354
0.039424280350438,6.785086572390931,26.000130205219733,26.000130205219733,3.946044435434157,-2.0003814697265625,-0.041532546281814575,1.9984569549560547,-0.10954776406288147,-0.02404797077178955,-0.4077445864677429,0.33751070499420166,-1.384376049041748
0.0438047559449311,13.01669515017115,-27.341670202375603,-27.341670202375603,-2.3595995404337313,-2.000563383102417,-0.007187586277723312,1.9979771375656128,-0.008532911539077759,-0.025834085419774055,0.2363046407699585,0.33144646883010864,-0.1351621150970459
0.0481852315394242,3.5511079890875212,-9.644558741266096,-9.644558741266096,-2.1646956262352375,-2.0005948543548584,-0.019599441438913345,1.9979397058486938,0.005538775585591793,-0.024798959493637085,-0.4932510256767273,0.3308543860912323,-0.5073888301849365
0.0525657071339173,-8.889320398453869,57.60355723245412,57.60355723245412,-2.9277129592855125,-2.000680685043335,-0.034447409212589264,1.9979640245437622,-0.05561348423361778,-0.026959633454680443,-0.7116867303848267,0.32863178849220276,-1.0330556631088257
0.0569461827284105,10.70678478733022,36.18667629235863,36.18667629235863,3.6556663926726394,-2.0008316040039062,-0.059924669563770294,1.9977203607559204,-0.23835250735282898,-0.03007715940475464,1.0560182332992554,0.32410651445388794,-2.044844388961792
0.0613266583229036,-5.554667770406335,23.065013647598313,23.065013647598313,0.7275248942728344,-2.001094102859497,-0.02702358365058899,1.9966762065887451,-0.11059917509555817,-0.0254512969404459,2.0060267448425293,0.31514912843704224,-0.789989709854126
0.0657071339173967,8.680269642949035,-31.13394276574923,-31.13394276574923,0.1461851443193516,-2.0012125968933105,-0.023775383830070496,1.9961917400360107,-0.18420295417308807,-0.016663946211338043,2.6583521366119385,0.3116886019706726,-0.7098082304000854
0.0700876095118898,16.51542894887717,-11.312173382160886,-11.312173382160886,0.9074530827546188,-2.001316785812378,-0.01854776032269001,1.9953848123550415,-0.1507875770330429,-0.005019099451601505,1.744873285293579,0.30857929587364197,-0.47646385431289673
0.0744680851063829,6.135539848642475,-12.656504421885664,-12.656504421885664,-5.529854341292323,-2.0013980865478516,-0.0031624380499124527,1.9947242736816406,-0.03409205377101898,0.002624275628477335,1.388021469116211,0.3064921498298645,0.14481115341186523
0.078848560700876,8.37288581730955,-59.09921471191958,-59.09921471191958,2.380215326092439,-2.0014119148254395,-0.038673073053359985,1.9945749044418335,-0.14879374206066132,0.008704470470547676,1.1799006462097168,0.3071264922618866,-1.260133981704712
0.0832290362953692,13.295693564022912,41.022514538902946,41.022514538902946,-0.5618317217610824,-2.0015814304351807,-0.015999462455511093,1.9939230680465698,-0.06800227612257004,0.013872995972633362,-0.615493655204773,0.30160650610923767,-0.40877437591552734
0.0876095118898623,16.917274815925346,1.8902556898466438,1.8902556898466438,-2.1495764917227698,-2.0016515254974365,-0.011164601892232895,1.9936251640319824,-0.011083163321018219,0.011176841333508492,0.5989011526107788,0.2998158931732178,-0.2666478157043457
0.0919899874843554,3.118799372023202,-14.399147307654767,-14.399147307654767,-3.473667317686709,-2.0017004013061523,-0.015325995162129402,1.9935766458511353,0.0409381166100502,0.01380031369626522,0.7168770432472229,0.29864785075187683,-0.4860198497772217
0.0963704630788485,12.387284951868143,9.871197412170355,9.871197412170355,4.5295788788858244,-2.001767635345459,-0.037176184356212616,1.9937559366226196,-0.05347544699907303,0.01694057695567608,0.397818386554718,0.29651886224746704,-1.3846006393432617
0.1007509386733416,4.862103692484501,28.82196750617621,28.82196750617621,0.47805935121275367,-2.0019304752349854,0.0027684569358825684,1.9935216903686523,0.1097584143280983,0.018683210015296936,0.5538105964660645,0.29045364260673523,0.15766000747680664
0.1051314142678347,19.045750228114677,14.200844565431588,14.200844565431588,-4.917676923043501,-2.001918315887451,0.00923290103673935,1.9940024614334106,0.11872050166130066,0.021109163761138916,1.3815425634384155,0.2911442816257477,0.4007546603679657
0.1095118898623279,-2.0711885683032607,-67.23259762462803,-67.23259762462803,1.986224416436389,-2.001877784729004,-0.010740550234913826,1.9945225715637207,0.1267213374376297,0.027160977944731712,1.939863920211792,0.2928997874259949,-0.540469765663147
0.113892365456821,-3.0159204188977737,49.387418368392495,49.387418368392495,-4.904320106690025,-2.001924753189087,0.0012924466282129288,1.9950777292251587,0.1107354611158371,0.03565850481390953,-0.08154511451721191,0.29053226113319397,-0.03339362144470215
0.1182728410513141,18.582878110345735,-39.30599134230274,-39.30599134230274,0.14281385037454053,-2.0019190311431885,-0.03399743139743805,1.9955627918243408,-0.06793871521949768,0.03530129790306091,1.5039457082748413,0.29038599133491516,-1.4695080518722534
0.1226533166458072,17.176062607344935,43.999684425767875,43.999684425767875,1.7451855325345935,-2.002068042755127,-0.0177697092294693,1.995265245437622,0.049638792872428894,0.04188929498195648,0.35191547870635986,0.2839488387107849,-1.0082335472106934
0.1270337922403003,5.474079698164481,-33.279906132091206,-33.279906132091206,-4.925319035365356,-2.002145767211914,0.008038824424147606,1.9954826831817627,0.19160306453704834,0.04343085363507271,1.5858807563781738,0.2795322835445404,-0.1307070255279541
0.1314142678347934,3.6665004873412648,-7.8684926415953775,-7.8684926415953775,6.638738404162077,-2.002110481262207,-0.01933053322136402,1.9963220357894897,0.08415607362985611,0.05037776380777359,0.7578368782997131,0.278959721326828,-1.3795344829559326
0.1357947434292866,13.999601498369998,-40.83618406643167,-40.83618406643167,-9.149714625119886,-2.002195119857788,0.02735353447496891,1.9966906309127808,0.22171267867088318,0.05369744822382927,0.33417975902557373,0.272916704416275,0.5555689334869385
0.1401752190237797,-3.3055362439328126,54.959899101065815,54.959899101065815,3.5256189607743997,-2.0020751953125,-0.01808260567486286,1.997661828994751,0.09118270874023438,0.05516131594777107,-0.5911656022071838,0.2753503620624542,-1.675827980041504
0.1445556946182728,4.222342024782146,-11.614815815723128,-11.614815815723128,1.3833991996135944,-2.0021543502807617,0.0024379994720220566,1.9980612993240356,0.0993618592619896,0.05257172882556915,0.9108784794807434,0.2680094242095947,-0.7682108283042908
0.1489361702127659,4.802923214190741,21.79557285246201,21.79557285246201,0.8402359462866995,-2.002143621444702,0.014862305484712124,1.9984965324401855,0.12350310385227203,0.05656180903315544,0.5312893986701965,0.2646442949771881,-0.2857356667518616
0.153316645807259,-4.840902138331646,-14.942813504005272,-14.942813504005272,2.0505521450784703,-2.0020785331726074,0.024271143600344658,1.999037504196167,0.14038781821727753,0.05888910964131355,1.143251657485962,0.2633926272392273,0.05872964859008789
0.1576971214017521,0.8580336196804419,-4.037498065060941,-4.037498065060941,5.6595500692821075,-2.001972198486328,0.03245759755373001,1.9996525049209595,0.10263174772262573,0.06389709562063217,0.646991491317749,0.2636498808860779,0.519490122795105
0.1620775969962453,-14.410140380985098,12.656928677319176,12.656928677319176,-8.513676723939447,-2.0018301010131836,0.06791852414608002,2.0001020431518555,0.1949964165687561,0.06673122942447662,0.36380693316459656,0.26592549681663513,2.11752986907959
0.1664580725907384,22.120056598680087,5.564645550972761,5.564645550972761,0.5066397224755067,-2.001532554626465,0.0033624619245529175,2.0009562969207764,-0.16350072622299194,0.06832487881183624,0.9820556640625,0.27520129084587097,-0.5878174304962158
0.1708385481852315,-3.7291855979141513,-7.969711004625846,-7.969711004625846,-0.9785105375352248,-2.0015177726745605,0.028352906927466393,2.0002400875091553,-0.007127150893211365,0.0726267471909523,1.129765510559082,0.2726263701915741,0.06086236238479614
0.1752190237797246,8.455868120626825,37.261210316203325,37.261210316203325,-1.045719889020747,-2.0013935565948486,0.01843903586268425,2.000208854675293,-0.10388101637363434,0.07757565379142761,0.9256002902984619,0.2728929817676544,-0.297684907913208
0.1795994993742177,20.15802670913323,22.79759641199565,22.79759641199565,2.556952917318176,-2.001312732696533,0.020631093531847,1.9997538328170776,-0.09860625863075256,0.08163022249937057,2.0442841053009033,0.2715889811515808,-0.39489635825157166
0.1839799749687108,21.3928262867119,-40.166663126604575,-40.166663126604575,-0.40971294568150474,-2.0012223720550537,0.05816568806767464,1.9993219375610352,0.0874517410993576,0.09058515727519989,2.6353750228881836,0.2698591351509094,0.7821431159973145
0.188360450563204,7.349294503494697,-62.48227779580797,-62.48227779580797,2.0341987489852027,-2.000967502593994,0.07975997030735016,1.9997050762176514,0.21696054935455322,0.10212935507297516,1.4743460416793823,0.27328529953956604,1.1612457036972046
0.1927409261576971,-8.042689293377284,-38.666252637847975,-38.666252637847975,-0.200714849838444,-2.0006182193756104,0.1019439622759819,2.00065541267395,0.2821683883666992,0.10858768969774246,-0.40973961353302,0.2783721089363098,1.8982746601104736
0.1971214017521902,12.59615943900802,34.67899664713989,34.67899664713989,-5.421112959833738,-2.000171661376953,0.09183348715305328,2.0018913745880127,0.1660679578781128,0.10679283738136292,-1.533055305480957,0.2866874635219574,1.6565078496932983
0.2015018773466833,6.807792633361785,53.14202441996562,53.14202441996562,-6.777327845389373,-1.9997693300247192,0.07271440327167511,2.0026187896728516,0.10773010551929474,0.100077323615551,-0.36200499534606934,0.29394376277923584,0.43513429164886475
0.2058823529411764,12.691713086693733,31.691028921594487,31.691028921594487,6.499103789689358,-1.9994508028030396,0.0350995808839798,2.0030906200408936,-0.02960585057735443,0.09849157184362411,1.387830138206482,0.29584985971450806,-1.2983498573303223
0.2102628285356695,4.423303115430002,-35.71665151137212,-35.71665151137212,-2.645277870177272,-1.999297022819519,0.0955592691898346,2.0029609203338623,0.18047890067100525,0.10457092523574829,2.123514175415039,0.29016247391700745,0.8058035373687744
0.2146433041301627,11.219102495512239,-9.326085757731033,-9.326085757731033,-4.680509500770223,-1.9988784790039062,0.08357355743646622,2.003751516342163,0.11552203446626663,0.11387293040752411,1.157725214958191,0.29369229078292847,0.16998296976089478
0.2190237797246558,-6.208179844355238,35.06411511743588,35.06411511743588,4.742839432177899,-1.9985123872756958,0.06660763174295425,2.0042574405670166,0.06255973875522614,0.11894431710243225,1.022059679031372,0.29443690180778503,-0.8766024708747864
0.2234042553191489,1.9871359970286564,-36.62808206568698,-36.62808206568698,0.18720571223030358,-1.9982205629348755,0.09073887765407562,2.0045313835144043,0.07332256436347961,0.12342142313718796,1.9075369834899902,0.29059696197509766,0.3028048872947693
0.227784730913642,-1.6772924033733974,-1.0963659498187743,-1.0963659498187743,-0.8955948599133182,-1.9978231191635132,0.09476285427808762,2.004852533340454,0.051370181143283844,0.1317773461341858,0.832413911819458,0.2919234037399292,0.40093719959259033
0.2321652065081351,13.974180590107446,-30.171606654052706,-30.171606654052706,2.5177668205310453,-1.9974080324172974,0.08637265861034393,2.005077600479126,-0.025914892554283142,0.1354237198829651,0.8265507817268372,0.29367971420288086,0.11236581206321716
0.2365456821026282,-5.371156818316466,0.3979377247618876,0.3979377247618876,-2.935471271217547,-1.9970296621322632,0.12388776242733002,2.0049641132354736,0.10579144954681396,0.1390444040298462,-0.1280825138092041,0.29417192935943604,1.137947678565979
0.2409261576971214,3.4994917822802734,0.33487070085997905,0.33487070085997905,-1.4513026166048428,-1.996487021446228,0.09640880674123764,2.005427598953247,-0.04858033359050751,0.13848334550857544,-0.030736401677131653,0.29915669560432434,0.19493067264556885
0.2453066332916145,-2.3355344282920187,-2.6460156655702765,-2.6460156655702765,-2.216462341887919,-1.9960646629333496,0.09161870181560516,2.0052146911621094,-0.09448518604040146,0.13834869861602783,0.0214255228638649,0.3000105917453766,-0.1288434863090515
0.2496871088861076,4.6125382050716635,27.392070978954678,27.392070978954678,6.653758533288449,-1.9956632852554321,0.07278603315353394,2.004800796508789,-0.20682521164417267,0.13844254612922668,0.008881203830242157,0.2994461953639984,-0.8009939789772034
0.2540675844806007,20.63429393890492,25.132538444735783,25.132538444735783,-6.675508642151064,-1.9953444004058838,0.1258983016014099,2.003894805908203,-0.06187620759010315,0.13848145306110382,0.6145056486129761,0.2959374487400055,1.1613082885742188
0.2584480600750938,2.7315342063735577,-4.18368769000078,-4.18368769000078,3.260007346628024,-1.9947929382324219,0.11141316592693329,2.0036237239837646,-0.08020097017288208,0.14117327332496643,1.5434014797210693,0.30102452635765076,-0.22271275520324707
0.2628285356695869,8.99455103805054,-59.570676046365996,-59.570676046365996,-4.6713910865011306,-1.994304895401001,0.13821882009506226,2.003272294998169,-0.027130912989377975,0.14793410897254944,1.3260220289230347,0.30004894733428955,0.7496392726898193
0.2672090112640801,7.321117768486504,10.401537676176382,10.401537676176382,5.584041679554066,-1.9936994314193726,0.1200578361749649,2.0031535625457764,-0.09880436956882477,0.153742715716362,-0.27721107006073,0.30333271622657776,-0.3447359800338745
0.2715894868585732,4.065024807723654,-41.661871116362256,-41.661871116362256,-0.8554221087611799,-1.9931734800338745,0.17091605067253113,2.002720832824707,0.04488465189933777,0.15252840518951416,-0.13652491569519043,0.30182260274887085,1.3822094202041626
0.2759699624530663,10.506253478379408,29.52509490163545,29.52509490163545,-3.599986187247112,-1.9924248456954956,0.1720932424068451,2.002917528152466,0.01686815544962883,0.15193036198616028,-1.328202724456787,0.3078773319721222,1.2378652095794678
0.2803504380475594,11.579921486274234,12.63674638584318,12.63674638584318,0.36357126658008987,-1.9916709661483765,0.1638428121805191,2.0029914379119873,-0.018063656985759735,0.14611220359802246,-0.36084532737731934,0.3132997751235962,0.47715914249420166
0.2847309136420525,8.505849299586561,49.33909622136126,49.33909622136126,-8.08234633356012,-1.9909532070159912,0.18470455706119537,2.0029122829437256,0.0447104349732399,0.14453153312206268,-0.0024296939373016357,0.3153899610042572,0.846173882484436
0.2891113892365456,8.12364775758865,10.693007246338713,10.693007246338713,4.044250979226917,-1.99014413356781,0.13947297632694244,2.003108024597168,-0.1067003533244133,0.14452089369297028,1.674458384513855,0.3190965950489044,-1.2113674879074097
0.2934918648310388,0.08747661610640733,-30.1286971656526,-30.1286971656526,0.26236449589510746,-1.9895331859588623,0.18245400488376617,2.002640724182129,0.008641049265861511,0.15185581147670746,1.86862313747406,0.3137902319431305,0.10399448871612549
0.2978723404255319,-10.871620693389833,-54.71137503778399,-54.71137503778399,-5.7061712949689865,-1.9887340068817139,0.1844964325428009,2.002678632736206,-0.0277462899684906,0.16004127264022827,0.981107771396637,0.3142457902431488,0.17918583750724792
0.302252816020025,-0.11024416621411692,-37.429974564233646,-37.429974564233646,6.50056934001249,-1.9879257678985596,0.12509457767009735,2.0025570392608643,-0.28948715329170227,0.16433899104595184,-0.4499996304512024,0.3150307238101959,-1.6639273166656494
0.3066332916145181,10.94297267768929,-9.733435225058502,-9.733435225058502,1.2054122088668942,-1.9873777627944946,0.17308469116687775,2.001288890838623,-0.1888432502746582,0.1623677760362625,-1.7329108715057373,0.3077419400215149,0.14638996124267578
0.3110137672090112,16.152814912482512,21.583991880776555,21.583991880776555,-1.3512808617759267,-1.9866195917129517,0.19988691806793213,2.0004615783691406,-0.11267555505037308,0.15477679669857025,-2.0523598194122314,0.30838319659233093,0.7363267540931702
0.3153942428035043,-5.563996964600363,-24.72491894198642,-24.72491894198642,-4.885471908966373,-1.9857439994812012,0.21658511459827423,1.9999680519104004,-0.04967813193798065,0.14578647911548615,-1.3825771808624268,0.3116086721420288,0.7336102724075317
0.3197747183979975,8.542136550340508,-17.618513652444875,-17.618513652444875,3.6675783520020824,-1.9847952127456665,0.17297279834747314,1.9997504949569702,-0.2486380934715271,0.13973012566566467,-1.9619519710540771,0.3148222267627716,-0.7574632167816162
0.3241551939924906,4.809731500010976,38.22064094643815,38.22064094643815,1.9906733854116054,-1.9840375185012817,0.21284151077270508,1.9986613988876343,-0.1378737986087799,0.13113583624362946,-2.583573341369629,0.31150418519973755,0.46249401569366455
0.3285356695869837,27.45123026555416,-22.230376625656053,-22.230376625656053,-2.642725411838396,-1.983105182647705,0.23425984382629395,1.99805748462677,-0.09584252536296844,0.1198185533285141,-1.525543451309204,0.3135301172733307,1.1285512447357178
0.3329161451814768,2.1318056412540347,69.08568122681366,69.08568122681366,0.6242857190876238,-1.982079029083252,0.25381210446357727,1.9976376295089722,0.03403457999229431,0.11313594877719879,-2.097564935684204,0.3184736967086792,1.022910714149475
0.3372966207759699,4.147372959634731,-1.857580451537126,-1.857580451537126,-6.372929609054625,-1.9809671640396118,0.26164883375167847,1.9977867603302002,0.022843018174171448,0.10394761711359024,-0.09827518463134766,0.32295453548431396,1.245925784111023
0.341677096370463,0.9240086298650318,-29.82519432498313,-29.82519432498313,-5.342811428411102,-1.979820966720581,0.2201818823814392,1.9978867769241333,-0.12693257629871368,0.10351712256669998,0.03358733654022217,0.3284122943878174,-0.43646693229675293
0.3460575719649562,17.362508018648278,-32.004942109345414,-32.004942109345414,7.946891620814225,-1.9788564443588257,0.1810666024684906,1.9973307847976685,-0.28066056966781616,0.10366424918174744,-0.6813758611679077,0.3265003561973572,-1.9053531885147095
0.3504380475594493,-8.102574538968938,35.9373577823646,35.9373577823646,0.46925901982517126,-1.9780633449554443,0.26472923159599304,1.9961013793945312,-0.0010861754417419434,0.10067950189113617,-1.8480961322784424,0.3181540071964264,0.7077428102493286
0.3548185231539424,2.1946392212289876,21.695915450207597,21.695915450207597,-2.250770923590643,-1.9769036769866943,0.25804829597473145,1.9960966110229492,-0.10213983058929443,0.09258396178483963,-0.8123152256011963,0.32125425338745117,0.6531767249107361
0.3591989987484355,26.579867975463753,9.400829141158372,9.400829141158372,-1.7246064560032686,-1.9757733345031738,0.24422045052051544,1.9956492185592651,-0.1766732633113861,0.08902563154697418,-0.11299610137939453,0.32411548495292664,0.07558244466781616
0.3635794743429286,-11.91711277316637,-26.986212912867273,-26.986212912867273,-7.642255683309945,-1.9747035503387451,0.26329702138900757,1.9948753118515015,-0.03344942629337311,0.08853065222501755,0.21190190315246582,0.32444655895233154,0.20046114921569824
0.3679599499374217,19.05037999155202,-1.2371364065285833,-1.2371364065285833,5.226444495169423,-1.9735502004623413,0.1919211447238922,1.9947288036346436,-0.3468559980392456,0.0894588828086853,-0.35300302505493164,0.325324684381485,-2.202376127243042
0.3723404255319149,16.321123142232445,-33.43000688627884,-33.43000688627884,4.366328358496642,-1.9727095365524292,0.2557566463947296,1.9932093620300293,-0.11344048380851746,0.08791255950927734,-0.5417600870132446,0.3156772255897522,-0.3106961250305176
0.376720901126408,-7.737024020344849,-18.682283304726077,-18.682283304726077,-9.663445067856477,-1.971589207649231,0.30682480335235596,1.9927124977111816,0.07886110246181488,0.08553939312696457,-1.6455329656600952,0.3143162429332733,1.2796310186386108
0.3811013767209011,14.8195293139608,-15.512780337830485,-15.512780337830485,7.810385874925548,-1.970245122909546,0.22838585078716278,1.9930579662322998,-0.2451254278421402,0.07833117246627808,-1.9089115858078003,0.3199216425418854,-1.5919135808944702
0.3854818523153942,0.5791139789220168,21.755647384430844,21.755647384430844,3.1519709778812115,-1.9692447185516357,0.30347537994384766,1.991984248161316,0.010637864470481873,0.06996922940015793,-2.590022087097168,0.3129483163356781,0.9234870672225952
0.3898623279098873,12.635136152492557,34.26828281529368,34.26828281529368,-10.001160899793677,-1.9679152965545654,0.32712802290916443,1.9920308589935303,0.0427548848092556,0.058623701333999634,-2.0467357635498047,0.3169936239719391,1.8156797885894775
0.3942428035043804,21.096586972085625,-28.964803065242513,-28.964803065242513,-4.546323100563553,-1.9664822816848755,0.267643541097641,1.9922181367874146,-0.11648717522621155,0.049658022820949554,-0.7539277076721191,0.32494717836380005,-0.687124490737915
0.3986232790988736,12.01076056282979,15.585259960719695,15.585259960719695,2.7586625050202196,-1.9653098583221436,0.25352826714515686,1.9917079210281372,-0.08232409507036209,0.046355459839105606,-1.467024803161621,0.32193723320961,-1.4791607856750488
0.4030037546933667,-8.555395808353317,-10.466158476676936,-10.466158476676936,0.060655934364560626,-1.9641993045806885,0.28565841913223267,1.991347312927246,0.03725239634513855,0.03992919251322746,-1.0924475193023682,0.3154577910900116,-0.4389454126358032
0.4073842302878598,11.732648951097119,-8.824655143917575,-8.824655143917575,1.5633279578358859,-1.962947964668274,0.2788621485233307,1.9915105104446411,-0.07671692967414856,0.03514375165104866,-1.399863839149475,0.31353500485420227,-0.6149852871894836
0.4117647058823529,4.209839382844514,76.16310880585426,76.16310880585426,-2.1756985694789694,-1.961726427078247,0.2998932898044586,1.9911744594573975,0.014318719506263733,0.02901168167591095,-1.70322585105896,0.31084108352661133,0.08539289236068726
0.416145181476846,10.979453054590564,19.919329245039627,19.919329245039627,4.133911206950569,-1.9604127407073975,0.2875482439994812,1.9912371635437012,-0.04160644859075546,0.0215507410466671,0.5845155715942383,0.3112151324748993,-0.4265872836112976
0.4205256570713391,-12.12227547181395,-50.23867165477613,-50.23867165477613,-6.071793236793877,-1.959153175354004,0.3252027630805969,1.991054892539978,0.10044196993112564,0.024111196398735046,1.0454998016357422,0.309346467256546,0.9728859066963196
0.4249061326658322,5.394243132291353,57.629780101127956,57.629780101127956,5.224931625529346,-1.957728624343872,0.2732894718647003,1.99149489402771,-0.18069371581077576,0.02869098260998726,-0.24431300163269043,0.31360816955566406,-0.9930478930473328
0.4292866082603254,10.733245623118362,-53.861172911965035,-53.861172911965035,-1.7282964117737794,-1.9565315246582031,0.3155888319015503,1.9907033443450928,-0.06169484555721283,0.027620775625109673,1.2860747575759888,0.3092581331729889,0.5854070782661438
0.4336670838548185,5.993152908475125,15.805612862711332,15.805612862711332,-8.012864254052081,-1.9551490545272827,0.31153497099876404,1.9904330968856812,-0.0525190532207489,0.03325439617037773,-0.23637044429779053,0.3118225038051605,0.34507304430007935
0.4380475594493116,13.562693170389508,-8.728165191193101,-8.728165191193101,5.808732543614511,-1.9537843465805054,0.2587685286998749,1.9902030229568481,-0.22357286512851715,0.03221898153424263,0.45920461416244507,0.31333407759666443,-1.7544951438903809
0.4424280350438047,2.9591801809702747,53.853686844277355,53.853686844277355,-3.2003481001467,-1.952650785446167,0.31263017654418945,1.9892237186431885,-0.02271951735019684,0.034230515360832214,0.03468114137649536,0.3056485652923584,0.17083847522735596
0.4468085106382978,3.3279347338767424,-28.1717399573119,-28.1717399573119,-0.009993762899344394,-1.9512813091278076,0.29243338108062744,1.9891241788864136,-0.11218377947807312,0.03438243642449379,1.7008399963378906,0.3063969314098358,-0.654853880405426
0.4511889862327909,-0.7573427976160652,-13.405132607079267,-13.405132607079267,0.6499559009963465,-1.950000286102295,0.2951793670654297,1.9886327981948853,-0.12726521492004395,0.041832923889160156,0.8784276843070984,0.303528368473053,-0.5825096964836121
0.4555694618272841,0.9064204390053465,21.483925306234507,21.483925306234507,-2.0154411374930348,-1.9487072229385376,0.2992101311683655,1.9880753755569458,-0.16215044260025024,0.045680854469537735,0.46797454357147217,0.3009766936302185,-0.4183967113494873
0.4599499374217772,8.654223813214127,0.5657064897381697,0.5657064897381697,1.2919177970852709,-1.9473965167999268,0.2860557436943054,1.9873651266098022,-0.24257799983024597,0.04773080721497536,1.1542305946350098,0.29914391040802,-0.9599049687385559
0.4643304130162703,-5.273330090466462,-51.725110272762876,-51.725110272762876,1.095624353884166,-1.9461435079574585,0.302918016910553,1.9863024950027466,-0.18339022994041443,0.05278688669204712,1.1330229043960571,0.2949390709400177,-0.4031580090522766
0.4687108886107634,5.02709959483928,10.670344067477371,10.670344067477371,-3.7480381078408675,-1.9448165893554688,0.3056561052799225,1.9854991436004639,-0.24651575088500977,0.05775006487965584,-0.4095100164413452,0.29317304491996765,-0.21760018169879913
0.4730913642052565,7.783722041645707,26.827224966771436,26.827224966771436,4.863395492321238,-1.9434776306152344,0.28500059247016907,1.984419345855713,-0.33096131682395935,0.05595621466636658,0.01155245304107666,0.2922198474407196,-1.1482754945755005
0.4774718397997496,10.053884606604317,2.286909441710932,2.286909441710932,-4.534407969994774,-1.942229151725769,0.32549476623535156,1.9829695224761963,-0.19890771806240082,0.056006819009780884,0.6529659032821655,0.2871898412704468,0.3853875398635864
0.4818523153942428,13.503986579258871,-8.810677491755694,-8.810677491755694,7.575369299539081,-1.9408032894134521,0.30465060472488403,1.9820982217788696,-0.25850531458854675,0.05886711925268173,0.8521699905395508,0.28887802362442017,-0.6497924327850342
0.4862327909887359,-0.0027042281292173342,-12.83636216715162,-12.83636216715162,-1.9325107136194926,-1.9394687414169312,0.3680464029312134,1.9809658527374268,-0.0167599618434906,0.0626000314950943,0.37364545464515686,0.2860316336154938,1.7709853649139404
0.490613266583229,15.952967104149995,-17.477783469193025,-17.477783469193025,-6.612795944121216,-1.9378565549850464,0.35637208819389343,1.9808924198150635,-0.10353453457355499,0.06423677504062653,0.05521842837333679,0.2937893867492676,1.2319869995117188
0.4949937421777221,11.792669703900499,-3.44594379508831,-3.44594379508831,1.3980081315730828,-1.936295509338379,0.3277035057544708,1.9804389476776123,-0.15974460542201996,0.06447865813970566,-0.2620736360549927,0.2991860806941986,-0.24808979034423828
0.4993742177722152,6.415243148716336,-32.9210230403728,-32.9210230403728,-2.857582555572063,-1.9348599910736084,0.3491000235080719,1.9797391891479492,-0.07148123532533646,0.06333065032958984,-0.40353238582611084,0.2980993390083313,0.4106002449989319
0.5037546933667083,12.597034954683991,-21.930016444979593,-21.930016444979593,-1.9543090477419907,-1.933330774307251,0.33580097556114197,1.9794260263442993,-0.12412308901548386,0.06156298518180847,-1.281480073928833,0.2998979687690735,-0.2400854229927063
0.5081351689612015,4.136125566453185,-14.8825160939425,-14.8825160939425,-5.023188872794662,-1.9318598508834839,0.3345722258090973,1.9788823127746582,-0.10412348806858063,0.05594949424266815,-1.8648340702056885,0.2988462746143341,-0.4982014298439026
0.5125156445556946,5.87893765823558,26.504102330216853,26.504102330216853,-1.369256851780969,-1.9303942918777466,0.3038651943206787,1.978426218032837,-0.22458690404891968,0.047780632972717285,-2.1527576446533203,0.29666391015052795,-1.8049674034118652
0.5168961201501877,2.7745034731652707,11.558428165875739,11.558428165875739,4.981920411086858,-1.9290632009506226,0.30078086256980896,1.9774423837661743,-0.24877434968948364,0.038350529968738556,-1.338767170906067,0.2887572944164276,-2.05328106880188
0.5212765957446808,22.58581108744916,20.527642932355977,20.527642932355977,2.3480634817610855,-1.9277455806732178,0.3377346694469452,1.9763526916503906,-0.15672582387924194,0.032486092299222946,-1.146712303161621,0.27976295351982117,-0.6009286642074585
0.5256570713391739,2.41870830910979,-10.009913665053915,-10.009913665053915,-5.926139623361163,-1.9262661933898926,0.36985328793525696,1.9756661653518677,0.04489721357822418,0.027462946251034737,-0.6158109307289124,0.2771306037902832,0.5671544075012207
0.5300375469336671,15.25357199499687,6.859104002008072,6.859104002008072,-5.029179058629591,-1.924646019935608,0.3336711525917053,1.9758628606796265,-0.1111668050289154,0.02476540207862854,-0.7350701093673706,0.27961501479148865,-1.0305899381637573
0.5344180225281602,15.199974989956171,59.41399520056977,59.41399520056977,4.623066651678432,-1.9231843948364258,0.31205490231513977,1.9753758907318115,-0.13807953894138336,0.021545445546507835,-0.38789454102516174,0.2751005291938782,-2.087160587310791
0.5387984981226532,10.65561247320374,-15.349053450817825,-15.349053450817825,0.7418899639000871,-1.921817421913147,0.35308510065078735,1.9747710227966309,0.05185195803642273,0.01984628289937973,1.2121742963790894,0.265957772731781,-0.453022837638855
0.5431789737171464,-14.988402097080646,46.057863125513244,46.057863125513244,4.240853245807181,-1.9202708005905151,0.36448633670806885,1.974998116493225,0.11620054394006729,0.025156183168292046,0.7422677278518677,0.26397332549095154,-0.0039077699184417725
0.5475594493116396,5.48518172294297,-7.488233827068999,-7.488233827068999,-5.60898138499146,-1.9186742305755615,0.3804260492324829,1.975507140159607,0.04173880070447922,0.028407668694853783,1.9634569883346558,0.263956218957901,0.8374534845352173
0.5519399249061326,9.183792574011976,-39.97972958806506,-39.97972958806506,-2.54747535528567,-1.9170078039169312,0.3501549959182739,1.9756900072097778,-0.08156570047140121,0.03700854629278183,1.9085768461227417,0.2676246762275696,-0.6017632484436035
0.5563204005006257,9.720506795280993,-8.813311135807057,-8.813311135807057,4.361303592636824,-1.9154739379882812,0.34141379594802856,1.9753327369689941,-0.10407383739948273,0.045369021594524384,0.8154363632202148,0.26498866081237793,-1.1026520729064941
0.5607008760951189,-3.7491591959003623,-15.679275164313214,-15.679275164313214,1.7937631326155863,-1.9139783382415771,0.37644580006599426,1.974876880645752,0.03416775166988373,0.04894101992249489,0.4306958317756653,0.260158509016037,0.3359776735305786
0.565081351689612,-6.451300288882771,-36.748044093805035,-36.748044093805035,-0.43405689537858916,-1.9123293161392212,0.38422203063964844,1.9750266075134277,-9.554997086524963e-05,0.050827670842409134,-0.07957226037979126,0.26163023710250854,0.7503015995025635
0.5694618272841051,2.599448042124629,5.066866583851136,5.066866583851136,-3.054847158208844,-1.9106462001800537,0.37639471888542175,1.9750261306762695,-0.10784459114074707,0.05047910660505295,-1.1400558948516846,0.26491692662239075,0.48139581084251404
0.5738423028785982,10.264172314804416,21.155359082252332,21.155359082252332,0.498649628577038,-1.9089974164962769,0.35991358757019043,1.9745537042617798,-0.19782857596874237,0.04548512026667595,-0.9028761386871338,0.2670256793498993,-0.3110071122646332
0.5782227784730913,-8.928398355579333,-33.08917788003972,-33.08917788003972,0.002281125406024098,-1.9074208736419678,0.3713431656360626,1.9736871719360352,-0.14225199818611145,0.04153009504079819,-0.2996346950531006,0.2656633257865906,0.0627448558807373
0.5826032540675845,4.350884575634231,69.7542602488773,69.7542602488773,-3.825531696035939,-1.9057942628860474,0.36438891291618347,1.9730640649795532,-0.26110607385635376,0.040217552334070206,-1.2660101652145386,0.2659381926059723,-0.14064587652683258
0.5869837296620776,4.580490516906432,-48.03013125203441,-48.03013125203441,-1.2596064514749803,-1.9041980504989624,0.34419137239456177,1.9719202518463135,-0.3535894751548767,0.03467182442545891,0.8827527761459351,0.26532208919525146,-1.1081181764602661
0.5913642052565706,9.052934282470664,-20.086035747339324,-20.086035747339324,3.7732411140499917,-1.9026902914047241,0.3402465581893921,1.9703713655471802,-0.3862183392047882,0.038538701832294464,-0.4830946922302246,0.2604680061340332,-1.3548827171325684
0.5957446808510638,-1.7798137870361463,68.72774724843602,68.72774724843602,-2.253643256581208,-1.9011998176574707,0.3704765737056732,1.9686795473098755,-0.26688069105148315,0.03642251715064049,-1.179861307144165,0.25453296303749084,-0.09562909603118896
0.600125156445557,16.122372441530317,-23.65440784161386,-23.65440784161386,1.7745845082513325,-1.8995769023895264,0.3558867573738098,1.967510461807251,-0.376125693321228,0.03125416487455368,0.8930203914642334,0.2541140615940094,-0.7648491859436035
0.60450563204005,13.42683335025237,-14.071636677335883,-14.071636677335883,-8.356434058388205,-1.8980180025100708,0.3776909410953522,1.9658628702163696,-0.2416401505470276,0.03516601771116257,0.1504131555557251,0.2507636547088623,0.09857136011123657
0.6088861076345431,7.933669586937584,40.238736721317224,40.238736721317224,7.371669773646871,-1.8963634967803955,0.33864766359329224,1.9648044109344482,-0.3599853813648224,0.03582489863038063,-0.016488879919052124,0.25119543075561523,-1.9244534969329834
0.6132665832290363,-4.959179347418337,28.682824414034286,28.682824414034286,-1.6348396941363181,-1.8948800563812256,0.3885999917984009,1.9632275104522705,-0.16837425529956818,0.03575266897678375,0.943333625793457,0.242765411734581,0.3130009174346924
0.6176470588235294,5.214772388809451,-2.194601276071754,-2.194601276071754,-4.9504772537456345,-1.8931777477264404,0.37594592571258545,1.9624899625778198,-0.2908216714859009,0.03988491743803024,1.8287055492401123,0.2441364973783493,-0.2566715478897095
0.6220275344180225,2.1336834295573386,29.674512922565683,29.674512922565683,4.888296170455741,-1.8915308713912964,0.35173895955085754,1.9612159729003906,-0.4019385874271393,0.04789551720023155,1.9091858863830566,0.24301216006278992,-1.5175737142562866
0.6264080100125156,2.965199097128547,20.687524513285926,20.687524513285926,-3.766829084243073,-1.8899900913238525,0.38180288672447205,1.9594552516937256,-0.3157208561897278,0.056258659809827805,2.6330220699310303,0.2363644689321518,-0.10527122020721436
0.6307884856070087,29.366001930139422,-30.16151303548371,-30.16151303548371,3.7219285263541946,-1.888317584991455,0.3635885715484619,1.9580721855163574,-0.41922998428344727,0.06779254972934723,3.3471667766571045,0.23590333759784698,-1.0873870849609375
0.6351689612015019,11.581010203266285,23.445715286447285,23.445715286447285,0.22178193859803175,-1.8867249488830566,0.41097205877304077,1.9562357664108276,-0.12698963284492493,0.08245473355054855,2.3576629161834717,0.23114006221294403,0.6291491985321045
0.639549436795995,-13.023074736073578,14.684017849773262,14.684017849773262,-7.839116975778171,-1.8849246501922607,0.4238228499889374,1.9556795358657837,-0.06613963097333908,0.09278242290019989,3.0358753204345703,0.23389603197574615,0.9594368934631348
0.643929912390488,8.844190095418663,-19.419964924790715,-19.419964924790715,3.872275782026888,-1.8830680847167969,0.36765050888061523,1.9553898572921753,-0.39894959330558777,0.10608100146055222,3.69362211227417,0.23809881508350372,-1.5289247035980225
0.6483103879849812,8.820273175558256,14.055173308468246,14.055173308468246,-1.2894205539703592,-1.8814575672149658,0.40019962191581726,1.9536422491073608,-0.27859896421432495,0.12226082384586334,3.0134148597717285,0.23140139877796173,-0.24354493618011475
0.6526908635794744,5.341981086102553,7.982840424347589,7.982840424347589,-6.348621334996993,-1.879704475402832,0.4044119119644165,1.9524219036102295,-0.27590128779411316,0.1354610174894333,3.4615256786346436,0.2303345501422882,-0.39764028787612915
0.6570713391739674,8.628796039271807,-76.93585123643658,-76.93585123643658,2.4387182989529705,-1.8779329061508179,0.3776918947696686,1.9512133598327637,-0.4183187484741211,0.1506241410970688,3.880049705505371,0.22859269380569458,-2.0434963703155518
0.6614518147684605,-0.6712277477648572,30.56785915829889,30.56785915829889,4.105625745506462,-1.8762784004211426,0.4046012759208679,1.949380874633789,-0.33267056941986084,0.16762059926986694,1.5620603561401367,0.21964120864868164,-1.1617645025253296
0.6658322903629537,15.341313812757893,-71.58929945342828,-71.58929945342828,4.288380591879367,-1.8745059967041016,0.4250187873840332,1.9479236602783203,-0.28753119707107544,0.1744631677865982,2.33484148979187,0.2145521342754364,-0.03250277042388916
0.6702127659574468,-9.91008319108677,22.256535213095162,22.256535213095162,-7.7974903796823885,-1.8726441860198975,0.4705752432346344,1.9466640949249268,-0.10221557319164276,0.18469087779521942,0.1189727783203125,0.2144097536802292,1.5227123498916626
0.6745932415519399,10.912300210785423,26.01744484641564,26.01744484641564,0.9674116041788595,-1.8705828189849854,0.4162571430206299,1.946216344833374,-0.4078572392463684,0.18521203100681305,0.9966456294059753,0.2210799604654312,-0.8840104341506958
0.678973717146433,0.37063665997157,-30.85638145447916,-30.85638145447916,-0.7240455339805303,-1.8687593936920166,0.43959835171699524,1.9444297552108765,-0.33640918135643005,0.18957781791687012,1.728186011314392,0.21720758080482483,-0.35862499475479126
0.6833541927409261,0.8795728367870215,-7.518285994943226,-7.518285994943226,-1.4909860113541051,-1.8668336868286133,0.43660974502563477,1.9429560899734497,-0.39282721281051636,0.19714809954166412,0.8482262492179871,0.21563662588596344,-0.5518624782562256
0.6877346683354193,3.610625800747322,-0.14811789061000447,-0.14811789061000447,-0.8623407084376783,-1.8649210929870605,0.43075963854789734,1.9412353038787842,-0.4625253677368164,0.20086373388767242,0.6722099781036377,0.21321921050548553,-0.947055459022522
0.6921151439299124,24.080533689951316,1.9867086864903265,1.9867086864903265,3.349424576097269,-1.8630341291427612,0.43310609459877014,1.939209222793579,-0.49481719732284546,0.20380833745002747,0.6930675506591797,0.20907065272331238,-1.1029257774353027
0.6964956195244054,-3.3283588470522067,40.92516352101515,40.92516352101515,-8.24711480750742,-1.8611369132995605,0.49212896823883057,1.9370416402816772,-0.2576974630355835,0.206844300031662,0.6532719135284424,0.20423930883407593,0.39554262161254883
0.7008760951188986,5.5137874176795805,22.15791128111381,22.15791128111381,1.3228428334544002,-1.8589811325073242,0.44710084795951843,1.935912847518921,-0.5180627107620239,0.20970594882965088,2.0892584323883057,0.20597197115421295,-1.9824130535125732
0.7052565707133918,-7.400290413091718,-35.10331682877337,-35.10331682877337,2.0877325832154887,-1.8570226430892944,0.46472060680389404,1.9336434602737427,-0.48444828391075134,0.21885789930820465,2.6977086067199707,0.19728806614875793,-1.484270453453064
0.7096370463078848,23.285505201456683,28.158342446676283,28.158342446676283,-5.68653019034352,-1.8549869060516357,0.4615541994571686,1.9315212965011597,-0.5419784784317017,0.23067514598369598,1.61161208152771,0.19078625738620758,-1.0754512548446655
0.7140175219023779,24.668061827310886,15.192306900855916,15.192306900855916,5.467295383333262,-1.8529651165008545,0.48083171248435974,1.9291471242904663,-0.5199821591377258,0.23773477971553802,2.599989652633667,0.18607527017593384,-2.1159801483154297
0.718397997496871,-8.254563975026556,-48.88823134688503,-48.88823134688503,-5.507813722446848,-1.8508588075637817,0.5538099408149719,1.9268693923950195,-0.23004019260406494,0.2491239756345749,2.88399076461792,0.1768062710762024,-0.013875484466552734
0.7227784730913642,5.701741672365967,15.36288317211465,15.36288317211465,-0.0641362889709739,-1.8484328985214233,0.5147035121917725,1.9258617162704468,-0.4693112373352051,0.2617572247982025,1.61714506149292,0.1767454892396927,-1.7428510189056396
0.7271589486858573,6.177159033355849,20.418219177647078,20.418219177647078,1.380093388085593,-1.8461782932281494,0.5273303389549255,1.9238059520721436,-0.46627894043922424,0.26884108781814575,2.0676629543304443,0.169110968708992,-1.6275842189788818
0.7315394242803503,18.91606932761692,13.475314942682742,13.475314942682742,1.2093367872422047,-1.843868374824524,0.5466962456703186,1.9217634201049805,-0.4259506165981293,0.2778984308242798,2.6236367225646973,0.16198137402534485,-1.0986461639404297
0.7359198998748435,10.227998810868879,8.284703172657695,8.284703172657695,5.906894984404757,-1.8414735794067383,0.5922215580940247,1.9198975563049316,-0.28339827060699463,0.2893912196159363,2.981842279434204,0.15716877579689026,-0.32101380825042725
0.7403003754693367,-11.085472895228381,-33.85269690204673,-33.85269690204673,-9.145893825952356,-1.8388793468475342,0.6364853978157043,1.9186561107635498,-0.10465525090694427,0.30245310068130493,3.0512819290161133,0.15576258301734924,1.5639230012893677
0.7446808510638298,9.957846152229749,-47.125822804111834,-47.125822804111834,-0.5535363968490905,-1.8360912799835205,0.5787876844406128,1.9181976318359375,-0.45131975412368774,0.3158191740512848,2.3297648429870605,0.16261330246925354,-1.2437018156051636
0.7490613266583228,0.7902833240388052,-19.38824829719443,-19.38824829719443,-1.5293164288645045,-1.8335559368133545,0.6009775400161743,1.9162206649780273,-0.425044447183609,0.3260246515274048,0.9697065353393555,0.1571653038263321,-1.1674162149429321
0.753441802252816,12.471181574475267,-10.935898712016243,-10.935898712016243,-1.7899528517349808,-1.830923318862915,0.5977880954742432,1.9143587350845337,-0.4969977140426636,0.3302724361419678,0.4481690526008606,0.15205146372318268,-1.5756514072418213
0.7578222778473092,8.04364047375424,-29.063743758589325,-29.063743758589325,4.798638292872944,-1.8283047676086426,0.622923731803894,1.9121816158294678,-0.4791429340839386,0.3322356343269348,0.18107843399047852,0.145149365067482,-1.7871655225753784
0.7622027534418022,10.174170571329473,5.767181010572752,5.767181010572752,-1.8535679050373854,-1.8255760669708252,0.6600717306137085,1.9100826978683472,-0.34497493505477905,0.3330288529396057,-0.8078104257583618,0.13732072710990906,-0.2636915445327759
0.7665832290362953,13.035513265144335,-39.36881327545952,-39.36881327545952,-3.895020798820219,-1.822684645652771,0.678983211517334,1.9085716009140015,-0.34750157594680786,0.3294902443885803,-0.5852603912353516,0.13616563379764557,-0.5467056035995483
0.7709637046307884,7.987566478359113,24.087459522754866,24.087459522754866,4.661555019057382,-1.819710373878479,0.698199450969696,1.9070494174957275,-0.37385639548301697,0.3269265294075012,-1.621207594871521,0.13377080857753754,-1.3331140279769897
0.7753441802252816,-6.608550246128131,36.892668322325235,36.892668322325235,-4.030169220178121,-1.8166519403457642,0.7325553894042969,1.905411720275879,-0.24297422170639038,0.31982487440109253,-1.0539095401763916,0.1279311329126358,0.15062415599822998
0.7797246558197747,-3.7410997991979764,-28.140527634228143,-28.140527634228143,-4.1114973292525985,-1.8134429454803467,0.7050502300262451,1.9043474197387695,-0.43407151103019714,0.3152082562446594,0.1411670446395874,0.12859094142913818,-1.1253513097763062
0.7841051314142677,31.812700965209398,-8.94460235563501,-8.94460235563501,-2.3669163207862005,-1.810354471206665,0.6845055222511292,1.9024460315704346,-0.6035319566726685,0.3158266246318817,-0.5605568289756775,0.12366136908531189,-2.358121633529663
0.7884856070087609,3.3077089135734945,39.78592432579279,39.78592432579279,7.404015964037732,-1.8073559999465942,0.7530624866485596,1.899802327156067,-0.43945756554603577,0.31337112188339233,-0.7526460886001587,0.11333167552947998,-2.2863128185272217
0.7928660826032541,-5.623439744340908,36.39210434528105,36.39210434528105,0.5946267888767529,-1.804057240486145,0.7821094989776611,1.8978773355484009,-0.28293541073799133,0.31007418036460876,0.19300830364227295,0.1033165380358696,-0.1455094814300537
0.7972465581977471,-4.033072322570533,8.222604604269302,8.222604604269302,-2.3344898753517698,-1.8006312847137451,0.7710134983062744,1.8966379165649414,-0.3584808111190796,0.3109196424484253,1.238408088684082,0.10267914086580276,-0.10867393761873245
0.8016270337922402,6.386331406476007,25.509077766443816,25.509077766443816,-3.5208162210026255,-1.7972538471221924,0.7563987970352173,1.895067572593689,-0.48917412757873535,0.3163444697856903,1.5467087030410767,0.10220310091972351,-0.8521977663040161
0.8060075093867334,3.706349597511534,14.253133799442116,14.253133799442116,3.3356950773847958,-1.7939404249191284,0.7627261281013489,1.8929247856140137,-0.5616291761398315,0.32311978936195374,2.3944735527038574,0.09847006946802139,-1.687817096710205
0.8103879849812266,15.306376133105557,-40.040416439184234,-40.040416439184234,6.908235419793976,-1.7905993461608887,0.7799902558326721,1.8904645442962646,-0.49642252922058105,0.3336087167263031,2.7132973670959473,0.09107662737369537,-0.6728764772415161
0.8147684605757196,16.704029204343335,27.06887460017772,27.06887460017772,-5.0997522946707114,-1.7871825695037842,0.8309114575386047,1.8882899284362793,-0.25274133682250977,0.34549424052238464,1.3422478437423706,0.08812911063432693,1.6019314527511597
0.8191489361702127,12.306707549778633,-76.20924284561544,-76.20924284561544,-0.5238229756889816,-1.7835427522659302,0.8617931604385376,1.8871828317642212,-0.27853187918663025,0.35137391090393066,2.2816739082336426,0.09514633566141129,0.558327317237854
0.8235294117647058,8.188620395072276,-20.54079051172336,-20.54079051172336,-1.6813389193564847,-1.779767632484436,0.8911678194999695,1.885962724685669,-0.23346996307373047,0.36136871576309204,0.07141971588134766,0.0975920781493187,0.691268265247345
0.827909887359199,6.2663742238551965,15.387643214792073,15.387643214792073,-1.2215246875285573,-1.7758638858795166,0.9082940816879272,1.8849400281906128,-0.24918818473815918,0.36168158054351807,-0.4793360233306885,0.10062016546726227,0.4076625108718872
0.8322903629536921,1.4651521032147272,-8.539257004393269,-8.539257004393269,-1.9683370585253495,-1.7718851566314697,0.9214383959770203,1.8838484287261963,-0.2697690725326538,0.359581857919693,0.005704313516616821,0.10240592062473297,0.2088979333639145
0.8366708385481851,15.26041081247057,-4.3693847480885175,-4.3693847480885175,1.9703087948026337,-1.7678488492965698,0.9204558730125427,1.8826667070388794,-0.34672823548316956,0.3596068322658539,-0.18618738651275635,0.10332099348306656,-0.3068193793296814
0.8410513141426783,-3.0875161981850505,7.679819939291453,7.679819939291453,-1.2449942219586472,-1.7638168334960938,0.9640032052993774,1.881147861480713,-0.21975433826446533,0.3587912321090698,-0.3713265359401703,0.10197697579860687,0.5886450409889221
0.8454317897371715,14.23043258094456,0.6476885633877969,0.6476885633877969,3.0795138997627207,-1.7595940828323364,0.9533432722091675,1.8801852464675903,-0.3168652057647705,0.3571646511554718,-0.11069366335868835,0.10455551743507385,0.1714513599872589
0.8498122653316645,-4.114197742210073,7.15241485275572,7.15241485275572,-14.190609432539242,-1.7554179430007935,0.99684077501297,1.878797173500061,-0.1723063886165619,0.356679767370224,-0.18171066045761108,0.10530655831098557,1.3532063961029053
0.8541927409261576,2.95893713218012,-46.943710357606484,-46.943710357606484,6.6717567511813485,-1.7510513067245483,0.9521629810333252,1.8780423402786255,-0.5795737504959106,0.35588377714157104,0.4415733814239502,0.11123424768447876,-2.697652578353882
0.8585732165206508,14.846549294773098,10.17233472779562,10.17233472779562,-3.2965748315525047,-1.7468804121017456,0.9796744585037231,1.8755035400390625,-0.44335538148880005,0.357818067073822,-1.1241682767868042,0.09941724687814713,-0.7697546482086182
0.8629536921151439,9.271735070980558,24.381775428760964,24.381775428760964,-0.7403658549345005,-1.742588996887207,1.009644865989685,1.8735613822937012,-0.4425211548805237,0.3528936803340912,-0.7308334112167358,0.0960453525185585,-1.352683663368225
0.867334167709637,-5.06398466033726,9.313167017097378,9.313167017097378,1.574726524913417,-1.7381662130355835,1.0316780805587769,1.871622920036316,-0.4273274540901184,0.34969228506088257,0.0028127431869506836,0.09011995792388916,-1.348976731300354
0.8717146433041301,1.8692502169087675,39.67518731247555,39.67518731247555,0.7818652640702743,-1.7336469888687134,1.0232491493225098,1.8697509765625,-0.4748755097389221,0.3497045934200287,0.2287997305393219,0.08421079814434052,-1.0245307683944702
0.8760951188986232,1.5362348568520838,-21.180765585229498,-21.180765585229498,-1.0048359799007582,-1.729164719581604,1.029737949371338,1.8676707744598389,-0.4843890070915222,0.3507068455219269,1.3646079301834106,0.07972286641597748,-0.7642090916633606
0.8804755944931164,8.275189768552687,-58.924918691107464,-58.924918691107464,1.8725693383378275,-1.724653959274292,1.0318225622177124,1.8655489683151245,-0.5383439064025879,0.35668447613716125,0.7754067778587341,0.07637526839971542,-1.0097447633743286
0.8848560700876095,1.1197894282079233,39.81351470649923,39.81351470649923,1.2527602026273352,-1.7201341390609741,1.0559765100479126,1.863190770149231,-0.4703432619571686,0.36008113622665405,-1.000072717666626,0.07195210456848145,-0.30114316940307617
0.8892365456821025,5.3129583060695245,41.60758528751679,41.60758528751679,-0.22598722206950272,-1.7155084609985352,1.0608993768692017,1.8611304759979248,-0.4749463200569153,0.3557003438472748,0.126023530960083,0.07063295692205429,0.07338863611221313
0.8936170212765957,1.4884476691786777,-7.002795942538586,-7.002795942538586,-2.4019944652903207,-1.7108612060546875,1.0735536813735962,1.8590500354766846,-0.48002877831459045,0.35625237226486206,1.3476964235305786,0.07095443457365036,0.12986363470554352
0.8979974968710889,9.494338039384761,26.44291719283542,26.44291719283542,5.836502667143474,-1.7061585187911987,1.0732240676879883,1.8569473028182983,-0.5670641660690308,0.3621559143066406,1.2133383750915527,0.07152330130338669,-0.5065264105796814
0.902377972465582,26.02222037690688,-35.30262547193469,-35.30262547193469,2.80090292750596,-1.7014572620391846,1.1067677736282349,1.8544633388519287,-0.39662104845046997,0.367470920085907,1.8151110410690308,0.06930447369813919,1.3343443870544434
0.906758448060075,-6.36832772352761,-59.13238629710198,-59.13238629710198,-11.616777661667516,-1.6966091394424438,1.177596926689148,1.8527259826660156,-0.16360023617744446,0.3754219710826874,0.7023673057556152,0.0751495361328125,2.6984472274780273
0.9111389236545682,-4.181261391069,50.67980752295019,50.67980752295019,-4.165372694656143,-1.6914507150650024,1.1433836221694946,1.8520092964172363,-0.5296679139137268,0.3784986734390259,-0.6852391958236694,0.0869700163602829,-0.6838078498840332
0.9155193992490612,8.648541852348748,11.676849205091564,11.676849205091564,1.2299905605871368,-1.6864421367645264,1.1241040229797363,1.8496891260147095,-0.703637421131134,0.3754970133304596,0.9164139032363892,0.08397461473941803,-1.9393067359924316
0.9198998748435544,21.307683167966736,-21.37927409819939,-21.37927409819939,6.401809923454072,-1.6815180778503418,1.1503852605819702,1.8466068506240845,-0.6481761336326599,0.37951135635375977,1.221495270729065,0.07547952979803085,-1.4021389484405518
0.9242803504380476,7.648223671588813,36.073141452977346,36.073141452977346,-8.08096431884613,-1.6764788627624512,1.2179921865463257,1.843767523765564,-0.3698970675468445,0.38486209511756897,0.4101995825767517,0.06933749467134476,0.8596899509429932
0.9286608260325406,10.007720733732953,-25.992635791784966,-25.992635791784966,2.4044730447217058,-1.6711435317993164,1.2252494096755981,1.8421472311019897,-0.5403537154197693,0.3866589665412903,1.6996393203735352,0.07310334593057632,-1.223513126373291
0.9330413016270338,-3.9122580532824074,-9.689982012191491,-9.689982012191491,-4.975985592605249,-1.6657763719558716,1.2564083337783813,1.8397802114486694,-0.4467546045780182,0.3941041827201843,0.8703537583351135,0.06774377822875977,-0.3298346996307373
0.9374217772215268,5.454674920809547,-0.960333297466473,-0.960333297466473,1.898183279003438,-1.6602727174758911,1.2380588054656982,1.8378232717514038,-0.6374189853668213,0.3979167342185974,0.7326900959014893,0.0662989467382431,-1.8043864965438843
0.94180225281602,12.669315282882451,-27.576364134672094,-27.576364134672094,-2.4528600198464705,-1.6548494100570679,1.2569465637207031,1.8350310325622559,-0.5924668312072754,0.40112626552581787,0.6492123603820801,0.05839487537741661,-1.1541435718536377
0.9461827284105132,-11.905194074459748,40.867406509936195,40.867406509936195,1.394428720452967,-1.6493433713912964,1.2883847951889038,1.8324357271194458,-0.5917473435401917,0.4039701223373413,-0.0844736099243164,0.05333917587995529,-1.5585249662399292
0.9505632040050064,12.66060920243701,-36.47963123457759,-36.47963123457759,4.584444191125896,-1.6436996459960938,1.258692741394043,1.8298436403274536,-0.6970005035400391,0.4036000967025757,1.0682624578475952,0.046512097120285034,-1.4317011833190918
0.9549436795994992,19.546121012218258,-7.101178813022846,-7.101178813022846,-0.22262352435972477,-1.638185977935791,1.2986301183700562,1.826790452003479,-0.5318225622177124,0.4082795977592468,-0.13093876838684082,0.040240563452243805,0.12482082843780518
0.9593241551939924,3.2103443740363495,43.840944485794054,43.840944485794054,-1.7218545240036511,-1.6324973106384277,1.3515342473983765,1.8244608640670776,-0.4246867895126343,0.40770602226257324,-0.33181440830230713,0.040787339210510254,0.4901740252971649
0.9637046307884856,6.824425477603443,26.86318844499501,26.86318844499501,-2.726911960553523,-1.6265769004821777,1.358691930770874,1.8226004838943481,-0.48246753215789795,0.40625250339508057,0.9987637996673584,0.04293453320860863,0.08021977543830872
0.9680851063829788,-1.4326868551016991,-51.65830325949053,-51.65830325949053,-2.4482053082495248,-1.6206251382827759,1.374443769454956,1.8204870223999023,-0.5350061058998108,0.4106275737285614,1.8628885746002197,0.04328593239188194,-0.5307507514953613
0.9724655819774718,18.761262005410792,33.939154933493285,33.939154933493285,-0.3920341231828524,-1.6146044731140137,1.368143081665039,1.8181434869766235,-0.6466858386993408,0.4187878966331482,0.42579758167266846,0.04096098989248276,-1.244842290878296
0.9768460575719649,-0.7771051809653668,-33.47012559651296,-33.47012559651296,3.147149980840484,-1.6086113452911377,1.4205337762832642,1.8153107166290283,-0.5504372715950012,0.4206531047821045,1.4283771514892578,0.035507988184690475,-0.9454656839370728
0.981226533166458,0.2011333281050618,33.153483892627186,33.153483892627186,-5.61323341607162,-1.6023887395858765,1.4213182926177979,1.8128995895385742,-0.5258460640907288,0.42691007256507874,0.3590366840362549,0.03136640042066574,-0.08467119932174683
0.9856070087609512,1.1558277346462056,18.92515828317647,18.92515828317647,3.894688558789789,-1.5961626768112183,1.4177608489990234,1.8105961084365845,-0.6987309455871582,0.4284828305244446,1.4911476373672485,0.030995499342679977,-1.6457335948944092
0.9899874843554444,-2.2679851522459566,13.947037133448386,13.947037133448386,4.089002482965213,-1.5899522304534912,1.4248484373092651,1.8075352907180786,-0.6413983702659607,0.4350147545337677,1.9300849437713623,0.023786403238773346,-0.5346090793609619
0.9943679599499372,-3.2215635906282882,-34.07267431381485,-34.07267431381485,-1.1792850788636027,-1.5837106704711914,1.4207727909088135,1.8047256469726562,-0.606349766254425,0.44346943497657776,2.217970848083496,0.02144456095993519,0.5570027828216553
0.9987484355444304,11.636001930275693,-23.070282857567047,-23.070282857567047,-0.4375493103445228,-1.5774869918823242,1.4109678268432617,1.8020695447921753,-0.7021178603172302,0.45318520069122314,1.2573795318603516,0.023884497582912445,0.15924382209777832
1.0031289111389237,2.6853385280337934,-62.02802404502959,-62.02802404502959,-0.6428406579822538,-1.5713062286376953,1.445146083831787,1.7989939451217651,-0.6648639440536499,0.45869311690330505,0.5964319705963135,0.024582061916589737,0.2851940989494324
1.0075093867334166,12.824973598468155,37.89632675347613,37.89632675347613,2.373798051017306,-1.5649758577346802,1.4528391361236572,1.79608154296875,-0.70207279920578,0.46130576729774475,-1.1962100267410278,0.025831347331404686,0.16301964223384857
1.0118898623279098,19.03014950189984,-52.420434484839596,-52.420434484839596,-1.5232118340002165,-1.5586117506027222,1.4928812980651855,1.793006181716919,-0.5900762677192688,0.4560658037662506,-0.15883958339691162,0.026545450091362,1.0975558757781982
1.016270337922403,-12.796758102011204,48.04986997839065,48.04986997839065,-8.135332930267413,-1.5520721673965454,1.5490777492523193,1.7904213666915894,-0.5209404826164246,0.4553700089454651,-1.6451998949050903,0.031353265047073364,1.078272819519043
1.020650813516896,15.418443947396582,-4.832902205820176,-4.832902205820176,3.2570268193350214,-1.5452864170074463,1.5053414106369019,1.7881393432617188,-0.8539793491363525,0.448163241147995,-0.004413723945617676,0.036076612770557404,-1.4638664722442627
1.0250312891113893,18.67982846752715,-33.77177209664321,-33.77177209664321,1.2887241108462144,-1.5386923551559448,1.5543639659881592,1.7843985557556152,-0.7003747224807739,0.4481438994407654,-0.2406652867794037,0.029664181172847748,-0.22442901134490967
1.0294117647058822,5.408020023359754,-5.653180788830899,-5.653180788830899,-0.8869944676497369,-1.5318834781646729,1.6101583242416382,1.7813305854797363,-0.5674747228622437,0.44708967208862305,-1.2645429372787476,0.0286810752004385,0.5350013375282288
1.0337922403003754,17.918519969207452,-7.0487683146435325,-7.0487683146435325,-4.367173196898569,-1.5248302221298218,1.6255121231079102,1.7788448333740234,-0.589037299156189,0.4415503740310669,-1.4037306308746338,0.031024634838104248,0.4034547805786133
1.0381727158948686,-8.153857191592843,-35.703775888484365,-35.703775888484365,-6.450243286025834,-1.517709732055664,1.674377679824829,1.7762645483016968,-0.5941244959831238,0.43540138006210327,-1.4820417165756226,0.03279195725917816,-0.42938363552093506
1.0425531914893615,14.146187206451245,24.872630270307734,24.872630270307734,2.137834781357409,-1.5103751420974731,1.6461095809936523,1.7736619710922241,-0.8521835803985596,0.4289093315601349,-2.3363375663757324,0.030911052599549294,-2.4040474891662598
1.0469336670838547,16.216720325084623,8.153969760441797,8.153969760441797,2.058566094380912,-1.5031644105911255,1.689743995666504,1.769929051399231,-0.733820915222168,0.4186750650405884,-1.6724095344543457,0.020380180329084396,-1.502211093902588
1.051314142678348,3.7796243615469693,-18.02793185435294,-18.02793185435294,1.2515197140670797,-1.495762586593628,1.7360485792160034,1.7667145729064941,-0.6005013585090637,0.4113491177558899,-1.4944044351577759,0.01379978097975254,-0.577789306640625
1.055694618272841,-1.7632582552789628,-12.859862629315531,-12.859862629315531,1.5493539771099094,-1.488157868385315,1.7467318773269653,1.7640841007232666,-0.5842188596725464,0.40480291843414307,-2.0574254989624023,0.011268788948655128,-0.14708971977233887
1.0600750938673342,22.834597809192694,23.563157715130984,23.563157715130984,-0.423708595731964,-1.4805063009262085,1.7424898147583008,1.7615249156951904,-0.6048777103424072,0.3957904279232025,-2.478220224380493,0.010624466463923454,0.24682480096817017
1.0644555694618272,-1.3592947809401528,-30.736527439709917,-30.736527439709917,-5.780153098219731,-1.472873330116272,1.801457405090332,1.7588752508163452,-0.47583574056625366,0.3849346339702606,-1.777727723121643,0.011705676093697548,0.6246416568756104
1.0688360450563203,23.976548872631433,3.7726005379238123,3.7726005379238123,7.551051508391022,-1.464982032775879,1.7965881824493408,1.7567908763885498,-0.6651540994644165,0.3771473467350006,-2.506532907485962,0.014441903680562973,-1.0169868469238281
1.0732165206508135,5.903590804403598,16.717214847005685,16.717214847005685,-7.070147256783675,-1.4571120738983154,1.8589448928833008,1.7538771629333496,-0.3386203944683075,0.3661675453186035,-2.616875648498535,0.009987017139792442,1.614236831665039
1.0775969962453065,14.932687220229607,-12.928730770518516,-12.928730770518516,0.7244772698735883,-1.4489690065383911,1.872429609298706,1.7523938417434692,-0.49970757961273193,0.3547043800354004,-1.9222092628479004,0.01705814152956009,-0.22779631614685059
1.0819774718397996,10.031467671024549,-23.26590851053994,-23.26590851053994,-3.1224950276755465,-1.4407669305801392,1.907738447189331,1.7502049207687378,-0.4047313630580902,0.3462841808795929,-2.3209261894226074,0.01606028527021408,0.30447161197662354
1.0863579474342928,7.73024852325181,-16.511842184680685,-16.511842184680685,-2.020348778445889,-1.4324101209640503,1.9295636415481567,1.7484320402145386,-0.4393715262413025,0.3361174166202545,-2.909177780151367,0.017394015565514565,-0.3439152240753174
1.090738423028786,17.345563123985272,4.75389085063375,4.75389085063375,2.9984788289857,-1.4239577054977417,1.946008563041687,1.7465074062347412,-0.4666496515274048,0.32337382435798645,-3.3323752880096436,0.01588750258088112,-0.7352936267852783
1.0951188986232792,-1.8050091952682,-11.411029002857758,-11.411029002857758,-3.3290899971827868,-1.4154332876205444,1.9845352172851562,1.7444632053375244,-0.29730790853500366,0.3087764382362366,-3.281111717224121,0.012666566297411919,0.4883913993835449
1.099499374217772,4.1042898888873625,-7.679857794635849,-7.679857794635849,1.2452296509104217,-1.4067400693893433,1.9799399375915527,1.7431608438491821,-0.43314996361732483,0.294403612613678,-3.517129898071289,0.01480595301836729,-0.480485737323761
1.1038798498122653,-1.5045383556563499,-4.421381140482462,-4.421381140482462,-3.16808407779979,-1.3980669975280762,1.9885004758834839,1.7412633895874023,-0.4130241572856903,0.27899691462516785,-3.777770757675171,0.01270119659602642,-0.0407579243183136
1.1082603254067585,-6.33526012760843,-3.407789984905408,-3.407789984905408,-3.4700315224550726,-1.3893563747406006,1.9847633838653564,1.7394541501998901,-0.5427309274673462,0.2624484896659851,-3.814371109008789,0.01252265740185976,-0.9582898616790771
1.1126408010012514,-5.330252856619766,-3.35194438405954,-3.35194438405954,11.00518658601327,-1.380662202835083,1.9729893207550049,1.737076759338379,-0.7198523879051208,0.24573972821235657,-3.8125534057617188,0.008324891328811646,-2.0698790550231934
1.1170212765957446,9.318103961833074,1.6249147745255397,1.6249147745255397,-0.8716018113158197,-1.3720195293426514,1.96799635887146,1.7339234352111816,-0.5495339632034302,0.22903892397880554,-4.231827259063721,-0.0007421635091304779,0.8778111934661865
1.1214017521902375,14.579827647817249,19.35511950775187,19.35511950775187,3.8284086819848206,-1.363398790359497,1.9823659658432007,1.7315162420272827,-0.5346494913101196,0.2105015069246292,-4.158921241760254,0.0031030671671032906,0.8473944664001465
1.125782227784731,18.206387481979856,-3.6231945700232675,-3.6231945700232675,-8.819520390938074,-1.35471510887146,2.003277063369751,1.729174256324768,-0.3648717403411865,0.19228345155715942,-3.7054920196533203,0.006815058179199696,2.2494516372680664
1.130162703379224,-8.39962940121165,17.921946367638864,17.921946367638864,5.487159421198896,-1.3459397554397583,2.0271337032318115,1.7275758981704712,-0.4603440761566162,0.17605163156986237,-3.5537428855895996,0.01666872575879097,0.20927095413208008
1.134543178973717,13.243222078907198,5.367377922123572,5.367377922123572,-8.728180571608707,-1.3370599746704102,2.0192272663116455,1.7255593538284302,-0.44611576199531555,0.16048455238342285,-3.190607786178589,0.017585432156920433,1.5451513528823853
1.1389236545682102,12.77814347096588,19.112540476393143,19.112540476393143,0.6441331060126281,-1.3282147645950317,2.0310511589050293,1.7236051559448242,-0.5807937383651733,0.14650817215442657,-2.778972864151001,0.024353930726647377,-0.5817273855209351
1.1433041301627034,16.605891434355232,39.7927565278371,39.7927565278371,0.613750579461372,-1.3193178176879883,2.044570207595825,1.7210609912872314,-0.499545693397522,0.13433495163917542,-2.2396368980407715,0.021805688738822937,-0.10483363270759583
1.1476846057571963,8.306533707406519,18.528746229775713,18.528746229775713,7.596538329646262,-1.310361623764038,2.0604026317596436,1.7188727855682373,-0.38608795404434204,0.12452428042888641,-1.0954856872558594,0.02134646847844124,0.453070729970932
1.1520650813516895,-4.065474570934258,-38.88952289099886,-38.88952289099886,-6.37909157506266,-1.3013360500335693,2.0714941024780273,1.7171815633773804,-0.17991547286510468,0.1197255328297615,-0.7762305736541748,0.023331133648753166,2.7652359008789062
1.156445556946183,-7.566260220084196,2.0719466931553407,2.0719466931553407,-4.365516273987903,-1.2922619581222534,2.067401885986328,1.7163934707641602,-0.40726399421691895,0.1163252741098404,-1.7256382703781128,0.03544418141245842,0.8913986682891846
1.1608260325406758,2.141727514400287,55.76084173153782,55.76084173153782,7.052462969094542,-1.2832057476043701,2.0576958656311035,1.7146095037460327,-0.6173760890960693,0.10876616090536118,-1.5376439094543457,0.03934893012046814,-0.5028077363967896
1.165206508135169,20.752090355877442,-46.83334804805366,-46.83334804805366,-1.4665047299204277,-1.2741920948028564,2.066004514694214,1.7119051218032837,-0.4768075942993164,0.10203054547309875,-0.1152048110961914,0.037146393209695816,1.5140517950057983
1.169586983729662,8.128635895692709,-30.10624551327162,-30.10624551327162,1.7674724299568112,-1.2651419639587402,2.0811574459075928,1.7098164558410645,-0.3759630620479584,0.10152589529752731,-1.4400604963302612,0.043778661638498306,1.5904322862625122
1.1739674593241551,0.02510921728216786,6.506784107117256,6.506784107117256,-0.2879489865521116,-1.2560255527496338,2.0900847911834717,1.7081695795059204,-0.3077852129936218,0.0952177420258522,-2.3708741664886475,0.050745513290166855,2.2735419273376465
1.1783479349186483,-9.298822030814247,11.153981542438148,11.153981542438148,-5.608694631721975,-1.2468700408935547,2.0916614532470703,1.706821322441101,-0.35737863183021545,0.08483218401670456,-2.1724464893341064,0.060704708099365234,2.193826913833618
1.1827284105131413,-1.4358933885538647,26.193629006359973,26.193629006359973,-0.012286441939602488,-1.2377076148986816,2.07909893989563,1.7052558660507202,-0.6116307973861694,0.07531583309173584,-1.6829231977462769,0.07031471282243729,0.4118006229400635
1.1871088861076344,6.966641608520156,-36.51246048658375,-36.51246048658375,2.4112978737452355,-1.2286001443862915,2.0782229900360107,1.7025766372680664,-0.6672482490539551,0.06794382631778717,-0.9176273941993713,0.0721185952425003,0.37472057342529297
1.1914893617021276,9.376115958755442,17.779309735237444,17.779309735237444,-0.07558088840001487,-1.219496488571167,2.086484432220459,1.6996537446975708,-0.5938975214958191,0.06392417848110199,-2.0543246269226074,0.07376004755496979,1.2104613780975342
1.1958698372966208,11.830204948303836,-16.31320078242019,-16.31320078242019,-3.118978427916226,-1.2103567123413086,2.09224009513855,1.697052240371704,-0.5579670071601868,0.054925259202718735,-1.5329052209854126,0.07906244695186615,1.4091273546218872
1.200250312891114,15.86345089383892,-15.433687619806829,-15.433687619806829,0.964790269923193,-1.2011916637420654,2.0933587551116943,1.6946080923080444,-0.5720094442367554,0.04821040481328964,-1.9182183742523193,0.085235096514225,0.8165019154548645
1.204630788485607,-7.617088809904443,74.17494665570825,74.17494665570825,-2.50669651363045,-1.1920217275619507,2.103276014328003,1.6921024322509766,-0.45587557554244995,0.039807695895433426,-2.3971059322357178,0.08881176263093948,1.4571094512939453
1.2090112640801,13.606119983197404,-8.385711074486348,-8.385711074486348,1.7543227765634677,-1.1828083992004395,2.095496416091919,1.6901054382324219,-0.6230325698852539,0.029307231307029724,-0.1577589511871338,0.09519459307193756,0.5797318816184998
1.2133917396745932,13.99201779988686,-42.59761233312166,-42.59761233312166,-1.9781505954554643,-1.1736291646957397,2.1047239303588867,1.6873762607574463,-0.5079234838485718,0.028616171330213547,-0.45388007164001465,0.09773409366607666,1.3871798515319824
1.2177722152690862,-1.4121582124448144,-27.28519983364285,-27.28519983364285,-5.643978832099995,-1.1644095182418823,2.106252908706665,1.6851513385772705,-0.47663283348083496,0.026627961546182632,-1.6400970220565796,0.10381060093641281,1.162672996520996
1.2221526908635794,-2.9778356929456615,10.14632031552305,10.14632031552305,0.8650175828614457,-1.1551830768585205,2.0925025939941406,1.6830635070800781,-0.6633827686309814,0.019443556666374207,-2.2720892429351807,0.1089036613702774,-0.4443129301071167
1.2265331664580723,12.922719630119907,-22.39947717972017,-22.39947717972017,5.955370785107991,-1.1460169553756714,2.0937581062316895,1.6801575422286987,-0.7118372917175293,0.0094907246530056,-2.0010457038879395,0.10695736110210419,-0.2725922763347626
1.2309136420525657,5.372229487000477,44.70369298600761,44.70369298600761,-1.3701295465028058,-1.136845350265503,2.1122069358825684,1.677039384841919,-0.5048149824142456,0.0007251929491758347,-2.829097270965576,0.105763278901577,1.6896765232086182
1.2352941176470589,20.278741406824718,16.203829797433595,16.203829797433595,-3.1236652167863195,-1.127592921257019,2.11099910736084,1.674828052520752,-0.5336024761199951,-0.011667598970234394,-1.4835954904556274,0.11316486448049545,1.4327949285507202
1.2396745932415518,3.539937154174808,-35.606422920133454,-35.606422920133454,3.5525039769213977,-1.1183457374572754,2.1063830852508545,1.6724905967712402,-0.47503191232681274,-0.018166452646255493,-0.9191713929176331,0.1194411888718605,1.0332590341567993
1.244055068836045,-13.844220625401391,19.345658661044645,19.345658661044645,-1.9900577939529929,-1.1091188192367554,2.1170895099639893,1.6704096794128418,-0.40496179461479187,-0.022192860022187233,-2.0627362728118896,0.12396735697984695,2.10616135597229
1.2484355444305382,3.672977636270955,-28.739440045291666,-28.739440045291666,-0.5474370711897295,-1.0998449325561523,2.11165189743042,1.6686357259750366,-0.6133345365524292,-0.031228626146912575,-1.4396657943725586,0.13319334387779236,1.230159044265747
1.2528160200250311,-9.068175600564508,3.8981958902145757,3.8981958902145757,2.1295966987283004,-1.0905948877334595,2.110684633255005,1.6659489870071411,-0.63758385181427,-0.03753504902124405,-2.2629616260528564,0.1385820209980011,1.1624155044555664
1.2571964956195243,6.816726274547381,-5.887554631269849,-5.887554631269849,-6.794404224595545,-1.0813491344451904,2.117908239364624,1.6631560325622559,-0.7089346647262573,-0.047447897493839264,-2.211313009262085,0.14367395639419556,1.5470656156539917
1.2615769712140177,21.009740818139544,32.41242388337432,32.41242388337432,-3.46579001568292,-1.0720716714859009,2.095714569091797,1.6600505113601685,-0.8512610793113708,-0.05713450163602829,-2.1848301887512207,0.15045084059238434,-0.19089138507843018
1.2659574468085106,16.246821443043352,-12.185671053520496,-12.185671053520496,3.819212898193251,-1.0628914833068848,2.0816354751586914,1.6563215255737305,-0.7948707342147827,-0.06670510023832321,-1.1370725631713867,0.14961464703083038,-0.6755788326263428
1.2703379224030038,0.9072363739072564,40.84547321105996,40.84547321105996,3.092809941542084,-1.0537729263305664,2.0925939083099365,1.6528396606445312,-0.6105285286903381,-0.0716860219836235,-1.6044659614562988,0.14665529131889343,0.7614326477050781
1.2747183979974968,3.447117711496309,-39.46431795696299,-39.46431795696299,-0.9498541333336659,-1.044606328010559,2.103220224380493,1.6501652002334595,-0.5740718841552734,-0.07871434837579727,-0.501968502998352,0.1499907225370407,1.6447107791900635
1.27909887359199,21.102683140979867,-26.174390331497076,-26.174390331497076,-3.8599784440173317,-1.035393238067627,2.1000618934631348,1.6476504802703857,-0.6097893714904785,-0.08091320842504501,-1.6267130374908447,0.1571953445672989,1.4585051536560059
1.283479349186483,3.182523245190031,-17.150355164259476,-17.150355164259476,3.399053012496316,-1.0261939764022827,2.081641435623169,1.6449793577194214,-0.5623151659965515,-0.08803898841142654,-2.278364658355713,0.16358429193496704,0.8626821041107178
1.287859824780976,7.1678041102713195,-9.061423616879637,-9.061423616879637,-5.329799583168461,-1.0170754194259644,2.0940117835998535,1.6425161361694336,-0.49963465332984924,-0.0980193093419075,-2.8784725666046143,0.1673632562160492,1.8828485012054443
1.2922403003754692,-8.271565443085581,32.695073616218394,32.695073616218394,1.1239380346377335,-1.0079026222229004,2.072089195251465,1.6403274536132812,-0.6050742268562317,-0.1106283888220787,-2.987447738647461,0.17561103403568268,0.5585952997207642
1.2966207759699624,7.136990318551747,22.948857357372795,22.948857357372795,0.7515823141028283,-0.9988259077072144,2.080153226852417,1.6376769542694092,-0.6922484636306763,-0.12371483445167542,-2.0654704570770264,0.1780579537153244,0.6860594153404236
1.3010012515644556,2.5472207185398297,13.247081396302216,13.247081396302216,-0.9752133331911348,-0.9897138476371765,2.079958200454712,1.634644627571106,-0.6575544476509094,-0.1327625811100006,-1.4172396659851074,0.1810632199048996,1.055375576019287
1.3053817271589487,7.485664391709278,17.250720854128303,17.250720854128303,0.24361034189466985,-0.9806026220321655,2.0748603343963623,1.6317641735076904,-0.7015812397003174,-0.1389707624912262,-1.0019035339355469,0.18568626046180725,0.8401942849159241
1.3097622027534417,0.2484193384761868,-25.179527138347552,-25.179527138347552,2.062418248919583,-0.9715137481689453,2.0718467235565186,1.6286909580230713,-0.6759021282196045,-0.14335957169532776,-0.5052419900894165,0.18936671316623688,1.074413537979126
1.3141426783479349,-0.3827326670564144,28.64525172052065,28.64525172052065,-2.8971119651225217,-0.9624380469322205,2.08121395111084,1.6257301568984985,-0.6693893074989319,-0.14557276666164398,-1.300793170928955,0.1940731555223465,1.6550815105438232
1.318523153942428,10.769077161247901,-26.902989714293316,-26.902989714293316,4.182455191180811,-0.9533213376998901,2.069340705871582,1.622797966003418,-0.7824016809463501,-0.15127086639404297,-0.3796561360359192,0.20132319629192352,0.8386800289154053
1.322903629536921,9.780563817938209,32.406777070334776,32.406777070334776,-5.499967119032881,-0.9442566633224487,2.08237361907959,1.619370698928833,-0.6389994025230408,-0.15293394029140472,-1.2874497175216675,0.2049970179796219,2.2419533729553223
1.327284105131414,18.44287197428979,25.813108268078544,25.813108268078544,-2.2387431278693573,-0.9351348876953125,2.051698684692383,1.6165715456008911,-0.7265376448631287,-0.15857358276844025,-0.18045258522033691,0.2148178368806839,0.9228343963623047
1.331664580725907,15.394371736325974,-53.931508940780695,-53.931508940780695,4.2210436603216825,-0.9261474609375,2.028642177581787,1.613389015197754,-0.6665558815002441,-0.15936404466629028,0.6387503743171692,0.21886028349399567,0.7009700536727905
1.3360450563204005,-7.830011340984816,13.289692602694533,13.289692602694533,-8.079219538826697,-0.9172610640525818,2.0401535034179688,1.6104692220687866,-0.4843025207519531,-0.15656600892543793,-1.0594885349273682,0.2219308614730835,2.213437557220459
1.3404255319148937,-3.9123221582154217,-39.3382940385683,-39.3382940385683,5.969141167903287,-0.9083242416381836,2.0052058696746826,1.608347773551941,-0.7778551578521729,-0.16120707988739014,-0.4354485273361206,0.23162677884101868,-0.21021485328674316
1.3448060075093866,19.675376190112733,68.41098175801216,68.41098175801216,-3.4829931624092776,-0.8995404839515686,2.039884090423584,1.604940414428711,-0.7173014879226685,-0.1631145477294922,-1.7585692405700684,0.23070593178272247,1.369741678237915
1.3491864831038798,2.6304286750681287,-34.26200344873807,-34.26200344873807,-1.6365299559536348,-0.8906047940254211,2.008802652359009,1.6017982959747314,-0.6758161187171936,-0.17081791162490845,0.34096288681030273,0.23670604825019836,0.8242530226707458
1.353566958698373,13.487433681005479,-37.11456604003947,-37.11456604003947,-3.4416251928967863,-0.8818053007125854,1.998189926147461,1.5988378524780273,-0.7342532277107239,-0.1693243384361267,-0.6118043661117554,0.24031667411327362,0.4244615435600281
1.357947434292866,0.34078816381899024,48.90871918776313,48.90871918776313,8.548693351066454,-0.8730522990226746,1.9697246551513672,1.5956214666366577,-0.7434132695198059,-0.1720043271780014,-1.595160961151123,0.24217601120471954,-0.2453749179840088
1.362327909887359,-1.9090291019857526,-40.12292570257193,-40.12292570257193,3.555349652598912,-0.8644239902496338,2.017554998397827,1.5923649072647095,-0.5890443921089172,-0.1789918839931488,-0.41652023792266846,0.24110114574432373,2.1459875106811523
1.3667083854818525,13.87328078930302,-23.69832287401102,-23.69832287401102,0.6422398283393403,-0.8555861115455627,2.040540933609009,1.5897846221923828,-0.5673426389694214,-0.1808164417743683,-1.6920644044876099,0.2505016028881073,3.096646785736084
1.3710888610763454,7.1733596423687995,32.2584271538334,32.2584271538334,-3.263891584841393,-0.8466475605964661,2.0372371673583984,1.5872993469238281,-0.48170554637908936,-0.18822848796844482,-2.402885913848877,0.2640663981437683,3.571132183074951
1.3754693366708386,15.93334312696858,64.33863576202774,64.33863576202774,-9.981042208668235,-0.8377234935760498,2.016184091567993,1.5851892232894897,-0.5405699610710144,-0.19875426590442657,-1.3655215501785278,0.27970966696739197,2.8121228218078613
1.3798498122653315,14.849854011012832,-9.701693559391227,-9.701693559391227,9.065623735309343,-0.8288916349411011,1.941146731376648,1.582821249961853,-0.6784253120422363,-0.2047359049320221,0.8048487901687622,0.2920280992984772,0.3601250648498535
1.3842302878598247,-9.765117715888074,-6.793072524921062,-6.793072524921062,-7.258144453314565,-0.8203884959220886,1.9896678924560547,1.5798494815826416,-0.3965090215206146,-0.20121029019355774,0.256783664226532,0.29360562562942505,3.1943142414093018
1.388610763454318,-5.29857815904671,-16.60645372484171,-16.60645372484171,-3.48442913077086,-0.8116728067398071,1.9521249532699585,1.5781126022338867,-0.6833038926124573,-0.20008546113967896,0.27036523818969727,0.3075982332229614,0.9687507152557373
1.3929912390488108,15.1508605887709,-4.204007540344671,-4.204007540344671,3.854498001131636,-0.8031215667724609,1.9319772720336914,1.5751193761825562,-0.8474775552749634,-0.19890113174915314,-0.11283949017524719,0.31184181571006775,-0.11150634288787842
1.397371714643304,12.975627634491794,-0.6584301442338865,-0.6584301442338865,-2.9151357153728337,-0.7946586012840271,1.9477572441101074,1.5714070796966553,-0.6808140277862549,-0.19939541816711426,-0.3481734097003937,0.3113533556461334,1.2732157707214355
1.4017521902377972,-4.442559198547309,-10.094974379966263,-10.094974379966263,5.363658167616923,-0.7861264944076538,1.9171148538589478,1.5684248208999634,-0.6831128001213074,-0.20092058181762695,-0.2822704613208771,0.3169306516647339,0.7255526781082153
1.4061326658322904,11.511110345146088,-8.79205949513818,-8.79205949513818,-4.387566193204138,-0.7777286171913147,1.960010051727295,1.5654324293136597,-0.6428998112678528,-0.20215706527233124,-0.7337115406990051,0.32010892033576965,2.130892753601074
1.4105131414267835,5.195380568747337,-4.005493256522677,-4.005493256522677,3.17568469578032,-0.7691428661346436,1.9200351238250732,1.562616229057312,-0.6902837753295898,-0.20537106692790985,-0.8623366951942444,0.3294432461261749,1.1411210298538208
1.4148936170212765,2.8416929614694393,60.04132151309855,60.04132151309855,-3.5362946346050053,-0.7607321739196777,1.9403634071350098,1.5595924854278564,-0.6207919120788574,-0.20914851129055023,-1.072049856185913,0.3344419002532959,2.131517171859741
1.4192740926157696,2.5068668147658792,-26.994966062146933,-26.994966062146933,1.0617229344375028,-0.7522324323654175,1.9123823642730713,1.556873083114624,-0.7195729613304138,-0.21384459733963013,0.7846181392669678,0.34377896785736084,1.2023215293884277
1.4236545682102628,-6.932190115398668,46.054023699490685,46.054023699490685,1.9429872901381993,-0.7438552975654602,1.919141173362732,1.5537210702896118,-0.7190430164337158,-0.21040759980678558,-0.03472614288330078,0.34904569387435913,1.5482683181762695
1.4280350438047558,6.436670994070619,2.644398524070544,2.644398524070544,-1.1816896088417632,-0.7354485392570496,1.9412256479263306,1.550571322441101,-0.7755309343338013,-0.21055971086025238,1.2534559965133667,0.35582783818244934,1.952422022819519
1.432415519399249,-0.42683111352212677,22.683625178536005,22.683625178536005,2.0171133442131213,-0.7269450426101685,1.927663803100586,1.547174096107483,-0.7930205464363098,-0.20506897568702698,1.3651899099349976,0.3643803894519806,1.7501767873764038
1.436795994993742,6.580685417161567,-3.6387735546310935,-3.6387735546310935,-3.2564099067090604,-0.7185009717941284,1.9458917379379272,1.5437003374099731,-0.7956659197807312,-0.19908879697322845,1.9687175750732422,0.3720470070838928,2.3042819499969482
1.4411764705882353,9.607500061904819,-13.052994322700757,-13.052994322700757,-0.9698528200552133,-0.7099770307540894,1.9152674674987793,1.5402148962020874,-0.8573471307754517,-0.19046488404273987,1.95755136013031,0.3821408450603485,1.5258947610855103
1.4455569461827285,31.239940844870254,25.148715728928494,25.148715728928494,-5.315529148760972,-0.7015872597694397,1.9014091491699219,1.5364593267440796,-0.8441691994667053,-0.1818898767232895,1.6046853065490723,0.388824999332428,1.444683313369751
1.4499374217772214,14.060922028794954,-78.29156880045753,-78.29156880045753,4.43527226880743,-0.6932581663131714,1.8369014263153076,1.5327614545822144,-0.7502580881118774,-0.17486059665679932,2.494337797164917,0.3951534032821655,0.5784448981285095
1.4543178973717146,17.41388799244406,44.39594277198669,44.39594277198669,2.5168286103999353,-0.6852116584777832,1.869722843170166,1.5294749736785889,-0.5836357474327087,-0.16393421590328217,0.07845163345336914,0.39768725633621216,2.092799663543701
1.4586983729662075,-2.3039319109151775,2.6382604072209794,2.6382604072209794,-4.66947542040726,-0.6770213842391968,1.8863791227340698,1.5269184112548828,-0.43170642852783203,-0.16359056532382965,1.3014545440673828,0.4068547189235687,3.1401381492614746
1.4630788485607007,24.09881290906934,24.461865276481316,24.461865276481316,-3.913747008873555,-0.6687581539154053,1.8473907709121704,1.5250272750854492,-0.5952643156051636,-0.15788957476615906,1.5148636102676392,0.4206100106239319,1.792471170425415
1.467459324155194,4.05306815754841,16.001809109549633,16.001809109549633,-2.0253345241742995,-0.6606656908988953,1.8020190000534058,1.5224196910858154,-0.5277366042137146,-0.15125374495983124,2.3435215950012207,0.42846187949180603,1.1739248037338257
1.471839799749687,3.561183319322012,8.270068573885087,8.270068573885087,8.458034615566786,-0.6527720093727112,1.7814677953720093,1.5201079845428467,-0.5813483595848083,-0.14098800718784332,2.86997127532959,0.43360424041748047,0.6885758638381958
1.4762202753441802,19.706353145740287,7.147390925882678,7.147390925882678,0.16870190035067634,-0.6449683308601379,1.8640567064285278,1.517561435699463,-0.41568687558174133,-0.12841616570949554,2.8644821643829346,0.4366205334663391,3.117405891418457
1.4806007509386734,16.959337216877124,-17.328162358818506,-17.328162358818506,-6.104355246906891,-0.6368028521537781,1.866033673286438,1.5157405138015747,-0.29677122831344604,-0.11586837470531464,3.068282127380371,0.450276255607605,3.5545356273651123
1.4849812265331663,14.78762638721499,8.662915116044227,8.662915116044227,1.3798949291088012,-0.6286287307739258,1.807172179222107,1.5144405364990234,-0.3330504298210144,-0.10242784023284912,2.740511417388916,0.46584680676460266,2.187629222869873
1.4893617021276595,-25.54532838894579,6.1513268427509615,6.1513268427509615,-4.867693605360398,-0.6207124590873718,1.824234962463379,1.512981653213501,-0.22805583477020264,-0.0904230996966362,2.9531986713409424,0.4754296541213989,2.864567756652832
1.493742177722153,-12.667592407700507,1.0502784706995882,1.0502784706995882,4.146185077494085,-0.6127214431762695,1.7706154584884644,1.5119826793670654,-0.5809774398803711,-0.07748668640851974,3.274988889694214,0.4879778325557709,1.0016688108444214
1.4981226533166456,11.813481581650363,-22.693593553689148,-22.693593553689148,-0.1733500983416023,-0.604965329170227,1.8131526708602905,1.5094376802444458,-0.6409757733345032,-0.06314067542552948,3.1845786571502686,0.49236562848091125,1.9072685241699219
1.5025031289111388,14.310131835292964,-49.381668128012045,-49.381668128012045,-4.351403520584887,-0.5970228314399719,1.8167957067489624,1.5066299438476562,-0.5922505855560303,-0.0491907075047493,2.526916027069092,0.5007203817367554,2.0941720008850098
1.506883604505632,16.476907962499876,26.18662145001369,26.18662145001369,7.905252484687407,-0.5890644192695618,1.7761048078536987,1.5040355920791626,-0.6092320680618286,-0.03812161087989807,1.2118895053863525,0.5098938345909119,1.1666065454483032
1.5112640801001251,5.969265609872018,-31.35773824896151,-31.35773824896151,-7.704644870109833,-0.58128422498703,1.8763155937194824,1.5013668537139893,-0.35694628953933716,-0.03281295672059059,1.7457634210586548,0.5150040984153748,3.700843334197998
1.5156445556946183,9.851234772586034,26.978987361876985,26.978987361876985,2.95963027084958,-0.5730650424957275,1.795401692390442,1.4998033046722412,-0.5111055970191956,-0.025165682658553123,1.0550180673599243,0.5312155485153198,1.6716127395629883
1.5200250312891113,-2.049727066554956,16.861851303625297,16.861851303625297,-2.8816702082949264,-0.5652003288269043,1.8381258249282837,1.497564435005188,-0.4150230884552002,-0.020544201135635376,1.7564594745635986,0.5385379791259766,2.69305682182312
1.5244055068836044,5.073924566734922,9.897007144549233,9.897007144549233,1.3658122893410232,-0.5571484565734863,1.8043029308319092,1.4957464933395386,-0.5339260101318359,-0.012850073166191578,2.3330328464508057,0.5503348708152771,1.8486933708190918
1.5287859824780976,16.399135916757253,-49.39364117699911,-49.39364117699911,-3.409831557769679,-0.54924476146698,1.8261020183563232,1.4934076070785522,-0.5092927813529968,-0.0026302793994545937,2.5821707248687744,0.5584330558776855,2.3301444053649902
1.5331664580725906,-5.426841323563057,-42.64188900326036,-42.64188900326036,2.2919269885455518,-0.5412455797195435,1.7996562719345093,1.4911766052246094,-0.48873406648635864,0.0086808567866683,1.2392977476119995,0.5686401724815369,1.7046462297439575
1.5375469336670835,0.5634790636426867,4.823532683535367,4.823532683535367,-10.648566136539296,-0.5333622097969055,1.8242931365966797,1.489035725593567,-0.5307766795158386,0.014109570533037186,-0.07291209697723389,0.5761073231697083,2.236048936843872
1.541927409261577,24.116319301868543,15.503645964977904,15.503645964977904,11.95064641111233,-0.5253709554672241,1.69044029712677,1.4867106676101685,-0.7795068621635437,0.013790180906653404,0.3789222240447998,0.5859022736549377,-0.7224364280700684
1.54630788485607,19.051567966082533,33.477144404258986,33.477144404258986,-7.292103099421677,-0.5179660320281982,1.8697779178619385,1.4832960367202759,-0.39539510011672974,0.015450040809810162,0.4826810657978058,0.5827376842498779,3.0855700969696045
1.5506883604505632,17.91207640961347,-22.71676502512994,-22.71676502512994,-3.901938619729686,-0.5097755193710327,1.7980268001556396,1.4815640449523926,-0.4297578036785126,0.01756441406905651,1.6732723712921143,0.5962539315223694,1.4285380840301514
1.5550688360450562,-5.703486399096787,24.46304916058532,24.46304916058532,5.868099388864836,-0.5018993020057678,1.7659748792648315,1.4796814918518066,-0.4051561653614044,0.024894142523407936,1.1238198280334473,0.6025115847587585,0.6918327212333679
1.5594493116395494,4.0585099865324885,18.921861242719185,18.921861242719185,2.685476626366005,-0.49416348338127136,1.837783932685852,1.4779067039489746,-0.380623996257782,0.02981700748205185,1.666851282119751,0.6055421233177185,2.216332197189331
1.5638297872340423,10.8712289516928,-8.115660238665177,-8.115660238665177,-1.6133519917184487,-0.4861131012439728,1.879719853401184,1.4762394428253174,-0.3403559625148773,0.03711860999464989,2.141005277633667,0.6152507066726685,3.0450432300567627
1.5682102628285357,-7.932052318995724,3.682616026835579,3.682616026835579,-6.064649080136798,-0.47787904739379883,1.8737194538116455,1.4747484922409058,-0.329210102558136,0.04649723321199417,1.9511172771453857,0.6285894513130188,2.808501720428467
1.5725907384230289,16.085565240815086,10.643407946048765,10.643407946048765,5.8112292245441335,-0.4696712791919708,1.7823598384857178,1.47330641746521,-0.5521674156188965,0.05504405498504639,2.2357683181762695,0.6408920288085938,0.9619064331054688
1.5769712140175218,6.30008660022995,-59.23214006355179,-59.23214006355179,-2.343966936839238,-0.4618636965751648,1.8857463598251343,1.4708876609802246,-0.35808348655700684,0.06483778357505798,2.3768832683563232,0.6451056599617004,2.8966758251190186
1.581351689612015,3.997373603460449,28.39151968071436,28.39151968071436,-4.694229952332982,-0.45360323786735535,1.8641396760940552,1.4693191051483154,-0.39666423201560974,0.07524966448545456,0.7155683040618896,0.6577944755554199,2.366482734680176
1.5857321652065082,2.791237415062567,17.371703418915267,17.371703418915267,4.0265600783500535,-0.4454374313354492,1.8045272827148438,1.4675815105438232,-0.49622273445129395,0.07838419079780579,1.681777000427246,0.6681607961654663,1.135597586631775
1.5901126408010011,21.68674188422757,-16.1241009606376,-16.1241009606376,-2.6076845303316665,-0.4375327527523041,1.8676542043685913,1.4654078483581543,-0.44329819083213806,0.08575117588043213,2.0714974403381348,0.6731352806091309,2.3128888607025146
1.5944931163954943,2.6327008298182113,15.876492240692084,15.876492240692084,1.4323792183283084,-0.4293515384197235,1.8656238317489624,1.4634660482406616,-0.3636394143104553,0.09482531994581223,1.6767752170562744,0.683266818523407,2.0087554454803467
1.5988735919899877,-7.788930918236997,10.812798306766036,10.812798306766036,2.51214709283223,-0.4211792051792145,1.8923534154891968,1.461873173713684,-0.3607213497161865,0.10217039287090302,2.0985891819000244,0.6920661330223083,2.4595420360565186
1.6032540675844804,3.686394908995745,8.62441159191603,8.62441159191603,-3.3863430950287032,-0.4128898084163666,1.9182159900665283,1.4602930545806885,-0.4211810529232025,0.11136320978403091,2.3409945964813232,0.7028400897979736,3.0084242820739746
1.6076345431789736,6.99183700792764,2.9836525032190497,2.9836525032190497,2.62642267556915,-0.40448710322380066,1.8760794401168823,1.458448052406311,-0.4978773593902588,0.1216178834438324,2.691746711730957,0.7160184383392334,2.1357672214508057
1.6120150187734668,4.0919859913269265,2.482212249003536,2.482212249003536,-3.246987105406676,-0.3962689936161041,1.930888056755066,1.4562671184539795,-0.4407009780406952,0.13340900838375092,2.702178955078125,0.7253741025924683,3.0039870738983154
1.61639549436796,12.402353479808799,0.04283955484529445,0.04283955484529445,-1.1400070417552177,-0.3878107964992523,1.8909475803375244,1.4543366432189941,-0.5108165144920349,0.14524583518505096,2.8694896697998047,0.7385330200195312,2.178058624267578
1.620775969962453,14.748270982376166,-1.131519353357606,-1.131519353357606,-0.7565720953787289,-0.3795275390148163,1.8998373746871948,1.4520989656448364,-0.47804850339889526,0.15781556069850922,2.9040324687957764,0.748073935508728,2.1011416912078857
1.625156445556946,8.294357489713423,-0.057960847965068285,-0.057960847965068285,2.7347632446432555,-0.3712053596973419,1.9208146333694458,1.4500049352645874,-0.42047032713890076,0.170536607503891,2.893082857131958,0.7572779655456543,2.1773276329040527
1.6295369211514392,-10.897138201335661,-0.3738053437665221,-0.3738053437665221,-12.116392442287388,-0.3627912700176239,1.9848310947418213,1.4481630325317383,-0.3537583649158478,0.18320968747138977,2.8115265369415283,0.766815721988678,3.1018824577331543
1.6339173967459324,20.155438506856015,-4.607886172507277,-4.607886172507277,8.014811235395847,-0.35409677028656006,1.7646985054016113,1.4466134309768677,-0.6879193186759949,0.19552551209926605,3.154447317123413,0.7804034352302551,-0.4902536869049072
1.6382978723404251,2.1119827033576133,-0.6581851077574092,-0.6581851077574092,-3.8644820387713383,-0.3463665544986725,1.9462838172912598,1.443600058555603,-0.4423164427280426,0.20934349298477173,2.7858245372772217,0.7782558798789978,2.1387832164764404
1.6426783479349183,24.805830721698342,-2.245473387797259,-2.245473387797259,2.6529948482906067,-0.3378409147262573,1.889278769493103,1.4416625499725342,-0.5347238779067993,0.2215467244386673,2.8794586658477783,0.7876247763633728,1.1027637720108032
1.6470588235294117,-8.44618377914578,-30.82835138233402,-30.82835138233402,-1.9867498376720816,-0.32956498861312866,1.9991735219955444,1.4393202066421509,-0.34394514560699463,0.23416012525558472,2.73640775680542,0.7924554347991943,2.33332896232605
1.6514392991239049,0.6403973132826177,9.741832469979899,9.741832469979899,-3.1061935840251027,-0.32080766558647156,1.9443284273147583,1.4378135204315186,-0.48563912510871887,0.24614688754081726,1.894141435623169,0.8026764988899231,1.6113653182983398
1.655819774718398,19.3756909287857,5.392483758931613,5.392483758931613,5.068443912098445,-0.31229057908058167,1.8944411277770996,1.4356862306594849,-0.5750018358230591,0.2544441223144531,2.2693445682525635,0.8097350597381592,0.7578577399253845
1.660200250312891,7.612976096745875,-16.9915442708619,-16.9915442708619,3.991184008102855,-0.30399203300476074,2.0365562438964844,1.4331674575805664,-0.38899391889572144,0.264384925365448,2.2788076400756836,0.8130548596382141,2.5572283267974854
1.6645807259073842,3.61923175677559,11.604787725918793,11.604787725918793,-4.4223041994970105,-0.29507094621658325,2.1286981105804443,1.4314634799957275,-0.31170976161956787,0.27436718344688416,1.6660454273223877,0.8242567181587219,3.822525978088379
1.668961201501877,2.391963024727599,6.871908082275636,6.871908082275636,3.6861053786948625,-0.2857462465763092,2.06725811958313,1.430098056793213,-0.4016982913017273,0.28166526556015015,2.134087324142456,0.8410012125968933,2.66156005859375
1.6733416770963705,4.871335395502731,-12.977113051477458,-12.977113051477458,-0.9348132071625073,-0.27669066190719604,2.140789747238159,1.4283384084701538,-0.3710552155971527,0.29101359844207764,2.2271227836608887,0.8526601195335388,3.737055778503418
1.6777221526908634,8.549770371536201,-5.97124966950383,-5.97124966950383,-7.491775395295523,-0.2673129737377167,2.143094301223755,1.426712989807129,-0.3959057331085205,0.3007694482803345,1.8754494190216064,0.8690301775932312,3.5729897022247314
1.6821026282853566,9.705733096349581,7.069095825799143,7.069095825799143,0.004752452695974629,-0.25792521238327026,2.0397322177886963,1.4249787330627441,-0.49229639768600464,0.30898481607437134,1.9198535680770874,0.8846815824508667,1.6525851488113403
1.6864831038798498,4.2391758710603735,-49.768582376432946,-49.768582376432946,-1.198617711957919,-0.24899020791053772,2.0725114345550537,1.4228222370147705,-0.4642629027366638,0.3173946738243103,2.126154899597168,0.8919206857681274,1.8447238206863403
1.690863579474343,0.3925630892592169,-20.56613270751035,-20.56613270751035,2.4092446040687694,-0.23991161584854126,2.065696954727173,1.4207885265350342,-0.49463731050491333,0.32670825719833374,0.7077579498291016,0.9000014662742615,1.5938594341278076
1.695244055068836,19.705363890355198,-6.4868929666507125,-6.4868929666507125,-1.762051747323682,-0.23086288571357727,2.1118581295013428,1.4186217784881592,-0.5003629326820374,0.3298085629940033,0.03680408000946045,0.9069833159446716,2.2734766006469727
1.699624530663329,1.6223906214275914,32.34596029717218,32.34596029717218,5.168915245009044,-0.22161194682121277,2.1486072540283203,1.4164299964904785,-0.4261248707771301,0.3299697935581207,-0.10117626190185547,0.9169422388076782,2.169110059738159
1.7040050062578225,9.182933556545388,23.173985527168764,23.173985527168764,-3.797752854615648,-0.21220003068447113,2.2514326572418213,1.4145634174346924,-0.384947806596756,0.3295266032218933,0.6924796104431152,0.9264439940452576,3.6422719955444336
1.7083854818523152,10.059355164798138,-32.04780884537204,-32.04780884537204,-3.2990462580832722,-0.20233768224716187,2.2149462699890137,1.4128772020339966,-0.41846156120300293,0.3325600028038025,1.480139970779419,0.9423989057540894,2.76116681098938
1.7127659574468084,6.993724036868493,-35.913411474580776,-35.913411474580776,1.0908890791729855,-0.1926351636648178,2.189047336578369,1.4110441207885742,-0.4363114833831787,0.3390437066555023,0.6405850052833557,0.9544941186904907,2.0344009399414062
1.7171464330413015,5.664471568102823,35.857339529196686,35.857339529196686,2.5398376329131076,-0.1830461025238037,2.2354557514190674,1.4091328382492065,-0.4153381586074829,0.34184977412223816,-0.44005781412124634,0.9634057879447937,2.4724671840667725
1.7215269086357947,7.127914103860196,1.4285259531739105,1.4285259531739105,-1.0079932569675758,-0.17325374484062195,2.305711030960083,1.4073134660720825,-0.385479599237442,0.33992210030555725,0.5329188704490662,0.9742363691329956,3.2887065410614014
1.725907384230288,27.23724887666562,23.95053442891675,23.95053442891675,-3.013763174414839,-0.16315363347530365,2.3135807514190674,1.4056248664855957,-0.3939279317855835,0.3422565460205078,0.6040729284286499,0.9886424541473389,3.1421632766723633
1.7302878598247808,3.735742105366875,-49.57136875209516,-49.57136875209516,-5.783873294068241,-0.15301905572414398,2.3532071113586426,1.4038993120193481,-0.2844174802303314,0.3449026644229889,1.3915159702301025,1.0024065971374512,2.811283826828003
1.734668335419274,3.1987498694255008,24.41437665759342,24.41437665759342,3.093732817112449,-0.14271089434623718,2.2538442611694336,1.402653455734253,-0.37627074122428894,0.3509981632232666,0.11278223991394043,1.014721393585205,1.2675867080688477
1.7390488110137672,18.45623192470284,0.17240114672119874,0.17240114672119874,-0.6794096225719719,-0.13283798098564148,2.3272788524627686,1.4010052680969238,-0.35885435342788696,0.3514921963214874,0.7354126572608948,1.020274043083191,2.1894187927246094
1.74342928660826,21.959566793055966,21.455030668751455,21.455030668751455,-0.12268402561770925,-0.12264339625835419,2.3812429904937744,1.3994333744049072,-0.28138408064842224,0.35471364855766296,0.7602882385253906,1.02986478805542,2.33933162689209
1.7478097622027533,29.27337650893343,-32.78882574740711,-32.78882574740711,-2.11143451776539,-0.1122124195098877,2.4595353603363037,1.3982007503509521,-0.17308765649795532,0.3580440580844879,1.3904259204864502,1.0401121377944946,2.7068846225738525
1.7521902377972465,-6.385504230367986,-34.76785197388025,-34.76785197388025,2.355783453326847,-0.1014384850859642,2.5251190662384033,1.3974425792694092,-0.038256704807281494,0.3641347885131836,0.49454885721206665,1.0519695281982422,2.6506497859954834
1.7565707133917396,6.397865479187903,13.321896807799092,13.321896807799092,-1.9767705252626078,-0.09037726372480392,2.5507709980010986,1.3972749710083008,-0.10063822567462921,0.36630114912986755,-0.5895789265632629,1.0635806322097778,3.1919963359832764
1.7609511889862328,-3.348273443978986,-19.17454806222713,-19.17454806222713,0.9981983159829602,-0.07920367270708084,2.535794734954834,1.396834135055542,-0.12493517249822617,0.36371850967407227,-0.14280933141708374,1.0775630474090576,2.7556681632995605
1.7653316645807258,10.200581858409159,-37.85569954846115,-37.85569954846115,-8.258807299089668,-0.06809568405151367,2.5454046726226807,1.3962868452072144,-0.18248522281646729,0.36309292912483215,-0.7319175004959106,1.0896341800689697,2.974728584289551
1.769712140175219,21.382014784523488,-11.355619206525878,-11.355619206525878,4.600813369732373,-0.05694559961557388,2.412755250930786,1.3954874277114868,-0.24749904870986938,0.3598867952823639,-1.596240520477295,1.1026649475097656,0.850226640701294
1.774092615769712,5.203358752410793,2.572636922726095,2.572636922726095,-5.317611321482551,-0.046376585960388184,2.5869216918945312,1.3944032192230225,-0.0948280394077301,0.35289451479911804,-2.0622189044952393,1.1063894033432007,2.502436399459839
1.778473091364205,6.41396808253706,-3.1777538053489987,-3.1777538053489987,1.874293792574651,-0.03504464030265808,2.4951772689819336,1.393987774848938,-0.15983034670352936,0.34386101365089417,-1.8317986726760864,1.1173512935638428,1.1084085702896118
1.7828535669586982,-8.73829460974612,8.45462443417461,8.45462443417461,4.616314305887086,-0.0241145770996809,2.5573861598968506,1.3932876586914062,-0.13980594277381897,0.33583685755729675,-1.9793344736099243,1.122206687927246,1.738666296005249
1.7872340425531914,23.97538413717075,-36.06963935391347,-36.06963935391347,-6.299348208056902,-0.012912008911371231,2.625231981277466,1.3926752805709839,-0.19705380499362946,0.32716643810272217,-1.8672436475753784,1.129822850227356,2.881380558013916
1.7916145181476846,3.4900724757616137,6.876768716770664,6.876768716770664,2.105761890754048,-0.0014122435823082924,2.573984384536743,1.3918120861053467,-0.1406579315662384,0.31898701190948486,-2.736630439758301,1.1424446105957031,1.5150516033172607
1.7959949937421775,8.504242889702034,-25.589074920867834,-25.589074920867834,-7.246278568803658,0.009863032959401608,2.630767345428467,1.3911958932876587,-0.13989563286304474,0.3069992661476135,-2.597301959991455,1.1490812301635742,2.157902240753174
1.8003754693366707,-7.4917576950399605,21.953830622693854,21.953830622693854,7.4136402070943905,0.021387044340372086,2.5037992000579834,1.3905830383300781,-0.1954166293144226,0.2956218421459198,-3.132969856262207,1.1585338115692139,0.2697969675064087
1.804755944931164,16.8813748326177,-23.883826682562226,-23.883826682562226,2.1175403530481085,0.03235487639904022,2.6396889686584473,1.389726996421814,-0.22034724056720734,0.2818979322910309,-2.70835018157959,1.1597156524658203,2.2231316566467285
1.809136420525657,-4.289177919976632,59.29662950637563,59.29662950637563,-3.428545102419418,0.04391796886920929,2.736647367477417,1.3887617588043213,-0.1287190020084381,0.2700340747833252,-3.46767258644104,1.1694539785385132,3.066429376602173
1.81351689612015,10.17561791713919,-36.28984661087432,-36.28984661087432,2.3214676693520397,0.0559057854115963,2.6515727043151855,1.388197898864746,-0.2358425110578537,0.2548440098762512,-1.6358985900878906,1.1828863620758057,2.0477452278137207
1.8178973717146432,10.643501018583608,-6.260448159271241,-6.260448159271241,0.9259475138773705,0.06752093136310577,2.730722665786743,1.387164831161499,-0.1895650029182434,0.2476779967546463,-2.7634713649749756,1.1918565034866333,2.838106870651245
1.8222778473091363,-1.8109374328731107,-18.691205025980995,-18.691205025980995,-6.171228811079708,0.0794827938079834,2.7807748317718506,1.3863344192504883,-0.1540217399597168,0.2355726808309555,-2.973336935043335,1.2042887210845947,3.242619037628174
1.8266583229036293,4.202953909886025,6.914315717402227,6.914315717402227,3.071119886029671,0.0916639119386673,2.6424288749694824,1.3856596946716309,-0.2648874819278717,0.22254805266857147,-3.3389599323272705,1.2184929847717285,1.4975546598434448
1.831038798498123,6.566473691456535,-14.956349527414748,-14.956349527414748,0.9055655423718023,0.10323900729417801,2.7206733226776123,1.3844993114471436,-0.25495409965515137,0.2079218178987503,-3.226726531982422,1.2250529527664185,2.4075846672058105
1.835419274092616,8.1179308879497,-1.7539011480626727,-1.7539011480626727,0.37043575782840943,0.11515685170888901,2.7567873001098633,1.3833824396133423,-0.24766334891319275,0.19378721714019775,-3.6899447441101074,1.2355992794036865,2.741051197052002
1.8397997496871088,-1.1240048289919269,44.88178934356319,44.88178934356319,-4.252455923572625,0.1272328943014145,2.783924102783203,1.3822975158691406,-0.23470571637153625,0.17762351036071777,-3.7519822120666504,1.2476063966751099,2.9403767585754395
1.844180225281602,-5.134114088827332,-25.76201632382922,-25.76201632382922,-0.953943113353023,0.1394278109073639,2.6880972385406494,1.3812693357467651,-0.32005277276039124,0.1611880362033844,-2.317106246948242,1.2604866027832031,1.7418075799942017
1.848560700876095,16.739675738418626,-15.359525505499132,-15.359525505499132,-3.893632051224447,0.1512029618024826,2.6572883129119873,1.3798673152923584,-0.40605470538139343,0.1510380059480667,-3.0415806770324707,1.2681165933609009,1.4211156368255615
1.852941176470588,9.022333651793087,-11.146085600324373,-11.146085600324373,7.334827343467024,0.16284315288066864,2.600963830947876,1.3780885934829712,-0.362459272146225,0.1377144306898117,-3.3764212131500244,1.2743417024612427,0.5072301030158997
1.8573216520650813,2.289876737936609,14.994987966018076,14.994987966018076,-0.8954435556656478,0.17423661053180695,2.780799150466919,1.3765008449554443,-0.29362231492996216,0.12292409688234329,-3.9161224365234375,1.2765636444091797,2.641712188720703
1.8617021276595744,25.490129963070363,-9.02326448979577,-9.02326448979577,-4.478921475147234,0.1864178329706192,2.7650771141052246,1.375214695930481,-0.32948067784309387,0.10576961934566498,-3.45207142829895,1.2881356477737427,2.4137368202209473
1.866082603254068,3.746088391647729,49.4640950940567,49.4640950940567,-4.067968667400008,0.1985301822423935,2.7010421752929688,1.3737714290618896,-0.2297419309616089,0.09064790606498718,-3.584780693054199,1.2987089157104492,1.3909282684326172
1.8704630788485608,30.027305767191848,-26.799691981186864,-26.799691981186864,2.232995202812508,0.2103620320558548,2.6141767501831055,1.372765064239502,-0.2734834551811218,0.0749448612332344,-2.021474838256836,1.3048018217086792,0.287611722946167
1.8748435544430535,-6.468409512020446,-15.629824464617055,-15.629824464617055,2.7972064936294014,0.22181336581707,2.6987292766571045,1.3715671300888062,-0.0981905609369278,0.06608983874320984,-2.869321346282959,1.3060617446899414,1.1456687450408936
1.879224030037547,17.69898236259307,-9.393874188534136,-9.393874188534136,0.27469668014908866,0.2336350828409195,2.755293369293213,1.371137022972107,-0.16852615773677826,0.053520847111940384,-3.4074490070343018,1.3110803365707397,1.8765060901641846
1.88360450563204,-0.5535943203471065,-4.542031024176868,-4.542031024176868,-2.1310422840708467,0.24570457637310028,2.778534173965454,1.370398759841919,-0.09068136662244797,0.038594599813222885,-3.6898019313812256,1.3193002939224243,2.0809366703033447
1.887984981226533,5.705192520177577,22.0275057221848,22.0275057221848,6.222277454489727,0.25787588953971863,2.7301111221313477,1.3700015544891357,-0.15138757228851318,0.02243151143193245,-3.7602105140686035,1.3284157514572144,1.4829225540161133
1.8923654568210264,1.3428902964295863,-7.745089446556473,-7.745089446556473,-2.4282637072349975,0.26983508467674255,2.8755855560302734,1.3693383932113647,-0.12146592885255814,0.005960000678896904,-3.29864764213562,1.3349117040634155,3.2531819343566895
1.8967459324155196,11.843877038812405,0.3794761506160599,0.3794761506160599,2.4591585469437454,0.2824315130710602,2.8218283653259277,1.3688063621520996,-0.1724395453929901,-0.008489645086228848,-3.45391583442688,1.349162220954895,2.5835282802581787
1.9011264080100123,23.679396621223095,-4.458832523171924,-4.458832523171924,-2.5097862668861004,0.2947924733161926,2.8827407360076904,1.3680510520935059,-0.12520940601825714,-0.02361943945288658,-3.5146491527557373,1.3604793548583984,3.3280563354492188
1.9055068836045053,12.587489582765258,-3.6275873202535114,-3.6275873202535114,0.07626518463363298,0.3074202537536621,2.830808401107788,1.3675025701522827,-0.025046885013580322,-0.0390152744948864,-3.5715675354003906,1.3750578165054321,2.7311441898345947
1.9098873591989989,-5.294867847154764,5.430405820363821,5.430405820363821,-1.4765292646742736,0.3198205530643463,2.8336234092712402,1.367392897605896,0.01412174478173256,-0.05466043949127197,-3.679731845855713,1.387021541595459,2.7984607219696045
1.914267834793492,-10.371963077792145,-4.116104799900781,-4.116104799900781,3.8031191550529457,0.33223316073417664,2.800732135772705,1.3674547672271729,-0.07345138490200043,-0.07077941298484802,-3.47802734375,1.399280071258545,2.3707094192504883
1.9186483103879848,-3.854259907381624,-1.0083738394739967,-1.0083738394739967,-4.507942129245272,0.34450170397758484,2.891772508621216,1.3671330213546753,-0.1724756956100464,-0.08601482957601547,-3.709293842315674,1.4096648693084717,3.406872034072876
1.923028785982478,4.900080704563807,-0.8656601539510784,-0.8656601539510784,-2.015640503722658,0.3571690320968628,2.7898128032684326,1.3663774728775024,-0.26227205991744995,-0.10226330161094666,-3.607095241546631,1.4245885610580444,2.1429224014282227
1.9274092615769711,21.310314432909568,-1.6502539409558292,-1.6502539409558292,-0.020977360062136532,0.36938974261283875,2.740410566329956,1.3652286529541016,-0.28128716349601746,-0.11806409060955048,-3.573512077331543,1.4339755773544312,1.5858479738235474
1.9317897371714643,-5.374474224401379,-0.6166202871058659,-0.6166202871058659,-3.1708840759578263,0.38139405846595764,2.724118947982788,1.3639965057373047,-0.18425586819648743,-0.13371777534484863,-3.6210920810699463,1.4409223794937134,1.5893656015396118
1.9361702127659572,18.182499330954897,25.48861814282895,25.48861814282895,3.3269982177996624,0.393326997756958,2.655357599258423,1.3631893396377563,-0.2732299566268921,-0.14957988262176514,-3.546499490737915,1.4478845596313477,0.7055570483207703
1.9405506883604504,6.995993805498648,-8.499467702333241,-8.499467702333241,2.0426929557395823,0.40495872497558594,2.713782548904419,1.3619924783706665,-0.18724723160266876,-0.16511523723602295,-2.8993098735809326,1.4509751796722412,1.622023344039917
1.944931163954944,17.258709689617397,-4.319792383602636,-4.319792383602636,3.0257136419165342,0.4168463945388794,2.7531564235687256,1.3611721992492676,-0.17959237098693848,-0.17781558632850647,-3.207174301147461,1.4580804109573364,2.184262990951538
1.9493116395494368,-7.267131807364079,-2.117476184037259,-2.117476184037259,-2.430884506645178,0.42890653014183044,2.801299571990967,1.360385537147522,-0.10349839925765991,-0.19186453521251678,-3.4216864109039307,1.4676485061645508,3.001756191253662
1.9536921151439297,13.504529789301568,-0.338464277617892,-0.338464277617892,-2.4681031722318907,0.4411775469779968,2.7554564476013184,1.3599321842193604,-0.20299763977527618,-0.20685315132141113,-3.41253399848938,1.4807976484298706,2.3389246463775635
1.9580725907384229,19.61596621613876,-2.060914122155638,-2.060914122155638,-0.5213931667069157,0.4532477557659149,2.676471710205078,1.359043002128601,-0.16546717286109924,-0.22180166840553284,-3.350341796875,1.491043210029602,1.6137206554412842
1.962453066332916,17.13306176354558,11.610336100301824,11.610336100301824,-1.1607348048816297,0.46497198939323425,2.630186080932617,1.3583182096481323,-0.08341517299413681,-0.23647776246070862,-3.3953006267547607,1.4981120824813843,1.4032272100448608
1.9668335419274088,-3.9550717890660883,-5.0388395913740585,-5.0388395913740585,3.4365546970540195,0.4764934480190277,2.5708954334259033,1.3579528331756592,-0.01860102266073227,-0.2513507902622223,-3.0223448276519775,1.5042588710784912,1.0140435695648193
1.9712140175219024,-4.873565076978922,-2.0281572341232925,-2.0281572341232925,-5.129121460360897,0.4877551794052124,2.659264326095581,1.3578712940216064,-0.08200330287218094,-0.2645900845527649,-3.269853115081787,1.5087008476257324,1.9894607067108154
1.9755944931163956,11.033773320433744,-1.3709913663853777,-1.3709913663853777,1.8153914455730724,0.49940401315689087,2.549783229827881,1.35751211643219,-0.16508576273918152,-0.27891358733177185,-3.179295063018799,1.5174156427383423,0.5820289850234985
1.9799749687108883,-1.671322742468873,23.737526163673525,23.737526163673525,2.5981170201564856,0.5105732679367065,2.567201614379883,1.356788992881775,-0.13555586338043213,-0.2928404211997986,-3.2723474502563477,1.5199651718139648,1.0304723978042603
1.9843554443053817,-6.3911754533304865,-8.375153509167781,-8.375153509167781,-1.201820285004358,0.5218188166618347,2.6320364475250244,1.3561952114105225,-0.1864374428987503,-0.3071748614311218,-2.6550097465515137,1.5244791507720947,1.7644202709197998
1.9887359198998744,1.542922431644068,-4.412170753458902,-4.412170753458902,-3.9783317989355207,0.5333483815193176,2.6200602054595947,1.35537850856781,-0.2722647488117218,-0.318805068731308,-2.8644938468933105,1.5322082042694092,1.4678912162780762
1.993116395494368,9.968449215747707,51.15065505634358,51.15065505634358,1.627835438534515,0.5448254942893982,2.522857904434204,1.3541858196258545,-0.30990543961524963,-0.33135291934013367,-2.8771634101867676,1.5386382341384888,0.34841692447662354
1.997496871088861,15.581255971133778,-22.35382344031609,-22.35382344031609,5.871253865914583,0.5558767914772034,2.533618450164795,1.3528282642364502,-0.2891293466091156,-0.34395626187324524,-1.43094003200531,1.5401644706726074,0.7335211038589478
2.001877346683354,20.51132937007119,-12.725017505297856,-12.725017505297856,1.000809466874115,0.5669752359390259,2.626734495162964,1.3515617847442627,-0.23072212934494019,-0.35022446513175964,-2.255201816558838,1.5433776378631592,2.2583303451538086
2.0062578222778478,14.127349438186702,-7.485679313409461,-7.485679313409461,-6.604083964965537,0.5784815549850464,2.5905706882476807,1.3505511283874512,-0.1470196694135666,-0.3601033091545105,-2.6560394763946533,1.5532702207565308,2.3849310874938965
2.0106382978723403,-2.5071162470791304,-5.37650971007717,-5.37650971007717,1.2763363009917388,0.5898295044898987,2.393360137939453,1.3499071598052979,-0.10694511979818344,-0.3717380166053772,-2.6817848682403564,1.5637173652648926,0.4319652318954468
2.015018773466833,11.082838729087086,-3.5639571188197734,-3.5639571188197734,1.5925023079443208,0.6003135442733765,2.431097984313965,1.3494386672973633,-0.16531255841255188,-0.38348549604415894,-2.8760690689086914,1.5656095743179321,0.8088644742965698
2.0193992490613266,0.5371065015999461,-1.5973171290133972,-1.5973171290133972,-0.3252417649691262,0.6109629273414612,2.4327547550201416,1.3487144708633423,-0.13995182514190674,-0.3960840404033661,-3.026654005050659,1.56915283203125,1.1570415496826172
2.02377972465582,13.862895654377706,0.3940635874648123,0.3940635874648123,4.227453327644673,0.6216195225715637,2.423346519470215,1.3481013774871826,-0.18013152480125427,-0.4093422293663025,-3.063802719116211,1.5742212533950806,1.0615007877349854
2.028160200250313,8.25323140162287,0.7816120209798877,0.7816120209798877,3.0714945230809794,0.6322349309921265,2.474740982055664,1.347312331199646,-0.13915641605854034,-0.4227631390094757,-3.1757497787475586,1.5788711309432983,2.1101105213165283
2.032540675844806,14.583876463233125,23.042069020786364,23.042069020786364,-4.131970266834831,0.6430754661560059,2.5173823833465576,1.3467028141021729,-0.13418793678283691,-0.43667444586753845,-3.242621660232544,1.5881143808364868,2.8859002590179443
2.036921151439299,10.92002683879629,-6.685802971904751,-6.685802971904751,-4.4056567292310955,0.6541028022766113,2.366842031478882,1.346114993095398,-0.09035264700651169,-0.45087867975234985,-2.4490535259246826,1.600756049156189,1.5836764574050903
2.0413016270337923,1.4734778149298684,-6.068597498419968,-6.068597498419968,-4.840388255326206,0.6644706726074219,2.2219796180725098,1.3457192182540894,-0.06542447954416275,-0.4616067111492157,-2.5156409740448,1.6076933145523071,0.23665344715118408
2.045682102628285,-1.1810664495618974,40.12317728371543,40.12317728371543,8.502491509477887,0.6742039918899536,2.1028528213500977,1.3454326391220093,-0.09539877623319626,-0.4726264178752899,-2.551508665084839,1.6087299585342407,-1.1297404766082764
2.0500625782227786,1.9850771830783565,17.49205773409445,17.49205773409445,0.9426998716807081,0.6834154725074768,2.3066859245300293,1.3450146913528442,-0.1534421741962433,-0.48380324244499207,-1.628084421157837,1.6037811040878296,1.2549524307250977
2.0544430538172715,11.49514666933915,-1.5459117621393694,-1.5459117621393694,-3.385252454860897,0.6935198307037354,2.320671558380127,1.344342589378357,-0.1859605610370636,-0.4909350275993347,-1.1447906494140625,1.6092784404754639,1.494863748550415
2.0588235294117645,8.877064256503065,-23.43006738032911,-23.43006738032911,2.7127181428185176,0.703685462474823,2.1938509941101074,1.3435280323028564,-0.15877479314804077,-0.49594974517822266,-1.0910760164260864,1.6158266067504883,0.41472291946411133
2.063204005006258,-1.909016933547421,5.948960370047206,5.948960370047206,-2.3059401277314304,0.713295578956604,2.220245599746704,1.3428325653076172,-0.152290478348732,-0.5007292032241821,-1.8545281887054443,1.6176432371139526,1.0640978813171387
2.067584480600751,13.283835600389068,2.727076558670612,2.727076558670612,5.046767433939373,0.7230213284492493,2.1742961406707764,1.342165470123291,-0.20438864827156067,-0.5088528990745544,-1.6134588718414307,1.6223044395446777,0.44431376457214355
2.071964956195244,4.243682506077004,-16.585037763202987,-16.585037763202987,-0.2560904852835196,0.732545793056488,2.2354485988616943,1.3412702083587646,-0.17557790875434875,-0.5159206390380859,-1.6812012195587158,1.6242507696151733,1.686274766921997
2.076345431789737,5.491399693027358,-9.961190492688482,-9.961190492688482,-3.6651057001962175,0.7423381209373474,2.2109618186950684,1.340501070022583,-0.1944601833820343,-0.5232850909233093,-2.1580581665039062,1.631637454032898,1.5612359046936035
2.08072590738423,24.86304993347668,-7.564314797181922,-7.564314797181922,-1.623411194487588,0.7520231604576111,2.1009416580200195,1.3396492004394531,-0.20107689499855042,-0.5327383875846863,-2.341923713684082,1.6384763717651367,0.4681377410888672
2.085106382978723,21.853736392068054,19.33214127418339,19.33214127418339,3.857100423980589,0.7612262964248657,1.9513012170791626,1.3387683629989624,-0.09710345417261124,-0.5429971218109131,-2.5154168605804443,1.6405270099639893,-0.3138343095779419
2.0894868585732165,23.71315988285772,-10.82693563468869,-10.82693563468869,8.946184496348502,0.7697739005088806,1.9416112899780273,1.3383430242538452,-0.020126044750213623,-0.5540158152580261,-2.0634965896606445,1.6391522884368896,0.4672622084617615
2.093867334167709,12.30145397191897,20.70423522484026,20.70423522484026,-2.2342254303034763,0.7782790660858154,2.040574312210083,1.3382548093795776,0.05861061066389084,-0.5630549192428589,-2.640934467315674,1.6411991119384766,2.6381638050079346
2.098247809762203,23.457523438706147,-11.653692933240658,-11.653692933240658,0.26246959749113047,0.7872177362442017,1.930138349533081,1.33851158618927,0.08702665567398071,-0.5746234655380249,-1.9710586071014404,1.6527554988861084,1.8444199562072754
2.102628285356696,9.39503422089289,-6.53119531567176,-6.53119531567176,-2.084457173202718,0.7956726551055908,1.8231794834136963,1.3388928174972534,0.17569398880004883,-0.5832576155662537,-2.3190484046936035,1.6608349084854126,1.5820176601409912
2.1070087609511887,-2.800335174384122,13.465517808666947,13.465517808666947,3.396215302144981,0.8036590218544006,1.7285001277923584,1.3396624326705933,0.18943911790847778,-0.593416154384613,-2.4489073753356934,1.6677649021148682,0.8633984923362732
2.111389236545682,1.7314920863788812,-8.416123019508683,-8.416123019508683,0.6237255850686773,0.8112306594848633,1.821620225906372,1.3404922485351562,0.12269151210784912,-0.6041435599327087,-2.1548519134521484,1.6715470552444458,1.852328896522522
2.115769712140175,7.161347952512402,30.753473311312405,30.753473311312405,-7.730144682593257,0.8192102313041687,1.8272910118103027,1.3410296440124512,0.08670079708099365,-0.6135828495025635,-2.418844223022461,1.6796611547470093,1.999977469444275
2.1201501877346685,-4.758850454308888,-18.60720883497074,-18.60720883497074,-0.7643956058646199,0.8272146582603455,1.6103034019470215,1.34140944480896,0.10194131731987,-0.6241785287857056,-1.295000433921814,1.6884219646453857,-0.2667802572250366
2.1245306633291614,6.652285645432356,58.33062997138188,58.33062997138188,0.8901798627181293,0.8342685699462891,1.6173131465911865,1.3418560028076172,0.034594833850860596,-0.629851222038269,-1.8160672187805176,1.6872533559799194,-0.4045978784561157
2.1289111389236544,13.489505154944712,37.35191832197302,37.35191832197302,-0.8926114231869878,0.841353178024292,1.60310697555542,1.3420075178146362,0.02596013993024826,-0.6378064751625061,-0.13862395286560059,1.685481071472168,-0.2622007727622986
2.133291614518148,2.2002271660946997,11.028136465762358,11.028136465762358,2.3200809993341798,0.8483755588531494,1.5108078718185425,1.3421212434768677,0.05958287790417671,-0.6384137272834778,0.978237509727478,1.6843324899673462,-0.7272158861160278
2.1376720901126407,15.919062635621383,-21.5387059531708,-21.5387059531708,3.0195204269170994,0.8549936413764954,1.55314302444458,1.3423821926116943,0.022354360669851303,-0.6341285705566406,1.2325403690338135,1.6811469793319702,-0.11541855335235596
2.1420525657071336,16.658206247342527,-28.81529223459354,-28.81529223459354,5.030891824678921,0.8617971539497375,1.5395759344100952,1.3424800634384155,0.05929722636938095,-0.6287294626235962,0.5153623223304749,1.6806414127349854,0.4738495349884033
2.146433041301627,15.669088981104608,-1.3172993632453236,-1.3172993632453236,-4.549914630434706,0.8685412406921387,1.5695900917053223,1.3427398204803467,0.09542974829673767,-0.6264719367027283,-0.47305357456207275,1.6827170848846436,1.6140081882476807
2.15081351689612,9.880914693704558,61.63189170244643,61.63189170244643,4.926387612203298,0.8754168152809143,1.381708025932312,1.3431578874588013,0.1502390205860138,-0.6285441517829895,-0.378650963306427,1.6897871494293213,0.0979386568069458
2.155193992490613,3.848190930852798,-6.543913341033695,-6.543913341033695,-3.2535628240041783,0.8814693689346313,1.4445399045944214,1.3438160419464111,0.14833536744117737,-0.6302028298377991,1.277329444885254,1.6902161836624146,1.3143647909164429
2.1595744680851063,-11.964770337231242,23.617386245236396,23.617386245236396,-2.3199017798211714,0.8877971172332764,1.348526120185852,1.3444658517837524,0.135128915309906,-0.624607503414154,1.1812407970428467,1.6959737539291382,0.3455607295036316
2.1639549436795997,5.732166321378351,32.10082268940526,32.10082268940526,1.674732172776254,0.8937042951583862,1.3570873737335205,1.345057725906372,0.032282546162605286,-0.6194331049919128,1.9386918544769287,1.697487473487854,-0.11030542850494385
2.1683354192740927,9.615622113973583,-27.99261894717625,-27.99261894717625,-0.656016070590187,0.8996489644050598,1.3662662506103516,1.3451991081237793,0.016385052353143692,-0.61094069480896,2.827230215072632,1.6970043182373047,0.26554644107818604
2.1727158948685856,-0.3844315175367896,-9.477485484299303,-9.477485484299303,5.020714047949012,0.9056338667869568,1.3016588687896729,1.3452708721160889,0.029358908534049988,-0.5985561013221741,2.0289146900177,1.6981675624847412,-0.06889045238494873
2.1770963704630786,15.572190683651751,-56.196070419002076,-56.196070419002076,-3.654283747726208,0.9113357663154602,1.4203200340270996,1.3453994989395142,-0.030741263180971146,-0.5896685123443604,1.605521321296692,1.6978658437728882,1.3372622728347778
2.181476846057572,3.6752240929855606,54.791538899510584,54.791538899510584,-0.4472824170089138,0.917557418346405,1.2576429843902588,1.3452647924423218,0.02520197629928589,-0.5826355814933777,0.07113456726074219,1.703723669052124,0.07839608192443848
2.185857321652065,18.937441013793766,-45.10801640487552,-45.10801640487552,6.069372678578028,0.9230664968490601,1.2290821075439453,1.3453751802444458,0.004676384851336479,-0.5823239684104919,1.6842833757400513,1.7040671110153198,-0.10285225510597229
2.1902377972465583,8.263735535950648,52.477234444096254,52.477234444096254,0.477921467210079,0.9284504652023315,1.2764815092086792,1.3453956842422485,0.051343128085136414,-0.5749459862709045,0.18974149227142334,1.7036166191101074,1.2985728979110718
2.1946182728410517,8.77461237922143,34.48544568412141,34.48544568412141,1.833177601617332,0.9340420365333557,1.2470965385437012,1.3456206321716309,0.05384218320250511,-0.5741147994995117,1.7082862854003906,1.709304928779602,1.3059344291687012
2.198998748435544,9.277497562990032,21.196486451956066,21.196486451956066,-1.8814311659297782,0.9395049214363098,1.2466468811035156,1.3458564281463623,0.05492542311549187,-0.5666316747665405,2.6618361473083496,1.715025544166565,1.682706356048584
2.2033792240300376,9.367649109115588,13.691097437207558,13.691097437207558,-1.625255526679263,0.9449658393859863,1.1579046249389648,1.3460969924926758,0.0710831880569458,-0.5549715757369995,3.335784435272217,1.7223966121673584,1.0161361694335938
2.2077596996245306,7.952412379579906,6.110802221513597,6.110802221513597,1.920053580210216,0.9500380158424377,1.0754894018173218,1.3464083671569824,0.08829998224973679,-0.5403592586517334,3.7830705642700195,1.726847767829895,0.42034417390823364
2.2121401752190235,25.3133919210663,-57.23791867935766,-57.23791867935766,1.0169021525404704,0.9547491669654846,1.0827726125717163,1.3467952013015747,0.08522923290729523,-0.5237876176834106,3.905453681945801,1.7286890745162964,0.8362457752227783
2.216520650813517,13.898514668477269,4.906794827631255,4.906794827631255,-1.5835260735464478,0.9594922065734863,0.9909562468528748,1.3471685647964478,0.18911974132061005,-0.506679892539978,2.204228401184082,1.7323522567749023,0.746008574962616
2.22090112640801,2.174717450347205,23.256191417646605,23.256191417646605,0.40649380110879485,0.9638330936431885,0.8926498293876648,1.3479969501495361,0.2355446219444275,-0.4970243275165558,2.393766403198242,1.735620141029358,0.10256165266036987
2.225281602002503,10.08528320954435,-67.94905237139514,-67.94905237139514,2.0449642468297653,0.9677433371543884,0.8925472497940063,1.3490287065505981,0.20416301488876343,-0.48653849959373474,3.0610499382019043,1.7360694408416748,0.18459905683994293
2.229662077596996,6.050049534572979,39.5797707596206,39.5797707596206,-1.9970245851874555,0.9716531038284302,0.8965417742729187,1.349923014640808,0.2146245688199997,-0.47312963008880615,1.0170025825500488,1.7368780374526978,0.6115044355392456
2.234042553191489,9.818872026887648,23.975472141751226,23.975472141751226,-0.8928181875696904,0.9755803942680359,0.8249927759170532,1.3508632183074951,0.2162817120552063,-0.4686746895313263,2.2311768531799316,1.7395566701889038,-0.030015766620635986
2.2384230287859825,-4.071336269732791,14.448869768215157,14.448869768215157,1.7617423388844398,0.9791942834854126,0.7634910345077515,1.3518106937408447,0.23707501590251923,-0.4589010775089264,2.9574098587036133,1.7394251823425293,-0.41596367955207825
2.2428035043804755,17.162370314102063,8.618042989692203,8.618042989692203,-4.414134119785327,0.9825387597084045,0.8208338022232056,1.3528492450714111,0.1620197892189026,-0.44594621658325195,3.327914237976074,1.7376030683517456,0.13137635588645935
2.2471839799749684,-4.647111099558673,3.8231844678986833,3.8231844678986833,4.599096712108948,0.98613440990448,0.6503597497940063,1.3535590171813965,0.24252718687057495,-0.4313683807849884,3.7084951400756836,1.7381786108016968,-1.3309732675552368
2.251564455569462,-7.181974465344633,4.659716514974332,4.659716514974332,1.027225853482266,0.9889832735061646,0.7745590806007385,1.354621410369873,0.15199075639247894,-0.4151234030723572,3.68583607673645,1.7323483228683472,0.01300501823425293
2.255944931163955,14.707281291657294,1.7621583452550755,1.7621583452550755,1.7462249305724722,0.9923762083053589,0.8252171874046326,1.3552871942520142,0.060153529047966,-0.39897769689559937,3.7919163703918457,1.7324053049087524,0.39125630259513855
2.260325406758448,17.88832287579213,2.5400524808169105,2.5400524808169105,-0.2602035260124689,0.995991051197052,0.812364399433136,1.3555506467819214,0.10323851555585861,-0.3823673129081726,3.792381763458252,1.734119176864624,0.6949678659439087
2.264705882352941,4.0521649084371525,0.3666162770194367,0.3666162770194367,-2.06000007458626,0.9995495676994324,0.743840217590332,1.356002926826477,0.17454291880130768,-0.3657548725605011,3.8741581439971924,1.7371634244918823,0.4048026502132416
2.269086357947434,0.26248464378364655,-1.3043567453222549,-1.3043567453222549,-0.2788002692630589,1.0028079748153687,0.6825732588768005,1.3567675352096558,0.16536900401115417,-0.3487842082977295,3.9450230598449707,1.7389366626739502,-0.21787407994270325
2.2734668335419275,18.074048068644355,-1.572393004880865,-1.572393004880865,1.970215903983378,1.0057979822158813,0.6752789616584778,1.3574919700622559,0.12515781819820404,-0.33150312304496765,3.9150736331939697,1.7379822731018066,-0.29866600036621094
2.2778473091364204,19.238254207029062,-1.0153766561401423,-1.0153766561401423,-0.2862671236496349,1.0087560415267944,0.66485595703125,1.3580402135849,0.1910746693611145,-0.31435322761535645,3.8116183280944824,1.7366739511489868,0.04818180203437805
2.2822277847309134,-7.300846453836896,-1.1059737372686886,-1.1059737372686886,5.798039086917621,1.0116684436798096,0.6013712882995605,1.358877182006836,0.2738978862762451,-0.2976565361022949,3.7903261184692383,1.7368849515914917,-0.23996081948280334
2.2866082603254068,8.392970358575006,-20.30675770159957,-20.30675770159957,-2.2321777026131913,1.0143027305603027,0.7559890151023865,1.3600770235061646,0.16090808808803558,-0.2810530960559845,3.5887069702148438,1.735833764076233,1.453529953956604
2.2909887359199,8.89800862443885,8.0833832878558,8.0833832878558,-7.7951849664303845,1.0176143646240234,0.681721568107605,1.3607819080352783,0.18061722815036774,-0.2653328478336334,3.0608720779418945,1.7422009706497192,0.7461527585983276
2.2953692115143927,13.27788117420079,0.41299592690377657,0.41299592690377657,3.8763411695248404,1.02060067653656,0.47882407903671265,1.3615731000900269,0.22703342139720917,-0.2519247829914093,3.5245766639709473,1.7454694509506226,-1.5159732103347778
2.299749687108886,8.508405083655791,1.688791455409039,1.688791455409039,-1.966995217520463,1.022698163986206,0.5354558229446411,1.362567663192749,0.25492364168167114,-0.23648546636104584,3.423435926437378,1.7388287782669067,-0.5637117028236389
2.304130162703379,2.1345491406972847,0.7076294424931782,0.7076294424931782,4.203577319401089,1.0250437259674072,0.47020983695983887,1.3636842966079712,0.27571532130241394,-0.22148919105529785,3.53019642829895,1.7363594770431519,-1.190751075744629
2.3085106382978724,4.699395420809234,1.6360154994386649,1.6360154994386649,-0.8029210643768248,1.0271034240722656,0.5626116991043091,1.3648920059204102,0.23011544346809387,-0.20602525770664215,3.4281036853790283,1.7311434745788574,-0.0373457670211792
2.3128911138923653,9.725190413905535,-0.48966180397377296,-0.48966180397377296,-1.1613740728376172,1.0295679569244385,0.5343608856201172,1.3659000396728516,0.22129997611045837,-0.1910085380077362,3.499328374862671,1.7309799194335938,-0.3007201552391052
2.3172715894868583,25.991515241525267,-1.0156602034036475,-1.0156602034036475,2.623572389804679,1.0319087505340576,0.4886869490146637,1.3668694496154785,0.247252956032753,-0.17567981779575348,3.518944501876831,1.7296626567840576,-0.7030168771743774
2.321652065081352,-8.692324780331983,0.22264802175388537,0.22264802175388537,6.3048224785265665,1.034049391746521,0.5025337338447571,1.367952585220337,0.3674013614654541,-0.16026516258716583,3.4126672744750977,1.7265831232070923,-0.1713767647743225
2.3260325406758446,8.722908764870406,1.52476838704612,1.52476838704612,-8.524990481972678,1.0362507104873657,0.6630047559738159,1.369562029838562,0.24353933334350586,-0.14531604945659637,3.235048532485962,1.725832462310791,1.6502275466918945
2.330413016270338,0.667521472096614,-1.9376197267350057,-1.9376197267350057,-1.9873478963861235,1.0391550064086914,0.4520089030265808,1.370628833770752,0.28867313265800476,-0.13114500045776367,3.528533458709717,1.7330611944198608,-0.7876989841461182
2.334793491864831,16.102233399081634,-3.485279793188635,-3.485279793188635,-2.03856151199309,1.0411350727081299,0.4050486087799072,1.3718934059143066,0.2574673593044281,-0.11568834632635117,3.5299856662750244,1.7296106815338135,-1.3464531898498535
2.339173967459324,8.375854113088455,-2.513927086191,-2.513927086191,4.626012909652114,1.0429093837738037,0.3369019329547882,1.3730212450027466,0.3292319178581238,-0.10022532939910889,3.487736940383911,1.7237125635147095,-2.017266035079956
2.3435544430538173,15.460392522657976,-0.16974979637534554,-0.16974979637534554,4.008096058789922,1.0443851947784424,0.43416863679885864,1.374463438987732,0.3243734836578369,-0.0849473848938942,3.2792279720306396,1.7148759365081787,-0.7763338088989258
2.3479349186483103,-14.532813128012114,0.08208363664474622,0.08208363664474622,-1.667436999433155,1.0462870597839355,0.5115292072296143,1.3758842945098877,0.37123867869377136,-0.0705828070640564,3.157221555709839,1.7114752531051636,0.259174108505249
2.3523153942428032,-1.2516095641958884,-0.19977533066542708,-0.19977533066542708,-1.5168460950181293,1.0485278367996216,0.48559749126434326,1.3775105476379395,0.2363719940185547,-0.05675267428159714,3.20831298828125,1.7126106023788452,-0.1344139277935028
2.3566958698372966,12.894732604865707,-2.4027575844136893,-2.4027575844136893,-6.756016640820753,1.0506550073623657,0.4513561427593231,1.3785459995269775,0.19003014266490936,-0.04269873723387718,3.2467756271362305,1.712021827697754,-0.5516436100006104
2.3610763454317896,15.084091293222997,-3.3495465447194315,-3.3495465447194315,5.6342601029432435,1.052632212638855,0.2863079905509949,1.3793784379959106,0.25565409660339355,-0.02847631648182869,3.3739047050476074,1.70960533618927,-2.491027593612671
2.3654568210262825,7.124164911145325,-1.6000021248088498,-1.6000021248088498,2.9698486064013063,1.0538864135742188,0.40901699662208557,1.3804982900619507,0.2932101786136627,-0.013697008602321148,3.111549139022827,1.6986933946609497,-0.9786171913146973
2.369837296620776,4.833140771456961,1.4188612757382182,1.4188612757382182,1.4200719419552414,1.055678129196167,0.47539615631103516,1.3817826509475708,0.2886853516101837,-6.69434666633606e-05,2.978095054626465,1.6944066286087036,-0.1739526391029358
2.374217772215269,17.32418326316518,-0.33632993088681806,-0.33632993088681806,-3.1876728473253677,1.0577605962753296,0.5072564482688904,1.3830472230911255,0.27391842007637024,0.012978529557585716,2.978059768676758,1.693644642829895,0.2081013023853302
2.3785982478097623,1.6121680736734607,-0.6411899436031829,-0.6411899436031829,0.8269843781104016,1.0599826574325562,0.4308890998363495,1.384247064590454,0.35586562752723694,0.026023847982287407,3.0613279342651367,1.6945562362670898,-0.7253952026367188
2.382978723404255,2.228852155528788,-1.340050045932502,-1.340050045932502,3.4360860104001216,1.0618700981140137,0.4500713050365448,1.3858059644699097,0.3210754990577698,0.03943391889333725,3.0184526443481445,1.6913787126541138,-0.4984537959098816
2.387359198998748,7.378890821832378,-0.3931349554451673,-0.3931349554451673,-1.126733649725912,1.0638415813446045,0.5302411317825317,1.3872123956680298,0.28319409489631653,0.052656177431344986,2.878974437713623,1.6891952753067017,0.4555637240409851
2.391739674593241,3.7405185763544773,-0.1450928326344384,-0.1450928326344384,-6.766883917092847,1.066164255142212,0.5056462287902832,1.3884528875350952,0.2924330234527588,0.06526745855808258,2.900397777557373,1.6911908388137817,0.12997978925704956
2.3961201501877345,4.720688027917996,-1.770821005353255,-1.770821005353255,2.8496775455290555,1.068379282951355,0.3494144678115845,1.389733910560608,0.29340022802352905,0.07797258347272873,3.0937750339508057,1.6917601823806763,-1.7619919776916504
2.400500625782228,-0.28170025460315085,-1.1450268915653812,-1.1450268915653812,3.892577494202491,1.069909930229187,0.417629599571228,1.3910191059112549,0.2726132571697235,0.09152478724718094,2.9588418006896973,1.6840418577194214,-0.9720321297645569
2.404881101376721,-8.824071999281529,-0.6332401229666035,-0.6332401229666035,-5.828971100408395,1.0717393159866333,0.5080795288085938,1.392213225364685,0.21711663901805878,0.10448592156171799,2.81172776222229,1.6797839403152466,0.11366909742355347
2.409261576971214,-5.625864983102116,-2.003654213699617,-2.003654213699617,3.422304869207005,1.0739649534225464,0.36622297763824463,1.3931642770767212,0.13056737184524536,0.1168026253581047,2.9634594917297363,1.6802818775177002,-1.510977029800415
2.413642052565707,15.892457167334689,-0.5119194595851435,-0.5119194595851435,-2.026467623576669,1.0755691528320312,0.44141656160354614,1.3937362432479858,0.040806256234645844,0.1297839879989624,2.805004358291626,1.6736630201339722,-0.5575331449508667
2.4180225281602,15.902829747263741,-1.8480013842131682,-1.8480013842131682,1.6839854330637403,1.077502727508545,0.408690869808197,1.3939149379730225,0.10742095112800598,0.14207124710083008,2.849233865737915,1.6712207794189453,-1.112647294998169
2.422403003754693,-11.172406529920877,-0.7288597277895377,-0.7288597277895377,-3.3569525862778367,1.0792930126190186,0.4642031192779541,1.3943854570388794,0.1647098958492279,0.15455225110054016,2.746088743209839,1.6663469076156616,-0.6275008916854858
2.4267834793491865,7.714321701089429,-2.129156194232091,-2.129156194232091,6.986285106812291,1.0813264846801758,0.37312763929367065,1.3951069116592407,0.055732302367687225,0.1665814220905304,2.8228373527526855,1.6635981798171997,-1.579125165939331
2.4311639549436794,19.5653275946156,-16.69248931893849,-16.69248931893849,-0.0306528974144033,1.0829609632492065,0.5457112193107605,1.3953510522842407,0.047213487327098846,0.17894679307937622,2.5566375255584717,1.6566808223724365,0.38253045082092285
2.4355444305381724,5.142782040783002,5.985952267602297,5.985952267602297,-2.9605426742065606,1.0853514671325684,0.571742832660675,1.3955578804016113,0.13211330771446228,0.1901460886001587,2.070059061050415,1.6583564281463623,0.4165956676006317
2.4399249061326658,8.824824347831166,3.548763593721614,3.548763593721614,1.4233019269845089,1.0878559350967407,0.5101190209388733,1.3961366415023804,0.12867411971092224,0.1992139369249344,2.331325054168701,1.6601812839508057,-0.39669373631477356
2.4443053817271587,6.743546241387409,1.5362035285718079,1.5362035285718079,-4.418952881093403,1.0900905132293701,0.5568636655807495,1.3967002630233765,0.14008326828479767,0.20942625403404236,2.393395185470581,1.658443570137024,0.022905856370925903
2.448685857321652,21.694565568238893,0.509171546140278,0.509171546140278,-6.207891610882078,1.0925298929214478,0.4646318554878235,1.3973139524459839,0.14994798600673676,0.21991045773029327,2.5673046112060547,1.6585439443588257,-1.1902470588684082
2.453066332916145,-4.156015519901741,-2.5561325106435797,-2.5561325106435797,6.46435188977207,1.0945651531219482,0.3567623794078827,1.3979707956314087,0.25966137647628784,0.23115646839141846,2.7634642124176025,1.6533300876617432,-2.854491710662842
2.457446808510638,13.993027628176836,-0.3370021349507101,-0.3370021349507101,0.40083186585650155,1.096127986907959,0.4999620318412781,1.3991082906723022,0.17437712848186493,0.24326175451278687,2.500037431716919,1.6408261060714722,-1.0661438703536987
2.4618272841051314,-2.7803054803911733,-0.3972357486975212,-0.3972357486975212,0.5160480785334132,1.098318099975586,0.5364818572998047,1.3998721837997437,0.22040991485118866,0.2542130947113037,2.4784903526306152,1.6361558437347412,-0.8978301286697388
2.4662077596996244,10.635122469138697,0.6695541042579121,0.6695541042579121,-2.198744470388637,1.10066819190979,0.542850911617279,1.4008376598358154,0.1585041582584381,0.2650700509548187,2.451819658279419,1.6322228908538818,-0.7661486268043518
2.4705882352941178,17.028701955710723,-1.883025846546936,-1.883025846546936,2.1739931333552156,1.103046178817749,0.5141781568527222,1.4015319347381592,0.1865474283695221,0.275810182094574,2.535583019256592,1.6288667917251587,-1.3289215564727783
2.4749687108886107,10.114141039281009,0.505790045635709,0.505790045635709,-0.5770219063710154,1.1052985191345215,0.6031138300895691,1.4023491144180298,0.24862797558307648,0.28691723942756653,2.417105197906494,1.6230454444885254,-0.636422872543335
2.479349186483104,1.9194145672120042,-0.5795806831126022,-0.5795806831126022,-0.7019094433255991,1.107940435409546,0.6132813692092896,1.4034382104873657,0.270550936460495,0.29750531911849976,2.4487266540527344,1.6202576160430908,-0.7422226667404175
2.483729662077597,-2.9956769761445337,-0.8799808179576449,-0.8799808179576449,3.2882253004320763,1.1106269359588623,0.6015130877494812,1.4046233892440796,0.2403600811958313,0.308231920003891,2.452299118041992,1.6170063018798828,-0.9269258379936218
2.48811013767209,8.106826347302489,0.29703720071657624,0.29703720071657624,-1.8291947511346642,1.1132618188858032,0.6709075570106506,1.405676245689392,0.17457908391952515,0.31897416710853577,2.3305742740631104,1.6129459142684937,-0.028096258640289307
2.492490613266583,-9.781070802590415,-1.79410247780168,-1.79410247780168,-1.615887142806229,1.1162006855010986,0.6493582129478455,1.4064409732818604,0.184475839138031,0.3291831910610199,2.392667055130005,1.6128228902816772,-0.48629119992256165
2.4968710888610763,20.378400162142132,-0.630610692348578,-0.630610692348578,6.2259157890979795,1.1190451383590698,0.5850136280059814,1.407249093055725,0.08161797374486923,0.3396642208099365,2.387462615966797,1.6106927394866943,-1.0018565654754639
2.5012515644555693,-5.052465538919057,0.7872343987974583,0.7872343987974583,-1.3310646201514138,1.121607780456543,0.7878472805023193,1.407606601715088,0.1598966121673584,0.35012245178222656,2.187230348587036,1.6063041687011719,0.8754613399505615
2.5056320400500622,22.819785945457014,0.3434483922100763,0.3434483922100763,-4.080734013672965,1.125058889389038,0.7420446276664734,1.4083070755004883,0.08626408129930496,0.35970357060432434,2.249091386795044,1.6101391315460205,0.4676109552383423
2.510012515644556,0.944875131808887,-37.13915940337174,-37.13915940337174,1.6221960132911426,1.1283093690872192,0.714090883731842,1.4086849689483643,0.1886110007762909,0.36955565214157104,2.378291606903076,1.6121875047683716,-0.5019927620887756
2.5143929912390486,5.9944790907866246,11.899102343007646,11.899102343007646,6.062933889389235,1.1314374208450317,0.7549464106559753,1.4095112085342407,0.14981336891651154,0.37997370958328247,1.2463371753692627,1.6099885702133179,-0.04245883226394653
2.518773466833542,6.082353750585002,-3.188264135896418,-3.188264135896418,-6.221883951878211,1.13474440574646,0.9156831502914429,1.4101674556732178,0.13817818462848663,0.38543325662612915,1.4167717695236206,1.6098026037216187,1.6953229904174805
2.523153942428035,12.973673173643984,8.971570589923381,8.971570589923381,-1.2509132021369376,1.1387555599212646,0.7892143726348877,1.4107728004455566,0.13719764351844788,0.39163938164711,1.5053631067276,1.6172288656234741,0.008574247360229492
2.527534418022528,5.671598951618364,-49.31555310049969,-49.31555310049969,-0.4047598540045045,1.1422127485275269,0.8015331625938416,1.4113737344741821,0.17501422762870789,0.3982335925102234,1.8038920164108276,1.6172664165496826,-0.2373833954334259
2.5319148936170213,1.9535208656613055,22.608577128276306,22.608577128276306,2.454172155147458,1.145723819732666,0.8105428218841553,1.4121403694152832,0.16708560287952423,0.4061354994773865,0.3755418062210083,1.6162265539169312,-0.30446112155914307
2.536295369211514,-3.133361830488422,15.621163430951269,15.621163430951269,2.4183241372448254,1.1492743492126465,0.874496579170227,1.412872314453125,0.13335229456424713,0.40778055787086487,0.9641143679618835,1.614892840385437,0.396115243434906
2.540675844806008,9.644040984460368,11.05383802527563,11.05383802527563,-5.727448436807114,1.1531050205230713,0.9206531643867493,1.4134564399719238,0.06877113878726959,0.41200384497642517,1.3496791124343872,1.6166280508041382,1.044411301612854
2.545056320400501,5.378521001406631,-3.3695495921071044,-3.3695495921071044,-0.5895199349316798,1.1571378707885742,0.8190417289733887,1.4137576818466187,0.09006650000810623,0.41791608929634094,1.8397458791732788,1.621203064918518,-0.47192323207855225
2.549436795994993,15.069465532728247,4.7255612767626305,4.7255612767626305,1.0753837012263865,1.160725712776184,0.8235719799995422,1.4141522645950317,0.0802411288022995,0.4259750545024872,1.7585601806640625,1.619135856628418,-0.5910354852676392
2.553817271589487,-2.8805396465837996,-37.6448406005503,-37.6448406005503,-0.1468249491207357,1.1643333435058594,0.9011266231536865,1.414503812789917,0.1267496794462204,0.43367838859558105,1.865156888961792,1.616546869277954,-0.16090282797813416
2.55819774718398,14.744637772783186,17.034859560311286,17.034859560311286,3.3237639591601127,1.1682807207107544,0.8874862790107727,1.4150590896606445,0.06662197411060333,0.44184866547584534,0.770095944404602,1.6158419847488403,-0.22738750278949738
2.562578222778473,30.262053062123925,-37.65939081867792,-37.65939081867792,-5.9221917087818285,1.1721683740615845,1.018494725227356,1.4153509140014648,0.10834905505180359,0.44522204995155334,1.1705033779144287,1.614845871925354,0.8330972790718079
2.566958698372966,3.198426328442799,-42.94857799954037,-42.94857799954037,1.1429864136578511,1.176629900932312,0.9898316264152527,1.4158254861831665,0.25203126668930054,0.4503494203090668,0.24367648363113403,1.618495225906372,-0.5415075421333313
2.571339173967459,15.619749096524927,-52.48331975378794,-52.48331975378794,6.655408878725754,1.180965781211853,1.028319239616394,1.4169294834136963,0.22672569751739502,0.45141685009002686,-1.0439369678497314,1.6161231994628906,-0.1933775544166565
2.575719649561952,2.722607148116363,-7.755563081651389,-7.755563081651389,-5.497316905377327,1.1854703426361084,1.2416493892669678,1.4179226160049438,0.26968932151794434,0.4468439221382141,-2.770975351333618,1.6152760982513428,1.8072891235351562
2.580100125156445,9.166947082681327,35.888944245913684,35.888944245913684,-0.04786819535127229,1.1909093856811523,1.1228091716766357,1.419103980064392,0.24749676883220673,0.4347057342529297,-2.836923360824585,1.6231929063796997,0.2991914749145508
2.5844806007509384,13.935096614390517,29.864940640628316,29.864940640628316,-6.694052752351851,1.195827841758728,1.1541152000427246,1.4201881885528564,0.25954821705818176,0.42227867245674133,-1.7874544858932495,1.624503493309021,0.3659956157207489
2.588861076345432,8.881932065973986,36.439486849983375,36.439486849983375,8.046558611728011,1.200883388519287,1.0453413724899292,1.4213250875473022,0.30903828144073486,0.4144487679004669,-0.7198159694671631,1.6261067390441895,-1.3831638097763062
2.593241551939925,-4.554201901603838,-8.428903678385165,-8.428903678385165,-4.267515478289759,1.2054624557495117,1.263556957244873,1.422678828239441,0.3087201416492462,0.411295622587204,0.10934758186340332,1.6200478076934814,0.9340177774429321
2.5976220275344177,7.662512413366824,-1.7911320470228003,-1.7911320470228003,1.0416146262909893,1.210997462272644,1.148347020149231,1.424031138420105,0.242717444896698,0.411774605512619,-0.012178152799606323,1.6241393089294434,-0.2939082384109497
2.602002503128911,1.0013435084124218,-62.76681439918362,-62.76681439918362,-3.232884127330495,1.2160277366638184,1.1984275579452515,1.4250943660736084,0.2448766529560089,0.41172125935554504,-0.09490333497524261,1.622851848602295,0.05957797169685364
2.606382978723404,31.870239688629717,24.18563491715423,24.18563491715423,5.846242750476762,1.2212774753570557,1.1261197328567505,1.4261670112609863,0.2119184285402298,0.4113055467605591,-1.8334828615188599,1.6231127977371216,-0.8337451219558716
2.610763454317897,13.555001322248309,-47.605672704987555,-47.605672704987555,-1.5587120063026294,1.226210355758667,1.3697926998138428,1.4270952939987183,0.3548452854156494,0.4032740294933319,-1.2979145050048828,1.6194605827331543,1.059078574180603
2.6151439299123904,7.250990081614714,-29.710827381448635,-29.710827381448635,-2.6260558277397013,1.2322107553482056,1.3779559135437012,1.428649663925171,0.3957867920398712,0.3975885510444641,-2.6426315307617188,1.624099850654602,0.7346991300582886
2.619524405506884,7.861132655355389,-19.520315978407638,-19.520315978407638,0.3331044763155512,1.2382467985153198,1.3399885892868042,1.4303834438323975,0.40014463663101196,0.38601255416870117,-3.4335927963256836,1.6273181438446045,0.059708595275878906
2.6239048811013768,4.931076355346475,80.17176588166356,80.17176588166356,1.2960049831867027,1.2441165447235107,1.3724889755249023,1.4321362972259521,0.4049295485019684,0.37097179889678955,-4.013375759124756,1.627579689025879,0.21221955120563507
2.6282853566958697,20.43234317786279,-40.2455195585525,-40.2455195585525,-6.55396543562761,1.2501287460327148,1.4177119731903076,1.4339101314544678,0.39064064621925354,0.35339128971099854,-1.7099535465240479,1.628509283065796,0.6093652844429016
2.6326658322903627,0.23200099657760642,31.884242974342882,31.884242974342882,2.5551922687311652,1.2563389539718628,1.323133111000061,1.4356213808059692,0.4833333492279053,0.34590089321136475,-2.6938538551330566,1.631178617477417,-1.078855276107788
2.637046307884856,-3.899704892275347,-16.849445090335525,-16.849445090335525,-0.861045204724212,1.2621349096298218,1.383538007736206,1.4377386569976807,0.437764436006546,0.33410054445266724,-1.8373526334762573,1.6264526844024658,-0.3647344708442688
2.641426783479349,19.644385741697143,-31.651249056653487,-31.651249056653487,-0.5702750979853121,1.2681955099105835,1.352764368057251,1.4396562576293945,0.3714573085308075,0.32605206966400146,-2.304264545440674,1.6248549222946167,-0.6299840807914734
2.645807259073842,-2.5778846078028304,-19.662402158482397,-19.662402158482397,-0.9448493339551353,1.2741212844848633,1.3916791677474976,1.4412834644317627,0.4523870646953583,0.31595829129219055,-3.2119274139404297,1.6220953464508057,-0.6653291583061218
2.650187734668336,2.76896885878226,-12.442461806950483,-12.442461806950483,1.9902589301276015,1.2802175283432007,1.3628957271575928,1.4432650804519653,0.39414334297180176,0.30188852548599243,-3.7585391998291016,1.6191809177398682,-0.9446322917938232
2.6545682102628283,12.365787732140028,-6.074233197217337,-6.074233197217337,-6.299625230696037,1.2861876487731934,1.416319489479065,1.4449915885925293,0.3661205768585205,0.2854243218898773,-4.180020332336426,1.6150429248809814,-0.37331467866897583
2.6589486858573217,1.6714151595719589,-6.45288949930678,-6.45288949930678,3.947618389679054,1.2923917770385742,1.2978041172027588,1.4465954303741455,0.4083620011806488,0.2671138346195221,-4.17343807220459,1.6134076118469238,-2.0609238147735596
2.663329161451814,7.611127098712726,-1.6582575841031237,-1.6582575841031237,-4.1199002755700915,1.2980767488479614,1.393845796585083,1.4483842849731445,0.37058717012405396,0.24883219599723816,-4.477165699005127,1.6043797731399536,-0.9512952566146851
2.667709637046308,11.615672318564924,-1.9657474926828313,-1.9657474926828313,6.669221448454543,1.3041824102401733,1.31300687789917,1.450007677078247,0.3795251250267029,0.22922007739543915,-4.405277729034424,1.6002126932144165,-2.0621466636657715
2.672090112640801,-4.165819627345085,1.8452249317303897,1.8452249317303897,-3.2669422510055908,1.3099340200424194,1.4913140535354614,1.4516701698303223,0.40556272864341736,0.20992286503314972,-4.657446384429932,1.5911794900894165,-0.14820706844329834
2.676470588235294,15.463946132836618,55.166602669995385,55.166602669995385,2.5397800120983796,1.3164666891098022,1.407435417175293,1.4534467458724976,0.337050199508667,0.18952102959156036,-4.50815486907959,1.590530276298523,-1.077683925628662
2.6808510638297878,11.5864061446634,-18.253135931222914,-18.253135931222914,0.11296050192625454,1.3226319551467896,1.4914820194244385,1.454923152923584,0.39347824454307556,0.1697731614112854,-2.971284866333008,1.5858094692230225,-0.3081505298614502
2.6852315394242803,-1.3482535151188522,-10.29953497832573,-10.29953497832573,-0.48626154916016706,1.3291653394699097,1.5106786489486694,1.4566468000411987,0.4264030158519745,0.15675751864910126,-3.5076332092285156,1.584459662437439,-0.23478934168815613
2.689612015018773,15.75139590016412,-6.532505805970683,-6.532505805970683,1.0566032712640174,1.3357828855514526,1.4975026845932007,1.45851469039917,0.3747055232524872,0.14139240980148315,-3.7942118644714355,1.5834311246871948,-0.3749037981033325
2.6939924906132666,-12.17994604568792,-3.4522856068209506,-3.4522856068209506,-2.9690290683172083,1.3423426151275635,1.541025161743164,1.4601560831069946,0.435132771730423,0.12477195262908936,-4.015837669372559,1.5817888975143433,-0.032836347818374634
2.69837296620776,3.773340826770219,-2.5814828595421977,-2.5814828595421977,0.25309808751950547,1.3490930795669556,1.4586275815963745,1.462062120437622,0.31250008940696716,0.10718066990375519,-4.029950141906738,1.5816450119018555,-0.8932465314865112
2.7027534418022525,7.774604010126029,-0.9746652953150574,-0.9746652953150574,1.895951842348334,1.355482578277588,1.4679582118988037,1.4634310007095337,0.29413774609565735,0.08952756971120834,-4.112729072570801,1.5777322053909302,-0.8141565322875977
2.707133917396746,5.548507613933302,0.7547318383483382,0.7547318383483382,0.9084879000114914,1.3619129657745361,1.5182831287384033,1.4647194147109985,0.302154541015625,0.07151185721158981,-4.196560382843018,1.5741658210754395,-0.270382821559906
2.711514392991239,27.81085398128524,1.4212046376948075,1.4212046376948075,-3.4079083620045654,1.3685637712478638,1.542959213256836,1.4660429954528809,0.2959243357181549,0.0531289279460907,-4.201050758361816,1.572981357574463,-0.008170008659362793
2.715894868585732,2.772796844615274,1.2322053929111025,1.2322053929111025,3.4257607944691397,1.375322699546814,1.4757072925567627,1.467339277267456,0.4380030632019043,0.034726329147815704,-4.060025215148926,1.5729455947875977,-0.9253718852996826
2.720275344180225,0.6176237098863968,2.1714007271582503,2.1714007271582503,-5.07168012989102,1.3817869424819946,1.5568171739578247,1.4692579507827759,0.4129904806613922,0.016941487789154053,-4.124083995819092,1.568892002105713,0.032117366790771484
2.724655819774718,8.098076754585065,-0.023431317386068407,-0.023431317386068407,0.8427306968666552,1.3886065483093262,1.4380414485931396,1.4710670709609985,0.37390241026878357,-0.0011239629238843918,-3.9125630855560303,1.5690326690673828,-1.3819944858551025
2.729036295369212,10.082959651962064,1.0906771712597783,1.0906771712597783,4.340294234421408,1.3949058055877686,1.4577438831329346,1.4727048873901367,0.38417261838912964,-0.018262850120663643,-3.9378578662872314,1.5629788637161255,-1.1468532085418701
2.7334167709637045,-3.859329832290645,2.7421603118988553,2.7421603118988553,3.1199827350108906,1.4012913703918457,1.5580377578735352,1.474387764930725,0.40862324833869934,-0.035512540489435196,-4.032756805419922,1.5579551458358765,0.06109499931335449
2.737797246558197,-0.23463775487997118,3.3124502917655083,3.3124502917655083,-3.5934468987496686,1.408116340637207,1.6322414875030518,1.47617769241333,0.340914249420166,-0.053177934139966965,-4.043790340423584,1.558222770690918,0.9332429766654968
2.742177722152691,13.452786543732678,2.0168729720720937,2.0168729720720937,1.5080418220566376,1.4152662754058838,1.5481318235397339,1.4776710271835327,0.29500263929367065,-0.07089166343212128,-3.842116355895996,1.562310814857483,-0.06867045164108276
2.746558197747184,-6.562975368878471,2.4083672547425876,2.4083672547425876,3.310250525951828,1.4220478534698486,1.5754793882369995,1.4789632558822632,0.34164804220199585,-0.08772195875644684,-3.827256917953491,1.5620100498199463,0.33222663402557373
2.750938673341677,9.095708220506598,3.3176713523667547,3.3176713523667547,-6.738959233200216,1.428949236869812,1.65790855884552,1.4804598093032837,0.2558021545410156,-0.10448716580867767,-3.8535947799682617,1.5634653568267822,1.2675151824951172
2.75531914893617,10.36441877176551,-0.12642806792103156,-0.12642806792103156,1.550569543934957,1.4362117052078247,1.4919180870056152,1.481580376625061,0.2712898552417755,-0.12136774510145187,-3.5599093437194824,1.5690176486968994,-0.6325180530548096
2.759699624530663,-1.5055270009300097,0.8943692822759185,0.8943692822759185,-3.4094958351720672,1.4427469968795776,1.5174707174301147,1.4827687740325928,0.2967214584350586,-0.13696184754371643,-3.6088829040527344,1.5662468671798706,-0.22907805442810059
2.7640801001251565,-1.2790823563450031,-0.28347332358065835,-0.28347332358065835,8.654134780835452,1.4493942260742188,1.4393208026885986,1.484068512916565,0.24343907833099365,-0.15277047455310822,-3.483196496963501,1.5652433633804321,-1.1752560138702393
2.768460575719649,-3.418122325617807,4.279907738392528,4.279907738392528,-6.8003788737112165,1.45569908618927,1.6438188552856445,1.4851348400115967,0.19267049431800842,-0.16802853345870972,-3.7442030906677246,1.560095191001892,1.2425973415374756
2.7728410513141424,7.246678770152036,0.8812520663406995,0.8812520663406995,-4.880886670745495,1.4628998041152954,1.489309310913086,1.4859788417816162,0.1250005066394806,-0.18442992866039276,-3.420623540878296,1.5655384063720703,-0.6413329839706421
2.777221526908636,14.291588434755777,-1.4167565136224702,-1.4167565136224702,3.255817751142263,1.4694236516952515,1.3635239601135254,1.486526370048523,0.12868660688400269,-0.19941388070583344,-3.2523508071899414,1.5627291202545166,-2.032778263092041
2.7816020025031287,22.069871093542915,1.8069187540931257,1.8069187540931257,4.00214975405492,1.4753965139389038,1.4156416654586792,1.4870901107788086,0.17802268266677856,-0.21366071701049805,-3.3888046741485596,1.553824543952942,-1.1885027885437012
2.7859824780976217,7.2553472324896635,2.509088927805575,2.509088927805575,1.7957955754817183,1.481597661972046,1.4697901010513306,1.4878699779510498,0.27956193685531616,-0.22850529849529266,-3.4529123306274414,1.5486183166503906,-0.17347347736358643
2.790362953692115,1.966752384680797,2.128521019590276,2.128521019590276,-5.840035960791863,1.488036036491394,1.4980010986328125,1.489094614982605,0.28449204564094543,-0.24363069236278534,-3.432081937789917,1.547858476638794,0.2924988269805908
2.794743429286608,-11.894690044208186,-0.0978126970586084,-0.0978126970586084,-0.11926939004198622,1.4945980310440063,1.3571546077728271,1.4903408288955688,0.25103574991226196,-0.2586648464202881,-3.1993749141693115,1.5491397380828857,-1.346254825592041
2.7991239048811014,-1.078953536332543,0.8339355919294031,0.8339355919294031,9.024409696686764,1.5005429983139038,1.3801292181015015,1.4914405345916748,0.13090310990810394,-0.2726796269416809,-3.1987483501434326,1.5432424545288086,-1.3140592575073242
2.8035043804755944,20.02300514158213,4.2531163871125,4.2531163871125,0.6547695301002493,1.5065885782241821,1.5940278768539429,1.492013931274414,0.08621913194656372,-0.28669166564941406,-3.4379360675811768,1.53748619556427,1.2087953090667725
2.8078848560700878,-7.331461573846871,3.073073672079968,3.073073672079968,-4.20187572097159,1.5135711431503296,1.5618079900741577,1.492391586303711,0.1707485318183899,-0.3017514646053314,-3.332852840423584,1.5427813529968262,1.2737548351287842
2.8122653316645807,-5.810922922281291,0.6806124993447399,0.6806124993447399,-1.547928268425979,1.520412564277649,1.4817886352539062,1.4931395053863525,0.07792755216360092,-0.31635093688964844,-3.12040114402771,1.54836106300354,0.14839184284210205
2.8166458072590737,12.499280672036239,1.951576616245845,1.951576616245845,-1.095863510171834,1.526903510093689,1.4608681201934814,1.493480920791626,-0.0025576725602149963,-0.3300197720527649,-3.0553207397460938,1.5490111112594604,-0.24383682012557983
2.821026282853567,0.5562804258345437,0.5275763759343073,0.5275763759343073,3.6513577621363527,1.5333027839660645,1.400757074356079,1.4934697151184082,0.03244630992412567,-0.34340351819992065,-2.9663257598876953,1.5479429960250854,-0.6383256316184998
2.82540675844806,9.350230603300979,2.5497081118953906,2.5497081118953906,-1.7353096091998796,1.5394387245178223,1.4847254753112793,1.4936118125915527,-0.005241323262453079,-0.35639744997024536,-3.0575501918792725,1.5451468229293823,0.3758530020713806
2.829787234042553,8.62598514841404,0.8382886696717424,0.8382886696717424,0.19763534913717423,1.5459425449371338,1.4163713455200195,1.4935888051986694,0.008873017504811287,-0.3697909712791443,-2.9324140548706055,1.5467932224273682,-0.17925667762756348
2.8341677096370463,17.380395032190933,0.7654172497966067,0.7654172497966067,2.1824654774903163,1.5521469116210938,1.394490361213684,1.493627667427063,0.019405294209718704,-0.38263633847236633,-2.9137048721313477,1.5460079908370972,-0.19266453385353088
2.8385481852315397,28.649309661735845,1.684516035111566,1.684516035111566,-9.540458637403981,1.5582554340362549,1.3904386758804321,1.4937126636505127,0.08472813665866852,-0.3953997492790222,-2.955087184906006,1.5451639890670776,0.2732987105846405
2.842928660826032,13.649963232241554,-1.7554835796348067,-1.7554835796348067,6.5653025613570986,1.564346194267273,1.0730552673339844,1.4940837621688843,0.21148449182510376,-0.40834444761276245,-2.6272823810577393,1.5463612079620361,-2.6300041675567627
2.8473091364205256,3.581943735439385,1.5138591672988237,1.5138591672988237,1.3410315179955168,1.5690467357635498,1.180795431137085,1.4950101375579834,0.2528797388076782,-0.41985318064689636,-2.8702757358551025,1.5348405838012695,-0.9189063310623169
2.8516896120150186,17.67394934636041,2.5072291380573177,2.5072291380573177,1.5305071296943824,1.5742192268371582,1.199855923652649,1.4961178302764893,0.2324063628911972,-0.4324263632297516,-2.8652286529541016,1.5308153629302979,-0.5763642191886902
2.8560700876095115,13.45209929191877,2.5445350738895907,2.5445350738895907,0.7506930010383861,1.5794751644134521,1.1730915307998657,1.497135877609253,0.29704293608665466,-0.44497743248939514,-2.836705207824707,1.5282906293869019,-0.30796247720718384
2.860450563204005,2.4564420540643264,2.487865008514563,2.487865008514563,-4.209704632918053,1.5846139192581177,1.1417546272277832,1.4984370470046997,0.3351755440235138,-0.4574035406112671,-2.7843194007873535,1.5269416570663452,-0.22210566699504852
2.864831038798498,8.831149003565692,-0.1469866555786793,-0.1469866555786793,1.6309855801833129,1.5896153450012207,1.0340200662612915,1.4999052286148071,0.3024462163448334,-0.4696001708507538,-2.5887291431427,1.5259686708450317,-1.4192399978637695
2.8692115143929917,-3.0461049851921107,1.3493564788988397,1.3493564788988397,4.497308694426863,1.5941448211669922,1.0384750366210938,1.5012301206588745,0.3125517964363098,-0.480940043926239,-2.6406514644622803,1.5197516679763794,-1.0496925115585327
2.873591989987484,-5.93152210000975,2.797225881527936,2.797225881527936,1.1152140164657014,1.59869384765625,1.1556437015533447,1.5025992393493652,0.25670161843299866,-0.49250733852386475,-2.732581615447998,1.5151535272598267,0.23426735401153564
2.877972465581977,-1.2961214612086422,2.3810315717340433,2.3810315717340433,1.4878011816592063,1.603756070137024,1.205349326133728,1.5037237405776978,0.1806429773569107,-0.504477322101593,-2.6834614276885986,1.5161796808242798,0.6040970087051392
2.8823529411764706,3.6728060091798485,2.3923197412095822,2.3923197412095822,-3.9506087888170893,1.6090360879898071,1.2454544305801392,1.5045150518417358,0.13194680213928223,-0.5162321329116821,-2.657376289367676,1.518825888633728,1.0322229862213135
2.8867334167709635,22.09186536232348,0.7448843164170774,0.7448843164170774,1.8169263450387483,1.6144918203353882,1.1377025842666626,1.5050930976867676,0.10486890375614166,-0.5278726816177368,-2.4721426963806152,1.5233474969863892,-0.10806286334991455
2.891113892365457,9.577226119431224,2.1683889646435786,2.1683889646435786,6.0723702666213155,1.6194754838943481,1.0860717296600342,1.5055525302886963,0.19001010060310364,-0.5387018322944641,-2.5034496784210205,1.522874116897583,0.15934380888938904
2.89549436795995,1.67911347689404,3.7043761675306612,3.7043761675306612,-5.469915899386542,1.6242330074310303,1.1866408586502075,1.5063848495483398,0.2081485092639923,-0.5496681332588196,-2.6174583435058594,1.5235720872879028,1.7470051050186157
2.899874843554443,-8.660802189506162,0.4205531237690908,0.4205531237690908,1.1143062785857625,1.6294310092926025,1.051203966140747,1.5072966814041138,0.1674582064151764,-0.561133861541748,-2.3495399951934814,1.5312248468399048,0.20260894298553467
2.904255319148936,7.63413169165965,1.6787401704800833,1.6787401704800833,-5.529119945988963,1.6340358257293701,1.116476058959961,1.5080301761627197,0.07702451199293137,-0.5714259743690491,-2.369799852371216,1.5321123600006104,0.614501953125
2.908635794743429,9.070972869419219,-1.0586082086790605,-1.0586082086790605,-0.6954088107936556,1.6389265060424805,0.9518704414367676,1.5083675384521484,0.0713542252779007,-0.5818068385124207,-2.1593074798583984,1.5348042249679565,-1.0183295011520386
2.913016270337922,10.672972031238887,-0.9890394647611888,-0.9890394647611888,-0.9208785178811097,1.6430962085723877,0.8931413888931274,1.5086801052093506,0.07753223180770874,-0.5912656188011169,-2.1699140071868896,1.5303434133529663,-1.3226295709609985
2.9173967459324155,7.017806715769807,-0.0652180720701766,-0.0652180720701766,7.823465111245758,1.6470085382461548,0.8210020065307617,1.5090197324752808,0.09158894419670105,-0.600770890712738,-2.1719045639038086,1.5245497226715088,-1.7103666067123413
2.9217772215269084,-1.2279781981046085,24.256546265680097,24.256546265680097,-5.383695154935651,1.6506049633026123,0.9705395102500916,1.5094209909439087,0.09421991556882858,-0.6102848649024963,-2.4022791385650635,1.5170575380325317,0.38482725620269775
2.9261576971214014,3.1877036633373645,-7.00144525954653,-7.00144525954653,6.815184573848821,1.6548564434051514,0.8505041599273682,1.5098336935043335,0.03778480365872383,-0.6208080053329468,-1.53669011592865,1.5187432765960693,-1.1013680696487427
2.930538172715895,5.521729333483887,-1.4809583911595887,-1.4809583911595887,-4.149983135625097,1.658582091331482,0.9943218231201172,1.50999915599823,0.019762864336371422,-0.6275394558906555,-1.9401795864105225,1.5139187574386597,0.7590044736862183
2.934918648310388,13.769232976003766,-2.74107292667001,-2.74107292667001,5.933740168443587,1.6629376411437988,0.8697757124900818,1.5100857019424438,0.00047133490443229675,-0.6360383629798889,-1.8622355461120605,1.517243504524231,-0.46824777126312256
2.939299123904881,3.5063555469852803,1.0713373414878284,1.0713373414878284,-0.3118260824202168,1.6667476892471313,0.9393049478530884,1.5100877285003662,0.037804510444402695,-0.6441958546638489,-2.115567684173584,1.5151923894882202,1.009019136428833
2.943679599499374,20.855304576046283,0.5864009217118442,0.5864009217118442,-1.7523469025173461,1.6708623170852661,0.9141814112663269,1.5102533102035522,0.012502964586019516,-0.6534630656242371,-2.0751748085021973,1.519612431526184,0.8764313459396362
2.948060075093867,-0.7583095750613404,-0.5389376564612874,-0.5389376564612874,1.5010943105109436,1.6748669147491455,0.7655305862426758,1.510308027267456,0.07619211077690125,-0.6625533103942871,-2.006875991821289,1.523451566696167,0.11082255840301514
2.9524405506883604,11.617053252641925,1.3903048047258235,1.3903048047258235,-2.561434428470365,1.678220272064209,0.804639995098114,1.5106418132781982,0.030940823256969452,-0.6713443994522095,-2.06645131111145,1.5239369869232178,0.5397034883499146
2.9568210262828534,-3.865364176046718,-0.11468551565469831,-0.11468551565469831,-3.0165979513199246,1.681744933128357,0.683205246925354,1.5107773542404175,0.04497675970196724,-0.6803964376449585,-1.9510480165481567,1.5263011455535889,-0.33382147550582886
2.9612015018773468,15.896783329354474,51.87860886825338,51.87860886825338,7.365875556702592,1.6847376823425293,0.6332808136940002,1.510974407196045,-0.020983073860406876,-0.6889429688453674,-1.8663029670715332,1.5248388051986694,-1.1212823390960693
2.96558197747184,17.74425873211157,-16.470866237573254,-16.470866237573254,-1.6135662018499128,1.6875118017196655,0.7197262048721313,1.5108824968338013,0.024342160671949387,-0.6971182823181152,-0.5663899183273315,1.5199270248413086,0.7095085382461548
2.9699624530663327,1.0659406043491808,-10.180716589202238,-10.180716589202238,0.9227597471399874,1.690664529800415,0.5851060152053833,1.5109890699386597,0.06875969469547272,-0.6995993256568909,-1.000270128250122,1.5230350494384766,0.009074926376342773
2.974342928660826,16.199553148657568,-7.188945820691273,-7.188945820691273,0.9471362955634075,1.6932275295257568,0.6008670926094055,1.5112903118133545,0.032188281416893005,-0.7039809823036194,-1.3245267868041992,1.523074746131897,0.25125718116760254
2.978723404255319,6.607310707113583,-4.3092529696272175,-4.3092529696272175,0.5519982445039783,1.695859670639038,0.5337908864021301,1.511431336402893,0.07152964174747467,-0.7097830176353455,-1.5621261596679688,1.5241754055023193,0.28372880816459656
2.983103879849812,13.306715177314029,-1.2258325896537101,-1.2258325896537101,-0.2698735530476679,1.6981979608535767,0.5100476741790771,1.5117446184158325,0.06212107837200165,-0.7166258692741394,-1.7040901184082031,1.5254182815551758,0.3423357605934143
2.9874843554443054,5.911955015599387,23.242523960298556,23.242523960298556,-0.5154510670349813,1.7004321813583374,0.42925798892974854,1.512016773223877,0.08487541973590851,-0.724090576171875,-1.7320071458816528,1.5269179344177246,0.07309645414352417
2.9918648310387983,-5.274295359652006,46.59144728620435,46.59144728620435,7.183447109265539,1.7023125886917114,0.3837989568710327,1.5123885869979858,0.07053250819444656,-0.7316775918006897,-1.0381989479064941,1.527238130569458,-0.1578020602464676
2.9962453066332912,20.15178133940637,-23.75902220871254,-23.75902220871254,-3.1843030529977345,1.703993797302246,0.582054078578949,1.5126975774765015,0.009043976664543152,-0.736225426197052,0.1126396656036377,1.526546835899353,1.9240174293518066
3.0006257822277846,10.074131636646674,-15.786757890169525,-15.786757890169525,-2.6963881768747533,1.7065434455871582,0.39216724038124084,1.5127371549606323,0.05969872325658798,-0.7357320189476013,-0.4882073402404785,1.5349749326705933,0.7346194982528687
3.0050062578222776,1.074085005428656,-11.613376191028845,-11.613376191028845,4.566599923465009,1.7082613706588745,0.27123361825942993,1.5129987001419067,0.06352535635232925,-0.7378705739974976,-0.8704876899719238,1.538192868232727,-0.1694393754005432
3.009386733416771,3.9593835053673088,-5.707423730644947,-5.707423730644947,-3.897942574073211,1.7094495296478271,0.3720267117023468,1.5132769346237183,0.029277212917804718,-0.7416837215423584,-1.342994213104248,1.5374506711959839,1.0877704620361328
3.013767209011264,17.85306448129928,-4.055075805888541,-4.055075805888541,-0.26478023949781726,1.7110792398452759,0.2578561305999756,1.513405203819275,0.0020894408226013184,-0.7475666999816895,-1.3958368301391602,1.5422155857086182,-0.05965590476989746
3.018147684605757,21.84200307204877,-2.2016953419495695,-2.2016953419495695,8.274222346037618,1.7122087478637695,0.14769843220710754,1.5134143829345703,0.04543633386492729,-0.7536811232566833,-1.5065255165100098,1.5419542789459229,-0.40908780694007874
3.0225281602002503,13.790577904039903,1.2448709978902872,1.2448709978902872,-4.272533469066362,1.7128556966781616,0.21352824568748474,1.5136134624481201,0.11319991946220398,-0.760280430316925,-1.8124555349349976,1.5401623249053955,1.5590035915374756
3.0269086357947432,23.4386295862822,60.32890375076247,60.32890375076247,0.7024793790866396,1.713791012763977,0.032098203897476196,1.5141093730926514,0.13223890960216522,-0.7682198286056519,-1.6513298749923706,1.5469914674758911,0.15202414989471436
3.0312891113892366,-3.451672157932351,14.52508594051757,14.52508594051757,6.037984173211316,1.7139315605163574,-0.09113728255033493,1.5146886110305786,0.2011190801858902,-0.7754534482955933,0.08995068073272705,1.5476573705673218,-0.024274975061416626
3.0356695869837296,-23.34845662504241,-25.53150371942856,-25.53150371942856,-6.448245603482532,1.7135323286056519,0.07107198983430862,1.5155695676803589,0.14511898159980774,-0.7750594019889832,0.3378009498119354,1.5475510358810425,1.7148727178573608
3.0400500625782225,3.252110799353611,-17.49112242480686,-17.49112242480686,-7.1019052690796665,1.7138437032699585,0.06017584726214409,1.5162053108215332,-0.012759342789649963,-0.7735796570777893,-0.2194906771183014,1.555063009262085,0.29033470153808594
3.044430538172716,11.832101120569229,26.174040411216268,26.174040411216268,5.230882825029081,1.7141072750091553,-0.12578493356704712,1.5161494016647339,-0.04296203330159187,-0.7745411396026611,-0.5228887796401978,1.5563348531723022,-1.742629051208496
3.048811013767209,26.390141730325126,-21.898459931531633,-21.898459931531633,0.9972085482399327,1.7135562896728516,-0.07432806491851807,1.5159611701965332,-0.02921188995242119,-0.7768316268920898,0.08871781826019287,1.548701286315918,-0.4749119281768799
3.053191489361702,9.953848118188292,5.271186715751546,5.271186715751546,3.8523869805724367,1.7132307291030884,-0.20972391963005066,1.5158332586288452,0.05275057628750801,-0.7764430046081543,-0.5799083113670349,1.5466209650039673,-0.6205604076385498
3.057571964956195,4.193146098778131,18.686563302927844,18.686563302927844,0.40928532190731715,1.7123119831085205,-0.1792842596769333,1.5160642862319946,0.058769527822732925,-0.7789832949638367,-0.5384748578071594,1.5439026355743408,0.29437947273254395
3.061952440550688,5.562270377733384,-19.746010328070895,-19.746010328070895,-6.232557746272304,1.71152663230896,-0.1949464976787567,1.5163217782974243,0.035736389458179474,-0.781342089176178,-0.0047203898429870605,1.5451921224594116,0.3413805365562439
3.066332916145181,-1.0649044653460633,26.073043863608763,26.073043863608763,4.631870340926144,1.7106726169586182,-0.37456339597702026,1.5164783000946045,0.015078665688633919,-0.781362771987915,-0.39935606718063354,1.5466874837875366,-1.4861574172973633
3.0707133917396745,7.352881017139916,2.188563656933985,2.188563656933985,3.788784320471151,1.7090318202972412,-0.2595818340778351,1.5165443420410156,-0.03108803741633892,-0.7831121683120728,0.22679418325424194,1.5401774644851685,-0.17728137969970703
3.0750938673341675,-1.3412554481194459,17.94442687803911,17.94442687803911,-2.328574403775869,1.7078946828842163,-0.215250626206398,1.5164082050323486,-0.03696464002132416,-0.7821186780929565,0.1800626665353775,1.5394009351730347,0.7615467309951782
3.079474342928661,18.01200218055168,16.33048992354123,16.33048992354123,-1.252520857923138,1.7069517374038696,-0.26169899106025696,1.5162463188171387,-0.08814159035682678,-0.7813299298286438,0.7720985412597656,1.5427368879318237,0.13360100984573364
3.083854818523154,5.979498294644944,23.08333253221616,23.08333253221616,3.921379160709838,1.7058054208755493,-0.39974671602249146,1.5158601999282837,-0.04749131202697754,-0.7779477834701538,1.2855782508850098,1.5433220863342285,-0.5044699311256409
3.0882352941176467,8.848544108458096,12.269104586021422,12.269104586021422,3.6875313348099574,1.704054355621338,-0.3438376188278198,1.5156521797180176,-0.05989653244614601,-0.7723163366317749,1.8451679944992065,1.5411123037338257,0.49354273080825806
3.09261576971214,22.789344166905245,-30.785222397688663,-30.785222397688663,-3.7051305729397788,1.7025481462478638,-0.3103320896625519,1.5153898000717163,-0.058548424392938614,-0.7642336487770081,2.0957770347595215,1.5432742834091187,1.3816746473312378
3.096996245306633,-6.355485297149247,1.0361854619927624,1.0361854619927624,-1.0336392609684453,1.7011888027191162,-0.5322515964508057,1.5151333808898926,0.004081610590219498,-0.7550531625747681,1.3049525022506714,1.5493266582489014,-0.010466456413269043
3.1013767209011265,5.545811378913888,4.490407181858836,4.490407181858836,3.3945850728725517,1.698857307434082,-0.5190960168838501,1.5151512622833252,-0.07004274427890778,-0.749336838722229,1.3653979301452637,1.5492807626724243,-0.1989940106868744
3.1057571964956194,14.750373628017869,51.70010615231948,51.70010615231948,-2.930592345419941,1.6965833902359009,-0.47196638584136963,1.5148444175720215,-0.08444389700889587,-0.7433557510375977,1.3973994255065918,1.548409104347229,0.66121506690979
3.1101376720901124,7.8727078280734375,-1.6553303689916339,-1.6553303689916339,0.3220640409165181,1.6945159435272217,-0.6262625455856323,1.5144745111465454,-0.05725136399269104,-0.7372344732284546,2.9927890300750732,1.5513055324554443,-0.38427603244781494
3.1145181476846058,-3.545508434721145,-19.92121333946407,-19.92121333946407,3.982119492856301,1.6917725801467896,-0.6641442179679871,1.5142236948013306,-0.06152863800525665,-0.7241246104240417,2.9350428581237793,1.5496221780776978,-0.41581428050994873
3.1188986232790987,19.277020715271185,-50.90131484638314,-50.90131484638314,-0.4172939137679458,1.6888632774353027,-0.550681471824646,1.5139541625976562,-0.1201738715171814,-0.7112677097320557,2.236989736557007,1.5478006601333618,0.7484357357025146
3.123279098873592,-5.043885523639477,36.800029731219645,36.800029731219645,-4.30632782083321,1.6864510774612427,-0.668342113494873,1.513427734375,-0.06691592931747437,-0.7014686465263367,0.7626962661743164,1.5510791540145874,0.34507057070732117
3.127659574468085,13.396607488651957,45.06253870238979,45.06253870238979,5.250105966956136,1.683523416519165,-0.7413229942321777,1.5131345987319946,-0.13744914531707764,-0.6981276869773865,1.9631321430206299,1.5525907278060913,-0.7813785076141357
3.132040050062578,27.818632955860576,-20.828236773709403,-20.828236773709403,-8.318414828582494,1.6802760362625122,-0.6922037601470947,1.5125324726104736,-0.11038865149021149,-0.689528226852417,3.125781536102295,1.5491678714752197,0.4853525161743164
3.136420525657071,-4.752629438720901,33.68953650372286,33.68953650372286,4.74292250025137,1.6772438287734985,-1.0388667583465576,1.5120489597320557,-0.015511088073253632,-0.6758357882499695,2.7604551315307617,1.551293969154358,-2.2382898330688477
3.1408010012515644,28.412071773217072,22.924817311237287,22.924817311237287,5.586467008160372,1.672693133354187,-0.9021852016448975,1.5119810104370117,-0.08273301273584366,-0.6637436747550964,3.605787992477417,1.5414892435073853,-0.8476163148880005
3.1451814768460573,23.67287044973477,16.114510640966248,16.114510640966248,-1.5278324161165457,1.6687411069869995,-0.9209848642349243,1.5116186141967773,0.025883913040161133,-0.6479486227035522,4.112122535705566,1.537776231765747,0.3156287670135498
3.1495619524405507,5.914040708437091,8.798976422781806,8.798976422781806,-0.8320807625683033,1.6647067070007324,-1.0787768363952637,1.5117319822311401,0.10645982623100281,-0.6299355626106262,4.627335071563721,1.539158821105957,-0.43053746223449707
3.153942428035044,5.956322221502823,5.57624040050726,5.57624040050726,1.5711761053493372,1.65998113155365,-1.1280183792114258,1.5121983289718628,0.09440929442644119,-0.6096656322479248,4.908592224121094,1.5372728109359741,-0.7406584024429321
3.1583229036295366,4.041310037864594,2.5265940474543855,2.5265940474543855,-0.4784635909879944,1.65503990650177,-1.1203006505966187,1.5126118659973145,0.08476392179727554,-0.5881636738777161,5.025552749633789,1.53402841091156,-0.3785449266433716
3.16270337922403,13.036615882877157,0.4599481603135272,0.4599481603135272,-0.17211727693255022,1.650132417678833,-1.1505999565124512,1.5129832029342651,0.06355632841587067,-0.5661493539810181,5.113309860229492,1.5323702096939087,-0.5615994334220886
3.167083854818523,18.776388683872156,-0.17741382825303353,-0.17741382825303353,5.279918231376484,1.645092248916626,-1.2141001224517822,1.5132615566253662,0.09306289255619049,-0.5437506437301636,5.131768226623535,1.5299100875854492,-0.76346355676651
3.1714643304130163,8.336425369251462,1.7341892782740358,1.7341892782740358,2.186839019364263,1.639773964881897,-1.1729234457015991,1.5136692523956299,0.16117683053016663,-0.5212710499763489,4.9723968505859375,1.5265657901763916,0.49690574407577515
3.1758448060075093,0.6242324371283958,1.534693461694973,1.534693461694973,-4.484554776016332,1.6346360445022583,-1.1568843126296997,1.5143753290176392,0.16817337274551392,-0.49948957562446594,4.9591779708862305,1.5287424325942993,1.017056941986084
3.1802252816020022,14.47103641328903,-1.8436018151373466,-1.8436018151373466,-1.1465565232237573,1.629568338394165,-1.2644160985946655,1.515112042427063,0.12402668595314026,-0.4777660071849823,5.1349592208862305,1.5331976413726807,-0.24005258083343506
3.184605757196496,-4.7637358910432015,-1.9961809780056807,-1.9961809780056807,1.3007381130570839,1.6240296363830566,-1.3477015495300293,1.515655279159546,0.1651163101196289,-0.4552724361419678,5.114603519439697,1.5321460962295532,-0.7043193578720093
3.1889862327909886,8.728985237433267,-1.764157232486063,-1.764157232486063,6.844073598884507,1.6181260347366333,-1.2994920015335083,1.5163785219192505,0.09480296075344086,-0.43286803364753723,5.018322944641113,1.5290608406066895,-0.2963886857032776
3.193366708385481,4.775748610518971,1.1305164155147676,1.1305164155147676,-9.286529499204002,1.612433671951294,-1.1701464653015137,1.5167938470840454,0.11096881330013275,-0.41088539361953735,4.766935348510742,1.527762532234192,1.53428316116333
3.197747183979975,14.179309003759577,-4.306149601979143,-4.306149601979143,5.255195376390631,1.6073079109191895,-1.4036412239074707,1.5172799825668335,0.08676851540803909,-0.3900039494037628,5.071146011352539,1.5344834327697754,-1.0957863330841064
3.202127659574468,10.111194341745428,-0.44485289327292643,-0.44485289327292643,-1.0419928153001037,1.6011593341827393,-1.3260924816131592,1.5176600217819214,0.13478168845176697,-0.3677899241447449,4.791924476623535,1.5296833515167236,0.25467002391815186
3.206508135168961,6.705859258928774,-1.8757228096017917,-1.8757228096017917,2.4553991397041597,1.5953503847122192,-1.381081223487854,1.5182504653930664,0.15333013236522675,-0.34679901599884033,4.809362888336182,1.5307989120483398,-0.11196708679199219
3.210888610763454,8.81194567510969,-0.7603929516825807,-0.7603929516825807,2.5846737193484297,1.5893006324768066,-1.3427377939224243,1.5189220905303955,0.15447959303855896,-0.32573172450065613,4.682880401611328,1.530308485031128,0.5253248810768127
3.215269086357947,27.548420458324816,0.9856571513698307,0.9856571513698307,-5.987405253297615,1.583418846130371,-1.3058571815490723,1.5195988416671753,0.1692386418581009,-0.30521848797798157,4.585193634033203,1.5326097011566162,1.1880196332931519
3.219649561952441,-1.024130031380258,-3.7129498356353876,-3.7129498356353876,1.8447642966694564,1.5776985883712769,-1.5154852867126465,1.5203402042388916,0.2947634160518646,-0.28513315320014954,4.788829326629639,1.5378137826919556,-0.652114748954773
3.224030037546933,-2.1375424899623674,-1.6392463178794126,-1.6392463178794126,2.57449289091183,1.571060061454773,-1.4698457717895508,1.5216313600540161,0.24653425812721252,-0.2641558051109314,4.626526355743408,1.5349571704864502,-0.1316603422164917
3.2284105131414265,2.426598582483852,-2.116357546277537,-2.116357546277537,0.1179530400757024,1.5646214485168457,-1.4048763513565063,1.5227112770080566,0.19201506674289703,-0.24388942122459412,4.503471851348877,1.5343804359436035,0.5976507663726807
3.23279098873592,-2.416148278779649,-0.7161237327619391,-0.7161237327619391,-6.038599469772751,1.5584673881530762,-1.4069937467575073,1.523552417755127,0.16465240716934204,-0.22416207194328308,4.438222885131836,1.5369983911514282,0.6188300251960754
3.237171464330413,1.000323013516125,-3.3806688024593474,-3.3806688024593474,2.904811368307108,1.5523040294647217,-1.5439635515213013,1.5242736339569092,0.10110443830490112,-0.20472054183483124,4.593656063079834,1.539709210395813,-1.0544931888580322
3.241551939924906,17.349104065118226,-0.7929782959009652,-0.7929782959009652,-0.5580370654920753,1.545540690422058,-1.4775956869125366,1.5247164964675903,0.06634870171546936,-0.1845981478691101,4.410099983215332,1.5350899696350098,-0.24845290184020996
3.245932415519399,12.430082389916318,-1.8507603073497758,-1.8507603073497758,6.715570998249587,1.5390681028366089,-1.5169315338134766,1.5250071287155151,0.13624081015586853,-0.1652798056602478,4.403238773345947,1.5340015888214111,-0.4643970727920532
3.250312891113892,5.010624603515037,0.05420587072690797,0.05420587072690797,-2.9849669158406265,1.5324232578277588,-1.3763874769210815,1.5256038904190063,0.180486261844635,-0.1459915190935135,4.153074741363525,1.531967282295227,1.3711053133010864
3.254693366708385,-6.716430454622056,-1.489062153665182,-1.489062153665182,-1.4397854549407747,1.526394009590149,-1.4521760940551758,1.5263944864273071,0.16706758737564087,-0.12779907882213593,4.241828441619873,1.537973403930664,0.5261000990867615
3.2590738423028784,16.684664567044187,-1.5649429696699497,-1.5649429696699497,0.0701002346719158,1.5200327634811401,-1.4789471626281738,1.5271263122558594,0.0785786584019661,-0.10921785235404968,4.240389347076416,1.5402779579162598,0.13950270414352417
3.2634543178973714,14.523827862385955,-2.292096787325888,-2.292096787325888,1.638799971819077,1.5135542154312134,-1.4919945001602173,1.5274704694747925,0.14598262310028076,-0.09064292907714844,4.192640781402588,1.540889024734497,0.1283084899187088
3.267834793491865,3.810904885254411,-1.0161181719108248,-1.0161181719108248,-3.274674263151542,1.5070185661315918,-1.4640896320343018,1.5281099081039429,0.20039266347885132,-0.07227716594934464,4.077846050262451,1.541451096534729,0.5646733045578003
3.2722152690863577,17.59067065211406,-2.4648403771073957,-2.4648403771073957,7.470981038070623,1.5006051063537598,-1.54295814037323,1.5289877653121948,0.18034540116786957,-0.054414261132478714,4.143803119659424,1.5439246892929077,-0.35239773988723755
3.2765957446808507,-14.834010678642423,0.7024422457568389,0.7024422457568389,-1.1922343771339248,1.4938461780548096,-1.375240445137024,1.5297777652740479,0.25893864035606384,-0.036262430250644684,3.8536455631256104,1.5423810482025146,1.71974778175354
3.280976220275344,-5.3852123523157704,-1.1792576623459585,-1.1792576623459585,-2.136819431578895,1.4878219366073608,-1.399332046508789,1.5309120416641235,0.115401491522789,-0.019381629303097725,3.9089760780334473,1.5499143600463867,1.3899869918823242
3.285356695869837,7.629581983321179,-1.4322175313811267,-1.4322175313811267,-2.0215487341513683,1.4816921949386597,-1.448709487915039,1.5314176082611084,0.034827813506126404,-0.002258455380797386,3.9369399547576904,1.556003212928772,0.793883740901947
3.2897371714643304,-13.842801036170943,-2.7291879107185912,-2.7291879107185912,-3.0347958800515094,1.4753462076187134,-1.4960076808929443,1.5315701961517334,0.04171722009778023,0.014987215399742126,3.9541501998901367,1.5594807863235474,0.23235774040222168
3.294117647058824,9.113068478375553,-2.4154866846810847,-2.4154866846810847,-0.42945889901411854,1.4687930345535278,-1.5692297220230103,1.5317529439926147,-0.09423282742500305,0.032308273017406464,3.9630749225616455,1.560498595237732,-0.6225156188011169
3.2984981226533163,10.028133442361012,-3.492192464848478,-3.492192464848478,7.39694662609679,1.4619190692901611,-1.5765689611434937,1.5313401222229004,-0.07680734246969223,0.04966842383146286,3.905076503753662,1.5577716827392578,-0.7331852316856384
3.3028785982478097,22.7606357116032,0.10337535209320556,0.10337535209320556,-1.4368199268704767,1.4550129175186157,-1.398661732673645,1.531003713607788,-0.05102604627609253,0.06677451729774475,3.5870790481567383,1.5545599460601807,1.3443927764892578
3.3072590738423027,21.74191046157877,0.35134167376066905,0.35134167376066905,-5.909618899139834,1.4488861560821533,-1.4184949398040771,1.5307801961898804,0.05603553354740143,0.08248762786388397,3.6320576667785645,1.5604490041732788,0.9879258871078491
3.311639549436796,8.101590857420899,-2.2763450865390364,-2.2763450865390364,6.1490013803272525,1.4426724910736084,-1.5410959720611572,1.5310256481170654,0.15556105971336365,0.09839776903390884,3.8148975372314453,1.5647765398025513,-0.612903356552124
3.316020025031289,17.465001301981513,-0.3583230057535574,-0.3583230057535574,-3.2386456835947417,1.4359217882156372,-1.3900176286697388,1.5317070484161377,0.1670013666152954,0.11510883271694183,3.5688507556915283,1.5620917081832886,1.12171471118927
3.320400500625782,-2.8179360964209987,-1.5101796481481833,-1.5101796481481833,1.4648051168612433,1.4298328161239624,-1.4483146667480469,1.5324386358261108,0.2384415566921234,0.13074210286140442,3.6529653072357178,1.5670053958892822,0.26907700300216675
3.324780976220276,-0.6172033619022006,-2.4070262830758042,-2.4070262830758042,-1.3334115119184695,1.4234884977340698,-1.4171733856201172,1.5334831476211548,0.17697013914585114,0.14674383401870728,3.5660862922668457,1.5681841373443604,0.6687217354774475
3.3291614518147683,-11.218576466514573,-1.7064667839766516,-1.7064667839766516,3.1466684218131546,1.4172805547714233,-1.4492065906524658,1.5342583656311035,0.12968620657920837,0.16236498951911926,3.534733295440674,1.5711134672164917,0.29470881819725037
3.3335419274092613,11.161975759195656,-0.481155592629716,-0.481155592629716,-5.169850766589926,1.4109323024749756,-1.3910942077636719,1.534826397895813,0.01295682042837143,0.17784880101680756,3.3930063247680664,1.572404384613037,1.1298260688781738
3.337922403003754,-18.897424675322725,-2.3041641944141436,-2.3041641944141436,3.051497132178076,1.4048386812210083,-1.4952633380889893,1.5348831415176392,0.042839109897613525,0.19271178543567657,3.52993106842041,1.577353596687317,-0.26606810092926025
3.342302878598248,7.0498345033982375,-1.9247733689940199,-1.9247733689940199,1.8474930388511903,1.3982887268066406,-1.4547284841537476,1.535070776939392,-0.12405937910079956,0.20817455649375916,3.3735287189483643,1.576188087463379,0.5029554963111877
3.3466833541927405,8.063990029526675,-0.6905466158511168,-0.6905466158511168,-1.5640000417267623,1.391916275024414,-1.3989322185516357,1.53452730178833,-0.12145423144102097,0.2229522168636322,3.26336669921875,1.5783913135528564,1.0514594316482544
3.351063829787234,9.104516425661185,-1.319012826926414,-1.319012826926414,-2.60466272691876,1.3857883214950562,-1.4203264713287354,1.533995270729065,-0.11222574859857559,0.2372473180294037,3.288874387741089,1.58299720287323,0.6556817293167114
3.355444305381727,-1.3145595905737597,-2.5679399258185187,-2.5679399258185187,4.006851866649405,1.3795666694641113,-1.46312415599823,1.5335036516189575,-0.09574718028306961,0.25165414810180664,3.3264193534851074,1.5858694314956665,-0.023085713386535645
3.3598247809762203,2.573949689533781,-0.05651678942284452,-0.05651678942284452,-5.423701856333715,1.3731575012207031,-1.3720093965530396,1.5330842733383179,-0.14860188961029053,0.2662254571914673,3.1344146728515625,1.5857683420181274,1.087119460105896
3.364205256570713,10.938400150291969,-2.5005995026462604,-2.5005995026462604,1.5754788545032987,1.367147445678711,-1.4933521747589111,1.532433271408081,-0.17359332740306854,0.2799556851387024,3.2911534309387207,1.5905303955078125,-0.41043829917907715
3.368585732165206,29.3869867633545,-1.6137048262174993,-1.6137048262174993,-1.0116053968442684,1.3606058359146118,-1.4307713508605957,1.5316728353500366,-0.14748112857341766,0.2943724989891052,3.172119140625,1.5887324810028076,0.09489244222640991
3.3729662077597,28.225576124167283,-1.4989322598038728,-1.4989322598038728,-1.3648224781352225,1.3543384075164795,-1.381919264793396,1.531026840209961,-0.0030936896800994873,0.30826789140701294,3.154536008834839,1.5891481637954712,0.0007605329155921936
3.3773466833541925,8.428752760794232,-2.2180709384959547,-2.2180709384959547,-4.330928306149762,1.3482849597930908,-1.3409990072250366,1.5310132503509521,0.13327640295028687,0.32208627462387085,3.1506195068359375,1.5891515016555786,-0.19074338674545288
3.381727158948686,9.388688885075627,-3.6859869119959807,-3.6859869119959807,5.670790623033919,1.3424108028411865,-1.4197622537612915,1.5315970182418823,0.14528940618038177,0.33588749170303345,3.2123217582702637,1.5883159637451172,-1.3394639492034912
3.386107634543179,1.8010667011858468,-0.55693297756841,-0.55693297756841,0.010020712989187957,1.3361915349960327,-1.260494589805603,1.532233476638794,0.15823684632778168,0.34995898604393005,2.9390742778778076,1.5824484825134277,0.3108792304992676
3.390488110137672,-0.5812074450370917,-0.7306725249877829,-0.7306725249877829,-1.2535213800443927,1.3306699991226196,-1.2549718618392944,1.5329266786575317,0.1264757513999939,0.36283352971076965,2.9225175380706787,1.5838103294372559,0.32768383622169495
3.394868585732165,6.360424060428603,-0.9537560183459818,-0.9537560183459818,1.4689745623350894,1.3251726627349854,-1.2861151695251465,1.5334806442260742,0.0802338570356369,0.3756355345249176,2.937786340713501,1.5852457284927368,-0.0265655517578125
3.399249061326658,14.334906881707886,-1.0696361017001663,-1.0696361017001663,-0.3535439873292262,1.3195388317108154,-1.2317283153533936,1.53383207321167,0.07609029859304428,0.3885044455528259,2.867034912109375,1.5851293802261353,0.435780793428421
3.403629536921151,10.401804548865128,-0.7661266696340736,-0.7661266696340736,4.970166988894773,1.3141433000564575,-1.1935455799102783,1.534165382385254,0.12133808434009552,0.4010634124279022,2.8461227416992188,1.587038278579712,0.4599849581718445
3.4080100125156445,23.24736472639964,1.3087800467816728,1.3087800467816728,-6.6972327536878655,1.3089150190353394,-1.0423483848571777,1.5346969366073608,0.1400233507156372,0.41353079676628113,2.6786048412323,1.5890532732009888,1.9375789165496826
3.412390488110137,-8.728609527626233,-2.955646186923833,-2.955646186923833,-1.5297898731386843,1.3043490648269653,-1.1194944381713867,1.5353102684020996,0.23993101716041565,0.4252643585205078,2.9124057292938232,1.5975407361984253,0.27966785430908203
3.4167709637046304,-5.022766187871948,-2.2138951661416675,-2.2138951661416675,0.08162026085642134,1.2994451522827148,-1.1859800815582275,1.5363613367080688,0.14513413608074188,0.43802207708358765,2.8707661628723145,1.5987658500671387,-0.226345956325531
3.421151439299124,8.648494572937436,-2.827218398193579,-2.827218398193579,-0.9966658076923306,1.2942500114440918,-1.2021936178207397,1.5369970798492432,0.0719185620546341,0.4505974054336548,2.803729772567749,1.5977743864059448,-0.25051456689834595
3.4255319148936167,12.483721713203657,-2.2171917679068947,-2.2171917679068947,-1.4326753681576738,1.2889838218688965,-1.1934709548950195,1.5373121500015259,0.08119272440671921,0.4628790616989136,2.750271797180176,1.5966770648956299,-0.4451409578323364
3.42991239048811,-1.9104598073258883,-1.5887488263044909,-1.5887488263044909,6.556214314544408,1.283755898475647,-1.1795270442962646,1.5376678705215454,0.11310899257659912,0.47492656111717224,2.7273614406585693,1.5947271585464478,-0.7208535671234131
3.434292866082603,-1.604905777370237,0.11730060764797767,0.11730060764797767,-7.092545119241318,1.2785890102386475,-1.0333685874938965,1.5381633043289185,0.05499677360057831,0.48687371611595154,2.4895026683807373,1.591569423675537,1.0880199670791626
3.438673341677096,4.106831089493889,-2.798564377979838,-2.798564377979838,-4.385169822231366,1.2740623950958252,-1.205993890762329,1.5384042263031006,0.005628272891044617,0.49777892231941223,2.7000529766082764,1.5963354110717773,-0.9068459272384644
3.443053817271589,14.731712795141256,-3.0291448776130543,-3.0291448776130543,5.237276374333839,1.2687795162200928,-1.2920135259628296,1.5384289026260376,-0.011093869805335999,0.5096064209938049,2.746386766433716,1.5923629999160767,-2.0859928131103516
3.4474342928660824,7.773376228085306,-0.9737144325929751,-0.9737144325929751,1.623494852306059,1.2631199359893799,-1.1078804731369019,1.5383802652359009,0.027002912014722824,0.5216369032859802,2.50498104095459,1.5832253694534302,-0.4635276794433594
3.451814768460576,-4.062622131844254,0.7618980735138432,0.7618980735138432,-4.639967490746249,1.2582669258117676,-1.0365830659866333,1.5384985208511353,0.028252605348825455,0.5326099395751953,2.4291343688964844,1.5811948776245117,0.07804590463638306
3.4561952440550687,10.758251157599219,-3.4566309558924337,-3.4566309558924337,5.141125274495048,1.2537262439727783,-1.1630522012710571,1.538622260093689,-0.036849427968263626,0.5432506799697876,2.586885929107666,1.5815367698669434,-1.2634379863739014
3.4605757196495617,7.854442235977293,0.1130760673418599,0.1130760673418599,-8.7660403841824,1.248631477355957,-0.9947890639305115,1.5384608507156372,-0.02050977386534214,0.5545824766159058,2.3358042240142822,1.5760023593902588,0.2983287572860718
3.464956195244055,-2.8547745585924336,-3.417101271852747,-3.417101271852747,7.272980943825976,1.2442737817764282,-1.1646291017532349,1.538370966911316,-0.018035471439361572,0.5648143887519836,2.595102548599243,1.5773091316223145,-2.0502114295959473
3.469336670838548,18.082350183352204,0.3864927215006536,0.3864927215006536,0.39772258920484743,1.239172101020813,-1.0073323249816895,1.5382919311523438,-0.07969940453767776,0.5761821866035461,2.2829182147979736,1.5683282613754272,-0.057375311851501465
3.473717146433041,7.409295475541663,-1.0481546817505742,-1.0481546817505742,-0.7132595370095194,1.2347594499588013,-0.9129458665847778,1.5379427671432495,-0.02165844663977623,0.5861824750900269,2.28259015083313,1.5680769681930542,0.2853197455406189
3.4780976220275344,6.375047310670494,-0.07447819271683592,-0.07447819271683592,0.8163553738486419,1.2307603359222412,-0.8942702412605286,1.537847876548767,-0.02359319105744362,0.596181333065033,2.272810220718384,1.5693267583847046,0.18286406993865967
3.4824780976220278,6.856548459781607,0.38021824717040476,0.38021824717040476,0.6918011438315143,1.226842999458313,-0.8442410230636597,1.5377445220947266,-0.031420692801475525,0.6061373353004456,2.2467949390411377,1.5701278448104858,0.49460530281066895
3.4868585732165203,15.427463719265695,-0.4623814149354391,-0.4623814149354391,-1.2171126517599409,1.223144769668579,-0.794320821762085,1.5376068353652954,-0.03695300966501236,0.6159793734550476,2.2376956939697266,1.5722944736480713,0.7791736125946045
3.4912390488110137,13.911181432608409,-1.7221413014187892,-1.7221413014187892,1.0196068401850902,1.219665288925171,-0.7459890246391296,1.5374449491500854,0.003695826977491379,0.6257815361022949,2.2597362995147705,1.5757076740264893,0.6482123732566833
3.4956195244055066,10.38141702919718,-0.7269770801702529,-0.7269770801702529,-10.419564023154416,1.2163975238800049,-0.6519075036048889,1.5374611616134644,0.03543420508503914,0.6356802582740784,2.179668664932251,1.5785471200942993,1.1222343444824219
