t,u1,u2,u3,tau,x_q,xdot_q,z_q,zdot_q,theta,theta_dot,beta,beta_dot
0.0,6.064111446316216,-0.5173626473899793,-0.5173626473899793,-1.0091403880880256,-2.0,0.0,2.0,0.0,1.1281905784771284e-05,0.0,0.3490658503991208,0.0
0.0043804755944931,3.8707187928275513,-0.7120597047530257,-0.7120597047530257,-0.14726065058400795,-2.0,-0.004249957390129566,2.0,-0.014280027709901333,1.1281906154181343e-05,0.014361469075083733,0.3490658402442932,-0.1478700488805771
0.0087609511889862,6.221272853967248,-3.6412426745967594,-3.6412426745967594,-0.028052400681918666,-2.00001859664917,-0.002972122747451067,1.9999374151229858,-0.027997635304927826,7.419197208946571e-05,-0.002132454887032509,0.34841808676719666,-0.10368800163269043
0.0131414267834793,9.491681044559275,3.652417108052953,3.652417108052953,0.614893377510458,-2.0000317096710205,0.0007427209056913853,1.999814748764038,-0.019346479326486588,6.485080666607246e-05,-0.1076490581035614,0.3479638695716858,0.025543496012687683
0.0175219023779724,6.25566052025317,-0.027408774629877203,-0.027408774629877203,0.26291878409014313,-2.000028371810913,0.0116544459015131,1.9997299909591675,0.03094044327735901,-0.00040670327143743634,-0.01894373446702957,0.3480757474899292,0.4061599373817444
0.0219023779724655,5.59342353855311,0.6930128155666513,0.6930128155666513,-0.977759319768717,-1.9999773502349854,0.01774679683148861,1.9998655319213867,0.04627245292067528,-0.0004896858590655029,-0.027422219514846802,0.3498549163341522,0.6172877550125122
0.0262828535669586,5.579110487901096,-0.9056026017285548,-0.9056026017285548,-1.2491762754853752,-1.9998996257781982,0.013552524149417877,2.000068187713623,0.028682120144367218,-0.0006098082521930337,0.021369628608226776,0.3525589406490326,0.46774470806121826
0.0306633291614518,7.4500355928755315,-0.05950491154172402,-0.05950491154172402,-1.1348974365335023,-1.999840259552002,0.007056309375911951,2.0001938343048096,0.005023462697863579,-0.0005161990993656218,0.0314030684530735,0.35460788011550903,0.2420668601989746
0.0350438047559449,5.542559044313023,0.5094561253842131,0.5094561253842131,0.11890066659814613,-1.9998093843460083,0.0025925179943442345,2.000215768814087,-0.000401041004806757,-0.0003786387387663126,0.06280793994665146,0.35566824674606323,0.08928434550762177
0.039424280350438,10.019374962235492,2.2710298533243938,2.2710298533243938,-0.6048047875687552,-1.999798059463501,0.0071149300783872604,2.000214099884033,0.005728435702621937,-0.0001035100722219795,0.07421340048313141,0.35605934262275696,0.2442006915807724
0.0438047559449311,8.847445998348576,0.47241165408595354,0.47241165408595354,-1.1899385500132689,-1.9997669458389282,0.008635175414383411,2.000239133834839,0.033500783145427704,0.00022157991770654917,0.15819689631462097,0.3571290671825409,0.29562684893608093
0.0481852315394242,8.445674098630297,-0.9387132765970363,-0.9387132765970363,-0.0796948027772596,-1.9997291564941406,0.004637059289962053,2.0003859996795654,0.03858592361211777,0.0009145576041191816,0.2067427933216095,0.3584240674972534,0.15807412564754486
0.0525657071339173,5.631999388786115,-0.4998788976689989,-0.4998788976689989,-1.343245755078387,-1.999708890914917,0.009508739225566387,2.0005550384521484,0.0646798312664032,0.0018201894126832485,0.18165673315525055,0.35911649465560913,0.3212801218032837
0.0569461827284105,3.7263383746515992,0.8116878393457526,0.8116878393457526,-0.8628296127100749,-1.9996672868728638,0.002200717106461525,2.000838279724121,0.039443474262952805,0.002615932375192642,0.20628571510314941,0.36052384972572327,0.07034185528755188
0.0613266583229036,6.142631946946315,0.9420430018214794,0.9420430018214794,-0.7453711663041189,-1.9996576309204102,-0.0024413340725004673,2.0010111331939697,0.008787726983428001,0.0035195620730519295,0.25518694519996643,0.36083197593688965,-0.08848074078559875
0.0657071339173967,7.610393500140915,1.1535048875347131,1.1535048875347131,-0.5038652394835899,-1.9996683597564697,-0.004460497759282589,2.001049518585205,0.0009676571935415268,0.004637402482330799,0.30446478724479675,0.36044439673423767,-0.16147297620773315
0.0700876095118898,5.5889102108640545,-2.7741624066044657,-2.7741624066044657,0.1830728447589638,-1.999687910079956,-0.0034257257357239723,2.001053810119629,0.010753833688795567,0.005971102975308895,0.3528652489185333,0.3597370684146881,-0.13479235768318176
0.0744680851063829,4.827838073879169,0.7785970721857336,0.7785970721857336,0.3365838743153473,-1.9997029304504395,0.0019486164674162865,2.001101016998291,0.018667377531528473,0.007516820915043354,0.26650458574295044,0.3591466248035431,0.03914231061935425
0.078848560700876,6.9840473165985495,0.2330286904065354,0.2330286904065354,-0.3077702797898968,-1.9996943473815918,0.00810134969651699,2.001182794570923,0.023577602580189705,0.008684237487614155,0.27941277623176575,0.3593180775642395,0.23923833668231964
0.0832290362953692,5.533824437425068,-0.2156977935154709,-0.2156977935154709,-0.9239103183864212,-1.9996588230133057,0.010531436651945114,2.001286029815674,0.03243260458111763,0.00990819837898016,0.29520583152770996,0.3603660464286804,0.30713799595832825
0.0876095118898623,11.148875290486576,-0.15576560841753184,-0.15576560841753184,-0.39631183776215595,-1.9996126890182495,0.006903272122144699,2.0014281272888184,0.015602916479110718,0.011201340705156326,0.3158878684043884,0.36171144247055054,0.17129521071910858
0.0919899874843554,4.56163465956572,-0.05627932471133951,-0.05627932471133951,-0.3679855070772875,-1.9995824098587036,0.011756531894207,2.0014965534210205,0.05744608864188194,0.012585080228745937,0.3229125738143921,0.36246180534362793,0.3061882555484772
0.0963704630788485,6.941085605781172,1.4668146974092715,1.4668146974092715,-1.0645817745132051,-1.9995309114456177,0.012105816975235939,2.0017480850219727,0.04465512931346893,0.013999590650200844,0.33201539516448975,0.36380305886268616,0.30400165915489197
0.1007509386733416,7.2177279979571365,1.1985791128632874,1.1985791128632874,-0.2915755491577739,-1.9994778633117676,0.008476435206830502,2.001943588256836,0.03655999153852463,0.015453975647687912,0.4059401750564575,0.36513471603393555,0.15994323790073395
0.1051314142678347,8.267908441016528,-1.501496994610041,-1.501496994610041,-0.49619281597073794,-1.9994407892227173,0.01155695877969265,2.002103805541992,0.04772164672613144,0.01723218709230423,0.44945740699768066,0.3658353388309479,0.2375582754611969
0.1095118898623279,5.98360989890267,1.5231070768034718,1.5231070768034718,-0.1431484530904068,-1.9993901252746582,0.01384003832936287,2.0023128986358643,0.06320850551128387,0.019201025366783142,0.4200993478298187,0.36687594652175903,0.2813055217266083
0.113892365456821,7.248610963143001,-0.19693928637862346,-0.19693928637862346,-0.9934797494770828,-1.9993294477462769,0.01740337908267975,2.002589702606201,0.06726455688476562,0.0210412610322237,0.46875929832458496,0.36810821294784546,0.37323540449142456
0.1182728410513141,7.194626409638687,-0.8761009673468323,-0.8761009673468323,-1.0677003755123886,-1.9992531538009644,0.014919047243893147,2.0028843879699707,0.0633210614323616,0.023094650357961655,0.4920208156108856,0.3697431683540344,0.2559357285499573
0.1226533166458072,6.767355381966368,0.04472569570665341,0.04472569570665341,-0.6344659685338083,-1.9991878271102905,0.011821039952337742,2.003161668777466,0.05731827765703201,0.025249935686588287,0.49761611223220825,0.37086430191993713,0.1167716532945633
0.1270337922403003,6.591871912544579,-0.8542927342034136,-0.8542927342034136,-0.23429484107776638,-1.9991360902786255,0.012119235470890999,2.0034127235412598,0.05721139907836914,0.02742973156273365,0.5174506902694702,0.37137582898139954,0.08906460553407669
0.1314142678347934,4.0622590814540285,0.022229722586204925,0.022229722586204925,-1.491777040539438,-1.9990830421447754,0.015768779441714287,2.0036633014678955,0.06437880545854568,0.02969641238451004,0.4993447959423065,0.37176597118377686,0.16917425394058228
0.1357947434292866,7.788303295077954,0.4487607651384519,0.4487607651384519,0.06250008140421026,-1.9990140199661255,0.0066188666969537735,2.0039453506469727,0.022881891578435898,0.03188377991318703,0.5435585975646973,0.3725070357322693,-0.15715718269348145
0.1401752190237797,5.657640169714859,0.1774696458936758,0.1774696458936758,-1.5602044652064304,-1.9989850521087646,0.01407596655189991,2.0040454864501953,0.046560946851968765,0.03426482528448105,0.5548386573791504,0.3718186020851135,0.032325148582458496
0.1445556946182728,5.638673764077593,-1.5843570748296694,-1.5843570748296694,-1.5915870369911294,-1.998923420906067,0.005901571363210678,2.004249334335327,0.01695851981639862,0.03669528290629387,0.6055842638015747,0.37196019291877747,-0.27766403555870056
0.1489361702127659,7.534306380329182,0.4895339951487272,0.4895339951487272,-0.5585750959824287,-1.9988975524902344,-0.002440410666167736,2.004323720932007,-0.01349242590367794,0.03934802860021591,0.6057953834533691,0.37074390053749084,-0.5967247486114502
0.153316645807259,7.373347085651643,0.4006996837766873,0.4006996837766873,-0.7272465831280431,-1.998908281326294,-3.979075700044632e-06,2.0042645931243896,-0.005515772849321365,0.04200170189142227,0.636403501033783,0.3681299686431885,-0.5855210423469543
0.1576971214017521,6.7965750939471254,-2.039034216451654,-2.039034216451654,-0.9397029504177341,-1.998908281326294,0.0009920609882101417,2.0042405128479004,-0.002557249739766121,0.044789452105760574,0.669343113899231,0.36556512117385864,-0.624629557132721
0.1620775969962453,7.258848367794951,-0.282814852325066,-0.282814852325066,-1.2929410049732644,-1.9989039897918701,-0.00017948762979358435,2.0042293071746826,-0.009083773009479046,0.0477214939892292,0.6372391581535339,0.36282894015312195,-0.7355223894119263
0.1664580725907384,2.048170757998392,-1.8539694189044504,-1.8539694189044504,1.1044666168188546,-1.998904824256897,-0.003618557471781969,2.0041894912719727,-0.019479427486658096,0.05051290616393089,0.6667380332946777,0.3596070110797882,-0.9343423843383789
0.1708385481852315,5.488210010623261,-0.38631817407005625,-0.38631817407005625,0.07863013197632263,-1.9989206790924072,0.007832692936062813,2.0041041374206543,-0.021119439974427223,0.05343353748321533,0.5803422927856445,0.35551413893699646,-0.5806004405021667
0.1752190237797246,7.9737581275519105,-0.06419548737568592,-0.06419548737568592,-1.0823098352442486,-1.9988863468170166,0.01413428783416748,2.004011631011963,-0.016247572377324104,0.05597571283578873,0.5667643547058105,0.35297083854675293,-0.4358656406402588
0.1795994993742177,8.442648544709956,-2.8771053022750817,-2.8771053022750817,0.7363848402327995,-1.9988244771957397,0.013592556118965149,2.0039403438568115,-0.015954086557030678,0.05845841020345688,0.5964965224266052,0.35106155276298523,-0.5589944124221802
0.1839799749687108,5.541485213936239,-1.5418287260058632,-1.5418287260058632,-1.6880816326292432,-1.998764991760254,0.02839559316635132,2.0038704872131348,0.02830127440392971,0.06107134744524956,0.4909711480140686,0.348612904548645,-0.1641664206981659
0.188360450563204,5.908809709769828,-2.3595260999082526,-2.3595260999082526,0.5089677092772278,-1.9986406564712524,0.020716968923807144,2.0039944648742676,-0.00519944541156292,0.06322203576564789,0.4952422082424164,0.34789377450942993,-0.5103895664215088
0.1927409261576971,3.8714765911293227,-2.578484210910923,-2.578484210910923,-0.15632382400629063,-1.9985499382019043,0.031167471781373024,2.003971576690674,0.012769021093845367,0.0653914287686348,0.4114730954170227,0.3456580340862274,-0.2355339527130127
0.1971214017521902,3.7771171348930803,-0.19456486549479285,-0.19456486549479285,-0.12193641648216974,-1.9984134435653687,0.03411243110895157,2.0040276050567627,-0.0010442985221743584,0.06719387322664261,0.34073832631111145,0.3446262776851654,-0.1919313371181488
0.2015018773466833,7.837882628423933,-1.6916273650133937,-1.6916273650133937,0.17577946153551927,-1.9982640743255615,0.037265460938215256,2.0040230751037598,-0.014887911267578602,0.06868647038936615,0.33861735463142395,0.34378552436828613,-0.1407950073480606
0.2058823529411764,6.39130917483028,-1.3919829381039373,-1.3919829381039373,-1.1637585847379714,-1.9981008768081665,0.047250136733055115,2.003957748413086,0.01206055749207735,0.07016977667808533,0.28408315777778625,0.3431687653064728,0.08502060174942017
0.2102628285356695,4.64198209274508,-0.17516600610921274,-0.17516600610921274,-0.5692388807212793,-1.9978939294815063,0.045137353241443634,2.0040106773376465,-0.0027380939573049545,0.07141419500112534,0.2774182856082916,0.3435412049293518,-0.0952771008014679
0.2146433041301627,4.727129422209156,-0.2531066816082089,-0.2531066816082089,-0.04880333018851024,-1.9976961612701416,0.04581819847226143,2.0039987564086914,-0.019157137721776962,0.0726294219493866,0.28892645239830017,0.3431238532066345,-0.14923207461833954
0.2190237797246558,3.8257404261519614,-1.5092037810112706,-1.5092037810112706,0.6959616146951503,-1.997495412826538,0.050743427127599716,2.0039148330688477,-0.02337304875254631,0.07389505952596664,0.2829601466655731,0.3424701392650604,-0.056077830493450165
0.2234042553191489,7.332221753161953,1.33076547389424,1.33076547389424,0.03642777109587203,-1.9972730875015259,0.06054246798157692,2.003812551498413,-0.018738269805908203,0.07513456046581268,0.21856233477592468,0.34222447872161865,0.22446316480636597
0.227784730913642,5.332727992391198,-0.5868185688076433,-0.5868185688076433,-1.3857765045530301,-1.9970078468322754,0.06918540596961975,2.003730535507202,0.0008849091827869415,0.07609196752309799,0.25636109709739685,0.3432077467441559,0.4003792107105255
0.2321652065081351,7.198570400866423,-0.760006782881502,-0.760006782881502,0.05355832940847882,-1.9967048168182373,0.06441952288150787,2.0037343502044678,-0.027753198519349098,0.07721494883298874,0.2796931862831116,0.34496158361434937,0.13446968793869019
0.2365456821026282,5.134207002114573,1.058989022174448,1.058989022174448,-1.6292229970414573,-1.9964226484298706,0.07317104935646057,2.003612756729126,-0.008897941559553146,0.07844013720750809,0.2559345066547394,0.34555062651634216,0.31211239099502563
0.2409261576971214,8.223486748486778,-0.984191049633485,-0.984191049633485,0.38889093337489145,-1.9961020946502686,0.06625320762395859,2.0035738945007324,-0.044558048248291016,0.079561248421669,0.3344388008117676,0.3469178378582001,-0.026176929473876953
0.2453066332916145,6.382661487104326,0.4117664726111509,0.4117664726111509,-0.1620832499389877,-1.9958118200302124,0.07901529222726822,2.0033786296844482,-0.009694095700979233,0.08102624863386154,0.29434046149253845,0.3468031585216522,0.2681685984134674
0.2496871088861076,6.87416543674247,-0.018734752320330006,-0.018734752320330006,-1.5901516171669483,-1.995465636253357,0.08531131595373154,2.003336191177368,-0.0024879518896341324,0.0823156014084816,0.31109869480133057,0.347977876663208,0.36730942130088806
0.2540675844806007,8.460406342858622,-0.20646705728536266,-0.20646705728536266,-1.3561876435145952,-1.9950919151306152,0.08086726069450378,2.0033252239227295,-0.022622553631663322,0.08367836475372314,0.3569890558719635,0.3495868742465973,0.07931211590766907
0.2584480600750938,5.25352028334441,-0.9444612811671766,-0.9444612811671766,-0.8292497232914309,-1.9947376251220703,0.0801972970366478,2.0032260417938232,-0.024226374924182892,0.0852421447634697,0.39056453108787537,0.34993430972099304,-0.10757677257061005
0.2628285356695869,5.2247586786782705,-0.7038194587429591,-0.7038194587429591,-0.6415017693105073,-1.9943863153457642,0.07993987202644348,2.003119945526123,-0.04122857004404068,0.08695300668478012,0.3871999979019165,0.3494630753993988,-0.21999488770961761
0.2672090112640801,4.19467641543681,-0.5461055489735102,-0.5461055489735102,-1.0863795661158813,-1.9940361976623535,0.08123229444026947,2.002939462661743,-0.0543442964553833,0.08864912390708923,0.3853801190853119,0.3484993875026703,-0.2806350588798523
0.2715894868585732,5.161917361176682,-1.9047937281970109,-1.9047937281970109,0.4554356995882817,-1.9936803579330444,0.0777636170387268,2.0027015209198,-0.08593776077032089,0.09033726900815964,0.40115782618522644,0.34727007150650024,-0.48859041929244995
0.2759699624530663,9.17181547924067,-2.4990351487692055,-2.4990351487692055,-1.008483166214115,-1.9933396577835083,0.08792605251073837,2.0023250579833984,-0.0754319280385971,0.0920945331454277,0.33223164081573486,0.3451298177242279,-0.24456694722175598
0.2803504380475594,5.246587040890676,-1.274378045255448,-1.274378045255448,-1.2759834374544283,-1.9929544925689697,0.09148290753364563,2.0019946098327637,-0.06339456140995026,0.09354986250400543,0.2887027859687805,0.34405848383903503,-0.31769058108329773
0.2847309136420525,5.818767914183134,-1.4568782631283586,-1.4568782631283586,-0.9228800635722405,-1.9925537109375,0.08807011693716049,2.0017168521881104,-0.09033262729644775,0.09481451660394669,0.28874966502189636,0.3426668345928192,-0.5544058084487915
0.2891113892365456,6.0600357436701895,0.5454147154606355,0.5454147154606355,0.23911272600198463,-1.9921679496765137,0.08830969780683517,2.0013210773468018,-0.10468734800815582,0.09607937932014465,0.27315521240234375,0.3402382731437683,-0.6795666217803955
0.2934918648310388,5.385367520608667,-0.0670415303387108,-0.0670415303387108,0.05559122920590487,-1.9917811155319214,0.09807568043470383,2.0008625984191895,-0.09135758131742477,0.09727592766284943,0.28210020065307617,0.337261438369751,-0.47506240010261536
0.2978723404255319,9.426032261225794,1.6119991403201246,1.6119991403201246,-0.6915889524714318,-1.9913514852523804,0.10547684878110886,2.000462293624878,-0.0877223014831543,0.09851165860891342,0.278518944978714,0.3351804316043854,-0.33695584535598755
0.302252816020025,7.001976562440932,1.0211330883947252,1.0211330883947252,0.030149522088305347,-1.9908894300460815,0.11229341477155685,2.000077962875366,-0.06652340292930603,0.09973170608282089,0.3457910418510437,0.33370441198349,-0.3150593638420105
0.3066332916145181,5.028469363548865,-1.383523517868574,-1.383523517868574,0.2817592328261447,-1.990397572517395,0.12159507721662521,1.999786615371704,-0.04978151619434357,0.1012464389204979,0.3747309148311615,0.3323242962360382,-0.1470125913619995
0.3110137672090112,6.67473621642199,-1.2233833212233312,-1.2233833212233312,-0.6874116420296024,-1.9898649454116821,0.13028603792190552,1.9995685815811157,-0.04409562051296234,0.10288793593645096,0.32609936594963074,0.3316802978515625,0.04628726840019226
0.3153942428035043,5.23726715634661,0.2849090265766832,0.2849090265766832,-0.4653096642822358,-1.989294171333313,0.13377395272254944,1.9993754625320435,-0.04599399492144585,0.10431640595197678,0.3104473054409027,0.3318830728530884,0.006946392357349396
0.3197747183979975,10.208320482981497,1.1109992002054982,1.1109992002054982,0.12391028201119547,-1.9887081384658813,0.13712568581104279,1.9991739988327026,-0.05509904772043228,0.1056763157248497,0.3323560655117035,0.3319135010242462,-0.003233879804611206
0.3241551939924906,8.259411145038886,0.454731168698356,0.454731168698356,-0.84288888117168,-1.988107442855835,0.1516256332397461,1.9989326000213623,-0.009219478815793991,0.1071321964263916,0.36118218302726746,0.33189934492111206,0.2644846737384796
0.3285356695869837,9.490419294780757,-1.818062733821134,-1.818062733821134,-0.4059001036034797,-1.987443208694458,0.15626007318496704,1.9988921880722046,-0.0012134704738855362,0.10871434956789017,0.39907678961753845,0.3330579102039337,0.21813294291496277
0.3329161451814768,4.149272349661226,-3.869990452771505,-3.869990452771505,-0.9964582653612327,-1.9867587089538574,0.16597996652126312,1.9988868236541748,0.026848824694752693,0.1104624941945076,0.35783717036247253,0.334013432264328,0.32179543375968933
0.3372966207759699,6.973308730209965,0.02537313714830791,0.02537313714830791,0.4259210982367878,-1.9860316514968872,0.16401728987693787,1.9990044832229614,-0.0032164286822080612,0.11202999204397202,0.2739209234714508,0.3354230523109436,0.13873368501663208
0.341677096370463,7.500839173971664,-2.7863560772238993,-2.7863560772238993,-0.47528800167288926,-1.9853131771087646,0.17690888047218323,1.9989904165267944,0.02201516181230545,0.1132298931479454,0.26222366094589233,0.3360307812690735,0.4168912172317505
0.3460575719649562,6.429015733126403,0.23927081373433734,0.23927081373433734,-1.0467735276438381,-1.984538197517395,0.18368960916996002,1.999086856842041,0.0317239873111248,0.11437855660915375,0.1947331428527832,0.3378569483757019,0.4558003842830658
0.3504380475594493,9.821860306090018,-0.5011745104470726,-0.5011745104470726,-1.5627561387354227,-1.9837335348129272,0.18460747599601746,1.9992258548736572,0.019749760627746582,0.11523158103227615,0.23228971660137177,0.33985358476638794,0.31081151962280273
0.3548185231539424,5.063304252071497,1.3534231614484038,1.3534231614484038,-1.3663728200305743,-1.9829248189926147,0.1862364411354065,1.999312400817871,0.024967974051833153,0.11624912172555923,0.26329126954078674,0.3412150740623474,0.09941048920154572
0.3591989987484355,6.219875225092168,-1.423930938311368,-1.423930938311368,-0.07456621040801359,-1.9821090698242188,0.18268641829490662,1.9994217157363892,-0.005542168393731117,0.11740246415138245,0.3427179455757141,0.3416505455970764,-0.16596026718616486
0.3635794743429286,3.3975372132200925,-0.5956415775548132,-0.5956415775548132,-1.00798030737642,-1.9813088178634644,0.19096265733242035,1.9993973970413208,0.0022121360525488853,0.1189037337899208,0.303312212228775,0.340923547744751,-0.04462575167417526
0.3679599499374217,4.140273238578115,-0.8419972943966141,-0.8419972943966141,-0.4936102151899351,-1.9804723262786865,0.18793001770973206,1.9994070529937744,-0.03441467508673668,0.12023238837718964,0.3153538107872009,0.3407280743122101,-0.24805432558059692
0.3723404255319149,9.186739616270755,-0.18458220074907028,-0.18458220074907028,-1.9239232688564862,-1.9796490669250488,0.19005057215690613,1.9992562532424927,-0.053434401750564575,0.12161378562450409,0.30517980456352234,0.3396414816379547,-0.29102274775505066
0.376720901126408,6.570260824403004,-0.7700943131359308,-0.7700943131359308,-0.2315357965678182,-1.9788165092468262,0.1883627474308014,1.999022126197815,-0.061568811535835266,0.12295062094926834,0.35597407817840576,0.33836665749549866,-0.6173458099365234
0.3811013767209011,7.524028963683022,0.03805907464493885,0.03805907464493885,0.8753194467709061,-1.9779913425445557,0.19625476002693176,1.998752474784851,-0.05437120422720909,0.12450996041297913,0.3402464687824249,0.3356623947620392,-0.5314835906028748
0.3854818523153942,5.962530441050175,-2.4702495901516133,-2.4702495901516133,-1.0073652642761188,-1.9771316051483154,0.2141045480966568,1.9985142946243286,-0.014623068273067474,0.12600040435791016,0.31579580903053284,0.3333342373371124,-0.11494618654251099
0.3898623279098873,3.1010361802894804,-1.4022167094791487,-1.4022167094791487,-0.39548884660597317,-1.9761936664581299,0.21513274312019348,1.9984502792358398,-0.029667813330888748,0.1273837387561798,0.2730749547481537,0.3328307271003723,-0.25912410020828247
0.3942428035043804,4.174363044411647,0.03142439323341162,0.03142439323341162,-0.014993549080636548,-1.975251317024231,0.21670401096343994,1.9983203411102295,-0.05528020113706589,0.12857994437217712,0.24367530643939972,0.33169564604759216,-0.2982649803161621
0.3986232790988736,3.9183720400735904,0.9666043865890722,0.9666043865890722,-1.5320669550551629,-1.974302053451538,0.22280649840831757,1.9980782270431519,-0.06342069059610367,0.129647359251976,0.24503085017204285,0.3303891122341156,-0.20662017166614532
0.4030037546933667,9.538922037877743,-0.7238796804780453,-0.7238796804780453,0.4566775253126264,-1.9733260869979858,0.21699844300746918,1.9978004693984985,-0.1073434054851532,0.13072070479393005,0.3179999589920044,0.3294840157032013,-0.5438879132270813
0.4073842302878598,5.538204796130092,-0.8911204221034874,-0.8911204221034874,-0.8720860974402348,-1.972375512123108,0.23480190336704254,1.9973303079605103,-0.05983341857790947,0.13211369514465332,0.28352394700050354,0.32710152864456177,-0.1973615288734436
0.4117647058823529,6.56402752529516,-1.3734659441827528,-1.3734659441827528,-1.1442035990059916,-1.9713469743728638,0.23654361069202423,1.997068166732788,-0.07548367977142334,0.13335566222667694,0.28296807408332825,0.3262369930744171,-0.3132249414920807
0.416145181476846,6.217294349274224,0.6805078651523775,0.6805078651523775,-0.9525729665109507,-1.9703108072280884,0.23786035180091858,1.9967374801635742,-0.08853979408740997,0.13459520041942596,0.27627289295196533,0.32486492395401,-0.4813264310359955
0.4205256570713391,4.264017757673279,-1.0813269573095163,-1.0813269573095163,-0.48078247503672766,-1.9692689180374146,0.24020755290985107,1.9963496923446655,-0.10028544068336487,0.1358054131269455,0.32396402955055237,0.32275649905204773,-0.6038896441459656
0.4249061326658322,3.487230096351622,-2.909277392027587,-2.909277392027587,-0.9086649593742888,-1.9682166576385498,0.24322158098220825,1.995910406112671,-0.11803515255451202,0.13722452521324158,0.3064262270927429,0.3201111853122711,-0.6397724151611328
0.4292866082603254,5.670698627063248,0.5950036298173015,0.5950036298173015,-0.32837584361941435,-1.9671512842178345,0.2419642060995102,1.9953933954238892,-0.15186168253421783,0.13856682181358337,0.24800199270248413,0.3173086643218994,-0.8128103613853455
0.4336670838548185,3.983556905147207,-0.6249172801628557,-0.6249172801628557,-0.486890120881699,-1.9660913944244385,0.24843789637088776,1.9947282075881958,-0.15438950061798096,0.13965319097042084,0.27496761083602905,0.31374818086624146,-0.7735968232154846
0.4380475594493116,5.917226750792034,0.7280992966809394,0.7280992966809394,-1.0209705835672196,-1.9650031328201294,0.25120213627815247,1.9940519332885742,-0.17467229068279266,0.14085768163204193,0.2709367871284485,0.3103594481945038,-0.8174261450767517
0.4424280350438047,3.7509531502928297,0.6026068707735857,0.6026068707735857,-0.7504359597873775,-1.9639027118682861,0.25316739082336426,1.9932867288589478,-0.1905638575553894,0.14204451441764832,0.3220151662826538,0.3067787289619446,-0.9654546976089478
0.4468085106382978,8.714768792348295,-0.4733366441322783,-0.4733366441322783,0.43672550161939505,-1.9627937078475952,0.2539190948009491,1.9924520254135132,-0.21873950958251953,0.14345508813858032,0.36152830719947815,0.3025495707988739,-1.0880119800567627
0.4511889862327909,6.402529775103222,-0.4302857687995135,-0.4302857687995135,-0.3677427983002617,-1.9616813659667969,0.27072927355766296,1.991493821144104,-0.17847096920013428,0.14503875374794006,0.33495160937309265,0.2977835536003113,-0.7645438313484192
0.4555694618272841,3.106275922908668,0.45023544810392657,0.45023544810392657,-1.2487266903768122,-1.9604954719543457,0.2782236635684967,1.99071204662323,-0.17565447092056274,0.14650599658489227,0.33312514424324036,0.29443448781967163,-0.7187861204147339
0.4599499374217772,4.166042027793978,0.4730462073323042,0.4730462073323042,0.11190413482312656,-1.9592766761779785,0.27468737959861755,1.9899425506591797,-0.2204408198595047,0.1479652374982834,0.38274022936820984,0.2912858724594116,-0.995020866394043
0.4643304130162703,8.548373174055229,-1.88479825759132,-1.88479825759132,0.18240215171689977,-1.958073377609253,0.2822110056877136,1.9889769554138184,-0.2257944643497467,0.14964182674884796,0.39328673481941223,0.286927193403244,-0.8671718239784241
0.4687108886107634,8.497237295750375,0.17567877514727903,0.17567877514727903,-0.7604013235295928,-1.9568371772766113,0.29689109325408936,1.9879878759384155,-0.19247427582740784,0.15136460959911346,0.3329179286956787,0.283128559589386,-0.6178346276283264
0.4730913642052565,8.839301407186014,0.7905444265559525,0.7905444265559525,0.8658647726277444,-1.9555366039276123,0.3052123188972473,1.9871447086334229,-0.18074512481689453,0.15282294154167175,0.3602544367313385,0.2804221510887146,-0.6324652433395386
0.4774718397997496,7.027042914129755,-0.8668107863405051,-0.8668107863405051,-1.1599628525305132,-1.9541996717453003,0.3247079849243164,1.9863529205322266,-0.1295022964477539,0.154401034116745,0.35805484652519226,0.2776516377925873,-0.185505211353302
0.4818523153942428,5.38366512193143,1.1325876929467174,1.1325876929467174,-1.4621689570037946,-1.9527772665023804,0.32822781801223755,1.9857856035232544,-0.13918903470039368,0.15596948564052582,0.36661580204963684,0.2768390476703644,-0.34554606676101685
0.4862327909887359,7.845191586285346,-1.074406222013085,-1.074406222013085,-0.6018986975759355,-1.9513394832611084,0.3273482024669647,1.9851758480072021,-0.1696067899465561,0.15757544338703156,0.44239091873168945,0.27532538771629333,-0.6280540227890015
0.490613266583229,10.620813723176187,-2.6444644883340005,-2.6444644883340005,-1.2371671622170082,-1.949905514717102,0.3360205590724945,1.9844329357147217,-0.15984594821929932,0.15951332449913025,0.4285922050476074,0.27257421612739563,-0.6133108735084534
0.4949937421777221,8.97761293083293,1.0512457158218038,1.0512457158218038,-0.794258596244545,-1.9484336376190186,0.34517455101013184,1.9837327003479004,-0.1409541666507721,0.1613907665014267,0.38749465346336365,0.26988762617111206,-0.7109926342964172
0.4993742177722152,5.1807310690323245,-0.7924781084616247,-0.7924781084616247,-0.4756381049050413,-1.9469215869903564,0.35468167066574097,1.9831151962280273,-0.12598493695259094,0.16308817267417908,0.4413892328739166,0.26677313446998596,-0.7233172655105591
0.5037546933667083,3.6880430461144638,1.4349454267565724,1.4349454267565724,-0.6815387800301158,-1.9453679323196411,0.3602043390274048,1.9825633764266968,-0.13593891263008118,0.16502167284488678,0.43213650584220886,0.26360467076301575,-0.7351903915405273
0.5081351689612015,5.7460792610551845,-0.31428273457244627,-0.31428273457244627,-0.562710809807143,-1.943790078163147,0.36215126514434814,1.9819679260253906,-0.16318686306476593,0.16691464185714722,0.49394455552101135,0.260384202003479,-0.8392376899719238
0.5125156445556946,5.847648706266188,1.3415844589099528,1.3415844589099528,0.016657251415432395,-1.9422036409378052,0.36826300621032715,1.9812531471252441,-0.1703595221042633,0.16907835006713867,0.5011994242668152,0.25670793652534485,-0.8620789051055908
0.5168961201501877,8.00638357301546,-0.6012935720182905,-0.6012935720182905,0.26564271348295976,-1.940590500831604,0.37809085845947266,1.9805068969726562,-0.16355136036872864,0.1712738424539566,0.5398914813995361,0.2529316246509552,-0.7209039926528931
0.5212765957446808,7.586721284699002,0.024546054004521922,0.024546054004521922,-0.42092649648003855,-1.938934326171875,0.39285191893577576,1.979790449142456,-0.1328050196170807,0.17363882064819336,0.5145741701126099,0.24977372586727142,-0.45979589223861694
0.5256570713391739,8.304439264441145,-0.13421335344154994,-0.13421335344154994,0.5867176101471121,-1.93721342086792,0.4028978943824768,1.9792087078094482,-0.12117049098014832,0.1758929044008255,0.5275833606719971,0.2477595955133438,-0.3998832404613495
0.5300375469336671,5.036399277054026,-1.2887407708586038,-1.2887407708586038,-0.6233971701182286,-1.9354485273361206,0.4200024902820587,1.9786778688430786,-0.08057685196399689,0.17820397019386292,0.5065298676490784,0.24600791931152344,-0.042125552892684937
0.5344180225281602,6.646789568577564,0.2752028425654085,0.2752028425654085,-0.037807613890688596,-1.9336087703704834,0.4247986376285553,1.9783248901367188,-0.09512320160865784,0.1804228127002716,0.4870997369289398,0.24582338333129883,-0.0982075184583664
0.5387984981226532,5.830032941863018,1.3096898493136853,1.3096898493136853,-0.6605468803572487,-1.9317479133605957,0.43570613861083984,1.9779082536697388,-0.082753024995327,0.18255653977394104,0.49624064564704895,0.24539318680763245,0.046701133251190186
0.5431789737171464,4.527482277487638,-1.900576662332926,-1.900576662332926,-0.6003107461630222,-1.9298393726348877,0.4417762756347656,1.9775457382202148,-0.09145872294902802,0.18473030626773834,0.553777813911438,0.24559776484966278,-0.0011386163532733917
0.5475594493116396,2.6263508288617334,-1.0196241159949402,-1.0196241159949402,-1.5116997513571804,-1.9279041290283203,0.44605594873428345,1.9771450757980347,-0.10981664061546326,0.18715611100196838,0.5158059000968933,0.24559277296066284,-0.0626353770494461
0.5519399249061326,6.42610711796123,-2.946115839154533,-2.946115839154533,0.31220987082703344,-1.9259501695632935,0.4419518709182739,1.9766640663146973,-0.1649685949087143,0.1894155889749527,0.530176043510437,0.24531839787960052,-0.4227660298347473
0.5563204005006257,5.5094572264367665,-0.6747046165566901,-0.6747046165566901,0.037580451512798874,-1.9240142107009888,0.4549171030521393,1.9759414196014404,-0.14658378064632416,0.19173800945281982,0.43502259254455566,0.24346648156642914,-0.18531939387321472
0.5607008760951189,7.480920185294405,-2.9336547508208897,-2.9336547508208897,-1.0240905348093456,-1.922021508216858,0.46474388241767883,1.97529935836792,-0.14218054711818695,0.19364361464977264,0.4142216145992279,0.2426546961069107,-0.04588274657726288
0.565081351689612,6.6802506939700175,-0.8832915322522165,-0.8832915322522165,-0.6134451644516289,-1.9199856519699097,0.4720975458621979,1.974676489830017,-0.1452939808368683,0.19545809924602509,0.3584562838077545,0.2424537092447281,-0.15635502338409424
0.5694618272841051,4.637145607549727,1.2758132016882808,1.2758132016882808,-0.9812190917268236,-1.9179176092147827,0.48044729232788086,1.9740400314331055,-0.14584092795848846,0.19702830910682678,0.35057592391967773,0.24176880717277527,-0.17103512585163116
0.5738423028785982,3.2171574126905718,-0.5551130837660117,-0.5551130837660117,-0.839258738004926,-1.9158129692077637,0.4831794798374176,1.9734011888504028,-0.17201167345046997,0.19856399297714233,0.4164884090423584,0.2410195916891098,-0.3361012041568756
0.5782227784730913,4.920126683293766,-2.6642111824129477,-2.6642111824129477,-0.3512624549580938,-1.9136964082717896,0.48426079750061035,1.9726476669311523,-0.2069508582353592,0.20038841664791107,0.42478635907173157,0.23954731225967407,-0.49481797218322754
0.5826032540675845,3.2671091826679843,-0.46172169181225126,-0.46172169181225126,-0.5117869922656821,-1.9115750789642334,0.49121248722076416,1.9717410802841187,-0.2164357602596283,0.2022491842508316,0.3572409152984619,0.2373797744512558,-0.47754961252212524
0.5869837296620776,6.061259022407875,-0.535472299656212,-0.535472299656212,0.22840270774765092,-1.9094233512878418,0.4943547546863556,1.9707930088043213,-0.24352893233299255,0.2038140743970871,0.35870298743247986,0.2352878749370575,-0.543749988079071
0.5913642052565706,4.292461327746249,-1.2649994057459995,-1.2649994057459995,-0.4892968323140093,-1.9072577953338623,0.5066578388214111,1.9697262048721313,-0.23020033538341522,0.20538535714149475,0.33639541268348694,0.23290598392486572,-0.33806169033050537
0.5957446808510638,4.0728701378738945,-1.6732551315171686,-1.6732551315171686,-0.7660906095372797,-1.9050383567810059,0.5118305683135986,1.9687178134918213,-0.24814170598983765,0.20685893297195435,0.31374242901802063,0.23142510652542114,-0.37394896149635315
0.600125156445557,4.753951273482582,1.4319647662657464,1.4319647662657464,-0.6364330416876718,-1.9027962684631348,0.5151707530021667,1.9676308631896973,-0.2742602527141571,0.20823326706886292,0.2872503399848938,0.22978703677654266,-0.49216562509536743
0.60450563204005,4.4473598296551815,-0.4027291028812441,-0.4027291028812441,-0.8905718357134137,-1.900539517402649,0.5205351114273071,1.9664294719696045,-0.2916969656944275,0.209491565823555,0.3476541042327881,0.2276311218738556,-0.5582575798034668
0.6088861076345431,5.711040919989873,1.1023953959147033,1.1023953959147033,-1.2428920694609693,-1.8982592821121216,0.5240702629089355,1.9651516675949097,-0.3175370693206787,0.21101444959640503,0.36190065741539,0.22518569231033325,-0.7024005651473999
0.6132665832290363,6.854207352664282,-0.7691959363685095,-0.7691959363685095,-0.9587989144191782,-1.8959635496139526,0.5282177925109863,1.9637607336044312,-0.3408043086528778,0.2125997394323349,0.43039047718048096,0.2221088409423828,-0.9151767492294312
0.6176470588235294,7.250047762300527,-1.9211556675632349,-1.9211556675632349,-0.36107650125978086,-1.893649697303772,0.5361703038215637,1.9622678756713867,-0.3479928970336914,0.2144850492477417,0.43592748045921326,0.2180999368429184,-1.021925926208496
0.6220275344180225,7.7376139469781595,3.6938718649524054,3.6938718649524054,-0.16817109333504587,-1.8913010358810425,0.5480775833129883,1.9607435464859009,-0.3382089138031006,0.21639461815357208,0.3903682231903076,0.21362341940402985,-0.9526992440223694
0.6264080100125156,6.89492170086613,-2.0641080486671726,-2.0641080486671726,-0.05533497642968366,-1.8889001607894897,0.561859667301178,1.9592620134353638,-0.31989946961402893,0.21810461580753326,0.5031521320343018,0.2094501405954361,-0.8182474374771118
0.6307884856070087,7.644046735934207,0.2918615615019501,0.2918615615019501,-0.8395625332717307,-1.8864389657974243,0.5745869874954224,1.9578607082366943,-0.30609387159347534,0.22030866146087646,0.44448959827423096,0.20586583018302917,-0.6720841526985168
0.6351689612015019,6.957635779550117,-1.7804732744175644,-1.7804732744175644,0.37670440728851307,-1.8839219808578491,0.584925651550293,1.9565198421478271,-0.30396631360054016,0.22225573658943176,0.4775307774543762,0.2029217779636383,-0.7270802855491638
0.639549436795995,4.360929034734259,-0.29351732625597116,-0.29351732625597116,0.00476887712554519,-1.8813596963882446,0.5998671650886536,1.955188274383545,-0.279729425907135,0.2243475466966629,0.4145343601703644,0.1997368186712265,-0.4589848816394806
0.643929912390488,5.172034260264634,-1.0584155415008403,-1.0584155415008403,0.002833913564458057,-1.8787319660186768,0.6081278920173645,1.9539629220962524,-0.2858867943286896,0.22616340219974518,0.4058234691619873,0.19772624969482422,-0.3554757833480835
0.6483103879849812,5.107346802417251,-0.1632187330654037,-0.1632187330654037,-0.0711322631555098,-1.876068115234375,0.6179079413414001,1.9527106285095215,-0.28526338934898376,0.22794109582901,0.3748316168785095,0.19616909325122833,-0.23351392149925232
0.6526908635794744,6.041351888587085,-0.5618969197025667,-0.5618969197025667,-0.4862527787768472,-1.873361349105835,0.6272458434104919,1.9514610767364502,-0.2868911921977997,0.2295830398797989,0.37214240431785583,0.19514618813991547,-0.1337071806192398
0.6570713391739674,2.6422921643561716,-1.1799584352240229,-1.1799584352240229,-0.9085330142379082,-1.870613694190979,0.6365011930465698,1.9502043724060059,-0.290214478969574,0.23121319711208344,0.3699333667755127,0.1945604830980301,-0.12780141830444336
0.6614518147684605,6.388143502617816,-0.6131676531812853,-0.6131676531812853,-1.1174527779969161,-1.8678255081176758,0.6374267935752869,1.9489331245422363,-0.3318548798561096,0.23283368349075317,0.36200687289237976,0.19400064647197723,-0.31928449869155884
0.6658322903629537,5.150440546920199,-2.4475515692399608,-2.4475515692399608,-0.2711666201506385,-1.8650332689285278,0.6446511149406433,1.947479486465454,-0.3468160331249237,0.23441945016384125,0.37673360109329224,0.1926020234823227,-0.4813080430030823
0.6702127659574468,7.21749609056734,-3.467294776239938,-3.467294776239938,0.5239496813115326,-1.862209439277649,0.6534228324890137,1.945960283279419,-0.3527439534664154,0.2360697239637375,0.3131762742996216,0.1904936581850052,-0.43632176518440247
0.6745932415519399,6.825937851586645,-1.8268445803600322,-1.8268445803600322,-0.18319335613577986,-1.8593471050262451,0.6697436571121216,1.9444150924682617,-0.32301047444343567,0.23744158446788788,0.19661927223205566,0.18858236074447632,-0.12121742963790894
0.678973717146433,5.104501428875379,0.08474218839394054,0.08474218839394054,-1.8922927947866057,-1.8564133644104004,0.6821503639221191,1.9430001974105835,-0.31284305453300476,0.23830287158489227,0.14861944317817688,0.18805137276649475,-0.012512840330600739
0.6833541927409261,5.758997712962824,-0.9765142242375133,-0.9765142242375133,-0.48325598711647677,-1.8534252643585205,0.6837580800056458,1.9416297674179077,-0.35649803280830383,0.23895388841629028,0.20635512471199036,0.18799656629562378,-0.42074665427207947
0.6877346683354193,6.971255636868485,-1.8615103008984732,-1.8615103008984732,-1.2160662388575292,-1.8504301309585571,0.6928969621658325,1.9400681257247925,-0.36223021149635315,0.23985782265663147,0.19195042550563812,0.18615350127220154,-0.4207141399383545
0.6921151439299124,2.9797980784842912,-0.02624813820441041,-0.02624813820441041,0.8334446964256733,-1.8473949432373047,0.7012489438056946,1.938481330871582,-0.3746682405471802,0.2406986504793167,0.17310141026973724,0.18431057035923004,-0.5966947674751282
0.6964956195244054,10.086850744438209,-0.2821408300108267,-0.2821408300108267,-0.6964909332002573,-1.8443231582641602,0.7107605934143066,1.9368400573730469,-0.37343522906303406,0.24145691096782684,0.14799565076828003,0.18169675767421722,-0.2945359945297241
0.7008760951188986,9.590296612456012,-2.208500593368841,-2.208500593368841,0.13196850888711698,-1.8412096500396729,0.7274830341339111,1.935204267501831,-0.3477593660354614,0.24210520088672638,0.16009598970413208,0.18040655553340912,-0.25278210639953613
0.7052565707133918,4.751557421740165,-1.8605402637948552,-1.8605402637948552,-1.5039209523533779,-1.8380229473114014,0.7467508912086487,1.9336808919906616,-0.30716148018836975,0.24280649423599243,0.09174687415361404,0.1792992502450943,0.008367925882339478
0.7096370463078848,4.500857075232398,-1.833647129468172,-1.833647129468172,-0.696449278675204,-1.834751844406128,0.7497357726097107,1.932335376739502,-0.3449220061302185,0.2432083934545517,0.08133246004581451,0.17933590710163116,-0.29990288615226746
0.7140175219023779,6.575405391503599,0.5235710898703101,0.5235710898703101,-0.617944546227736,-1.831467628479004,0.7556505799293518,1.9308243989944458,-0.3661745488643646,0.2435646653175354,0.04812267795205116,0.17802219092845917,-0.3888533115386963
0.718397997496871,6.019268216872686,-1.1441163583424734,-1.1441163583424734,-0.15536479071471393,-1.8281575441360474,0.7659860253334045,1.92922043800354,-0.3682090938091278,0.24377547204494476,0.08145855367183685,0.17631882429122925,-0.4074035584926605
0.7227784730913642,6.321885212987615,-1.6405686836908162,-1.6405686836908162,-0.7300824723457162,-1.8248021602630615,0.7771545052528381,1.927607536315918,-0.3642440140247345,0.24413229525089264,0.05258387327194214,0.17453420162200928,-0.3099746108055115
0.7271589486858573,6.509898449809646,-2.4416167079585076,-2.4416167079585076,0.05705729639294388,-1.8213979005813599,0.7865480184555054,1.9260119199752808,-0.3710019290447235,0.24436263740062714,0.025994790717959404,0.1731763631105423,-0.3657675087451935
0.7315394242803503,4.796791851949853,1.8524877755181226,1.8524877755181226,-0.9691943711968434,-1.8179523944854736,0.7995160222053528,1.924386739730835,-0.35801583528518677,0.24447651207447052,-0.04697440564632416,0.17157413065433502,-0.19766482710838318
0.7359198998748435,4.341764465111041,-0.6270976424648391,-0.6270976424648391,-0.5270096204555161,-1.8144501447677612,0.8049902319908142,1.9228184223175049,-0.3831039071083069,0.24427074193954468,0.03542765974998474,0.17070826888084412,-0.35582560300827026
0.7403003754693367,10.447639339567084,-1.5993252966164713,-1.5993252966164713,-0.49372885533425176,-1.8109239339828491,0.811377227306366,1.921140193939209,-0.4018053114414215,0.2444259375333786,0.032504770904779434,0.16914957761764526,-0.4013117253780365
0.7446808510638298,7.336114107581928,-1.9778504024259977,-1.9778504024259977,-1.3693114977375347,-1.8073697090148926,0.8297739028930664,1.9193800687789917,-0.36848098039627075,0.24456831812858582,0.00021785125136375427,0.16739164292812347,-0.2948271334171295
0.7490613266583228,3.568689478638962,0.30120191362657456,0.30120191362657456,-0.4305322859956004,-1.8037348985671997,0.8386843800544739,1.9177659749984741,-0.3815126121044159,0.24456927180290222,-0.017553413286805153,0.1661001592874527,-0.505269467830658
0.753441802252816,7.844878537141737,-1.2282885704487794,-1.2282885704487794,-1.233661298936442,-1.8000611066818237,0.8440200090408325,1.9160947799682617,-0.40449032187461853,0.24449238181114197,0.0038155447691679,0.16388684511184692,-0.5419513583183289
0.7578222778473092,5.400163161660712,0.47626150472296047,0.47626150472296047,0.38514067833978827,-1.7963639497756958,0.8545640707015991,1.9143229722976685,-0.41013896465301514,0.24450910091400146,0.003972445614635944,0.1615128368139267,-0.7027245759963989
0.7622027534418022,2.943745344118029,1.0030022302449408,1.0030022302449408,-0.6109388889536372,-1.7926205396652222,0.8666026592254639,1.9125263690948486,-0.39888787269592285,0.24452650547027588,0.006633462384343147,0.15843456983566284,-0.4691852331161499
0.7665832290362953,6.866141799906622,-2.057478335843533,-2.057478335843533,-0.05822175752386127,-1.788824439048767,0.8700794577598572,1.9107789993286133,-0.4312938451766968,0.24455556273460388,0.05376565456390381,0.1563793122768402,-0.570824146270752
0.7709637046307884,5.049861852769141,1.0929282667498725,1.0929282667498725,-1.274370016200097,-1.7850130796432495,0.8831510543823242,1.9088897705078125,-0.41797560453414917,0.24479107558727264,-0.004618976265192032,0.1538788378238678,-0.42675960063934326
0.7753441802252816,3.6658775501321585,2.171792331918058,2.171792331918058,-0.5805694908969128,-1.7811444997787476,0.888305127620697,1.907058835029602,-0.4480687975883484,0.2447708398103714,0.06451363861560822,0.15200942754745483,-0.664286196231842
0.7797246558197747,3.805500243117474,-0.07276782125763837,-0.07276782125763837,-0.30023783138770066,-1.777253270149231,0.8934080600738525,1.9050960540771484,-0.4737319350242615,0.24505344033241272,0.14489132165908813,0.14909954369068146,-0.7406444549560547
0.7841051314142677,7.536059835002834,-0.7588849646789961,-0.7588849646789961,0.051347177987806636,-1.7733397483825684,0.8998171091079712,1.9030208587646484,-0.4917372167110443,0.24568814039230347,0.15153416991233826,0.14585517346858978,-0.7355926036834717
0.7884856070087609,7.216401726762967,-1.6875314774608468,-1.6875314774608468,-0.6470405578879491,-1.7693980932235718,0.9145382046699524,1.9008668661117554,-0.4702715277671814,0.2463519275188446,0.12787282466888428,0.14263293147087097,-0.545524537563324
0.7928660826032541,6.274894948468714,-1.1652008123190836,-1.1652008123190836,0.8644287544342444,-1.7653919458389282,0.9262164235115051,1.8988068103790283,-0.4676850736141205,0.24691207706928253,0.0974871963262558,0.1402432769536972,-0.5577436089515686
0.7972465581977471,8.83133349974716,1.0700328666372818,1.0700328666372818,-0.2401862945094717,-1.7613346576690674,0.9410896897315979,1.8967580795288086,-0.4379364252090454,0.24733911454677582,0.03821558132767677,0.13780009746551514,-0.17043942213058472
0.8016270337922402,5.664919082752633,-1.687461478074092,-1.687461478074092,-0.8696956839211047,-1.7572122812271118,0.9570960998535156,1.8948397636413574,-0.4123556911945343,0.2475065141916275,0.07647813111543655,0.1370534896850586,-0.03167673945426941
0.8060075093867334,7.796884918889312,-2.5185598970306007,-2.5185598970306007,-1.2873640844281549,-1.7530196905136108,0.9650659561157227,1.893033504486084,-0.4279705882072449,0.24784152209758759,0.05259677767753601,0.13691473007202148,-0.14225298166275024
0.8103879849812266,6.90415107113667,-0.6814458072545044,-0.6814458072545044,-1.167992162724346,-1.748792290687561,0.9757715463638306,1.8911588191986084,-0.43539392948150635,0.24807192385196686,0.016641955822706223,0.13629159331321716,-0.31965380907058716
0.8147684605757196,7.231960407778456,-1.5201539287058934,-1.5201539287058934,-1.2014972822858458,-1.7445179224014282,0.9852110743522644,1.8892515897750854,-0.44754767417907715,0.24814482033252716,0.03085065260529518,0.1348913609981537,-0.48457470536231995
0.8191489361702127,4.523312544649191,0.2899974779684371,0.2899974779684371,-0.13842038482200986,-1.7402021884918213,0.9952378273010254,1.8872910737991333,-0.45774054527282715,0.24827995896339417,0.021544868126511574,0.1327686905860901,-0.6512323617935181
0.8235294117647058,5.553766376489193,0.9803843912588094,0.9803843912588094,-1.1449645947792677,-1.7358425855636597,1.0035345554351807,1.8852859735488892,-0.46598729491233826,0.248374342918396,0.03405602648854256,0.1299159824848175,-0.5845253467559814
0.827909887359199,5.747195296610288,-0.5648865088016322,-0.5648865088016322,-0.19532166530978656,-1.731446623802185,1.010679006576538,1.8832447528839111,-0.48897555470466614,0.2485235184431076,0.09612295776605606,0.12735548615455627,-0.7745765447616577
0.8322903629536921,5.482622168354029,-0.8395084314115557,-0.8395084314115557,-0.11717514396045414,-1.7270193099975586,1.0211549997329712,1.8811028003692627,-0.48828521370887756,0.24894458055496216,0.08533049374818802,0.12396246939897537,-0.6953341960906982
0.8366708385481851,4.318270399799746,-0.5003922957721307,-0.5003922957721307,-0.7095066618521535,-1.7225462198257446,1.031309723854065,1.878963828086853,-0.4879978597164154,0.24931836128234863,0.06423607468605042,0.12091657519340515,-0.6005141735076904
0.8410513141426783,4.947188545335932,-1.0589343283796993,-1.0589343283796993,0.4361702376901544,-1.7180285453796387,1.0375465154647827,1.8768261671066284,-0.5112608075141907,0.24959973990917206,0.07034287601709366,0.11828603595495224,-0.6980035305023193
0.8454317897371715,7.257769136261616,0.08747750861612347,0.08747750861612347,0.16778385692743547,-1.7134835720062256,1.0482065677642822,1.874586582183838,-0.5025955438613892,0.24990788102149963,0.0266810841858387,0.11522845178842545,-0.46141237020492554
0.8498122653316645,6.339336999514366,-2.776219132904383,-2.776219132904383,0.8639687932826351,-1.7088919878005981,1.0623148679733276,1.872385025024414,-0.48078206181526184,0.2500247657299042,0.02433588355779648,0.11320724338293076,-0.2460559904575348
0.8541927409261576,6.741771146141701,-3.042439288903595,-3.042439288903595,-1.5437426551092743,-1.7042385339736938,1.076464056968689,1.8702789545059204,-0.4504557251930237,0.25013136863708496,-0.08196914941072464,0.11212939769029617,0.14207768440246582
0.8585732165206508,7.127453539858794,-0.909634998775537,-0.909634998775537,-0.5903873799336508,-1.6995230913162231,1.0850043296813965,1.8683058023452759,-0.4728277325630188,0.249772310256958,-0.12573584914207458,0.11275176703929901,-0.13193026185035706
0.8629536921151439,7.289717603264141,1.8149986948973174,1.8149986948973174,-0.3772083916181902,-1.6947702169418335,1.0967472791671753,1.866234540939331,-0.4697539806365967,0.249221533536911,-0.13505889475345612,0.11217384785413742,-0.13109147548675537
0.867334167709637,7.783333655128448,0.2576334575805075,0.2576334575805075,-0.51338200917287,-1.6899659633636475,1.1093260049819946,1.8641767501831055,-0.4603472948074341,0.24862991273403168,-0.07103949785232544,0.11159960180521011,-0.06703473627567291
0.8717146433041301,4.654538465135892,-1.1124139548596494,-1.1124139548596494,-0.06515874816449557,-1.685106635093689,1.122429609298706,1.8621602058410645,-0.4499620795249939,0.24831873178482056,-0.04852340370416641,0.11130595952272415,-0.029492761939764023
0.8760951188986232,4.062127600481009,0.47284137807843973,0.47284137807843973,-1.05478658282418,-1.680189847946167,1.1308847665786743,1.8601891994476318,-0.455390065908432,0.2481061816215515,-0.07910657674074173,0.11117676645517349,0.06040515378117561
0.8804755944931164,5.733857008460872,0.7136440177587502,0.7136440177587502,-0.9319260316570577,-1.6752359867095947,1.1356635093688965,1.858194351196289,-0.48883965611457825,0.2477596551179886,-0.034494996070861816,0.11144136637449265,-0.13943684101104736
0.8848560700876095,4.5583439795621405,0.1444107828179504,0.1444107828179504,0.3626576936457557,-1.670261263847351,1.143846869468689,1.8560529947280884,-0.5053933262825012,0.24760855734348297,0.013560865074396133,0.11083056777715683,-0.26618969440460205
0.8892365456821025,9.148361249408534,-1.1773461371746332,-1.1773461371746332,-0.06394077481084254,-1.6652506589889526,1.1532341241836548,1.8538391590118408,-0.5016599893569946,0.24766795337200165,0.007187363691627979,0.10966452956199646,-0.059212833642959595
0.8936170212765957,5.604639213131023,-0.7632192539041064,-0.7632192539041064,0.03503012168562192,-1.6601989269256592,1.169954776763916,1.8516416549682617,-0.46933600306510925,0.24769943952560425,-0.02532760426402092,0.10940515249967575,0.13533343374729156
0.8979974968710889,4.721063808846488,0.15166283855768514,0.15166283855768514,-0.8353528380882025,-1.6550740003585815,1.180392861366272,1.849585771560669,-0.46445131301879883,0.24758848547935486,-0.04863901808857918,0.10999798029661179,0.2752082943916321
0.902377972465582,4.950021967095731,-0.5705064803450701,-0.5705064803450701,0.49832427687532566,-1.6499032974243164,1.1869847774505615,1.8475512266159058,-0.48726049065589905,0.24737542867660522,-0.019815031439065933,0.11120352149009705,0.1518511176109314
0.906758448060075,5.865515246464297,0.5798541989439859,0.5798541989439859,-0.3367046879366731,-1.64470374584198,1.1974303722381592,1.845416784286499,-0.47707560658454895,0.24728862941265106,-0.05102827772498131,0.11186870187520981,0.4057663679122925
0.9111389236545682,4.832060383407713,-1.7416674450441225,-1.7416674450441225,-0.9563386139287537,-1.639458417892456,1.207445740699768,1.8433269262313843,-0.47866037487983704,0.24706509709358215,-0.024261852726340294,0.11364614963531494,0.4480820596218109
0.9155193992490612,6.726874399819579,-0.019594632456699457,-0.019594632456699457,-0.4345416549597458,-1.6341692209243774,1.213914155960083,1.8412301540374756,-0.5033469796180725,0.24695882201194763,-0.04719594120979309,0.11560896039009094,0.29362523555755615
0.9198998748435544,5.291898227663278,-0.10514117035244208,-0.10514117035244208,-1.875856012618153,-1.6288516521453857,1.225233554840088,1.8390252590179443,-0.49996739625930786,0.2467520833015442,-0.03507817164063454,0.1168951764702797,0.3287450671195984
0.9242803504380476,6.090079624904407,-1.142007087481082,-1.142007087481082,0.6458961503838135,-1.623484492301941,1.2299559116363525,1.8368351459503174,-0.5421822667121887,0.24659842252731323,0.0166323184967041,0.11833523958921432,-0.07140600681304932
0.9286608260325406,3.4255126966340783,-0.3162652163500783,-0.3162652163500783,-0.7837330078356569,-1.6180967092514038,1.243046522140503,1.8344601392745972,-0.5189914703369141,0.24667127430438995,-0.03558012470602989,0.11802244931459427,0.2502857446670532
0.9330413016270338,6.836289111708475,0.8542265250071566,0.8542265250071566,-0.10921091124322313,-1.6126515865325928,1.2472628355026245,1.8321866989135742,-0.551448404788971,0.2465154230594635,-0.021928582340478897,0.1191188171505928,0.11134178936481476
0.9374217772215268,6.229378424372119,-1.773200823219233,-1.773200823219233,-0.9156041713390796,-1.6071879863739014,1.259656310081482,1.8297710418701172,-0.5395657420158386,0.24641937017440796,0.006206845864653587,0.11960654705762863,0.23981355130672455
0.94180225281602,6.308762643272456,-2.2984170123922985,-2.2984170123922985,-1.4443326078676748,-1.6016701459884644,1.2686851024627686,1.8274074792861938,-0.5515443086624146,0.24644656479358673,-0.018837695941329002,0.1206570416688919,0.12930072844028473
0.9461827284105132,5.787192122845933,-3.893252032589201,-3.893252032589201,-0.7223123799688069,-1.5961127281188965,1.2763466835021973,1.8249914646148682,-0.575154185295105,0.2463640421628952,-0.04377966746687889,0.12122344225645065,-0.126798614859581
0.9505632040050064,5.323513469521437,0.994594772251419,0.994594772251419,-0.38997790604819826,-1.5905216932296753,1.2850689888000488,1.8224719762802124,-0.5863416790962219,0.24617226421833038,-0.13638116419315338,0.12066800147294998,-0.19365853071212769
0.9549436795994992,6.108133428255747,-0.9573802783663939,-0.9573802783663939,-0.2622714149994518,-1.5848925113677979,1.293871283531189,1.8199034929275513,-0.593690037727356,0.24557484686374664,-0.0959472507238388,0.11981968581676483,-0.17862561345100403
0.9593241551939924,6.223869069528526,-2.3302586762077517,-2.3302586762077517,-0.264702222705438,-1.579224705696106,1.304460883140564,1.8173028230667114,-0.5914724469184875,0.24515455961227417,-0.11624663323163986,0.1190372183918953,-0.10973750799894333
0.9637046307884856,5.632496311274099,-0.5662114825295335,-0.5662114825295335,-0.48856916518376003,-1.5735105276107788,1.3152291774749756,1.8147119283676147,-0.5883343815803528,0.24464534223079681,-0.1765674352645874,0.11855651438236237,-0.038842782378196716
0.9680851063829788,5.076557339762321,-2.1411239579811596,-2.1411239579811596,-1.2495005391495781,-1.5677491426467896,1.3242594003677368,1.8121347427368164,-0.5953676700592041,0.24387189745903015,-0.17883484065532684,0.11838636547327042,-0.044129692018032074
0.9724655819774718,4.571579842941567,-0.13298190453844527,-0.13298190453844527,-0.09800963357390463,-1.561948299407959,1.3301334381103516,1.809526801109314,-0.6247731447219849,0.2430885136127472,-0.20487307012081146,0.11819306015968323,-0.27454182505607605
0.9768460575719649,6.2542393289782225,-1.0535039292220176,-1.0535039292220176,-0.34675490701068246,-1.5561217069625854,1.3382692337036133,1.8067899942398071,-0.6316181421279907,0.24219107627868652,-0.2058943659067154,0.11699043959379196,-0.195561945438385
0.981226533166458,7.726318539128888,0.027778017379419095,0.027778017379419095,0.10777500426764158,-1.5502594709396362,1.3487468957901,1.804023265838623,-0.6301035284996033,0.2412891536951065,-0.2265336811542511,0.11613378673791885,-0.14682698249816895
0.9856070087609512,5.212598589081599,0.24730629215705413,0.24730629215705413,-0.23388205881660126,-1.54435133934021,1.3630880117416382,1.8012630939483643,-0.6056236624717712,0.24029682576656342,-0.22886984050273895,0.1154906153678894,0.0628998726606369
0.9899874843554444,8.241339245379969,-0.5206238490202825,-0.5206238490202825,-1.1608027893891246,-1.5383803844451904,1.3718904256820679,1.7986102104187012,-0.6102170348167419,0.23929426074028015,-0.214817613363266,0.11576614528894424,0.11889612674713135
0.9943679599499372,9.366497603314802,-1.569712587583867,-1.569712587583867,-0.8443054793279956,-1.5323708057403564,1.3836177587509155,1.795937180519104,-0.6109111905097961,0.23835325241088867,-0.19612236320972443,0.11628696322441101,-0.013141155242919922
0.9987484355444304,5.384320206520484,1.016838615081975,1.016838615081975,-0.7319874401553861,-1.526309847831726,1.3981688022613525,1.7932610511779785,-0.5947574377059937,0.23749414086341858,-0.21730655431747437,0.11622940003871918,-0.03070448897778988
1.0031289111389237,4.25572697393808,0.6913329452869436,0.6913329452869436,-1.0498655308697518,-1.5201852321624756,1.4058336019515991,1.7906557321548462,-0.6094747185707092,0.2365422397851944,-0.1662352830171585,0.11609490215778351,-0.10957102477550507
1.0075093867334166,8.346361815501117,-0.131667027698802,-0.131667027698802,-1.8486178879417745,-1.5140269994735718,1.4105910062789917,1.787985920906067,-0.6410799026489258,0.23581404983997345,-0.11538676917552948,0.11561492830514908,-0.3033345937728882
1.0118898623279098,9.183833082792333,-2.000625665251488,-2.000625665251488,0.4037589623774969,-1.5078479051589966,1.4204909801483154,1.7851777076721191,-0.6568554639816284,0.23530860245227814,-0.06524635851383209,0.11428617686033249,-0.6246670484542847
1.016270337922403,4.657576994598211,-2.696659859783643,-2.696659859783643,-0.920823033491305,-1.5016255378723145,1.4380148649215698,1.782300353050232,-0.613148033618927,0.23502279818058014,-0.13546201586723328,0.11154983937740326,-0.2983936369419098
1.020650813516896,9.757431288789583,-1.9992304003961001,-1.9992304003961001,-0.7925785171566733,-1.4953263998031616,1.4438788890838623,1.7796144485473633,-0.6383697986602783,0.23442940413951874,-0.18732208013534546,0.11024273186922073,-0.4468599557876587
1.0250312891113893,8.93483990878919,-1.9250321682465765,-1.9250321682465765,-1.3200345056650944,-1.4890015125274658,1.4590953588485718,1.776818037033081,-0.6176767945289612,0.23360884189605713,-0.22256013751029968,0.10828527063131332,-0.44096288084983826
1.0294117647058822,7.99899645162027,2.1474463747300145,2.1474463747300145,-0.4520677681188004,-1.4826099872589111,1.4714794158935547,1.774112343788147,-0.6161893010139465,0.23263391852378845,-0.24022798240184784,0.10635364055633545,-0.6013230085372925
1.0337922403003754,5.754232797771784,0.8711259639448705,0.8711259639448705,0.40108511580741696,-1.4761642217636108,1.4844229221343994,1.7714130878448486,-0.6023522019386292,0.23158159852027893,-0.1643139272928238,0.103719562292099,-0.541409969329834
1.0381727158948686,6.547873851907235,-0.8455144190062399,-0.8455144190062399,-0.5863788032235475,-1.4696617126464844,1.4954596757888794,1.7687745094299316,-0.5875195264816284,0.2308618277311325,-0.15058724582195282,0.10134793072938919,-0.29579073190689087
1.0425531914893615,6.788133900163058,-1.894227102530809,-1.894227102530809,0.047914709556326485,-1.4631109237670898,1.5053695440292358,1.7662009000778198,-0.5890095829963684,0.23020218312740326,-0.15815483033657074,0.10005223006010056,-0.307137668132782
1.0469336670838547,5.565865327320301,-0.5203823350819063,-0.5203823350819063,-0.5561779935455772,-1.4565167427062988,1.5171518325805664,1.7636207342147827,-0.5736782550811768,0.2295093834400177,-0.21487152576446533,0.09870681911706924,-0.1360226273536682
1.051314142678348,6.455192069227049,-0.12441206380537206,-0.12441206380537206,0.794703729923474,-1.4498709440231323,1.5253747701644897,1.7611078023910522,-0.5827248096466064,0.22856813669204712,-0.21382617950439453,0.09811097383499146,-0.16179224848747253
1.055694618272841,6.743485608837407,-1.004759904428621,-1.004759904428621,-0.869171703769535,-1.443189024925232,1.538180947303772,1.7585551738739014,-0.552759051322937,0.22763147950172424,-0.24066726863384247,0.09740224480628967,0.20984309911727905
1.0600750938673342,6.0839958845378845,-0.7366040351277767,-0.7366040351277767,-0.07236620737864113,-1.4364510774612427,1.5476279258728027,1.756133794784546,-0.5591647028923035,0.22657723724842072,-0.24462687969207764,0.09832146018743515,0.12416283786296844
1.0644555694618272,7.734149041729434,-0.09976155166472023,-0.09976155166472023,-1.0551071407553814,-1.4296717643737793,1.5577324628829956,1.753684401512146,-0.5525299310684204,0.22550565004348755,-0.2640247344970703,0.09886535257101059,0.24540507793426514
1.0688360450563203,7.515378755022037,-2.266239206846147,-2.266239206846147,-0.2608041564270701,-1.422848105430603,1.5683180093765259,1.7512640953063965,-0.5548898577690125,0.22434909641742706,-0.2361256182193756,0.09994034469127655,0.13097694516181946
1.0732165206508135,4.468994586335971,-1.1407045205088084,-1.1407045205088084,-0.24075296534932583,-1.4159780740737915,1.5803107023239136,1.748833417892456,-0.5405513048171997,0.22331474721431732,-0.29469066858291626,0.10051408410072327,0.23302596807479858
1.0775969962453065,3.3739802153329315,0.0835853971982744,0.0835853971982744,-0.14779816188691886,-1.4090555906295776,1.58722984790802,1.7464655637741089,-0.5514350533485413,0.2220238596200943,-0.32097211480140686,0.10153485089540482,0.26983919739723206
1.0819774718397996,3.9167509295382046,1.5073219170803243,1.5073219170803243,-0.6704643326863927,-1.4021028280258179,1.5925202369689941,1.7440500259399414,-0.5693825483322144,0.2206178456544876,-0.3142149746417999,0.10271687805652618,0.30712640285491943
1.0863579474342928,8.594552541821828,1.0147982290030058,1.0147982290030058,-0.2191552463828432,-1.3951268196105957,1.5974351167678833,1.7415558099746704,-0.5949259400367737,0.2192414402961731,-0.2506166994571686,0.10406223684549332,0.21131034195423126
1.090738423028786,5.900813728955104,0.5511661912312052,0.5511661912312052,-0.6899279792796016,-1.3881292343139648,1.611108660697937,1.7389497756958008,-0.5704361796379089,0.21814362704753876,-0.21458134055137634,0.10498787462711334,0.35029441118240356
1.0951188986232792,4.1533145551738055,0.3612743490762964,0.3612743490762964,1.0167840166355067,-1.3810718059539795,1.619170904159546,1.7364510297775269,-0.5796571373939514,0.21720366179943085,-0.1783374547958374,0.1065223291516304,0.2953050434589386
1.099499374217772,7.518771515995765,-2.8115791826704086,-2.8115791826704086,-0.7585196725161376,-1.373979091644287,1.6285595893859863,1.7339118719100952,-0.563852071762085,0.2164224535226822,-0.19748041033744812,0.10781590640544891,0.6756131649017334
1.1038798498122653,8.906059579658745,1.7014434948219295,1.7014434948219295,-0.030085370629235497,-1.3668452501296997,1.6391464471817017,1.7314419746398926,-0.5609931349754333,0.21555739641189575,-0.25743624567985535,0.1107754111289978,0.6392624378204346
1.1082603254067585,5.851601255812668,0.37273962208766875,0.37273962208766875,-0.6907338712329917,-1.359665036201477,1.6538283824920654,1.7289845943450928,-0.5294255614280701,0.21442970633506775,-0.20687010884284973,0.11357568204402924,0.8384649157524109
1.1126408010012514,7.710308239087911,-3.0285605617305453,-3.0285605617305453,-0.8389010491542002,-1.352420449256897,1.6618398427963257,1.7266654968261719,-0.5390549898147583,0.2135235220193863,-0.17581331729888916,0.11724855750799179,0.7822849750518799
1.1170212765957446,5.667083415958075,-3.0064187491634833,-3.0064187491634833,-0.5114155578681444,-1.345140814781189,1.672408938407898,1.72430419921875,-0.5364035367965698,0.21275337040424347,-0.23975831270217896,0.12067534029483795,0.7282081842422485
1.1214017521902375,5.764876236953417,-2.0395565890565814,-2.0395565890565814,-1.1486156460170596,-1.3378149271011353,1.6804640293121338,1.7219544649124146,-0.5433874130249023,0.2117031216621399,-0.3126203119754791,0.12386523932218552,0.7178459167480469
1.125782227784731,6.519234710573387,0.2866041775513738,0.2866041775513738,-0.46165787910857653,-1.3304537534713745,1.6867880821228027,1.719574213027954,-0.564351499080658,0.2103336900472641,-0.3386386036872864,0.12700974941253662,0.5321156978607178
1.130162703379224,6.512636090754098,-0.4996180787963095,-0.4996180787963095,0.009189035741714147,-1.3230648040771484,1.6962032318115234,1.71710205078125,-0.5629327297210693,0.20885029435157776,-0.3167869746685028,0.12934066355228424,0.5556347966194153
1.134543178973717,2.9088579699166033,-1.7836970808146184,-1.7836970808146184,-0.8414449465727815,-1.3156346082687378,1.7069823741912842,1.7146360874176025,-0.550611138343811,0.2074626237154007,-0.33164575695991516,0.13177460432052612,0.7103563547134399
1.1389236545682102,4.940160560730436,-2.024439973251825,-2.024439973251825,-0.7133496095219801,-1.308157205581665,1.7093147039413452,1.7122241258621216,-0.5885449647903442,0.2060098648071289,-0.35916250944137573,0.13488630950450897,0.5436768531799316
1.1433041301627034,6.2605284965166454,-0.12701848141113548,-0.12701848141113548,-1.1258892643067087,-1.300669550895691,1.7152068614959717,1.7096459865570068,-0.6062887907028198,0.2044365555047989,-0.3974505066871643,0.13726787269115448,0.4602319300174713
1.1476846057571963,7.093211214420443,-1.241035561549017,-1.241035561549017,-0.9953237734124224,-1.2931561470031738,1.7218180894851685,1.706990122795105,-0.622413694858551,0.20269553363323212,-0.3682803213596344,0.1392839103937149,0.2926466166973114
1.1520650813516895,4.270515357129003,-0.6585700670258795,-0.6585700670258795,-2.0955131974998658,-1.285613775253296,1.7300525903701782,1.704263687133789,-0.6284292936325073,0.2010822892189026,-0.3754558861255646,0.14056584239006042,0.1809861958026886
1.156445556946183,7.881152189540032,0.5867365241508864,0.5867365241508864,0.29320545500857687,-1.278035283088684,1.7300381660461426,1.7015109062194824,-0.6838622689247131,0.19943761825561523,-0.33349257707595825,0.1413586437702179,-0.3035004734992981
1.1608260325406758,5.852360517830553,0.5099191821877483,0.5099191821877483,-0.12134017984600198,-1.2704569101333618,1.7436180114746094,1.6985152959823608,-0.6532658934593201,0.19797676801681519,-0.32492053508758545,0.1400291621685028,-0.03732702136039734
1.165206508135169,10.83585006885324,-3.293657293462171,-3.293657293462171,-1.1829233296956865,-1.2628190517425537,1.7524908781051636,1.6956536769866943,-0.6494591236114502,0.19655346870422363,-0.30648577213287354,0.13986565172672272,0.06576937437057495
1.169586983729662,5.467753039832958,2.3517863468216484,2.3517863468216484,-0.7770306195251147,-1.255142331123352,1.765685796737671,1.692808747291565,-0.6280363202095032,0.19521091878414154,-0.36812588572502136,0.14015375077724457,-0.010563604533672333
1.1739674593241551,4.141239133956088,-1.1688389579344798,-1.1688389579344798,0.5673384133120594,-1.2474077939987183,1.7717046737670898,1.690057635307312,-0.6426846981048584,0.19359834492206573,-0.2767544984817505,0.14010748267173767,-0.0993037149310112
1.1783479349186483,7.032321881315567,-2.3818018801545175,-2.3818018801545175,-0.3655817182429203,-1.2396469116210938,1.780006766319275,1.6872423887252808,-0.6373708248138428,0.19238603115081787,-0.32745638489723206,0.13967248797416687,0.1558372974395752
1.1827284105131413,4.994499615183049,-0.11665213481097059,-0.11665213481097059,-1.0383388789213703,-1.2318496704101562,1.7896997928619385,1.684450387954712,-0.6291791796684265,0.1909516155719757,-0.38633638620376587,0.14035512506961823,0.21847674250602722
1.1871088861076344,11.350155320441495,-0.3382737499136914,-0.3382737499136914,0.5279071075697865,-1.2240099906921387,1.7939977645874023,1.6816942691802979,-0.6538769602775574,0.18925927579402924,-0.35942021012306213,0.1413121521472931,0.045815661549568176
1.1914893617021276,5.744089892860237,-1.360802981969738,-1.360802981969738,-1.5878409343249764,-1.216151475906372,1.8131017684936523,1.6788300275802612,-0.5882794260978699,0.18768484890460968,-0.3847154378890991,0.14151284098625183,0.4587535858154297
1.1958698372966208,4.274980666615076,0.2647657023966651,0.2647657023966651,0.4589273286241504,-1.2082092761993408,1.8166587352752686,1.676253080368042,-0.6193483471870422,0.18599961698055267,-0.378085196018219,0.14352239668369293,0.15042299032211304
1.200250312891114,5.83442520961008,-2.7658773245473305,-2.7658773245473305,-0.14013694300353974,-1.2002514600753784,1.824671745300293,1.6735399961471558,-0.6153810024261475,0.18434342741966248,-0.38375532627105713,0.14418132603168488,0.3785134553909302
1.204630788485607,7.866523391651264,-0.4964913734751224,-0.4964913734751224,-0.5639188283513407,-1.1922584772109985,1.833021640777588,1.670844316482544,-0.6120642423629761,0.18266239762306213,-0.46043527126312256,0.1458393931388855,0.4760674238204956
1.2090112640801,6.844819943650275,-2.6329318951080936,-2.6329318951080936,-0.4475084761574477,-1.1842290163040161,1.8429465293884277,1.6681631803512573,-0.6013069152832031,0.18064546585083008,-0.45846617221832275,0.14792479574680328,0.5030505657196045
1.2133917396745932,2.6649642433045186,-0.9664524603987024,-0.9664524603987024,-0.15450113912244984,-1.1761560440063477,1.8516658544540405,1.6655291318893433,-0.5965125560760498,0.17863716185092926,-0.5222874879837036,0.15012839436531067,0.5385908484458923
1.2177722152690862,5.6905738392191285,-0.4094561217436071,-0.4094561217436071,-0.1579249943246726,-1.168044924736023,1.855167031288147,1.6629160642623901,-0.6204341650009155,0.17634929716587067,-0.5459990501403809,0.15248768031597137,0.5579389929771423
1.2221526908635794,4.305691585568226,-0.9002010322832356,-0.9002010322832356,-1.363173128933779,-1.1599184274673462,1.8630664348602295,1.6601982116699219,-0.6187105774879456,0.17395755648612976,-0.5533445477485657,0.15493172407150269,0.6472330093383789
1.2265331664580723,6.869128777281032,-1.691986198313522,-1.691986198313522,-0.3910639159951618,-1.1517573595046997,1.8645583391189575,1.6574879884719849,-0.6566641926765442,0.17153364419937134,-0.5398243069648743,0.1577669084072113,0.36796998977661133
1.2309136420525657,8.277824054555927,0.8272476476191556,0.8272476476191556,-0.09751025775143013,-1.143589735031128,1.8730988502502441,1.6546114683151245,-0.6502766013145447,0.16916896402835846,-0.5778153538703918,0.1593787968158722,0.4198918044567108
1.2352941176470589,4.398738589084727,2.4483660039478994,2.4483660039478994,-0.6661803366411642,-1.1353846788406372,1.8846659660339355,1.6517629623413086,-0.6250969171524048,0.1666378527879715,-0.5508095026016235,0.16121812164783478,0.5867021083831787
1.2396745932415518,5.938377752070026,-0.2642348789567539,-0.2642348789567539,-0.1919096824968317,-1.1271289587020874,1.8885327577590942,1.6490247249603271,-0.6460710763931274,0.1642250418663025,-0.4598548710346222,0.16378815472126007,0.5040132403373718
1.244055068836045,6.474731306686403,0.8529224703004085,0.8529224703004085,-1.0658668975864285,-1.1188563108444214,1.8962621688842773,1.646194577217102,-0.6429544687271118,0.16221065819263458,-0.46196699142456055,0.16599597036838531,0.5896755456924438
1.2484355444305382,7.119023815280219,-2.1413269820138066,-2.1413269820138066,-0.11864555412854322,-1.110549807548523,1.9013292789459229,1.6433781385421753,-0.6554697751998901,0.1601870208978653,-0.4059322476387024,0.16857902705669403,0.4441794157028198
1.2528160200250311,11.112648885956308,-1.598851064286209,-1.598851064286209,-0.47256225724124085,-1.102221131324768,1.9108463525772095,1.6405068635940552,-0.6405858397483826,0.15840885043144226,-0.4650009572505951,0.1705247461795807,0.5779393315315247
1.2571964956195243,9.139575283074436,-1.2098157238784792,-1.2098157238784792,-0.7719900095503806,-1.0938507318496704,1.924472451210022,1.6377007961273193,-0.5998705625534058,0.15637192130088806,-0.4978921711444855,0.17305639386177063,0.7065874338150024
1.2615769712140177,3.174793570037376,0.33348745290136295,0.33348745290136295,-0.8469169866243691,-1.0854206085205078,1.9341130256652832,1.6350730657577515,-0.58286452293396,0.15419091284275055,-0.5106780529022217,0.1761515885591507,0.7054764628410339
1.2659574468085106,6.381352175659483,-0.9932685802194827,-0.9932685802194827,0.8195216047134863,-1.0769482851028442,1.9351564645767212,1.6325198411941528,-0.6183717250823975,0.15195390582084656,-0.476206511259079,0.17924191057682037,0.5436810255050659
1.2703379224030038,6.875076340026789,-0.7513210788202485,-0.7513210788202485,0.2346913909703734,-1.0684714317321777,1.9473586082458496,1.6298110485076904,-0.5881070494651794,0.14986789226531982,-0.5291457176208496,0.18162348866462708,0.9217368364334106
1.2747183979974968,6.245853815744714,0.5071676708122189,0.5071676708122189,-1.3805888167220737,-1.059941053390503,1.957938313484192,1.6272348165512085,-0.5671569108963013,0.14754998683929443,-0.5579404234886169,0.18566113710403442,1.1482419967651367
1.27909887359199,7.054377079542729,-0.2382335950312352,-0.2382335950312352,-0.7639918700246006,-1.0513643026351929,1.9608246088027954,1.6247503757476807,-0.588809609413147,0.14510594308376312,-0.5028119683265686,0.19069097936153412,0.9095070362091064
1.283479349186483,7.46540204708391,0.2472005742179737,0.2472005742179737,-0.6922971345626103,-1.0427749156951904,1.967151403427124,1.62217116355896,-0.5893227458000183,0.1429033875465393,-0.48745816946029663,0.19467505812644958,0.8616123795509338
1.287859824780976,2.6035746004919265,-0.3496468443872782,-0.3496468443872782,-1.1915759195492732,-1.0341578722000122,1.9741995334625244,1.6195896863937378,-0.5846669673919678,0.14076809585094452,-0.46002185344696045,0.19844932854175568,0.8432826995849609
1.2922403003754692,5.211133434774988,0.8569510009508237,0.8569510009508237,-0.41964285036860594,-1.0255099534988403,1.9723914861679077,1.6170285940170288,-0.6328901052474976,0.1387529820203781,-0.43543484807014465,0.20214331150054932,0.5718976259231567
1.2966207759699624,9.742515459141076,-1.8174020135423226,-1.8174020135423226,-0.13746111322067106,-1.0168699026107788,1.9773896932601929,1.6142562627792358,-0.6411280035972595,0.13684557378292084,-0.39815425872802734,0.20464849472045898,0.5767597556114197
1.3010012515644556,7.724808823634781,-1.0916879777020594,-1.0916879777020594,0.08064717865591214,-1.0082080364227295,1.989593744277954,1.611447811126709,-0.6042810082435608,0.13510146737098694,-0.4472138583660126,0.20717497169971466,0.7662422060966492
1.3053817271589487,7.724293083414624,-0.05649418785904026,-0.05649418785904026,0.13465630931165934,-0.9994926452636719,2.0002424716949463,1.6088007688522339,-0.5796387195587158,0.13314245641231537,-0.48144975304603577,0.21053147315979004,0.969314694404602
1.3097622027534417,6.494856949540005,-0.46617369533710884,-0.46617369533710884,-0.3893189791055771,-0.9907306432723999,2.0112366676330566,1.6062617301940918,-0.5537950396537781,0.13103348016738892,-0.4870319664478302,0.21477752923965454,1.1873652935028076
1.3141426783479349,5.149001743265836,-0.5373266143334348,-0.5373266143334348,-1.0134698409706278,-0.9819204807281494,2.0181655883789062,1.6038358211517334,-0.5504703521728516,0.12890005111694336,-0.48927637934684753,0.21997874975204468,1.2304834127426147
1.318523153942428,4.364565220394686,-2.0607096187189033,-2.0607096187189033,-0.37616360221568407,-0.9730799794197083,2.020136594772339,1.6014244556427002,-0.5728946924209595,0.12675678730010986,-0.47537147998809814,0.22536885738372803,1.0680285692214966
1.322903629536921,4.4220209968791835,-2.8032804772893494,-2.8032804772893494,-1.008585017510357,-0.9642308354377747,2.024160861968994,1.5989148616790771,-0.5873925089836121,0.12467443197965622,-0.524565577507019,0.2300473302602768,1.06492280960083
1.327284105131414,4.712061760418157,-1.264702660273437,-1.264702660273437,0.3849013849985662,-0.9553640484809875,2.024812936782837,1.596341848373413,-0.6158324480056763,0.12237658351659775,-0.5769763588905334,0.23471219837665558,0.8867168426513672
1.331664580725907,5.427815415153056,-1.970832866035725,-1.970832866035725,-0.10513262643281768,-0.9464944005012512,2.0331666469573975,1.5936442613601685,-0.6099932789802551,0.11984915286302567,-0.6251500248908997,0.23859643936157227,1.1038014888763428
1.3360450563204005,9.020711729960608,1.162198941208525,1.162198941208525,-0.4267585209226737,-0.9375881552696228,2.0398495197296143,1.5909721851348877,-0.6092754006385803,0.11711069941520691,-0.6796343922615051,0.24343161284923553,1.2008018493652344
1.3404255319148937,8.990500345390005,-2.0379011532341362,-2.0379011532341362,-1.6740369471375183,-0.9286526441574097,2.0492193698883057,1.5883033275604248,-0.5853338837623596,0.1141335740685463,-0.6332318186759949,0.24869169294834137,1.2915279865264893
1.3448060075093866,4.654756820496537,0.8536174141067716,0.8536174141067716,-0.33276164297056154,-0.9196760654449463,2.051293134689331,1.585739254951477,-0.5900141596794128,0.11135971546173096,-0.6438578367233276,0.2543492019176483,1.033486247062683
1.3491864831038798,7.760155609515951,-0.5424361405849367,-0.5424361405849367,-0.5264192824502965,-0.910690426826477,2.05543851852417,1.5831546783447266,-0.6010546088218689,0.10853931307792664,-0.609211802482605,0.25887635350227356,1.048669457435608
1.353566958698373,6.046240296188968,0.4857852738289168,0.4857852738289168,-0.639558628952624,-0.9016866087913513,2.062136650085449,1.580521821975708,-0.5900906324386597,0.10587067902088165,-0.6096795201301575,0.26347002387046814,1.0816909074783325
1.357947434292866,5.186985525300049,0.0697430586713722,0.0697430586713722,-0.21310256270124178,-0.8926534652709961,2.065965414047241,1.5779368877410889,-0.5962656140327454,0.10319999605417252,-0.5768159031867981,0.2682083547115326,1.0432852506637573
1.362327909887359,6.754491829108004,-0.5676054160720052,-0.5676054160720052,0.0875725520397509,-0.883603572845459,2.071256399154663,1.5753250122070312,-0.6000949144363403,0.10067326575517654,-0.5685558915138245,0.2727784514427185,1.103775143623352
1.3667083854818525,6.8069377565761755,0.21133391624635045,0.21133391624635045,0.8695110770267463,-0.8745304942131042,2.080291986465454,1.572696328163147,-0.5838493704795837,0.09818272292613983,-0.5876891613006592,0.2776135206222534,1.2841682434082031
1.3710888610763454,9.269974750055505,-0.5856111057340991,-0.5856111057340991,0.40051986280184104,-0.8654178380966187,2.0945186614990234,1.5701388120651245,-0.5496041774749756,0.09560836851596832,-0.606909990310669,0.28323879837989807,1.6836341619491577
1.3754693366708386,3.3440828738081736,-1.672174914271801,-1.672174914271801,-0.866000339967335,-0.856242835521698,2.109048843383789,1.567731261253357,-0.5051999092102051,0.09294981509447098,-0.6357081532478333,0.29061391949653625,2.008784294128418
1.3798498122653315,2.664157156352945,-0.6492524765866179,-0.6492524765866179,-0.6316805786001909,-0.8470041751861572,2.1085731983184814,1.5655182600021362,-0.5396897196769714,0.09016510844230652,-0.6592510342597961,0.2994133532047272,1.8441264629364014
1.3842302878598247,5.439622022339784,-0.7830216523454459,-0.7830216523454459,-1.1115062594428466,-0.8377676010131836,2.108513593673706,1.5631542205810547,-0.574609100818634,0.08727727830410004,-0.6597641706466675,0.3074915111064911,1.72904372215271
1.388610763454318,5.3674749443279826,-0.9112827546983547,-0.9112827546983547,-0.22349691065209415,-0.8285313248634338,2.107999086380005,1.56063711643219,-0.5967032313346863,0.08438719809055328,-0.6501713991165161,0.31506553292274475,1.543481469154358
1.3929912390488108,6.516396212859519,-0.7927005552673676,-0.7927005552673676,-0.003113851342942342,-0.8192973136901855,2.1134109497070312,1.55802321434021,-0.5995364189147949,0.08153913915157318,-0.6702569127082825,0.3218267261981964,1.6036218404769897
1.397371714643304,9.112291888636884,1.853885739371148,1.853885739371148,-0.33735143559183645,-0.8100395798683167,2.121762752532959,1.5553969144821167,-0.5878134369850159,0.078603096306324,-0.693315327167511,0.3288513422012329,1.7510948181152344
1.4017521902377972,5.108383167866841,-1.9103107347780963,-1.9103107347780963,-0.3905173564445298,-0.8007452487945557,2.130657196044922,1.5528219938278198,-0.5616998076438904,0.07556604593992233,-0.6293242573738098,0.3365219831466675,1.8639332056045532
1.4061326658322904,7.111127974114928,0.35467595034993404,0.35467595034993404,-0.015566248007878203,-0.7914119362831116,2.13461971282959,1.5503615140914917,-0.5706469416618347,0.07280930876731873,-0.6737070679664612,0.344686895608902,1.8707013130187988
1.4105131414267835,7.681092231829122,-0.915510605817474,-0.915510605817474,-2.1430530585173537,-0.7820612788200378,2.143712043762207,1.5478618144989014,-0.5544838309288025,0.06985814869403839,-0.6628948450088501,0.35288146138191223,2.026906728744507
1.4148936170212765,10.023710545920718,-0.5411456042522451,-0.5411456042522451,-1.4015604540949027,-0.7726708054542542,2.1363625526428223,1.5454329252243042,-0.5804691314697266,0.0669543519616127,-0.6270467042922974,0.36176028847694397,1.6021192073822021
1.4192740926157696,3.9013214577729056,-0.9175038144043199,-0.9175038144043199,-0.7918331113065747,-0.7633125185966492,2.1367712020874023,1.542890191078186,-0.5702486038208008,0.06420759111642838,-0.6019198894500732,0.3687783181667328,1.4360508918762207
1.4236545682102628,5.150324312235051,-0.9731539455928845,-0.9731539455928845,-1.0730229076446915,-0.7539524435997009,2.135098457336426,1.540392279624939,-0.5980490446090698,0.061570893973112106,-0.6055898666381836,0.37506890296936035,1.302454948425293
1.4280350438047558,6.692649672321972,-0.4477151274848027,-0.4477151274848027,0.6015434483224487,-0.7445996999740601,2.1321115493774414,1.537772536277771,-0.6214495301246643,0.058918122202157974,-0.602673351764679,0.38077428936958313,1.118039846420288
1.432415519399249,8.718974101225715,-0.5366020445590608,-0.5366020445590608,0.37145686002644374,-0.735260009765625,2.145049810409546,1.5350502729415894,-0.5954163670539856,0.05627812445163727,-0.6333150267601013,0.38567182421684265,1.4346030950546265
1.436795994993742,7.614300787039207,2.1034718836565967,2.1034718836565967,-0.016455801368096268,-0.7258636951446533,2.158405065536499,1.5324420928955078,-0.5575973987579346,0.05350390449166298,-0.6598332524299622,0.39195606112480164,1.7315609455108643
1.4411764705882353,10.106703192648425,-1.4138779195228581,-1.4138779195228581,-0.06465367603083771,-0.7164088487625122,2.1673929691314697,1.5299994945526123,-0.5376555323600769,0.05061352252960205,-0.5979246497154236,0.39954110980033875,1.895309329032898
1.4455569461827285,5.328583388324925,-1.538889579291377,-1.538889579291377,-0.9300796050189246,-0.7069146633148193,2.1787030696868896,1.5276442766189575,-0.4981069266796112,0.047994326800107956,-0.6373263001441956,0.4078434705734253,2.0998823642730713
1.4499374217772214,3.2145696754101056,2.268149458686772,2.268149458686772,-1.5435329443365535,-0.6973708868026733,2.177145481109619,1.5254623889923096,-0.5172832608222961,0.04520253464579582,-0.655105471611023,0.41704195737838745,1.9573932886123657
1.4543178973717146,4.716365508642937,0.8309701749879067,0.8309701749879067,0.546692477257136,-0.6878339648246765,2.167137861251831,1.5231964588165283,-0.5671312808990479,0.042332861572504044,-0.5437922477722168,0.4256162643432617,1.5971276760101318
1.4586983729662075,4.850991369252778,-1.3482899146453289,-1.3482899146453289,-0.469996888013193,-0.6783408522605896,2.1781697273254395,1.52071213722229,-0.5596041083335876,0.039950791746377945,-0.5354904532432556,0.43261244893074036,1.8521088361740112
1.4630788485607007,8.687746773351396,0.698438358812383,0.698438358812383,-1.0082711824300326,-0.6687994599342346,2.1796889305114746,1.5182608366012573,-0.5728235244750977,0.03760508820414543,-0.5611394047737122,0.44072556495666504,1.8260797262191772
1.467459324155194,7.006466160967184,0.07174560988109208,0.07174560988109208,-0.11898144980133091,-0.6592513918876648,2.179607629776001,1.515751600265503,-0.5656604766845703,0.03514702990651131,-0.5112980604171753,0.4487246572971344,1.7321929931640625
1.471839799749687,5.531565087220578,0.25731883791309207,0.25731883791309207,-0.3590412646718375,-0.6497036814689636,2.1865146160125732,1.5132737159729004,-0.5536232590675354,0.03290729969739914,-0.5057282447814941,0.45631247758865356,1.8493818044662476
1.4762202753441802,6.9777988496543015,-2.152559237957328,-2.152559237957328,-0.5375723479178974,-0.6401256918907166,2.189525604248047,1.5108486413955688,-0.5589821934700012,0.030691970139741898,-0.4877285659313202,0.4644136428833008,1.8674514293670654
1.4806007509386734,6.070800822416807,-2.018615449579425,-2.018615449579425,0.20552070071590234,-0.6305345296859741,2.1920418739318848,1.5084000825881958,-0.5562125444412231,0.028555486351251602,-0.5348913073539734,0.4725939631462097,1.8659346103668213
1.4849812265331663,7.500593048256498,1.9387750260671297,1.9387750260671297,0.6774515341130456,-0.6209323406219482,2.2014451026916504,1.5059635639190674,-0.5454663038253784,0.026212407276034355,-0.5998431444168091,0.4807676374912262,2.0517373085021973
1.4893617021276595,5.411622389490756,-0.4385765031904642,-0.4385765031904642,-0.4764015363536893,-0.6112889647483826,2.2176096439361572,1.5035741329193115,-0.5133918523788452,0.02358480915427208,-0.5630084872245789,0.48975521326065063,2.3986098766326904
1.493742177722153,6.1985182228296605,-1.2429307010333692,-1.2429307010333692,-1.8936035732945384,-0.6015747785568237,2.219555139541626,1.501325249671936,-0.5227944850921631,0.021118564531207085,-0.5619038939476013,0.5002622604370117,2.3790535926818848
1.4981226533166456,8.694297763075745,-1.2274152622405228,-1.2274152622405228,-2.092064057691114,-0.591852068901062,2.2061638832092285,1.499035120010376,-0.5549465417861938,0.018657159060239792,-0.5429021716117859,0.5106836557388306,1.979886531829834
1.5025031289111388,8.557143264558128,1.166021123755307,1.166021123755307,0.1339964285255854,-0.5821880102157593,2.1919143199920654,1.4966042041778564,-0.5703629851341248,0.016278989613056183,-0.5176516771316528,0.5193564891815186,1.5760560035705566
1.506883604505632,9.360338084500675,-0.8532166016499961,-0.8532166016499961,-0.31699852868751055,-0.5725863575935364,2.2025234699249268,1.4941056966781616,-0.5412833094596863,0.014011428691446781,-0.4875132739543915,0.5262603759765625,1.7891356945037842
1.5112640801001251,4.436065602171015,-0.1117166923502301,-0.1117166923502301,-0.2885954513612645,-0.5629382729530334,2.2087562084198,1.4917346239089966,-0.5150675177574158,0.011875888332724571,-0.5031725168228149,0.5340976715087891,1.8919569253921509
1.5156445556946183,4.193803905423032,-0.48788308375817624,-0.48788308375817624,-0.5550290638374439,-0.5532628893852234,2.210653066635132,1.489478349685669,-0.5284842848777771,0.009671753272414207,-0.4980070888996124,0.5423853397369385,1.901586890220642
1.5200250312891113,5.06472114188286,-1.3072553721846305,-1.3072553721846305,0.528676953697043,-0.5435791611671448,2.20902156829834,1.4871633052825928,-0.5492727756500244,0.007490245625376701,-0.4960462152957916,0.5507152080535889,1.8314738273620605
1.5244055068836044,8.116714536264524,1.2750695680711626,1.2750695680711626,-0.47356365636223263,-0.5339025855064392,2.2212796211242676,1.4847571849822998,-0.5413387417793274,0.005317327566444874,-0.5496612787246704,0.5587379336357117,2.0805280208587646
1.5287859824780976,5.756773421396423,0.7666762265447428,0.7666762265447428,-0.9585218275254112,-0.524172306060791,2.2242445945739746,1.4823858737945557,-0.528999924659729,0.002909549744799733,-0.498595654964447,0.5678516626358032,2.1103017330169678
1.5331664580725906,7.3111513076903645,0.1853629762876132,0.1853629762876132,-0.4118541578603182,-0.5144290328025818,2.218806743621826,1.480068564414978,-0.5453953146934509,0.0007254634983837605,-0.44821441173553467,0.5770958065986633,1.9569509029388428
1.5375469336670835,5.549714563114989,-2.5286413086064297,-2.5286413086064297,-0.2479906823156529,-0.5047096014022827,2.2213449478149414,1.4776794910430908,-0.5384352207183838,-0.0012379288673400879,-0.4307737648487091,0.5856682062149048,1.9857667684555054
1.541927409261577,5.715045015646184,-0.8514265401445067,-0.8514265401445067,-0.410285927640326,-0.49497905373573303,2.224327564239502,1.4753209352493286,-0.5425226092338562,-0.0031249229796230793,-0.4973759949207306,0.5943667888641357,2.0249133110046387
1.54630788485607,3.473621226704794,-0.5674880133661081,-0.5674880133661081,-0.4003210360556188,-0.48523545265197754,2.2252862453460693,1.4729443788528442,-0.5485501885414124,-0.005303666461259127,-0.510258674621582,0.6032368540763855,2.0212342739105225
1.5506883604505632,8.285926139001987,0.9312009395850807,0.9312009395850807,-0.8102656493178297,-0.4754876494407654,2.224264144897461,1.4705414772033691,-0.5723549723625183,-0.007538842037320137,-0.5151404738426208,0.6120908260345459,1.9763916730880737
1.5550688360450562,7.0707376985154,0.3185865566349594,0.3185865566349594,-0.01438797392283675,-0.4657443165779114,2.221748113632202,1.468034267425537,-0.5656619071960449,-0.00979540217667818,-0.46428412199020386,0.6207483410835266,1.9085251092910767
1.5594493116395494,6.501275159133419,1.1852220733318906,1.1852220733318906,0.41964626020186285,-0.4560120105743408,2.228724956512451,1.4655563831329346,-0.5534683465957642,-0.011829187162220478,-0.45456022024154663,0.6291086077690125,2.03836727142334
1.5638297872340423,8.180500570573074,-4.485649405266792,-4.485649405266792,-0.5772247304426982,-0.4462491273880005,2.241276979446411,1.4631319046020508,-0.5378113389015198,-0.013820377178490162,-0.4322029948234558,0.6380376219749451,2.277531623840332
1.5682102628285357,6.771827506789476,-0.342406388379942,-0.342406388379942,0.1501834704786278,-0.43643125891685486,2.2416298389434814,1.4607760906219482,-0.5280444025993347,-0.015713632106781006,-0.5463414192199707,0.6480143070220947,2.268974781036377
1.5725907384230289,6.719316306115297,-0.48229096207631983,-0.48229096207631983,-0.69559581846242,-0.42661184072494507,2.250899314880371,1.4584629535675049,-0.5159011483192444,-0.018106866627931595,-0.5607265830039978,0.6579535007476807,2.4358785152435303
1.5769712140175218,9.1591301586516,0.7436905135468335,0.7436905135468335,-0.4075666811318982,-0.41675183176994324,2.248161792755127,1.4562031030654907,-0.5202152729034424,-0.020563116297125816,-0.5544974207878113,0.6686238050460815,2.364737033843994
1.581351689612015,7.637346886981763,-0.7285420826236981,-0.7285420826236981,-1.6553540447595982,-0.40690380334854126,2.2512331008911133,1.453924298286438,-0.5000721216201782,-0.022992078214883804,-0.5208770632743835,0.6789824962615967,2.4167487621307373
1.5857321652065082,4.938690218278621,-0.4139098521959204,-0.4139098521959204,-0.2689663187316106,-0.39704233407974243,2.234586238861084,1.4517337083816528,-0.5148181319236755,-0.025273768231272697,-0.4938112199306488,0.6895689964294434,2.0917856693267822
1.5901126408010011,8.31466445977713,0.16160762231094083,0.16160762231094083,0.16717393760671628,-0.3872537910938263,2.235661506652832,1.4494785070419312,-0.5251433849334717,-0.02743689715862274,-0.49804404377937317,0.6987320184707642,2.104191780090332
1.5944931163954943,7.084303451508833,-0.004772233824487188,-0.004772233824487188,-0.2508412840132188,-0.3774605393409729,2.24578857421875,1.4471781253814697,-0.5014559626579285,-0.02961856685578823,-0.49820658564567566,0.7079493999481201,2.2965269088745117
1.5988735919899877,9.213404411650236,-0.5978546715410481,-0.5978546715410481,-0.4089742897554709,-0.36762291193008423,2.2487597465515137,1.4449814558029175,-0.49517008662223816,-0.031800948083400726,-0.4910205900669098,0.7180092930793762,2.349459648132324
1.6032540675844804,6.717825353832756,-0.6038908538021683,-0.6038908538021683,-1.5470837539721645,-0.35777226090431213,2.2507712841033936,1.4428123235702515,-0.47539111971855164,-0.03395185247063637,-0.4965364933013916,0.7283010482788086,2.393434762954712
1.6076345431789736,9.324676794888667,-0.38292747608390565,-0.38292747608390565,-1.1348674091672732,-0.34791281819343567,2.233062744140625,1.4407298564910889,-0.4949891269207001,-0.03612691909074783,-0.4689922630786896,0.738785445690155,2.07586669921875
1.6120150187734668,5.693235527524559,1.4069721514892222,1.4069721514892222,0.019923572718490767,-0.3381309509277344,2.222919225692749,1.4385615587234497,-0.486955851316452,-0.038181327283382416,-0.44703322649002075,0.7478787302970886,1.9155254364013672
1.61639549436796,9.517858893996618,0.08667615853856597,0.08667615853856597,-0.714191948638434,-0.32839351892471313,2.2281696796417236,1.436428427696228,-0.4868212342262268,-0.04013954475522041,-0.40652701258659363,0.756269633769989,2.0153729915618896
1.620775969962453,7.58854069292678,1.1547088505860343,1.1547088505860343,-0.9235562610699755,-0.3186330795288086,2.224224328994751,1.434295892715454,-0.4701477289199829,-0.04192032665014267,-0.38313913345336914,0.7650979161262512,1.9721925258636475
1.625156445556946,5.869947869861316,2.691104820990371,2.691104820990371,-0.8264577215638029,-0.3088899254798889,2.215308427810669,1.4322364330291748,-0.47179368138313293,-0.043598659336566925,-0.3224472105503082,0.7737370729446411,1.8376483917236328
1.6295369211514392,6.639787661039733,-0.9227777802059278,-0.9227777802059278,-0.4767762371562265,-0.2991858124732971,2.206486463546753,1.430169701576233,-0.48479142785072327,-0.04501113295555115,-0.21972322463989258,0.7817868590354919,1.7012931108474731
1.6339173967459324,6.345435688704638,0.1890782137932568,0.1890782137932568,-1.4238876498266213,-0.28952035307884216,2.2036211490631104,1.4280461072921753,-0.4860009551048279,-0.04597362503409386,-0.232747882604599,0.7892393469810486,1.673722505569458
1.6382978723404251,8.735478940359476,-0.5640182645163943,-0.5640182645163943,1.0437714045111013,-0.2798674404621124,2.184670925140381,1.425917148590088,-0.5051063895225525,-0.04699316993355751,-0.18564416468143463,0.7965710759162903,1.3764259815216064
1.6426783479349183,5.550910992715416,3.6423645603868295,3.6423645603868295,-0.9922129251247833,-0.2702975273132324,2.2080957889556885,1.4237045049667358,-0.4653854966163635,-0.047806378453969955,-0.2325967252254486,0.8026005029678345,1.8036235570907593
1.6470588235294117,6.607061505890063,-0.665970156861948,-0.665970156861948,-0.3429722943831061,-0.2606250047683716,2.195624828338623,1.421665906906128,-0.4834544062614441,-0.04882526397705078,-0.09725236892700195,0.810501217842102,1.6127406358718872
1.6514392991239049,5.522006021982927,-1.449198485750409,-1.449198485750409,-0.443821253932902,-0.2510071098804474,2.1944706439971924,1.4195481538772583,-0.48287177085876465,-0.04925127699971199,-0.10668493062257767,0.8175657987594604,1.6182045936584473
1.655819774718398,6.975883104733872,1.8340377206365555,1.8340377206365555,0.12496036781279929,-0.2413942813873291,2.1908676624298096,1.4174329042434692,-0.4921301603317261,-0.04971860721707344,-0.13604512810707092,0.8246542811393738,1.5782021284103394
1.660200250312891,7.399981613721673,-0.7137756864242962,-0.7137756864242962,0.6185640124599507,-0.2317972332239151,2.197805404663086,1.415277123451233,-0.48142164945602417,-0.05031454935669899,-0.0861346498131752,0.8315675854682922,1.7179317474365234
1.6645807259073842,10.06256653810634,-2.3961396817510017,-2.3961396817510017,0.19701746713587132,-0.22216980159282684,2.213620901107788,1.4131683111190796,-0.4599856734275818,-0.050691861659288406,-0.12504318356513977,0.8390929698944092,2.0006909370422363
1.668961201501877,5.953583947290137,-0.6315424240983478,-0.6315424240983478,-0.7225632076745361,-0.2124730944633484,2.2239315509796143,1.4111533164978027,-0.4257287085056305,-0.051239609718322754,-0.20077158510684967,0.8478569388389587,2.2041170597076416
1.6733416770963705,12.747880403676216,0.09322055624559317,0.09322055624559317,0.0943136723523953,-0.20273122191429138,2.215858221054077,1.4092884063720703,-0.4368356764316559,-0.05211908370256424,-0.19811348617076874,0.8575119972229004,2.089446544647217
1.6777221526908634,7.915721764757083,0.2014534747901804,0.2014534747901804,-0.5068979542357499,-0.19302470982074738,2.225820302963257,1.4073748588562012,-0.3847377598285675,-0.05298691615462303,-0.19814540445804596,0.8666647672653198,2.299211263656616
1.6821026282853566,8.491568815720974,0.7124709480097411,0.7124709480097411,0.2665495985624284,-0.1832745522260666,2.2224369049072266,1.4056894779205322,-0.3781437277793884,-0.05385488644242287,-0.17745929956436157,0.8767364025115967,2.2702951431274414
1.6864831038798498,7.83422021115089,-1.7309462495678103,-1.7309462495678103,-0.2508998720000264,-0.17353922128677368,2.2330899238586426,1.4040330648422241,-0.35573863983154297,-0.054632242769002914,-0.16443698108196259,0.8866813778877258,2.4635183811187744
1.690863579474343,8.58213373017563,0.8874921356510186,0.8874921356510186,0.3243597998069858,-0.16375721991062164,2.234137535095215,1.4024747610092163,-0.3463408052921295,-0.055352553725242615,-0.2076590359210968,0.8974727392196655,2.501647472381592
1.695244055068836,8.359404010967932,1.2508960294012803,1.2508960294012803,-0.33691581146080474,-0.1539706289768219,2.2460131645202637,1.4009575843811035,-0.3232201337814331,-0.05626219883561134,-0.19121378660202026,0.9084311723709106,2.7086448669433594
1.699624530663329,7.117815121849536,-0.3482237361916739,-0.3482237361916739,-0.6240905117537173,-0.14413201808929443,2.2457149028778076,1.3995417356491089,-0.31184735894203186,-0.057099808007478714,-0.144844651222229,0.920296311378479,2.7262985706329346
1.7040050062578225,5.542896161785257,1.297774828889896,1.297774828889896,-0.46265487098012037,-0.13429471850395203,2.2392666339874268,1.3981757164001465,-0.3137997090816498,-0.05773429572582245,-0.136788472533226,0.9322388172149658,2.645538806915283
1.7083854818523152,8.448187546623636,-1.4500571204731707,-1.4500571204731707,0.12384796820331317,-0.12448566406965256,2.234776735305786,1.3968011140823364,-0.32489442825317383,-0.058333493769168854,-0.08537834882736206,0.9438275098800659,2.587798833847046
1.7127659574468084,4.980130845189981,-2.6506464268678114,-2.6506464268678114,-0.49571364304044296,-0.11469627916812897,2.242551565170288,1.3953778743743896,-0.30675700306892395,-0.05870749056339264,-0.1313413679599762,0.955163300037384,2.7289602756500244
1.7171464330413015,7.897060642174314,0.0724918325887243,0.0724918325887243,-0.9373935645290099,-0.10487283766269684,2.2369375228881836,1.3940341472625732,-0.32258591055870056,-0.059282828122377396,-0.1942722350358963,0.967117428779602,2.6524133682250977
1.7215269086357947,8.58288826877642,-0.0711791458854238,-0.0711791458854238,0.14476558480132956,-0.09507398307323456,2.2238380908966064,1.3926210403442383,-0.3231089413166046,-0.060133833438158035,-0.1647803783416748,0.9787362813949585,2.486851930618286
1.725907384230288,7.347779883985615,0.4088321855070697,0.4088321855070697,-0.04512175866144924,-0.08533251285552979,2.2316055297851562,1.3912056684494019,-0.3042565882205963,-0.060855649411678314,-0.1710866540670395,0.989629864692688,2.6292529106140137
1.7302878598247808,9.31754081620854,-0.5389558957612658,-0.5389558957612658,0.06643019399220129,-0.07555701583623886,2.2351579666137695,1.3898729085922241,-0.2971609830856323,-0.06160509213805199,-0.15782976150512695,1.0011472702026367,2.7022860050201416
1.734668335419274,5.625191552645328,1.4764858110807952,1.4764858110807952,-0.4747029808187232,-0.06576596200466156,2.2416186332702637,1.3885711431503296,-0.27483054995536804,-0.062296461313962936,-0.17550894618034363,1.0129845142364502,2.8270480632781982
1.7390488110137672,5.250565008632529,-0.22630469815452942,-0.22630469815452942,0.07235695597606412,-0.055946607142686844,2.235875129699707,1.3873672485351562,-0.2860241234302521,-0.06306527554988861,-0.11852804571390152,1.025368332862854,2.757352113723755
1.74342928660826,5.184440288636363,-0.418623693903029,-0.418623693903029,-1.4058069954670804,-0.04615240916609764,2.240675449371338,1.3861143589019775,-0.2931359112262726,-0.06358448415994644,-0.12724991142749786,1.0374468564987183,2.834615707397461
1.7478097622027533,8.557385556598192,-0.8062476470578364,-0.8062476470578364,-0.14937763374676635,-0.03633718565106392,2.215594530105591,1.3848302364349365,-0.3186127543449402,-0.0641418993473053,-0.09842102974653244,1.0498638153076172,2.4975709915161133
1.7521902377972465,7.718330105682756,-0.6594948033943149,-0.6594948033943149,-0.5791580795247835,-0.026631828397512436,2.2164976596832275,1.383434534072876,-0.30476775765419006,-0.0645730271935463,-0.11760371923446655,1.0608043670654297,2.5443761348724365
1.7565707133917396,9.71435386687698,-1.0241367734190974,-1.0241367734190974,-0.5124452465967785,-0.016922514885663986,2.2082152366638184,1.3820995092391968,-0.3019733428955078,-0.06508819013834,-0.11994980275630951,1.0719499588012695,2.460799217224121
1.7609511889862328,6.266150049999201,1.377873682458712,1.377873682458712,-0.6711941390603218,-0.007249481976032257,2.2015905380249023,1.3807767629623413,-0.28426799178123474,-0.06561362743377686,-0.13489282131195068,1.082729458808899,2.4135801792144775
1.7653316645807258,6.961338801741307,-0.05531275390609584,-0.05531275390609584,-0.7540244091314541,0.0023945318534970284,2.190436363220215,1.3795315027236938,-0.2925127148628235,-0.06620452553033829,-0.07505354285240173,1.0933021306991577,2.2866125106811523
1.769712140175219,4.96562297729469,-1.3139229378587067,-1.3139229378587067,-0.1638265716780741,0.011989684775471687,2.1774280071258545,1.3782501220703125,-0.2965551018714905,-0.06653329730033875,-0.054648950695991516,1.1033185720443726,2.1415600776672363
1.774092615769712,8.945403807588114,0.7324499704600874,0.7324499704600874,-0.20773655401372132,0.021527856588363647,2.175971269607544,1.3769510984420776,-0.30806058645248413,-0.06677268445491791,-0.08823540806770325,1.1126996278762817,2.1412951946258545
1.778473091364205,8.918819148905374,0.6708956078451689,0.6708956078451689,-0.31103218815060796,0.031059645116329193,2.174405097961426,1.3756016492843628,-0.2923089563846588,-0.06715919822454453,-0.06077898293733597,1.1220794916152954,2.1633286476135254
1.7828535669586982,6.227973666939007,0.1681747424962225,0.1681747424962225,0.3253436221895467,0.04058457165956497,2.1704938411712646,1.3743212223052979,-0.2779172956943512,-0.067425437271595,-0.03210357576608658,1.1315559148788452,2.1544265747070312
1.7872340425531914,7.253248690498575,-0.29362485438792274,-0.29362485438792274,0.4258211256856057,0.05009236931800842,2.1793622970581055,1.3731038570404053,-0.27593132853507996,-0.06756606698036194,-0.036693405359983444,1.140993356704712,2.298189640045166
1.7916145181476846,7.610316612828384,2.4348486158002345,2.4348486158002345,-1.151770566655359,0.059639014303684235,2.1905875205993652,1.37189519405365,-0.2662264406681061,-0.06772679835557938,-0.05770350992679596,1.1510604619979858,2.477184295654297
1.7959949937421775,9.19950262655219,0.001551369462916008,0.001551369462916008,-0.22727432829401706,0.06923483312129974,2.1681478023529053,1.3707289695739746,-0.26960888504981995,-0.06797956675291061,0.047037139534950256,1.1619117259979248,2.2174782752990723
1.8003754693366707,6.834346758267526,1.5513424037694352,1.5513424037694352,-0.17338975216699307,0.07873234897851944,2.1653788089752197,1.369547963142395,-0.25284942984580994,-0.06777352094650269,0.05371957644820213,1.1716253757476807,2.2261850833892822
1.804755944931164,7.413787954458863,-1.6003627356609678,-1.6003627356609678,0.1549890971474761,0.08821773529052734,2.1632981300354004,1.3684403896331787,-0.2519865036010742,-0.06753820180892944,0.1040872186422348,1.1813771724700928,2.229947805404663
1.809136420525657,6.647373650601626,1.4061521037690918,1.4061521037690918,-0.6917748169540552,0.09769400954246521,2.1682968139648438,1.3673365116119385,-0.24427656829357147,-0.0670822486281395,0.052825380116701126,1.191145420074463,2.3281409740448
1.81351689612015,6.800998758361114,0.2837141098294405,0.2837141098294405,-0.4210934988245276,0.10719218105077744,2.1547505855560303,1.3662664890289307,-0.2494651824235916,-0.06685084849596024,0.11409150063991547,1.2013437747955322,2.1831283569335938
1.8178973717146432,4.607624319065486,0.024312632292717656,0.024312632292717656,-0.3699823005185611,0.11663101613521576,2.146878957748413,1.3651736974716187,-0.25102129578590393,-0.06635107100009918,0.13467411696910858,1.2109068632125854,2.1131961345672607
1.8222778473091363,10.110675398909649,-0.24905755774217403,-0.24905755774217403,-1.1690898168610095,0.12603536248207092,2.139765977859497,1.3640741109848022,-0.26705482602119446,-0.06576113402843475,0.14618878066539764,1.2201637029647827,2.04126238822937
1.8266583229036293,7.874602020961406,-0.14115506053670832,-0.14115506053670832,0.16410156033106357,0.13540855050086975,2.1153926849365234,1.3629043102264404,-0.2517934739589691,-0.06512075662612915,0.17305663228034973,1.2291053533554077,1.7818248271942139
1.831038798498123,5.446713411163852,-1.8947288940273646,-1.8947288940273646,-1.0460276156240709,0.14467497169971466,2.1199872493743896,1.3618013858795166,-0.24084706604480743,-0.06436268985271454,0.1641421765089035,1.2369105815887451,1.8779854774475098
1.835419274092616,9.999065130218,-0.6040100820014397,-0.6040100820014397,0.9465178607481257,0.15396152436733246,2.0976169109344482,1.3607463836669922,-0.2559593617916107,-0.0636436715722084,0.13935740292072296,1.245137095451355,1.6202622652053833
1.8397997496871088,7.753858902031288,-0.15906190521484684,-0.15906190521484684,1.4299546274211026,0.16315008699893951,2.119544267654419,1.3596251010894775,-0.22468622028827667,-0.06303322315216064,0.09407707303762436,1.2522345781326294,1.9449306726455688
1.844180225281602,4.27373726943528,0.0733104489945425,0.0733104489945425,-1.5749867876811965,0.1724347025156021,2.152223587036133,1.3586409091949463,-0.20575833320617676,-0.06262112408876419,0.04767275229096413,1.2607543468475342,2.3896491527557373
1.848560700876095,8.385986744062333,0.7196674019793519,0.7196674019793519,0.08915441765139778,0.181862473487854,2.117893934249878,1.3577395677566528,-0.23297065496444702,-0.06241229549050331,0.0958082526922226,1.2712221145629883,1.9749497175216675
1.852941176470588,10.4484187009058,0.7953012356671599,0.7953012356671599,-0.9100727548740759,0.19113986194133759,2.120540142059326,1.3567190170288086,-0.21983414888381958,-0.06199260801076889,0.1142212301492691,1.2798733711242676,2.0459909439086914
1.8573216520650813,9.822932168125964,-0.2535982055074323,-0.2535982055074323,0.7949325195373891,0.20042884349822998,2.1007134914398193,1.3557560443878174,-0.1996372938156128,-0.06149226427078247,0.16402356326580048,1.2888357639312744,1.847764492034912
1.8617021276595744,7.426084195759667,-1.2244420872877857,-1.2244420872877857,-0.38836049253161925,0.20963096618652344,2.119004487991333,1.3548815250396729,-0.17218557000160217,-0.06077376380562782,0.13340313732624054,1.2969298362731934,2.1198019981384277
1.866082603254068,8.774615142145697,-0.9733836537827798,-0.9733836537827798,0.40540298645500394,0.2189132124185562,2.1106643676757812,1.354127287864685,-0.16902968287467957,-0.060189396142959595,0.10898689925670624,1.306215524673462,2.0483052730560303
1.8704630788485608,10.728937871529974,0.13419666065807245,0.13419666065807245,-0.898517015322328,0.22815892100334167,2.1201117038726807,1.3533868789672852,-0.15178173780441284,-0.05971198156476021,0.0687219575047493,1.3151880502700806,2.203105926513672
1.8748435544430535,4.975037421797943,-0.9399719080051491,-0.9399719080051491,-0.5220944875658773,0.23744602501392365,2.0999059677124023,1.3527220487594604,-0.12946942448616028,-0.0594109483063221,0.09888046979904175,1.3248387575149536,2.001474380493164
1.879224030037547,5.917236556044749,-0.26710534975589073,-0.26710534975589073,0.083991629505762,0.24664461612701416,2.088192939758301,1.3521549701690674,-0.14334751665592194,-0.05897780507802963,0.08667712658643723,1.3336061239242554,1.8774992227554321
1.88360450563204,9.449193819067801,4.751198489783096,4.751198489783096,0.5062734966737029,0.25579190254211426,2.090097665786743,1.3515270948410034,-0.14730922877788544,-0.058598119765520096,0.07642398029565811,1.3418304920196533,1.9255077838897705
1.887984981226533,4.097284319116805,-0.3410615743098597,-0.3410615743098597,0.8273914991000727,0.2649475336074829,2.1013529300689697,1.350881814956665,-0.12540380656719208,-0.058263346552848816,0.20038925111293793,1.3502651453018188,2.10424542427063
1.8923654568210264,10.805465315670425,-0.317581961884875,-0.317581961884875,-0.4275811396752508,0.2741524577140808,2.1203160285949707,1.350332498550415,-0.1382092833518982,-0.05738554522395134,0.16626670956611633,1.359482765197754,2.3505020141601562
1.8967459324155196,8.284069662088315,-0.06476879528576007,-0.06476879528576007,-1.3551951415659587,0.2834404408931732,2.110008955001831,1.3497270345687866,-0.11277160048484802,-0.05665721744298935,0.16947902739048004,1.369779109954834,2.270087957382202
1.9011264080100123,8.210708721706395,-0.7928113344304344,-0.7928113344304344,0.8835263762075422,0.29268327355384827,2.078441858291626,1.3492330312728882,-0.10841555893421173,-0.05591481924057007,0.20716357231140137,1.3797231912612915,1.9200842380523682
1.9055068836045053,10.445974164889977,-0.7012918720366558,-0.7012918720366558,-1.497701433148253,0.3017878234386444,2.0981154441833496,1.3487581014633179,-0.09379864484071732,-0.05500734597444534,0.1582091897726059,1.3881341218948364,2.1924118995666504
1.9098873591989989,7.405890852533427,0.9657907867378425,0.9657907867378425,-0.9729869175138243,0.31097856163978577,2.0626707077026367,1.3483471870422363,-0.07497537136077881,-0.05431431531906128,0.18146687746047974,1.397737979888916,1.805903434753418
1.914267834793492,6.322452561125317,-1.0431623211380976,-1.0431623211380976,0.4535517948307068,0.32001402974128723,2.0394392013549805,1.348018765449524,-0.07352958619594574,-0.05351940542459488,0.2380853295326233,1.4056487083435059,1.5551207065582275
1.9186483103879848,6.468655732078785,-4.859997110064591,-4.859997110064591,0.9997209767082601,0.3289477527141571,2.0491878986358643,1.3476966619491577,-0.0733746811747551,-0.05247647687792778,0.19437652826309204,1.4124609231948853,1.6981139183044434
1.923028785982478,8.424223596964763,-4.176278009080432,-4.176278009080432,0.9192791484758884,0.33792418241500854,2.071563959121704,1.3473752737045288,-0.07048444449901581,-0.05162501335144043,0.023254171013832092,1.4198994636535645,1.9929343461990356
1.9274092615769711,9.369215098267711,-3.1625476473433456,-3.1625476473433456,0.4955106049841907,0.3469986319541931,2.0918166637420654,1.3470665216445923,-0.055408891290426254,-0.05152314901351929,-0.1255522519350052,1.4286295175552368,2.2688703536987305
1.9317897371714643,6.753853229365254,0.5471952989080573,0.5471952989080573,-0.6574431076526958,0.35616177320480347,2.102023124694824,1.346823811531067,-0.036084648221731186,-0.05207312852144241,-0.23237913846969604,1.4385682344436646,2.4269351959228516
1.9361702127659572,7.791020326556854,0.27670144363443255,0.27670144363443255,-0.561434095582914,0.36536964774131775,2.085750102996826,1.3466657400131226,-0.03819650039076805,-0.05309106037020683,-0.19719988107681274,1.4491993188858032,2.25626277923584
1.9405506883604504,7.294787232110489,-0.28492265735927147,-0.28492265735927147,-0.5005750741157828,0.37450623512268066,2.0712063312530518,1.3464983701705933,-0.03270420432090759,-0.05395488813519478,-0.1727236658334732,1.459082841873169,2.1121902465820312
1.944931163954944,9.2172975530412,-1.0236485120666414,-1.0236485120666414,0.36634298115466674,0.3835791051387787,2.0579354763031006,1.3463550806045532,-0.030031714588403702,-0.05471149832010269,-0.1664259284734726,1.4683352708816528,1.9824600219726562
1.9493116395494368,7.305086228502665,-0.7582129247945103,-0.7582129247945103,-0.471153144003946,0.3925938308238983,2.064131259918213,1.3462234735488892,-0.012206494808197021,-0.055440522730350494,-0.20701809227466583,1.4770194292068481,2.0949368476867676
1.9536921151439297,10.983638955020986,0.9833057219440379,0.9833057219440379,-0.7820581599837829,0.40163570642471313,2.051142692565918,1.3461699485778809,-0.009212839417159557,-0.05634735897183418,-0.21540114283561707,1.4861962795257568,1.9701043367385864
1.9580725907384229,9.661620930986064,0.5375671089788558,0.5375671089788558,1.4425579793482004,0.41062068939208984,2.0294902324676514,1.3461295366287231,0.01789858192205429,-0.05729091912508011,-0.1638469099998474,1.494826316833496,1.7592769861221313
1.962453066332916,7.471967246531611,2.16833366465518,2.16833366465518,-0.4758347578781077,0.4195108115673065,2.0599608421325684,1.3462079763412476,0.04059741646051407,-0.058008644729852676,-0.19027552008628845,1.5025328397750854,2.1658055782318115
1.9668335419274088,6.492820125518049,0.07037399129147293,0.07037399129147293,0.1456881858708558,0.4285344183444977,2.0462188720703125,1.3463858366012573,0.04481082782149315,-0.058842141181230545,-0.11305741965770721,1.5120201110839844,2.0349011421203613
1.9712140175219024,7.080806695921302,0.2976788244116987,0.2976788244116987,-0.2734669565155288,0.4374978244304657,2.0471742153167725,1.3465821743011475,0.043666668236255646,-0.05933738499879837,-0.11525683104991913,1.520933985710144,2.0755205154418945
1.9755944931163956,6.309410801119758,-0.5781629631835601,-0.5781629631835601,-0.6831146907096834,0.4464654326438904,2.037924289703369,1.3467735052108765,0.045840028673410416,-0.05984226614236832,-0.09857755899429321,1.5300257205963135,1.9976838827133179
1.9799749687108883,7.665717020173658,0.11423499874391788,0.11423499874391788,0.38893188256765915,0.4553925096988678,2.019237995147705,1.34697425365448,0.042665548622608185,-0.06027408316731453,-0.09551263600587845,1.5387765169143677,1.8043575286865234
1.9843554443053817,5.701999267320257,-1.6047351791271793,-1.6047351791271793,-0.4247053237113283,0.4642377197742462,2.0248868465423584,1.3471611738204956,0.04971328005194664,-0.060692474246025085,-0.10353465378284454,1.5466804504394531,1.9077467918395996
1.9887359198998744,9.147008341412093,-0.13906924114590566,-0.13906924114590566,0.41675926161764587,0.4731076955795288,2.0122549533843994,1.3473789691925049,0.04304118826985359,-0.06114600598812103,-0.13799527287483215,1.555037260055542,1.7844183444976807
1.993116395494368,8.094119580188185,-0.7351221984031184,-0.7351221984031184,-0.07387607589560741,0.48192232847213745,2.0175015926361084,1.3475675582885742,0.05981786549091339,-0.061750490218400955,-0.15422722697257996,1.5628538131713867,1.8909168243408203
1.997496871088861,5.498795798665467,-1.2391487164696973,-1.2391487164696973,0.6370077325935349,0.490759938955307,2.0115978717803955,1.3478295803070068,0.06929048895835876,-0.06242607906460762,-0.1735377013683319,1.5711369514465332,1.8601114749908447
2.001877346683354,5.6065075583867525,-1.6696998230096933,-1.6696998230096933,-0.3317175623542132,0.49957168102264404,2.023564338684082,1.3481330871582031,0.06157497316598892,-0.06318625807762146,-0.2283274233341217,1.5792851448059082,2.0296754837036133
2.0062578222778478,6.713225912534585,2.82685040419581,2.82685040419581,0.3327015672225178,0.508435845375061,2.012629508972168,1.3484028577804565,0.05440814793109894,-0.06418643891811371,-0.26740074157714844,1.5881761312484741,1.9277561902999878
2.0106382978723403,7.090042742215763,1.8685081545536064,1.8685081545536064,-0.5982532584866366,0.5172521471977234,2.016458511352539,1.3486411571502686,0.054550621658563614,-0.06535778194665909,-0.19456368684768677,1.5966206789016724,2.0077199935913086
2.015018773466833,7.261502042678274,0.9265181232476303,0.9265181232476303,-1.3379817732673058,0.5260851979255676,1.998049259185791,1.3488801717758179,0.05758903920650482,-0.0662100613117218,-0.12252643704414368,1.6054154634475708,1.8257486820220947
2.0193992490613266,5.600370540182074,-0.6612545008921855,-0.6612545008921855,0.13379950756687306,0.5348376035690308,1.9620290994644165,1.3491324186325073,0.06276116520166397,-0.066746786236763,-0.05639585852622986,1.6134130954742432,1.435482382774353
2.02377972465582,6.770693388079759,0.4919649258636435,0.4919649258636435,-1.1623260691328183,0.5434322357177734,1.9614403247833252,1.3494073152542114,0.05614856630563736,-0.0669938251376152,-0.07961395382881165,1.6197011470794678,1.4584698677062988
2.028160200250313,5.999924246952734,-1.8841114540809465,-1.8841114540809465,-0.029676426056528614,0.5520243048667908,1.9296345710754395,1.3496532440185547,0.05877421796321869,-0.06734257191419601,-0.03130340948700905,1.6260899305343628,1.1159708499908447
2.032540675844806,7.648817193206418,-0.27259497633879726,-0.27259497633879726,-0.12125617611582468,0.5604770183563232,1.9247833490371704,1.3499107360839844,0.0553148128092289,-0.0674796923995018,-0.08545879274606705,1.6309784650802612,1.0904922485351562
2.036921151439299,5.939635227330937,-0.8259816502037303,-0.8259816502037303,0.03725410747804862,0.5689085125923157,1.9165719747543335,1.3501530885696411,0.06299591064453125,-0.06785403937101364,-0.08987836539745331,1.6357553005218506,1.0338525772094727
2.0413016270337923,9.269402546168186,0.015723908657376884,0.015723908657376884,0.9851838788294103,0.5773040056228638,1.9131907224655151,1.3504290580749512,0.05912536010146141,-0.06824775040149689,-0.1150875836610794,1.6402840614318848,1.0258071422576904
2.045682102628285,5.8898026903694785,-0.048398697361956344,-0.048398697361956344,-1.631346070739716,0.5856847167015076,1.9294894933700562,1.350688099861145,0.07590243220329285,-0.06875188648700714,-0.14339888095855713,1.644777536392212,1.2707252502441406
2.0500625782227786,6.535488478675783,-0.6025916908772873,-0.6025916908772873,0.5030604889344458,0.5941367745399475,1.8869757652282715,1.3510205745697021,0.07440250366926193,-0.06938004493713379,-0.09717179834842682,1.650343894958496,0.7961406707763672
2.0544430538172715,5.483175696763722,0.19067260731584956,0.19067260731584956,0.32416059087181875,0.6024026274681091,1.8937902450561523,1.351346492767334,0.07381605356931686,-0.06980570405721664,-0.12946034967899323,1.6538313627243042,0.913705587387085
2.0588235294117645,6.1419976227203374,-2.542361657918568,-2.542361657918568,-0.5143372428980065,0.6106983423233032,1.8971514701843262,1.3516697883605957,0.06645755469799042,-0.0703728049993515,-0.13335862755775452,1.6578338146209717,0.9845415353775024
2.063204005006258,5.46285492680232,0.2482185858657247,0.2482185858657247,1.0498262208245412,0.6190087795257568,1.8803467750549316,1.3519608974456787,0.06513001024723053,-0.07095698267221451,-0.192583367228508,1.6621465682983398,0.8185372948646545
2.067584480600751,4.783798599072896,-0.8973543731785038,-0.8973543731785038,0.48276099212753604,0.6272456049919128,1.900517225265503,1.3522461652755737,0.05610205978155136,-0.0718005895614624,-0.21599285304546356,1.6657321453094482,1.0906215906143188
2.071964956195244,5.5380684970938905,0.9819759733928587,0.9819759733928587,-0.08093159147093934,0.635570764541626,1.9078980684280396,1.3524919748306274,0.04353427514433861,-0.07274673879146576,-0.2562966048717499,1.6705095767974854,1.2066452503204346
2.076345431789737,5.479568892325943,-2.560651787452113,-2.560651787452113,0.003977825775672829,0.6439282894134521,1.9014148712158203,1.3526827096939087,0.03717447444796562,-0.07386943697929382,-0.22525633871555328,1.675795316696167,1.161800742149353
2.08072590738423,7.281416736888775,1.0377980001479175,1.0377980001479175,0.8767860092161686,0.6522573828697205,1.8968535661697388,1.352845549583435,0.03027874417603016,-0.07485616952180862,-0.30015164613723755,1.680884599685669,1.140060544013977
2.085106382978723,7.053631598784744,-1.159408776033471,-1.159408776033471,-1.424570862834397,0.660566508769989,1.9109797477722168,1.352978229522705,0.033201247453689575,-0.07617097347974777,-0.2954495847225189,1.6858786344528198,1.3531947135925293
2.0894868585732165,6.129157734570505,-0.7408518740542851,-0.7408518740542851,-0.45188363502173545,0.6689375042915344,1.8715375661849976,1.353123664855957,0.04051804542541504,-0.07746518403291702,-0.28770601749420166,1.6918063163757324,0.9244861602783203
2.093867334167709,6.18904465705321,-0.7254434235170191,-0.7254434235170191,-0.6275457806757612,0.677135705947876,1.8554651737213135,1.3533011674880981,0.039480116218328476,-0.07872547209262848,-0.2961448132991791,1.695855975151062,0.770140528678894
2.098247809762203,9.064447714373895,-0.40768937018186746,-0.40768937018186746,-0.1883712206040516,0.6852635145187378,1.8351563215255737,1.3534741401672363,0.03950781002640724,-0.08002272993326187,-0.2990037202835083,1.6992295980453491,0.5657749176025391
2.102628285356696,4.634401122765821,-2.889294177965404,-2.889294177965404,0.20215459880546788,0.6933023929595947,1.8222742080688477,1.353647232055664,0.057608462870121,-0.0813325047492981,-0.3054085075855255,1.7017079591751099,0.4692757725715637
2.1070087609511887,4.238055308792754,-0.4087009894534749,-0.4087009894534749,0.16564748620203593,0.7012848258018494,1.8225480318069458,1.353899598121643,0.04493856430053711,-0.08267033845186234,-0.39568859338760376,1.7037636041641235,0.502771258354187
2.111389236545682,9.14927303433462,1.0626965664809265,1.0626965664809265,0.3940805090453211,0.7092684507369995,1.8222836256027222,1.3540964126586914,0.029713425785303116,-0.0844036415219307,-0.41246140003204346,1.7059659957885742,0.5277131199836731
2.115769712140175,6.982273813809335,0.25460405835662053,0.25460405835662053,-0.2708871842989025,0.7172509431838989,1.8223974704742432,1.3542265892028809,0.04661591723561287,-0.08621042221784592,-0.39293569326400757,1.7082775831222534,0.5909065008163452
2.1201501877346685,8.93131168904737,-1.3172578190761846,-1.3172578190761846,0.01220976276193661,0.7252339124679565,1.8090662956237793,1.3544307947158813,0.0511145293712616,-0.08793167024850845,-0.3775896728038788,1.710866093635559,0.47905951738357544
2.1245306633291614,6.938398995657511,-1.0496113551324668,-1.0496113551324668,-0.27708558680628936,0.7331584692001343,1.8001788854599,1.3546546697616577,0.06780194491147995,-0.08958569169044495,-0.416414350271225,1.712964653968811,0.435149610042572
2.1289111389236544,7.630730376856671,-0.16975655808603296,-0.16975655808603296,-0.7061406918070011,0.7410441040992737,1.786500334739685,1.3549516201019287,0.07213090360164642,-0.09140978753566742,-0.4389745593070984,1.714870810508728,0.3205249011516571
2.133291614518148,7.481352726598524,1.395844790193441,1.395844790193441,-0.15714017098955957,0.7488698363304138,1.7620084285736084,1.3552676439285278,0.08258840441703796,-0.09333270788192749,-0.42331045866012573,1.7162748575210571,0.0818697065114975
2.1376720901126407,7.151085298606879,-0.831411260682506,-0.831411260682506,0.8757055434532124,0.7565882802009583,1.7502732276916504,1.3556294441223145,0.09024126827716827,-0.09518700838088989,-0.37795838713645935,1.7166334390640259,-0.0034309998154640198
2.1420525657071336,8.106338659559574,-0.3484502072405098,-0.3484502072405098,-0.04330189216308429,0.7642552852630615,1.7627285718917847,1.3560247421264648,0.09216587990522385,-0.09684264659881592,-0.4278116226196289,1.7166184186935425,0.20077797770500183
2.146433041301627,8.043039715527598,-0.9070046145144803,-0.9070046145144803,0.6006802302032729,0.771976888179779,1.752708077430725,1.3564285039901733,0.10359684377908707,-0.09871666133403778,-0.43672293424606323,1.7174979448318481,0.14304833114147186
2.15081351689612,4.9984477004926315,0.8887582624784106,0.8887582624784106,-0.0658087335221424,0.7796545624732971,1.7575492858886719,1.3568823337554932,0.11240554600954056,-0.10062971711158752,-0.4807521104812622,1.718124508857727,0.2647645175457001
2.155193992490613,4.615714413031163,-1.240082305937455,-1.240082305937455,0.4626638768822108,0.7873534560203552,1.7502866983413696,1.357374668121338,0.10309630632400513,-0.10273563861846924,-0.4528757333755493,1.7192842960357666,0.2176598161458969
2.1595744680851063,6.781393885305007,0.5347200556468659,0.5347200556468659,-0.2882541658014399,0.7950205206871033,1.7556220293045044,1.3578262329101562,0.0894026830792427,-0.10471945255994797,-0.5026013255119324,1.7202377319335938,0.3197942078113556
2.1639549436795997,7.963133475668632,-0.4274627788536569,-0.4274627788536569,1.2607410245832025,0.802711009979248,1.7408956289291382,1.3582178354263306,0.09279708564281464,-0.10692108422517776,-0.47856786847114563,1.721638560295105,0.19944331049919128
2.1683354192740927,10.111475578465921,-0.3190403271144228,-0.3190403271144228,0.7277864327650752,0.8103369474411011,1.7604962587356567,1.3586243391036987,0.09868057072162628,-0.10901743918657303,-0.5278687477111816,1.7225122451782227,0.5034600496292114
2.1727158948685856,8.77047748749416,0.15278627170651898,0.15278627170651898,0.5324137445715165,0.8180487751960754,1.7649444341659546,1.3590565919876099,0.12072893977165222,-0.11132975667715073,-0.5584394335746765,1.724717617034912,0.6453309655189514
2.1770963704630786,7.192950847272826,-0.8358059228466506,-0.8358059228466506,0.8238668806236583,0.8257800936698914,1.7662898302078247,1.3595854043960571,0.1344120353460312,-0.11377598345279694,-0.5695257782936096,1.7275444269180298,0.7399221062660217
2.181476846057572,5.614620643741836,1.2689782240212581,1.2689782240212581,0.4499895049035747,0.83351731300354,1.77615487575531,1.3601741790771484,0.13639292120933533,-0.11627078056335449,-0.6179934740066528,1.730785608291626,0.9246288537979126
2.185857321652065,5.304571271728722,0.2651447822080878,0.2651447822080878,0.23817160909209725,0.8412977457046509,1.7792025804519653,1.360771656036377,0.12903572618961334,-0.11897788941860199,-0.59407639503479,1.7348358631134033,1.0142279863357544
2.1902377972465583,4.632680148481997,0.30493220677098953,0.30493220677098953,0.6830334629088584,0.8490914702415466,1.7775776386260986,1.3613369464874268,0.12031879276037216,-0.12158022820949554,-0.5932887196540833,1.7392786741256714,1.0459301471710205
2.1946182728410517,6.6119822105057935,1.4883367170775006,1.4883367170775006,-1.1095602278956347,0.8568781018257141,1.7869787216186523,1.3618639707565308,0.10531577467918396,-0.12417911738157272,-0.6043304800987244,1.7438603639602661,1.2053587436676025
2.198998748435544,4.566027068761446,-0.34813829416810316,-0.34813829416810316,-0.27324468165181937,0.8647059202194214,1.7520599365234375,1.3623253107070923,0.11063020676374435,-0.12682637572288513,-0.5284636616706848,1.7491403818130493,0.8505374193191528
2.2033792240300376,8.778096823120883,-0.18428442995882996,-0.18428442995882996,-1.3115938618495322,0.872380793094635,1.7392057180404663,1.3628098964691162,0.09916422516107559,-0.12914130091667175,-0.530650794506073,1.7528661489486694,0.7421813011169434
2.2077596996245306,6.52866374320273,-0.07965496929695481,-0.07965496929695481,0.07251748951266447,0.8799993395805359,1.6962034702301025,1.3632442951202393,0.12046852707862854,-0.13146580755710602,-0.4977297782897949,1.7561172246932983,0.3134058713912964
2.2121401752190235,7.175790919535835,-0.2657127633194131,-0.2657127633194131,0.13879196397964216,0.8874295353889465,1.688232421875,1.3637720346450806,0.12097345292568207,-0.13364610075950623,-0.5021737217903137,1.7574900388717651,0.28596246242523193
2.216520650813517,10.029119535062096,-0.4863567770504341,-0.4863567770504341,1.1244652866310976,0.8948248028755188,1.6806843280792236,1.3643019199371338,0.12553884088993073,-0.1358458548784256,-0.5139865279197693,1.7587426900863647,0.27170929312705994
2.22090112640801,6.195039652280753,-0.9317148078460817,-0.9317148078460817,-1.0984405771569776,0.9021869897842407,1.6913533210754395,1.3648518323898315,0.14494116604328156,-0.1380973607301712,-0.5610276460647583,1.7599328756332397,0.5105115175247192
2.225281602002503,9.525886385850452,-0.257464483006142,-0.257464483006142,0.2835643711471396,0.9095959067344666,1.6565197706222534,1.365486741065979,0.14830155670642853,-0.14055493474006653,-0.556158721446991,1.7621691226959229,0.1575094759464264
2.229662077596996,6.282691077942585,0.8730313045218614,0.8730313045218614,0.11775236473482648,0.9168522357940674,1.6481558084487915,1.3661364316940308,0.1680099070072174,-0.14299117028713226,-0.5719584822654724,1.7628591060638428,0.16383515298366547
2.234042553191489,7.457313726307039,-1.9266937647344444,-1.9266937647344444,0.5381220752892454,0.9240719676017761,1.6409082412719727,1.3668724298477173,0.166676327586174,-0.14549662172794342,-0.5499019622802734,1.7635767459869385,0.14825445413589478
2.2384230287859825,7.350995498860686,-0.18275524750178607,-0.18275524750178607,0.3563080410566516,0.9312599301338196,1.6413031816482544,1.3676025867462158,0.1713341921567917,-0.14790545403957367,-0.6218823790550232,1.7642261981964111,0.24032172560691833
2.2428035043804755,3.683842703451653,1.9506504798424642,1.9506504798424642,0.7126205330902698,0.9384496212005615,1.637526035308838,1.3683531284332275,0.1760704666376114,-0.15062959492206573,-0.6376247406005859,1.765278935432434,0.2820150554180145
2.2471839799749684,7.70337171182148,0.07736521394560752,0.07736521394560752,-0.035122614461754714,0.9456227421760559,1.6478190422058105,1.369124412536621,0.15456244349479675,-0.15342269837856293,-0.6014703512191772,1.7665143013000488,0.45154064893722534
2.251564455569462,6.887971381820059,2.595755539306248,2.595755539306248,0.22083294754544242,0.9528409838676453,1.6340680122375488,1.3698015213012695,0.16336685419082642,-0.1560574173927307,-0.5981853604316711,1.7684922218322754,0.37998151779174805
2.255944931163955,6.073371974729066,1.2494625014442817,1.2494625014442817,-0.34704430720061885,0.9599989652633667,1.6273969411849976,1.3705171346664429,0.16554659605026245,-0.15867775678634644,-0.5288301110267639,1.770156741142273,0.38564157485961914
2.260325406758448,8.542106474441084,0.8843330117556369,0.8843330117556369,0.1940600999513863,0.9671277403831482,1.6089152097702026,1.3712422847747803,0.16488564014434814,-0.160994291305542,-0.4822070598602295,1.771846055984497,0.2389749139547348
2.264705882352941,7.583041563976814,0.07275911664455342,0.07275911664455342,-0.5918261338352846,0.9741755723953247,1.5984125137329102,1.3719645738601685,0.17830601334571838,-0.16310659050941467,-0.46204888820648193,1.7728928327560425,0.2221834659576416
2.269086357947434,6.641333858462204,1.6088572542921213,1.6088572542921213,1.2863895149180364,0.9811773896217346,1.5713967084884644,1.3727456331253052,0.1889829933643341,-0.1651305854320526,-0.44264090061187744,1.773866057395935,-0.006338343024253845
2.2734668335419275,7.632217692999658,0.18913580335806224,0.18913580335806224,0.4086000283099571,0.9880608320236206,1.5890475511550903,1.3735734224319458,0.18449121713638306,-0.16706956923007965,-0.43322381377220154,1.7738382816314697,0.2963816523551941
2.2778473091364204,7.42320490517579,1.5530756870320717,1.5530756870320717,0.5959959059953638,0.995021641254425,1.584645390510559,1.3743815422058105,0.190754696726799,-0.16896729171276093,-0.4396328628063202,1.7751365900039673,0.3456266522407532
2.2822277847309134,6.217333857211923,-0.8265597854153415,-0.8265597854153415,-0.48768336491985065,1.0019631385803223,1.584782600402832,1.375217080116272,0.19470112025737762,-0.1708930879831314,-0.4116831123828888,1.7766505479812622,0.4483863115310669
2.2866082603254068,4.316874677303446,-0.7082915653937016,-0.7082915653937016,-0.128914773026498,1.008905291557312,1.562129259109497,1.3760700225830078,0.1957009881734848,-0.17269645631313324,-0.42157939076423645,1.7786146402359009,0.2587716579437256
2.2909887359199,7.084251322582292,3.690528049624053,3.690528049624053,1.084650844657386,1.015748143196106,1.5511391162872314,1.3769272565841675,0.1822904646396637,-0.17454317212104797,-0.4384990334510803,1.7797482013702393,0.18524283170700073
2.2953692115143927,8.061810317871696,1.2596002401234312,1.2596002401234312,-0.42264832806152997,1.0225428342819214,1.5627076625823975,1.3777257204055786,0.1815604716539383,-0.1764640063047409,-0.362399160861969,1.7805596590042114,0.4256035089492798
2.299749687108886,4.2297149666235985,0.16046615601521572,0.16046615601521572,-0.21129119262117044,1.029388189315796,1.5377326011657715,1.3785210847854614,0.19466716051101685,-0.17805148661136627,-0.3132721781730652,1.782423973083496,0.2365589141845703
2.304130162703379,3.903575020282061,1.0405961111884994,1.0405961111884994,-0.4812291297801,1.0361242294311523,1.524804949760437,1.3793737888336182,0.1810927391052246,-0.1794237643480301,-0.3024156987667084,1.783460259437561,0.13997377455234528
2.3085106382978724,7.0034359209968375,-0.5177918490873634,-0.5177918490873634,1.1221113915766012,1.0428036451339722,1.5062689781188965,1.380167007446289,0.1666838675737381,-0.18074849247932434,-0.2579735815525055,1.7840733528137207,-0.02919122576713562
2.3128911138923653,6.698309625335553,2.8821153256815792,2.8821153256815792,-0.2271875519314842,1.0494017601013184,1.5184153318405151,1.3808971643447876,0.16512952744960785,-0.18187853693962097,-0.3058639466762543,1.7839454412460327,0.22072559595108032
2.3172715894868583,7.984629425705654,0.06634794574024153,0.06634794574024153,0.7093732610353514,1.0560531616210938,1.5001789331436157,1.3816205263137817,0.1681968718767166,-0.1832183599472046,-0.2150624543428421,1.784912347793579,0.09695158153772354
2.321652065081352,4.634846421136107,0.628128154538186,0.628128154538186,-0.3383296157286911,1.0626246929168701,1.5007928609848022,1.3823573589324951,0.17524749040603638,-0.18416044116020203,-0.23384083807468414,1.7853370904922485,0.22236427664756775
2.3260325406758446,9.086308472477025,-0.9617679570072066,-0.9617679570072066,0.3575113291203477,1.0691988468170166,1.483927845954895,1.3831250667572021,0.16503363847732544,-0.1851847767829895,-0.20561720430850983,1.786311149597168,0.08583870530128479
2.330413016270338,7.139892365723292,-0.14101657830284053,-0.14101657830284053,-0.8973040813203633,1.0756992101669312,1.4741549491882324,1.383847951889038,0.18121522665023804,-0.18608547747135162,-0.24414433538913727,1.7866871356964111,0.10247251391410828
2.334793491864831,6.720728161963328,0.08413869444098648,0.08413869444098648,1.2301362098280717,1.0821566581726074,1.4394428730010986,1.3846417665481567,0.1906343400478363,-0.18715494871139526,-0.22205834090709686,1.7871359586715698,-0.213237464427948
2.339173967459324,9.48294673189038,1.0751708441696812,1.0751708441696812,-1.5446531412004734,1.0884621143341064,1.4541972875595093,1.38547682762146,0.18653272092342377,-0.18812766671180725,-0.2555251121520996,1.78620183467865,0.06797441840171814
2.3435544430538173,6.8018653302684475,-0.7410820726078562,-0.7410820726078562,0.398333133505794,1.094832181930542,1.3998585939407349,1.386293888092041,0.21488109230995178,-0.1892469823360443,-0.17901794612407684,1.7864996194839478,-0.4500710666179657
2.3479349186483103,4.453592508003828,1.38215301765816,1.38215301765816,0.962147058539335,1.1009641885757446,1.3952877521514893,1.387235164642334,0.21544064581394196,-0.19003117084503174,-0.21229249238967896,1.784528136253357,-0.4017915725708008
2.3523153942428032,10.574868936783634,1.1286405985191932,1.1286405985191932,-1.0899080776862735,1.1070761680603027,1.408344030380249,1.3881789445877075,0.19747298955917358,-0.1909611076116562,-0.2000269889831543,1.7827681303024292,-0.17447876930236816
2.3566958698372966,4.775223919659277,-0.47235411489391144,-0.47235411489391144,-0.2780015875997013,1.1132453680038452,1.3620214462280273,1.389043927192688,0.2307022511959076,-0.19183732569217682,-0.13523833453655243,1.7820038795471191,-0.5756179094314575
2.3610763454317896,8.294383045683727,-0.8159127411115834,-0.8159127411115834,0.8391278115748041,1.1192116737365723,1.345956563949585,1.39005446434021,0.22095662355422974,-0.19242973625659943,-0.14091403782367706,1.779482364654541,-0.6970441341400146
2.3654568210262825,3.278870200294615,1.554165790489038,1.554165790489038,1.1179912417512208,1.1251076459884644,1.348359227180481,1.3910223245620728,0.2292548567056656,-0.19304700195789337,-0.18924647569656372,1.7764289379119873,-0.538932204246521
2.369837296620776,7.057246200876149,0.9631470653769498,0.9631470653769498,0.20577126325627534,1.131014108657837,1.3673462867736816,1.3920265436172485,0.20276214182376862,-0.1938759982585907,-0.1765087991952896,1.7740681171417236,-0.2569809854030609
2.374217772215269,6.245399786379361,-2.1721585160826042,-2.1721585160826042,-0.5236396066470944,1.137003779411316,1.3577470779418945,1.3929147720336914,0.2059793919324875,-0.19464918971061707,-0.15439102053642273,1.7729424238204956,-0.26357290148735046
2.3785982478097623,8.169218272287038,-0.1079725662655941,-0.1079725662655941,1.2943646671449283,1.1429513692855835,1.333019495010376,1.3938170671463013,0.207192525267601,-0.19532549381256104,-0.20253300666809082,1.7717878818511963,-0.46617478132247925
2.382978723404255,9.043528559838254,-1.29783830195051,-1.29783830195051,-1.5493754132457718,1.1487905979156494,1.3460878133773804,1.394724726676941,0.21267572045326233,-0.19621267914772034,-0.243485689163208,1.7697458267211914,-0.17911475896835327
2.387359198998748,5.47958281896984,-1.6921288650763948,-1.6921288650763948,0.09921662085428518,1.1546870470046997,1.2920284271240234,1.3956563472747803,0.2372739166021347,-0.19727925956249237,-0.23614001274108887,1.7689611911773682,-0.692798376083374
2.391739674593241,0.9790969145081894,1.8500022659947883,1.8500022659947883,0.759921476945796,1.1603467464447021,1.283047080039978,1.3966957330703735,0.23026038706302643,-0.1983136683702469,-0.28845298290252686,1.7659263610839844,-0.7146020531654358
2.3961201501877345,4.9932067778808875,-1.6799524172875833,-1.6799524172875833,0.036836165457694914,1.1659671068191528,1.2984739542007446,1.3977043628692627,0.19018378853797913,-0.1995772272348404,-0.2566191554069519,1.7627960443496704,-0.5114734768867493
2.400500625782228,6.3509436731206925,-0.5469408368087894,-0.5469408368087894,1.0615927606359499,1.1716550588607788,1.2890281677246094,1.398537516593933,0.18024955689907074,-0.20070134103298187,-0.30675482749938965,1.7605555057525635,-0.545864462852478
2.404881101376721,7.937403747954483,0.23228740482877852,0.23228740482877852,-0.38064836236354005,1.1773016452789307,1.3003374338150024,1.399327039718628,0.17480549216270447,-0.20204506814479828,-0.35372909903526306,1.758164405822754,-0.3064635992050171
2.409261576971214,7.964542227200981,1.2865931340733439,1.2865931340733439,-1.2734394362226846,1.182997703552246,1.275130033493042,1.4000927209854126,0.18633301556110382,-0.20359456539154053,-0.3358294367790222,1.7568219900131226,-0.4832455515861511
2.413642052565707,6.6219391499391875,-0.17223714796648398,-0.17223714796648398,0.41588467200032275,1.1885833740234375,1.229205846786499,1.4009089469909668,0.201825350522995,-0.20506565272808075,-0.2610683739185333,1.7547051906585693,-0.9092854261398315
2.4180225281602,6.921463860609226,-1.1864995133566405,-1.1864995133566405,0.7492788651935225,1.1939679384231567,1.2248930931091309,1.4017930030822754,0.20083600282669067,-0.20620925724506378,-0.27824339270591736,1.750722050666809,-0.8521630764007568
2.422403003754693,3.6285637530534003,0.8529778576728573,0.8529778576728573,-0.44239414797342036,1.1993335485458374,1.2276369333267212,1.4026727676391602,0.2004784196615219,-0.20742809772491455,-0.3347742557525635,1.746989130973816,-0.7042999863624573
2.4267834793491865,9.058370255189217,-1.3966863799204765,-1.3966863799204765,1.40632679028053,1.2047111988067627,1.209788203239441,1.4035509824752808,0.18325099349021912,-0.20889456570148468,-0.2969452738761902,1.7439039945602417,-0.8595051765441895
2.4311639549436794,8.896625800772462,1.511530053632244,1.511530053632244,0.2849574847619615,1.2100106477737427,1.2231520414352417,1.4043537378311157,0.19447188079357147,-0.21019533276557922,-0.3788021206855774,1.7401390075683594,-0.5464540123939514
2.4355444305381724,9.937671246043747,-0.8451162351507857,-0.8451162351507857,1.2529056908816307,1.215368628501892,1.2109591960906982,1.4052056074142456,0.2092832326889038,-0.21185466647148132,-0.34298232197761536,1.7377452850341797,-0.5442389249801636
2.4399249061326658,8.201743481187927,-0.5424278647245856,-0.5424278647245856,-0.11251531298979436,1.2206732034683228,1.218848466873169,1.4061223268508911,0.22720494866371155,-0.2133570909500122,-0.40425121784210205,1.7353612184524536,-0.2809644341468811
2.4443053817271587,6.718517599585279,0.49615713516178694,0.49615713516178694,0.2946044455809651,1.2260123491287231,1.1988002061843872,1.4071176052093506,0.23897548019886017,-0.21512790024280548,-0.41680601239204407,1.7341305017471313,-0.38327348232269287
2.448685857321652,8.073916418468098,1.611575141435071,1.611575141435071,-0.3173166707023833,1.2312636375427246,1.1912317276000977,1.408164381980896,0.2393178939819336,-0.21695370972156525,-0.41092002391815186,1.7324515581130981,-0.35929712653160095
2.453066332916145,6.247128008393387,-0.14353734046137,-0.14353734046137,0.4466169980739557,1.236481785774231,1.1665120124816895,1.4092127084732056,0.25093182921409607,-0.21875374019145966,-0.3545902669429779,1.7308776378631592,-0.5177363157272339
2.457446808510638,6.784736628889212,0.48355168467411247,0.48355168467411247,0.17616187661145144,1.2415916919708252,1.1633119583129883,1.4103119373321533,0.2475164532661438,-0.22030700743198395,-0.3718246519565582,1.7286096811294556,-0.4473353624343872
2.4618272841051314,6.916375081812473,0.9042873765469303,0.9042873765469303,1.1196301998651264,1.2466875314712524,1.1526349782943726,1.4113961458206177,0.24867379665374756,-0.22193577885627747,-0.3628478944301605,1.7266501188278198,-0.4569131135940552
2.4662077596996244,9.866474201133494,1.9816732448427679,1.9816732448427679,0.5041501258782976,1.2517366409301758,1.1634470224380493,1.4124854803085327,0.24724692106246948,-0.22352522611618042,-0.36913660168647766,1.7246485948562622,-0.2044665813446045
2.4705882352941178,6.293168015285672,-0.6199924576516066,-0.6199924576516066,0.6716674051062945,1.2568330764770508,1.1534844636917114,1.4135684967041016,0.267595499753952,-0.2251422256231308,-0.325988233089447,1.7237529754638672,-0.14908064901828766
2.4749687108886107,7.945797918553082,1.0978018557600269,1.0978018557600269,-0.11362786062525476,1.2618858814239502,1.1551662683486938,1.4147406816482544,0.2637515366077423,-0.22657020390033722,-0.3637087941169739,1.723099946975708,-0.016216039657592773
2.479349186483104,5.305621245256345,0.7432791290464331,0.7432791290464331,-0.47437187978415896,1.2669460773468018,1.1349291801452637,1.4158960580825806,0.27360662817955017,-0.22816342115402222,-0.32833120226860046,1.7230288982391357,-0.11678661406040192
2.483729662077597,6.88090155387399,0.36540865201376377,0.36540865201376377,-0.6231973245286475,1.2719175815582275,1.1121141910552979,1.4170945882797241,0.26730912923812866,-0.2296016663312912,-0.29277193546295166,1.7225173711776733,-0.29524919390678406
2.48811013767209,7.421308063057628,0.04699192294998378,0.04699192294998378,-0.655834131459399,1.2767891883850098,1.0822592973709106,1.4182655811309814,0.2718806862831116,-0.2308841496706009,-0.2639015018939972,1.721224069595337,-0.5290631055831909
2.492490613266583,4.733252370930003,0.17457566117338968,0.17457566117338968,-0.10827864357137806,1.2815300226211548,1.0503617525100708,1.4194566011428833,0.28001970052719116,-0.2320401668548584,-0.2433767467737198,1.7189065217971802,-0.7766906023025513
2.4968710888610763,4.863652330854412,1.8750775725673963,1.8750775725673963,0.7760455738732226,1.2861311435699463,1.0371510982513428,1.4206832647323608,0.2683785855770111,-0.23310627043247223,-0.23511651158332825,1.7155042886734009,-0.8480513691902161
2.5012515644555693,8.50780062637624,0.28496578195973465,0.28496578195973465,0.5648645173436573,1.2906743288040161,1.0441349744796753,1.4218589067459106,0.2545337378978729,-0.2341361939907074,-0.20302128791809082,1.7117893695831299,-0.6736793518066406
2.5056320400500622,7.8397560673772135,-0.04727755903462427,-0.04727755903462427,-0.00010922639250393607,1.2952481508255005,1.0379997491836548,1.422973871231079,0.2654915153980255,-0.2350255250930786,-0.2111952155828476,1.7088383436203003,-0.5892104506492615
2.510012515644556,6.607399530185418,0.1254449438887737,0.1254449438887737,-0.06180357949803375,1.2997950315475464,1.0202511548995972,1.4241368770599365,0.27392375469207764,-0.23595066368579865,-0.21257267892360687,1.7062573432922363,-0.6562114357948303
2.5143929912390486,5.006181165811175,-0.997981975712838,-0.997981975712838,0.006088973099160344,1.3042641878128052,1.003831386566162,1.4253368377685547,0.2743961215019226,-0.23688183724880219,-0.20710442960262299,1.7033828496932983,-0.7296515107154846
2.518773466833542,5.532381992738632,1.8451207718440379,1.8451207718440379,0.4151522273104822,1.3086614608764648,0.9925961494445801,1.4265388250350952,0.2640780210494995,-0.23778904974460602,-0.2364264875650406,1.7001866102218628,-0.7703248262405396
2.523153942428035,6.744236971752812,0.3341075892997333,0.3341075892997333,-0.03798290787589173,1.31300950050354,0.9896619319915771,1.427695631980896,0.2559323310852051,-0.23882471024990082,-0.19466686248779297,1.6968122720718384,-0.7010957598686218
2.527534418022528,6.192895292004555,0.16695592453004943,0.16695592453004943,0.21469701042971376,1.3173446655273438,0.9734325408935547,1.428816795349121,0.25711172819137573,-0.23967744410037994,-0.18380063772201538,1.6937410831451416,-0.76808762550354
2.5319148936170213,7.71565079609913,0.8125414410783526,0.8125414410783526,0.2858518676491083,1.3216087818145752,0.9643183946609497,1.4299430847167969,0.25388646125793457,-0.24048258364200592,-0.18519483506679535,1.6903765201568604,-0.7597008347511292
2.536295369211514,8.515263751693308,2.8597040702831875,2.8597040702831875,-0.6644528470817801,1.3258329629898071,0.9533947110176086,1.4310551881790161,0.2604295313358307,-0.24129381775856018,-0.1698138266801834,1.6870486736297607,-0.7436976432800293
2.540675844806008,5.509624757771677,1.1115080585793122,1.1115080585793122,1.2418957438351506,1.3300093412399292,0.9185262322425842,1.432196021080017,0.2747880816459656,-0.24203768372535706,-0.06689728051424026,1.683790922164917,-0.998847246170044
2.545056320400501,8.178257374700042,1.577569555205089,1.577569555205089,0.22365038755570252,1.3340328931808472,0.9348665475845337,1.4333996772766113,0.2642039358615875,-0.24233072996139526,-0.07070501148700714,1.6794154644012451,-0.6973979473114014
2.549436795994993,8.113128733692657,4.418420491270171,4.418420491270171,0.0726666848332444,1.3381280899047852,0.9214876294136047,1.4345569610595703,0.2739395499229431,-0.2426404505968094,-0.031166281551122665,1.6763604879379272,-0.7009240388870239
2.553817271589487,5.801869668947964,0.9738340052635726,0.9738340052635726,0.47660351012664437,1.3421646356582642,0.9047626256942749,1.4357569217681885,0.28361135721206665,-0.24277697503566742,0.09574349224567413,1.6732901334762573,-0.7455410957336426
2.55819774718398,5.738170482663341,0.5210900418858502,0.5210900418858502,-0.13046770636288815,1.3461278676986694,0.9027206301689148,1.4369993209838867,0.277180016040802,-0.24235756695270538,0.11026419699192047,1.6700242757797241,-0.6586498618125916
2.562578222778473,7.596589050317892,1.7315088693079979,1.7315088693079979,-0.5711744360570905,1.3500821590423584,0.8867265582084656,1.4382134675979614,0.27181071043014526,-0.241874560713768,0.12929174304008484,1.6671390533447266,-0.740086019039154
2.566958698372966,2.5623522281830367,-0.9862162576552582,-0.9862162576552582,1.5097320434524923,1.353966474533081,0.8563269972801208,1.4394041299819946,0.27950319647789,-0.24130819737911224,0.19653740525245667,1.663897156715393,-0.9584514498710632
2.571339173967459,10.304144913839254,-0.8440167226998061,-0.8440167226998061,0.2468964097388486,1.3577176332473755,0.8858011364936829,1.4406285285949707,0.2496224194765091,-0.2404472678899765,0.12364780157804489,1.659698724746704,-0.5571299195289612
2.575719649561952,6.428190000486413,-0.8946404405443295,-0.8946404405443295,-0.08251151917430882,1.3615978956222534,0.8686806559562683,1.44172203540802,0.27322912216186523,-0.23990562558174133,0.09178967773914337,1.6572582721710205,-0.5663852691650391
2.580100125156445,4.950093038629705,0.16632903369542748,0.16632903369542748,0.16981759673880722,1.365403175354004,0.8525311350822449,1.4429188966751099,0.2722250521183014,-0.23950354754924774,0.06807293742895126,1.6547772884368896,-0.6376988887786865
2.5844806007509384,6.457374623434374,-1.2289242980412314,-1.2289242980412314,0.2586697364347663,1.3691376447677612,0.8455787897109985,1.4441113471984863,0.26104292273521423,-0.23920536041259766,0.06797105818986893,1.6519838571548462,-0.6272194981575012
2.588861076345432,4.1820717516337576,0.25811295320409694,0.25811295320409694,0.6270039668353214,1.372841715812683,0.8374317288398743,1.4452548027038574,0.2595236897468567,-0.2389076203107834,0.02452860027551651,1.6492363214492798,-0.6027467846870422
2.593241551939925,8.27889001118005,-0.10683849303548781,-0.10683849303548781,0.27970812407021445,1.3765100240707397,0.8429206013679504,1.4463915824890137,0.24251814186573029,-0.23880016803741455,0.013755813241004944,1.6465959548950195,-0.45847490429878235
2.5976220275344177,9.89756677393735,1.8730667977617477,1.8730667977617477,-0.3831595851670738,1.3802024126052856,0.8313833475112915,1.4474539756774902,0.25290489196777344,-0.23873990774154663,0.002467426471412182,1.6445876359939575,-0.4405125677585602
2.602002503128911,8.085718183715358,0.9155106179543233,0.9155106179543233,0.6563115149141395,1.383844256401062,0.8008623719215393,1.4485617876052856,0.27498695254325867,-0.2387291043996811,0.06835637986660004,1.642657995223999,-0.6186929941177368
2.606382978723404,8.048083310838205,-0.9273441256313489,-0.9273441256313489,-0.7369084417356675,1.387352466583252,0.7986111640930176,1.4497663974761963,0.2834210693836212,-0.23842966556549072,0.075925812125206,1.639947772026062,-0.49358001351356506
2.610763454317897,4.001834011291897,-1.2377948054334018,-1.2377948054334018,0.3972584549740414,1.3908507823944092,0.7639328241348267,1.4510079622268677,0.29394659399986267,-0.23809707164764404,0.07036449015140533,1.6377856731414795,-0.7561963200569153
2.6151439299123904,5.992064232920139,0.6012552553046691,0.6012552553046691,0.5595682089258731,1.3941972255706787,0.7645627856254578,1.4522955417633057,0.2761889696121216,-0.2377888411283493,0.02261575311422348,1.634473204612732,-0.6735826730728149
2.619524405506884,5.813286604635466,-2.251153495799291,-2.251153495799291,0.6829859078066918,1.397546410560608,0.7647467255592346,1.4535053968429565,0.27120649814605713,-0.2376897782087326,0.023833146318793297,1.631522536277771,-0.559230387210846
2.6239048811013768,5.9652822618302155,1.7106406305952184,1.7106406305952184,0.9242715069115872,1.4008963108062744,0.7682451009750366,1.4546934366226196,0.26496440172195435,-0.2375853806734085,-0.06185302138328552,1.6290727853775024,-0.40881842374801636
2.6282853566958697,7.248915366279764,1.4395409487524073,1.4395409487524073,0.7161667989408095,1.404261589050293,0.7771008610725403,1.455854058265686,0.25946518778800964,-0.23785632848739624,-0.03888855129480362,1.6272820234298706,-0.19182290136814117
2.6326658322903627,9.613672036133638,0.1719233449218221,0.1719233449218221,0.40607559478757116,1.4076656103134155,0.7783523201942444,1.4569905996322632,0.26266464591026306,-0.2380266785621643,-0.017763733863830566,1.6264417171478271,-0.041388168931007385
2.637046307884856,7.728436414256068,-0.10353057556603062,-0.10353057556603062,-0.4345121470336184,1.4110751152038574,0.7672914862632751,1.4581412076950073,0.28166329860687256,-0.23810449242591858,-0.02460172213613987,1.6262603998184204,0.00663391500711441
2.641426783479349,9.19579502296587,2.83293833512709,2.83293833512709,0.7793471343349214,1.4144362211227417,0.7405897378921509,1.459375023841858,0.2894981801509857,-0.23821225762367249,-0.014936011284589767,1.6262894868850708,-0.16695788502693176
2.645807259073842,6.467320313461634,0.432519569067189,0.432519569067189,-0.2722549637672469,1.4176803827285767,0.739145815372467,1.4606431722640991,0.30528324842453003,-0.23827768862247467,0.04503536596894264,1.6255581378936768,-0.012010037899017334
2.650187734668336,3.117164441330936,-0.1570186868804399,-0.1570186868804399,-1.1575106230615102,1.4209182262420654,0.718937873840332,1.4619804620742798,0.304699569940567,-0.23808041214942932,0.06561701744794846,1.6255055665969849,-0.1317218840122223
2.6545682102628283,5.4951455435890875,-1.321479943322669,-1.321479943322669,-0.3898262067226176,1.424067497253418,0.6851851344108582,1.4633152484893799,0.28346753120422363,-0.2377929836511612,0.09483455121517181,1.624928593635559,-0.47561389207839966
2.6589486858573217,6.459418958258427,1.051410713252682,1.051410713252682,0.819984656433148,1.4270689487457275,0.664329469203949,1.4645569324493408,0.2766279876232147,-0.2373775690793991,0.06762731075286865,1.62284517288208,-0.6213945150375366
2.663329161451814,9.678030986645494,0.3004705406726731,0.3004705406726731,-0.3312972716765703,1.4299790859222412,0.6697760820388794,1.4657686948776245,0.2744987905025482,-0.23708133399486542,0.07438568770885468,1.6201231479644775,-0.43592625856399536
2.667709637046308,6.444838975426938,1.2576166869557972,1.2576166869557972,0.6710325964062132,1.432913064956665,0.6415059566497803,1.4669711589813232,0.2947317659854889,-0.23675549030303955,0.09283530712127686,1.6182135343551636,-0.5923997163772583
2.672090112640801,6.191572966911561,0.09078109244689853,0.09078109244689853,-0.6296549902683396,1.4357231855392456,0.6435911059379578,1.4682621955871582,0.29276156425476074,-0.23634882271289825,0.10996542125940323,1.6156185865402222,-0.44761234521865845
2.676470588235294,7.941567005859635,0.49106795901315065,0.49106795901315065,-0.7800730331407976,1.438542366027832,0.6158125996589661,1.4695446491241455,0.29060128331184387,-0.23586712777614594,0.1310044378042221,1.613657832145691,-0.663476824760437
2.6808510638297878,4.672345346336773,-0.690799208451222,-0.690799208451222,-0.014530564023216036,1.4412399530410767,0.580884575843811,1.4708175659179688,0.29983994364738464,-0.23529326915740967,0.16812577843666077,1.6107515096664429,-0.9322339296340942
2.6852315394242803,5.014374381872464,0.8637210141772451,0.8637210141772451,-0.648207536179914,1.443784475326538,0.5707806944847107,1.4721310138702393,0.2869092524051666,-0.23455679416656494,0.14837658405303955,1.6066678762435913,-0.9660491943359375
2.689612015018773,5.687339934319989,-0.5620708315968497,-0.5620708315968497,1.13315310472039,1.4462847709655762,0.5451903343200684,1.4733878374099731,0.27670082449913025,-0.2339068353176117,0.19252969324588776,1.6024360656738281,-1.178216814994812
2.6939924906132666,7.790738751734619,1.5248224938012571,1.5248224938012571,0.5741250471340325,1.4486730098724365,0.5600051879882812,1.4745999574661255,0.2693014442920685,-0.2330634593963623,0.1430237740278244,1.597274899482727,-0.8971866369247437
2.69837296620776,4.640394372364503,3.4966426055225255,3.4966426055225255,1.5247747959664582,1.4511260986328125,0.5575331449508667,1.47577965259552,0.2762434482574463,-0.23243694007396698,0.17078715562820435,1.593344807624817,-0.7839365601539612
2.7027534418022525,5.796982651495484,0.09200984034340176,0.09200984034340176,-1.477389273159762,1.4535683393478394,0.5838351845741272,1.47698974609375,0.2623525559902191,-0.23168881237506866,0.22837194800376892,1.5899107456207275,-0.38614171743392944
2.707133917396746,5.627679587623736,-0.45884534731504745,-0.45884534731504745,0.5218255577793176,1.4561258554458618,0.5375189185142517,1.4781389236450195,0.2576020359992981,-0.2306884378194809,0.2742033898830414,1.5882192850112915,-0.831874430179596
2.711514392991239,6.498209318651576,1.0486624797802997,1.0486624797802997,0.6609905127716641,1.4584804773330688,0.5384549498558044,1.4792673587799072,0.25068163871765137,-0.22948729991912842,0.24556468427181244,1.5845752954483032,-0.71873939037323
2.715894868585732,4.200648489722674,0.7539497492589586,0.7539497492589586,0.2849692978419607,1.4608391523361206,0.5410193204879761,1.480365514755249,0.24947413802146912,-0.22841161489486694,0.25688594579696655,1.5814268589019775,-0.5710889101028442
2.720275344180225,6.612501510925784,1.7494945582859736,1.7494945582859736,0.023801048583240253,1.4632090330123901,0.5394055843353271,1.481458306312561,0.2335699200630188,-0.22728633880615234,0.2705816626548767,1.5789252519607544,-0.5149280428886414
2.724655819774718,5.579339227918026,-2.1725620696305685,-2.1725620696305685,1.5842813050974638,1.4655718803405762,0.5270051956176758,1.4824814796447754,0.23340897262096405,-0.22610105574131012,0.3209773898124695,1.5766695737838745,-0.544439435005188
2.729036295369212,7.811370434953476,0.23408790032036758,0.23408790032036758,-0.14116144605510036,1.467880368232727,0.5532825589179993,1.4835039377212524,0.22632187604904175,-0.22469502687454224,0.2112656533718109,1.5742846727371216,-0.1326799988746643
2.7334167709637045,5.434583488460907,-0.2788593895223106,-0.2788593895223106,0.5572353546971944,1.470304012298584,0.5349069237709045,1.4844952821731567,0.23406168818473816,-0.22376957535743713,0.22222411632537842,1.5737035274505615,-0.21346129477024078
2.737797246558197,7.003160018903076,2.1571318824231756,2.1571318824231756,0.24241524926773214,1.4726471900939941,0.5375328660011292,1.485520601272583,0.2263188660144806,-0.22279612720012665,0.19780750572681427,1.5727684497833252,-0.08668622374534607
2.742177722152691,5.120353716335374,0.30188616608706054,0.30188616608706054,-0.0794086935271266,1.4750018119812012,0.529838502407074,1.4865119457244873,0.22880800068378448,-0.2219296395778656,0.25372329354286194,1.572388768196106,-0.05566485971212387
2.746558197747184,4.9123286462270705,0.770887023236023,0.770887023236023,0.4518093170933665,1.4773226976394653,0.5182385444641113,1.4875142574310303,0.21909242868423462,-0.22081820666790009,0.26485830545425415,1.5721449851989746,-0.10441218316555023
2.750938673341677,6.115382449916018,-0.5681148372075809,-0.5681148372075809,0.16910100111145437,1.4795928001403809,0.5195330381393433,1.4884740114212036,0.208013117313385,-0.2196580022573471,0.27417638897895813,1.5716875791549683,-0.0037810727953910828
2.75531914893617,5.391299664095453,0.4048560938449395,0.4048560938449395,-0.06660586716799317,1.4818686246871948,0.5119902491569519,1.4893852472305298,0.2047729194164276,-0.21845698356628418,0.252647340297699,1.5716710090637207,0.012021850794553757
2.759699624530663,7.853227963231455,0.07199840606330371,0.07199840606330371,1.902207439107307,1.4841114282608032,0.5003401041030884,1.4902822971343994,0.1968420296907425,-0.21735027432441711,0.266415536403656,1.5717236995697021,-0.03404612094163895
2.7640801001251565,7.514889410129507,-0.5452491807157199,-0.5452491807157199,-0.4092671583327865,1.4863032102584839,0.5302996635437012,1.4911445379257202,0.20488181710243225,-0.21618324518203735,0.2129676342010498,1.5715745687484741,0.4565812349319458
2.768460575719649,6.692018103988283,2.139935085553321,2.139935085553321,0.11655646133211062,1.4886261224746704,0.5067895650863647,1.492042064666748,0.21070660650730133,-0.21525034308433533,0.20899653434753418,1.5735746622085571,0.3045305609703064
2.7728410513141424,7.568860797434196,0.5448419287233376,0.5448419287233376,-0.07362954036405836,1.4908461570739746,0.4971543848514557,1.4929651021957397,0.21122272312641144,-0.21433484554290771,0.2680855989456177,1.5749086141586304,0.30310916900634766
2.777221526908636,8.19213836664158,0.4028127215084678,0.4028127215084678,0.04764827771130829,1.4930238723754883,0.4814802408218384,1.493890404701233,0.21747170388698578,-0.21316049993038177,0.28614693880081177,1.576236367225647,0.24413111805915833
2.7816020025031287,6.026389496235298,-1.5318948166363477,-1.5318948166363477,0.07496394783727002,1.4951330423355103,0.46756014227867126,1.4948430061340332,0.2277931123971939,-0.2119070440530777,0.29651886224746704,1.577305793762207,0.2157803326845169
2.7859824780976217,6.030605294707017,1.0610772584872161,1.0610772584872161,-0.1737326893424287,1.4971811771392822,0.45830678939819336,1.4958409070968628,0.22403062880039215,-0.21060815453529358,0.24959349632263184,1.5782510042190552,0.20608073472976685
2.790362953692115,6.328081074756913,-0.6598133441144385,-0.6598133441144385,-0.005817289506142076,1.499188780784607,0.44327211380004883,1.4968222379684448,0.22035223245620728,-0.2095148116350174,0.28565385937690735,1.5791537761688232,0.12705227732658386
2.794743429286608,3.8029669931391665,2.2479112234333027,2.2479112234333027,0.3238388643941831,1.5011305809020996,0.4316795766353607,1.4977874755859375,0.21860389411449432,-0.20826351642608643,0.2665551006793976,1.5797103643417358,0.09337113052606583
2.7991239048811014,7.390651992551382,-0.8692213549395615,-0.8692213549395615,0.39286866641355506,1.5030215978622437,0.43242061138153076,1.498745083808899,0.2003452032804489,-0.20709587633609772,0.32274410128593445,1.5801193714141846,0.16447713971138
2.8035043804755944,6.506008784070611,0.12289418465946456,0.12289418465946456,-0.5964521146098327,1.5049158334732056,0.4283853769302368,1.4996227025985718,0.2054562270641327,-0.20568209886550903,0.28588706254959106,1.5808398723602295,0.23684382438659668
2.8078848560700878,7.896999410864882,1.7832419827671169,1.7832419827671169,-0.1954825993282551,1.5067923069000244,0.4028174877166748,1.5005227327346802,0.20503030717372894,-0.2044297754764557,0.3068942427635193,1.58187735080719,0.037865325808525085
2.8122653316645807,8.184853038159533,0.32346076446708694,0.32346076446708694,0.061344643720815856,1.508556842803955,0.38423722982406616,1.5014208555221558,0.213622584939003,-0.20308543741703033,0.3646792769432068,1.582043170928955,-0.056230947375297546
2.8166458072590737,4.383720188816927,1.200042117605823,1.200042117605823,1.063032722673435,1.5102399587631226,0.3712560534477234,1.5023566484451294,0.224040225148201,-0.2014879733324051,0.3723338842391968,1.5817968845367432,-0.07992538064718246
2.821026282853567,4.962800719316146,1.113480641695678,1.113480641695678,0.7422946892065183,1.5118662118911743,0.3885082006454468,1.503338098526001,0.20940452814102173,-0.1998569667339325,0.3763349950313568,1.5814467668533325,0.19486397504806519
2.82540675844806,5.721703129885254,3.6504437953198137,3.6504437953198137,0.2128951470401812,1.5135680437088013,0.3973030745983124,1.5042554140090942,0.1986355483531952,-0.19820843636989594,0.3871748149394989,1.5823003053665161,0.3775692582130432
2.829787234042553,8.39252741995988,-0.15890561326383007,-0.15890561326383007,-0.7503734607893564,1.5153083801269531,0.3924452066421509,1.5051255226135254,0.19292525947093964,-0.19651243090629578,0.4875621199607849,1.5839542150497437,0.4090237319469452
2.8341677096370463,6.003752855563536,0.8808063873715044,0.8808063873715044,-1.3016547652225858,1.517027497291565,0.3605095446109772,1.5059705972671509,0.2049637734889984,-0.19437667727470398,0.5048348307609558,1.585745930671692,0.15881940722465515
2.8385481852315397,7.408568528738336,0.518978754432536,0.518978754432536,0.3185619023484489,1.5186066627502441,0.31982773542404175,1.5068684816360474,0.201690673828125,-0.19216525554656982,0.5685696005821228,1.5864416360855103,-0.23342522978782654
2.842928660826032,7.551610581914398,0.8566337430211312,0.8566337430211312,-0.49955074712609404,1.520007610321045,0.3148629069328308,1.5077519416809082,0.20704135298728943,-0.18967464566230774,0.5744224190711975,1.5854191780090332,-0.18041005730628967
2.8473091364205256,7.113374856988595,0.33374287592043816,0.33374287592043816,0.7343485928744129,1.5213868618011475,0.29065972566604614,1.5086588859558105,0.2136436402797699,-0.18715840578079224,0.6140273213386536,1.584628939628601,-0.35563233494758606
2.8516896120150186,6.313748286955066,-0.30233825070905873,-0.30233825070905873,0.2417743983598323,1.5226601362228394,0.2962605059146881,1.5095947980880737,0.2169538289308548,-0.18446867167949677,0.602328360080719,1.5830711126327515,-0.18412227928638458
2.8560700876095115,7.442204206470727,-0.025777851412549624,-0.025777851412549624,-0.5341920216247453,1.5239578485488892,0.29178595542907715,1.5105451345443726,0.21524830162525177,-0.18183018267154694,0.5864385366439819,1.5822645425796509,-0.1456230729818344
2.860450563204005,9.901667429706855,-0.8016270531789057,-0.8016270531789057,-0.45817731976937426,1.5252360105514526,0.2674914598464966,1.5114880800247192,0.2211717963218689,-0.17926129698753357,0.6012858152389526,1.5816266536712646,-0.328105092048645
2.864831038798498,8.2601689783182,0.6054221128308614,0.6054221128308614,0.4901386647754009,1.5264077186584473,0.24131464958190918,1.5124568939208984,0.24317757785320282,-0.17662738263607025,0.5912560224533081,1.5801893472671509,-0.4997308850288391
2.8692115143929917,7.671721610861442,-1.3424175039733235,-1.3424175039733235,-0.6060992774085143,1.527464747428894,0.24012957513332367,1.5135221481323242,0.2541680932044983,-0.1740373969078064,0.5946226716041565,1.5780003070831299,-0.39884763956069946
2.873591989987484,5.377185097479619,2.061084800070812,2.061084800070812,0.836195595374088,1.5285166501998901,0.2143564224243164,1.5146355628967285,0.2615601420402527,-0.17143267393112183,0.5731198191642761,1.5762531757354736,-0.6002863645553589
2.877972465581977,7.092113060631039,-2.704220664120128,-2.704220664120128,0.007159465840742729,1.5294556617736816,0.22598330676555634,1.515781283378601,0.2536308169364929,-0.16892214119434357,0.6088904738426208,1.5736236572265625,-0.38926613330841064
2.8823529411764706,3.282619108859457,-1.3708839807609072,-1.3708839807609072,0.1906382348875484,1.5304455757141113,0.21582581102848053,1.5168923139572144,0.2571508586406708,-0.1662549078464508,0.5297095775604248,1.5719184875488281,-0.4156780540943146
2.8867334167709635,5.9505338548087625,-1.4706049780820245,-1.4706049780820245,-0.40579499682376513,1.5313910245895386,0.2156001478433609,1.5180187225341797,0.23566289246082306,-0.16393452882766724,0.48410817980766296,1.57009756565094,-0.37533050775527954
2.891113892365457,5.923774693815878,2.1625479589505905,2.1625479589505905,0.2774491120272212,1.5323354005813599,0.19771936535835266,1.5190510749816895,0.23171371221542358,-0.1618138998746872,0.4530123472213745,1.5684534311294556,-0.5111631751060486
2.89549436795995,6.703835252705942,0.6272418204673582,0.6272418204673582,-0.3466859724806698,1.5332014560699463,0.19601595401763916,1.5200661420822144,0.22757688164710999,-0.1598294973373413,0.5080631971359253,1.5662143230438232,-0.45583564043045044
2.899874843554443,5.476601570834051,-0.8249404178928058,-0.8249404178928058,-0.8215039026155377,1.5340601205825806,0.17874634265899658,1.5210630893707275,0.22854167222976685,-0.1576039344072342,0.5365049839019775,1.5642175674438477,-0.5768140554428101
2.904255319148936,5.129396362711136,-3.770832217379554,-3.770832217379554,0.5329427294116844,1.53484308719635,0.1521480828523636,1.522064208984375,0.22131666541099548,-0.15525378286838531,0.5364046096801758,1.5616908073425293,-0.8252260088920593
2.908635794743429,3.1374184596608634,-0.8756340834763845,-0.8756340834763845,0.043540707915393356,1.5355095863342285,0.15788918733596802,1.5230337381362915,0.21193084120750427,-0.15290407836437225,0.41072073578834534,1.5580759048461914,-0.694107174873352
2.913016270337922,3.5304241803571066,2.9711211523842547,2.9711211523842547,-0.8442685470444804,1.5362012386322021,0.15486721694469452,1.523962140083313,0.18942594528198242,-0.15110492706298828,0.3838779330253601,1.5550353527069092,-0.6922391057014465
2.9173967459324155,4.756918898996631,0.7985939719384048,0.7985939719384048,0.7364284763830881,1.5368796586990356,0.13060861825942993,1.524791955947876,0.1691855788230896,-0.14942336082458496,0.49529939889907837,1.552003026008606,-0.9388526678085327
2.9217772215269084,3.2829563146386276,0.2841999357517836,0.2841999357517836,0.3922222013536245,1.5374517440795898,0.14193719625473022,1.5255330801010132,0.15750525891780853,-0.14725370705127716,0.4971148371696472,1.5478904247283936,-0.748000979423523
2.9261576971214014,8.354374324401716,-0.07814320155157023,-0.07814320155157023,2.149430564244739,1.5380735397338867,0.1471237689256668,1.526223063468933,0.13613800704479218,-0.14507611095905304,0.4939602315425873,1.5446138381958008,-0.648161768913269
2.930538172715895,5.6094505286807985,0.6970025467289562,0.6970025467289562,1.598886458884739,1.5387179851531982,0.18749654293060303,1.5268194675445557,0.14931164681911469,-0.14291232824325562,0.42890802025794983,1.5417746305465698,-0.0719563364982605
2.934918648310388,8.451728825557927,1.8770987899775582,1.8770987899775582,-0.13974198024383144,1.5395393371582031,0.21838116645812988,1.5274735689163208,0.14435110986232758,-0.14103350043296814,0.4025701582431793,1.5414594411849976,0.35899826884269714
2.939299123904881,6.891225927958631,0.29254869580577747,0.29254869580577747,-0.46278194254776683,1.5404959917068481,0.20534487068653107,1.5281058549880981,0.15688741207122803,-0.13927005231380463,0.46146830916404724,1.5430320501327515,0.2979472875595093
2.943679599499374,5.316710628974081,0.3124892067548909,0.3124892067548909,0.1266074892724124,1.5413955450057983,0.1866249293088913,1.5287930965423584,0.15897171199321747,-0.13724860548973083,0.483526349067688,1.5443371534347534,0.15091465413570404
2.948060075093867,7.122658611745777,-0.5548692925576062,-0.5548692925576062,-0.3118030619986636,1.5422130823135376,0.18359138071537018,1.529489517211914,0.15110060572624207,-0.13513052463531494,0.48895469307899475,1.544998288154602,0.1724454164505005
2.9524405506883604,7.617131755987117,-0.11730103832789388,-0.11730103832789388,0.8469428853064743,1.5430172681808472,0.16836772859096527,1.5301513671875,0.1548743098974228,-0.13298867642879486,0.4818563759326935,1.5457537174224854,0.06727463006973267
2.9568210262828534,4.309899830949487,-0.20995840086036405,-0.20995840086036405,0.20165062890533464,1.5437548160552979,0.1798720806837082,1.5308297872543335,0.16261820495128632,-0.13087791204452515,0.4536973834037781,1.5460484027862549,0.2842351794242859
2.9612015018773468,4.915461578459841,1.1487474955806598,1.1487474955806598,0.31080052377605283,1.5445427894592285,0.17995412647724152,1.531542181968689,0.14815743267536163,-0.1288904994726181,0.4416770935058594,1.5472935438156128,0.3297707736492157
2.96558197747184,5.697024991761668,-0.030587921611482674,-0.030587921611482674,0.09494826144303233,1.5453311204910278,0.18201319873332977,1.5321911573410034,0.1377442479133606,-0.12695574760437012,0.4661478102207184,1.5487381219863892,0.40432754158973694
2.9699624530663327,9.860597782470554,-0.47355116936183816,-0.47355116936183816,-0.9650949827052923,1.5461283922195435,0.1782625913619995,1.5327945947647095,0.13235610723495483,-0.12491379678249359,0.4624817669391632,1.5505092144012451,0.4168258309364319
2.974342928660826,7.409737295369376,-0.13571762953809638,-0.13571762953809638,0.47662019575241793,1.546909213066101,0.14544229209423065,1.5333744287490845,0.15395274758338928,-0.12288790941238403,0.4768364131450653,1.5523351430892944,0.12354502081871033
2.978723404255319,5.041659879922216,-0.44692504297008706,-0.44692504297008706,-0.00832617049611685,1.5475462675094604,0.14904361963272095,1.5340487957000732,0.16010932624340057,-0.12079913914203644,0.45895421504974365,1.552876353263855,0.23836180567741394
2.983103879849812,4.043326606584889,-0.6777394883710213,-0.6777394883710213,-1.1957686199716875,1.54819917678833,0.1437845528125763,1.5347501039505005,0.15041321516036987,-0.1187887042760849,0.4461457431316376,1.5539205074310303,0.2239045351743698
2.9874843554443054,5.907451408687807,-0.796008292895239,-0.796008292895239,0.40590587822264057,1.5488290786743164,0.11176265776157379,1.5354089736938477,0.13366346061229706,-0.1168343722820282,0.46127384901046753,1.554901361465454,-0.11921133100986481
2.9918648310387983,4.780816764440558,0.22489518110411466,0.22489518110411466,-1.464763788095669,1.5493186712265015,0.11551827192306519,1.535994529724121,0.12987765669822693,-0.11481377482414246,0.426174134016037,1.5543791055679321,-0.019964784383773804
2.9962453066332912,4.313344812643731,-1.9373563170302963,-1.9373563170302963,1.393820132112606,1.5498247146606445,0.07662105560302734,1.5365633964538574,0.11794385313987732,-0.11294692754745483,0.47551754117012024,1.5542916059494019,-0.4394642114639282
3.0006257822277846,7.2818394015917445,-1.7667589424916164,-1.7667589424916164,0.38498877053386615,1.5501604080200195,0.10523131489753723,1.5370800495147705,0.10395802557468414,-0.11086393147706985,0.3782366216182709,1.5523664951324463,-0.06049183011054993
3.0050062578222776,8.41246944292097,0.5963128967346778,0.5963128967346778,-0.5293332775327176,1.5506213903427124,0.1075659841299057,1.5375354290008545,0.10930558294057846,-0.10920707881450653,0.3153987526893616,1.552101492881775,0.03112020343542099
3.009386733416771,4.594125071232154,0.9907277806468556,0.9907277806468556,0.6701745929413233,1.5510926246643066,0.08756039291620255,1.53801429271698,0.12174319475889206,-0.10782548040151596,0.3482711911201477,1.552237868309021,-0.13432154059410095
3.013767209011264,7.534839111883594,1.0899693744233288,1.0899693744233288,0.16672526762792333,1.551476240158081,0.09916719049215317,1.5385476350784302,0.10944726318120956,-0.10629988461732864,0.3576323688030243,1.5516494512557983,0.04297691583633423
3.018147684605757,9.163877757747267,-3.4844679187631797,-3.4844679187631797,0.1840988580964485,1.551910638809204,0.09646039456129074,1.5390270948410034,0.11640243232250214,-0.10473328828811646,0.38459402322769165,1.551837682723999,0.07410139590501785
3.0225281602002503,6.384163284064396,1.5484713503737448,1.5484713503737448,0.667823029933711,1.5523332357406616,0.09285067766904831,1.539536952972412,0.13415244221687317,-0.10304858535528183,0.2774602472782135,1.5521622896194458,0.1070425808429718
3.0269086357947432,6.378343928645429,-0.10446416000565743,-0.10446416000565743,-0.15790055153083557,1.5527399778366089,0.10306825488805771,1.5401246547698975,0.1337232142686844,-0.10183317959308624,0.30317798256874084,1.552631139755249,0.28066837787628174
3.0312891113892366,6.307507399335776,1.22692056377806,1.22692056377806,-1.216470173494848,1.5531914234161377,0.09400217235088348,1.54071044921875,0.13287776708602905,-0.10050511360168457,0.30473849177360535,1.5538605451583862,0.2241399884223938
3.0356695869837296,5.387138704387203,0.4109027781850996,0.4109027781850996,0.4778912652356326,1.553603172302246,0.060245200991630554,1.5412925481796265,0.13116522133350372,-0.09917021542787552,0.3760932683944702,1.5548423528671265,-0.12744787335395813
3.0400500625782225,6.263231154690741,1.8151607920381272,1.8151607920381272,0.28203581647421755,1.5538671016693115,0.06701186299324036,1.5418671369552612,0.12403875589370728,-0.09752275049686432,0.3741369843482971,1.5542840957641602,-0.004669003188610077
3.044430538172716,6.184679240267929,-1.1151050212713693,-1.1151050212713693,0.0069833322464112335,1.5541605949401855,0.06856316328048706,1.5424104928970337,0.12265676259994507,-0.09588385373353958,0.41890910267829895,1.5542635917663574,0.062105849385261536
3.048811013767209,7.5301918676033575,-1.3232083760177247,-1.3232083760177247,-0.16151019952539608,1.554460883140564,0.063819520175457,1.542947769165039,0.12065350264310837,-0.09404883533716202,0.3861405551433563,1.5545356273651123,0.05256310850381851
3.053191489361702,4.584018095672645,-0.49017974492315486,-0.49017974492315486,-0.040470724825435005,1.5547404289245605,0.054174356162548065,1.5434763431549072,0.12750861048698425,-0.09235735237598419,0.3522152900695801,1.5547658205032349,-0.0061937011778354645
3.057571964956195,5.870682771873382,-1.140911187770966,-1.140911187770966,1.0426625591186327,1.5549777746200562,0.04972304403781891,1.5440348386764526,0.11489681899547577,-0.09081447869539261,0.33908236026763916,1.5547386407852173,-0.025672640651464462
3.061952440550688,6.918931020763546,2.7130637415448775,2.7130637415448775,0.19403696110215898,1.5551955699920654,0.06974954903125763,1.544538140296936,0.1112242341041565,-0.08932913839817047,0.2753150761127472,1.554626226425171,0.2548273503780365
3.066332916145181,5.1471973616488285,1.4178915212127392,1.4178915212127392,-0.37770799460697224,1.555501103401184,0.06919194757938385,1.54502534866333,0.11416274309158325,-0.0881231278181076,0.3488786518573761,1.5557425022125244,0.29708701372146606
3.0707133917396745,3.944645015174493,0.31854386768279536,0.31854386768279536,-0.8995587000310993,1.5558042526245117,0.056585006415843964,1.5455254316329956,0.10514663904905319,-0.08659487217664719,0.401315838098526,1.5570439100265503,0.18294508755207062
3.0750938673341675,2.8762610921907132,0.45119678910771593,0.45119678910771593,-0.05874088810326454,1.5560520887374878,0.03266696631908417,1.5459860563278198,0.0880262553691864,-0.0848369151353836,0.43688830733299255,1.5578453540802002,-0.07465146481990814
3.079474342928661,4.7546534272438965,0.03580984077540815,0.03580984077540815,-0.20332692019995133,1.5561951398849487,0.02926095761358738,1.5463716983795166,0.06410778313875198,-0.08292313665151596,0.4517801105976105,1.5575183629989624,-0.09587493538856506
3.083854818523154,3.9592813195565126,0.3913648371669678,0.3913648371669678,0.7301489655731336,1.5563232898712158,0.021222472190856934,1.5466525554656982,0.05260419473052025,-0.08094412833452225,0.45876365900039673,1.557098388671875,-0.16033338010311127
3.0882352941176467,8.154534485733148,-0.956312264865161,-0.956312264865161,-0.14682012391877142,1.5564162731170654,0.035678815096616745,1.5468829870224,0.03612114489078522,-0.07893452793359756,0.44887009263038635,1.5563960075378418,0.03705427050590515
3.09261576971214,6.409843462620438,-0.6741053310830598,-0.6741053310830598,0.44454938995731685,1.5565725564956665,0.02692164108157158,1.5470411777496338,0.04720151051878929,-0.07696826010942459,0.42523035407066345,1.55655837059021,-0.0162162147462368
3.096996245306633,4.581504762494593,2.2322387237605654,2.2322387237605654,0.48799538271405724,1.5566904544830322,0.03326722979545593,1.5472478866577148,0.04691166803240776,-0.07510554790496826,0.3925620913505554,1.5564873218536377,0.09834131598472595
3.1013767209011265,5.23031939080255,-0.7322990445787402,-0.7322990445787402,0.5574527279460141,1.5568361282348633,0.04186674952507019,1.5474534034729004,0.034505728632211685,-0.07338593900203705,0.44349953532218933,1.5569181442260742,0.2279086410999298
3.1057571964956194,8.270473238991295,-0.569612763726802,-0.569612763726802,-0.8491451570751736,1.5570194721221924,0.05176553130149841,1.5476045608520508,0.026412826031446457,-0.07144320011138916,0.40583470463752747,1.557916522026062,0.3760799169540405
3.1101376720901124,7.115919649233921,1.4897749594286946,1.4897749594286946,0.36592718864176477,1.557246208190918,0.026982199400663376,1.5477203130722046,0.03803791105747223,-0.06966545432806015,0.41399794816970825,1.5595638751983643,0.12792573869228363
3.1145181476846058,8.632067769295544,2.0048497673773182,2.0048497673773182,0.05228643000923727,1.5573643445968628,0.03144213929772377,1.5478869676589966,0.042404159903526306,-0.0678519457578659,0.44681787490844727,1.5601242780685425,0.2202351689338684
3.1188986232790987,5.075127351747525,2.1968825364338014,2.1968825364338014,0.3413986052881279,1.557502031326294,0.027799898758530617,1.5480726957321167,0.05675021559000015,-0.06589467078447342,0.5038388967514038,1.561089038848877,0.22325466573238373
3.123279098873592,4.822885560064,-2.3594545290494215,-2.3594545290494215,0.3541633961879354,1.5576238632202148,0.03301519155502319,1.54832124710083,0.047544728964567184,-0.06368761509656906,0.5580248832702637,1.5620670318603516,0.3117836117744446
3.127659574468085,6.133834387094709,-0.01082140832992911,-0.01082140832992911,-1.1214375890615,1.55776846408844,0.038750696927309036,1.5485295057296753,0.03664647787809372,-0.061243198812007904,0.4787786304950714,1.5634328126907349,0.4043431282043457
3.132040050062578,8.052267944257697,-0.40051617874347756,-0.40051617874347756,0.2923015690313905,1.5579382181167603,0.00931801088154316,1.5486900806427002,0.034173451364040375,-0.05914591997861862,0.511212170124054,1.5652040243148804,0.08385568857192993
3.136420525657071,5.872024555537203,-0.24865937904798013,-0.24865937904798013,-0.3507340955094118,1.5579789876937866,0.012151066213846207,1.548839807510376,0.04474424943327904,-0.0569065660238266,0.49097970128059387,1.5655713081359863,0.1552702784538269
3.1408010012515644,4.618811173722159,-1.482952813396229,-1.482952813396229,0.8673646844384338,1.5580322742462158,0.0011099576950073242,1.5490357875823975,0.04074513539671898,-0.054755840450525284,0.4939606189727783,1.566251516342163,0.05034834146499634
3.1451814768460573,4.616425877699957,1.1202107207187566,1.1202107207187566,0.26584353368802977,1.5580371618270874,0.01929933950304985,1.549214243888855,0.028564585372805595,-0.05259205773472786,0.4253239035606384,1.566472053527832,0.28680479526519775
3.1495619524405507,4.715831055553274,-0.7855062806960954,-0.7855062806960954,-0.1591835951519686,1.558121681213379,0.023475881665945053,1.5493394136428833,0.01627713069319725,-0.0507289357483387,0.45027413964271545,1.5677284002304077,0.35572248697280884
3.153942428035044,4.527781655600807,-1.2927714824185033,-1.2927714824185033,-0.22580456847095987,1.5582245588302612,0.01771066151559353,1.5494107007980347,0.004599392414093018,-0.048756521195173264,0.4319835305213928,1.569286584854126,0.3060636520385742
3.1583229036295366,7.373551054740899,2.2842585931293526,2.2842585931293526,-0.7380669067709806,1.5583021640777588,0.010528093203902245,1.5494308471679688,-0.008309397846460342,-0.04686422646045685,0.40082472562789917,1.5706273317337036,0.2380795180797577
3.16270337922403,7.367115070202744,0.029937091979480412,0.029937091979480412,0.7004509336878235,1.558348298072815,-0.0097480658441782,1.5493944883346558,-0.002272035926580429,-0.04510842263698578,0.48908621072769165,1.5716701745986938,0.024181321263313293
3.167083854818523,4.4494989230123405,-0.3502857727326735,-0.3502857727326735,-1.2022923447489013,1.5583056211471558,0.003790268674492836,1.549384593963623,0.003736414946615696,-0.04296599328517914,0.46950507164001465,1.5717761516571045,0.21158547699451447
3.1714643304130163,8.605500118172934,-1.7527205408541,-1.7527205408541,-0.335640627032171,1.5583221912384033,-0.026046061888337135,1.5494009256362915,-0.009630420245230198,-0.04090933874249458,0.49438637495040894,1.5727030038833618,-0.12828998267650604
3.1758448060075093,9.025528989932484,0.26726721031416156,0.26726721031416156,-0.6267020977394437,1.5582081079483032,-0.0369812473654747,1.5493587255477905,0.004648540169000626,-0.03874368965625763,0.4530031383037567,1.5721410512924194,-0.2305261492729187
3.1802252816020022,9.175696515995083,-1.1278312728928945,-1.1278312728928945,0.39258874517751824,1.5580461025238037,-0.05470956489443779,1.5493791103363037,0.02171740122139454,-0.03675932064652443,0.47910988330841064,1.5711312294006348,-0.4137780964374542
3.184605757196496,8.350030908344273,-1.591600720820426,-1.591600720820426,-0.18134140950258162,1.5578064918518066,-0.04842343181371689,1.5494742393493652,0.039722755551338196,-0.034660592675209045,0.4347088038921356,1.5693186521530151,-0.3122689127922058
3.1889862327909886,4.173869391961231,-0.598960617723354,-0.598960617723354,-0.31684415432769575,1.5575944185256958,-0.055145617574453354,1.5496482849121094,0.05226222798228264,-0.03275636211037636,0.39352476596832275,1.56795072555542,-0.3693341016769409
3.193366708385481,4.5800458717272345,-2.489936399796058,-2.489936399796058,-0.0969186180011204,1.557352900505066,-0.06372743844985962,1.5498771667480469,0.03698933497071266,-0.031032536178827286,0.3852860629558563,1.5663328170776367,-0.4606208801269531
3.197747183979975,3.7036044107887336,0.9743102318308119,0.9743102318308119,0.2762524780144851,1.557073712348938,-0.06718432903289795,1.5500391721725464,0.024403413757681847,-0.029344800859689713,0.3154023587703705,1.5643150806427002,-0.49050116539001465
3.202127659574468,6.896050541762203,-0.984683475207368,-0.984683475207368,-0.5558317990487314,1.556779384613037,-0.06159936264157295,1.5501461029052734,0.006028493866324425,-0.02796318754553795,0.3357878625392914,1.562166452407837,-0.41544464230537415
3.206508135168961,4.929512614150421,1.1206155062632666,1.1206155062632666,0.790928323471872,1.5565094947814941,-0.07617192715406418,1.5501725673675537,0.008768640458583832,-0.026492277160286903,0.3232640326023102,1.5603466033935547,-0.5735790133476257
3.210888610763454,9.592348147615603,0.17283925802349293,0.17283925802349293,0.37732231067870114,1.5561758279800415,-0.05865918844938278,1.550210952758789,-0.0013273358345031738,-0.025076227262616158,0.33289194107055664,1.5578340291976929,-0.3548591732978821
3.215269086357947,5.249313216479351,-0.7761993006906972,-0.7761993006906972,-0.15773380908276877,1.5559189319610596,-0.05164579674601555,1.550205111503601,0.019604168832302094,-0.023618001490831375,0.32692039012908936,1.5562795400619507,-0.25235533714294434
3.219649561952441,6.8032290482571165,-0.7565781186532567,-0.7565781186532567,-0.5110391516655213,1.5556926727294922,-0.05626135692000389,1.5502909421920776,0.01148951519280672,-0.022185934707522392,0.3088592290878296,1.5551741123199463,-0.29746368527412415
3.224030037546933,3.5288512654514967,0.21709255527181626,0.21709255527181626,1.0178928405707701,1.5554462671279907,-0.0693296492099762,1.550341248512268,0.01357569731771946,-0.020832983776926994,0.30168870091438293,1.5538710355758667,-0.441028356552124
3.2284105131414265,6.170272784502412,-0.5632949095545831,-0.5632949095545831,-0.47921384730428107,1.5551425218582153,-0.045991331338882446,1.550400733947754,-0.005577681586146355,-0.019511444494128227,0.27830278873443604,1.5519391298294067,-0.15748268365859985
3.23279098873592,7.616950689707048,-0.4645037184594107,-0.4645037184594107,0.8952173464494407,1.5549410581588745,-0.058030202984809875,1.550376296043396,-0.00770193338394165,-0.018292345106601715,0.27584734559059143,1.5512492656707764,-0.29121994972229004
3.237171464330413,9.00421547121161,0.6438741220521003,0.6438741220521003,0.13562779710286652,1.5546869039535522,-0.037960462272167206,1.5503425598144531,0.0004043774679303169,-0.01708400249481201,0.236139178276062,1.5499736070632935,-0.04133869707584381
3.241551939924906,7.697768026727845,-0.10634547445127665,-0.10634547445127665,1.1465200843707808,1.554520606994629,-0.03574006259441376,1.5503443479537964,0.01743348315358162,-0.016049601137638092,0.25098156929016113,1.5497925281524658,-0.0027259550988674164
3.245932415519399,7.129727540177413,-0.543238783604103,-0.543238783604103,0.5855692689232493,1.5543640851974487,-0.00962154008448124,1.5504207611083984,0.026266388595104218,-0.014950182288885117,0.21439391374588013,1.5497806072235107,0.3179081678390503
3.250312891113892,7.694810115401431,-1.004442905595568,-1.004442905595568,0.6810871063110087,1.5543218851089478,0.0034761950373649597,1.550535798072815,0.03100605122745037,-0.014011034741997719,0.18142914772033691,1.551173210144043,0.4822246730327606
3.254693366708385,6.686037080738805,1.227637786286803,1.227637786286803,0.061636972736391536,1.5543371438980103,0.01880525052547455,1.5506715774536133,0.03948419541120529,-0.013216288760304451,0.13220632076263428,1.5532855987548828,0.6731775999069214
3.2590738423028784,7.798173112923388,0.573600025332414,0.573600025332414,0.05004397568913594,1.5544195175170898,0.019720878452062607,1.5508445501327515,0.040877994149923325,-0.012637162581086159,0.16625724732875824,1.5562344789505005,0.6910398006439209
3.2634543178973714,7.72644645943858,-1.7683308280123895,-1.7683308280123895,-1.2727772487543638,1.5545059442520142,0.020269757136702538,1.5510236024856567,0.04965755715966225,-0.011908876709640026,0.18154674768447876,1.5592615604400635,0.7053477764129639
3.267834793491865,8.107225927862906,-0.22572652796894122,-0.22572652796894122,-0.03473746221342111,1.5545947551727295,-0.010175351053476334,1.551241159439087,0.05759109556674957,-0.011113615706562996,0.1670750081539154,1.5623513460159302,0.35032927989959717
3.2722152690863577,3.151974309625856,-0.8010238055454215,-0.8010238055454215,0.34560020236228345,1.5545501708984375,-0.01163153164088726,1.5514934062957764,0.06853477656841278,-0.010381747968494892,0.16149751842021942,1.5638859272003174,0.3401346504688263
3.2765957446808507,9.238518511508676,-0.9188615607009796,-0.9188615607009796,-0.5654913087852466,1.5544992685317993,-0.003770751878619194,1.5517935752868652,0.046557918190956116,-0.009674311615526676,0.12801246345043182,1.5653759241104126,0.43625879287719727
3.280976220275344,6.897616809126156,0.6631028108633592,0.6631028108633592,0.43504382184483825,1.5544826984405518,-0.01769639365375042,1.5519975423812866,0.06494344770908356,-0.009113555774092674,0.11769293248653412,1.5672869682312012,0.2776340842247009
3.285356695869837,7.759885807255683,0.17718763930886877,0.17718763930886877,-0.2061942272704278,1.5544052124023438,-0.007994554005563259,1.5522819757461548,0.06789542734622955,-0.008598004467785358,0.12435297667980194,1.5685031414031982,0.3980526328086853
3.2897371714643304,4.786273161254235,-0.3142335437553866,-0.3142335437553866,-0.6140488476911763,1.5543701648712158,-0.013367658481001854,1.552579402923584,0.07651098072528839,-0.008053279481828213,0.13554894924163818,1.5702468156814575,0.3394027352333069
3.294117647058824,3.863543686932579,1.104743575503419,1.104743575503419,-0.05331229407884997,1.5543116331100464,-0.028086870908737183,1.5529145002365112,0.06535058468580246,-0.007459510583430529,0.14430451393127441,1.5717335939407349,0.16731569170951843
3.2984981226533163,6.3290202164997496,2.052760951936579,2.052760951936579,-0.47859168619794384,1.55418860912323,-0.029592160135507584,1.5532007217407227,0.048088934272527695,-0.00682738795876503,0.17812341451644897,1.572466492652893,0.15168768167495728
3.3028785982478097,6.82139654939351,-2.240805368368245,-2.240805368368245,1.0663419841147193,1.5540590286254883,-0.0412028431892395,1.5534113645553589,0.047259848564863205,-0.006047122646123171,0.25204694271087646,1.5731309652328491,0.016958042979240417
3.3072590738423027,4.675623220230559,0.11094040655153595,0.11094040655153595,-0.3383382347510663,1.5538785457611084,-0.01659753918647766,1.5536184310913086,0.04964015632867813,-0.0049430374056100845,0.15546774864196777,1.5732052326202393,0.31299829483032227
3.311639549436796,5.605683523885632,0.15419534521442985,0.15419534521442985,0.1970957463576935,1.5538058280944824,-0.024749042466282845,1.5538358688354492,0.037777338176965714,-0.0042620147578418255,0.16858810186386108,1.5745762586593628,0.21783722937107086
3.316020025031289,6.0961989807866095,-0.6893562057891625,-0.6893562057891625,-0.0017024663402788486,1.5536974668502808,-0.020377518609166145,1.5540013313293457,0.03208841755986214,-0.0035235187970101833,0.16733527183532715,1.5755305290222168,0.27174651622772217
3.320400500625782,5.646842978989433,0.6866615211140202,0.6866615211140202,0.7738846475032019,1.5536081790924072,-0.020659703761339188,1.554141879081726,0.029673142358660698,-0.002790510654449463,0.1472536027431488,1.576720952987671,0.2700918912887573
3.324780976220276,7.123493965890822,-3.32533280075808,-3.32533280075808,0.641379148382131,1.5535176992416382,-0.0027239415794610977,1.5542718172073364,0.024159278720617294,-0.0021454698871821165,0.14470641314983368,1.5779041051864624,0.4847586154937744
3.3291614518147683,6.888971627484191,-1.1982186130446568,-1.1982186130446568,0.5612576294732223,1.553505778312683,0.012075938284397125,1.5543776750564575,0.028417207300662994,-0.0015115869464352727,0.028865844011306763,1.5800275802612305,0.6620808839797974
3.3335419274092613,4.85275068110789,-0.14273991266029068,-0.14273991266029068,-0.033319033243684834,1.5535587072372437,0.025013383477926254,1.5545021295547485,0.03102489560842514,-0.0013851408148184419,-0.022516440600156784,1.5829278230667114,0.8168692588806152
3.337922403003754,6.679542444016253,-1.4598902913258236,-1.4598902913258236,0.08399620607805709,1.5536682605743408,0.02405560202896595,1.5546380281448364,0.020123815163969994,-0.0014837735798209906,-0.025711877271533012,1.5865061283111572,0.8060399889945984
3.342302878598248,6.045132008876626,-1.076363871249635,-1.076363871249635,-0.7018526930451479,1.5537736415863037,0.025728121399879456,1.5547261238098145,0.021352211013436317,-0.0015964037738740444,-0.07079826295375824,1.5900369882583618,0.8267731666564941
3.3466833541927405,6.822526650998851,1.1355206145944463,1.1355206145944463,-0.7786133625791446,1.5538862943649292,0.008964212611317635,1.5548197031021118,0.018693355843424797,-0.0019065338419750333,-0.08173517882823944,1.593658685684204,0.628089189529419
3.351063829787234,2.8817666441757583,0.4423940167346898,0.4423940167346898,-0.01839094578034171,1.5539255142211914,-0.00970258004963398,1.5549015998840332,0.021419715136289597,-0.002264572773128748,-0.02583639696240425,1.5964100360870361,0.40699005126953125
3.355444305381727,7.087439294338381,-1.8995822816194747,-1.8995822816194747,-1.2995704029906239,1.5538829565048218,-0.010336662642657757,1.5549954175949097,-0.0024140067398548126,-0.002377748489379883,-0.012380015105009079,1.598192811012268,0.39997848868370056
3.3598247809762203,3.4861021286422202,2.590428801648498,2.590428801648498,0.14085436696026765,1.5538376569747925,-0.04131342098116875,1.5549848079681396,0.0025831758975982666,-0.002431978937238455,-0.02990226447582245,1.5999449491500854,0.032610535621643066
3.364205256570713,2.75831108587683,1.1639835163239083,1.1639835163239083,0.0651701412345327,1.5536566972732544,-0.03828670457005501,1.554996132850647,-0.017271768301725388,-0.0025629650335758924,0.04163307696580887,1.6000877618789673,0.0693119466304779
3.368585732165206,7.813141562613111,-1.2988265029035742,-1.2988265029035742,-0.25574039476470234,1.5534889698028564,-0.03698000684380531,1.5549204349517822,-0.04192294180393219,-0.002380592282861471,0.07372191548347473,1.6003913879394531,0.08542753756046295
3.3729662077597,2.4423271562662685,-0.6248938183639122,-0.6248938183639122,-0.5359514472252045,1.553326964378357,-0.043587058782577515,1.5547367334365845,-0.03269222006201744,-0.0020576552487909794,0.043260496109724045,1.600765585899353,0.008252471685409546
3.3773466833541925,5.422792251937219,1.1108577707807477,1.1108577707807477,-0.9165555584423718,1.5531359910964966,-0.056330323219299316,1.554593563079834,-0.05902452766895294,-0.001868153689429164,0.04066309705376625,1.600801706314087,-0.1430460661649704
3.381727158948686,6.371696841424551,1.8958223723833616,1.8958223723833616,1.1994487639851599,1.5528892278671265,-0.07821052521467209,1.5543349981307983,-0.06524896621704102,-0.001690029981546104,0.0998699963092804,1.600175142288208,-0.40270447731018066
3.386107634543179,6.055057615350646,-1.9683816237260001,-1.9683816237260001,-0.3702635173390124,1.5525466203689575,-0.05057348683476448,1.5540491342544556,-0.06667747348546982,-0.001252551912330091,0.1202063113451004,1.5984110832214355,-0.07284250855445862
3.390488110137672,6.745814325549617,1.4968930973328467,1.4968930973328467,-0.3648211368802782,1.5523251295089722,-0.0596429705619812,1.5537570714950562,-0.06909272819757462,-0.0007259910926222801,0.07353619486093521,1.598091959953308,-0.18019738793373108
3.394868585732165,9.653143009448256,0.27733036751523965,0.27733036751523965,-0.771548023727704,1.5520638227462769,-0.06859543919563293,1.5534543991088867,-0.06692500412464142,-0.00040386756882071495,0.12790414690971375,1.5973025560379028,-0.28636813163757324
3.399249061326658,3.0526406410574785,0.16841092507796698,0.16841092507796698,-0.2786994118667155,1.5517632961273193,-0.08721058815717697,1.5531612634658813,-0.04517137259244919,0.0001564134145155549,0.1585347205400467,1.59604811668396,-0.5076242685317993
3.403629536921151,5.7714685630280185,0.16559101132509566,0.16559101132509566,0.8642675835053711,1.551381230354309,-0.09389062970876694,1.552963376045227,-0.06774771958589554,0.0008508709142915905,0.17159175872802734,1.5938245058059692,-0.5871429443359375
3.4080100125156445,8.065927008188275,-1.9807687744639282,-1.9807687744639282,0.2667244459396687,1.5509699583053589,-0.07386182248592377,1.5526666641235352,-0.07288554310798645,0.0016025244258344173,0.1511881947517395,1.5912525653839111,-0.34911659359931946
3.412390488110137,7.840596631789505,0.9171632501565744,0.9171632501565744,0.09477355175490076,1.550646424293518,-0.0678260549902916,1.5523474216461182,-0.062327731400728226,0.002264800714328885,0.08555426448583603,1.5897232294082642,-0.2782967984676361
3.4167709637046304,5.652948721101547,-1.0245400379230931,-1.0245400379230931,0.1577164935121001,1.5503493547439575,-0.0657447800040245,1.5520744323730469,-0.0531691312789917,0.0026395691093057394,0.10957065224647522,1.5885041952133179,-0.25492823123931885
3.421151439299124,4.594095172358895,0.24605905396275118,0.24605905396275118,-0.7015982915385869,1.5500613451004028,-0.06211768835783005,1.5518414974212646,-0.058594994246959686,0.003119540633633733,0.07504501193761826,1.5873874425888062,-0.2129407823085785
3.4255319148936167,6.265831857974816,0.5279344895834933,0.5279344895834933,0.7160592194689688,1.5497891902923584,-0.07858602702617645,1.5515848398208618,-0.07072539627552032,0.0034482735209167004,0.10271961241960526,1.5864546298980713,-0.41005226969718933
3.42991239048811,10.133250575752117,-1.590635659472532,-1.590635659472532,-0.2616940890288861,1.5494449138641357,-0.0618131160736084,1.5512750148773193,-0.07230716198682785,0.0038982343394309282,0.09722577035427094,1.5846583843231201,-0.21215152740478516
3.434292866082603,5.841240527435079,1.1253594218967204,1.1253594218967204,0.021285488916882783,1.549174189567566,-0.06788215041160583,1.550958275794983,-0.047749269753694534,0.004324129316955805,0.0584164597094059,1.5837290287017822,-0.2874988615512848
3.438673341677096,6.836296909776403,-1.8646339750490342,-1.8646339750490342,-0.6798749381570165,1.5488768815994263,-0.06731459498405457,1.5507490634918213,-0.051871053874492645,0.004580021370202303,0.09065891802310944,1.5824697017669678,-0.28274133801460266
3.443053817271589,9.804159816672334,-1.7731438427560966,-1.7731438427560966,2.0195614735743783,1.5485819578170776,-0.08313562721014023,1.5505218505859375,-0.049175310879945755,0.004977150354534388,0.056060198694467545,1.5812311172485352,-0.4734806716442108
3.4474342928660824,8.677500248946515,-1.230245160619872,-1.230245160619872,-0.9965803781067146,1.5482177734375,-0.03558573126792908,1.5503064393997192,-0.027455098927021027,0.005222720559686422,-0.054698821157217026,1.5791569948196411,0.08847835659980774
3.451814768460576,5.466304412382519,1.140471623157698,1.140471623157698,-0.4387359951024802,1.5480618476867676,-0.058694418519735336,1.5501861572265625,-0.012467142194509506,0.0049831136129796505,-0.06152257323265076,1.5795445442199707,-0.19008511304855347
3.4561952440550687,5.77328435020725,2.7788459534621786,2.7788459534621786,0.09362675404116884,1.5478047132492065,-0.06883630156517029,1.5501315593719482,-0.018972450867295265,0.0047136154025793076,-0.015404704958200455,1.5787118673324585,-0.3129217028617859
3.4605757196495617,7.6137942379498575,-1.009675303535628,-1.009675303535628,0.42360235808389873,1.5475032329559326,-0.06649750471115112,1.5500484704971313,-0.023564228788018227,0.0046461354941129684,0.06301221251487732,1.577341079711914,-0.28724443912506104
3.464956195244055,5.827453113773952,0.06136482965994011,0.06136482965994011,-0.7980789555756156,1.5472118854522705,-0.05636262893676758,1.5499452352523804,-0.015945415943861008,0.004922159016132355,0.021155964583158493,1.5760828256607056,-0.16944947838783264
3.469336670838548,6.4362644561749525,1.2906135604055011,1.2906135604055011,0.8062140620520376,1.5469650030136108,-0.07488078624010086,1.5498753786087036,-0.020035158842802048,0.005014832131564617,0.04625444859266281,1.5753405094146729,-0.3920666575431824
3.473717146433041,4.516824309151753,-0.5217865981028649,-0.5217865981028649,-0.4176866464826606,1.546636939048767,-0.05576459318399429,1.5497876405715942,-0.020302774384617805,0.005217448808252811,0.060400448739528656,1.5736230611801147,-0.1671595424413681
3.4780976220275344,3.248230922132457,-1.1059752724450689,-1.1059752724450689,0.5065788082275738,1.5463926792144775,-0.06537604331970215,1.5496987104415894,-0.03318866342306137,0.005482031498104334,0.05736039951443672,1.5728908777236938,-0.28339046239852905
3.4824780976220278,8.005941572936901,3.1172813872470786,3.1172813872470786,-0.5068540800779108,1.5461063385009766,-0.05336287245154381,1.5495532751083374,-0.054591622203588486,0.00573329720646143,0.01026870682835579,1.5716495513916016,-0.14185842871665955
3.4868585732165203,9.254024985903136,-2.9883593694901585,-2.9883593694901585,0.13308400517889935,1.5458725690841675,-0.06485983729362488,1.5493141412734985,-0.04426468908786774,0.005778279155492783,0.11610494554042816,1.5710281133651733,-0.2822936773300171
3.4912390488110137,8.08702784470768,1.6311608726798228,1.6311608726798228,1.1082445452959755,1.545588493347168,-0.06128358095884323,1.5491201877593994,-0.025661833584308624,0.006286873947829008,0.024948902428150177,1.569791555404663,-0.24397635459899902
3.4956195244055066,5.594383372219719,0.6066660460388076,0.6066660460388076,-0.824612344421844,1.5453200340270996,-0.034854255616664886,1.549007773399353,-0.01479363813996315,0.006396161857992411,0.04021971672773361,1.5687228441238403,0.06647175550460815
