t,u1,u2,u3,tau,x_q,xdot_q,z_q,zdot_q,theta,theta_dot,beta,beta_dot
0.0,7.528153451593525,-0.1948532155264602,-0.1948532155264602,-0.620679876450108,-2.0,0.0,2.0,0.0,1.1281905784771284e-05,0.0,0.3490658503991208,0.0
0.0043804755944931,7.439827886916686,-0.2098444997738049,-0.2098444997738049,-0.6687224704437646,-2.0,-0.00020903945551253855,2.0,0.006568508222699165,1.1281906154181343e-05,0.012435488402843475,0.3490658402442932,-0.007292063906788826
0.0087609511889862,5.587380351738836,-0.34896207787603195,-0.34896207787603195,-0.5249846595455363,-2.0000009536743164,-0.0008591008372604847,2.0000288486480713,0.011337274685502052,6.575525912921876e-05,0.02583618089556694,0.3490338921546936,-0.029927503317594528
0.0131414267834793,5.9129842372542765,0.35172081897290275,0.35172081897290275,-1.088569088571223,-2.000004768371582,-0.001527321757748723,2.0000784397125244,0.003717650193721056,0.00017893002950586379,0.03097659721970558,0.34890279173851013,-0.053272545337677
0.0175219023779724,6.396771799470815,-0.5086788539053434,-0.5086788539053434,-0.5512010723426808,-2.000011444091797,-0.006499415263533592,2.0000946521759033,-0.013580620288848877,0.0003146222443319857,0.07303762435913086,0.3486694395542145,-0.22660638391971588
0.0219023779724655,8.111916336086574,-0.21571546078441525,-0.21571546078441525,-0.12484392361769342,-2.00003981590271,-0.0068357172422111034,2.000035047531128,-0.014985443092882633,0.0006345617584884167,0.07427940517663956,0.3476767838001251,-0.2394043505191803
0.0262828535669586,5.263812777594165,-0.36057544551536524,-0.36057544551536524,0.023074665366391356,-2.0000698566436768,-0.0026589962653815746,1.9999693632125854,0.007413947023451328,0.000959940894972533,0.07162566483020782,0.3466280698776245,-0.09543073177337646
0.0306633291614518,5.952963070810995,0.21358789594595778,0.21358789594595778,-0.7034473963988312,-2.0000815391540527,0.0008756332099437714,2.000001907348633,0.00916649866849184,0.0012736953794956207,0.060421865433454514,0.3462100327014923,0.027078427374362946
0.0350438047559449,6.497854381754368,-0.3705997015514984,-0.3705997015514984,-0.17353597839661627,-2.000077724456787,-0.0009236738551408052,2.000041961669922,0.0006958572193980217,0.0015383719000965357,0.08720220625400543,0.34632864594459534,-0.037792861461639404
0.039424280350438,7.241053053742184,0.16567087585352802,0.16567087585352802,-0.6579596533679636,-2.000081777572632,0.0018517018761485815,2.00004506111145,0.00848599523305893,0.0019203589763492346,0.08144731819629669,0.3461630940437317,0.05714324116706848
0.0438047559449311,5.675208144957345,-0.033546329460718435,-0.033546329460718435,-0.5644804843050106,-2.0000736713409424,0.0012686224654316902,2.00008225440979,0.011842219159007072,0.0022771370131522417,0.10549993813037872,0.34641340374946594,0.03340889513492584
0.0481852315394242,6.732074786755897,-0.23264524681399196,-0.23264524681399196,-0.7836916958456722,-2.000068187713623,0.0004360295133665204,2.000134229660034,0.004104881081730127,0.00273927696980536,0.12100489437580109,0.3465597629547119,0.0012020207941532135
0.0525657071339173,5.604243090237583,-0.007561910315055015,-0.007561910315055015,-1.1376745134213135,-2.0000662803649902,-0.0014395921025425196,2.000152111053467,0.0004157677758485079,0.0032693359535187483,0.13709719479084015,0.34656503796577454,-0.06880329549312592
0.0569461827284105,6.993893369088988,0.07195311692857526,0.07195311692857526,-0.5801719058858429,-2.000072479248047,-0.006842244416475296,2.0001540184020996,-0.020550847053527832,0.003869886975735426,0.17010006308555603,0.3462636470794678,-0.2623904347419739
0.0613266583229036,7.413941654471715,-0.3106606372615568,-0.3106606372615568,-0.19082045195126318,-2.0001025199890137,-0.006849059835076332,2.000063896179199,-0.017556481063365936,0.004615006037056446,0.18914417922496796,0.34511426091194153,-0.2697823941707611
0.0657071339173967,5.386059644731906,-0.21765137241555657,-0.21765137241555657,-0.4125758720429942,-2.0001325607299805,-0.0034522400237619877,1.999987006187439,-0.002437061630189419,0.005443547386676073,0.1856444627046585,0.34393247961997986,-0.15920871496200562
0.0700876095118898,6.529959229087651,-0.3039198656957991,-0.3039198656957991,-0.2893816061082668,-2.000147581100464,-0.0031344876624643803,1.9999762773513794,-0.009239139035344124,0.006256758235394955,0.19133687019348145,0.3432350754737854,-0.15519359707832336
0.0744680851063829,5.891998701092752,-0.3585110233723563,-0.3585110233723563,-0.5204267947687874,-2.0001614093780518,-0.0010514541063457727,1.9999357461929321,-0.0036996351554989815,0.007094904780387878,0.19091230630874634,0.3425552546977997,-0.09145649522542953
0.078848560700876,5.8619749322367065,0.3808344423611393,0.3808344423611393,-0.2545509110435888,-2.0001659393310547,-0.001186329172924161,1.9999195337295532,-0.008616283535957336,0.007931191474199295,0.19564075767993927,0.3421546220779419,-0.10619526356458664
0.0832290362953692,6.208040319691148,-0.5416309332963165,-0.5416309332963165,-0.7759718124473695,-2.000171184539795,0.0007851135451346636,1.9998817443847656,-0.007911457680165768,0.00878819078207016,0.21419602632522583,0.34168943762779236,-0.047395456582307816
0.0876095118898623,6.635446225809707,-0.5205642476399603,-0.5205642476399603,-0.6667994204958896,-2.0001678466796875,-0.001072478131391108,1.9998470544815063,-0.015803970396518707,0.00972647126764059,0.2210395187139511,0.3414818346500397,-0.12628380954265594
0.0919899874843554,4.1574173363368825,0.30690120725443765,0.30690120725443765,-0.5595729359076178,-2.0001726150512695,-0.001732593053020537,1.9997777938842773,-0.017688442021608353,0.010694729164242744,0.2253100425004959,0.3409286439418793,-0.16520071029663086
0.0963704630788485,5.55149503786643,-0.10140285942602456,-0.10140285942602456,-0.1251848005011328,-2.000180244445801,-0.00322214188054204,1.9997003078460693,-0.03804831951856613,0.0116816945374012,0.25061383843421936,0.34020498394966125,-0.22907856106758118
0.1007509386733416,6.357879472146156,-0.009125584582097335,-0.009125584582097335,-0.42240409594314066,-2.0001943111419678,-0.0002975447569042444,1.9995336532592773,-0.0370807982981205,0.01277950219810009,0.2513083517551422,0.33920150995254517,-0.140834242105484
0.1051314142678347,7.0756700104161725,-0.4819571560351452,-0.4819571560351452,-0.4816963392757096,-2.0001955032348633,0.0009030720684677362,1.9993711709976196,-0.0358828566968441,0.01388035248965025,0.2633773982524872,0.3385846018791199,-0.11748837679624557
0.1095118898623279,7.643773663671153,-0.42258083027004467,-0.42258083027004467,-0.44282211117348447,-2.0001914501190186,0.002199155744165182,1.9992139339447021,-0.029946699738502502,0.015034071169793606,0.26336976885795593,0.33806994557380676,-0.0946517288684845
0.113892365456821,6.140143102065558,-0.3626570468468354,-0.3626570468468354,-0.7105438554466705,-2.0001819133758545,0.0042604138143360615,1.9990828037261963,-0.01836121268570423,0.0161877553910017,0.2639608681201935,0.33765533566474915,-0.04825950413942337
0.1182728410513141,6.825005094281054,-0.7334161098761023,-0.7334161098761023,-0.5453345532550993,-2.0001633167266846,0.0032073967158794403,1.9990023374557495,-0.025348849594593048,0.017344029620289803,0.2741202712059021,0.3374439477920532,-0.10987655073404312
0.1226533166458072,7.182936555593007,-0.853563484791987,-0.853563484791987,-0.06657611235935984,-2.0001492500305176,0.003992763813585043,1.9988913536071777,-0.022913260385394096,0.01854480616748333,0.26862770318984985,0.33696264028549194,-0.11012192815542221
0.1270337922403003,6.089348010243916,-0.6668507652239503,-0.6668507652239503,-0.8110799104369634,-2.000131845474243,0.008810536935925484,1.998790979385376,-0.00686761736869812,0.01972152292728424,0.2456451803445816,0.3364802598953247,0.031200192868709564
0.1314142678347934,5.864563483104768,0.17972959223290674,0.17972959223290674,-0.36725017564771734,-2.0000932216644287,0.007097072899341583,1.9987609386444092,-0.016494864597916603,0.020797565579414368,0.2498571276664734,0.3366169333457947,-0.05937294661998749
0.1357947434292866,5.897317315034851,-0.15715823878468896,-0.15715823878468896,-0.6858722952749507,-2.0000622272491455,0.008694000542163849,1.9986886978149414,-0.018194489181041718,0.021892059594392776,0.2658306658267975,0.33635684847831726,-0.0311374980956316
0.1401752190237797,7.0265978842525065,-0.5070024994203757,-0.5070024994203757,-0.3673314545366829,-2.0000240802764893,0.007894064299762249,1.998608946800232,-0.026663314551115036,0.023056523874402046,0.2812708020210266,0.3362204432487488,-0.09097129851579666
0.1445556946182728,5.832097620027266,-0.26808316961023126,-0.26808316961023126,-0.2967233195910986,-1.9999895095825195,0.010479219257831573,1.9984921216964722,-0.018568389117717743,0.02428862452507019,0.27719196677207947,0.3358219563961029,-0.03673480823636055
0.1489361702127659,5.552598679853611,-0.23071310709300663,-0.23071310709300663,-0.24868552750992973,-1.9999436140060425,0.01273433305323124,1.9984108209609985,-0.018968667834997177,0.025502856820821762,0.27802833914756775,0.33566105365753174,0.01062658429145813
0.153316645807259,6.607530399891489,-0.3893220480560239,-0.3893220480560239,-0.8053940914352773,-1.9998878240585327,0.015187853947281837,1.9983277320861816,-0.020657245069742203,0.02672075293958187,0.27855318784713745,0.3357076048851013,0.0652039498090744
0.1576971214017521,7.2587106160157004,-0.09597059958685844,-0.09597059958685844,-0.9010050708639286,-1.9998213052749634,0.014230594038963318,1.9982372522354126,-0.025773975998163223,0.02794094756245613,0.29070380330085754,0.335993230342865,-0.01187228411436081
0.1620775969962453,8.705932858182075,-0.23908260496156883,-0.23908260496156883,-0.3587911480369227,-1.9997589588165283,0.013110297732055187,1.998124361038208,-0.027515852823853493,0.029214369133114815,0.314213365316391,0.33594122529029846,-0.10102475434541702
0.1664580725907384,5.80420233280219,-0.3594150071850234,-0.3594150071850234,-0.5410474288707944,-1.9997014999389648,0.0174239594489336,1.9980038404464722,-0.005061417818069458,0.03059077262878418,0.3177092373371124,0.3354986906051636,-0.006560511887073517
0.1708385481852315,6.941309301093586,-0.16532675153924625,-0.16532675153924625,0.052823855658026275,-1.9996252059936523,0.01802130416035652,1.9979816675186157,-0.01108825858682394,0.03198248893022537,0.3230134844779968,0.33546996116638184,-0.027684876695275307
0.1752190237797246,6.535943730210691,-0.655414230030862,-0.655414230030862,-1.3913283666135428,-1.9995462894439697,0.024202357977628708,1.9979331493377686,0.0056152427569031715,0.03339743986725807,0.31664279103279114,0.3353486955165863,0.14230002462863922
0.1795994993742177,6.352280656415217,-0.8903249608246481,-0.8903249608246481,-0.47796398980344545,-1.999440312385559,0.018975766375660896,1.997957706451416,-0.013058421202003956,0.03478448465466499,0.3381338119506836,0.33597204089164734,-0.09945517778396606
0.1839799749687108,7.993473557965073,-0.47610431972884887,-0.47610431972884887,-0.14526690617362914,-1.9993572235107422,0.020696133375167847,1.9979004859924316,-0.01306378934532404,0.036265671253204346,0.32609155774116516,0.335536390542984,-0.090568408370018
0.188360450563204,6.866615933532548,-0.3850713352334864,-0.3850713352334864,-0.4453896214485607,-1.999266505241394,0.026461420580744743,1.9978432655334473,0.008133907802402973,0.03769410774111748,0.31643006205558777,0.335139662027359,0.04794101417064667
0.1927409261576971,6.842877446899041,0.15882879494807078,0.15882879494807078,-0.8700708242134549,-1.9991506338119507,0.029004789888858795,1.997878909111023,0.013195604085922241,0.03908022120594978,0.3181915581226349,0.3353496789932251,0.07760182023048401
0.1971214017521902,5.262292423462732,-0.6759249394922213,-0.6759249394922213,0.10942996936711635,-1.9990235567092896,0.028318198397755623,1.997936725616455,0.00865941122174263,0.040474049746990204,0.34823867678642273,0.33568960428237915,-0.011648759245872498
0.2015018773466833,6.0057565172273,-0.3945663319802012,-0.3945663319802012,-0.2950947416708765,-1.9988994598388672,0.03384753689169884,1.9979746341705322,0.012475826777517796,0.04199950024485588,0.3253038227558136,0.3356385827064514,0.1368694007396698
0.2058823529411764,5.688394933250976,-0.06630776929526355,-0.06630776929526355,-0.6186712050899889,-1.998751163482666,0.0369843915104866,1.9980292320251465,0.013609000481665134,0.04342448711395264,0.32239893078804016,0.33623814582824707,0.18930979073047638
0.2102628285356695,6.788425286211711,-0.6058631610579713,-0.6058631610579713,-0.3977680787065485,-1.9985891580581665,0.037396132946014404,1.9980888366699219,0.004904479719698429,0.04483674839138985,0.33852970600128174,0.3370674252510071,0.1444234997034073
0.2146433041301627,5.398278633190119,-0.07378163892705564,-0.07378163892705564,-1.1733126582625084,-1.9984253644943237,0.040580522269010544,1.998110294342041,0.010362343862652779,0.04631967097520828,0.332452654838562,0.3377000689506531,0.18585394322872162
0.2190237797246558,7.121487066970051,-0.23390098986083674,-0.23390098986083674,-0.31504928630401186,-1.9982476234436035,0.03651990368962288,1.9981557130813599,-0.013051828369498253,0.04777597263455391,0.364562451839447,0.33851420879364014,-0.020168185234069824
0.2234042553191489,5.955983143935075,-0.6127163536671261,-0.6127163536671261,-0.4397410313171266,-1.9980876445770264,0.0407949723303318,1.9980984926223755,-0.002957576885819435,0.04937293007969856,0.3669322431087494,0.338425874710083,0.05187760293483734
0.227784730913642,6.8477600897490944,0.10391802273752992,0.10391802273752992,-0.6354209646599489,-1.9979089498519897,0.043064411729574203,1.9980854988098145,-0.00544276088476181,0.05098026618361473,0.3618808090686798,0.3386531174182892,0.0630464255809784
0.2321652065081351,6.11239257586032,-0.8999706794983146,-0.8999706794983146,-0.9747524587939251,-1.9977203607559204,0.044738151133060455,1.9980616569519043,-0.004735010210424662,0.052565477788448334,0.38347184658050537,0.33892929553985596,0.03974134474992752
0.2365456821026282,6.86327250149204,-0.23968457982613045,-0.23968457982613045,0.13045950599708867,-1.997524380683899,0.043120935559272766,1.9980409145355225,-0.017725752666592598,0.05424526706337929,0.3856557011604309,0.3391033709049225,-0.0946701392531395
0.2409261576971214,6.538279406932954,-0.8503343778198242,-0.8503343778198242,-0.811414732936103,-1.997335433959961,0.05093420669436455,1.997963309288025,4.299171268939972e-05,0.05593462288379669,0.37484630942344666,0.3386886715888977,0.09608917683362961
0.2453066332916145,5.851828499917054,-0.23229117013828854,-0.23229117013828854,-0.434125224173338,-1.9971122741699219,0.0511612668633461,1.997963547706604,-0.005744107998907566,0.05757662653923035,0.3737097382545471,0.3391095995903015,0.0169597789645195
0.2496871088861076,4.310002081071506,-0.26053015673742747,-0.26053015673742747,-0.6301632177064289,-1.9968881607055664,0.05370187386870384,1.9979383945465088,-0.008977148681879044,0.059213653206825256,0.37960392236709595,0.33918389678001404,0.027645142748951912
0.2540675844806007,6.374910229421657,-0.08369383835574867,-0.08369383835574867,-0.24996811261247853,-1.9966529607772827,0.05320074036717415,1.997899055480957,-0.029541024938225746,0.060876499861478806,0.39039838314056396,0.33930498361587524,-0.051010794937610626
0.2584480600750938,5.38214670095785,-0.2650115430802929,-0.2650115430802929,-0.7145341269632519,-1.996419906616211,0.05785209685564041,1.9977695941925049,-0.02429252862930298,0.06258662790060043,0.39525410532951355,0.3390815258026123,0.02293746918439865
0.2628285356695869,7.129474678001234,-0.14156010360141147,-0.14156010360141147,0.09181031561578057,-1.996166467666626,0.05791526660323143,1.997663140296936,-0.037680163979530334,0.06431803107261658,0.4083815813064575,0.3391819894313812,-0.05497711896896362
0.2672090112640801,5.718621897220989,-0.16637896922106787,-0.16637896922106787,-0.34781634574787246,-1.995912790298462,0.06617993116378784,1.9974980354309082,-0.018512994050979614,0.06610693782567978,0.40156641602516174,0.33894115686416626,0.1314527988433838
0.2715894868585732,5.0113324101462915,-0.3984035131134841,-0.3984035131134841,-0.45867695054324525,-1.9956228733062744,0.06959708780050278,1.9974169731140137,-0.02095809206366539,0.06786599010229111,0.4068649709224701,0.3395169973373413,0.16352778673171997
0.2759699624530663,6.655487744736898,-0.49937604445699496,-0.49937604445699496,-0.2946327655287986,-1.995318055152893,0.07145541161298752,1.9973251819610596,-0.03181922435760498,0.06964825093746185,0.40862515568733215,0.34023332595825195,0.1487593948841095
0.2803504380475594,5.269445167937223,-0.32479729339402397,-0.32479729339402397,-0.5674462705212558,-1.9950050115585327,0.07645773887634277,1.9971858263015747,-0.025195611640810966,0.07143822312355042,0.402646005153656,0.3408849537372589,0.2169061005115509
0.2847309136420525,5.751143918350847,-0.4463483623928269,-0.4463483623928269,-0.04893553780317472,-1.994670033454895,0.07787653803825378,1.9970754384994507,-0.0362882986664772,0.07320200651884079,0.4097321331501007,0.3418351113796234,0.17770472168922424
0.2891113892365456,6.316331253145244,-0.11618611263095857,-0.11618611263095857,-0.7773916339135352,-1.9943288564682007,0.08396445959806442,1.9969165325164795,-0.0318707711994648,0.07499682903289795,0.39812642335891724,0.34261354804039,0.2940167784690857
0.2934918648310388,5.4711502158626075,-0.664536713599468,-0.664536713599468,-0.3436099046992527,-1.9939610958099365,0.08505495637655258,1.9967769384384155,-0.038782551884651184,0.0767408087849617,0.4174357056617737,0.34390148520469666,0.21998924016952515
0.2978723404255319,7.092326438541787,0.2471277654199453,0.2471277654199453,-0.7949222507258168,-1.9935885667800903,0.08865345269441605,1.9966070652008057,-0.043241310864686966,0.07856937497854233,0.4080636203289032,0.3448651432991028,0.24784576892852783
0.302252816020025,6.2471946150627335,-0.7623668095046521,-0.7623668095046521,-0.6019373918713213,-1.9932001829147339,0.0906384140253067,1.9964176416397095,-0.044001560658216476,0.0803568884730339,0.4384947717189789,0.34595081210136414,0.18652737140655518
0.3066332916145181,7.372168248223729,-0.23749158732851064,-0.23749158732851064,-0.34203767395919393,-1.9928030967712402,0.09323132038116455,1.9962248802185059,-0.04762502759695053,0.08227770775556564,0.43380972743034363,0.3467679023742676,0.15994562208652496
0.3110137672090112,5.448098125996942,-0.016675010934258216,-0.016675010934258216,-1.2507388860282367,-1.9923946857452393,0.09931280463933945,1.996016263961792,-0.03604554757475853,0.08417800068855286,0.4368627965450287,0.3474685549736023,0.23133665323257446
0.3153942428035043,5.8415642970402075,-0.6606040431551528,-0.6606040431551528,-0.7171451024880758,-1.9919596910476685,0.09592702984809875,1.9958583116531372,-0.060703881084918976,0.08609166741371155,0.4729013741016388,0.3484819233417511,0.005822435021400452
0.3197747183979975,7.561099163506912,-0.524728346978249,-0.524728346978249,-0.8613106668091437,-1.991539478302002,0.09732604026794434,1.9955923557281494,-0.07028479129076004,0.08816319704055786,0.47455254197120667,0.34850743412971497,-0.06194755434989929
0.3241551939924906,6.873139018652761,-0.5254328925056281,-0.5254328925056281,-0.17669284593238394,-1.9911131858825684,0.09978029876947403,1.9952844381332397,-0.06856410205364227,0.09024196118116379,0.4843818247318268,0.348236083984375,-0.13090607523918152
0.3285356695869837,5.824458077499563,-0.687612193889839,-0.687612193889839,-1.0480036971663211,-1.9906760454177856,0.10696355998516083,1.9949841499328613,-0.05755669251084328,0.09236378222703934,0.47419750690460205,0.34766265749931335,-0.024422936141490936
0.3329161451814768,6.502653584585329,-0.4788678350052555,-0.4788678350052555,-0.5443429458330694,-1.990207552909851,0.10595360398292542,1.9947320222854614,-0.07457603514194489,0.0944409966468811,0.4847220778465271,0.34755566716194153,-0.18460187315940857
0.3372966207759699,6.510996474116937,-1.0335866445068405,-1.0335866445068405,-0.1117863540234918,-1.9897434711456299,0.10992587357759476,1.9944053888320923,-0.0747920349240303,0.09656430780887604,0.48663416504859924,0.3467470109462738,-0.18885654211044312
0.341677096370463,6.347245491767815,-0.6868712215411322,-0.6868712215411322,-0.5790061298799718,-1.9892619848251343,0.11744975298643112,1.9940778017044067,-0.0654032975435257,0.09869599342346191,0.4597146809101105,0.34591972827911377,-0.07217957824468613
0.3460575719649562,7.120161823278181,-0.5451765496253326,-0.5451765496253326,-0.7378314503756394,-1.988747477531433,0.12112420797348022,1.9937913417816162,-0.06768914312124252,0.10070976614952087,0.45656466484069824,0.3456035554409027,-0.08941048383712769
0.3504380475594493,5.108382956929363,-0.7567870602039166,-0.7567870602039166,-1.0881316994490646,-1.9882168769836426,0.12464377284049988,1.9934948682785034,-0.06697054952383041,0.10270974040031433,0.46219080686569214,0.3452118933200836,-0.1332751214504242
0.3548185231539424,5.999450361593833,-0.8087632342663469,-0.8087632342663469,-0.2725181913785466,-1.9876708984375,0.12281192094087601,1.993201494216919,-0.09092371165752411,0.10473435372114182,0.4718671143054962,0.34462809562683105,-0.32050663232803345
0.3591989987484355,5.542522588981555,-1.0499786574261445,-1.0499786574261445,-0.7571959717031853,-1.9871329069137573,0.1287432312965393,1.9928032159805298,-0.0893954336643219,0.1068013533949852,0.4562070667743683,0.3432241380214691,-0.2599196135997772
0.3635794743429286,5.852883741888968,-0.5499361886855403,-0.5499361886855403,-0.47120687890291124,-1.9865689277648926,0.1302994340658188,1.9924116134643555,-0.10240563750267029,0.1087997555732727,0.44765686988830566,0.3420855700969696,-0.3447953164577484
0.3679599499374217,5.5772635170624865,-0.3330077207767538,-0.3330077207767538,-0.6352264318295984,-1.9859981536865234,0.13462945818901062,1.9919630289077759,-0.10649650543928146,0.11076070368289948,0.44535771012306213,0.3405751883983612,-0.3427427411079407
0.3723404255319149,4.892097998874939,-0.4107280425565341,-0.4107280425565341,0.4348979054376182,-1.9854084253311157,0.13737429678440094,1.9914965629577637,-0.1165321096777916,0.1127115786075592,0.4541834592819214,0.3390738070011139,-0.3926125764846802
0.376720901126408,7.857382267836009,-0.6036178607028693,-0.6036178607028693,-0.3362946428124818,-1.9848066568374634,0.1476045548915863,1.9909861087799072,-0.10869371145963669,0.11470112204551697,0.42948850989341736,0.33735397458076477,-0.15959425270557404
0.3811013767209011,6.694853419534163,-0.5690060477359277,-0.5690060477359277,-0.5468201080264106,-1.98416006565094,0.15598760545253754,1.9905099868774414,-0.09289779514074326,0.1165824830532074,0.42168182134628296,0.3366548717021942,-0.07376673817634583
0.3854818523153942,6.399529136299566,-0.37255329002337134,-0.37255329002337134,-0.47567271768413305,-1.9834767580032349,0.16119125485420227,1.990103006362915,-0.09155405312776566,0.11842965334653854,0.42103391885757446,0.33633172512054443,-0.0731358453631401
0.3898623279098873,6.779107202321954,-0.602464046617744,-0.602464046617744,-0.6003085349931886,-1.9827706813812256,0.1666092574596405,1.9897019863128662,-0.0911283940076828,0.12027398496866226,0.4240453243255615,0.3360113501548767,-0.05934751778841019
0.3942428035043804,5.565877367190861,-0.5408436424120101,-0.5408436424120101,-1.1534284771088295,-1.9820408821105957,0.171687051653862,1.9893027544021606,-0.09026582539081573,0.12213150411844254,0.4239823818206787,0.33575138449668884,-0.07155745476484299
0.3986232790988736,6.960403855531435,-0.49159454490035087,-0.49159454490035087,-1.0466096732456804,-1.9812887907028198,0.17082607746124268,1.9889073371887207,-0.11186964809894562,0.12398874759674072,0.4418717920780182,0.33543792366981506,-0.2657381594181061
0.4030037546933667,7.60658084896523,-0.39447035978026823,-0.39447035978026823,-0.5089496905582197,-1.9805405139923096,0.17291900515556335,1.9884172677993774,-0.11937427520751953,0.12592434883117676,0.458079993724823,0.3342738747596741,-0.39811310172080994
0.4073842302878598,4.906468647673826,-0.8727394650336635,-0.8727394650336635,-0.5123527995931061,-1.979783058166504,0.1802298128604889,1.9878942966461182,-0.10954847931861877,0.12793095409870148,0.4614231586456299,0.3325299620628357,-0.36562326550483704
0.4117647058823529,6.571270776020691,-0.7137284543642551,-0.7137284543642551,-0.29139583398102353,-1.978993535041809,0.18361273407936096,1.9874144792556763,-0.1225462406873703,0.12995220720767975,0.4508987367153168,0.33092835545539856,-0.3959098756313324
0.416145181476846,5.728546904064146,-0.7932755380475629,-0.7932755380475629,-0.9889949309354689,-1.97818922996521,0.19123828411102295,1.986877679824829,-0.11662361770868301,0.13192735612392426,0.43856528401374817,0.3291940689086914,-0.3262585699558258
0.4205256570713391,7.292700008956427,-0.19595966741562199,-0.19595966741562199,-0.9156966359045511,-1.9773515462875366,0.1923755705356598,1.986366868019104,-0.13326793909072876,0.13384847342967987,0.4442809224128723,0.3277648985385895,-0.4704084098339081
0.4249061326658322,6.502051181899565,-0.648085191929056,-0.648085191929056,-0.6513247735532528,-1.9765088558197021,0.19656020402908325,1.9857831001281738,-0.1351255178451538,0.13579463958740234,0.465299516916275,0.32570427656173706,-0.5580564737319946
0.4292866082603254,5.671326566340333,-0.3044396121860266,-0.3044396121860266,0.017841182040648218,-1.9756478071212769,0.20166856050491333,1.9851912260055542,-0.13779430091381073,0.1378328800201416,0.46539410948753357,0.32325971126556396,-0.5900439620018005
0.4336670838548185,6.0482361837886005,-0.7943491722130738,-0.7943491722130738,-0.22005386798560495,-1.974764347076416,0.2105982005596161,1.9845876693725586,-0.13260258734226227,0.1398715227842331,0.4559824764728546,0.3206750452518463,-0.4544242024421692
0.4380475594493116,4.347738025693641,-0.43042370263265045,-0.43042370263265045,-1.1303466573745835,-1.9738417863845825,0.21835222840309143,1.9840067625045776,-0.12950024008750916,0.1418689489364624,0.43921124935150146,0.318684458732605,-0.3763465881347656
0.4424280350438047,6.626143330895623,-0.7774446784455779,-0.7774446784455779,-0.45669664083119926,-1.972885251045227,0.21683502197265625,1.9834394454956055,-0.16098859906196594,0.14379289746284485,0.45965123176574707,0.31703588366508484,-0.5912642478942871
0.4468085106382978,7.937772263493091,-0.5037453396231045,-0.5037453396231045,-0.5708957442648305,-1.9719353914260864,0.22394955158233643,1.982734203338623,-0.15829913318157196,0.14580638706684113,0.45028436183929443,0.3144458532333374,-0.5656505227088928
0.4511889862327909,6.371478158472888,-0.11292697565097742,-0.11292697565097742,-0.2709744399180407,-1.970954418182373,0.2323681265115738,1.9820407629013062,-0.14709140360355377,0.14777885377407074,0.4522453546524048,0.31196802854537964,-0.5414574146270752
0.4555694618272841,6.716897242036729,-0.6016831220645997,-0.6016831220645997,-0.25395746630557603,-1.969936490058899,0.24056728184223175,1.9813964366912842,-0.14240331947803497,0.149759903550148,0.45686084032058716,0.3095961809158325,-0.4697020351886749
0.4599499374217772,6.0485746126146225,-0.5615483993547962,-0.5615483993547962,-0.10559775679491407,-1.96888267993927,0.24948251247406006,1.980772614479065,-0.13441307842731476,0.15176117420196533,0.4467061460018158,0.3075386583805084,-0.3851035237312317
0.4643304130162703,5.620832673095877,-0.6684893056316022,-0.6684893056316022,-0.02130939609697291,-1.9677897691726685,0.25843581557273865,1.9801838397979736,-0.12873904407024384,0.15371796488761902,0.43339094519615173,0.3058517277240753,-0.2745044231414795
0.4687108886107634,6.219609797042797,-0.4953974125018376,-0.4953974125018376,0.12611419248283184,-1.9666576385498047,0.26733651757240295,1.9796198606491089,-0.12478207796812057,0.1556164175271988,0.4144912362098694,0.3046492636203766,-0.15022939443588257
0.4730913642052565,6.044952660614821,-0.18010042077758337,-0.18010042077758337,-0.9916633703013469,-1.9654865264892578,0.2782825827598572,1.9790732860565186,-0.11247463524341583,0.15743207931518555,0.39634111523628235,0.3039911985397339,0.02909865975379944
0.4774718397997496,6.663670026616936,-0.5566009531423085,-0.5566009531423085,-0.5645059711307064,-1.9642674922943115,0.2811610698699951,1.9785805940628052,-0.12663930654525757,0.15916824340820312,0.4200413227081299,0.30411866307258606,-0.1072944849729538
0.4818523153942428,6.996900736600063,-0.7201170895378729,-0.7201170895378729,-0.3261856065013291,-1.9630358219146729,0.2881236970424652,1.9780259132385254,-0.1260434091091156,0.16100822389125824,0.42027217149734497,0.3036486506462097,-0.11018010228872299
0.4862327909887359,6.4162660777424625,-0.5159947676210846,-0.5159947676210846,-0.8086631825579104,-1.9617737531661987,0.29738858342170715,1.9774737358093262,-0.11731663346290588,0.16284921765327454,0.4087681174278259,0.303166002035141,-0.03882063925266266
0.490613266583229,5.893803095733971,-0.44300601409620066,-0.44300601409620066,-0.5735744616999919,-1.9604710340499878,0.3023921847343445,1.9769598245620728,-0.12428492307662964,0.16463981568813324,0.41731497645378113,0.3029959499835968,-0.11543526500463486
0.4949937421777221,6.399399705614635,-0.4383186018166727,-0.4383186018166727,-0.42571709067898555,-1.9591463804244995,0.30824732780456543,1.9764153957366943,-0.13040907680988312,0.16646786034107208,0.42112797498703003,0.3024902939796448,-0.1385759711265564
0.4993742177722152,4.987460089612875,-0.7801463794751131,-0.7801463794751131,-0.5475637241693474,-1.9577960968017578,0.3160613477230072,1.975844144821167,-0.1289730817079544,0.16831259429454803,0.42075997591018677,0.3018832504749298,-0.10869770497083664
0.5037546933667083,6.442894449625662,-0.9587856596499598,-0.9587856596499598,-0.3403124245251728,-1.956411600112915,0.3207068145275116,1.9752792119979858,-0.14217019081115723,0.17015571892261505,0.4139678180217743,0.3014070987701416,-0.14554832875728607
0.5081351689612015,6.656330375927758,-0.5237279616691224,-0.5237279616691224,-0.8323650098862935,-1.955006718635559,0.3293446898460388,1.9746564626693726,-0.13847433030605316,0.17196910083293915,0.3959064483642578,0.30076953768730164,-0.09074650704860687
0.5125156445556946,5.27232286773756,-0.5429196694176914,-0.5429196694176914,-0.3270486154222812,-1.9535640478134155,0.3350031077861786,1.9740499258041382,-0.1440022736787796,0.1737033575773239,0.4049196243286133,0.30037203431129456,-0.16815878450870514
0.5168961201501877,5.1028923326513524,-0.8122079182748325,-0.8122079182748325,-1.1676394308086557,-1.9520965814590454,0.3418594300746918,1.9734190702438354,-0.14988809823989868,0.17547710239887238,0.3986155092716217,0.2996354103088379,-0.13678467273712158
0.5212765957446808,5.886839046936595,-0.6230991009995902,-0.6230991009995902,-0.4756895126248491,-1.9505990743637085,0.3426628112792969,1.9727624654769897,-0.1760307252407074,0.17722323536872864,0.40899524092674255,0.2990362346172333,-0.3437352776527405
0.5256570713391739,6.227732426784113,-0.6517960786969147,-0.6517960786969147,-0.6516115877282241,-1.949097990989685,0.349719762802124,1.9719914197921753,-0.18009495735168457,0.17901483178138733,0.4046904146671295,0.29753050208091736,-0.33944350481033325
0.5300375469336671,5.5364200966209935,-1.1168310636954257,-1.1168310636954257,-0.09009432191671152,-1.947566032409668,0.35623642802238464,1.9712024927139282,-0.18523812294006348,0.1807875633239746,0.40468502044677734,0.2960435748100281,-0.37622442841529846
0.5344180225281602,5.1015334204317195,-0.6094303544578029,-0.6094303544578029,-0.05115489496430026,-1.9460055828094482,0.36545777320861816,1.970391035079956,-0.18362702429294586,0.1825602799654007,0.37470105290412903,0.2943955361843109,-0.2724498212337494
0.5387984981226532,4.633910955984559,-0.8239442882041456,-0.8239442882041456,-0.4516312794063595,-1.9444047212600708,0.37419936060905457,1.9695866107940674,-0.18480053544044495,0.18420164287090302,0.35839763283729553,0.29320207238197327,-0.16789460182189941
0.5431789737171464,5.132371624640172,-0.9364658865810078,-0.9364658865810078,-0.6855637774765698,-1.9427655935287476,0.37942278385162354,1.968777060508728,-0.1988958865404129,0.18577159941196442,0.3475249111652374,0.2924666106700897,-0.18588140606880188
0.5475594493116396,5.0441936312980005,-0.5954759718974687,-0.5954759718974687,-0.316650530808981,-1.9411035776138306,0.3840113878250122,1.9679057598114014,-0.21405288577079773,0.1872939169406891,0.34019777178764343,0.2916523516178131,-0.2574637532234192
0.5519399249061326,6.200166068373762,-0.4249675586683337,-0.4249675586683337,-0.44064369064436226,-1.9394214153289795,0.3909948766231537,1.966968059539795,-0.22168277204036713,0.1887841522693634,0.3320551812648773,0.29052454233169556,-0.22818982601165771
0.5563204005006257,6.060217179045368,-0.589154516072615,-0.589154516072615,-0.3809530623793774,-1.9377086162567139,0.39928123354911804,1.9659969806671143,-0.22237229347229004,0.19023871421813965,0.3325129747390747,0.28952497243881226,-0.20650990307331085
0.5607008760951189,6.199556887205076,-0.5302316228211161,-0.5302316228211161,-0.5409586260635877,-1.9359595775604248,0.40776729583740234,1.9650229215621948,-0.22290568053722382,0.19169527292251587,0.32643282413482666,0.28862035274505615,-0.1714116632938385
0.565081351689612,5.7146067870666295,-0.9912818920210617,-0.9912818920210617,-1.1170133447321908,-1.934173345565796,0.41549167037010193,1.9640464782714844,-0.22586795687675476,0.19312520325183868,0.3267460763454437,0.28786948323249817,-0.1776522845029831
0.5694618272841051,5.6556535192868,-0.6695216497675779,-0.6695216497675779,-1.2971805492868569,-1.9323532581329346,0.41855305433273315,1.963057041168213,-0.24586547911167145,0.19455650448799133,0.33041784167289734,0.28709128499031067,-0.3558272421360016
0.5738423028785982,5.957989833660374,-0.5854828042322778,-0.5854828042322778,-0.9677235400835705,-1.9305198192596436,0.4204089343547821,1.9619799852371216,-0.2704302966594696,0.19600389897823334,0.34874746203422546,0.2855325937271118,-0.5855951905250549
0.5782227784730913,6.449796572677312,-0.673605845202041,-0.673605845202041,-1.0559768131712097,-1.928678274154663,0.42515844106674194,1.9607954025268555,-0.28508123755455017,0.1975315809249878,0.35991010069847107,0.2829674184322357,-0.7163906097412109
0.5826032540675845,6.190402550957512,-0.7667739547306538,-0.7667739547306538,-0.337463784173968,-1.9268158674240112,0.4303904175758362,1.9595465660095215,-0.29761403799057007,0.19910815358161926,0.3710765540599823,0.2798292934894562,-0.8602633476257324
0.5869837296620776,4.890457480559507,-0.368440894900177,-0.368440894900177,-0.3235427849640008,-1.9249305725097656,0.43997594714164734,1.9582428932189941,-0.29618537425994873,0.20073364675045013,0.358539342880249,0.27606093883514404,-0.8097585439682007
0.5913642052565706,6.701899316276097,-0.9591503773009863,-0.9591503773009863,-0.5515087157004223,-1.9230033159255981,0.44725099205970764,1.9569454193115234,-0.30537426471710205,0.20230421423912048,0.35722818970680237,0.27251380681991577,-0.7856917977333069
0.5957446808510638,6.834639081911067,-0.5701437672093398,-0.5701437672093398,-0.3932075379227782,-1.921044111251831,0.45649975538253784,1.9556077718734741,-0.30446791648864746,0.2038690447807312,0.345323771238327,0.26907211542129517,-0.782805860042572
0.600125156445557,3.592811520039498,-0.5761902292234264,-0.5761902292234264,-0.3728609717766418,-1.9190443754196167,0.4670504927635193,1.95427405834198,-0.2988763153553009,0.20538172125816345,0.3401566743850708,0.26564306020736694,-0.7326153516769409
0.60450563204005,6.535101646892668,-0.37325417399214394,-0.37325417399214394,-0.45186957135563927,-1.9169985055923462,0.47167935967445374,1.9529647827148438,-0.32010117173194885,0.20687176287174225,0.334218829870224,0.26243385672569275,-0.7525440454483032
0.6088861076345431,7.056831526401996,-1.225426659618717,-1.225426659618717,-0.9425640474755559,-1.914932370185852,0.4814036190509796,1.9515626430511475,-0.3183649778366089,0.20833580195903778,0.3365146517753601,0.259137362241745,-0.7256295680999756
0.6132665832290363,7.10985645692568,-1.0793210740388919,-1.0793210740388919,-0.9068550752591771,-1.9128235578536987,0.48920419812202454,1.9501680135726929,-0.3233588933944702,0.20980989933013916,0.32825416326522827,0.25595876574516296,-0.8233083486557007
0.6176470588235294,6.798392671745685,-0.7470166979145317,-0.7470166979145317,-0.917837282889947,-1.9106806516647339,0.4974644184112549,1.9487515687942505,-0.32712844014167786,0.21124780178070068,0.32321760058403015,0.2523522973060608,-0.9097498655319214
0.6220275344180225,5.114578075272954,-0.9434747794758545,-0.9434747794758545,-0.6302162323743025,-1.9085015058517456,0.5052188634872437,1.9473185539245605,-0.33379894495010376,0.2126636505126953,0.3282060921192169,0.24836716055870056,-1.0065113306045532
0.6264080100125156,7.164085509048288,-0.9023964792999453,-0.9023964792999453,0.214492387959062,-1.9062883853912354,0.5116108655929565,1.9458563327789307,-0.3481394946575165,0.21410134434700012,0.3190579414367676,0.24395816028118134,-1.0624678134918213
0.6307884856070087,6.9359402204974305,-0.4277079157653554,-0.4277079157653554,-0.6006230901856924,-1.9040472507476807,0.5267688632011414,1.9443312883377075,-0.32604217529296875,0.21549896895885468,0.28644123673439026,0.2393040508031845,-0.8348156213760376
0.6351689612015019,6.200446666541254,-0.7405788062854484,-0.7405788062854484,-0.4417239319378488,-1.9017397165298462,0.536792516708374,1.9429030418395996,-0.32437610626220703,0.21675372123718262,0.29149091243743896,0.23564715683460236,-0.8398002982139587
0.639549436795995,5.712794117167514,-0.5468481441491254,-0.5468481441491254,0.03130249303666233,-1.899388313293457,0.5463560819625854,1.9414820671081543,-0.3252902030944824,0.21803058683872223,0.28276339173316956,0.23196843266487122,-0.8176895380020142
0.643929912390488,5.953168920454482,-0.008697762684136245,-0.008697762684136245,-0.5783503508813114,-1.8969950675964355,0.5575774908065796,1.9400571584701538,-0.3195236921310425,0.21926923096179962,0.2658795714378357,0.22838656604290009,-0.6750781536102295
0.6483103879849812,6.7955409188415485,-0.6682405279163453,-0.6682405279163453,-0.47655279364786,-1.8945525884628296,0.5659472942352295,1.938657522201538,-0.32563313841819763,0.22043390572071075,0.2825152277946472,0.22542940080165863,-0.6968451142311096
0.6526908635794744,6.992549616070458,-0.1552621757075524,-0.1552621757075524,-0.40762197338256234,-1.8920735120773315,0.5765087008476257,1.9372310638427734,-0.3223405182361603,0.221671462059021,0.27691733837127686,0.22237688302993774,-0.6704757809638977
0.6570713391739674,6.132986329182951,-0.4141765615608861,-0.4141765615608861,-0.45844774114630604,-1.8895481824874878,0.5878356099128723,1.9358190298080444,-0.3158212900161743,0.22288449108600616,0.2842870354652405,0.21943987905979156,-0.6202637553215027
0.6614518147684605,8.10717195404648,-0.7612903320784392,-0.7612903320784392,-0.34521790324384083,-1.8869731426239014,0.597289502620697,1.9344356060028076,-0.31770217418670654,0.2241298109292984,0.2855798900127411,0.21672283113002777,-0.6043729782104492
0.6658322903629537,5.899080982067484,-0.8867435767861078,-0.8867435767861078,0.02558599720565491,-1.8843567371368408,0.6111103892326355,1.9330439567565918,-0.3003885746002197,0.2253807932138443,0.2734292447566986,0.21407538652420044,-0.5106387138366699
0.6702127659574468,7.631681826334176,-0.6522871833500078,-0.6522871833500078,-0.7241214504910992,-1.8816797733306885,0.6225763559341431,1.9317281246185303,-0.29316312074661255,0.22657854855060577,0.24678632616996765,0.21183854341506958,-0.3652513027191162
0.6745932415519399,4.949615059876116,-0.9569483614163443,-0.9569483614163443,-0.8057282904341305,-1.8789526224136353,0.6336296200752258,1.9304438829421997,-0.2885357737541199,0.22765958309173584,0.24888411164283752,0.21023857593536377,-0.3883439004421234
0.678973717146433,6.677569054061547,-0.9709174816696278,-0.9709174816696278,-0.22212218542223455,-1.8761770725250244,0.6392141580581665,1.9291799068450928,-0.30835434794425964,0.2287498116493225,0.24446800351142883,0.20853744447231293,-0.4970545768737793
0.6833541927409261,4.920288271441064,-1.2944168828600815,-1.2944168828600815,-0.13271886074419875,-1.8733769655227661,0.6510283350944519,1.9278291463851929,-0.3002769649028778,0.22982069849967957,0.2226008027791977,0.2063601016998291,-0.4025249183177948
0.6877346683354193,8.34576374653252,-0.6295791917758723,-0.6295791917758723,-0.36465881869342887,-1.8705251216888428,0.6598964929580688,1.9265137910842896,-0.30492833256721497,0.23079580068588257,0.18867553770542145,0.2045968472957611,-0.32424890995025635
0.6921151439299124,3.854125159344127,-0.64672040274792,-0.64672040274792,-1.0144681381645708,-1.8676344156265259,0.6742462515830994,1.925178050994873,-0.2860996723175049,0.23162229359149933,0.18093901872634888,0.20317648351192474,-0.23040622472763062
0.6964956195244054,6.694417908504055,-0.9146787672237404,-0.9146787672237404,-0.5126490479062801,-1.8646808862686157,0.6768888831138611,1.9239248037338257,-0.31995853781700134,0.23241488635540009,0.19167841970920563,0.20216719806194305,-0.4230247735977173
0.7008760951188986,6.376154300982434,-0.7366566597465147,-0.7366566597465147,-0.42586785982333647,-1.8617157936096191,0.6874522566795349,1.9225232601165771,-0.3184346854686737,0.23325452208518982,0.17993788421154022,0.20031414926052094,-0.4091618061065674
0.7052565707133918,6.22251981598204,-0.2656494863527907,-0.2656494863527907,-0.4874124926538424,-1.8587044477462769,0.6978358626365662,1.9211283922195435,-0.3176012933254242,0.23404273390769958,0.1708618700504303,0.19852182269096375,-0.37856608629226685
0.7096370463078848,5.346724976368595,-0.1951447246139275,-0.1951447246139275,-0.5454765554843615,-1.8556475639343262,0.7076572775840759,1.9197371006011963,-0.31947949528694153,0.23479118943214417,0.17733804881572723,0.19686351716518402,-0.3687456250190735
0.7140175219023779,6.120305921565698,-0.4622568224922041,-0.4622568224922041,-0.32336795344935054,-1.8525476455688477,0.7155449390411377,1.9183375835418701,-0.3300606608390808,0.23556801676750183,0.18756884336471558,0.19524823129177094,-0.3956427574157715
0.718397997496871,6.056090589146279,-0.696381468149975,-0.696381468149975,-0.3457941365765679,-1.849413275718689,0.7259776592254639,1.9168918132781982,-0.3290432393550873,0.2363896518945694,0.1835128515958786,0.1935151219367981,-0.3424939811229706
0.7227784730913642,5.2980962959397,-0.07406709575553505,-0.07406709575553505,-1.0552589240621744,-1.8462331295013428,0.7361953854560852,1.9154504537582397,-0.32908597588539124,0.2371935248374939,0.17327459156513214,0.19201482832431793,-0.29711830615997314
0.7271589486858573,5.31608451483372,-1.0452941387654118,-1.0452941387654118,-0.6904895234734767,-1.843008279800415,0.7417846918106079,1.9140088558197021,-0.35182592272758484,0.23795254528522491,0.2019284963607788,0.1907133162021637,-0.4673593044281006
0.7315394242803503,4.740385272562644,-0.28976763103697434,-0.28976763103697434,-0.5760375471449767,-1.8397588729858398,0.7491207122802734,1.9124677181243896,-0.36604025959968567,0.2388370931148529,0.1915670782327652,0.18866606056690216,-0.5354645252227783
0.7359198998748435,6.253838380259747,-0.2238432537255976,-0.2238432537255976,-0.19941040572971613,-1.8364773988723755,0.7559070587158203,1.910864233970642,-0.38247159123420715,0.23967625200748444,0.19992706179618835,0.1863204687833786,-0.5851453542709351
0.7403003754693367,5.452614886556721,-0.5496714950390293,-0.5496714950390293,-0.11801369771750414,-1.8331661224365234,0.7673271298408508,1.9091888666152954,-0.37752875685691833,0.24055202305316925,0.19921354949474335,0.1837572604417801,-0.49438974261283875
0.7446808510638298,7.4463624903883865,-0.7806004631828933,-0.7806004631828933,-0.7125156548536375,-1.8298048973083496,0.7775174975395203,1.9075350761413574,-0.37744027376174927,0.24142467975616455,0.18660777807235718,0.18159160017967224,-0.39971059560775757
0.7490613266583228,7.889958527296946,-0.8195650957950903,-0.8195650957950903,-0.8709854474249089,-1.8263989686965942,0.7890557050704956,1.9058817625045776,-0.37431323528289795,0.24224211275577545,0.1846194863319397,0.17984068393707275,-0.42420291900634766
0.753441802252816,5.02926882210231,-0.8160070792515859,-0.8160070792515859,-0.8876724722790748,-1.8229424953460693,0.8008437156677246,1.9042420387268066,-0.3711293935775757,0.24305082857608795,0.1861211210489273,0.17798247933387756,-0.4825398921966553
0.7578222778473092,7.457314995843662,-0.8115384859855562,-0.8115384859855562,-0.3719105846841546,-1.819434404373169,0.8070526123046875,1.902616262435913,-0.3923669457435608,0.24386613070964813,0.18821397423744202,0.17586871981620789,-0.6124680042266846
0.7622027534418022,5.6002667721945505,-0.6260667057119559,-0.6260667057119559,-0.640558741940371,-1.815899133682251,0.8202147483825684,1.90089750289917,-0.381340354681015,0.24469059705734253,0.17537544667720795,0.1731858253479004,-0.5418076515197754
0.7665832290362953,5.3277295553284745,-0.6872060014525941,-0.6872060014525941,-0.5780106177962238,-1.8123061656951904,0.8286620378494263,1.8992270231246948,-0.39210978150367737,0.24545882642269135,0.17579865455627441,0.1708124428987503,-0.5895240306854248
0.7709637046307884,6.047007777346697,-0.6060563276255353,-0.6060563276255353,-0.4542760095766494,-1.8086762428283691,0.836883008480072,1.8975093364715576,-0.40373629331588745,0.2462289035320282,0.17260980606079102,0.16823004186153412,-0.6261970400810242
0.7753441802252816,6.283496705782284,-0.5481906463794897,-0.5481906463794897,-0.6905602332280347,-1.8050103187561035,0.8470433354377747,1.8957407474517822,-0.40648019313812256,0.24698501825332642,0.16817733645439148,0.16548700630664825,-0.6115880012512207
0.7797246558197747,7.383636282569184,-0.758628494881074,-0.758628494881074,-0.3325482592689025,-1.801299810409546,0.8567719459533691,1.8939601182937622,-0.4127105176448822,0.24772171676158905,0.17233498394489288,0.16280795633792877,-0.6573888063430786
0.7841051314142677,7.010172751699214,-0.8010305230659045,-0.8010305230659045,-0.6320583546701648,-1.7975467443466187,0.8700670599937439,1.8921523094177246,-0.4014456272125244,0.24847662448883057,0.15989209711551666,0.15992827713489532,-0.5776975750923157
0.7884856070087609,6.465020419249405,0.022592838010378702,0.022592838010378702,-0.44054821571000385,-1.793735384941101,0.8814966678619385,1.8903937339782715,-0.40024858713150024,0.249177023768425,0.154957577586174,0.15739768743515015,-0.5903067588806152
0.7928660826032541,5.817156829410462,-0.48941923783141983,-0.48941923783141983,-0.6098132342143037,-1.7898739576339722,0.8926063776016235,1.8886404037475586,-0.39920467138290405,0.24985581636428833,0.16848276555538177,0.15481185913085938,-0.5622789263725281
0.7972465581977471,6.0686480145934025,-0.7379606017533202,-0.7379606017533202,-0.6511303262903969,-1.7859638929367065,0.901852011680603,1.8868917226791382,-0.40752267837524414,0.2505938410758972,0.17199864983558655,0.1523488163948059,-0.596617579460144
0.8016270337922402,6.360576038786359,-1.0788424447413165,-1.0788424447413165,-0.3691475927665998,-1.7820132970809937,0.9114893674850464,1.8851065635681152,-0.41470223665237427,0.25134727358818054,0.16946293413639069,0.14973534643650055,-0.6366548538208008
0.8060075093867334,6.279409688135467,-1.0071192322769036,-1.0071192322769036,-0.39527791878345153,-1.7780205011367798,0.9227369427680969,1.8832899332046509,-0.4129139184951782,0.25208958983421326,0.1487375944852829,0.1469464898109436,-0.5912940502166748
0.8103879849812266,5.651566218207052,-0.6336923318137693,-0.6336923318137693,-0.9588128970687881,-1.7739784717559814,0.9337358474731445,1.8814811706542969,-0.41241931915283203,0.25274112820625305,0.13086989521980286,0.14435634016990662,-0.5551666021347046
0.8147684605757196,6.187118274074445,-1.057105165883376,-1.057105165883376,-0.4108175540224198,-1.7698882818222046,0.9416155815124512,1.8796745538711548,-0.43026626110076904,0.25331440567970276,0.14036445319652557,0.1419244408607483,-0.6908769011497498
0.8191489361702127,5.716065226929469,-0.36561320815382786,-0.36561320815382786,-0.3676204523343376,-1.765763521194458,0.9524633288383484,1.8777897357940674,-0.4309307634830475,0.2539292573928833,0.12149080634117126,0.1388980746269226,-0.6613321900367737
0.8235294117647058,6.223261805888197,-0.8361775854200845,-0.8361775854200845,-0.6318851641621852,-1.7615913152694702,0.9625377655029297,1.8759020566940308,-0.4345484972000122,0.2544614374637604,0.12154942750930786,0.1360011249780655,-0.6307677626609802
0.827909887359199,6.861034721946281,-0.7612661252726618,-0.7612661252726618,-0.6450266404739515,-1.757374882698059,0.972754180431366,1.8739985227584839,-0.440058171749115,0.25499388575553894,0.11558344215154648,0.1332380622625351,-0.662150502204895
0.8322903629536921,5.438287593019303,-1.413898556854599,-1.413898556854599,0.20837032958581886,-1.7531137466430664,0.9842090606689453,1.8720709085464478,-0.4405415952205658,0.2555001974105835,0.11218888312578201,0.13033752143383026,-0.6824184656143188
0.8366708385481851,6.580482809703515,-0.5759149781642533,-0.5759149781642533,-0.6995923361477943,-1.7488024234771729,0.995544970035553,1.8701411485671997,-0.4331270456314087,0.2559916377067566,0.06481348723173141,0.12734819948673248,-0.49784451723098755
0.8410513141426783,7.408288758202559,-1.0191815520232737,-1.0191815520232737,-0.22731711436010976,-1.7444415092468262,1.0062780380249023,1.8682438135147095,-0.4372439682483673,0.25627556443214417,0.0684252604842186,0.12516739964485168,-0.539989173412323
0.8454317897371715,6.7373141989708545,-0.6692101042800789,-0.6692101042800789,-0.9673132601658767,-1.740033507347107,1.0200269222259521,1.866328477859497,-0.42345359921455383,0.2565752863883972,0.045300308614969254,0.12280198931694031,-0.4312400817871094
0.8498122653316645,6.416529232139296,-0.04873674826963015,-0.04873674826963015,-0.31357828257611037,-1.7355653047561646,1.030310869216919,1.864473581314087,-0.4324982166290283,0.2567737102508545,0.05400586500763893,0.12091295421123505,-0.5445070266723633
0.8541927409261576,7.293501524698381,-0.7661736483581971,-0.7661736483581971,-0.562399700190628,-1.731052041053772,1.0418915748596191,1.8625789880752563,-0.4290325939655304,0.257010281085968,0.061740078032016754,0.11852775514125824,-0.48295456171035767
0.8585732165206508,7.1905309915940485,-1.0447999441452256,-1.0447999441452256,-0.641403424381918,-1.7264881134033203,1.0544428825378418,1.8606996536254883,-0.424015074968338,0.25728073716163635,0.05578923225402832,0.11641218513250351,-0.47048962116241455
0.8629536921151439,5.172436597588151,-0.9196478112475028,-0.9196478112475028,-0.4294736321877834,-1.7218691110610962,1.066586971282959,1.8588422536849976,-0.4217062294483185,0.25752511620521545,0.0440087765455246,0.11435121297836304,-0.48250341415405273
0.867334167709637,4.698730217035559,-0.6144654589978078,-0.6144654589978078,-0.559969873645943,-1.7171969413757324,1.075444221496582,1.8569949865341187,-0.4313715100288391,0.25771790742874146,0.02969413623213768,0.11223761737346649,-0.4822849631309509
0.8717146433041301,8.406952551364807,-0.1240020992222608,-0.1240020992222608,-0.5453327066181933,-1.7124860286712646,1.0830576419830322,1.8551054000854492,-0.44804781675338745,0.25784799456596375,0.02810269221663475,0.11012498289346695,-0.5294846892356873
0.8760951188986232,5.503072534912511,-0.5456864023849681,-0.5456864023849681,-0.059357773808630054,-1.7077417373657227,1.0978273153305054,1.8531427383422852,-0.43333837389945984,0.2579711079597473,0.040406882762908936,0.10780558735132217,-0.48667287826538086
0.8804755944931164,7.759573809525644,-0.67581126323171,-0.67581126323171,-0.9951823538104626,-1.7029327154159546,1.1082638502120972,1.851244568824768,-0.43162471055984497,0.25814810395240784,0.02620454505085945,0.10567373037338257,-0.37569862604141235
0.8848560700876095,5.810821135019704,-0.9560737493642688,-0.9560737493642688,-0.3536200030519386,-1.6980780363082886,1.1206364631652832,1.8493537902832031,-0.4328286051750183,0.25826290249824524,0.035531193017959595,0.10402799397706985,-0.47347745299339294
0.8892365456821025,4.876443972001523,-0.45941105964941736,-0.45941105964941736,-0.37338725043043,-1.693169116973877,1.1309123039245605,1.847457766532898,-0.4354027509689331,0.25841856002807617,0.017937632277607918,0.10195393860340118,-0.43751904368400574
0.8936170212765957,6.097979157741626,-0.596685436547721,-0.596685436547721,-0.6996913453252616,-1.6882151365280151,1.1393535137176514,1.845550537109375,-0.4462636411190033,0.2584971487522125,0.015425464138388634,0.10003739595413208,-0.42875242233276367
0.8979974968710889,5.001798334888742,-0.21318184509894794,-0.21318184509894794,-0.38695541351164064,-1.6832242012023926,1.14934504032135,1.8435957431793213,-0.45451119542121887,0.25856471061706543,0.01843356341123581,0.09815925359725952,-0.4827496111392975
0.902377972465582,5.115524670385119,-0.8119881398807145,-0.8119881398807145,-0.6873380192267144,-1.6781895160675049,1.1580089330673218,1.8416047096252441,-0.4646473228931427,0.2586454451084137,0.023508302867412567,0.09604457765817642,-0.4749376177787781
0.906758448060075,5.903663954326443,-1.1214615095496097,-1.1214615095496097,0.11536421408048858,-1.67311692237854,1.166210651397705,1.839569330215454,-0.4808428883552551,0.2587484121322632,0.019868124276399612,0.093964122235775,-0.5483070611953735
0.9111389236545682,4.769325238742697,-1.1614669592976403,-1.1614669592976403,-0.9455050294966869,-1.6680083274841309,1.1777070760726929,1.8374630212783813,-0.4717192053794861,0.25883543491363525,-0.016251105815172195,0.09156227856874466,-0.37964046001434326
0.9155193992490612,6.877219307134833,-0.4223319803746267,-0.4223319803746267,-0.32706752072297884,-1.6628494262695312,1.1847074031829834,1.835396647453308,-0.49684667587280273,0.25876423716545105,-0.022557878866791725,0.08989927172660828,-0.5331001281738281
0.9198998748435544,6.374823059056792,-0.7010076717808733,-0.7010076717808733,-0.5344761622299627,-1.657659888267517,1.1970375776290894,1.8332202434539795,-0.4899042546749115,0.25866541266441345,-0.025339903309941292,0.08756403625011444,-0.46541887521743774
0.9242803504380476,4.021656371357869,-1.1709775973570062,-1.1709775973570062,-0.7762759819289407,-1.6524163484573364,1.2079590559005737,1.8310742378234863,-0.4920094609260559,0.2585543990135193,-0.03020315058529377,0.085525281727314,-0.4672435522079468
0.9286608260325406,7.367946118398809,-0.6759125689811768,-0.6759125689811768,-0.24141876529844264,-1.6471248865127563,1.2139970064163208,1.8289190530776978,-0.5194582343101501,0.2584221065044403,-0.04172968864440918,0.08347853273153305,-0.5908796787261963
0.9330413016270338,5.926430289185001,-0.6105778390553296,-0.6105778390553296,-0.4840722483600743,-1.641806960105896,1.2273800373077393,1.8266435861587524,-0.5064166188240051,0.2582392990589142,-0.05441828444600105,0.08089020103216171,-0.48815444111824036
0.9374217772215268,6.056435860774671,-0.43041535607255654,-0.43041535607255654,-0.5881793373393069,-1.6364305019378662,1.2375547885894775,1.824425220489502,-0.5111060738563538,0.258000910282135,-0.058112647384405136,0.07875185459852219,-0.486428827047348
0.94180225281602,4.9546022000095835,-0.5804549217665229,-0.5804549217665229,-0.6924835531078888,-1.6310094594955444,1.2477679252624512,1.8221863508224487,-0.5171412229537964,0.2577463388442993,-0.053505439311265945,0.07662106305360794,-0.5107851028442383
0.9461827284105132,7.526092913507066,-0.4693615519906642,-0.4693615519906642,0.34899456150352487,-1.6255435943603516,1.2557638883590698,1.8199210166931152,-0.534837543964386,0.2575119733810425,-0.05023384839296341,0.07438357919454575,-0.5896793603897095
0.9505632040050064,7.949817300295493,-0.25089793634128954,-0.25089793634128954,-0.4983006817638332,-1.6200428009033203,1.2703427076339722,1.8175781965255737,-0.5066750049591064,0.25729191303253174,-0.07413244247436523,0.07180050015449524,-0.31890735030174255
0.9549436795994992,5.394853800935757,-0.6536807856337521,-0.6536807856337521,0.024051466500121854,-1.6144781112670898,1.2841135263442993,1.8153587579727173,-0.4947662353515625,0.2569671869277954,-0.06690749526023865,0.07040353119373322,-0.2747437655925751
0.9593241551939924,5.312262563102093,-0.5742534288191201,-0.5742534288191201,-0.916761138603023,-1.6088531017303467,1.2940431833267212,1.8131914138793945,-0.49202635884284973,0.2566741108894348,-0.08669942617416382,0.06920002400875092,-0.1437874734401703
0.9637046307884856,6.25327123462479,-0.636129166435563,-0.636129166435563,-0.600280535950503,-1.6031845808029175,1.3022538423538208,1.8110361099243164,-0.511972188949585,0.2562943398952484,-0.07669711112976074,0.06857016682624817,-0.2771272361278534
0.9680851063829788,4.829190846504959,-1.1574458893912247,-1.1574458893912247,-0.8383373083764738,-1.597480058670044,1.3127002716064453,1.8087934255599976,-0.5166402459144592,0.2559583783149719,-0.0777440071105957,0.06735621392726898,-0.30054542422294617
0.9724655819774718,6.130932505759361,-0.8873151373174949,-0.8873151373174949,-0.5853498884309832,-1.591729760169983,1.3201791048049927,1.806530237197876,-0.5387948155403137,0.25561782717704773,-0.08706299215555191,0.06603968143463135,-0.4231620132923126
0.9768460575719649,6.803109865914205,-0.357306517863579,-0.357306517863579,-0.7408143307042486,-1.585946798324585,1.3304420709609985,1.80417001247406,-0.544137716293335,0.2552364468574524,-0.09588133543729782,0.06418602913618088,-0.44528332352638245
0.981226533166458,5.330709959354285,-0.6880702251048465,-0.6880702251048465,-0.23770229280643682,-1.5801187753677368,1.3416796922683716,1.8017864227294922,-0.5474896430969238,0.2548164427280426,-0.0846816897392273,0.062235474586486816,-0.4953327476978302
0.9856070087609512,6.670918030988786,-0.6132848625622429,-0.6132848625622429,-0.8437402316879403,-1.5742416381835938,1.351009726524353,1.7993881702423096,-0.5513999462127686,0.25444549322128296,-0.09783385694026947,0.06006568297743797,-0.43899303674697876
0.9899874843554444,6.130367667364857,-0.9339814459618399,-0.9339814459618399,-0.48691560869753303,-1.5683236122131348,1.3618457317352295,1.7969727516174316,-0.5582667589187622,0.2540169358253479,-0.09110382944345474,0.058142684400081635,-0.5208879113197327
0.9943679599499372,5.273840330931154,-0.49243521966728576,-0.49243521966728576,-0.6758595447990033,-1.562358021736145,1.3722262382507324,1.794527292251587,-0.5613116025924683,0.2536178529262543,-0.10415957123041153,0.05586094781756401,-0.5157442092895508
0.9987484355444304,5.935982445318849,-0.28601796489924036,-0.28601796489924036,-0.20041523346950724,-1.5563470125198364,1.3808175325393677,1.7920684814453125,-0.5759493708610535,0.25316157937049866,-0.09880299866199493,0.053601741790771484,-0.5830296277999878
1.0031289111389237,4.7829934542668235,-1.1247792393590592,-1.1247792393590592,-0.425999531890914,-1.5502983331680298,1.3912025690078735,1.7895455360412598,-0.5739173293113708,0.25272879004478455,-0.101302869617939,0.05104779452085495,-0.502556562423706
1.0075093867334166,6.4953227146857415,-0.5960514319916861,-0.5960514319916861,-0.9160630835179144,-1.5442042350769043,1.3992187976837158,1.7870315313339233,-0.5868174433708191,0.25228503346443176,-0.12170945107936859,0.04884635657072067,-0.5115286707878113
1.0118898623279098,6.711887440625145,-1.1760742267353175,-1.1760742267353175,-0.3698728804604549,-1.5380749702453613,1.4096722602844238,1.7844610214233398,-0.5968517065048218,0.2517518997192383,-0.11236409842967987,0.04660561680793762,-0.6179034113883972
1.016270337922403,7.741988668127453,-0.8417187138420636,-0.8417187138420636,-0.83217993679699,-1.5318999290466309,1.421142339706421,1.781846523284912,-0.5922864675521851,0.2512596845626831,-0.13590773940086365,0.04389890655875206,-0.5670406222343445
1.020650813516896,5.322837575896693,-0.6742678188872797,-0.6742678188872797,-0.6653118077304214,-1.5256747007369995,1.4338737726211548,1.779252052307129,-0.589918851852417,0.2506643533706665,-0.13618630170822144,0.04141499847173691,-0.6215508580207825
1.0250312891113893,4.853654135429952,-0.7873555604379321,-0.7873555604379321,-0.2419125803174894,-1.5193936824798584,1.4425846338272095,1.7766679525375366,-0.6039019227027893,0.250067800283432,-0.13644784688949585,0.03869231045246124,-0.6850585341453552
1.0294117647058822,4.885425903922697,-0.3549449352129038,-0.3549449352129038,0.10057606483136405,-1.513074517250061,1.4508957862854004,1.7740225791931152,-0.6118989586830139,0.24947009980678558,-0.15237651765346527,0.03569142892956734,-0.6412962675094604
1.0337922403003754,6.9327519700696225,-1.0041473491052173,-1.0041473491052173,0.06603050119629145,-1.5067188739776611,1.4594964981079102,1.771342158317566,-0.611606240272522,0.24880261719226837,-0.1656791716814041,0.03288224712014198,-0.5013511180877686
1.0381727158948686,6.140853708125268,-0.7410618279938384,-0.7410618279938384,-0.2067150066054284,-1.5003255605697632,1.4714432954788208,1.7686630487442017,-0.5949714183807373,0.24807685613632202,-0.19693174958229065,0.030686091631650925,-0.3242218792438507
1.0425531914893615,5.261833489997709,-0.6818537747173059,-0.6818537747173059,0.046880530861059366,-1.4938799142837524,1.4817336797714233,1.766056776046753,-0.5913522243499756,0.2472141981124878,-0.21253636479377747,0.02926584519445896,-0.24133040010929108
1.0469336670838547,5.769299414161492,-0.5771760454176764,-0.5771760454176764,-0.4319571136253811,-1.4873892068862915,1.4906551837921143,1.7634663581848145,-0.5891475677490234,0.24628318846225739,-0.2338177114725113,0.02820870280265808,-0.1078486293554306
1.051314142678348,6.3829064435980705,-0.27652669542615027,-0.27652669542615027,-0.33886821012294754,-1.480859398841858,1.500050663948059,1.7608855962753296,-0.5939008593559265,0.24525895714759827,-0.23805856704711914,0.027736274525523186,-0.09629582613706589
1.055694618272841,6.024626302305243,-0.6099368860113902,-0.6099368860113902,0.389517968247573,-1.4742884635925293,1.5104918479919434,1.7582839727401733,-0.5913197994232178,0.24421614408493042,-0.2362380027770996,0.027314452454447746,-0.044723737984895706
1.0600750938673342,7.692780952478108,-0.2596794912063111,-0.2596794912063111,-0.38689620824425996,-1.4676717519760132,1.5207562446594238,1.7556936740875244,-0.5746641755104065,0.24318130314350128,-0.26542526483535767,0.027118541300296783,0.2017994374036789
1.0644555694618272,6.410241365887611,-0.2793366891503535,-0.2793366891503535,-0.2832289728918417,-1.4610100984573364,1.533258318901062,1.7531763315200806,-0.5622004866600037,0.24201861023902893,-0.26171013712882996,0.02800251916050911,0.27001112699508667
1.0688360450563203,8.061123826578335,-0.8989363887261045,-0.8989363887261045,-0.5873936447696496,-1.4542937278747559,1.5436723232269287,1.750713586807251,-0.5580446720123291,0.24087218940258026,-0.2615964710712433,0.029185296967625618,0.33783820271492004
1.0732165206508135,7.118700721844255,-0.610450177813788,-0.610450177813788,-0.5085360744276776,-1.4475317001342773,1.5565673112869263,1.7482690811157227,-0.5471464991569519,0.23972627520561218,-0.2706944942474365,0.030665189027786255,0.35874325037002563
1.0775969962453065,6.465127361945196,-0.2958038368798676,-0.2958038368798676,-0.3253325544806923,-1.4407131671905518,1.5679221153259277,1.7458723783493042,-0.5422875285148621,0.23854050040245056,-0.2736707031726837,0.03223665431141853,0.38013631105422974
1.0819774718397996,6.253589741308565,-0.9481949038980062,-0.9481949038980062,-0.4651652697912825,-1.4338449239730835,1.578300952911377,1.7434968948364258,-0.5386032462120056,0.23734168708324432,-0.27280837297439575,0.03390183299779892,0.43772244453430176
1.0863579474342928,5.586704663194154,-0.3634894378429261,-0.3634894378429261,-0.18484050952009018,-1.4269312620162964,1.588199257850647,1.7411375045776367,-0.5399524569511414,0.23614665865898132,-0.2869143784046173,0.035819265991449356,0.45154476165771484
1.090738423028786,5.4611169754162034,-0.9460627288530589,-0.9460627288530589,-0.2929638864670583,-1.4199742078781128,1.597206711769104,1.7387722730636597,-0.5403196215629578,0.23488983511924744,-0.2921314835548401,0.037797246128320694,0.5283175706863403
1.0951188986232792,5.338332960944425,-0.2587426336910107,-0.2587426336910107,0.1578067472441897,-1.412977695465088,1.6059099435806274,1.736405372619629,-0.5442584156990051,0.2336101531982422,-0.31120404601097107,0.04011152684688568,0.5721341371536255
1.099499374217772,6.1876392071523485,-0.3561801647834255,-0.3561801647834255,-0.9256521065387335,-1.4059430360794067,1.6148194074630737,1.7340213060379028,-0.5386559963226318,0.23224693536758423,-0.3233686089515686,0.04261774569749832,0.738926351070404
1.1038798498122653,6.587602953473684,-0.8373524847900919,-0.8373524847900919,-0.6260502805729576,-1.3988693952560425,1.6240869760513306,1.7316616773605347,-0.5512669086456299,0.23083043098449707,-0.3067382276058197,0.0458545945584774,0.623205840587616
1.1082603254067585,4.260463309721956,-0.6617489904765671,-0.6617489904765671,-0.7576652502932757,-1.3917551040649414,1.634175419807434,1.7292468547821045,-0.553470253944397,0.22948677837848663,-0.31290891766548157,0.048584531992673874,0.6003779172897339
1.1126408010012514,6.446058429611973,-0.4734266154925655,-0.4734266154925655,-0.3941383451655841,-1.384596586227417,1.6402983665466309,1.7268223762512207,-0.5783212780952454,0.22811609506607056,-0.31010785698890686,0.05121447145938873,0.48730701208114624
1.1170212765957446,5.754133499129069,-0.47185192478926063,-0.47185192478926063,-0.7706572425220191,-1.3774112462997437,1.6502571105957031,1.724289059638977,-0.5762397646903992,0.22675767540931702,-0.31242331862449646,0.05334910750389099,0.5261130928993225
1.1214017521902375,6.185052938726405,-0.7806912269863855,-0.7806912269863855,-1.0742738762408703,-1.3701822757720947,1.6586031913757324,1.7217648029327393,-0.588779866695404,0.22538910806179047,-0.30369725823402405,0.055653732270002365,0.44403403997421265
1.125782227784731,6.307511396525283,-0.5114100474406442,-0.5114100474406442,-0.3361132194239826,-1.3629168272018433,1.6671451330184937,1.719185709953308,-0.6047723889350891,0.22405877709388733,-0.29512372612953186,0.057598814368247986,0.28732192516326904
1.130162703379224,8.234305884578273,-0.9317125785005255,-0.9317125785005255,-0.5546745175977966,-1.3556139469146729,1.6767572164535522,1.716536521911621,-0.6024379134178162,0.2227659970521927,-0.30024296045303345,0.058857422322034836,0.33937713503837585
1.134543178973717,6.523938573818261,-0.8052833586435414,-0.8052833586435414,-0.8408702444519647,-1.348268985748291,1.6890869140625,1.7138975858688354,-0.5889527797698975,0.2214507907629013,-0.3112536668777466,0.06034405529499054,0.3750966191291809
1.1389236545682102,5.949935652157287,-0.6832920676253231,-0.6832920676253231,-0.2636838928204576,-1.3408700227737427,1.6982545852661133,1.7113176584243774,-0.5965685248374939,0.22008734941482544,-0.31021443009376526,0.06198715791106224,0.2915216386318207
1.1433041301627034,4.552351993848812,-0.5259923583201016,-0.5259923583201016,-0.0837214246733397,-1.3334308862686157,1.7072674036026,1.7087043523788452,-0.5955048203468323,0.2187284678220749,-0.3224683105945587,0.0632641613483429,0.3556993007659912
1.1476846057571963,6.155859708672147,-0.3956516012371847,-0.3956516012371847,-0.7580969844686383,-1.3259522914886475,1.714326024055481,1.706095814704895,-0.6020132303237915,0.2173158973455429,-0.3353840112686157,0.06482229381799698,0.43776100873947144
1.1520650813516895,6.948707209952041,-0.39128473382369755,-0.39128473382369755,-1.098894282730623,-1.318442702293396,1.7228577136993408,1.7034586668014526,-0.610744059085846,0.21584676206111908,-0.32479944825172424,0.06673989444971085,0.3689485788345337
1.156445556946183,5.857706983299955,-1.3970950880811914,-1.3970950880811914,-0.3112014425563221,-1.3108958005905151,1.7320003509521484,1.700783371925354,-0.6207268834114075,0.2144239842891693,-0.3041349947452545,0.06835606694221497,0.22354471683502197
1.1608260325406758,6.427034240585774,-0.6769639505295568,-0.6769639505295568,-0.8562302829167617,-1.3033088445663452,1.7405980825424194,1.6980643272399902,-0.6214854121208191,0.21309173107147217,-0.33584654331207275,0.06933529675006866,0.2725863456726074
1.165206508135169,5.487434059476892,-0.5602537438470045,-0.5602537438470045,-0.24204537168682058,-1.2956842184066772,1.7491517066955566,1.695341944694519,-0.6301618814468384,0.21162056922912598,-0.3306114077568054,0.07052935659885406,0.18288284540176392
1.169586983729662,6.162695180066933,-0.34572921283958113,-0.34572921283958113,-0.7206030900203937,-1.2880221605300903,1.75719153881073,1.6925815343856812,-0.6324028372764587,0.21017234027385712,-0.3399040997028351,0.0713304728269577,0.24271629750728607
1.1739674593241551,7.285750856810852,-0.6975791580976207,-0.6975791580976207,-0.9115772065532861,-1.2803248167037964,1.765425682067871,1.6898113489151,-0.6401076316833496,0.20868340134620667,-0.32895660400390625,0.07239368557929993,0.18480472266674042
1.1783479349186483,5.204341482992314,-0.8845698538252494,-0.8845698538252494,0.08188879616792716,-1.272591471672058,1.7749698162078857,1.6870074272155762,-0.6427586078643799,0.20724241435527802,-0.3227071762084961,0.07320322096347809,0.09976278990507126
1.1827284105131413,5.634736499070952,-0.22904309255821742,-0.22904309255821742,-0.12839490110038804,-1.2648162841796875,1.782985806465149,1.6841918230056763,-0.6397797465324402,0.20582880079746246,-0.3509308397769928,0.07364022731781006,0.2434835135936737
1.1871088861076344,5.786138170414012,-0.9606213080395776,-0.9606213080395776,-0.23239712547951213,-1.2570059299468994,1.7912622690200806,1.681389331817627,-0.6380624175071716,0.20429155230522156,-0.35387009382247925,0.0747068002820015,0.33858996629714966
1.1914893617021276,7.332977215996219,-0.8800821583812938,-0.8800821583812938,-1.2022239508721322,-1.249159336090088,1.799556016921997,1.6785943508148193,-0.6374806761741638,0.20274142920970917,-0.3751365542411804,0.07618998736143112,0.40825599431991577
1.1958698372966208,7.395822714875859,-0.5443794869009095,-0.5443794869009095,-0.18886428995685045,-1.2412763833999634,1.8083927631378174,1.6758018732070923,-0.6464486122131348,0.20109815895557404,-0.3657290041446686,0.07797834277153015,0.24347476661205292
1.200250312891114,7.030882713718765,-1.0747419237718285,-1.0747419237718285,-0.6398666283830223,-1.2333548069000244,1.8190306425094604,1.672970175743103,-0.6311783790588379,0.1994960904121399,-0.3761111795902252,0.0790448784828186,0.3628334105014801
1.204630788485607,5.847979296870543,-0.941832029809241,-0.941832029809241,-0.63799851915345,-1.225386619567871,1.8282562494277954,1.6702053546905518,-0.6295208930969238,0.19784854352474213,-0.388810932636261,0.08063425868749619,0.3479818105697632
1.2090112640801,5.426822015303645,-0.5572091899863489,-0.5572091899863489,-0.27581391227296526,-1.21737802028656,1.8356701135635376,1.667447805404663,-0.6378266215324402,0.19614537060260773,-0.3976838290691376,0.08215858787298203,0.3061801493167877
1.2133917396745932,6.31236205598374,-0.7048905709192964,-0.7048905709192964,-0.25696358723977397,-1.2093368768692017,1.8430864810943604,1.6646537780761719,-0.6412251591682434,0.19440332055091858,-0.4059014618396759,0.08349980413913727,0.35562825202941895
1.2177722152690862,5.552000091862207,-0.6840994180199109,-0.6840994180199109,0.17089336185562765,-1.2012633085250854,1.8517792224884033,1.6618448495864868,-0.6366572976112366,0.1926252841949463,-0.4189823567867279,0.08505762368440628,0.4310048520565033
1.2221526908635794,6.413658042813189,-0.4989666635348795,-0.4989666635348795,-0.4467525056017486,-1.193151593208313,1.86018705368042,1.6590559482574463,-0.6285336017608643,0.19078993797302246,-0.4439508616924286,0.08694563060998917,0.6080374121665955
1.2265331664580723,5.323513724519239,-0.42326422519005896,-0.42326422519005896,-0.41003665303941383,-1.1850030422210693,1.8686014413833618,1.6563026905059814,-0.6275086998939514,0.1888452172279358,-0.44547566771507263,0.08960912376642227,0.6329591274261475
1.2309136420525657,4.364820899557796,-1.0937635689184873,-1.0937635689184873,-0.8079671281876952,-1.1768176555633545,1.8754750490188599,1.6535539627075195,-0.634863555431366,0.18689382076263428,-0.44586196541786194,0.0923817828297615,0.6427655816078186
1.2352941176470589,7.12645589088892,-1.0728301421168385,-1.0728301421168385,-0.4287062006437805,-1.1686022281646729,1.880068302154541,1.6507729291915894,-0.6596316695213318,0.18494074046611786,-0.4542081356048584,0.0951974019408226,0.5192853808403015
1.2396745932415518,6.010645254170831,-0.889249097260135,-0.889249097260135,-0.7702699222341821,-1.1603666543960571,1.8892651796340942,1.647883415222168,-0.6520646810531616,0.18295109272003174,-0.4730185866355896,0.09747211635112762,0.5660837888717651
1.244055068836045,6.174793201463052,-0.7639591863341179,-0.7639591863341179,0.08053723183940781,-1.1520907878875732,1.8960535526275635,1.6450270414352417,-0.6619293689727783,0.18087904155254364,-0.47649314999580383,0.099951833486557,0.4916330575942993
1.2484355444305382,7.259620090391093,-0.6234235640130514,-0.6234235640130514,-0.20877572170847508,-1.1437851190567017,1.9049351215362549,1.642127513885498,-0.6505333781242371,0.17879177629947662,-0.5011551380157471,0.10210542380809784,0.6583424806594849
1.2528160200250311,6.909880268943857,-0.9447567808281192,-0.9447567808281192,-0.4531238252781595,-1.1354405879974365,1.9146432876586914,1.6392778158187866,-0.636647641658783,0.1765964776277542,-0.5132641792297363,0.10498927533626556,0.7697680592536926
1.2571964956195243,5.776442527240103,-0.7062785537028525,-0.7062785537028525,-0.7087850845031993,-1.1270534992218018,1.9232513904571533,1.6364890336990356,-0.6314180493354797,0.1743481308221817,-0.5276214480400085,0.10836122930049896,0.804938018321991
1.2615769712140177,6.6404425958883575,-0.9861741181143336,-0.9861741181143336,-0.25505420743466234,-1.118628740310669,1.9295904636383057,1.6337231397628784,-0.6417720317840576,0.17203690111637115,-0.5275482535362244,0.11188723891973495,0.7423646450042725
1.2659574468085106,5.6870289584548495,-0.3448469662535316,-0.3448469662535316,-0.21731807062343358,-1.1101762056350708,1.9381502866744995,1.6309118270874023,-0.6341782808303833,0.16972598433494568,-0.5488992929458618,0.11513914912939072,0.8265906572341919
1.2703379224030038,5.454419725457144,-0.8112964914354571,-0.8112964914354571,-0.19495676489083025,-1.1016862392425537,1.9454950094223022,1.628133773803711,-0.6338120102882385,0.16732154786586761,-0.5526235699653625,0.11876001209020615,0.8990775346755981
1.2747183979974968,5.486601663276462,-0.742891620829232,-0.742891620829232,-0.5195017454294631,-1.093164086341858,1.9525679349899292,1.6253573894500732,-0.6348968744277954,0.1649007946252823,-0.5706226229667664,0.12269839644432068,0.9723965525627136
1.27909887359199,5.830688736817126,-0.006657431092435329,-0.006657431092435329,-0.795492235605498,-1.084610939025879,1.9587405920028687,1.6225762367248535,-0.6432495713233948,0.1624011993408203,-0.5771462917327881,0.1269579529762268,0.9559972882270813
1.283479349186483,6.194165106009452,-0.3157918357395738,-0.3157918357395738,-0.12556593194513643,-1.0760307312011719,1.9644430875778198,1.6197584867477417,-0.6550679206848145,0.15987302362918854,-0.5541098117828369,0.1311456710100174,0.8707233667373657
1.287859824780976,6.32306680998785,-0.7565893696284677,-0.7565893696284677,-0.7969017145790522,-1.0674254894256592,1.97249436378479,1.6168889999389648,-0.6481930017471313,0.1574457585811615,-0.5596650242805481,0.1349598467350006,0.980822741985321
1.2922403003754692,6.007539002639443,-0.6866691608409334,-0.6866691608409334,-0.13846958409007848,-1.058785080909729,1.9786078929901123,1.6140495538711548,-0.6558086276054382,0.1549941599369049,-0.5584877729415894,0.1392563134431839,0.9067443013191223
1.2966207759699624,6.077992499921864,-0.0924928906629543,-0.0924928906629543,-0.7140428073809666,-1.05011785030365,1.9862735271453857,1.61117684841156,-0.6508053541183472,0.1525477170944214,-0.5744969248771667,0.14322829246520996,1.008913516998291
1.3010012515644556,6.774387200661024,-0.6765564922451367,-0.6765564922451367,-0.12289497471769156,-1.0414170026779175,1.9921129941940308,1.6083259582519531,-0.6585534811019897,0.15003114938735962,-0.5563457012176514,0.14764781296253204,0.9522299766540527
1.3053817271589487,8.217552845045365,-0.6488421362166752,-0.6488421362166752,-0.5675379765624389,-1.0326906442642212,2.000723361968994,1.6054412126541138,-0.6466331481933594,0.14759409427642822,-0.5725143551826477,0.15181903541088104,1.0767327547073364
1.3097622027534417,6.060107872228672,-0.6834275385765655,-0.6834275385765655,-0.48710496246097457,-1.0239264965057373,2.009626626968384,1.6026086807250977,-0.6327070593833923,0.14508621394634247,-0.5748887062072754,0.15653564035892487,1.111057162284851
1.3141426783479349,6.069533542274488,-0.360355489036856,-0.360355489036856,-0.6625349537255745,-1.0151233673095703,2.015989303588867,1.599837064743042,-0.635317325592041,0.1425679326057434,-0.5806219577789307,0.1614025980234146,1.1172394752502441
1.318523153942428,7.077726841095054,-0.23813385259556452,-0.23813385259556452,-0.4373481221766418,-1.0062923431396484,2.0216095447540283,1.597054123878479,-0.6418955326080322,0.14002452790737152,-0.5717973709106445,0.16629663109779358,1.0747030973434448
1.322903629536921,6.7699288988185895,-0.5952780188171907,-0.5952780188171907,-0.4367445476690011,-0.9974367618560791,2.0292153358459473,1.5942423343658447,-0.634645938873291,0.13751977682113647,-0.5659796595573425,0.17100434005260468,1.118564248085022
1.327284105131414,6.936038570494834,-0.2749643511667921,-0.2749643511667921,-0.28637047940346444,-0.9885478615760803,2.0363736152648926,1.591462254524231,-0.6300067901611328,0.1350405216217041,-0.5706093311309814,0.17590418457984924,1.1553479433059692
1.331664580725907,7.173366300358943,-0.3824948333311269,-0.3824948333311269,-0.37336028582186004,-0.9796275496482849,2.044288396835327,1.5887025594711304,-0.620478630065918,0.1325409859418869,-0.5702762603759766,0.18096515536308289,1.2379143238067627
1.3360450563204005,6.493692014752449,-0.37280517320999085,-0.37280517320999085,-0.7261386267334979,-0.970672607421875,2.052119493484497,1.5859845876693726,-0.6109415292739868,0.1300429105758667,-0.5705429911613464,0.1863878071308136,1.3017220497131348
1.3404255319148937,5.638260879579466,-0.27845877179105555,-0.27845877179105555,-0.3868750505757283,-0.9616833329200745,2.057551145553589,1.5833083391189575,-0.6153391599655151,0.12754365801811218,-0.5602245330810547,0.1920899748802185,1.2511729001998901
1.3448060075093866,5.5798305683404275,-1.204581567007448,-1.204581567007448,-0.37481133758977875,-0.9526702761650085,2.0632760524749756,1.5806128978729248,-0.619212806224823,0.1250896155834198,-0.5570584535598755,0.19757071137428284,1.2751542329788208
1.3491864831038798,6.87461417216569,-0.512085283104935,-0.512085283104935,-0.7757398631234969,-0.9436321258544922,2.068924903869629,1.5779004096984863,-0.6233116388320923,0.1226494312286377,-0.5812903642654419,0.2031565010547638,1.3010622262954712
1.353566958698373,5.970451954365061,-0.49256743202512043,-0.49256743202512043,-0.27031627439245376,-0.934569239616394,2.0741894245147705,1.5751700401306152,-0.6255753040313721,0.12010310590267181,-0.5735908150672913,0.2088557779788971,1.2453279495239258
1.357947434292866,7.048397784785756,-1.241114072587588,-1.241114072587588,-0.8416972198371133,-0.9254832863807678,2.080625295639038,1.5724297761917114,-0.6239439845085144,0.11759050190448761,-0.5800812244415283,0.2143109142780304,1.3093253374099731
1.362327909887359,6.123639481457333,-0.6396592707358355,-0.6396592707358355,-0.16013063291023316,-0.9163691401481628,2.0854904651641846,1.5696965456008911,-0.6262251734733582,0.11504946649074554,-0.5917454361915588,0.22004638612270355,1.2390198707580566
1.3667083854818525,7.435184419868817,-0.7170930012593077,-0.7170930012593077,-0.5513284477825726,-0.907233715057373,2.0925209522247314,1.566953420639038,-0.6207799911499023,0.11245734244585037,-0.6057491898536682,0.22547388076782227,1.3370964527130127
1.3710888610763454,6.953858284972923,-0.7129065091005469,-0.7129065091005469,-0.15898097619291662,-0.8980674743652344,2.099081516265869,1.5642341375350952,-0.6131253242492676,0.10980387032032013,-0.6105900406837463,0.231331005692482,1.356494426727295
1.3754693366708386,7.5233980216089185,-0.5777775149978116,-0.5777775149978116,-0.5566088883838232,-0.888872504234314,2.10707688331604,1.5615483522415161,-0.6006309390068054,0.10712919384241104,-0.6267664432525635,0.23727309703826904,1.4739383459091187
1.3798498122653315,7.192095141143901,-0.4732890694317297,-0.4732890694317297,-0.0027869052108664416,-0.8796424865722656,2.1135971546173096,1.5589172840118408,-0.5923911333084106,0.10438366234302521,-0.6273846626281738,0.24372965097427368,1.4935517311096191
1.3842302878598247,6.411118249898026,-0.6475490735348519,-0.6475490735348519,-0.9270042265863734,-0.8703839182853699,2.1227526664733887,1.5563223361968994,-0.5743913650512695,0.1016354188323021,-0.6411248445510864,0.25027212500572205,1.6597068309783936
1.388610763454318,5.7133655259598735,-0.11422377680580242,-0.11422377680580242,-0.3694299857574378,-0.8610852360725403,2.1257777214050293,1.553806185722351,-0.5841046571731567,0.09882698953151703,-0.6329638957977295,0.2575424313545227,1.5497899055480957
1.3929912390488108,6.328056164306019,-0.24375806667375605,-0.24375806667375605,-0.0136926520277324,-0.8517733216285706,2.1310105323791504,1.551247477531433,-0.5870795845985413,0.096054308116436,-0.6255110502243042,0.26433125138282776,1.5789886713027954
1.397371714643304,6.8090867170361316,-0.4438147285943747,-0.4438147285943747,-0.09036542562047195,-0.8424384593963623,2.139063596725464,1.548675775527954,-0.5768064260482788,0.0933142751455307,-0.6322296857833862,0.2712479829788208,1.7213901281356812
1.4017521902377972,7.376025044287699,-0.6721976290094697,-0.6721976290094697,-0.827932624755978,-0.8330683708190918,2.147307872772217,1.5461491346359253,-0.5642611980438232,0.09054480493068695,-0.6425515413284302,0.2787884771823883,1.853258728981018
1.4061326658322904,6.376036044359593,-0.5461468894533887,-0.5461468894533887,-0.7131034900636097,-0.8236621618270874,2.1515510082244873,1.5436774492263794,-0.5636129975318909,0.08773012459278107,-0.6380035877227783,0.2869066298007965,1.7921888828277588
1.4105131414267835,5.569155916032346,-0.0953589604366335,-0.0953589604366335,-0.417658636793567,-0.8142373561859131,2.155158281326294,1.5412085056304932,-0.5688589811325073,0.08493536710739136,-0.6331279277801514,0.29475727677345276,1.7398045063018799
1.4148936170212765,6.672223313875681,-0.6910371433352842,-0.6910371433352842,-0.5164264698563322,-0.8047967553138733,2.1596429347991943,1.5387166738510132,-0.5743137001991272,0.08216196298599243,-0.6237157583236694,0.30237844586372375,1.7509937286376953
1.4192740926157696,7.4241012473334465,-0.6411537661677303,-0.6411537661677303,0.05919338342763064,-0.7953364849090576,2.164580821990967,1.5362008810043335,-0.5726646780967712,0.07942979037761688,-0.6288149356842041,0.3100486397743225,1.7595782279968262
1.4236545682102628,6.759862535520971,-0.6768847094529126,-0.6768847094529126,-0.16599222810407493,-0.7858545780181885,2.1743547916412354,1.5336923599243164,-0.5518376231193542,0.07667528092861176,-0.649267315864563,0.31775641441345215,1.9454830884933472
1.4280350438047558,7.349689538686562,-0.6242277790197885,-0.6242277790197885,-0.5477599864096829,-0.7763298749923706,2.1819498538970947,1.5312750339508057,-0.5417882800102234,0.07383117824792862,-0.6641870141029358,0.32627856731414795,2.0530450344085693
1.432415519399249,7.265683523882999,-0.6811233749352781,-0.6811233749352781,-0.27256654247033063,-0.7667719125747681,2.1874072551727295,1.5289016962051392,-0.5353448390960693,0.07092172652482986,-0.6664201021194458,0.3352718949317932,2.0670862197875977
1.436795994993742,6.697756981725404,-0.27998460240580775,-0.27998460240580775,-0.5312441278589721,-0.7571900486946106,2.194763660430908,1.5265566110610962,-0.5235742330551147,0.06800249218940735,-0.6783512830734253,0.3443267047405243,2.1554484367370605
1.4411764705882353,7.276751322493955,-0.27613412999052545,-0.27613412999052545,-0.4455749382128587,-0.7475759387016296,2.1994850635528564,1.5242631435394287,-0.5224112272262573,0.06503099203109741,-0.6710137128829956,0.35376858711242676,2.158320665359497
1.4455569461827285,6.063316414084853,-0.2909784908889687,-0.2909784908889687,-0.19339758167150123,-0.7379411458969116,2.2053840160369873,1.5219746828079224,-0.5145442485809326,0.062091633677482605,-0.666065514087677,0.36322304606437683,2.197549343109131
1.4499374217772214,6.6362693200204,-0.3632715186534017,-0.3632715186534017,-0.008455235637636116,-0.7282805442810059,2.2119925022125244,1.5197207927703857,-0.5114364624023438,0.05917394906282425,-0.6689152121543884,0.37284934520721436,2.279330253601074
1.4543178973717146,7.167742195510117,-0.8495746857980767,-0.8495746857980767,-0.3202186338971882,-0.7185909748077393,2.220843553543091,1.517480492591858,-0.49960842728614807,0.05624378100037575,-0.6792769432067871,0.38283389806747437,2.424921751022339
1.4586983729662075,6.275831176669797,-0.24250870293686352,-0.24250870293686352,-1.1182830318217052,-0.7088626027107239,2.2277257442474365,1.5152919292449951,-0.49030494689941406,0.053268224000930786,-0.6947358250617981,0.39345622062683105,2.4947350025177
1.4630788485607007,6.669916605103467,-0.07689617199170407,-0.07689617199170407,0.3851031211965531,-0.6991041302680969,2.2264857292175293,1.5131441354751587,-0.5058795213699341,0.05022495239973068,-0.6691604256629944,0.4043843448162079,2.321531057357788
1.467459324155194,5.606264798615632,-0.007281020938315064,-0.007281020938315064,-1.120511482944709,-0.6893510818481445,2.238938808441162,1.5109281539916992,-0.4856584668159485,0.047293711453676224,-0.6826522946357727,0.41455376148223877,2.5755536556243896
1.471839799749687,5.823445242656348,-0.0784689015338555,-0.0784689015338555,-0.3280332615268436,-0.6795434355735779,2.2365119457244873,1.508800745010376,-0.5069380402565002,0.04430336877703667,-0.6501424312591553,0.42583590745925903,2.385702133178711
1.4762202753441802,5.523121137650504,-0.048322320242653094,-0.048322320242653094,-0.42062855491970486,-0.669746458530426,2.241358995437622,1.506580114364624,-0.5093523859977722,0.04145543649792671,-0.6428543329238892,0.43628641963005066,2.4208946228027344
1.4806007509386734,6.77461372111366,-0.5081940561114993,-0.5081940561114993,0.1502774574071739,-0.6599282622337341,2.2449159622192383,1.504348874092102,-0.5163329243659973,0.038639429956674576,-0.6319817900657654,0.44689109921455383,2.4230797290802
1.4849812265331663,6.4170471685324175,-0.3780317524434408,-0.3780317524434408,-0.9279064090178064,-0.6500944495201111,2.255422592163086,1.502087116241455,-0.5009516477584839,0.03587104752659798,-0.6512112617492676,0.45750534534454346,2.6107211112976074
1.4893617021276595,7.042269830221106,-0.030880705444829903,-0.030880705444829903,-0.5915292411252037,-0.6402146220207214,2.2546937465667725,1.4998927116394043,-0.5115044116973877,0.033018432557582855,-0.6351531744003296,0.4689415395259857,2.4891765117645264
1.493742177722153,6.857602636696539,0.5507471540572754,0.5507471540572754,-0.014189255669837031,-0.6303380131721497,2.257693290710449,1.4976520538330078,-0.5098016262054443,0.03023615851998329,-0.6187804341316223,0.4798453152179718,2.473830223083496
1.4981226533166456,7.1532515262598215,-0.006326905294029572,-0.006326905294029572,-1.1270160193720775,-0.6204482316970825,2.2665345668792725,1.495418906211853,-0.49768567085266113,0.027525605633854866,-0.6022825241088867,0.49068185687065125,2.614626169204712
1.5025031289111388,6.816860327044815,0.0006176056141995456,0.0006176056141995456,-0.3496452834111058,-0.6105197072029114,2.2635579109191895,1.4932388067245483,-0.5064206719398499,0.024887321516871452,-0.56955486536026,0.502135157585144,2.450317859649658
1.506883604505632,7.320619709931541,-0.42317376250097105,-0.42317376250097105,-0.5636239649125169,-0.600604236125946,2.268421173095703,1.4910204410552979,-0.5018178224563599,0.022392399609088898,-0.5593260526657104,0.5128687024116516,2.4947280883789062
1.5112640801001251,6.26348951099027,0.5335122498564865,0.5335122498564865,-0.7023167620877087,-0.5906674861907959,2.271268367767334,1.4888222217559814,-0.49761858582496643,0.019942285493016243,-0.5552244782447815,0.523796796798706,2.488896131515503
1.5156445556946183,6.144037071535951,-0.5779449839626576,-0.5779449839626576,-0.722000007072554,-0.5807182788848877,2.2712454795837402,1.4866423606872559,-0.5049402713775635,0.01751013845205307,-0.5191343426704407,0.5346993207931519,2.421593189239502
1.5200250312891113,6.707975350706692,0.07413796705147999,0.07413796705147999,-0.0234937959264937,-0.5707691311836243,2.2705564498901367,1.4844304323196411,-0.5136255621910095,0.015236083418130875,-0.5149275064468384,0.5453070402145386,2.3454110622406006
1.5244055068836044,6.71672683617917,-0.26526171663196996,-0.26526171663196996,-0.5553648207434345,-0.5608230233192444,2.278595447540283,1.4821804761886597,-0.5037211179733276,0.012980455532670021,-0.5120763778686523,0.5555810332298279,2.474503517150879
1.5287859824780976,6.987498756919965,-0.8232453422644694,-0.8232453422644694,-0.7416141827728882,-0.5508416891098022,2.2802016735076904,1.4799739122390747,-0.5046041011810303,0.010737317614257336,-0.5036044716835022,0.5664205551147461,2.454437494277954
1.5331664580725906,6.285378289909188,-0.13517545464960462,-0.13517545464960462,-0.5758875053637138,-0.5408533215522766,2.27951979637146,1.4777635335922241,-0.5070522427558899,0.008531290106475353,-0.505988359451294,0.5771721601486206,2.386746883392334
1.5375469336670835,7.56470367401079,-0.17963476764032282,-0.17963476764032282,-0.8333964608458424,-0.5308679342269897,2.2799618244171143,1.475542426109314,-0.5118957161903381,0.006314820609986782,-0.49311816692352295,0.5876272320747375,2.350276470184326
1.541927409261577,7.2258647537648475,-0.27989675514322937,-0.27989675514322937,-0.8864214411179403,-0.5208806395530701,2.2780473232269287,1.4733000993728638,-0.5115286111831665,0.004154728725552559,-0.47402626276016235,0.5979225635528564,2.26603627204895
1.54630788485607,6.975483498528577,-0.5282864657980555,-0.5282864657980555,-0.3935269504644423,-0.510901689529419,2.2747552394866943,1.4710593223571777,-0.5148820877075195,0.0020782682113349438,-0.456313818693161,0.6078488826751709,2.1592020988464355
1.5506883604505632,7.68050006367847,-0.30648285211029647,-0.30648285211029647,-0.6867806391300617,-0.5009371638298035,2.2774438858032227,1.468803882598877,-0.510696530342102,7.939664646983147e-05,-0.4602492153644562,0.617307186126709,2.183854341506958
1.5550688360450562,7.04146281474948,0.3582874888722968,0.3582874888722968,-0.4827145646008557,-0.49096086621284485,2.2767035961151123,1.466566801071167,-0.5066196918487549,-0.001936713932082057,-0.44914332032203674,0.6268734931945801,2.1391239166259766
1.5594493116395494,7.2308689579331205,-0.504658247454326,-0.504658247454326,-0.5879394425193624,-0.4809878170490265,2.2779204845428467,1.4643476009368896,-0.5037818551063538,-0.0039041752461344004,-0.42458340525627136,0.6362438797950745,2.1379740238189697
1.5638297872340423,6.511734223521421,0.2955459289348145,0.2955459289348145,-0.6549761007525052,-0.47100943326950073,2.2776856422424316,1.4621407985687256,-0.5015125274658203,-0.0057640522718429565,-0.4221513271331787,0.6456092000007629,2.1099302768707275
1.5682102628285357,7.477254288374957,-0.3073273406739972,-0.3073273406739972,-0.2683781487360059,-0.46103209257125854,2.2756457328796387,1.4599438905715942,-0.5062355995178223,-0.00761327613145113,-0.39439308643341064,0.6548516750335693,2.048642635345459
1.5725907384230289,6.641779950108856,-0.5041321449530874,-0.5041321449530874,-0.43533494280444157,-0.45106369256973267,2.2797341346740723,1.4577263593673706,-0.4961507320404053,-0.009340905584394932,-0.3955305218696594,0.6638256907463074,2.11197829246521
1.5769712140175218,8.800723944802616,0.0002742609073558,0.0002742609073558,-0.7931755779438925,-0.4410773813724518,2.280630111694336,1.4555529356002808,-0.4959007501602173,-0.011073517613112926,-0.3975396156311035,0.6730771660804749,2.1122817993164062
1.581351689612015,7.061754559876874,-0.223028211625185,-0.223028211625185,-0.26355155733615165,-0.4310871362686157,2.2780513763427734,1.4533807039260864,-0.48534366488456726,-0.012814930640161037,-0.3743683695793152,0.6823299527168274,2.050930976867676
1.5857321652065082,7.272278734554543,-0.125519037184897,-0.125519037184897,-0.43637303230556956,-0.4211081862449646,2.281491756439209,1.4512547254562378,-0.47878801822662354,-0.014454842545092106,-0.3731849491596222,0.6913139820098877,2.1045382022857666
1.5901126408010011,5.522872024949505,-0.7960890144974346,-0.7960890144974346,-0.8281721577592809,-0.4111141562461853,2.2824785709381104,1.4491573572158813,-0.4738715589046478,-0.01608956977725029,-0.36410701274871826,0.700532853603363,2.1125712394714355
1.5944931163954943,7.074779513255421,-0.2664218975284119,-0.2664218975284119,-0.4215110204518485,-0.4011158049106598,2.275918483734131,1.4470815658569336,-0.48970890045166016,-0.017684532329440117,-0.3631700873374939,0.7097868919372559,1.9792155027389526
1.5988735919899877,7.912317100988503,-0.013782097040938385,-0.013782097040938385,-0.3749423351844875,-0.3911462128162384,2.276524066925049,1.4449363946914673,-0.48612886667251587,-0.01927538961172104,-0.35864099860191345,0.7184568047523499,1.9855064153671265
1.6032540675844804,5.711904634556095,0.2046224439206304,0.2046224439206304,-0.6682508133497087,-0.3811739683151245,2.2784085273742676,1.4428069591522217,-0.4753253161907196,-0.020846407860517502,-0.34809398651123047,0.7271542549133301,2.0181725025177
1.6076345431789736,5.675738941505239,0.23756439299143045,0.23756439299143045,0.05843343393917294,-0.37119346857070923,2.2738072872161865,1.4407248497009277,-0.4868164360523224,-0.02237122505903244,-0.322603315114975,0.735994815826416,1.9299477338790894
1.6120150187734668,7.495416559912221,-0.24712528221230856,-0.24712528221230856,-0.42666261096654823,-0.361233115196228,2.280346393585205,1.4385923147201538,-0.4859035909175873,-0.02378438040614128,-0.3173721134662628,0.7444489002227783,2.0428154468536377
1.61639549436796,6.016208473543073,-0.3038021818009147,-0.3038021818009147,-0.8967133812625541,-0.35124412178993225,2.280708074569702,1.4364638328552246,-0.47957801818847656,-0.025174621492624283,-0.31212905049324036,0.7533974051475525,2.0501632690429688
1.620775969962453,6.861662872006607,-0.10502066506684365,-0.10502066506684365,-0.37121015956027187,-0.3412535488605499,2.2722220420837402,1.4343630075454712,-0.4927459955215454,-0.026541896164417267,-0.29481416940689087,0.7623780965805054,1.9004734754562378
1.625156445556946,6.9877726160848574,0.035780152110835295,0.035780152110835295,-0.566273336957263,-0.33130013942718506,2.2725398540496826,1.4322046041488647,-0.4903777241706848,-0.027833322063088417,-0.2870405912399292,0.7707030773162842,1.9102675914764404
1.6295369211514392,7.191628395279291,0.31367490412396154,0.31367490412396154,-0.15133966411112315,-0.32134532928466797,2.269653797149658,1.4300565719604492,-0.4904162287712097,-0.029090696945786476,-0.26945871114730835,0.7790709733963013,1.8666224479675293
1.6339173967459324,8.010221568410696,-0.5207378540004413,-0.5207378540004413,-0.47545678911338396,-0.31140315532684326,2.273557662963867,1.4279083013534546,-0.4819941520690918,-0.030271053314208984,-0.2558788061141968,0.7872476577758789,1.9408597946166992
1.6382978723404251,7.5671078659506525,0.11582374859117922,0.11582374859117922,-0.19438014349427413,-0.3014439046382904,2.272674083709717,1.4257969856262207,-0.47289493680000305,-0.0313919261097908,-0.2572011649608612,0.7957495450973511,1.9366861581802368
1.6426783479349183,7.409980542903153,-1.1006103933548743,-1.1006103933548743,-0.25060948640216363,-0.29148849844932556,2.276013135910034,1.4237254858016968,-0.4626294672489166,-0.03251858800649643,-0.24814222753047943,0.8042331337928772,2.0025441646575928
1.6470588235294117,7.949447181427911,-0.14917119536094142,-0.14917119536094142,-0.14189017286987762,-0.28151848912239075,2.278245210647583,1.4216989278793335,-0.4546533524990082,-0.03360556811094284,-0.2729649543762207,0.8130052089691162,2.0489940643310547
1.6514392991239049,6.11946246142914,-0.6429018017169935,-0.6429018017169935,-0.1501381050770583,-0.27153870463371277,2.282649278640747,1.4197072982788086,-0.4410122036933899,-0.034801285713911057,-0.2731775939464569,0.8219807744026184,2.1328635215759277
1.655819774718398,7.217493038125697,0.08093604656332051,0.08093604656332051,-0.39494185522851855,-0.26153960824012756,2.285576581954956,1.4177755117416382,-0.4415189325809479,-0.03599793463945389,-0.2875678539276123,0.8313237428665161,2.1849191188812256
1.660200250312891,7.136691176943408,-0.21225303226589493,-0.21225303226589493,-0.30044103379156134,-0.25152769684791565,2.284987211227417,1.4158414602279663,-0.43781280517578125,-0.03725761920213699,-0.2736707031726837,0.8408946990966797,2.184203863143921
1.6645807259073842,6.946646840064834,-0.8151023463864053,-0.8151023463864053,-0.6313590833400293,-0.24151836335659027,2.2858307361602783,1.4139236211776733,-0.43332597613334656,-0.03845642879605293,-0.271095335483551,0.8504625558853149,2.2072298526763916
1.668961201501877,8.485182771947462,0.15966192763190504,0.15966192763190504,-0.5252054556316655,-0.23150533437728882,2.2805957794189453,1.4120254516601562,-0.4355074167251587,-0.03964395448565483,-0.2764612138271332,0.8601312637329102,2.13377046585083
1.6733416770963705,6.963072267095122,-0.4222308066148085,-0.4222308066148085,-0.39735674203464627,-0.2215152382850647,2.2779972553253174,1.410117745399475,-0.42455729842185974,-0.040854986757040024,-0.25646090507507324,0.869478166103363,2.1109583377838135
1.6777221526908634,7.230999350370158,0.1680496485845694,0.1680496485845694,-0.5837026873630001,-0.21153652667999268,2.276475667953491,1.4082579612731934,-0.4230467677116394,-0.04197840765118599,-0.2571873068809509,0.8787251710891724,2.1002633571624756
1.6821026282853566,6.616742104244601,-0.22105387966683737,-0.22105387966683737,0.1026151270814733,-0.2015644758939743,2.2715961933135986,1.4064048528671265,-0.4224020838737488,-0.04310500994324684,-0.23523375391960144,0.8879253268241882,2.0400593280792236
1.6864831038798498,8.976395817230024,-0.8776967187277656,-0.8776967187277656,-0.679299507590913,-0.1916138082742691,2.278566837310791,1.4045544862747192,-0.4161270260810852,-0.0441354438662529,-0.24468591809272766,0.896861732006073,2.1612610816955566
1.690863579474343,7.9656128155635075,-0.2961870606853409,-0.2961870606853409,0.0204808057721248,-0.1816326081752777,2.272700309753418,1.4027316570281982,-0.40418002009391785,-0.04520728439092636,-0.2504797577857971,0.9063290953636169,2.0957324504852295
1.695244055068836,7.069608948269804,-0.35240538787503056,-0.35240538787503056,-0.8167473359768007,-0.1716770976781845,2.27884840965271,1.40096116065979,-0.38953858613967896,-0.046304505318403244,-0.25972747802734375,0.9155094027519226,2.209808349609375
1.699624530663329,8.185871375518065,-0.11192670218239051,-0.11192670218239051,-0.7135670545337267,-0.16169466078281403,2.2689034938812256,1.3992547988891602,-0.3937337100505829,-0.0474422350525856,-0.24616722762584686,0.9251894354820251,2.0768179893493652
1.7040050062578225,6.493257216442924,-0.23701567568853033,-0.23701567568853033,-0.36495727461983135,-0.15175577998161316,2.2611687183380127,1.3975300788879395,-0.38813984394073486,-0.048520565032958984,-0.22859741747379303,0.934286892414093,1.9858595132827759
1.7083854818523152,8.03193351559126,-0.16897365191261052,-0.16897365191261052,-0.6228684836936018,-0.1418507844209671,2.2587616443634033,1.3958297967910767,-0.3899707496166229,-0.049521930515766144,-0.22486111521720886,0.9429858922958374,1.9684970378875732
1.7127659574468084,7.523667223599892,0.2010743404327238,0.2010743404327238,-0.14976895306293672,-0.1319563388824463,2.252136468887329,1.394121527671814,-0.38418808579444885,-0.05050693079829216,-0.2116059511899948,0.9516088366508484,1.8976880311965942
1.7171464330413015,7.62132400413362,0.028277954838681063,0.028277954838681063,-0.149167423846313,-0.1220909059047699,2.2540178298950195,1.3924386501312256,-0.3756224811077118,-0.05143386498093605,-0.20136021077632904,0.9599215984344482,1.9508819580078125
1.7215269086357947,7.841637093723632,-0.7504101366383253,-0.7504101366383253,0.21358285828159346,-0.11221723258495331,2.255875587463379,1.3907932043075562,-0.3665081560611725,-0.05231591686606407,-0.19617824256420135,0.9684674143791199,2.0040814876556396
1.725907384230288,7.235973580039572,0.1780386653716014,0.1780386653716014,-0.7197798370822077,-0.10233542323112488,2.264761209487915,1.3891876935958862,-0.35115623474121094,-0.053175270557403564,-0.2243298888206482,0.9772462248802185,2.1597118377685547
1.7302878598247808,6.935236932774921,0.2286946865591232,0.2286946865591232,-0.3483848308545603,-0.09241469204425812,2.2552552223205566,1.387649416923523,-0.35278281569480896,-0.05415794253349304,-0.19811074435710907,0.9867067933082581,2.046229600906372
1.734668335419274,6.890417760074445,-0.3106608724442176,-0.3106608724442176,-0.08806619580716021,-0.08253560215234756,2.2525546550750732,1.3861041069030762,-0.35163411498069763,-0.05502576008439064,-0.1812581866979599,0.9956702589988708,2.0312352180480957
1.7390488110137672,7.207450548991661,-0.39194649960028005,-0.39194649960028005,-0.09535929734244611,-0.07266834378242493,2.2547860145568848,1.3845638036727905,-0.34753310680389404,-0.05581975728273392,-0.1877586543560028,1.0045679807662964,2.0869333744049072
1.74342928660826,7.35693983489566,0.07032693992911412,0.07032693992911412,0.46299049167310374,-0.06279131025075912,2.2569363117218018,1.383041501045227,-0.3414298892021179,-0.05664223060011864,-0.19641993939876556,1.0137097835540771,2.1428656578063965
1.7478097622027533,8.395976874990554,-0.28748885821105175,-0.28748885821105175,-0.4569204405634193,-0.05290485545992851,2.270169973373413,1.381545901298523,-0.32752513885498047,-0.05750264227390289,-0.2078869640827179,1.0230965614318848,2.3547184467315674
1.7521902377972465,8.593413321732523,-0.39032977985554773,-0.39032977985554773,-0.028908857414354783,-0.042960431426763535,2.2655251026153564,1.3801112174987793,-0.31796056032180786,-0.05841328576207161,-0.2029390186071396,1.0334113836288452,2.3199381828308105
1.7565707133917396,7.937986056156963,-0.5446909752865049,-0.5446909752865049,-0.5029535419270135,-0.033036354929208755,2.2693190574645996,1.378718376159668,-0.3018776774406433,-0.059302255511283875,-0.21349366009235382,1.0435738563537598,2.4046993255615234
1.7609511889862328,6.931827121625005,-0.2868390409583572,-0.2868390409583572,-0.7780208178769503,-0.02309565804898739,2.2631654739379883,1.3773959875106812,-0.2963203191757202,-0.06023745983839035,-0.21471253037452698,1.0541075468063354,2.3483495712280273
1.7653316645807258,8.161449181390669,-0.14054401133325353,-0.14054401133325353,-0.19310184934209196,-0.013181916438043118,2.2507684230804443,1.3760979175567627,-0.30102986097335815,-0.06117800250649452,-0.2003684639930725,1.064394474029541,2.2029852867126465
1.769712140175219,7.385523236611871,-0.13167595411269556,-0.13167595411269556,0.46949831014651094,-0.003322480246424675,2.2504096031188965,1.374779224395752,-0.29017066955566406,-0.06205571070313454,-0.1988336145877838,1.0740445852279663,2.2315123081207275
1.774092615769712,9.460251389507576,0.287645500472158,0.287645500472158,0.008999141345653272,0.006535384804010391,2.263294219970703,1.373508095741272,-0.2775181829929352,-0.06292669475078583,-0.21638980507850647,1.0838196277618408,2.4353437423706055
1.778473091364205,6.87855170786317,-0.30784421111486493,-0.30784421111486493,0.18231056588017996,0.016449689865112305,2.267317771911621,1.372292399406433,-0.2558789551258087,-0.06387458741664886,-0.2082524448633194,1.0944875478744507,2.5290839672088623
1.7828535669586982,8.932231423872167,0.338264590935414,0.338264590935414,-0.19674771435089042,0.02638161927461624,2.2740983963012695,1.371171474456787,-0.2507958710193634,-0.06478682905435562,-0.22256651520729065,1.105566143989563,2.6445488929748535
1.7872340425531914,7.2574216355050565,-0.3736246708800751,-0.3736246708800751,-0.8908875835262079,0.036343254148960114,2.2734122276306152,1.370072841644287,-0.23572169244289398,-0.06576177477836609,-0.20694245398044586,1.1171505451202393,2.671290636062622
1.7916145181476846,7.497019863299078,0.10807915399764609,0.10807915399764609,-0.186610860311678,0.04630187898874283,2.2574801445007324,1.3690402507781982,-0.23962651193141937,-0.06666827946901321,-0.19183674454689026,1.128852128982544,2.4871768951416016
1.7959949937421775,6.129932356324986,0.41995976414593394,0.41995976414593394,-0.09751702623260569,0.05619071424007416,2.256068468093872,1.3679906129837036,-0.2344144731760025,-0.06750861555337906,-0.18323086202144623,1.139747142791748,2.4995388984680176
1.8003754693366707,7.1114832400049295,-0.025812188248727816,-0.025812188248727816,-0.40951974840305716,0.06607336550951004,2.25610089302063,1.3669637441635132,-0.2379220575094223,-0.06831125169992447,-0.1681188941001892,1.1506962776184082,2.5234310626983643
1.804755944931164,6.698985162225745,-0.6521258645824204,-0.6521258645824204,0.054733007598556205,0.07595615833997726,2.249469041824341,1.3659214973449707,-0.2377483993768692,-0.06904768943786621,-0.1569134145975113,1.161750078201294,2.4666576385498047
1.809136420525657,7.602862999293155,-0.009461180173083533,-0.009461180173083533,-0.4406856972635873,0.08580990135669708,2.252497434616089,1.364880084991455,-0.23602497577667236,-0.06973504275083542,-0.17755593359470367,1.1725552082061768,2.5342817306518555
1.81351689612015,8.591960361624336,-0.17357213394769133,-0.17357213394769133,-0.28200413920687306,0.09567691385746002,2.2448208332061768,1.3638461828231812,-0.2328173965215683,-0.07051282376050949,-0.16496281325817108,1.1836565732955933,2.468874216079712
1.8178973717146432,7.239537013375856,-0.7132773606256736,-0.7132773606256736,-0.4880379660175372,0.10551029443740845,2.2403972148895264,1.3628263473510742,-0.22131690382957458,-0.07123544067144394,-0.16179625689983368,1.1944713592529297,2.452930212020874
1.8222778473091363,6.853441272846522,-0.5004462610597026,-0.5004462610597026,0.11032504425770567,0.11532430350780487,2.231126546859741,1.3618568181991577,-0.22090572118759155,-0.07194418460130692,-0.1683739572763443,1.205216407775879,2.3677942752838135
1.8266583229036293,6.012513613120708,0.2922300035393296,0.2922300035393296,-0.7763867118025156,0.12509769201278687,2.2346487045288086,1.360889196395874,-0.21797747910022736,-0.0726817399263382,-0.18621040880680084,1.2155884504318237,2.4450531005859375
1.831038798498123,7.284241223046392,-0.3963851539438474,-0.3963851539438474,-0.24238498001305758,0.13488651812076569,2.2185423374176025,1.3599343299865723,-0.22827252745628357,-0.07349742949008942,-0.1550034135580063,1.2262989282608032,2.2678210735321045
1.835419274092616,6.18238933375658,-0.19778726828047488,-0.19778726828047488,-0.2989394113022894,0.14460478723049164,2.2138888835906982,1.3589344024658203,-0.22528639435768127,-0.07417641580104828,-0.15950070321559906,1.236233115196228,2.245927572250366
1.8397997496871088,7.910797636289961,-0.20249848048182778,-0.20249848048182778,-0.29970457046279636,0.1543026715517044,2.207792043685913,1.357947587966919,-0.23023945093154907,-0.07487510144710541,-0.15654674172401428,1.2460713386535645,2.1998651027679443
1.844180225281602,7.289032669493491,0.16593987514164624,0.16593987514164624,-0.43893179906485236,0.1639738529920578,2.2014150619506836,1.3569390773773193,-0.22339561581611633,-0.07556085288524628,-0.15370801091194153,1.2557077407836914,2.162128210067749
1.848560700876095,7.22521216192661,0.08838517971842233,0.08838517971842233,0.039175821637010555,0.17361709475517273,2.1917428970336914,1.355960488319397,-0.22175036370754242,-0.07623416930437088,-0.13604384660720825,1.265178918838501,2.080249786376953
1.852941176470588,7.261803240565434,0.4624550101529832,0.4624550101529832,0.18987262009468703,0.18321797251701355,2.1925206184387207,1.3549891710281372,-0.2170318067073822,-0.07683010399341583,-0.13460677862167358,1.2742913961410522,2.1296796798706055
1.8573216520650813,8.938208276021625,-0.01603414534359382,-0.01603414534359382,0.16342118327058894,0.19282226264476776,2.1965348720550537,1.3540384769439697,-0.21118909120559692,-0.07741974294185638,-0.1266465038061142,1.2836203575134277,2.219719886779785
1.8617021276595744,5.962986740778297,-0.468231330339286,-0.468231330339286,-0.8221969271164227,0.2024441361427307,2.1996357440948486,1.3531134128570557,-0.1944522112607956,-0.07797451317310333,-0.13188716769218445,1.2933437824249268,2.308915138244629
1.866082603254068,7.514949409491568,-0.31639220915866884,-0.31639220915866884,-0.3511953584324917,0.21207958459854126,2.1807861328125,1.3522616624832153,-0.2043764889240265,-0.0785522386431694,-0.12155024707317352,1.3034579753875732,2.107316017150879
1.8704630788485608,6.967669295817525,-0.5310119491934566,-0.5310119491934566,-0.13306471836515232,0.2216324657201767,2.172032594680786,1.351366400718689,-0.20049160718917847,-0.07908468693494797,-0.12053388357162476,1.3126890659332275,2.0424294471740723
1.8748435544430535,7.628009465023636,-0.09358435853520082,-0.09358435853520082,0.25332538105601526,0.23114700615406036,2.168107509613037,1.3504881858825684,-0.19888058304786682,-0.07961267977952957,-0.13215520977973938,1.3216358423233032,2.03439998626709
1.879224030037547,7.26593432675389,-0.3914203423087644,-0.3914203423087644,0.12448346350247888,0.24064435064792633,2.1726555824279785,1.3496170043945312,-0.1906196027994156,-0.08019158244132996,-0.14228607714176178,1.3305474519729614,2.135214328765869
1.88360450563204,6.5795490809551485,-0.10836988450115476,-0.10836988450115476,-0.5785599303852078,0.25016161799430847,2.174229383468628,1.348781943321228,-0.18576955795288086,-0.08081486076116562,-0.15735210478305817,1.3399007320404053,2.197071075439453
1.887984981226533,7.182704043077907,-0.6378807425574955,-0.6378807425574955,0.0034463256333452097,0.25968578457832336,2.1597862243652344,1.3479682207107544,-0.18947291374206543,-0.08150413632392883,-0.1436210572719574,1.349524974822998,2.0587799549102783
1.8923654568210264,8.313546973631142,-0.30863812817511993,-0.30863812817511993,0.022566129736762253,0.2691466808319092,2.1582374572753906,1.3471382856369019,-0.1858590692281723,-0.08213326334953308,-0.16234983503818512,1.3585433959960938,2.083193778991699
1.8967459324155196,7.925455414902102,-0.31438476909720603,-0.31438476909720603,0.47391360278272054,0.2786007821559906,2.156627655029297,1.34632408618927,-0.17467543482780457,-0.08284443616867065,-0.1720220446586609,1.3676687479019165,2.114769458770752
1.9011264080100123,6.553968487865753,-0.7426062031300127,-0.7426062031300127,-0.7226695883551553,0.2880478501319885,2.1653075218200684,1.3455588817596436,-0.16406100988388062,-0.08359797298908234,-0.19504286348819733,1.3769325017929077,2.269223213195801
1.9055068836045053,7.629313701015369,0.3108341953255969,0.3108341953255969,-0.43188784220900694,0.29753291606903076,2.146803140640259,1.344840168952942,-0.1684039980173111,-0.08445235341787338,-0.19562508165836334,1.3868727684020996,2.0845894813537598
1.9098873591989989,7.995935607471443,-0.07260514984523055,-0.07260514984523055,-0.3801858502846401,0.30693694949150085,2.134326934814453,1.3441025018692017,-0.16391831636428833,-0.08530928194522858,-0.17393524944782257,1.396004319190979,1.9819025993347168
1.914267834793492,8.242311850707663,0.15306533166336767,0.15306533166336767,-0.17236085286778163,0.3162863254547119,2.1226539611816406,1.3433845043182373,-0.15658222138881683,-0.0860712006688118,-0.16495291888713837,1.4046859741210938,1.892624020576477
1.9186483103879848,6.777117081247369,0.18041159873600773,0.18041159873600773,-0.5038247142282333,0.3255845606327057,2.1154510974884033,1.342698574066162,-0.14664050936698914,-0.08679377287626266,-0.15544945001602173,1.412976622581482,1.8600016832351685
1.923028785982478,7.56617570255191,-0.6640496858442939,-0.6640496858442939,0.26566584326872106,0.3348512351512909,2.1010141372680664,1.3420562744140625,-0.14763060212135315,-0.08747471868991852,-0.13546758890151978,1.4211243391036987,1.730767846107483
1.9274092615769711,8.054974754035529,-0.6214429956027043,-0.6214429956027043,-0.534435861225959,0.3440546691417694,2.103851079940796,1.3414095640182495,-0.14044953882694244,-0.08806812763214111,-0.1626182347536087,1.4287059307098389,1.815878987312317
1.9317897371714643,7.535568350431516,-0.19909404923126456,-0.19909404923126456,-0.10598809482489907,0.3532705307006836,2.087754964828491,1.340794324874878,-0.1328599900007248,-0.0887804701924324,-0.16515912115573883,1.4366602897644043,1.6770299673080444
1.9361702127659572,6.633256499339657,-0.5654711999425488,-0.5654711999425488,-0.22210617474367714,0.3624158799648285,2.081650733947754,1.340212345123291,-0.1271321028470993,-0.0895039439201355,-0.16787810623645782,1.4440064430236816,1.655479907989502
1.9405506883604504,6.330111330583803,0.20868058363690417,0.20868058363690417,-0.22939145521787396,0.3715344965457916,2.073150396347046,1.3396553993225098,-0.12771955132484436,-0.09023933112621307,-0.17790545523166656,1.4512581825256348,1.5993345975875854
1.944931163954944,6.838246658666984,0.17966308109284737,0.17966308109284737,0.0874182623921224,0.38061589002609253,2.0644896030426025,1.339095950126648,-0.1302548497915268,-0.09101863950490952,-0.16511236131191254,1.4582639932632446,1.5397083759307861
1.9493116395494368,7.7980836268132006,0.3527894107857661,0.3527894107857661,-0.0401859252641762,0.3896593451499939,2.0627737045288086,1.338525414466858,-0.12849640846252441,-0.09174191206693649,-0.16241851449012756,1.4650086164474487,1.5675352811813354
1.9536921151439297,7.667672525104516,-0.2521967773795351,-0.2521967773795351,-0.12154315754259107,0.39869529008865356,2.0573911666870117,1.3379625082015991,-0.12074954807758331,-0.09245338290929794,-0.1509423851966858,1.4718751907348633,1.5588953495025635
1.9580725907384229,7.858530778316376,-0.27509184027890576,-0.27509184027890576,0.09014464304655435,0.4077076315879822,2.0500292778015137,1.3374335765838623,-0.1140563115477562,-0.09311458468437195,-0.15475788712501526,1.4787038564682007,1.5261619091033936
1.962453066332916,8.545776832103845,0.2715792017808026,0.2715792017808026,-0.22455846054972636,0.4166877269744873,2.0473318099975586,1.336933970451355,-0.10560014843940735,-0.09379249811172485,-0.1654239445924759,1.4853891134262085,1.5511131286621094
1.9668335419274088,9.03087861446166,-0.4275016404870974,-0.4275016404870974,0.14190088330394207,0.4256560206413269,2.0366945266723633,1.336471438407898,-0.09327474981546402,-0.09451713413000107,-0.15093515813350677,1.4921836853027344,1.4868090152740479
1.9712140175219024,6.811115716036847,-0.33986024584501084,-0.33986024584501084,-0.6806628436271117,0.43457770347595215,2.0341179370880127,1.3360629081726074,-0.0769670158624649,-0.09517829865217209,-0.1675635129213333,1.4986965656280518,1.5230159759521484
1.9755944931163956,6.382618837639264,-0.48497040262000446,-0.48497040262000446,-0.36905277956251115,0.44348812103271484,2.0136497020721436,1.3357257843017578,-0.0768246054649353,-0.09591230750083923,-0.15761099755764008,1.5053681135177612,1.3295096158981323
1.9799749687108883,6.814700188005043,-0.3979871865067771,-0.3979871865067771,0.06332741990983771,0.45230886340141296,2.0006093978881836,1.335389256477356,-0.07874155044555664,-0.09660271555185318,-0.16099615395069122,1.511191964149475,1.2220290899276733
1.9843554443053817,6.777103617707827,-0.5299334319623966,-0.5299334319623966,0.356645361627944,0.46107247471809387,1.997252345085144,1.3350443840026855,-0.07704827934503555,-0.0973079577088356,-0.1744680106639862,1.516545057296753,1.2337816953659058
1.9887359198998744,7.782265496107693,-0.05934448787585214,-0.05934448787585214,0.192261343468245,0.46982139348983765,2.0006723403930664,1.3347069025039673,-0.07525473088026047,-0.09807220846414566,-0.20035892724990845,1.5219496488571167,1.3264055252075195
1.993116395494368,6.8383064995245775,-0.12022121994744892,-0.12022121994744892,0.9980605942891744,0.47858530282974243,1.9993785619735718,1.3343772888183594,-0.06713133305311203,-0.09894987940788269,-0.20770661532878876,1.5277599096298218,1.371048092842102
1.997496871088861,6.375022239199356,-0.06354344914454721,-0.06354344914454721,0.025669758702782514,0.48734351992607117,2.0175294876098633,1.3340831995010376,-0.0645194873213768,-0.09985973685979843,-0.2403639853000641,1.5337657928466797,1.6404293775558472
2.001877346683354,9.360832708018327,-0.1368858356745436,-0.1368858356745436,-0.5694632312111385,0.4961812496185303,2.013148546218872,1.3338005542755127,-0.06626013666391373,-0.10091264545917511,-0.24296928942203522,1.5409516096115112,1.6382066011428833
2.0062578222778478,6.082404429832542,-0.41200155955278306,-0.41200155955278306,-0.34989090278558427,0.5049998164176941,1.9922504425048828,1.3335102796554565,-0.04865705966949463,-0.10197696834802628,-0.23033666610717773,1.5481277704238892,1.4638164043426514
2.0106382978723403,8.356653673429507,-0.4603193516286445,-0.4603193516286445,0.34815361575397963,0.5137268304824829,1.9789987802505493,1.3332971334457397,-0.05234379321336746,-0.10298595577478409,-0.23215049505233765,1.5545400381088257,1.3549450635910034
2.015018773466833,7.002068435647689,-0.1829621620582852,-0.1829621620582852,0.03497971517642037,0.5223957896232605,1.980023741722107,1.3330678939819336,-0.040544942021369934,-0.10400288552045822,-0.25576046109199524,1.5604753494262695,1.4350721836090088
2.0193992490613266,6.447871924675561,-0.5398806785593526,-0.5398806785593526,0.19437595087050472,0.5310692191123962,1.974721908569336,1.332890272140503,-0.03791769593954086,-0.10512323677539825,-0.26212504506111145,1.5667616128921509,1.4294754266738892
2.02377972465582,7.496408138539259,-0.20623165830725948,-0.20623165830725948,0.030118220417646967,0.5397194623947144,1.9734947681427002,1.3327242136001587,-0.03894102945923805,-0.10627146810293198,-0.2835676670074463,1.5730234384536743,1.4684319496154785
2.028160200250313,6.043704922688895,0.38528984932149524,0.38528984932149524,-0.5336170333179928,0.5483642816543579,1.96730637550354,1.3325536251068115,-0.033081356436014175,-0.10751362890005112,-0.29046982526779175,1.579455852508545,1.4578056335449219
2.032540675844806,7.042642767525116,-0.5356987448436393,-0.5356987448436393,-0.3697128064672739,0.5569820404052734,1.9490960836410522,1.3324086666107178,-0.03671373799443245,-0.10878602415323257,-0.2636348307132721,1.5858417749404907,1.2925721406936646
2.036921151439299,6.988326713644998,-0.2343525294115242,-0.2343525294115242,-0.45522493120567087,0.5655199885368347,1.9336190223693848,1.3322478532791138,-0.03353752940893173,-0.10994087159633636,-0.26848214864730835,1.5915038585662842,1.1690791845321655
2.0413016270337923,5.048209438098615,0.2858293052302551,0.2858293052302551,-0.1019788388143271,0.5739901661872864,1.916043996810913,1.3321009874343872,-0.03051278367638588,-0.11111695319414139,-0.2620319724082947,1.5966249704360962,1.0207884311676025
2.045682102628285,7.726162251588493,0.12016445337850437,0.12016445337850437,-0.13227213990915435,0.5823833346366882,1.9085609912872314,1.3319673538208008,-0.04037196934223175,-0.11226477473974228,-0.2507067322731018,1.601096510887146,0.9761961102485657
2.0500625782227786,7.82199777400114,-0.42153884439366884,-0.42153884439366884,-0.5600885920330859,0.5907437205314636,1.897528052330017,1.3317904472351074,-0.032424405217170715,-0.11336299031972885,-0.2433347851037979,1.605372667312622,0.9135794043540955
2.0544430538172715,7.05300109290988,0.1760044115027552,0.1760044115027552,-0.12378761094503615,0.5990557670593262,1.8762378692626953,1.3316484689712524,-0.02343282848596573,-0.11442891508340836,-0.23928868770599365,1.6093745231628418,0.730359673500061
2.0588235294117645,8.255248319309532,-0.22454398219879018,-0.22454398219879018,0.4074362155824919,0.60727459192276,1.8658541440963745,1.3315458297729492,-0.019761385396122932,-0.11547711491584778,-0.23053380846977234,1.6125738620758057,0.6706434488296509
2.063204005006258,6.846209144797566,-0.1812249826182718,-0.1812249826182718,-0.14751739403268624,0.6154479384422302,1.8665117025375366,1.3314592838287354,-0.008600466884672642,-0.11648695915937424,-0.24898964166641235,1.6155116558074951,0.753967821598053
2.067584480600751,8.384521804079668,0.28845344365425973,0.28845344365425973,-0.15493154705516074,0.6236241459846497,1.8555889129638672,1.3314216136932373,-0.006262592971324921,-0.11757764965295792,-0.24997401237487793,1.6188143491744995,0.6870737671852112
2.071964956195244,7.3789123162325625,0.09012528962337174,0.09012528962337174,-0.1422161840922832,0.6317524909973145,1.842686414718628,1.3313941955566406,0.006328863091766834,-0.11867265403270721,-0.23702576756477356,1.621824026107788,0.6114733219146729
2.076345431789737,7.26894716662781,-0.20211225560326193,-0.20211225560326193,0.06145192862067796,0.6398243308067322,1.831083059310913,1.331421971321106,0.012291964143514633,-0.11971093714237213,-0.23024065792560577,1.6245025396347046,0.5426040887832642
2.08072590738423,6.497765284466003,0.08829955853618113,0.08829955853618113,0.6626748715179478,0.6478453278541565,1.8242692947387695,1.331475853919983,0.017311502248048782,-0.12071949988603592,-0.2379375696182251,1.6268794536590576,0.5303449630737305
2.085106382978723,8.688427315504034,0.010128390022519598,0.010128390022519598,0.6692331306415645,0.6558365225791931,1.8323137760162354,1.3315516710281372,0.01643371768295765,-0.12176177650690079,-0.2547111511230469,1.6292026042938232,0.6883653402328491
2.0894868585732165,7.189835375734332,-0.4208223342396944,-0.4208223342396944,-0.15411401920373535,0.663862943649292,1.8378751277923584,1.3316236734390259,0.029963377863168716,-0.12287753075361252,-0.27395910024642944,1.6322180032730103,0.8385096788406372
2.093867334167709,6.7504039720114495,-0.2391275488461559,-0.2391275488461559,-0.44480472084792844,0.6719136834144592,1.8257968425750732,1.3317549228668213,0.03461728245019913,-0.12407760322093964,-0.28174781799316406,1.635891079902649,0.7646492123603821
2.098247809762203,7.040438919722595,0.05192625325842366,0.05192625325842366,0.48841092948474196,0.6799115538597107,1.8073229789733887,1.3319065570831299,0.0368645116686821,-0.12531179189682007,-0.2757413983345032,1.6392406225204468,0.6108510494232178
2.102628285356696,5.952493452963293,0.11367148128781422,0.11367148128781422,0.11147645022880072,0.6878284811973572,1.8102120161056519,1.3320680856704712,0.03965722769498825,-0.12651966512203217,-0.28848811984062195,1.6419163942337036,0.7152861952781677
2.1070087609511887,7.816756125406625,0.3584559852434677,0.3584559852434677,0.48892007722618364,0.695758044719696,1.805508017539978,1.3322417736053467,0.03578536584973335,-0.1277833729982376,-0.288424015045166,1.6450496912002563,0.7189805507659912
2.111389236545682,7.101553255439268,0.18875729276347114,0.18875729276347114,-0.547251287827178,0.7036670446395874,1.807208776473999,1.332398533821106,0.04361610859632492,-0.12904681265354156,-0.29223397374153137,1.648199200630188,0.8185668587684631
2.115769712140175,5.727777602156875,-0.2018188535648334,-0.2018188535648334,-0.02301652998011884,0.7115834951400757,1.7854589223861694,1.3325896263122559,0.04849499836564064,-0.13032694160938263,-0.27074018120765686,1.651784896850586,0.6318312287330627
2.1201501877346685,7.82046181548011,0.6360623543085425,0.6360623543085425,0.287588985321621,0.7194046378135681,1.7775951623916626,1.3328020572662354,0.04341904819011688,-0.13151291012763977,-0.2759617865085602,1.6545525789260864,0.5972548127174377
2.1245306633291614,6.912020781486796,-0.014131893861212212,-0.014131893861212212,0.34060377037977674,0.7271913290023804,1.7741947174072266,1.3329921960830688,0.051640357822179794,-0.13272175192832947,-0.26578524708747864,1.6571688652038574,0.6383038759231567
2.1289111389236544,7.111384641058349,0.012435520815605935,0.012435520815605935,0.5350260173913257,0.7349631190299988,1.7730975151062012,1.3332184553146362,0.053695496171712875,-0.13388602435588837,-0.2761446535587311,1.659964919090271,0.6980807185173035
2.133291614518148,7.160657310835871,0.599989445094949,0.599989445094949,0.2820228694231567,0.7427301406860352,1.7761656045913696,1.33345365524292,0.05662224441766739,-0.13509567081928253,-0.29140594601631165,1.6630228757858276,0.8104181885719299
2.1376720901126407,8.14709150798622,-0.09464379287656514,-0.09464379287656514,-0.03924766835917763,0.750510573387146,1.773139476776123,1.333701729774475,0.06032901257276535,-0.1363721638917923,-0.28212031722068787,1.66657292842865,0.8512448072433472
2.1420525657071336,7.512587843768913,-0.19989679660648993,-0.19989679660648993,-0.2799519283751978,0.7582777738571167,1.761149525642395,1.3339660167694092,0.07126578688621521,-0.13760799169540405,-0.28373804688453674,1.6703017950057983,0.7963679432868958
2.146433041301627,7.3529720350887615,0.5486265542206796,0.5486265542206796,0.5351517506879729,0.7659924626350403,1.7442779541015625,1.3342782258987427,0.07859858870506287,-0.13885089755058289,-0.2814001739025116,1.6737902164459229,0.6769349575042725
2.15081351689612,7.986271280818139,-0.2276681419737286,-0.2276681419737286,-0.019166355652695533,0.7736332416534424,1.746511459350586,1.3346225023269653,0.0830049142241478,-0.14008356630802155,-0.28100666403770447,1.6767555475234985,0.784903883934021
2.155193992490613,5.942866455199067,-0.7056389564100292,-0.7056389564100292,-0.02037681648898268,0.7812837958335876,1.7348072528839111,1.3349860906600952,0.09290552139282227,-0.14131450653076172,-0.2870955765247345,1.6801937818527222,0.7339677810668945
2.1595744680851063,7.492438610399763,0.06669272043378528,0.06669272043378528,0.3048169339747753,0.7888830900192261,1.7258517742156982,1.3353930711746216,0.08927395194768906,-0.14257211983203888,-0.3071073889732361,1.6834088563919067,0.6937288641929626
2.1639549436795997,6.681876261708338,-0.012330887795229381,-0.012330887795229381,0.4928960719311767,0.7964431643486023,1.7221417427062988,1.3357840776443481,0.09511426091194153,-0.14391739666461945,-0.31406137347221375,1.6864477396011353,0.7344087958335876
2.1683354192740927,7.724270025968789,-0.21799620332809932,-0.21799620332809932,0.13241894200282617,0.8039869666099548,1.7238585948944092,1.3362007141113281,0.09502439945936203,-0.14529313147068024,-0.32881560921669006,1.6896648406982422,0.8316715955734253
2.1727158948685856,6.354139240077636,-0.30727446165762334,-0.30727446165762334,0.012571452411231365,0.8115382790565491,1.7155203819274902,1.3366169929504395,0.10278279334306717,-0.14673350751399994,-0.339048832654953,1.6933079957962036,0.8213311433792114
2.1770963704630786,8.04454773296296,0.05626747570922981,0.05626747570922981,0.290856732455512,0.819053053855896,1.7062933444976807,1.3370672464370728,0.10178127139806747,-0.14821870625019073,-0.3483893573284149,1.6969058513641357,0.785222053527832
2.181476846057572,6.90136072520786,-0.1922407975893611,-0.1922407975893611,0.0007604078483824939,0.8265274167060852,1.7008603811264038,1.3375130891799927,0.11123356223106384,-0.14974482357501984,-0.3552401065826416,1.700345516204834,0.8152587413787842
2.185857321652065,6.6149070132685575,0.1480515081393089,0.1480515081393089,-0.3104960109966559,0.833977997303009,1.690276026725769,1.3380002975463867,0.11393027752637863,-0.15130093693733215,-0.3608763515949249,1.7039167881011963,0.7708795070648193
2.1902377972465583,7.28636264603262,0.48572753670847907,0.48572753670847907,0.04139581255982838,0.8413822054862976,1.672772765159607,1.3384993076324463,0.11572620272636414,-0.15288174152374268,-0.3474853038787842,1.7072936296463013,0.6407846808433533
2.1946182728410517,5.535018469573744,-0.13717393406454326,-0.13717393406454326,-0.40653549561856994,0.848709762096405,1.662268877029419,1.3390061855316162,0.12097068130970001,-0.1544038951396942,-0.33450940251350403,1.710100531578064,0.6035970449447632
2.198998748435544,7.635089697976004,0.41012489112390244,0.41012489112390244,0.17469389618511583,0.8559913039207458,1.6440216302871704,1.3395360708236694,0.11603637784719467,-0.15586920082569122,-0.3266431987285614,1.7127445936203003,0.45266610383987427
2.2033792240300376,7.136682320348206,-0.10324169655124352,-0.10324169655124352,0.6017788680551324,0.8631929159164429,1.6358048915863037,1.340044379234314,0.12324687093496323,-0.15730005502700806,-0.31976786255836487,1.714727520942688,0.4488747715950012
2.2077596996245306,7.361069268814837,0.5982684888650492,0.5982684888650492,0.04863681992071327,0.8703585267066956,1.6381824016571045,1.3405842781066895,0.12570035457611084,-0.15870079398155212,-0.340356707572937,1.7166937589645386,0.5670706033706665
2.2121401752190235,7.101298994348999,0.06529569073439154,0.06529569073439154,0.14058617154219688,0.8775345683097839,1.6272461414337158,1.3411349058151245,0.13146595656871796,-0.16019171476364136,-0.3243057131767273,1.7191778421401978,0.5288919806480408
2.216520650813517,7.340140658723994,0.15133019057104208,0.15133019057104208,-0.0344176270943979,0.8846626877784729,1.618747591972351,1.3417108058929443,0.13520245254039764,-0.16161233186721802,-0.3265044391155243,1.7214946746826172,0.5175513029098511
2.22090112640801,6.223887998602741,-0.44435450177392816,-0.44435450177392816,0.2192205775063621,0.8917535543441772,1.605680227279663,1.3423030376434326,0.14114898443222046,-0.1630425751209259,-0.3210800290107727,1.723761796951294,0.4550934433937073
2.225281602002503,6.686382993863522,0.6004158445228807,0.6004158445228807,0.04428035138017894,0.8987872004508972,1.6002554893493652,1.3429213762283325,0.13878333568572998,-0.1644490510225296,-0.3404585123062134,1.7257553339004517,0.4708956182003021
2.229662077596996,6.389680500370557,0.33453456355808037,0.33453456355808037,-0.07747488079364975,0.9057970643043518,1.5898950099945068,1.3435293436050415,0.1401207596063614,-0.16594041883945465,-0.3242175877094269,1.7278181314468384,0.4340357482433319
2.234042553191489,6.699731743528871,0.10076121585127056,0.10076121585127056,0.06269028703985653,0.9127615690231323,1.5771188735961914,1.3441431522369385,0.13994182646274567,-0.16736064851284027,-0.3121856153011322,1.7297194004058838,0.3648994565010071
2.2384230287859825,6.656779195002744,0.3095107263610047,0.3095107263610047,-0.42871798874272093,0.9196701049804688,1.5669554471969604,1.3447561264038086,0.14133650064468384,-0.16872817277908325,-0.31107380986213684,1.7313178777694702,0.3320516049861908
2.2428035043804755,7.619891171880775,0.3258235437273955,0.3258235437273955,-0.1857704626165429,0.926534116268158,1.5454028844833374,1.3453752994537354,0.14429420232772827,-0.17009082436561584,-0.2895151972770691,1.7327724695205688,0.16204488277435303
2.2471839799749684,5.485785876827821,0.525864158249912,0.525864158249912,-0.11621513442756695,0.933303713798523,1.5276885032653809,1.3460073471069336,0.15279901027679443,-0.17135903239250183,-0.27457502484321594,1.7334823608398438,0.05201658606529236
2.251564455569462,7.603797871467876,0.09529462345960338,0.09529462345960338,0.4868353951841857,0.9399957060813904,1.5152769088745117,1.3466767072677612,0.14682598412036896,-0.17256179451942444,-0.2558242678642273,1.7337101697921753,-0.022548623383045197
2.255944931163955,7.546379784626701,-0.12448567827601545,-0.12448567827601545,0.34456197724261745,0.9466333389282227,1.5129785537719727,1.3473198413848877,0.15267105400562286,-0.17368242144584656,-0.26725849509239197,1.7336113452911377,0.05454769730567932
2.260325406758448,6.936065299906089,0.15785935364570516,0.15785935364570516,-0.5025449462797555,0.9532608985900879,1.5074224472045898,1.3479886054992676,0.15866640210151672,-0.1748531460762024,-0.2809561789035797,1.7338502407073975,0.0922393798828125
2.264705882352941,6.820117930754706,0.0837231330289695,0.0837231330289695,0.9691619540089689,0.9598641395568848,1.4832977056503296,1.3486835956573486,0.16380922496318817,-0.17608386278152466,-0.2616702914237976,1.734254240989685,-0.10180240869522095
2.269086357947434,7.399855682680099,0.5704472764872095,0.5704472764872095,0.3762037285252683,0.9663617014884949,1.493341088294983,1.3494011163711548,0.1625659018754959,-0.177230104804039,-0.2875279188156128,1.7338082790374756,0.11523829400539398
2.2734668335419275,7.933828280302299,0.480384272879056,0.480384272879056,0.2386604179478407,0.9729032516479492,1.4885557889938354,1.3501132726669312,0.16743814945220947,-0.17848961055278778,-0.28185540437698364,1.7343131303787231,0.16227547824382782
2.2778473091364204,5.85240051963251,0.6753113276058106,0.6753113276058106,-0.29981789760208644,0.9794238209724426,1.4795244932174683,1.350846767425537,0.17637717723846436,-0.17972427606582642,-0.2747963070869446,1.7350239753723145,0.16646908223628998
2.2822277847309134,8.27965611752915,0.5004439454693053,0.5004439454693053,-0.022061008586913372,0.9859048128128052,1.461790680885315,1.3516193628311157,0.17351242899894714,-0.18092802166938782,-0.24631944298744202,1.7357531785964966,0.03660215437412262
2.2866082603254068,7.502275605077549,0.31356550363298724,0.31356550363298724,0.32971210330076595,0.9923081398010254,1.4459079504013062,1.3523794412612915,0.18575242161750793,-0.18200701475143433,-0.23106063902378082,1.7359135150909424,-0.035340890288352966
2.2909887359199,6.082506453648149,0.34851395350895675,0.34851395350895675,0.2963589104813136,0.9986419081687927,1.4395313262939453,1.3531931638717651,0.19145525991916656,-0.18301917612552643,-0.23153217136859894,1.735758662223816,-0.003209676593542099
2.2953692115143927,7.317082056591092,-0.08230860490016717,-0.08230860490016717,-0.03672023257526544,1.0049477815628052,1.434983253479004,1.3540318012237549,0.18782959878444672,-0.18403339385986328,-0.2300090789794922,1.735744595527649,0.030825495719909668
2.299749687108886,8.114625198567937,0.7599289849846258,0.7599289849846258,-0.2496386368156532,1.0112336874008179,1.420358657836914,1.3548545837402344,0.19369648396968842,-0.1850409358739853,-0.2313404083251953,1.73587965965271,-0.03805636614561081
2.304130162703379,6.989156732774568,0.08172871746126309,0.08172871746126309,-0.1716090566978356,1.0174555778503418,1.3992397785186768,1.3557031154632568,0.20568494498729706,-0.1860543191432953,-0.20185783505439758,1.735713005065918,-0.17291259765625
2.3085106382978724,6.876997700516994,-0.3045626846908091,-0.3045626846908091,-0.2692551206050897,1.0235849618911743,1.381994366645813,1.3566040992736816,0.20986460149288177,-0.1869385540485382,-0.19445957243442535,1.7349555492401123,-0.2770901322364807
2.3128911138923653,7.314476059861834,0.369313561753614,0.369313561753614,0.6707954395606865,1.0296387672424316,1.362658977508545,1.3575234413146973,0.21364125609397888,-0.1877903789281845,-0.19549065828323364,1.7337417602539062,-0.40761449933052063
2.3172715894868583,8.070834281359012,-0.5749661378111093,-0.5749661378111093,0.016858595432901607,1.0356078147888184,1.364187240600586,1.358459234237671,0.2166992723941803,-0.18864671885967255,-0.20429489016532898,1.7319562435150146,-0.2794467806816101
2.321652065081352,7.860855511467963,0.5111125289560239,0.5111125289560239,0.11649455430777075,1.0415836572647095,1.349118947982788,1.3594084978103638,0.227285698056221,-0.18954162299633026,-0.22157804667949677,1.7307320833206177,-0.33957406878471375
2.3260325406758446,6.0875975976835885,-0.3088831645399855,-0.3088831645399855,0.14367591163738236,1.0474934577941895,1.3367137908935547,1.360404133796692,0.23607535660266876,-0.19051223993301392,-0.210053950548172,1.729244589805603,-0.37017136812210083
2.330413016270338,6.773954210399442,0.7105265893396567,0.7105265893396567,-0.009815228116850178,1.0533488988876343,1.3283082246780396,1.361438274383545,0.23296214640140533,-0.19143237173557281,-0.22327011823654175,1.7276231050491333,-0.37888824939727783
2.334793491864831,6.172069650921118,0.3009353373155775,0.3009353373155775,-0.33867714487025835,1.059167504310608,1.3149949312210083,1.3624587059020996,0.2349567711353302,-0.1924103945493698,-0.20223385095596313,1.7259633541107178,-0.4358062744140625
2.339173967459324,6.612198810355981,-0.28833820420090317,-0.28833820420090317,0.6320148621746281,1.0649278163909912,1.295193076133728,1.363487958908081,0.23411276936531067,-0.19329626858234406,-0.18355514109134674,1.7240543365478516,-0.5795301198959351
2.3435544430538173,7.502376502444278,0.4751529773529043,0.4751529773529043,0.03859577845518003,1.0706013441085815,1.2969856262207031,1.3645135164260864,0.23263144493103027,-0.19410032033920288,-0.21043236553668976,1.7215157747268677,-0.4559130370616913
2.3479349186483103,6.945298585262321,0.3301075502471077,0.3301075502471077,0.4701358704518114,1.0762827396392822,1.2832961082458496,1.3655325174331665,0.23920491337776184,-0.1950221210718155,-0.19768351316452026,1.7195186614990234,-0.5045876502990723
2.3523153942428032,6.355567448338443,0.33749718937851103,0.33749718937851103,0.7241190666460291,1.0819041728973389,1.2806596755981445,1.3665803670883179,0.24055035412311554,-0.19588807225227356,-0.2017727792263031,1.7173082828521729,-0.42833656072616577
2.3566958698372966,6.809051287579023,0.3467649818802253,0.3467649818802253,0.05937586979827515,1.087514042854309,1.2850462198257446,1.3676340579986572,0.2371484935283661,-0.19677193462848663,-0.21306335926055908,1.7154319286346436,-0.2764080762863159
2.3610763454317896,7.593327530404536,0.5218851662511061,0.5218851662511061,-0.15219168960343513,1.093143105506897,1.2731133699417114,1.3686728477478027,0.2390497326850891,-0.1977052539587021,-0.20467068254947662,1.7142211198806763,-0.3132818043231964
2.3654568210262825,7.108912319112184,0.09842282399870286,0.09842282399870286,0.5104910484112835,1.0987199544906616,1.2546961307525635,1.3697199821472168,0.24683259427547455,-0.19860181212425232,-0.18498550355434418,1.7128487825393677,-0.41526517271995544
2.369837296620776,6.9704222216089295,0.34484561122277646,0.34484561122277646,-0.08286919641780674,1.1042160987854004,1.2525627613067627,1.3708012104034424,0.24916131794452667,-0.19941213726997375,-0.19701920449733734,1.7110297679901123,-0.3285672068595886
2.374217772215269,6.574670759037459,0.07681086154263411,0.07681086154263411,0.5402372514868844,1.1097029447555542,1.2369123697280884,1.3718926906585693,0.252544641494751,-0.20027516782283783,-0.18452857434749603,1.7095904350280762,-0.406105101108551
2.3785982478097623,6.4385187503542785,0.43435118818765917,0.43435118818765917,0.23176751636638906,1.1151212453842163,1.2364706993103027,1.3729989528656006,0.25125062465667725,-0.2010834962129593,-0.19806209206581116,1.7078114748001099,-0.306697815656662
2.382978723404255,6.0766223918365085,0.4230840838941633,0.4230840838941633,0.27645511269558115,1.120537519454956,1.229118824005127,1.3740994930267334,0.25007569789886475,-0.20195110142230988,-0.19214600324630737,1.7064679861068726,-0.2921167016029358
2.387359198998748,6.4246328857669806,0.7879709788068621,0.7879709788068621,0.29359869422498286,1.125921607017517,1.223491907119751,1.3751949071884155,0.24636349081993103,-0.20279279351234436,-0.18786397576332092,1.7051883935928345,-0.26219579577445984
2.391739674593241,7.3501691692428555,0.36008780940199353,0.36008780940199353,-0.1627175548248305,1.1312811374664307,1.2175445556640625,1.3762741088867188,0.24489888548851013,-0.2036157250404358,-0.17342673242092133,1.7040398120880127,-0.23013350367546082
2.3961201501877345,6.8101888852721615,0.6626694693119941,0.6626694693119941,0.23891275418966082,1.1366145610809326,1.1991244554519653,1.3773468732833862,0.25097060203552246,-0.20437541604042053,-0.15815915167331696,1.7030316591262817,-0.33245179057121277
2.400500625782228,6.8955605089489085,-0.30473418736007984,-0.30473418736007984,0.35095185057976125,1.1418672800064087,1.191076397895813,1.3784462213516235,0.2521972954273224,-0.20506823062896729,-0.14578410983085632,1.7015753984451294,-0.31854334473609924
2.404881101376721,7.464650574102577,0.6795865596416681,0.6795865596416681,0.016968580505591024,1.1470847129821777,1.1854406595230103,1.3795509338378906,0.25364255905151367,-0.20570683479309082,-0.1649322211742401,1.7001800537109375,-0.27393394708633423
2.409261576971214,7.021973348706005,-0.16640660210335728,-0.16640660210335728,0.31143970149076894,1.1522774696350098,1.1708860397338867,1.380661964416504,0.25986164808273315,-0.20642931759357452,-0.1455816775560379,1.6989800930023193,-0.32673630118370056
2.413642052565707,7.553097148246827,0.359851612635823,0.359851612635823,0.2029115739276447,1.1574064493179321,1.1640338897705078,1.3818002939224243,0.2622523605823517,-0.20706702768802643,-0.15953630208969116,1.6975488662719727,-0.29393064975738525
2.4180225281602,6.952763285865666,0.436832500532508,0.436832500532508,0.16237228197811798,1.1625055074691772,1.1535741090774536,1.3829491138458252,0.26847216486930847,-0.2077658772468567,-0.15495315194129944,1.6962612867355347,-0.29534658789634705
2.422403003754693,7.466124758084174,0.8184927718931164,0.8184927718931164,0.16554313994759884,1.1675586700439453,1.1433535814285278,1.3841251134872437,0.2708430886268616,-0.20844464004039764,-0.1469380408525467,1.69496750831604,-0.3033671975135803
2.4267834793491865,7.115138108425666,0.25290624260451416,0.25290624260451416,-0.3126186924863994,1.1725671291351318,1.1321488618850708,1.385311484336853,0.27657920122146606,-0.2090882956981659,-0.1278698444366455,1.693638563156128,-0.31433743238449097
2.4311639549436794,7.8915744528937175,-0.161154732208586,-0.161154732208586,0.33757745439901793,1.1775264739990234,1.1105079650878906,1.3865230083465576,0.28136375546455383,-0.20964843034744263,-0.11135472357273102,1.6922615766525269,-0.4558628797531128
2.4355444305381724,6.326319032978834,-0.1398577651616636,-0.1398577651616636,0.16678204646742373,1.1823910474777222,1.1024025678634644,1.3877555131912231,0.2893548905849457,-0.21013621985912323,-0.12591928243637085,1.6902647018432617,-0.4218495786190033
2.4399249061326658,4.861234128617587,0.5935633780635934,0.5935633780635934,0.304596120939444,1.1872200965881348,1.0934861898422241,1.3890230655670166,0.28752169013023376,-0.2106878012418747,-0.1348741352558136,1.688416838645935,-0.4233293831348419
2.4443053817271587,7.098760629746772,-0.13393789050749544,-0.13393789050749544,0.10607568883927398,1.1920100450515747,1.0907338857650757,1.3902825117111206,0.2756551206111908,-0.21127861738204956,-0.12643536925315857,1.686562418937683,-0.37512174248695374
2.448685857321652,5.998531449200905,0.31898023083194244,0.31898023083194244,0.39261965488983674,1.19678795337677,1.0788249969482422,1.3914899826049805,0.27907031774520874,-0.2118324637413025,-0.13344453275203705,1.6849192380905151,-0.39898788928985596
2.453066332916145,6.965263416615935,0.29831564522736476,0.29831564522736476,0.4200082832285712,1.2015137672424316,1.075805425643921,1.3927124738693237,0.2744637429714203,-0.21241702139377594,-0.13559503853321075,1.6831715106964111,-0.33451399207115173
2.457446808510638,6.2853035332155756,0.9553102526602959,0.9553102526602959,0.20552501255141586,1.2062263488769531,1.0714564323425293,1.3939146995544434,0.2761647701263428,-0.2130109965801239,-0.13914884626865387,1.681706190109253,-0.2694774568080902
2.4618272841051314,7.20752558247232,0.42999216988690353,0.42999216988690353,0.13890129994795716,1.2109198570251465,1.0634788274765015,1.3951244354248047,0.2739659249782562,-0.21362052857875824,-0.11725273728370667,1.680525779724121,-0.2590485215187073
2.4662077596996244,6.413765512328518,0.6324004746625865,0.6324004746625865,0.4807285851786006,1.2155784368515015,1.0520559549331665,1.3963245153427124,0.27799808979034424,-0.21413415670394897,-0.10875196009874344,1.6793910264968872,-0.2739877998828888
2.4705882352941178,7.529245105715659,0.3053137675929135,0.3053137675929135,-0.6286220834946389,1.2201869487762451,1.0501971244812012,1.3975422382354736,0.2759341597557068,-0.21461054682731628,-0.1043226569890976,1.67819082736969,-0.1875987946987152
2.4749687108886107,7.397422995679964,0.3445839736075504,0.3445839736075504,-0.24972207754566655,1.2247873544692993,1.0202059745788574,1.3987510204315186,0.28400540351867676,-0.2150675356388092,-0.07704877108335495,1.6773689985275269,-0.4187549948692322
2.479349186483104,6.983241994037851,-0.13386244610881243,-0.13386244610881243,0.4285581135860068,1.2292563915252686,0.9992893934249878,1.3999950885772705,0.2901933193206787,-0.21540504693984985,-0.05969315022230148,1.6755346059799194,-0.5432062149047852
2.483729662077597,4.561182249497245,0.15905454630439908,0.15905454630439908,-0.02605498227698097,1.2336337566375732,0.9950255155563354,1.4012662172317505,0.2919301390647888,-0.2156665325164795,-0.0761176124215126,1.6731550693511963,-0.4751981198787689
2.48811013767209,7.3147616736276415,0.6197579475485597,0.6197579475485597,-0.3005145372091368,1.2379924058914185,0.9851168394088745,1.4025449752807617,0.27888596057891846,-0.21599996089935303,-0.07071182876825333,1.6710734367370605,-0.5158921480178833
2.492490613266583,6.51349499979592,0.32658812081991334,0.32658812081991334,-0.13347816312550903,1.2423076629638672,0.9632033109664917,1.4037666320800781,0.28453442454338074,-0.21630971133708954,-0.04383695498108864,1.6688135862350464,-0.6530227661132812
2.4968710888610763,8.419883245156859,0.6400048507605451,0.6400048507605451,0.7726987435372421,1.2465269565582275,0.9468201994895935,1.405013084411621,0.28445157408714294,-0.21650174260139465,-0.030401561409235,1.6659530401229858,-0.7374463081359863
2.5012515644555693,6.810505411859516,0.41422093774894975,0.41422093774894975,0.3560252132372686,1.2506744861602783,0.9477258324623108,1.4062590599060059,0.29478704929351807,-0.21663491427898407,-0.03427664190530777,1.6627227067947388,-0.5824695825576782
2.5056320400500622,6.481405613332812,0.2097175862229698,0.2097175862229698,0.17104001770851815,1.2548259496688843,0.9422213435173035,1.40755033493042,0.295577734708786,-0.21678505837917328,-0.032577142119407654,1.6601712703704834,-0.5316571593284607
2.510012515644556,6.520811663142864,-0.006441515543487708,-0.006441515543487708,0.07397333614463891,1.258953332901001,0.9330914616584778,1.408845067024231,0.29462572932243347,-0.21692776679992676,-0.031447634100914,1.6578423976898193,-0.5297430753707886
2.5143929912390486,6.724689542851045,0.41577069053883864,0.41577069053883864,0.3234062657433,1.2630406618118286,0.9216364026069641,1.4101356267929077,0.2941271662712097,-0.21706552803516388,-0.033796001225709915,1.6555218696594238,-0.5548585057258606
2.518773466833542,5.962781021270902,0.6932234789271572,0.6932234789271572,0.18866004618677784,1.267077922821045,0.9156150221824646,1.4114240407943726,0.29445093870162964,-0.21721357107162476,-0.03109866753220558,1.653091311454773,-0.5115142464637756
2.523153942428035,7.194843983687911,0.02039989729760905,0.02039989729760905,-0.2915668303216402,1.271088719367981,0.9080053567886353,1.412713885307312,0.2900668680667877,-0.2173497974872589,-0.01636381447315216,1.6508506536483765,-0.5001354217529297
2.527534418022528,7.897250814883627,-0.1518490857649239,-0.1518490857649239,-0.08616028470462805,1.2750662565231323,0.886717677116394,1.4139845371246338,0.29465219378471375,-0.21742147207260132,-0.0072533972561359406,1.6486598253250122,-0.6308626532554626
2.5319148936170213,7.261429139990126,0.20922401567621618,0.20922401567621618,0.9653710088008631,1.2789504528045654,0.868838906288147,1.4152752161026,0.3033791482448578,-0.2174532413482666,-0.00917171873152256,1.645896315574646,-0.7087554335594177
2.536295369211514,6.779332110454019,0.8357114823101173,0.8357114823101173,0.22343159398823803,1.2827563285827637,0.876844584941864,1.4166041612625122,0.30603691935539246,-0.21749341487884521,-0.03125360608100891,1.6427916288375854,-0.48861658573150635
2.540675844806008,7.34623037008659,0.8870040527458589,0.8870040527458589,0.4508914739294245,1.2865973711013794,0.8685206770896912,1.4179447889328003,0.30694282054901123,-0.2176303267478943,-0.01337309181690216,1.6406512260437012,-0.4716638922691345
2.545056320400501,7.15313047730198,0.4501438952929953,0.4501438952929953,0.8626268333096021,1.2904019355773926,0.864404559135437,1.4192893505096436,0.31118956208229065,-0.2176889032125473,-0.0006372220814228058,1.638585090637207,-0.3947395980358124
2.549436795994993,6.149777831672707,0.6749781551737706,0.6749781551737706,0.7130397189396591,1.294188380241394,0.8703286647796631,1.4206525087356567,0.313555508852005,-0.21769168972969055,-0.01268303208053112,1.636855959892273,-0.20138487219810486
2.553817271589487,6.298342299840348,0.10898444882592287,0.10898444882592287,-0.1258173348047952,1.2980008125305176,0.87477707862854,1.4220260381698608,0.30966323614120483,-0.21774724125862122,-0.0137945506721735,1.6359738111495972,-0.04288545250892639
2.55819774718398,6.286215477760983,0.6376245802893372,0.6376245802893372,-0.1176582196955083,1.3018327951431274,0.8593202829360962,1.4233825206756592,0.3080473244190216,-0.21780766546726227,-0.006937594152987003,1.6357859373092651,-0.1191832646727562
2.562578222778473,7.889538732653781,0.42328472150160595,0.42328472150160595,0.5110942573604447,1.3055970668792725,0.8440771102905273,1.424731969833374,0.3063333332538605,-0.21783804893493652,0.015119059942662716,1.6352638006210327,-0.19310829043388367
2.566958698372966,7.384955481069682,0.5341722508938851,0.5341722508938851,-0.016319569842382114,1.309294581413269,0.8403589129447937,1.4260739088058472,0.3141357898712158,-0.21777181327342987,0.012554743327200413,1.6344178915023804,-0.10208609700202942
2.571339173967459,6.2064230570080134,0.14428449238094918,0.14428449238094918,-0.28762940947274196,1.3129757642745972,0.8253235816955566,1.4274499416351318,0.319443017244339,-0.21771681308746338,0.028630848973989487,1.6339707374572754,-0.15470241010189056
2.575719649561952,6.234176246752261,0.35308839051243734,0.35308839051243734,0.4433323121388305,1.3165910243988037,0.8062882423400879,1.428849220275879,0.31744369864463806,-0.21759139001369476,0.041244104504585266,1.6332930326461792,-0.2752406597137451
2.580100125156445,5.939036045330988,0.5087942859945764,0.5087942859945764,-0.23564972768306475,1.3201229572296143,0.8043093681335449,1.4302397966384888,0.3145303428173065,-0.21741072833538055,0.038608696311712265,1.6320873498916626,-0.19199663400650024
2.5844806007509384,7.475567397600288,0.3969009910778011,0.3969009910778011,0.07598182686236854,1.3236461877822876,0.7870551347732544,1.4316176176071167,0.31068670749664307,-0.21724160015583038,0.06034882366657257,1.6312463283538818,-0.2960086464881897
2.588861076345432,5.254187040676449,0.5134743862974156,0.5134743862974156,-0.428394586856114,1.3270938396453857,0.7740748524665833,1.432978630065918,0.31641536951065063,-0.21697723865509033,0.06972067803144455,1.629949688911438,-0.32285037636756897
2.593241551939925,6.608183509207119,0.1603623837714233,0.1603623837714233,-0.1041685682082133,1.3304846286773682,0.7537027597427368,1.434364676475525,0.30832332372665405,-0.21667182445526123,0.09722623974084854,1.628535509109497,-0.4758945107460022
2.5976220275344177,6.889951688840711,0.3173823322403368,0.3173823322403368,0.5212054555174798,1.3337862491607666,0.7382816672325134,1.4357153177261353,0.308575838804245,-0.21624593436717987,0.10495138168334961,1.6264508962631226,-0.5469144582748413
2.602002503128911,7.111513008378874,0.7961893685782984,0.7961893685782984,-0.280591365038377,1.3370202779769897,0.7369916439056396,1.4370670318603516,0.3098165690898895,-0.21578620374202728,0.09899909794330597,1.6240551471710205,-0.44492995738983154
2.606382978723404,6.922238373001975,0.7278870264812931,0.7278870264812931,0.15287768149350534,1.340248703956604,0.7165655493736267,1.4384242296218872,0.31356483697891235,-0.21535253524780273,0.1304445117712021,1.6221061944961548,-0.5674856901168823
2.610763454317897,6.466617067673284,0.44451995723164794,0.44451995723164794,0.17232311147335747,1.3433876037597656,0.706701934337616,1.4397977590560913,0.3154931366443634,-0.21478112041950226,0.14723661541938782,1.6196203231811523,-0.5676040649414062
2.6151439299123904,7.170112727754911,0.032035530494120446,0.032035530494120446,0.42468014284539246,1.3464833498001099,0.698239803314209,1.4411797523498535,0.31442785263061523,-0.21413615345954895,0.15518562495708466,1.6171339750289917,-0.5590383410453796
2.619524405506884,7.209647989162152,-0.03362939285330352,-0.03362939285330352,0.2771045057704524,1.3495420217514038,0.694400429725647,1.4425570964813232,0.31769096851348877,-0.21345636248588562,0.1437191516160965,1.6146851778030396,-0.4838835597038269
2.6239048811013768,6.387393496018181,-0.021765363035517737,-0.021765363035517737,0.515898273006862,1.352583885192871,0.6871066093444824,1.443948745727539,0.32141318917274475,-0.21282680332660675,0.13464473187923431,1.612565517425537,-0.4496121108531952
2.6282853566958697,5.6029578531554085,0.12345133289009047,0.12345133289009047,-0.021033398419552346,1.3555936813354492,0.6870366930961609,1.4453567266464233,0.3195568919181824,-0.21223700046539307,0.11894325166940689,1.6105960607528687,-0.34344300627708435
2.6326658322903627,6.689833011491121,0.7826408356242445,0.7826408356242445,0.3638183267477667,1.3586032390594482,0.6759350895881653,1.4467564821243286,0.31313356757164,-0.211715966463089,0.1231626644730568,1.6090916395187378,-0.3820570707321167
2.637046307884856,7.862282407711153,0.6783516697403702,0.6783516697403702,0.4142204996352059,1.3615641593933105,0.6718372702598572,1.4481281042099,0.3134472966194153,-0.21117645502090454,0.13539360463619232,1.6074180603027344,-0.3193890452384949
2.641426783479349,5.281448551429824,0.30016195983071936,0.30016195983071936,-0.39762808980787,1.3645070791244507,0.6667705774307251,1.4495011568069458,0.32139939069747925,-0.2105833739042282,0.143107071518898,1.6060190200805664,-0.2490685135126114
2.645807259073842,7.22452836802721,0.8095308695152047,0.8095308695152047,0.3328661000475165,1.3674278259277344,0.647576630115509,1.4509090185165405,0.31320467591285706,-0.20995649695396423,0.16348475217819214,1.6049280166625977,-0.3900802433490753
2.650187734668336,7.252696369592176,0.058619411559010126,0.058619411559010126,0.44441562501718934,1.3702645301818848,0.64191073179245,1.4522809982299805,0.3170667290687561,-0.2092403620481491,0.17740488052368164,1.6032192707061768,-0.3381722569465637
2.6545682102628283,5.82101179695026,-0.06186920526528117,-0.06186920526528117,0.7563267002371308,1.3730764389038086,0.6388736367225647,1.4536699056625366,0.3210553228855133,-0.20846325159072876,0.1661384105682373,1.6017378568649292,-0.25491493940353394
2.6589486858573217,6.50517857265455,0.24130785762966245,0.24130785762966245,-0.1212010211226944,1.3758749961853027,0.6458534002304077,1.4550763368606567,0.3155076503753662,-0.20773547887802124,0.14224450290203094,1.600621223449707,-0.07634250819683075
2.663329161451814,8.097040812541252,0.44845629240607043,0.44845629240607043,0.17427012222827315,1.3787041902542114,0.6310680508613586,1.4564584493637085,0.31508323550224304,-0.2071123868227005,0.15283091366291046,1.600286841392517,-0.14602318406105042
2.667709637046308,6.621484107200385,0.25627838576699963,0.25627838576699963,0.23099856249078377,1.3814685344696045,0.6203290820121765,1.4578386545181274,0.3248448073863983,-0.2064429074525833,0.1608380228281021,1.5996471643447876,-0.1419067084789276
2.672090112640801,5.103701414247026,0.4221892987426989,0.4221892987426989,-0.5813217448823577,1.3841859102249146,0.6136656403541565,1.4592616558074951,0.32494139671325684,-0.205738365650177,0.1615762710571289,1.5990254878997803,-0.1136658638715744
2.676470588235294,7.586425453443717,0.21670673308746696,0.21670673308746696,-0.3825939642292261,1.3868740797042847,0.5907752513885498,1.4606850147247314,0.31567463278770447,-0.20503059029579163,0.19088196754455566,1.5985275506973267,-0.30351656675338745
2.6808510638297878,5.6336075182937035,-0.2519100001357686,-0.2519100001357686,0.29209386069439575,1.3894619941711426,0.5680823922157288,1.4620678424835205,0.3224594295024872,-0.20419444143772125,0.2083834409713745,1.5971980094909668,-0.4512282609939575
2.6852315394242803,7.377468391920755,0.355417171118554,0.355417171118554,0.2868549273000398,1.3919504880905151,0.5647835731506348,1.4634803533554077,0.31602346897125244,-0.20328162610530853,0.19249680638313293,1.5952214002609253,-0.3999479413032532
2.689612015018773,4.79223488849564,0.24240753875755178,0.24240753875755178,0.01216547121185177,1.394424557685852,0.5583085417747498,1.464864730834961,0.3210104703903198,-0.20243839919567108,0.19449904561042786,1.5934693813323975,-0.35898375511169434
2.6939924906132666,7.897606372485548,0.7560419651113645,0.7560419651113645,-0.052822614686533875,1.3968702554702759,0.5500715970993042,1.466270923614502,0.3092835247516632,-0.20158639550209045,0.20122283697128296,1.591896891593933,-0.38066235184669495
2.69837296620776,6.361213108291963,0.428023250141746,0.428023250141746,-0.3727001183198586,1.3992798328399658,0.5348707437515259,1.4676257371902466,0.31786808371543884,-0.20070494711399078,0.22484424710273743,1.5902293920516968,-0.43627336621284485
2.7027534418022525,7.139347364131331,0.5931050128316968,0.5931050128316968,0.5420555349369033,1.4016227722167969,0.5149576663970947,1.4690181016921997,0.31654661893844604,-0.19972002506256104,0.24822790920734406,1.5883183479309082,-0.572767972946167
2.707133917396746,7.441417601691074,0.38496637374607623,0.38496637374607623,0.5345435852492924,1.4038785696029663,0.5151981115341187,1.4704047441482544,0.3198676109313965,-0.19863267242908478,0.24971871078014374,1.585809350013733,-0.45766592025756836
2.711514392991239,7.403089240314393,0.9093319540871023,0.9093319540871023,0.38900089623810985,1.4061354398727417,0.5148409605026245,1.4718059301376343,0.32524198293685913,-0.19753879308700562,0.24535058438777924,1.5838046073913574,-0.34557202458381653
2.715894868585732,5.745050839318153,0.20597363277164427,0.20597363277164427,0.26926066422789485,1.4083906412124634,0.5112371444702148,1.4732306003570557,0.3304724395275116,-0.19646404683589935,0.26054590940475464,1.5822908878326416,-0.27335086464881897
2.720275344180225,6.167382651980003,0.007864010172127511,0.007864010172127511,0.37731822509144985,1.4106301069259644,0.5077452063560486,1.4746782779693604,0.3249373137950897,-0.19532273709774017,0.2586977183818817,1.581093430519104,-0.22606012225151062
2.724655819774718,7.851628909615645,0.4546340860954201,0.4546340860954201,-0.3492532890254114,1.4128543138504028,0.5061391592025757,1.4761016368865967,0.3221576511859894,-0.19418951869010925,0.24790848791599274,1.5801031589508057,-0.15034720301628113
2.729036295369212,4.414635028069485,0.3199439769576421,0.3199439769576421,0.35436421407467494,1.4150714874267578,0.4847416281700134,1.4775128364562988,0.3305700123310089,-0.19310356676578522,0.2713845372200012,1.5794445276260376,-0.28493690490722656
2.7334167709637045,5.881545485041531,0.1611970161261615,0.1611970161261615,0.3118137741364798,1.4171948432922363,0.48566409945487976,1.4789608716964722,0.31635400652885437,-0.19191476702690125,0.27037936449050903,1.578196406364441,-0.20684590935707092
2.737797246558197,6.838467625535733,0.4733216746335057,0.4733216746335057,0.4755552146569194,1.4193222522735596,0.4832098186016083,1.4803466796875,0.31176480650901794,-0.19073037803173065,0.26598086953163147,1.5772902965545654,-0.14718160033226013
2.742177722152691,5.451871960097856,0.5377405343012641,0.5377405343012641,-0.519494687498909,1.4214389324188232,0.4830855131149292,1.4817123413085938,0.3134290277957916,-0.1895652562379837,0.2659156322479248,1.5766456127166748,-0.04596544802188873
2.746558197747184,7.381313616163117,0.1659321290832017,0.1659321290832017,0.6347937172345218,1.4235551357269287,0.4619857370853424,1.48308527469635,0.3061835467815399,-0.18840041756629944,0.2967902421951294,1.5764442682266235,-0.21565289795398712
2.750938673341677,4.711195465629852,0.2108554871943378,0.2108554871943378,0.27450199456587177,1.4255788326263428,0.46485668420791626,1.484426498413086,0.3113955557346344,-0.1871003359556198,0.2830980122089386,1.5754996538162231,-0.07198259234428406
2.75531914893617,7.395602435182202,0.6012680862702432,0.6012680862702432,-0.05747124842507727,1.4276151657104492,0.46368730068206787,1.4857906103134155,0.29921552538871765,-0.18586023151874542,0.2812393307685852,1.5751843452453613,-0.01647903025150299
2.759699624530663,5.673446125425032,0.06043949368290985,0.06043949368290985,0.17927787452902313,1.429646372795105,0.4504874348640442,1.4871013164520264,0.30464744567871094,-0.18462826311588287,0.300476610660553,1.5751121044158936,-0.0652848333120346
2.7640801001251565,6.514289193774467,-0.15175636507145523,-0.15175636507145523,0.16393708364511242,1.4316197633743286,0.44565650820732117,1.4884358644485474,0.2987920045852661,-0.18331202864646912,0.29700616002082825,1.5748261213302612,-0.040263157337903976
2.768460575719649,5.108456091070763,0.3749567354289267,0.3749567354289267,0.34943471345160876,1.4335719347000122,0.4392036497592926,1.4897446632385254,0.29845377802848816,-0.18201099336147308,0.28778690099716187,1.574649691581726,-0.022980879992246628
2.7728410513141424,6.068480134525056,0.005298491254830284,0.005298491254830284,-0.21524946918637686,1.4354958534240723,0.4393782913684845,1.4910520315170288,0.28890326619148254,-0.18075035512447357,0.28853222727775574,1.5745490789413452,0.05234337970614433
2.777221526908636,6.345063229885634,0.775681408570732,0.775681408570732,0.054687195430470265,1.4374204874038696,0.42487791180610657,1.4923175573349,0.2856982350349426,-0.1794864535331726,0.2949729263782501,1.5747783184051514,-0.03377862647175789
2.7816020025031287,6.0340646799431426,0.3608703056238818,0.3608703056238818,0.16690536553001123,1.439281702041626,0.4163384735584259,1.493569016456604,0.28429147601127625,-0.1781943291425705,0.3160282373428345,1.5746303796768188,-0.04565897583961487
2.7859824780976217,6.500223402003705,0.27517087242367033,0.27517087242367033,0.7263427459803543,1.4411054849624634,0.41097843647003174,1.494814395904541,0.2808457314968109,-0.17680998146533966,0.3216926157474518,1.5744303464889526,-0.024713950231671333
2.790362953692115,8.288558847774858,0.21134588230600257,0.21134588230600257,0.21815318344166468,1.4429057836532593,0.41809284687042236,1.496044635772705,0.2804185450077057,-0.17540080845355988,0.3085169792175293,1.5743221044540405,0.15050598978996277
2.794743429286608,6.250315059034275,0.47809993953213875,0.47809993953213875,-0.06695668389664403,1.444737195968628,0.4106712341308594,1.4972729682922363,0.29176241159439087,-0.17404936254024506,0.30831819772720337,1.574981451034546,0.17677035927772522
2.7991239048811014,7.064680037232559,0.3467178398896346,0.3467178398896346,-0.6801534933458344,1.4465361833572388,0.3997134566307068,1.4985510110855103,0.28977543115615845,-0.17269878089427948,0.32423558831214905,1.5757558345794678,0.13212546706199646
2.8035043804755944,6.07235743703608,0.4293767977704946,0.4293767977704946,0.5313517363364718,1.4482871294021606,0.3732312023639679,1.499820351600647,0.29321956634521484,-0.1712784767150879,0.35422348976135254,1.5763345956802368,-0.08681716024875641
2.8078848560700878,6.63340738781863,-0.25530914839459495,-0.25530914839459495,0.5440203477600836,1.4499220848083496,0.3766905963420868,1.5011048316955566,0.29002073407173157,-0.16972680389881134,0.3512454926967621,1.5759543180465698,0.0363316535949707
2.8122653316645807,5.090209160942004,-0.08935555554838384,-0.08935555554838384,-0.12043974965280718,1.4515721797943115,0.37970831990242004,1.5023752450942993,0.29051950573921204,-0.1681881844997406,0.32790252566337585,1.5761134624481201,0.160996213555336
2.8166458072590737,6.375235935607569,0.30582947235863706,0.30582947235863706,-0.27507087767139166,1.4532355070114136,0.36948204040527344,1.503647804260254,0.28097039461135864,-0.16675181686878204,0.32881027460098267,1.5768187046051025,0.10681213438510895
2.821026282853567,8.110749735936407,-0.08976481895942429,-0.08976481895942429,0.16567310685507058,1.4548540115356445,0.35383182764053345,1.5048786401748657,0.27989843487739563,-0.16531147062778473,0.34577441215515137,1.5772866010665894,0.004412844777107239
2.82540675844806,4.963987350764325,0.15942404257015078,0.15942404257015078,0.3905148364950129,1.4564039707183838,0.34609806537628174,1.5061047077178955,0.29017773270606995,-0.1637968122959137,0.33831480145454407,1.5773059129714966,0.018116958439350128
2.829787234042553,4.253839874333357,0.08294777811215359,0.08294777811215359,0.5233559947359178,1.4579200744628906,0.34820473194122314,1.5073758363723755,0.27976056933403015,-0.16231483221054077,0.3315662145614624,1.5773853063583374,0.10730476677417755
2.8341677096370463,5.463165695354445,0.859045410860804,0.859045410860804,-0.08800169111207079,1.4594453573226929,0.35448578000068665,1.5086013078689575,0.26465901732444763,-0.16086241602897644,0.31870490312576294,1.5778553485870361,0.23649795353412628
2.8385481852315397,6.848993800250001,0.11742579811928852,0.11742579811928852,-0.18712756575447703,1.4609981775283813,0.34479930996894836,1.5097606182098389,0.2575933635234833,-0.15946634113788605,0.3463616967201233,1.5788912773132324,0.19055570662021637
2.842928660826032,3.9380658484387165,0.33454969005496427,0.33454969005496427,-0.13314938691008626,1.4625085592269897,0.3309234082698822,1.5108890533447266,0.2596782445907593,-0.15794910490512848,0.3552556335926056,1.579725980758667,0.11159774661064148
2.8473091364205256,6.522033513968554,0.10682042168236358,0.10682042168236358,0.2692322420691682,1.4639581441879272,0.322390615940094,1.5120265483856201,0.2426309436559677,-0.1563929170370102,0.3689139187335968,1.5802148580551147,0.059133805334568024
2.8516896120150186,6.261763142379979,0.11645796419172262,0.11645796419172262,0.182804646461604,1.4653704166412354,0.3198174238204956,1.5130894184112549,0.24250668287277222,-0.1547769010066986,0.36417096853256226,1.5804738998413086,0.10898681730031967
2.8560700876095115,4.779354958665544,0.08204918013131979,0.08204918013131979,0.06717136898382739,1.4667713642120361,0.3156561851501465,1.514151692390442,0.2406957745552063,-0.15318165719509125,0.362233430147171,1.5809513330459595,0.13594026863574982
2.860450563204005,6.301984849308243,-0.16177904170997603,-0.16177904170997603,-0.2973912305476044,1.4681540727615356,0.3108448088169098,1.5152060985565186,0.22916090488433838,-0.15159490704536438,0.36266791820526123,1.5815467834472656,0.13645769655704498
2.864831038798498,5.986947980385136,0.4161025414940036,0.4161025414940036,-0.32589286702576864,1.4695156812667847,0.2955330014228821,1.5162099599838257,0.22775086760520935,-0.1500062495470047,0.3666282296180725,1.5821444988250732,0.029647670686244965
2.8692115143929917,6.613706126716198,0.1493643907977253,0.1493643907977253,-0.5728336799717492,1.4708102941513062,0.2800444960594177,1.5172076225280762,0.22429533302783966,-0.14840024709701538,0.38829684257507324,1.582274317741394,-0.08378016203641891
2.873591989987484,6.397849742841108,-0.10629993652381226,-0.10629993652381226,0.46285204364620613,1.4720370769500732,0.25803565979003906,1.5181901454925537,0.2250434011220932,-0.14669932425022125,0.4093873202800751,1.5819072723388672,-0.26820868253707886
2.877972465581977,6.884587927133828,0.28383740200765767,0.28383740200765767,-0.2725593618783904,1.4731674194335938,0.26067662239074707,1.5191758871078491,0.22408057749271393,-0.14490601420402527,0.3927662670612335,1.5807323455810547,-0.16269469261169434
2.8823529411764706,6.1062554733540475,0.13911084032672721,0.13911084032672721,0.25489034272237276,1.4743093252182007,0.24557916820049286,1.5201574563980103,0.22653473913669586,-0.14318551123142242,0.40901482105255127,1.5800197124481201,-0.2635911703109741
2.8867334167709635,7.204937979044869,0.10166198731687473,0.10166198731687473,0.46730270147204594,1.475385069847107,0.24392597377300262,1.521149754524231,0.2237333506345749,-0.14139382541179657,0.40563368797302246,1.5788650512695312,-0.21423551440238953
2.891113892365457,6.037242854656865,-0.31966998110687866,-0.31966998110687866,-0.2590633539220425,1.4764535427093506,0.2460053563117981,1.522129774093628,0.2281591296195984,-0.1396169513463974,0.3949558138847351,1.5779266357421875,-0.10906009376049042
2.89549436795995,6.038631469931959,0.07036414610486948,0.07036414610486948,-0.20377715322159834,1.4775311946868896,0.23260162770748138,1.5231292247772217,0.22503836452960968,-0.13788685202598572,0.39318591356277466,1.577448844909668,-0.2019975632429123
2.899874843554443,3.2322178827658807,0.2872219476254861,0.2872219476254861,0.14454174265385233,1.4785500764846802,0.22058673202991486,1.524114966392517,0.22191321849822998,-0.13616451621055603,0.40119171142578125,1.5765639543533325,-0.27921244502067566
2.904255319148936,6.890045419447648,0.18591951299513637,0.18591951299513637,0.5563276587507094,1.4795163869857788,0.22015273571014404,1.5250869989395142,0.20021624863147736,-0.13440710306167603,0.4053584337234497,1.5753408670425415,-0.24961891770362854
2.908635794743429,4.607677211049679,0.28748091216102645,0.28748091216102645,0.3713227394161774,1.4804807901382446,0.2251652479171753,1.5259640216827393,0.20262524485588074,-0.13263143599033356,0.39454135298728943,1.5742473602294922,-0.11683757603168488
2.913016270337922,6.781279737268035,-0.18899159009030825,-0.18899159009030825,0.2432008113797487,1.4814671277999878,0.22858037054538727,1.5268516540527344,0.19002705812454224,-0.13090315461158752,0.39209291338920593,1.5737355947494507,-0.027934163808822632
2.9173967459324155,4.763721160861488,0.5180457488464092,0.5180457488464092,-0.18681293836680163,1.4824683666229248,0.22660522162914276,1.5276840925216675,0.1918012797832489,-0.12918560206890106,0.3794715106487274,1.5736132860183716,0.018680281937122345
2.9217772215269084,6.551374019721659,0.06282739436782506,0.06282739436782506,-0.12726638423098766,1.4834610223770142,0.21690621972084045,1.5285242795944214,0.18029356002807617,-0.12752333283424377,0.4000556170940399,1.5736950635910034,-0.04811331629753113
2.9261576971214014,6.891370115268824,-0.04995019031138287,-0.04995019031138287,-0.17708705946789885,1.4844111204147339,0.20669835805892944,1.5293140411376953,0.18059378862380981,-0.12577089667320251,0.4056069552898407,1.5734843015670776,-0.10357470065355301
2.930538172715895,8.045732557456232,-0.23034782916084487,-0.23034782916084487,-0.1008784857054668,1.485316514968872,0.19505402445793152,1.5301051139831543,0.18314845860004425,-0.1239941418170929,0.40931975841522217,1.5730305910110474,-0.17365193367004395
2.934918648310388,6.122411926572742,0.5830988092308428,0.5830988092308428,-0.01267164121756173,1.4861708879470825,0.18407003581523895,1.530907392501831,0.1933259218931198,-0.12220112979412079,0.4055388569831848,1.5722699165344238,-0.22552499175071716
2.939299123904881,5.39321210739956,0.484119538478086,0.484119538478086,0.15366945501992055,1.486977219581604,0.17731699347496033,1.5317542552947998,0.19079189002513885,-0.12042467296123505,0.4229372441768646,1.5712820291519165,-0.24676036834716797
2.943679599499374,5.257800427463858,-0.2544459582760113,-0.2544459582760113,0.5418012873972503,1.487753987312317,0.17532400786876678,1.5325900316238403,0.18343985080718994,-0.11857200413942337,0.4325874447822571,1.5702011585235596,-0.2191516011953354
2.948060075093867,5.906157881663638,-0.1777383819744738,-0.1777383819744738,-0.09505439770583138,1.488521933555603,0.1826629787683487,1.5333936214447021,0.1752133071422577,-0.11667706817388535,0.4093345105648041,1.5692411661148071,-0.08255930244922638
2.9524405506883604,6.411528353507007,0.1883256244835349,0.1883256244835349,0.3654214467105964,1.4893220663070679,0.1745215803384781,1.53416109085083,0.1712842732667923,-0.11488398909568787,0.4069198668003082,1.56887948513031,-0.1249687448143959
2.9568210262828534,6.481938688909399,0.3307515362090937,0.3307515362090937,-0.04756881281529832,1.490086555480957,0.17676973342895508,1.5349113941192627,0.17072157561779022,-0.11310148984193802,0.4017481207847595,1.5683320760726929,-0.040000058710575104
2.9612015018773468,6.9136266488857645,-0.16601473363977448,-0.16601473363977448,0.5325136754047022,1.490860939025879,0.1693749576807022,1.5356591939926147,0.17061853408813477,-0.11134164035320282,0.4127962589263916,1.5681568384170532,-0.07003992795944214
2.96558197747184,6.229529632661737,0.16439630751555862,0.16439630751555862,-0.09361755267720145,1.491602897644043,0.1752644032239914,1.5364066362380981,0.17341411113739014,-0.1095333993434906,0.39239701628685,1.5678499937057495,0.060887545347213745
2.9699624530663327,6.248187211201237,0.3629359109538645,0.3629359109538645,0.10931650175127702,1.49237060546875,0.16723138093948364,1.5371662378311157,0.17165303230285645,-0.10781451314687729,0.3999318480491638,1.5681166648864746,0.019246697425842285
2.974342928660826,7.281124157390886,-0.12279758856637535,-0.12279758856637535,-0.053836321520612095,1.4931031465530396,0.16402599215507507,1.537918210029602,0.170038104057312,-0.1060626208782196,0.40733835101127625,1.568200945854187,0.034364838153123856
2.978723404255319,5.842839742743989,0.15439877563777465,0.15439877563777465,0.14186058179748562,1.493821620941162,0.1561514437198639,1.5386630296707153,0.17525802552700043,-0.10427828878164291,0.40532445907592773,1.5683515071868896,0.0017255358397960663
2.983103879849812,5.716511757142131,-0.16902334290084764,-0.16902334290084764,0.12035643974460394,1.4945056438446045,0.15425755083560944,1.5394307374954224,0.17097683250904083,-0.10250277817249298,0.40569061040878296,1.5683590173721313,0.02736619859933853
2.9874843554443054,6.455511867373849,0.49453336529497893,0.49453336529497893,-0.08006726592399682,1.4951813220977783,0.15205949544906616,1.54017972946167,0.1658647656440735,-0.10072565823793411,0.3972398042678833,1.5684789419174194,0.04754647985100746
2.9918648310387983,5.24902510877843,-0.28906609121835125,-0.28906609121835125,0.18010801532626886,1.495847463607788,0.144612118601799,1.540906310081482,0.1656424105167389,-0.09898556023836136,0.41401997208595276,1.5686872005462646,0.010352026671171188
2.9962453066332912,6.31890769797261,-0.09058930101463515,-0.09058930101463515,0.23317928484932876,1.496480941772461,0.14438003301620483,1.5416319370269775,0.15744976699352264,-0.09717195481061935,0.40031859278678894,1.568732500076294,0.048680759966373444
3.0006257822277846,6.016307147721959,0.3762991178172984,0.3762991178172984,-0.5063050670999514,1.4971133470535278,0.14458194375038147,1.5423216819763184,0.1563534140586853,-0.09541837126016617,0.3908635377883911,1.5689457654953003,0.09964519739151001
3.0050062578222776,5.819518612406421,-0.4626102034830772,-0.4626102034830772,-0.3597541957863383,1.4977467060089111,0.12779220938682556,1.5430065393447876,0.1532232016324997,-0.09370620548725128,0.4166383743286133,1.5693823099136353,-0.05472719669342041
3.009386733416771,6.413742465938975,0.3457695435761722,0.3457695435761722,0.19828120784083555,1.4983065128326416,0.11467890441417694,1.5436776876449585,0.1488082855939865,-0.09188113361597061,0.41363465785980225,1.5691425800323486,-0.16762550175189972
3.013767209011264,5.541650835893338,0.10036947158029133,0.10036947158029133,0.676673530763211,1.4988088607788086,0.11427021026611328,1.5443295240402222,0.1483491063117981,-0.09006921947002411,0.41794177889823914,1.5684082508087158,-0.12587393820285797
3.018147684605757,5.0702675918596665,0.07135840165107932,0.07135840165107932,-0.17185566023008203,1.4993094205856323,0.12585560977458954,1.5449793338775635,0.14214906096458435,-0.0882384330034256,0.4011118710041046,1.5678569078445435,0.05146230757236481
3.0225281602002503,8.031195642593403,0.05523559847587607,0.05523559847587607,0.6740257127497693,1.4998607635498047,0.11800231784582138,1.5456019639968872,0.13278403878211975,-0.08648137003183365,0.4082144796848297,1.568082332611084,-0.006588868796825409
3.0269086357947432,7.574296956930056,0.408273943632932,0.408273943632932,-0.9832676629516889,1.5003776550292969,0.1278582364320755,1.5461835861206055,0.1431167721748352,-0.08469319343566895,0.39014384150505066,1.5680534839630127,0.16563338041305542
3.0312891113892366,7.55368919959299,0.0898291209188954,0.0898291209188954,-0.19360593475518695,1.5009377002716064,0.09932605922222137,1.546810507774353,0.1503109633922577,-0.08298417925834656,0.4307812750339508,1.5687789916992188,-0.12311112880706787
3.0356695869837296,5.247911631447711,0.44013833752189685,0.44013833752189685,0.2983806620682169,1.5013728141784668,0.08941678702831268,1.547468900680542,0.15743514895439148,-0.08109715580940247,0.43905848264694214,1.568239688873291,-0.19142255187034607
3.0400500625782225,5.978031208589312,-0.4438274854654839,-0.4438274854654839,-0.1331174825199606,1.5017645359039307,0.09276894479990005,1.5481585264205933,0.1492868810892105,-0.07917387038469315,0.4431982636451721,1.5674011707305908,-0.11786094307899475
3.044430538172716,5.9346779641000555,0.17296392969147004,0.17296392969147004,-0.19185238888453043,1.5021709203720093,0.08560994267463684,1.5488125085830688,0.14596830308437347,-0.07723245024681091,0.43412455916404724,1.5668848752975464,-0.16559189558029175
3.048811013767209,6.994420693071696,0.572692215590512,0.572692215590512,-0.033723429791048726,1.502545952796936,0.07720877230167389,1.5494519472122192,0.14235571026802063,-0.07533077895641327,0.44477835297584534,1.5661594867706299,-0.22928494215011597
3.053191489361702,5.698793662046858,0.19253738541660959,0.19253738541660959,0.5292607992668712,1.5028841495513916,0.07194095849990845,1.5500755310058594,0.145787313580513,-0.0733824372291565,0.4624876081943512,1.5651551485061646,-0.2502691149711609
3.057571964956195,6.157078816293525,0.09750792839216664,0.09750792839216664,0.4616989886288546,1.5031993389129639,0.08080421388149261,1.550714135169983,0.14069372415542603,-0.07135652005672455,0.4526542127132416,1.5640588998794556,-0.11171047389507294
3.061952440550688,4.828547467704999,0.7079087741974047,0.7079087741974047,0.37287063507544826,1.5035532712936401,0.08791965246200562,1.5513304471969604,0.1386692374944687,-0.06937368214130402,0.44201868772506714,1.5635695457458496,0.007729098200798035
3.066332916145181,4.87111897140362,0.4502564959538661,0.4502564959538661,-0.08485799097725456,1.5039384365081787,0.09383974224328995,1.5519379377365112,0.12782320380210876,-0.06743743270635605,0.4518028497695923,1.563603401184082,0.10468621551990509
3.0707133917396745,7.1735578731264615,0.0928963906277262,0.0928963906277262,0.41297506958693747,1.5043494701385498,0.08908804506063461,1.5524978637695312,0.11718282848596573,-0.06545832008123398,0.46742987632751465,1.5640619993209839,0.0741472840309143
3.0750938673341675,6.379055792169284,-0.044642591966849346,-0.044642591966849346,0.030366805734768774,1.504739761352539,0.09481392800807953,1.553011178970337,0.12192188203334808,-0.06341075152158737,0.45808255672454834,1.5643868446350098,0.1794496476650238
3.079474342928661,6.14265192820908,-0.11159442489141626,-0.11159442489141626,0.18922550896662085,1.505155086517334,0.09211882203817368,1.5535452365875244,0.12131920456886292,-0.06140413135290146,0.45589205622673035,1.5651729106903076,0.17940063774585724
3.083854818523154,6.73972967538649,-0.13712016177872888,-0.13712016177872888,0.20921178463414247,1.5055586099624634,0.09336983412504196,1.5540766716003418,0.11917218565940857,-0.059407107532024384,0.4471071660518646,1.5659587383270264,0.2241450846195221
3.0882352941176467,5.287463647254987,-0.0015250107220383252,-0.0015250107220383252,-0.19339731528355375,1.505967617034912,0.09488531202077866,1.5545986890792847,0.12099041044712067,-0.05744856595993042,0.43699318170547485,1.5669405460357666,0.27387410402297974
3.09261576971214,5.589296303457106,0.011433626042902517,0.011433626042902517,-0.5254946331610529,1.5063832998275757,0.08777368813753128,1.5551286935806274,0.11311264336109161,-0.055534329265356064,0.4425964653491974,1.5681402683258057,0.21330131590366364
3.096996245306633,6.897438360165864,0.1346882328547069,0.1346882328547069,-0.31726296788337016,1.506767749786377,0.07281015813350677,1.5556241273880005,0.1072411984205246,-0.05359554663300514,0.4582764804363251,1.5690746307373047,0.05982808768749237
3.1013767209011265,6.902678243135954,-0.613798636878642,-0.613798636878642,-0.13932810145349023,1.5070866346359253,0.062209974974393845,1.5560939311981201,0.1101054921746254,-0.05158807709813118,0.47147488594055176,1.5693366527557373,-0.03703204542398453
3.1057571964956194,5.7946264493722985,0.17502962875221742,0.17502962875221742,-0.12538408955421582,1.5073591470718384,0.055893585085868835,1.5565762519836426,0.11301853507757187,-0.04952279105782509,0.4576188325881958,1.5691744089126587,-0.08399423956871033
3.1101376720901124,5.8971153192211325,0.33741350092215044,0.33741350092215044,-0.11001723411048545,1.5076040029525757,0.05049872025847435,1.557071328163147,0.10856684297323227,-0.04751820117235184,0.4663918614387512,1.568806529045105,-0.1254642903804779
3.1145181476846058,5.963783581756708,-0.6539330163165489,-0.6539330163165489,-0.23702530298725194,1.507825255393982,0.045526716858148575,1.557546854019165,0.10479670017957687,-0.04547518491744995,0.4794582724571228,1.5682569742202759,-0.16243630647659302
3.1188986232790987,6.808556999868617,-0.0629979094270258,-0.0629979094270258,0.24339153227414312,1.5080246925354004,0.037662357091903687,1.558005928993225,0.1014605313539505,-0.0433749295771122,0.4672832489013672,1.5675454139709473,-0.2345372885465622
3.123279098873592,5.921742589489774,-0.6901720667968355,-0.6901720667968355,-0.21336234418503275,1.5081896781921387,0.040863554924726486,1.5584503412246704,0.10376829653978348,-0.041328005492687225,0.4583356976509094,1.5665180683135986,-0.17306166887283325
3.127659574468085,5.290782954198093,-0.26177608399215924,-0.26177608399215924,0.06766309964867664,1.508368730545044,0.03380207344889641,1.5589048862457275,0.100150465965271,-0.03932027518749237,0.44441133737564087,1.5657600164413452,-0.23770496249198914
3.132040050062578,6.364204568788857,-0.7042868091598528,-0.7042868091598528,0.31718051653805307,1.508516788482666,0.033646222203969955,1.5593435764312744,0.09235826879739761,-0.03737354278564453,0.4347906708717346,1.5647187232971191,-0.2230856567621231
3.136420525657071,5.00970870989577,-0.3033331184518608,-0.3033331184518608,0.10714701821768056,1.5086641311645508,0.03910484537482262,1.5597481727600098,0.09174884110689163,-0.03546895459294319,0.404960572719574,1.5637414455413818,-0.13929811120033264
3.1408010012515644,6.133290890140709,0.14859077898899686,0.14859077898899686,-0.0004996835104012082,1.5088354349136353,0.04015309363603592,1.5601500272750854,0.08211492002010345,-0.0336950346827507,0.39297324419021606,1.5631312131881714,-0.11275288462638855
3.1451814768460573,4.8012193608195854,0.5095186331516933,0.5095186331516933,0.7456383475853464,1.5090112686157227,0.038451455533504486,1.5605096817016602,0.07994299381971359,-0.03197362646460533,0.39732715487480164,1.5626373291015625,-0.11663362383842468
3.1495619524405507,5.203052214947786,0.861305003260553,0.861305003260553,0.42948796454476806,1.509179711341858,0.05467997118830681,1.5608599185943604,0.06905288994312286,-0.030233144760131836,0.3904317021369934,1.5621263980865479,0.08862960338592529
3.153942428035044,5.793474836146053,0.4244362438628811,0.4244362438628811,0.2598233034181572,1.5094192028045654,0.06347779929637909,1.5611623525619507,0.060785118490457535,-0.02852286770939827,0.40304213762283325,1.5625146627426147,0.20577538013458252
3.1583229036295366,6.52521363102935,-0.4275798202139861,-0.4275798202139861,0.37099274356236245,1.5096973180770874,0.06823647767305374,1.5614286661148071,0.05639854818582535,-0.02675735205411911,0.40784937143325806,1.5634160041809082,0.2754863500595093
3.16270337922403,6.792509304299596,-0.1320982877525185,-0.1320982877525185,-0.16232114450001098,1.5099961757659912,0.07552042603492737,1.5616756677627563,0.05688495934009552,-0.024970777332782745,0.3845285177230835,1.5646227598190308,0.37598514556884766
3.167083854818523,5.919956976698279,0.27611725546453886,0.27611725546453886,0.3389893094289371,1.5103269815444946,0.07033585757017136,1.5619248151779175,0.059040799736976624,-0.023286359384655952,0.3854111135005951,1.5662697553634644,0.3277248442173004
3.1714643304130163,6.461985642878289,-0.4934985333150844,-0.4934985333150844,0.1816146550729636,1.5106351375579834,0.07714469730854034,1.5621834993362427,0.0554637648165226,-0.021598074585199356,0.38357505202293396,1.5677053928375244,0.4196590483188629
3.1758448060075093,5.878504685008748,0.24971805975169933,0.24971805975169933,-0.7716650048455661,1.5109730958938599,0.08023689687252045,1.5624264478683472,0.05544796213507652,-0.01991783268749714,0.3638595938682556,1.569543719291687,0.46750473976135254
3.1802252816020022,6.590309118890871,-0.46860076904320946,-0.46860076904320946,-0.2147871223404839,1.5113245248794556,0.06115541607141495,1.562669277191162,0.05149906873703003,-0.018323954194784164,0.3936872184276581,1.5715916156768799,0.2497321218252182
3.184605757196496,5.82441798719004,-0.23450816309632366,-0.23450816309632366,-0.14641601384150044,1.5115923881530762,0.0550692155957222,1.5628948211669922,0.05237386375665665,-0.016599416732788086,0.386275053024292,1.5726855993270874,0.18687951564788818
3.1889862327909886,7.030179712333189,-0.02020881738036541,-0.02020881738036541,-0.4417825585789686,1.511833667755127,0.05078183114528656,1.5631242990493774,0.0481647364795208,-0.014907347969710827,0.38370248675346375,1.5735042095184326,0.1435234099626541
3.193366708385481,6.990413896808967,-0.6624028593517849,-0.6624028593517849,-0.3258694710921324,1.5120561122894287,0.03948590159416199,1.5633352994918823,0.05200990289449692,-0.013226548209786415,0.3960137665271759,1.5741329193115234,0.017417237162590027
3.197747183979975,5.885973621627054,-0.23252761677730355,-0.23252761677730355,-0.565719593258049,1.512229084968567,0.031004752963781357,1.5635631084442139,0.0555964857339859,-0.01149181928485632,0.3861859142780304,1.574209213256836,-0.07617446780204773
3.202127659574468,6.280277708543041,-0.1703230907796463,-0.1703230907796463,0.07892016771040747,1.5123648643493652,0.017122570425271988,1.5638066530227661,0.05184958130121231,-0.009800141677260399,0.3959161639213562,1.5738755464553833,-0.23599781095981598
3.206508135168961,6.044079438933479,-0.288511921299869,-0.288511921299869,0.23347072507289768,1.5124398469924927,0.018403152003884315,1.5640337467193604,0.050658825784921646,-0.008065840229392052,0.3886374831199646,1.572841763496399,-0.21588437259197235
3.210888610763454,7.279791684774957,-0.5603865704081499,-0.5603865704081499,-0.08337774796865983,1.512520432472229,0.023430204018950462,1.564255714416504,0.047893937677145004,-0.006363423075526953,0.3733939230442047,1.5718960762023926,-0.1522066295146942
3.215269086357947,6.974312733537767,-0.15101157015175615,-0.15101157015175615,0.075074905425837,1.5126230716705322,0.021060604602098465,1.5644655227661133,0.053377680480480194,-0.004727779887616634,0.35946375131607056,1.571229338645935,-0.17673228681087494
3.219649561952441,6.526399363184526,-0.4694776853176327,-0.4694776853176327,-0.41190645332565584,1.5127153396606445,0.02252977527678013,1.5646992921829224,0.056822262704372406,-0.003153157653287053,0.35286131501197815,1.5704551935195923,-0.15663906931877136
3.224030037546933,6.509337934395817,-0.38068469392248233,-0.38068469392248233,-0.020099428392298682,1.5128140449523926,0.01270249206572771,1.5649482011795044,0.05728516727685928,-0.0016074571758508682,0.3511800467967987,1.569769024848938,-0.27194124460220337
3.2284105131414265,4.356694028533797,-0.22082569211544475,-0.22082569211544475,-0.3126845023264623,1.5128697156906128,0.012154338881373405,1.5651991367340088,0.05761926993727684,-6.912148091942072e-05,0.34064981341362,1.568577766418457,-0.2776350677013397
3.23279098873592,5.60249663209426,-0.31065935783057375,-0.31065935783057375,-0.04722566558277089,1.512923002243042,0.0048422557301819324,1.5654515027999878,0.04360584542155266,0.0014230867382138968,0.3433323800563812,1.56736159324646,-0.3646166920661926
3.237171464330413,5.375752821788997,-0.0839400070441379,-0.0839400070441379,0.32327443455011956,1.512944221496582,0.003842255100607872,1.5656424760818481,0.037878043949604034,0.002927045803517103,0.33563926815986633,1.5657644271850586,-0.3771490454673767
3.241551939924906,5.371886165379387,-0.10677703495656174,-0.10677703495656174,0.33311664825110504,1.5129610300064087,0.011608258821070194,1.5658084154129028,0.030679382383823395,0.0043973056599497795,0.32374730706214905,1.5641123056411743,-0.2859918475151062
3.245932415519399,7.069954790147251,-0.9168615475143023,-0.9168615475143023,0.3006429579094694,1.5130119323730469,0.01969027891755104,1.5659427642822266,0.02349146082997322,0.005815472919493914,0.310901015996933,1.5628595352172852,-0.19169746339321136
3.250312891113892,5.896674823597222,-0.08204955398577898,-0.08204955398577898,0.1846649570724439,1.5130982398986816,0.027201760560274124,1.5660456418991089,0.02762862667441368,0.007177367340773344,0.275346040725708,1.5620198249816895,-0.10557574778795242
3.254693366708385,5.478802622431857,-0.4699404781717518,-0.4699404781717518,0.07837195206335323,1.5132174491882324,0.03199679031968117,1.566166639328003,0.02394634112715721,0.008383514359593391,0.26755714416503906,1.561557412147522,-0.051871784031391144
3.2590738423028784,5.191587323255796,-0.4849738420191837,-0.4849738420191837,0.05206642743156833,1.5133576393127441,0.03432951495051384,1.5662715435028076,0.017464131116867065,0.009555541910231113,0.25154468417167664,1.5613301992416382,-0.02775271050632
3.2634543178973714,6.677504738578134,0.3215438660526382,0.3215438660526382,0.8504807734501939,1.5135079622268677,0.03607453033328056,1.5663480758666992,0.009064934216439724,0.01065742690116167,0.2358614057302475,1.5612086057662964,-0.010918084532022476
3.267834793491865,6.514533996091497,-0.28028274890146,-0.28028274890146,-0.37768247043991426,1.513666033744812,0.056746937334537506,1.5663877725601196,0.010737434960901737,0.011690611951053143,0.22041477262973785,1.5611608028411865,0.2294313609600067
3.2722152690863577,6.9058503968801075,0.25555703833057997,0.25555703833057997,-0.5998336561234036,1.5139145851135254,0.04867614805698395,1.5664348602294922,0.01102890819311142,0.012656133621931076,0.22325915098190308,1.5621658563613892,0.12735962867736816
3.2765957446808507,5.314982221821773,-0.046520725721065304,-0.046520725721065304,0.09883001892590357,1.5141278505325317,0.035489365458488464,1.5664831399917603,0.013901983387768269,0.013634114526212215,0.24823927879333496,1.5627237558364868,-0.03647622466087341
3.280976220275344,5.888141733726811,0.17885644511684107,0.17885644511684107,-0.30528813622981943,1.514283299446106,0.03851527348160744,1.5665440559387207,0.006329481489956379,0.014721520245075226,0.2439945787191391,1.5625640153884888,-0.006210803985595703
3.285356695869837,6.410697057500313,-0.0817788663439692,-0.0817788663439692,0.010335559589792532,1.5144519805908203,0.03220350295305252,1.566571831703186,0.0024949205107986927,0.015790332108736038,0.2581331431865692,1.5625368356704712,-0.08818178623914719
3.2897371714643304,4.364605561220828,-0.7858434646048625,-0.7858434646048625,0.3015146178536191,1.5145930051803589,0.033423278480768204,1.5665827989578247,0.0021964428015053272,0.01692107878625393,0.25544309616088867,1.5621505975723267,-0.08168622851371765
3.294117647058824,5.802782252760773,-0.30386298120752087,-0.30386298120752087,0.011314948731826042,1.5147393941879272,0.04120125621557236,1.5665924549102783,-0.011663338169455528,0.018040040507912636,0.22368879616260529,1.5617927312850952,0.005014955997467041
3.2984981226533163,6.7001413300871855,-0.3257002423596659,-0.3257002423596659,-0.0486698850943305,1.5149198770523071,0.04247236251831055,1.566541314125061,-0.016006311401724815,0.019019903615117073,0.21448460221290588,1.5618146657943726,0.011848047375679016
3.3028785982478097,6.908174515929055,0.32867794460825417,0.32867794460825417,0.4028264561628808,1.515105962753296,0.04254951700568199,1.5664712190628052,-0.01438925415277481,0.019959447905421257,0.20639443397521973,1.5618665218353271,0.00267171673476696
3.3072590738423027,6.62680330032012,-0.19077734387143244,-0.19077734387143244,0.5142367575000005,1.5152924060821533,0.0533013679087162,1.5664081573486328,-0.011293567717075348,0.020863553509116173,0.20422905683517456,1.5618782043457031,0.11968838423490524
3.311639549436796,7.534053676901462,-0.5113471642870369,-0.5113471642870369,0.040193059517504674,1.5155259370803833,0.0666624903678894,1.5663586854934692,-0.010053616017103195,0.021758174523711205,0.18364040553569794,1.5624024868011475,0.26772308349609375
3.316020025031289,6.704598316764457,-0.02198174135323487,-0.02198174135323487,-0.5605143968535513,1.5158179998397827,0.06914331018924713,1.566314697265625,-0.002896538469940424,0.022562606260180473,0.16753368079662323,1.563575267791748,0.2842555344104767
3.320400500625782,7.153590307410254,-0.31942292533445993,-0.31942292533445993,0.15417805589278458,1.5161209106445312,0.057406947016716,1.5663020610809326,-0.0013678927207365632,0.023296482861042023,0.18326054513454437,1.564820408821106,0.13261939585208893
3.324780976220276,4.357125474217991,-0.578763655547342,-0.578763655547342,-0.22470047543465238,1.5163723230361938,0.06254225969314575,1.566296100616455,0.0032875961624085903,0.024099251255393028,0.16942989826202393,1.565401315689087,0.18052361905574799
3.3291614518147683,5.7156605852548665,-0.7983484498459723,-0.7983484498459723,0.5751777459955549,1.5166462659835815,0.05822800099849701,1.5663105249404907,-0.010725827887654305,0.024841435253620148,0.15909013152122498,1.5661921501159668,0.1208709329366684
3.3335419274092613,7.809532921990331,-0.48512864851930576,-0.48512864851930576,-0.19550735382283443,1.5169013738632202,0.07298532128334045,1.5662635564804077,-0.01560118980705738,0.025538325309753418,0.11897881329059601,1.5667216777801514,0.2852199077606201
3.337922403003754,6.285595804382749,-0.09377655151390316,-0.09377655151390316,-0.04364147512097134,1.5172210931777954,0.0701863020658493,1.5661952495574951,-0.00664729718118906,0.026059508323669434,0.11052095144987106,1.567971110343933,0.23611652851104736
3.342302878598248,6.581976043560071,-0.06523766433064673,-0.06523766433064673,0.22052800687929094,1.5175285339355469,0.07061141729354858,1.5661661624908447,-0.007811541203409433,0.026543643325567245,0.10905684530735016,1.5690053701400757,0.2282005399465561
3.3466833541927405,7.101722083217505,-0.4927590848606722,-0.4927590848606722,0.7140289193102596,1.5178378820419312,0.07731036841869354,1.5661319494247437,-0.006990785710513592,0.027021363377571106,0.10071158409118652,1.570004940032959,0.29407164454460144
3.351063829787234,6.2404572067039865,-0.13699823584477622,-0.13699823584477622,0.01908793953934593,1.518176555633545,0.09571196138858795,1.566101312637329,-0.002720798831433058,0.02746252715587616,0.06546954810619354,1.5712931156158447,0.49782806634902954
3.355444305381727,5.811629878372499,-0.02355905900293695,-0.02355905900293695,-0.03372694910062834,1.518595814704895,0.09763149172067642,1.566089391708374,-0.004256224725395441,0.02774931490421295,0.06091133505105972,1.5734738111495972,0.5070948600769043
3.3598247809762203,5.450549988634181,-0.57381444711214,-0.57381444711214,-0.6260856131127526,1.5190235376358032,0.0982012078166008,1.566070795059204,-0.008647385984659195,0.028016135096549988,0.061208270490169525,1.5756951570510864,0.5011038184165955
3.364205256570713,7.065964113318698,-0.23569553604848986,-0.23569553604848986,-0.5095530923495274,1.519453763961792,0.08479154855012894,1.566032886505127,-0.015370148234069347,0.028284257277846336,0.06273475289344788,1.5778902769088745,0.3294546604156494
3.368585732165206,6.044764346691295,-0.6290422657776603,-0.6290422657776603,0.029896282743419156,1.5198252201080322,0.0744740292429924,1.5659655332565308,-0.011278810910880566,0.028559064492583275,0.07073226571083069,1.5793334245681763,0.1908601075410843
3.3729662077597,6.69983563835021,0.12701983692332688,0.12701983692332688,0.0655953733949123,1.5201514959335327,0.0765620693564415,1.5659161806106567,-0.014047554694116116,0.0288689061999321,0.051489170640707016,1.580169439315796,0.20203398168087006
3.3773466833541925,6.085818202716337,0.41726845417778835,0.41726845417778835,0.4097616698459401,1.520486831665039,0.07964397221803665,1.5658546686172485,-0.01246792171150446,0.029094453901052475,0.0532829612493515,1.581054449081421,0.22338835895061493
3.381727158948686,4.550971244817635,-0.4590653833912892,-0.4590653833912892,-0.42615099571832266,1.5208357572555542,0.09065151959657669,1.5658000707626343,-0.015061873011291027,0.029327858239412308,0.05350218340754509,1.5820330381393433,0.34034886956214905
3.386107634543179,7.246102861123071,-0.3358532900041184,-0.3358532900041184,-0.10279158387879232,1.5212328433990479,0.08171424269676208,1.5657341480255127,-0.02768261358141899,0.029562223702669144,0.05254098027944565,1.5835238695144653,0.22343391180038452
3.390488110137672,7.445397766681529,0.09699552729890906,0.09699552729890906,-0.39452359279998156,1.5215908288955688,0.08097110688686371,1.5656129121780396,-0.0224277526140213,0.02979237772524357,0.045734841376543045,1.5845025777816772,0.19762644171714783
3.394868585732165,6.160868664622952,-0.25714545025151114,-0.25714545025151114,-0.000376721810399417,1.5219454765319824,0.07343740016222,1.5655146837234497,-0.015747155994176865,0.029992718249559402,0.060088757425546646,1.585368275642395,0.09040907770395279
3.399249061326658,6.138506718148426,-0.5212249858723363,-0.5212249858723363,0.6552198670573862,1.52226722240448,0.07484558969736099,1.5654456615447998,-0.01772918552160263,0.030255936086177826,0.05259029567241669,1.5857642889022827,0.09253063797950745
3.403629536921151,6.89873067869249,-0.07327392955389103,-0.07327392955389103,-0.30686289784100246,1.5225950479507446,0.09162173420190811,1.5653680562973022,-0.020090501755475998,0.03048630617558956,0.01823437586426735,1.5861696004867554,0.2774570882320404
3.4080100125156445,5.554073528409858,0.17564658142601386,0.17564658142601386,0.2539009343227381,1.522996425628662,0.08603524416685104,1.5652800798416138,-0.017078611999750137,0.030566181987524033,0.025055915117263794,1.5873849391937256,0.19432303309440613
3.412390488110137,5.483727076240753,-0.6820022043041261,-0.6820022043041261,-0.17983789002560815,1.5233732461929321,0.09326794743537903,1.5652052164077759,-0.023208599537611008,0.030675938352942467,0.02277063950896263,1.5882362127304077,0.2669501304626465
3.4167709637046304,5.895534812524413,-0.4864617545614186,-0.4864617545614186,-0.006673720627496176,1.5237817764282227,0.0903157889842987,1.565103530883789,-0.029646873474121094,0.030775684863328934,0.008105849847197533,1.5894055366516113,0.21849825978279114
3.421151439299124,8.104328067384165,-0.28864886552235247,-0.28864886552235247,0.37819276403126795,1.5241774320602417,0.09150803089141846,1.5649737119674683,-0.033407121896743774,0.030811192467808723,-0.0059054819867014885,1.5903626680374146,0.21831819415092468
3.4255319148936167,6.163116049519734,-0.12466672695670243,-0.12466672695670243,-0.033842035076688454,1.524578332901001,0.10221151262521744,1.5648273229599,-0.02264706790447235,0.030785324051976204,-0.025379370898008347,1.591318964958191,0.3259240686893463
3.42991239048811,6.8629307277451295,-0.1116964223708232,-0.1116964223708232,-0.43902801696567856,1.5250260829925537,0.10280515998601913,1.5647281408309937,-0.02463490329682827,0.030674150213599205,-0.028031740337610245,1.592746615409851,0.3179686367511749
3.434292866082603,5.971489702954239,0.41213029777355326,0.41213029777355326,-0.1931907155498251,1.5254764556884766,0.09403614699840546,1.5646202564239502,-0.021754512563347816,0.030551357194781303,-0.018472619354724884,1.5941394567489624,0.19693619012832642
3.438673341677096,7.78570498329397,-0.5485575052503805,-0.5485575052503805,-0.24774311882208078,1.5258883237838745,0.09080820530653,1.5645250082015991,-0.024902349337935448,0.030470438301563263,-0.0007953289896249771,1.5950021743774414,0.14406821131706238
3.443053817271589,6.620045740832213,-0.2137909604692601,-0.2137909604692601,-0.2952672017630503,1.5262861251831055,0.08667831867933273,1.5644159317016602,-0.015936851501464844,0.0304669551551342,-0.009580063633620739,1.5956332683563232,0.0761210173368454
3.4474342928660824,7.474389187741801,-0.12175767056585717,-0.12175767056585717,0.23714956138386467,1.5266658067703247,0.08117592334747314,1.5643460750579834,-0.014690511859953403,0.030424989759922028,-0.007200699299573898,1.5959666967391968,-0.005349241197109222
3.451814768460576,5.411243052342914,-0.4356215167709741,-0.4356215167709741,0.31987512579264726,1.5270214080810547,0.08832342177629471,1.564281702041626,-0.008068917319178581,0.03039344772696495,-0.017681928351521492,1.5959432125091553,0.06170728802680969
3.4561952440550687,6.5135571552224905,-0.4012405629654948,-0.4012405629654948,-0.3142114002724683,1.5274083614349365,0.09696878492832184,1.5642462968826294,-0.015225296840071678,0.03031599335372448,-0.039744824171066284,1.5962135791778564,0.1515791118144989
3.4605757196495617,4.621809598488179,0.311745519217122,0.311745519217122,-0.08228345399393071,1.527833104133606,0.09098376333713531,1.5641796588897705,-0.014678151346743107,0.030141891911625862,-0.04228635132312775,1.5968775749206543,0.06470002233982086
3.464956195244055,7.186770974301584,-0.534034553628314,-0.534034553628314,-0.4429047348442576,1.5282316207885742,0.0900200828909874,1.5641154050827026,-0.02684822678565979,0.02995665743947029,-0.030779456719756126,1.5971609354019165,0.042192768305540085
3.469336670838548,7.869949691013986,-0.1621650900022341,-0.1621650900022341,-0.681481312024991,1.5286259651184082,0.0811268761754036,1.563997745513916,-0.02172631397843361,0.02982182800769806,-0.033440735191106796,1.5973457098007202,-0.080718994140625
3.473717146433041,7.469416902594934,-0.486059231182875,-0.486059231182875,-0.030729957405357076,1.528981328010559,0.06677300482988358,1.5639026165008545,-0.011909528635442257,0.02967534214258194,-0.018275056034326553,1.5969921350479126,-0.27016615867614746
3.4780976220275344,6.238624233907924,-0.24850639558211113,-0.24850639558211113,0.154818246235726,1.5292738676071167,0.06757889688014984,1.5638504028320312,-0.005187390372157097,0.02959528937935829,-0.031572114676237106,1.5958086252212524,-0.27812695503234863
3.4824780976220278,6.022314819706514,0.23968045937052238,0.23968045937052238,0.14704739974524644,1.5295698642730713,0.07249090820550919,1.563827633857727,-0.00676653953269124,0.029456987977027893,-0.043350473046302795,1.5945903062820435,-0.2342812865972519
3.4868585732165203,6.386732315528377,-0.4225219684461599,-0.4225219684461599,0.21612686964751932,1.5298874378204346,0.07718388736248016,1.563797950744629,-0.009768091142177582,0.029267093166708946,-0.0406452938914299,1.5935640335083008,-0.19247353076934814
3.4912390488110137,6.1723703292172445,0.40512997453098687,0.40512997453098687,0.46777345488972366,1.5302255153656006,0.08357372879981995,1.5637551546096802,-0.01037145871669054,0.029089046642184258,-0.059295862913131714,1.592720866203308,-0.13122740387916565
3.4956195244055066,6.9787381420250565,-0.2825822192801427,-0.2825822192801427,0.3172479590119588,1.530591607093811,0.0958167016506195,1.5637097358703613,-0.012518845498561859,0.02882930263876915,-0.0611252523958683,1.5921460390090942,0.0002612173557281494
