t,u1,u2,u3,tau,x_q,xdot_q,z_q,zdot_q,theta,theta_dot,beta,beta_dot
0.0,7.317899367907767,0.09008129564544978,0.09008129564544978,0.008084151369119608,-2.0,0.0,2.0,0.0,1.0806329744393126e-05,0.0,0.3490658503991208,0.0
0.0043804755944931,7.941455038808316,-2.311256844091596,-2.311256844091596,-0.6392242211282078,-2.0,0.0028320809360593557,2.0,0.013524308800697327,1.0806329555634875e-05,0.00239457655698061,0.3490658402442932,0.3447800278663635
0.0087609511889862,7.5651027627079745,3.3907993047042972,3.3907993047042972,0.2544434310099406,-1.9999876022338867,-0.004676148295402527,2.000059127807617,0.0027533378452062607,2.129571294062771e-05,-0.046434078365564346,0.35057613253593445,-0.5709485411643982
0.0131414267834793,5.8941814577028335,0.13401976570573,0.13401976570573,0.8910328314989713,-2.0000081062316895,0.0023346198722720146,2.0000712871551514,0.029212724417448044,-0.00018210764392279088,0.04515745863318443,0.34807509183883667,0.27514559030532837
0.0175219023779724,4.606587439398654,0.02431297382539277,0.02431297382539277,-2.0218627369041715,-1.999997854232788,0.019030731171369553,2.000199317932129,0.07148966938257217,1.570351014379412e-05,0.023050276562571526,0.34928035736083984,2.313631057739258
0.0219023779724655,9.245961521880341,1.4939438231138882,1.4939438231138882,0.10454087507206597,-1.999914526939392,-0.011812262237071991,2.0005123615264893,-0.02714604139328003,0.00011667468788800761,0.0828050896525383,0.3594151735305786,-1.5041468143463135
0.0262828535669586,6.588531968698017,1.819465541033875,1.819465541033875,1.698702810494907,-1.9999662637710571,-0.006330640520900488,2.0003933906555176,0.005327586084604263,0.00047940039075911045,0.12338006496429443,0.3528262972831726,-0.882332444190979
0.0306633291614518,8.42533245954364,0.1579190997737987,0.1579190997737987,-2.685213792451844,-1.9999940395355225,0.024276623502373695,2.0004167556762695,0.08904150128364563,0.0010198637610301375,0.12690672278404236,0.3489612638950348,2.7946348190307617
0.0350438047559449,6.499553056888919,-1.5905833937360008,-1.5905833937360008,2.312056832728219,-1.9998877048492432,-0.015670867636799812,2.0008068084716797,-0.01019173115491867,0.0015757755609229207,0.20993521809577942,0.3612031042575836,-2.171902656555176
0.039424280350438,5.865648341456785,0.6670337305701368,0.6670337305701368,-0.5505550121477785,-1.9999563694000244,0.026383930817246437,2.0007622241973877,0.09984221309423447,0.002495391760021448,0.09596575051546097,0.3516891300678253,2.721212387084961
0.0438047559449311,5.3986189046604816,-0.23913028420040497,-0.23913028420040497,-1.9057232930650387,-1.9998407363891602,0.0203265193849802,2.00119948387146,0.0768844336271286,0.0029157674871385098,0.13152320683002472,0.36360934376716614,1.8887372016906738
0.0481852315394242,6.060165661016333,-0.3132034151020362,-0.3132034151020362,0.3893648843645846,-1.9997516870498657,-0.00955219380557537,2.0015363693237305,-0.009997472167015076,0.0034919017925858498,0.1801930069923401,0.37188291549682617,-1.6633095741271973
0.0525657071339173,4.770821696700528,-0.3109872760336564,-0.3109872760336564,0.8586839034710921,-1.999793529510498,-1.973286271095276e-05,2.001492500305176,0.010652132332324982,0.004281233064830303,0.15967579185962677,0.36459681391716003,-0.618019700050354
0.0569461827284105,5.995417747730476,-0.9748775921634989,-0.9748775921634989,-0.823703342857473,-1.9997936487197876,0.01661580614745617,2.0015392303466797,0.04255833849310875,0.004980688914656639,0.12551768124103546,0.3618896007537842,1.3046478033065796
0.0613266583229036,5.602831645981089,-0.22224320308893047,-0.22224320308893047,1.2926547154111987,-1.999720811843872,0.005325600504875183,2.001725673675537,0.008643649518489838,0.005530516151338816,0.12110291421413422,0.3676045835018158,-0.06648588180541992
0.0657071339173967,5.853719509769687,-0.02523992561103655,-0.02523992561103655,-2.1563221184672994,-1.9996974468231201,0.02989833429455757,2.0017635822296143,0.06624022871255875,0.006061004474759102,0.07686309516429901,0.36731335520744324,2.7570815086364746
0.0700876095118898,8.52309291071932,0.8983057552132934,0.8983057552132934,1.2304041775470256,-1.9995664358139038,-0.0038749277591705322,2.002053737640381,-0.028377510607242584,0.00639770133420825,0.1390974521636963,0.379390686750412,-1.2735028266906738
0.0744680851063829,4.541858627602017,-0.09727149768777088,-0.09727149768777088,-2.312294381012209,-1.99958336353302,0.02180119790136814,2.001929521560669,0.048416800796985626,0.007007014472037554,0.1293991208076477,0.37381213903427124,1.555084466934204
0.078848560700876,4.292471791252639,1.8610587399103005,1.8610587399103005,1.1943908452511458,-1.9994878768920898,-0.016332576051354408,2.0021417140960693,-0.06277350336313248,0.0075738439336419106,0.19408480823040009,0.3806241452693939,-2.8450610637664795
0.0832290362953692,7.810184003958594,-0.2508278573140106,-0.2508278573140106,-1.1955500777606585,-1.9995594024658203,0.0075874291360378265,2.0018668174743652,-0.020223788917064667,0.00842402782291174,0.21355362236499786,0.3681614100933075,-0.2764761447906494
0.0876095118898623,7.123778202694748,1.1502061850243595,1.1502061850243595,2.0291986142501575,-1.9995261430740356,-0.009513918310403824,2.0017781257629395,-0.056694258004426956,0.009359493851661682,0.24114251136779785,0.36695030331611633,-2.3068931102752686
0.0919899874843554,5.752293173677851,0.09333902979912681,0.09333902979912681,-0.8948564155739693,-1.9995678663253784,0.028998002409934998,2.0015296936035156,0.045238811522722244,0.010415812954306602,0.21547314524650574,0.35684502124786377,2.051342248916626
0.0963704630788485,7.186368961160589,1.931085811748278,1.931085811748278,-0.5596733241333993,-1.9994407892227173,0.017039604485034943,2.001727819442749,0.006144985556602478,0.011359687894582748,0.24433158338069916,0.3658308684825897,0.5286771059036255
0.1007509386733416,7.99009927332209,-0.27168756022601526,-0.27168756022601526,-0.834078182452825,-1.9993661642074585,0.010808002203702927,2.0017547607421875,-0.00675723422318697,0.012429976835846901,0.3170696496963501,0.36814671754837036,-0.26325559616088867
0.1051314142678347,4.326402251405829,-0.5618476026423909,-0.5618476026423909,1.7063152445994694,-1.9993188381195068,0.00022198539227247238,2.001725196838379,-0.02571987360715866,0.013818892650306225,0.3334932327270508,0.3669935464859009,-1.5655488967895508
0.1095118898623279,4.351966562561385,-0.4696067227199564,-0.4696067227199564,-0.3656171337902805,-1.9993178844451904,0.0317964069545269,2.001612424850464,0.04049072414636612,0.015279751271009445,0.26725566387176514,0.3601357042789459,2.0250298976898193
0.113892365456821,5.263120637263442,-0.8053283973525143,-0.8053283973525143,-0.14903835052912623,-1.9991786479949951,0.028140833601355553,2.0017898082733154,0.014379611238837242,0.016450457274913788,0.26421883702278137,0.36900630593299866,1.4930098056793213
0.1182728410513141,4.865595710286087,1.7670148481717853,1.7670148481717853,-1.5775521890726718,-1.9990553855895996,0.02841121517121792,2.0018527507781982,0.004999084398150444,0.017607862129807472,0.24505308270454407,0.375546395778656,1.4324314594268799
0.1226533166458072,5.520749339565055,-0.026156338705289717,-0.026156338705289717,1.437868006482246,-1.9989309310913086,0.0034440606832504272,2.0018746852874756,-0.07094883918762207,0.01868131197988987,0.3427250385284424,0.3818211257457733,-1.4899787902832031
0.1270337922403003,5.945889515400046,0.38453997852427063,0.38453997852427063,-1.9685757961952899,-1.9989157915115356,0.0321628600358963,2.001563787460327,-0.007987074553966522,0.020182611420750618,0.2999708950519562,0.3752942979335785,1.61887788772583
0.1314142678347934,7.67350812476283,-2.2779221326310357,-2.2779221326310357,1.2169968401108093,-1.9987748861312866,0.0010737162083387375,2.001528739929199,-0.09307719767093658,0.02149662747979164,0.36868932843208313,0.3823857605457306,-2.0332508087158203
0.1357947434292866,6.509485860907908,-2.8627527035401066,-2.8627527035401066,-0.23523005313943057,-1.9987702369689941,0.027355045080184937,2.0011210441589355,-0.02352568507194519,0.02311166189610958,0.26662659645080566,0.3734791576862335,0.7324244976043701
0.1401752190237797,6.085443172802962,0.4041217281238776,0.4041217281238776,-0.797141257999554,-1.9986504316329956,0.026867058128118515,2.0010180473327637,-0.027129914611577988,0.02427961304783821,0.18989460170269012,0.37668752670288086,0.5564190149307251
0.1445556946182728,5.4005990856162684,-2.05318449664516,-2.05318449664516,0.43992185255782656,-1.998532772064209,0.01627672091126442,2.000899314880371,-0.058948684483766556,0.025111442431807518,0.22497528791427612,0.3791249096393585,-0.7573542594909668
0.1489361702127659,7.533891564972514,0.3846261601308214,0.3846261601308214,-0.04815400595330169,-1.9984614849090576,0.027169739827513695,2.000641107559204,-0.041066210716962814,0.026096941903233528,0.15216867625713348,0.37580734491348267,0.36047375202178955
0.153316645807259,7.183761436061859,1.0958092942319155,1.0958092942319155,-0.058233911008057526,-1.998342514038086,0.030627956613898277,2.0004611015319824,-0.028490155935287476,0.026763513684272766,0.16480723023414612,0.3773863911628723,0.6029281616210938
0.1576971214017521,5.748900766824436,1.1036055983461328,1.1036055983461328,-2.1971322782873024,-1.9982084035873413,0.03377098962664604,2.0003364086151123,-0.019058771431446075,0.027485447004437447,0.19850894808769226,0.38002750277519226,0.8094877004623413
0.1620775969962453,4.355854881353589,-0.2595728387159081,-0.2595728387159081,0.7432021354364012,-1.9980604648590088,-0.0017723813652992249,2.0002529621124268,-0.1155746802687645,0.028355009853839874,0.29490095376968384,0.383573442697525,-3.306183338165283
0.1664580725907384,5.814295369688955,-0.1291250071347356,-0.1291250071347356,1.7245394271692314,-1.9980682134628296,0.015164323151111603,1.9997466802597046,-0.09270219504833221,0.029646815732121468,0.2656167447566986,0.3690907955169678,-1.6315802335739136
0.1708385481852315,5.753993687930442,0.8364970446946116,0.8364970446946116,-0.5038110163270709,-1.9980018138885498,0.04858088493347168,1.9993406534194946,-0.01433832198381424,0.030810343101620674,0.21148386597633362,0.36194369196891785,2.0632991790771484
0.1752190237797246,5.4263824127146325,-0.1635219738521085,-0.1635219738521085,-0.4084411054305208,-1.9977890253067017,0.043864138424396515,1.9992778301239014,-0.03586200624704361,0.031736742705106735,0.2506251037120819,0.37098193168640137,1.3205138444900513
0.1795994993742177,5.969630390470053,-2.378042645690384,-2.378042645690384,-0.22800148392779707,-1.9975968599319458,0.04023297503590584,1.9991207122802734,-0.055515360087156296,0.032834600657224655,0.25777751207351685,0.3767664134502411,0.7520689368247986
0.1839799749687108,7.274058436217194,1.0221284819236178,1.0221284819236178,0.7077104370257066,-1.9974206686019897,0.03995656594634056,1.9988775253295898,-0.06292552500963211,0.03396378830075264,0.19498950242996216,0.3800608217716217,0.5668408870697021
0.188360450563204,3.185435144040044,-2.131993189117593,-2.131993189117593,-1.859381992321401,-1.9972456693649292,0.05709495022892952,1.9986019134521484,-0.01880665123462677,0.03481793403625488,0.20417150855064392,0.3825438618659973,2.3026609420776367
0.1927409261576971,6.105045709296588,0.20061702861164257,0.20061702861164257,-0.45548737274345596,-1.9969955682754517,0.026458298787474632,1.9985195398330688,-0.12005583196878433,0.03571230173110962,0.19621039927005768,0.39263060688972473,-1.2554340362548828
0.1971214017521902,6.2424738923394365,1.300221515301028,1.300221515301028,1.0626739215446785,-1.9968796968460083,0.02224447950720787,1.9979935884475708,-0.13652370870113373,0.036571796983480453,0.21537072956562042,0.3871312141418457,-1.8886972665786743
0.2015018773466833,6.4056063650660695,0.16442236071066066,0.16442236071066066,-0.09155856814152863,-1.9967823028564453,0.04582814872264862,1.9973955154418945,-0.08484213054180145,0.037515223026275635,0.22230787575244904,0.37885782122612,0.5068658590316772
0.2058823529411764,7.772247832874693,0.2907557787320748,0.2907557787320748,-1.0825402931632584,-1.9965815544128418,0.04839634895324707,1.9970238208770752,-0.08284030109643936,0.03848903626203537,0.2297833263874054,0.3810781240463257,0.6131224036216736
0.2102628285356695,3.950183453112383,-0.22502591461597415,-0.22502591461597415,1.0386937682888977,-1.9963696002960205,0.03430453687906265,1.9966609477996826,-0.11435600370168686,0.039495594799518585,0.26988792419433594,0.3837638795375824,-1.1918458938598633
0.2146433041301627,5.925511621668498,0.5416433948826281,0.5416433948826281,-1.0396053557457217,-1.996219277381897,0.05566801130771637,1.9961600303649902,-0.08111400157213211,0.04067783057689667,0.2329833060503006,0.37854301929473877,1.0534839630126953
0.2190237797246558,7.105343385126118,1.5095172783297177,1.5095172783297177,0.500149892801352,-1.995975375175476,0.041387803852558136,1.9958046674728394,-0.12492556124925613,0.041698407381772995,0.2791607975959778,0.38315778970718384,-0.748713493347168
0.2234042553191489,7.011625007850178,0.5609491697139712,0.5609491697139712,-1.3616078498498014,-1.9957940578460693,0.055224448442459106,1.9952573776245117,-0.09135935455560684,0.042921263724565506,0.3086375296115875,0.37987807393074036,0.566886305809021
0.227784730913642,8.70983625932674,0.15573944434231726,0.15573944434231726,0.5038193601945402,-1.9955521821975708,0.035942040383815765,1.9948571920394897,-0.14109808206558228,0.044273242354393005,0.36478227376937866,0.3823612928390503,-1.82720148563385
0.2321652065081351,5.177126246334069,0.7231188966609147,0.7231188966609147,0.5439264254431778,-1.9953947067260742,0.051337964832782745,1.994239091873169,-0.09518258273601532,0.04587116092443466,0.35461723804473877,0.37435728311538696,-0.431565523147583
0.2365456821026282,6.538430251990093,2.459154400856736,2.459154400856736,-0.7946688933126578,-1.9951698780059814,0.06450027972459793,1.9938220977783203,-0.07430025935173035,0.0474245548248291,0.3598502278327942,0.3724668323993683,0.8853861093521118
0.2409261576971214,3.958715073770551,-2.638756559739382,-2.638756559739382,0.6665521179715455,-1.994887351989746,0.05540578439831734,1.9934966564178467,-0.10257899761199951,0.04900087043642998,0.454872190952301,0.3763452470302582,-0.4003027677536011
0.2453066332916145,5.501854479596088,-0.793943113855896,-0.793943113855896,-1.1047305422577733,-1.9946446418762207,0.07000277936458588,1.9930473566055298,-0.08560380339622498,0.0509934276342392,0.35834670066833496,0.37459173798561096,1.1056904792785645
0.2496871088861076,3.4552566635463284,0.05860503229732737,0.05860503229732737,-0.6876316758403889,-1.994338035583496,0.054859403520822525,1.992672324180603,-0.13561424612998962,0.05256315693259239,0.3674226701259613,0.3794351816177368,-0.8440301418304443
0.2540675844806007,4.792096490772943,1.1493617937309248,1.1493617937309248,0.2836530981175701,-1.9940977096557617,0.0453546866774559,1.9920783042907715,-0.1826847791671753,0.05417264252901077,0.3892151415348053,0.3757379353046417,-2.0564029216766357
0.2584480600750938,8.785085511081785,0.14987882798152324,0.14987882798152324,2.052957517662457,-1.9938989877700806,0.05438593029975891,1.991278052330017,-0.17649875581264496,0.05587758868932724,0.4144965708255768,0.3667299151420593,-1.2744582891464233
0.2628285356695869,9.286389744941115,0.6201566251503199,0.6201566251503199,-2.055463851728085,-1.993660807609558,0.09643878042697906,1.9905048608779907,-0.06057552993297577,0.05769328027963638,0.3589206337928772,0.3611471951007843,3.211892604827881
0.2672090112640801,4.833765831851197,-2.705725801809315,-2.705725801809315,-0.001903980072451017,-1.9932383298873901,0.06989726424217224,1.9902395009994507,-0.12460654973983765,0.05926552414894104,0.437057226896286,0.3752168118953705,-0.4560720920562744
0.2715894868585732,5.95202339390729,-1.8607624874358573,-1.8607624874358573,-0.5540450025175366,-1.9929322004318237,0.07372280955314636,1.9896936416625977,-0.13064219057559967,0.06118004396557808,0.35809704661369324,0.37321901321411133,-0.24025413393974304
0.2759699624530663,8.429004010940783,-1.1052230448140559,-1.1052230448140559,-1.0112276597849423,-1.9926092624664307,0.06886586546897888,1.9891213178634644,-0.15267214179039001,0.06274867802858353,0.31993675231933594,0.37216657400131226,-1.0723658800125122
0.2803504380475594,7.2776853665288375,0.8102025790567399,0.8102025790567399,1.9064609084374795,-1.9923075437545776,0.058271992951631546,1.9884525537490845,-0.17612671852111816,0.06415015459060669,0.3171917796134949,0.36746910214424133,-2.701533794403076
0.2847309136420525,5.981849979386261,0.9426703515086785,0.9426703515086785,-2.3527851275667113,-1.9920523166656494,0.09769521653652191,1.9876810312271118,-0.07854436337947845,0.06553960591554642,0.2851775586605072,0.3556351065635681,1.4253993034362793
0.2891113892365456,10.163725998856476,2.531830847273107,2.531830847273107,1.123810346017048,-1.991624355316162,0.06363783776760101,1.9873369932174683,-0.18110838532447815,0.06678882241249084,0.38141530752182007,0.36187902092933655,-2.984022617340088
0.2934918648310388,7.103319458454893,1.973542787426447,1.973542787426447,0.7748020991615383,-1.9913456439971924,0.09199804067611694,1.9865436553955078,-0.09622570872306824,0.06845960021018982,0.42253395915031433,0.34880757331848145,-0.28218650817871094
0.2978723404255319,4.511400689829712,-1.02335972183643,-1.02335972183643,-2.3642808011315193,-1.9909425973892212,0.11057575792074203,1.9861221313476562,-0.04985668882727623,0.07031050324440002,0.45754098892211914,0.347571462392807,1.5863845348358154
0.302252816020025,4.0591339454708555,1.90054329178406,1.90054329178406,0.6289897812502705,-1.9904582500457764,0.07613864541053772,1.9859037399291992,-0.16452795267105103,0.07231475412845612,0.49670013785362244,0.3545205891132355,-2.9124934673309326
0.3066332916145181,8.49836235043655,-1.8725526034562914,-1.8725526034562914,0.36172980588823256,-1.9901247024536133,0.09091772139072418,1.9851830005645752,-0.14846697449684143,0.07449053972959518,0.5338335037231445,0.3417624831199646,-1.4740982055664062
0.3110137672090112,4.271016540942714,-3.3994082172638667,-3.3994082172638667,-0.03056442187196784,-1.9897264242172241,0.1042911484837532,1.9845325946807861,-0.1099436804652214,0.0768289864063263,0.46858537197113037,0.33530524373054504,-0.3622654676437378
0.3153942428035043,8.284488727411427,0.6017520083887149,0.6017520083887149,0.07006097079201351,-1.9892696142196655,0.1075652614235878,1.984050989151001,-0.12147564440965652,0.07888161391019821,0.37020444869995117,0.33371835947036743,-0.22574177384376526
0.3197747183979975,7.01880543199999,2.37015266488728,2.37015266488728,-0.8060059242870119,-1.9887983798980713,0.11602717638015747,1.9835188388824463,-0.0976116806268692,0.08050328493118286,0.3857315182685852,0.3327294886112213,0.29691341519355774
0.3241551939924906,7.1139558312394735,1.642587427111331,1.642587427111331,0.5836481739537286,-1.9882900714874268,0.10975807160139084,1.9830912351608276,-0.12305203825235367,0.08219297230243683,0.4784854054450989,0.3340301215648651,-0.982632040977478
0.3285356695869837,9.008295343862592,-0.5931226410045187,-0.5931226410045187,-0.10095669728918752,-1.9878093004226685,0.12548089027404785,1.982552170753479,-0.085032619535923,0.08428896963596344,0.5094097852706909,0.3297257125377655,0.5084705352783203
0.3329161451814768,9.036420430594362,-0.24179565892361574,-0.24179565892361574,-0.15243024581879283,-1.9872596263885498,0.1322403848171234,1.9821796417236328,-0.06333283334970474,0.08652042597532272,0.4950369894504547,0.3319530487060547,0.7251832485198975
0.3372966207759699,6.207470194233794,-1.8366650974856376,-1.8366650974856376,-0.4315353059627381,-1.9866803884506226,0.13839532434940338,1.9819022417068481,-0.043767306953668594,0.088688924908638,0.4924272298812866,0.3351297080516815,0.8407385945320129
0.341677096370463,7.817498008885761,-0.3308023307909927,-0.3308023307909927,0.2716445469328084,-1.9860742092132568,0.13761429488658905,1.9817105531692505,-0.05855604633688927,0.090845987200737,0.4513929784297943,0.33881253004074097,0.269475519657135
0.3460575719649562,6.377029151711931,-1.4908327830242838,-1.4908327830242838,-0.9398379319498048,-1.9854713678359985,0.14954930543899536,1.9814540147781372,-0.029253151267766953,0.09282330423593521,0.4337996244430542,0.3399929702281952,1.172436237335205
0.3504380475594493,9.318575149442328,2.269821330424561,2.269821330424561,1.0837993146045424,-1.984816312789917,0.14100651443004608,1.9813258647918701,-0.06566350162029266,0.09472355246543884,0.4177088141441345,0.3451288044452667,-0.4028360843658447
0.3548185231539424,8.44996475641287,-1.4754369283887296,-1.4754369283887296,-1.8730321285967184,-1.9841986894607544,0.16792164742946625,1.981038212776184,0.011615663766860962,0.09655331820249557,0.4523444175720215,0.3433641791343689,2.186065912246704
0.3591989987484355,4.84524586779976,-1.1303842217970466,-1.1303842217970466,0.39356971943330044,-1.983463168144226,0.14684411883354187,1.9810891151428223,-0.05098026245832443,0.09853480011224747,0.46395546197891235,0.3529402017593384,-1.1506931781768799
0.3635794743429286,5.260511691102381,-0.5276805959501911,-0.5276805959501911,0.17135768918944655,-1.98281991481781,0.15851083397865295,1.9808658361434937,-0.039198677986860275,0.10056714713573456,0.41945117712020874,0.3478996157646179,-0.14312422275543213
0.3679599499374217,6.969514459793654,-0.3878070882594794,-0.3878070882594794,-0.826253992179608,-1.9821255207061768,0.16681694984436035,1.9806941747665405,-0.03412514552474022,0.10240454226732254,0.39903703331947327,0.347272664308548,0.44176650047302246
0.3723404255319149,6.678379023329331,0.9117500846216964,0.9117500846216964,-0.6285833654559618,-1.9813947677612305,0.16077955067157745,1.9805446863174438,-0.06078827753663063,0.10415251553058624,0.4118410646915436,0.3492078185081482,-0.8797628879547119
0.376720901126408,5.489241354370123,0.08701805289584341,0.08701805289584341,0.20471297553068266,-1.9806904792785645,0.15774251520633698,1.9802783727645874,-0.08081427961587906,0.10595657676458359,0.4568236768245697,0.3453540503978729,-1.8213289976119995
0.3811013767209011,6.626017282886625,-0.25868670468487776,-0.25868670468487776,0.6338259348641619,-1.9799995422363281,0.16732004284858704,1.9799243211746216,-0.07260025292634964,0.10795768350362778,0.4533866047859192,0.3373757600784302,-1.158940315246582
0.3854818523153942,6.283370057310888,-0.808400671989756,-0.808400671989756,-0.35954200575305006,-1.97926664352417,0.1846858114004135,1.9796062707901,-0.03618927672505379,0.10994373261928558,0.4273224174976349,0.33229905366897583,0.41115009784698486
0.3898623279098873,8.73911554498855,0.20461600748046752,0.20461600748046752,0.34737103426812244,-1.9784576892852783,0.18598078191280365,1.9794477224349976,-0.04718606173992157,0.11181560903787613,0.4142143130302429,0.3341000974178314,-0.011606723070144653
0.3942428035043804,5.775231894992914,2.7906217754282125,2.7906217754282125,-0.4409476309550795,-1.9776430130004883,0.2011253386735916,1.9792410135269165,-0.007415309548377991,0.11363006383180618,0.41004541516304016,0.334049254655838,1.0872966051101685
0.3986232790988736,3.3628140208420785,-2.157529914773924,-2.157529914773924,-1.1455305228606931,-1.9767619371414185,0.20081251859664917,1.9792085886001587,-0.026030126959085464,0.11542625725269318,0.5044174790382385,0.3388121426105499,0.47892314195632935
0.4030037546933667,4.859346937564936,0.16400287282105014,0.16400287282105014,-0.26706973656293787,-1.9758822917938232,0.18646608293056488,1.9790945053100586,-0.09486402571201324,0.11763584613800049,0.4748638868331909,0.34091004729270935,-1.6445996761322021
0.4073842302878598,6.9849742470403235,-0.18912350131059244,-0.18912350131059244,0.38572185824510574,-1.9750654697418213,0.18808132410049438,1.9786789417266846,-0.11271022260189056,0.11971597373485565,0.48745256662368774,0.33370593190193176,-1.9497203826904297
0.4117647058823529,7.05797234762219,-1.4876608059995724,-1.4876608059995724,1.0929891655287678,-1.9742416143417358,0.2026176154613495,1.9781851768493652,-0.08482416719198227,0.12185125052928925,0.47066524624824524,0.3251652419567108,-0.8556592464447021
0.416145181476846,4.034055578175141,1.046815899226512,1.046815899226512,0.1198987795750168,-1.9733541011810303,0.22762614488601685,1.9778136014938354,-0.024159744381904602,0.1239129900932312,0.39530208706855774,0.32141703367233276,1.6504263877868652
0.4205256570713391,5.469272312379533,0.5499449925259807,0.5499449925259807,-1.2767876072697997,-1.9723570346832275,0.2344619631767273,1.9777077436447144,-0.030827945098280907,0.12564459443092346,0.4223710000514984,0.3286466896533966,2.078165292739868
0.4249061326658322,3.7168082074540676,-0.6862656524539361,-0.6862656524539361,-0.8249688364873438,-1.971329927444458,0.22174160182476044,1.9775726795196533,-0.08976607769727707,0.12749478220939636,0.4757173955440521,0.33775004744529724,-0.20732402801513672
0.4292866082603254,5.351692929724906,0.21916297254111908,0.21916297254111908,1.069507242464057,-1.9703586101531982,0.2132081240415573,1.9771794080734253,-0.1414649337530136,0.12957864999771118,0.47976797819137573,0.336841881275177,-1.6757428646087646
0.4336670838548185,8.142705260547869,0.4170579911897029,0.4170579911897029,-0.3332947889817378,-1.9694246053695679,0.2369728833436966,1.9765597581863403,-0.09528553485870361,0.13168026506900787,0.454935222864151,0.32950133085250854,0.7035171985626221
0.4380475594493116,6.6123140890962295,-0.39395256735250667,-0.39395256735250667,-0.4953679037742714,-1.9683865308761597,0.2419499158859253,1.976142406463623,-0.09093942493200302,0.13367310166358948,0.47684791684150696,0.33258306980133057,0.42168334126472473
0.4424280350438047,8.039219836595555,-1.7965723817548023,-1.7965723817548023,-0.4229982970770476,-1.9673266410827637,0.2425328642129898,1.9757440090179443,-0.10563907027244568,0.13576191663742065,0.47980955243110657,0.3344302475452423,-0.2545601427555084
0.4468085106382978,5.88016735294297,1.7608963633848012,1.7608963633848012,-0.16999961619437787,-1.966264247894287,0.2461155205965042,1.9752812385559082,-0.10614114254713058,0.13786371052265167,0.4396968483924866,0.3333151638507843,-0.7198697328567505
0.4511889862327909,6.076378484492892,0.1921670094587145,0.1921670094587145,-0.8460376670045557,-1.9651861190795898,0.25105422735214233,1.9748163223266602,-0.11177950352430344,0.13978978991508484,0.49608513712882996,0.33016178011894226,-0.7825577855110168
0.4555694618272841,5.92080820478466,-0.4512313234549859,-0.4512313234549859,0.24145953005796134,-1.9640864133834839,0.24586153030395508,1.974326729774475,-0.14649203419685364,0.14196288585662842,0.5264040231704712,0.32673379778862,-2.1814677715301514
0.4599499374217772,6.858589786595938,-1.521777073743998,-1.521777073743998,-0.2866204803927109,-1.9630094766616821,0.25776058435440063,1.9736850261688232,-0.13334818184375763,0.14426878094673157,0.5061752796173096,0.3171779215335846,-1.4226387739181519
0.4643304130162703,8.782582080238258,1.0314598804747446,1.0314598804747446,0.39319366652418875,-1.9618803262710571,0.26267296075820923,1.9731009006500244,-0.13685086369514465,0.1464860737323761,0.47010478377342224,0.3109460771083832,-1.670239806175232
0.4687108886107634,10.917215802739555,0.027707211407209997,0.027707211407209997,0.7718655051569385,-1.960729718208313,0.28027909994125366,1.9725013971328735,-0.09471160173416138,0.14854535460472107,0.48874416947364807,0.30362963676452637,-0.4734325408935547
0.4730913642052565,5.1341830885989985,-2.2353977796626343,-2.2353977796626343,-2.3608533141698853,-1.9595019817352295,0.3057900369167328,1.9720865488052368,-0.01879335194826126,0.15068629384040833,0.4670123755931854,0.3015557825565338,1.5785822868347168
0.4774718397997496,7.322166356581846,-1.595809350256089,-1.595809350256089,0.38906888548053975,-1.9581624269485474,0.27938613295555115,1.9720041751861572,-0.13024060428142548,0.1527320295572281,0.470676064491272,0.3084707260131836,-2.8782572746276855
0.4818523153942428,6.16759597449499,0.8334765530185126,0.8334765530185126,0.4714776399189266,-1.956938624382019,0.29579904675483704,1.9714336395263672,-0.09967027604579926,0.15479381382465363,0.41271132230758667,0.2958625853061676,-1.7580373287200928
0.4862327909887359,4.378075898171978,-0.8208060334788719,-0.8208060334788719,-0.4165961127446913,-1.9556429386138916,0.31105440855026245,1.9709970951080322,-0.0739087164402008,0.156601682305336,0.42328283190727234,0.2881615459918976,-0.5276552438735962
0.490613266583229,7.790338105748502,0.30544894314624166,0.30544894314624166,0.25808065418532455,-1.9542803764343262,0.311384916305542,1.9706733226776123,-0.10241556912660599,0.15845586359500885,0.41147860884666443,0.2858501672744751,-1.1494660377502441
0.4949937421777221,3.839042914292107,-1.8705724143678342,-1.8705724143678342,0.06934052811217994,-1.9529163837432861,0.3256809115409851,1.9702247381210327,-0.07387057691812515,0.16025833785533905,0.4128619134426117,0.2808149456977844,-0.2663919925689697
0.4993742177722152,6.522745573416956,0.3893808476597108,0.3893808476597108,-0.31377698491658546,-1.9514896869659424,0.33189716935157776,1.969901204109192,-0.08422771096229553,0.16206687688827515,0.35621029138565063,0.2796480357646942,0.053802281618118286
0.5037546933667083,3.7546500673427423,2.002194806365239,2.002194806365239,0.6834013248075225,-1.950035810470581,0.3368166387081146,1.9695322513580322,-0.09161511063575745,0.1636272519826889,0.37674471735954285,0.2798837125301361,-0.261172890663147
0.5081351689612015,9.831037928907186,0.9944968159650476,0.9944968159650476,-0.9232406812760734,-1.948560357093811,0.35110124945640564,1.9691309928894043,-0.07441992312669754,0.16527757048606873,0.41525766253471375,0.27873966097831726,1.2774423360824585
0.5125156445556946,2.423824298026309,-0.687873891739119,-0.687873891739119,-0.8538623458039364,-1.9470223188400269,0.35297688841819763,1.968804955482483,-0.08453139662742615,0.1670965999364853,0.4712616801261902,0.2843354642391205,-0.09345495700836182
0.5168961201501877,5.961727947438391,-2.7116326397156643,-2.7116326397156643,0.8864442441636129,-1.9454760551452637,0.3449877202510834,1.9684346914291382,-0.14811517298221588,0.16916094720363617,0.4761090576648712,0.2839260995388031,-1.678073525428772
0.5212765957446808,6.215698794605775,0.7413929256396788,0.7413929256396788,-0.3233465973432186,-1.9439648389816284,0.3657270669937134,1.9677858352661133,-0.10484914481639862,0.17124652862548828,0.37103378772735596,0.27657532691955566,0.3695446252822876
0.5256570713391739,5.031953354750818,-0.7676093079154972,-0.7676093079154972,-0.1784405319531604,-1.9423627853393555,0.3705093562602997,1.9673265218734741,-0.11509442329406738,0.17287182807922363,0.40212756395339966,0.2781940996646881,0.021350443363189697
0.5300375469336671,4.122565248650703,-0.4484401519540146,-0.4484401519540146,-1.4032937481003709,-1.9407397508621216,0.37550660967826843,1.9668223857879639,-0.1277458667755127,0.17463333904743195,0.38492196798324585,0.2782876193523407,-0.09466428309679031
0.5344180225281602,9.06694072830407,1.4734742510246401,1.4734742510246401,1.3339694586362825,-1.9390949010849,0.36314278841018677,1.9662628173828125,-0.20365998148918152,0.17631947994232178,0.4128067195415497,0.2778729498386383,-2.692033052444458
0.5387984981226532,6.006977537109802,-0.2506651279890868,-0.2506651279890868,-1.0201622092058944,-1.9375041723251343,0.3947938084602356,1.9653706550598145,-0.11614546179771423,0.17812776565551758,0.41688069701194763,0.2660805583000183,0.3944823741912842
0.5431789737171464,5.450515373336599,0.3712269272867068,0.3712269272867068,-0.8552193891632136,-1.935774803161621,0.39087921380996704,1.9648618698120117,-0.16018465161323547,0.1799539029598236,0.43935245275497437,0.26780858635902405,-1.3502154350280762
0.5475594493116396,6.595253046446538,1.117561258727317,1.117561258727317,1.892145671833803,-1.9340626001358032,0.3883906304836273,1.9641602039337158,-0.20091944932937622,0.1818784773349762,0.4751685857772827,0.26189398765563965,-2.7930748462677
0.5519399249061326,4.839736786602003,-1.3432830347368765,-1.3432830347368765,-1.7520679800753864,-1.9323612451553345,0.4224945306777954,1.9632800817489624,-0.10627730935811996,0.1839599460363388,0.4525482654571533,0.2496589869260788,1.2876145839691162
0.5563204005006257,4.325857289915681,-1.2270154517847167,-1.2270154517847167,0.7601216428878435,-1.9305105209350586,0.409235417842865,1.9628145694732666,-0.19339518249034882,0.18594232201576233,0.46448609232902527,0.2552993595600128,-1.969177484512329
0.5607008760951189,2.492312926343989,1.767210970385836,1.767210970385836,-0.5291008350740869,-1.928717851638794,0.42538008093833923,1.9619673490524292,-0.16822156310081482,0.18797698616981506,0.406455397605896,0.24667342007160187,-0.24982798099517822
0.565081351689612,3.4824463891178468,0.4796975276341609,0.4796975276341609,0.01886984268284314,-1.9268544912338257,0.4230090081691742,1.9612305164337158,-0.21665123105049133,0.18975745141506195,0.47351497411727905,0.2455790489912033,-1.1841204166412354
0.5694618272841051,5.559529095120074,0.0415435074534114,0.0415435074534114,-0.586009342130142,-1.9250015020370483,0.42871445417404175,1.960281491279602,-0.23214632272720337,0.19183167815208435,0.4869726002216339,0.2403920441865921,-0.9803638458251953
0.5738423028785982,5.278085523507368,0.4810603085786118,0.4810603085786118,0.5713599485829837,-1.9231234788894653,0.4307177662849426,1.9592646360397339,-0.25982511043548584,0.1939648538827896,0.5052991509437561,0.23609758913516998,-1.8814382553100586
0.5782227784730913,4.530734444508442,-1.185215903460691,-1.185215903460691,0.2526745003437304,-1.9212367534637451,0.44565635919570923,1.958126425743103,-0.23596921563148499,0.19617830216884613,0.5026621222496033,0.22785599529743195,-0.4920452833175659
0.5826032540675845,6.3236610542803575,-0.0846302553578428,-0.0846302553578428,-1.53927286117406,-1.9192845821380615,0.45546266436576843,1.9570927619934082,-0.23253542184829712,0.19838020205497742,0.46067115664482117,0.22570060193538666,0.22737371921539307
0.5869837296620776,8.16171455590009,-2.3782425931230344,-2.3782425931230344,1.3291281214375104,-1.9172894954681396,0.448923259973526,1.9560741186141968,-0.29887351393699646,0.20039816200733185,0.5031513571739197,0.22669661045074463,-2.5345191955566406
0.5913642052565706,8.603689087378099,-0.6746670778649972,-0.6746670778649972,-0.5671038865133556,-1.91532301902771,0.47678110003471375,1.95476496219635,-0.21772173047065735,0.20260220766067505,0.3948843777179718,0.21559421718120575,0.5011889934539795
0.5957446808510638,5.993478397002911,1.0624660405607642,1.0624660405607642,-0.3714425983236018,-1.9132344722747803,0.4846456050872803,1.9538112878799438,-0.22142797708511353,0.20433199405670166,0.39174318313598633,0.2177896648645401,-0.21646934747695923
0.600125156445557,6.665223150710705,0.414275480885232,0.414275480885232,-0.4796795390166096,-1.9111114740371704,0.4903967082500458,1.9528412818908691,-0.23595044016838074,0.20604801177978516,0.43361786007881165,0.2168414294719696,-0.6694033145904541
0.60450563204005,4.387321300855081,0.5975195795446142,0.5975195795446142,0.8105790730335037,-1.9089633226394653,0.49623391032218933,1.9518077373504639,-0.2504200041294098,0.20794746279716492,0.45972418785095215,0.2139091193675995,-1.3056756258010864
0.6088861076345431,5.80870272325188,-0.5603107923534056,-0.5603107923534056,-0.17930095493095694,-1.9067895412445068,0.5117326378822327,1.9507107734680176,-0.222070574760437,0.20996128022670746,0.45350217819213867,0.20818963646888733,0.5175445079803467
0.6132665832290363,3.731557905234034,0.911884936688053,0.911884936688053,-0.7650658021866366,-1.904547929763794,0.5194264650344849,1.9497380256652832,-0.2290903627872467,0.21194782853126526,0.4423754811286926,0.2104567289352417,0.4382764995098114
0.6176470588235294,4.613677427593714,-0.774564455437089,-0.774564455437089,0.38085783045671134,-1.9022725820541382,0.517927348613739,1.9487345218658447,-0.27935442328453064,0.21388565003871918,0.4913477599620819,0.21237659454345703,-0.9062834978103638
0.6220275344180225,5.935422044488724,-0.10866617033329473,-0.10866617033329473,-0.0003155720684042962,-1.9000037908554077,0.5294845104217529,1.947510838508606,-0.2693589925765991,0.21603798866271973,0.45760577917099,0.20840664207935333,0.07236695289611816
0.6264080100125156,4.714947134485266,2.060021920860387,2.060021920860387,-1.0574778439522785,-1.8976844549179077,0.5393615365028381,1.9463309049606323,-0.26708653569221497,0.2180425226688385,0.4544416069984436,0.20872364938259125,0.35543185472488403
0.6307884856070087,6.350218111529916,-2.9728688915732895,-2.9728688915732895,1.1605146329150025,-1.8953218460083008,0.5368121862411499,1.945160984992981,-0.3235708177089691,0.220033198595047,0.5454825162887573,0.2102806121110916,-1.5242018699645996
0.6351689612015019,5.862168959797359,-1.0951462421846798,-1.0951462421846798,-1.0530243340166012,-1.892970323562622,0.5593780279159546,1.9437435865402222,-0.26396262645721436,0.22242267429828644,0.4247745871543884,0.20360387861728668,1.0894031524658203
0.639549436795995,4.873273646170828,-0.36569029154613186,-0.36569029154613186,-0.2507686311991444,-1.8905199766159058,0.5592921376228333,1.9425872564315796,-0.3116004765033722,0.2242833822965622,0.4235444962978363,0.2083759754896164,-0.7265704870223999
0.643929912390488,5.966747526231691,-1.8659933189854454,-1.8659933189854454,1.2805799132524465,-1.888069987297058,0.5652392506599426,1.9412223100662231,-0.3292097747325897,0.22613871097564697,0.42018842697143555,0.20519325137138367,-0.9928410053253174
0.6483103879849812,6.772352846638737,-0.6814387869377923,-0.6814387869377923,-2.6561463876687874,-1.8855940103530884,0.5881139636039734,1.9397802352905273,-0.2668643593788147,0.22797933220863342,0.32829850912094116,0.20084413886070251,1.8413856029510498
0.6526908635794744,3.044549036608232,0.5105330316582677,0.5105330316582677,1.0844250708262095,-1.8830177783966064,0.5748754739761353,1.9386112689971924,-0.38278189301490784,0.22941744327545166,0.3859662413597107,0.2089102864265442,-3.1222875118255615
0.6570713391739674,10.588286741507769,-0.44860750454510234,-0.44860750454510234,0.4671751738894567,-1.8804996013641357,0.5919622778892517,1.936934471130371,-0.3521057367324829,0.231108158826828,0.3692067861557007,0.19523318111896515,-0.8181653022766113
0.6614518147684605,9.476270125470982,-0.1282852095320053,-0.1282852095320053,-1.1809327917718655,-1.8779065608978271,0.614865243434906,1.9353920221328735,-0.29265716671943665,0.23272545635700226,0.34246301651000977,0.19164922833442688,0.6175553798675537
0.6658322903629537,6.49511348612438,-0.9006934286618685,-0.9006934286618685,1.0837432794137454,-1.8752131462097168,0.6207723021507263,1.9341100454330444,-0.31899669766426086,0.23422560095787048,0.37320366501808167,0.19435441493988037,-1.2806153297424316
0.6702127659574468,6.326643995277173,-0.1773521919858068,-0.1773521919858068,-2.35868539199346,-1.872493863105774,0.6424200534820557,1.9327126741409302,-0.2618095278739929,0.2358604073524475,0.31525182723999023,0.1887447088956833,1.1868641376495361
0.6745932415519399,6.574953123280424,0.030113982259469374,0.030113982259469374,0.6473445257737727,-1.8696798086166382,0.6326155662536621,1.9315658807754517,-0.3674716353416443,0.23724135756492615,0.3789536654949188,0.19394373893737793,-3.2062113285064697
0.678973717146433,5.0292850530310265,-1.8234252805799915,-1.8234252805799915,0.21200181263775814,-1.8669086694717407,0.6513802409172058,1.9299561977386475,-0.33034783601760864,0.23890136182308197,0.36092856526374817,0.17989900708198547,-1.60364830493927
0.6833541927409261,3.740946569351844,-1.8287911462387008,-1.8287911462387008,-0.3914389158848368,-1.8640552759170532,0.6624134182929993,1.9285091161727905,-0.3251993954181671,0.2404824048280716,0.30148765444755554,0.17287427186965942,-0.9416712522506714
0.6877346683354193,8.240856876527953,0.8896671976713925,0.8896671976713925,0.20190777598768136,-1.8611536026000977,0.6659553050994873,1.9270845651626587,-0.35821130871772766,0.24180306494235992,0.25951242446899414,0.16874930262565613,-1.5424585342407227
0.6921151439299124,7.505903797892653,-1.8276374740753132,-1.8276374740753132,0.831392525735223,-1.8582364320755005,0.682543933391571,1.9255154132843018,-0.3291475474834442,0.24293985962867737,0.2795971930027008,0.16199259459972382,-0.7476999163627625
0.6964956195244054,4.884536658205273,-0.2769351013470445,-0.2769351013470445,-0.8293710313234162,-1.8552465438842773,0.7024164795875549,1.924073576927185,-0.2759352922439575,0.2441646307706833,0.20194509625434875,0.1587173193693161,1.2648417949676514
0.7008760951188986,8.473324050659746,-1.2484822594367206,-1.2484822594367206,0.23412057266947572,-1.8521696329116821,0.7050609588623047,1.9228647947311401,-0.3210097551345825,0.24504925310611725,0.21807797253131866,0.1642579287290573,-0.1534641981124878
0.7052565707133918,5.084949543382601,-1.141499938348661,-1.141499938348661,-1.0209021783209637,-1.8490811586380005,0.7221634387969971,1.9214586019515991,-0.28865593671798706,0.24600453674793243,0.17478126287460327,0.16358567774295807,0.7162572741508484
0.7096370463078848,4.265239995264915,-1.057293740133718,-1.057293740133718,0.1155000107655274,-1.8459177017211914,0.7234609127044678,1.920194149017334,-0.3412114679813385,0.24677015841007233,0.17125943303108215,0.16672322154045105,-1.073699712753296
0.7140175219023779,5.679017855250772,0.7693842543351651,0.7693842543351651,-0.47748952672336065,-1.8427486419677734,0.7322425246238708,1.9186995029449463,-0.3464132845401764,0.2475203573703766,0.1370101422071457,0.16201990842819214,-0.640571117401123
0.718397997496871,7.19853633821382,0.8722658198202738,0.8722658198202738,0.8257751940537023,-1.8395410776138306,0.7389137148857117,1.9171820878982544,-0.36885327100753784,0.2481205314397812,0.17342281341552734,0.15921390056610107,-1.3205957412719727
0.7227784730913642,6.801804770896056,0.8148690595407944,0.8148690595407944,0.15516062855235413,-1.8363043069839478,0.7584261894226074,1.915566325187683,-0.3183034360408783,0.24888020753860474,0.1747804880142212,0.1534290611743927,0.6658885478973389
0.7271589486858573,6.170245492421435,-0.781667899130925,-0.781667899130925,-1.0840606719080526,-1.832982063293457,0.7719470262527466,1.9141720533370972,-0.3023877441883087,0.24964582920074463,0.19404606521129608,0.15634596347808838,1.2983803749084473
0.7315394242803503,3.682743592040119,-1.0156146468979217,-1.0156146468979217,0.11826739598299363,-1.8296005725860596,0.7753003239631653,1.9128473997116089,-0.34980323910713196,0.2504958510398865,0.20287689566612244,0.16203348338603973,-0.5658811330795288
0.7359198998748435,5.96195801375013,-0.0606251225706293,-0.0606251225706293,-0.1628833499387173,-1.8262044191360474,0.7830021381378174,1.9113150835037231,-0.3592953085899353,0.25138455629348755,0.1697639524936676,0.15955466032028198,-0.15512144565582275
0.7403003754693367,4.19525221665758,0.9073427825380863,0.9073427825380863,0.0015598952980600267,-1.8227745294570923,0.7927230596542358,1.9097411632537842,-0.3647846579551697,0.2521282136440277,0.17275021970272064,0.15887515246868134,-0.1955840140581131
0.7446808510638298,5.333185751612794,-1.2374685205809808,-1.2374685205809808,-1.3406179666651645,-1.8193020820617676,0.8004645705223083,1.9081432819366455,-0.37590453028678894,0.25288495421409607,0.19920195639133453,0.15801839530467987,0.007174506783485413
0.7490613266583228,6.022032429141246,-2.059834552403025,-2.059834552403025,1.0734020347017403,-1.815795660018921,0.8002230525016785,1.9064966440200806,-0.4417647123336792,0.2537575662136078,0.20221424102783203,0.1580498218536377,-2.4076571464538574
0.753441802252816,5.7371094759806525,-0.8739553867139639,-0.8739553867139639,-0.22931816264452431,-1.8122903108596802,0.8200476765632629,1.9045615196228027,-0.3885654807090759,0.25464335083961487,0.11071380227804184,0.14750313758850098,0.015554189682006836
0.7578222778473092,8.018649720053055,0.6135121490905275,0.6135121490905275,-0.8687600457956741,-1.808698058128357,0.8290199041366577,1.9028594493865967,-0.3989422619342804,0.25512832403182983,0.09188835322856903,0.14757126569747925,-0.16827084124088287
0.7622027534418022,5.793026675027157,-1.5449645588142062,-1.5449645588142062,0.08744066364891231,-1.8050665855407715,0.8377346396446228,1.9011118412017822,-0.42228391766548157,0.25553083419799805,0.1351754069328308,0.14683416485786438,-1.5165424346923828
0.7665832290362953,6.119244318357553,-1.51458735830301,-1.51458735830301,0.12561843876674014,-1.8013969659805298,0.8493002653121948,1.8992620706558228,-0.4173053801059723,0.25612297654151917,0.08750399947166443,0.140190988779068,-1.0672242641448975
0.7709637046307884,7.049235047407418,0.8405407361215104,0.8405407361215104,-0.12224322126359233,-1.797676682472229,0.8615527749061584,1.897434115409851,-0.40803298354148865,0.2565062940120697,0.0396047905087471,0.13551603257656097,-0.5266469717025757
0.7753441802252816,7.005451602114798,-0.2706458390502663,-0.2706458390502663,-0.4767222154028358,-1.7939026355743408,0.8737832307815552,1.8956466913223267,-0.4034477770328522,0.2566797733306885,0.06772112846374512,0.13320906460285187,-0.43550509214401245
0.7797246558197747,4.627826795396084,-1.0735109620668803,-1.0735109620668803,0.7773311937329586,-1.7900750637054443,0.8836761713027954,1.8938794136047363,-0.4159897267818451,0.2569764256477356,0.07373921573162079,0.13130134344100952,-1.052159070968628
0.7841051314142677,5.937443043964509,-1.1238802138786173,-1.1238802138786173,-1.2867688911717363,-1.7862040996551514,0.8971762657165527,1.892057180404663,-0.38712114095687866,0.2572994530200958,0.01968875527381897,0.12669238448143005,0.7146333456039429
0.7884856070087609,5.78979459489194,-0.2405706788924596,-0.2405706788924596,0.5749297740335648,-1.7822740077972412,0.9003703594207764,1.8903614282608032,-0.4461841285228729,0.2573857009410858,0.02444562129676342,0.12982282042503357,-1.5653959512710571
0.7928660826032541,0.8740604251888247,-1.9280011590386796,-1.9280011590386796,-0.04688677728000548,-1.7783299684524536,0.9148483276367188,1.8884068727493286,-0.4181305766105652,0.2574927806854248,0.0006304234266281128,0.12296564131975174,-0.14646291732788086
0.7972465581977471,6.882575974354857,-0.7143873177005942,-0.7143873177005942,0.6129289403612591,-1.774322509765625,0.9161794185638428,1.8865752220153809,-0.45671385526657104,0.25749555230140686,-0.054304078221321106,0.12232406437397003,-0.19839365780353546
0.8016270337922402,2.4500444606790346,-0.36960839458696043,-0.36960839458696043,-0.6013380432837675,-1.7703092098236084,0.9323816299438477,1.8845746517181396,-0.4185316860675812,0.2572576701641083,-0.09306591749191284,0.12145500630140305,1.347659945487976
0.8060075093867334,6.267691613152997,0.27275587751008024,0.27275587751008024,0.029596908290459245,-1.766224980354309,0.9335763454437256,1.8827413320541382,-0.4715189039707184,0.256850004196167,-0.08629867434501648,0.12735839188098907,0.2666804790496826
0.8103879849812266,5.102857617864089,-0.6265016555872301,-0.6265016555872301,-1.9993244934007746,-1.7621355056762695,0.9452692866325378,1.8806759119033813,-0.4656566381454468,0.2564719617366791,-0.07919766008853912,0.12852658331394196,0.6226702928543091
0.8147684605757196,6.640598212975581,0.06863525085008565,0.06863525085008565,1.3957147262920657,-1.7579947710037231,0.9424229860305786,1.878636121749878,-0.5647889971733093,0.2561250329017639,-0.03910687938332558,0.131254181265831,-3.115222930908203
0.8191489361702127,6.036813667303258,0.7318661427286737,0.7318661427286737,-0.7632161802478572,-1.7538665533065796,0.9643552899360657,1.876162052154541,-0.49149319529533386,0.25595372915267944,-0.07786180824041367,0.11760802567005157,-0.022011756896972656
0.8235294117647058,5.4714637012518565,-1.1230339416360084,-1.1230339416360084,-0.4614660733468948,-1.749642252922058,0.9710545539855957,1.874009132385254,-0.5249994397163391,0.25561267137527466,-0.03420066088438034,0.11751160025596619,-1.255460262298584
0.827909887359199,10.973633412914413,0.3816658687085528,0.3816658687085528,0.0967265929011615,-1.7453886270523071,0.9785720705986023,1.8717093467712402,-0.548477828502655,0.2554628551006317,-0.05352053791284561,0.11201208829879761,-1.9150080680847168
0.8322903629536921,7.2740712566513706,-0.9649992363813862,-0.9649992363813862,0.926139033769476,-1.7411019802093506,0.9993258714675903,1.8693068027496338,-0.5038282871246338,0.2552284002304077,-0.04519940912723541,0.10362344235181808,-1.203336238861084
0.8366708385481851,5.825536494013952,-0.3472713895756573,-0.3472713895756573,-0.02801893082409096,-1.7367244958877563,1.017135739326477,1.8670997619628906,-0.44772103428840637,0.25503039360046387,-0.10042664408683777,0.09835225343704224,0.9839112758636475
0.8410513141426783,4.808439529768912,2.675634665352999,2.675634665352999,-0.7969470425430096,-1.7322689294815063,1.0275378227233887,1.8651385307312012,-0.44793620705604553,0.2545904815196991,-0.10974982380867004,0.10266225039958954,1.2031757831573486
0.8454317897371715,4.475425689741293,0.8732412348298391,0.8732412348298391,-0.19190963884797163,-1.727767825126648,1.0324064493179321,1.8631763458251953,-0.49241048097610474,0.2541097104549408,-0.008339427411556244,0.10793273150920868,-0.15602099895477295
0.8498122653316645,6.3549981370444915,0.23572649742730112,0.23572649742730112,1.1765733395519162,-1.72324538230896,1.0394580364227295,1.8610193729400635,-0.510613203048706,0.2540731728076935,0.0227663554251194,0.10724928230047226,-0.32639652490615845
0.8541927409261576,6.466511464498853,-0.06351591690821057,-0.06351591690821057,-1.7407052603913937,-1.7186920642852783,1.0568952560424805,1.8587826490402222,-0.4495495557785034,0.2541728913784027,-0.004709355533123016,0.10581950843334198,2.3161494731903076
0.8585732165206508,6.354294321214569,-1.4686944096156962,-1.4686944096156962,0.33709210642026544,-1.7140623331069946,1.0602681636810303,1.8568134307861328,-0.5263530611991882,0.2541522681713104,0.04426988959312439,0.1159653440117836,-0.8431642055511475
0.8629536921151439,8.100389634946314,-0.41201595173870764,-0.41201595173870764,-1.3079640023713817,-1.7094178199768066,1.0736783742904663,1.8545078039169312,-0.5052117705345154,0.25434619188308716,-0.00846480205655098,0.11227188259363174,0.12867021560668945
0.867334167709637,8.48027482487252,-1.713536781298542,-1.713536781298542,0.7322653680181803,-1.7047146558761597,1.081275463104248,1.852294683456421,-0.548971951007843,0.25430911779403687,0.017699720337986946,0.11283551901578903,-2.091649055480957
0.8717146433041301,6.879259581523685,-0.7262754567435887,-0.7262754567435887,-0.5659782791576663,-1.6999781131744385,1.100961446762085,1.849889874458313,-0.493003785610199,0.25438666343688965,-0.053725458681583405,0.10367310047149658,-0.23272919654846191
0.8760951188986232,5.768174506082275,1.1588188155402968,1.1588188155402968,0.9241741217392772,-1.695155382156372,1.1105002164840698,1.847730278968811,-0.5107969045639038,0.254151314496994,-0.05840664356946945,0.1026536375284195,-1.034264087677002
0.8804755944931164,3.458695174204024,-0.301154032287632,-0.301154032287632,-1.4462201821729763,-1.6902908086776733,1.1254642009735107,1.8454927206039429,-0.4661630392074585,0.25389546155929565,-0.051554273813962936,0.09812306612730026,1.07792329788208
0.8848560700876095,1.9937888885743726,-0.3556875206733602,-0.3556875206733602,0.23721763999958234,-1.6853607892990112,1.12498140335083,1.843450665473938,-0.5517513751983643,0.2536696195602417,-0.018114712089300156,0.10284487903118134,-1.6375694274902344
0.8892365456821025,4.913822337888885,-0.3516907463020236,-0.3516907463020236,0.06944237381562018,-1.6804327964782715,1.1299892663955688,1.841033697128296,-0.5683753490447998,0.25359025597572327,-0.035429421812295914,0.09567154943943024,-1.071152687072754
0.8936170212765957,7.582433701447561,-2.3695605408137084,-2.3695605408137084,0.22715600021476887,-1.6754828691482544,1.1391655206680298,1.8385438919067383,-0.570844829082489,0.25343504548072815,-0.04772784560918808,0.09097938984632492,-0.7009741067886353
0.8979974968710889,7.2956653566276675,-1.5162455841532072,-1.5162455841532072,-0.24712759682573318,-1.6704927682876587,1.1536401510238647,1.836043357849121,-0.5455909967422485,0.25322598218917847,-0.12356020510196686,0.0879087895154953,0.10885018110275269
0.902377972465582,6.598814767401572,1.4786772684564549,1.4786772684564549,-0.09200263904915454,-1.665439248085022,1.1654974222183228,1.833653450012207,-0.5450825095176697,0.25268474221229553,-0.1606224775314331,0.08838560432195663,-0.039111942052841187
0.906758448060075,7.490906303786213,-2.677043004651015,-2.677043004651015,-0.6721075028994551,-1.6603338718414307,1.1767516136169434,1.8312656879425049,-0.5424578189849854,0.25198113918304443,-0.11475364863872528,0.08821427822113037,0.08891256153583527
0.9111389236545682,7.202791395097763,0.3568940128544249,0.3568940128544249,0.22652976875653136,-1.6551791429519653,1.1871029138565063,1.8288894891738892,-0.560687243938446,0.2514784634113312,-0.17330411076545715,0.08860375732183456,-0.8957083225250244
0.9155193992490612,7.095591293372815,2.003116461197523,2.003116461197523,-0.3654811618965512,-1.6499791145324707,1.2007988691329956,1.8264334201812744,-0.5383139252662659,0.2507193088531494,-0.1694970577955246,0.08468012511730194,-0.10506117343902588
0.9198998748435544,7.046922744813778,-2.9603922802901064,-2.9603922802901064,-0.5078019474727347,-1.6447190046310425,1.211721420288086,1.8240753412246704,-0.5449298024177551,0.24997682869434357,-0.10032650083303452,0.08421991020441055,-0.49808815121650696
0.9242803504380476,8.32226897424293,-0.8091504611867544,-0.8091504611867544,-0.06859683037869686,-1.6394110918045044,1.2219821214675903,1.8216882944107056,-0.5586864352226257,0.24953734874725342,-0.17194992303848267,0.0820380449295044,-1.1766939163208008
0.9286608260325406,8.101846058568526,-0.4641353871006769,-0.4641353871006769,0.9324280081149676,-1.6340582370758057,1.2363125085830688,1.819240927696228,-0.5418647527694702,0.2487841248512268,-0.19357644021511078,0.07688356935977936,-0.9210203289985657
0.9330413016270338,6.728353596181448,-1.1341245223095309,-1.1341245223095309,-1.0682317459536954,-1.6286425590515137,1.2538087368011475,1.8168673515319824,-0.4789973497390747,0.2479361742734909,-0.23436051607131958,0.07284906506538391,1.3165924549102783
0.9374217772215268,7.743206477224042,0.8286007144906278,0.8286007144906278,-0.4571230702920429,-1.6231502294540405,1.2618199586868286,1.8147691488265991,-0.5219001770019531,0.24690955877304077,-0.2362847924232483,0.07861636579036713,-0.49311792850494385
0.94180225281602,6.697534389490084,-1.7937487769093963,-1.7937487769093963,0.29645777154163677,-1.6176228523254395,1.273416519165039,1.8124829530715942,-0.5279370546340942,0.2458745241165161,-0.19873759150505066,0.07645627111196518,-1.0381747484207153
0.9461827284105132,4.280016639920949,-2.396886340291471,-2.396886340291471,-0.5670421379261825,-1.6120446920394897,1.286043405532837,1.810170292854309,-0.5059884190559387,0.24500395357608795,-0.2597782611846924,0.07190857082605362,-0.1325078010559082
0.9505632040050064,5.931926140943025,-1.3252575411120135,-1.3252575411120135,1.4043906232214787,-1.6064112186431885,1.2913569211959839,1.8079538345336914,-0.5435258150100708,0.2438659965991974,-0.3132155239582062,0.07132812589406967,-1.0597286224365234
0.9549436795994992,6.969979773395434,0.16981275921610595,0.16981275921610595,-1.438636687381215,-1.6007544994354248,1.3062719106674194,1.8055729866027832,-0.47453826665878296,0.24249395728111267,-0.39292991161346436,0.06668601185083389,2.0151407718658447
0.9593241551939924,6.149932333136889,1.409084092906635,1.409084092906635,-0.7799799662350517,-1.5950324535369873,1.3137826919555664,1.8034943342208862,-0.5332481265068054,0.24077273905277252,-0.34595808386802673,0.07551328837871552,-0.5205578804016113
0.9637046307884856,6.409697889523464,1.7212804940906934,1.7212804940906934,1.105738163504477,-1.5892775058746338,1.3212864398956299,1.8011584281921387,-0.5666948556900024,0.23925727605819702,-0.28203046321868896,0.0732329934835434,-1.7832170724868774
0.9680851063829788,7.324755944317684,1.0703920237455473,1.0703920237455473,-0.738461851424855,-1.5834896564483643,1.336130142211914,1.7986760139465332,-0.5082898736000061,0.2380218505859375,-0.26405468583106995,0.06542165577411652,0.7199958562850952
0.9724655819774718,8.622418879943114,0.8103345285547935,0.8103345285547935,-0.6285255403191338,-1.57763671875,1.3459157943725586,1.7964494228363037,-0.5308351516723633,0.23686516284942627,-0.21123042702674866,0.06857558339834213,-0.40506136417388916
0.9768460575719649,4.424155789873653,1.1661867202713099,1.1661867202713099,0.8122076600359056,-1.571740984916687,1.3580126762390137,1.7941241264343262,-0.5382480621337891,0.2359398752450943,-0.16921114921569824,0.06680122017860413,-1.249876618385315
0.981226533166458,4.991731723068164,-1.6796743139024375,-1.6796743139024375,-0.2937348251263522,-1.565792202949524,1.3679869174957275,1.7917662858963013,-0.5088652968406677,0.23519864678382874,-0.15887384116649628,0.06132616475224495,0.5753319263458252
0.9856070087609512,4.074784628993512,-1.9236415371673314,-1.9236415371673314,-0.572248967670919,-1.5597997903823853,1.375251054763794,1.7895371913909912,-0.5279049277305603,0.23450270295143127,-0.19934767484664917,0.0638463944196701,0.2256280481815338
0.9899874843554444,10.36879780787481,1.5145482981350225,1.5145482981350225,-0.446292616677081,-1.5537755489349365,1.3801084756851196,1.7872247695922852,-0.5671904683113098,0.23362946510314941,-0.2388126254081726,0.06483475118875504,-0.7215392589569092
0.9943679599499372,6.775839462287571,-0.06640638174554148,-0.06640638174554148,-0.23221865802576264,-1.5477299690246582,1.3955217599868774,1.7847402095794678,-0.5525942444801331,0.23258335888385773,-0.18154984712600708,0.06167406588792801,-1.1213539838790894
0.9987484355444304,2.21375301231687,1.592778554726247,1.592778554726247,0.14937294212663785,-1.5416169166564941,1.405839204788208,1.7823195457458496,-0.5551104545593262,0.23178808391094208,-0.17670759558677673,0.056762002408504486,-1.2644497156143188
1.0031289111389237,5.8759353984283225,-0.17169305493701098,-0.17169305493701098,0.6854086723327636,-1.5354586839675903,1.4099395275115967,1.7798879146575928,-0.5741229057312012,0.23101401329040527,-0.13455557823181152,0.051223110407590866,-0.8629152774810791
1.0075093867334166,5.2142609351973555,1.2151238832413433,1.2151238832413433,-1.7321352138658526,-1.5292824506759644,1.4209914207458496,1.77737295627594,-0.5396761298179626,0.23042459785938263,-0.15958566963672638,0.04744312912225723,0.7777730226516724
1.0118898623279098,3.3150651853209663,-1.8618740855471636,-1.8618740855471636,1.5864549155603964,-1.5230578184127808,1.4253356456756592,1.7750089168548584,-0.6256778240203857,0.22972553968429565,-0.0735163614153862,0.050850145518779755,-2.4251012802124023
1.016270337922403,3.781152644674407,0.8973045697515523,0.8973045697515523,-1.092721039796757,-1.516814112663269,1.4350234270095825,1.7722681760787964,-0.5677216649055481,0.22940349578857422,-0.17421850562095642,0.040227048099040985,0.8887817859649658
1.020650813516896,7.353177596732385,-2.097004071924186,-2.097004071924186,-0.27702907337666827,-1.5105279684066772,1.438901424407959,1.769781231880188,-0.6341135501861572,0.2286403328180313,-0.11610344797372818,0.04412033408880234,-1.1088541746139526
1.0250312891113893,6.113996181644728,-1.7396114321727039,-1.7396114321727039,0.9189445782567225,-1.5042248964309692,1.449907660484314,1.7670035362243652,-0.6343540549278259,0.2281317412853241,-0.16925248503684998,0.03926302492618561,-1.314800500869751
1.0294117647058822,7.273919704479307,0.37738521710747264,0.37738521710747264,0.2086907401242583,-1.4978736639022827,1.4612891674041748,1.7642247676849365,-0.586908757686615,0.2273903340101242,-0.24689075350761414,0.03350357338786125,0.8014681339263916
1.0337922403003754,8.68313858754459,-1.7711738461084352,-1.7711738461084352,-0.6704407197965987,-1.4914724826812744,1.47288179397583,1.7616537809371948,-0.5645487904548645,0.22630883753299713,-0.24196434020996094,0.03701438382267952,1.5580470561981201
1.0381727158948686,9.082188234799702,0.7230734147576388,0.7230734147576388,0.051412816844813525,-1.4850205183029175,1.4852838516235352,1.7591807842254639,-0.5734413862228394,0.22524891793727875,-0.27410924434661865,0.04383937269449234,0.6311073899269104
1.0425531914893615,5.6595402215716835,0.13349186018955156,0.13349186018955156,-0.1544278930012613,-1.478514313697815,1.4993870258331299,1.7566688060760498,-0.5447825193405151,0.2240481823682785,-0.25449463725090027,0.04660392180085182,1.160435438156128
1.0469336670838547,5.062301767600637,-0.7007563015128049,-0.7007563015128049,-0.7201295286199028,-1.4719462394714355,1.5078535079956055,1.7542823553085327,-0.5520128607749939,0.22293338179588318,-0.2460864633321762,0.05168718099594116,1.1193022727966309
1.051314142678348,6.619135502315645,0.02501375755473234,0.02501375755473234,0.023664216967578644,-1.4653410911560059,1.5139535665512085,1.7518643140792847,-0.5907823443412781,0.22185540199279785,-0.2455207109451294,0.056590259075164795,-0.07574105262756348
1.055694618272841,4.881425076316214,-0.2636446352880812,-0.2636446352880812,-0.22922728863240524,-1.4587092399597168,1.52413809299469,1.7492763996124268,-0.5821587443351746,0.2207799106836319,-0.24548129737377167,0.05625847727060318,0.2834351062774658
1.0600750938673342,5.813702085660774,-0.9842234888888042,-0.9842234888888042,-0.5682480842461923,-1.4520328044891357,1.5309576988220215,1.7467262744903564,-0.5988446474075317,0.21970458328723907,-0.24648639559745789,0.05750005692243576,0.057312771677970886
1.0644555694618272,7.298941657029075,0.21443207110481438,0.21443207110481438,0.8542194328273051,-1.4453264474868774,1.5382106304168701,1.7441030740737915,-0.624586284160614,0.21862486004829407,-0.25863420963287354,0.057751115411520004,-0.7995919585227966
1.0688360450563203,4.9931499616762185,0.3542249450954506,0.3542249450954506,-1.5940453479395706,-1.4385883808135986,1.5516505241394043,1.7413671016693115,-0.5711111426353455,0.21749192476272583,-0.2773180305957794,0.05424852296710014,1.2451660633087158
1.0732165206508135,4.7499431998785155,-1.3339779623053862,-1.3339779623053862,0.716419790655347,-1.4317914247512817,1.5551613569259644,1.7388653755187988,-0.6520686745643616,0.2162771373987198,-0.22042235732078552,0.05970294401049614,-1.6924114227294922
1.0775969962453065,7.6563812677542185,-0.07995897241794994,-0.07995897241794994,0.32274773629531167,-1.4249790906906128,1.5646125078201294,1.7360090017318726,-0.6246163845062256,0.21531158685684204,-0.28030046820640564,0.05228937789797783,-0.042063355445861816
1.0819774718397996,5.4565115598641345,0.29735798567665017,0.29735798567665017,-0.6773442126851108,-1.4181253910064697,1.576762080192566,1.733272910118103,-0.5937305688858032,0.214083731174469,-0.2920607924461365,0.052105121314525604,0.9614979028701782
1.0863579474342928,4.009567312574002,1.0887498561578597,1.0887498561578597,0.24251717399448072,-1.4112184047698975,1.5832123756408691,1.7306721210479736,-0.6273714303970337,0.21280436217784882,-0.26359638571739197,0.05631693825125694,-0.1294102668762207
1.090738423028786,7.621692020065873,0.10839303026854263,0.10839303026854263,-0.1629484452976502,-1.4042831659317017,1.5897600650787354,1.7279239892959595,-0.628141462802887,0.21164968609809875,-0.23888370394706726,0.05575006082653999,0.5426459312438965
1.0951188986232792,6.403223884599354,-0.038592288810630426,-0.038592288810630426,-0.4077757917296985,-1.3973193168640137,1.6004974842071533,1.7251724004745483,-0.6206566691398621,0.210603266954422,-0.2309596687555313,0.058127108961343765,0.5781682729721069
1.099499374217772,7.524522223882675,0.27571487123939176,0.27571487123939176,0.5407771098926464,-1.3903083801269531,1.6087336540222168,1.7224535942077637,-0.6341513991355896,0.2095915526151657,-0.22017833590507507,0.06065976247191429,0.06897038221359253
1.1038798498122653,8.055580739287253,-1.3380009364178043,-1.3380009364178043,-0.7813401242557128,-1.3832613229751587,1.6212412118911743,1.7196756601333618,-0.5938020944595337,0.20862706005573273,-0.22791899740695953,0.06096188724040985,1.5011036396026611
1.1082603254067585,3.95587761329367,-1.3235403348286092,-1.3235403348286092,-0.1399139121434917,-1.3761595487594604,1.6308668851852417,1.7170745134353638,-0.6124728322029114,0.20762866735458374,-0.2441752552986145,0.06753743439912796,0.32663774490356445
1.1126408010012514,4.25415504612077,-0.9852488564280443,-0.9852488564280443,-0.8586432947253543,-1.3690155744552612,1.6361589431762695,1.7143915891647339,-0.6318631768226624,0.20655906200408936,-0.27874088287353516,0.068968266248703,0.2353592813014984
1.1170212765957446,7.936366321395909,-0.2552954769655081,-0.2552954769655081,0.46629092622498813,-1.3618484735488892,1.6394782066345215,1.7116236686706543,-0.6832359433174133,0.20533804595470428,-0.28243815898895264,0.06999925523996353,-1.2724162340164185
1.1214017521902375,7.834731678328467,1.1810500909383501,1.1810500909383501,-0.12633336623164895,-1.354666829109192,1.6526110172271729,1.7086308002471924,-0.6432591676712036,0.2041008323431015,-0.30351078510284424,0.06442546844482422,0.031644463539123535
1.125782227784731,8.627396692302195,-2.5860304923848823,-2.5860304923848823,0.552821668361288,-1.3474276065826416,1.6633673906326294,1.7058130502700806,-0.6322962641716003,0.20277130603790283,-0.2653310298919678,0.06456408649682999,0.15100595355033875
1.130162703379224,4.698588047567082,0.9633597039486044,0.9633597039486044,-0.6054595598328706,-1.3401412963867188,1.6772738695144653,1.7030433416366577,-0.5828549861907959,0.2016090303659439,-0.35699546337127686,0.06522556394338608,1.6598793268203735
1.134543178973717,6.002057332085876,0.11699514260983718,0.11699514260983718,-0.009703402979161974,-1.3327940702438354,1.682288646697998,1.700490117073059,-0.6187471151351929,0.20004521310329437,-0.311180979013443,0.07249662280082703,0.6771641969680786
1.1389236545682102,8.558387753789429,-2.7799347464572173,-2.7799347464572173,-0.7971070798500646,-1.3254247903823853,1.6907380819320679,1.697779655456543,-0.616210401058197,0.19868209958076477,-0.30748099088668823,0.07546292245388031,0.9424047470092773
1.1433041301627034,6.043459473079779,-1.6755392965017355,-1.6755392965017355,0.6373242113886228,-1.3180185556411743,1.6999393701553345,1.6950803995132446,-0.6316065192222595,0.19733518362045288,-0.36538583040237427,0.07959110289812088,-0.23832464218139648
1.1476846057571963,3.5200828366387977,-0.5580029194274327,-0.5580029194274327,-1.505274519877019,-1.3105720281600952,1.7108029127120972,1.6923136711120605,-0.597894549369812,0.19573462009429932,-0.43292877078056335,0.07854712754487991,1.3171824216842651
1.1520650813516895,8.444341819916378,-0.737848628171526,-0.737848628171526,0.3649176359036911,-1.3030779361724854,1.7102117538452148,1.6896946430206299,-0.685621976852417,0.1938381791114807,-0.4052654504776001,0.08431701362133026,-1.5120805501937866
1.156445556946183,5.876399664587564,0.11262604836138917,0.11262604836138917,0.23468526521101388,-1.295586347579956,1.7235604524612427,1.6866912841796875,-0.6464714407920837,0.19206292927265167,-0.4374697208404541,0.0776933804154396,-0.3844801187515259
1.1608260325406758,5.515539123133499,-0.9833797614830175,-0.9833797614830175,0.06615900566035979,-1.2880363464355469,1.7324341535568237,1.6838594675064087,-0.6331798434257507,0.19014661014080048,-0.4410342276096344,0.07600917667150497,0.36172378063201904
1.165206508135169,7.558866056071255,-3.337971445255822,-3.337971445255822,-0.28322934118922494,-1.2804474830627441,1.7401055097579956,1.6810858249664307,-0.6306726336479187,0.18821467459201813,-0.4716840982437134,0.07759369909763336,0.7553346753120422
1.169586983729662,6.625077764039376,0.08568387436735003,0.08568387436735003,0.2288923554976658,-1.272825002670288,1.7491997480392456,1.6783231496810913,-0.6291176080703735,0.1861484795808792,-0.5608922243118286,0.08090242743492126,0.5506357550621033
1.1739674593241551,5.347470261548155,2.1076994022452546,2.1076994022452546,-0.3784708075874717,-1.265162706375122,1.7588895559310913,1.6755672693252563,-0.6103079319000244,0.18369150161743164,-0.5650743842124939,0.08331447094678879,1.321176528930664
1.1783479349186483,7.411590450527088,0.0251123884908096,0.0251123884908096,-0.29507654527787436,-1.257457971572876,1.764577865600586,1.6728938817977905,-0.6302371025085449,0.18121621012687683,-0.49247032403945923,0.08910185098648071,0.8221138119697571
1.1827284105131413,6.796432976778108,-0.5440864047966201,-0.5440864047966201,-0.9527041558120366,-1.2497283220291138,1.7730399370193481,1.670133113861084,-0.6302942037582397,0.1790589541196823,-0.48311978578567505,0.09270310401916504,0.5874991416931152
1.1871088861076344,8.165900380250172,0.02030799101051367,0.02030799101051367,1.352428563113648,-1.2419615983963013,1.7776384353637695,1.6673721075057983,-0.6663516163825989,0.17694266140460968,-0.4711868464946747,0.09527663141489029,-0.985284686088562
1.1914893617021276,6.773585678723838,0.8478888954526649,0.8478888954526649,-0.5756729239199805,-1.2341747283935547,1.7943472862243652,1.664453148841858,-0.5821712017059326,0.17487864196300507,-0.5100889801979065,0.09096061438322067,2.095839023590088
1.1958698372966208,4.768839191973359,-2.26447922611487,-2.26447922611487,-1.0392126548452354,-1.226314663887024,1.800857424736023,1.661902904510498,-0.6004672646522522,0.1726442128419876,-0.46851646900177,0.10014138370752335,1.2725434303283691
1.200250312891114,7.974747469465861,0.48593597473264355,0.48593597473264355,0.0878367850839781,-1.2184261083602905,1.8020604848861694,1.65927255153656,-0.6561731100082397,0.17059189081192017,-0.5042981505393982,0.10571572929620743,-0.568745493888855
1.204630788485607,5.606779718261441,-0.31068840405662057,-0.31068840405662057,0.6116480496401674,-1.2105321884155273,1.8125139474868774,1.6563981771469116,-0.6335722208023071,0.16838282346725464,-0.4926723837852478,0.10322435200214386,-0.01352459192276001
1.2090112640801,8.010328719333131,5.46822894046887,5.46822894046887,-0.5779653793736514,-1.2025924921035767,1.8224434852600098,1.6536228656768799,-0.604279637336731,0.16622468829154968,-0.5196075439453125,0.10316510498523712,1.471431016921997
1.2133917396745932,8.138276581164394,0.16078391095112843,0.16078391095112843,0.3174079654297236,-1.19460928440094,1.8295934200286865,1.6509758234024048,-0.6130357980728149,0.16394856572151184,-0.34303951263427734,0.1096106767654419,0.7030642032623291
1.2177722152690862,6.049428990371563,-0.48571742177954713,-0.48571742177954713,-0.7149146456468348,-1.186594843864441,1.8411678075790405,1.6482903957366943,-0.5782105922698975,0.16244588792324066,-0.3476134240627289,0.11269043385982513,1.7233079671859741
1.2221526908635794,8.76839553332455,0.5160413942477051,0.5160413942477051,0.6576431778279717,-1.1785296201705933,1.8449287414550781,1.6457575559616089,-0.6085399985313416,0.16092318296432495,-0.3409201502799988,0.12023933976888657,0.5890095233917236
1.2265331664580723,5.295058789943766,-0.5739668002530343,-0.5739668002530343,-0.5735185164092509,-1.1704479455947876,1.8592947721481323,1.6430919170379639,-0.5527076125144958,0.15942978858947754,-0.34505537152290344,0.12281948328018188,2.3168628215789795
1.2309136420525657,4.213061441300532,-0.5536217812432123,-0.5536217812432123,-0.7265056733313933,-1.1623033285140991,1.8628369569778442,1.6406707763671875,-0.5821247696876526,0.1579182744026184,-0.34506845474243164,0.13296844065189362,1.428154706954956
1.2352941176470589,8.53073051614361,2.213536010166657,2.213536010166657,0.1661634152301236,-1.154143214225769,1.8634974956512451,1.6381207704544067,-0.6270549297332764,0.1564067155122757,-0.34001970291137695,0.13922443985939026,0.1833038330078125
1.2396745932415518,8.143825500907047,-1.0202925793745068,-1.0202925793745068,-0.9965759006871044,-1.1459802389144897,1.8748080730438232,1.6353739500045776,-0.5963695645332336,0.15491726994514465,-0.28022992610931396,0.14002740383148193,0.9217562675476074
1.244055068836045,5.030801365138487,-1.2666274782957079,-1.2666274782957079,1.3149603014351705,-1.1377676725387573,1.877918004989624,1.6327615976333618,-0.6237019300460815,0.15368972718715668,-0.280922532081604,0.14406514167785645,-0.6727875471115112
1.2484355444305382,6.684101512691933,-1.305402056527663,-1.305402056527663,-1.060617645361652,-1.1295415163040161,1.8929446935653687,1.6300294399261475,-0.5656693577766418,0.15245915949344635,-0.3563130795955658,0.14111800491809845,2.1851911544799805
1.2528160200250311,5.418168779711125,-0.9472848899120516,-0.9472848899120516,-0.8682115930307526,-1.1212495565414429,1.8941484689712524,1.627551555633545,-0.6073274612426758,0.15089833736419678,-0.36346155405044556,0.15069018304347992,0.3934180736541748
1.2571964956195243,8.439103029581872,-1.5507221417020505,-1.5507221417020505,1.5255804665195247,-1.1129522323608398,1.894290566444397,1.6248911619186401,-0.6495224833488464,0.14930620789527893,-0.36577075719833374,0.15241354703903198,-1.075844645500183
1.2615769712140177,6.963835510578985,-0.11181542255012913,-0.11181542255012913,-0.930574037924983,-1.104654312133789,1.9153095483779907,1.6220459938049316,-0.5553092956542969,0.14770396053791046,-0.4556085467338562,0.14770083129405975,2.3643083572387695
1.2659574468085106,6.8109585746032835,0.11371489247133026,0.11371489247133026,-0.5595782512163423,-1.096264362335205,1.9173442125320435,1.619613528251648,-0.5886027216911316,0.14570817351341248,-0.431698203086853,0.15805763006210327,0.8447883129119873
1.2703379224030038,6.622521552691288,0.14780992412848704,0.14780992412848704,0.6028666041345516,-1.0878654718399048,1.9210221767425537,1.617035150527954,-0.6054193377494812,0.14381712675094604,-0.41203591227531433,0.1617581993341446,0.05643117427825928
1.2747183979974968,6.761741650358083,-0.8015728747286108,-0.8015728747286108,-1.240889858980239,-1.0794504880905151,1.9332060813903809,1.6143831014633179,-0.5688191056251526,0.14201220870018005,-0.4253250062465668,0.16200539469718933,1.5729748010635376
1.27909887359199,4.825370518298813,1.3402591543500817,1.3402591543500817,1.224499137203887,-1.0709820985794067,1.9315186738967896,1.6118913888931274,-0.6181499361991882,0.1401490867137909,-0.41249555349349976,0.16889576613903046,-0.5739766359329224
1.283479349186483,7.792585447181567,-1.5659578609033185,-1.5659578609033185,-0.8201621074875576,-1.0625211000442505,1.9468090534210205,1.6091835498809814,-0.5661664605140686,0.13834215700626373,-0.4091149866580963,0.16638147830963135,2.094028949737549
1.287859824780976,7.90317903637744,1.1223124209659954,1.1223124209659954,-0.11362096614045301,-1.0539931058883667,1.9494060277938843,1.606703519821167,-0.5876775979995728,0.13655003905296326,-0.4308945834636688,0.1755543202161789,0.8337581157684326
1.2922403003754692,8.552764143572658,-0.3329150384356785,-0.3329150384356785,-0.009232367443166523,-1.0454537868499756,1.9572745561599731,1.6041291952133179,-0.5749619603157043,0.13466250896453857,-0.39480140805244446,0.17920657992362976,0.9850559234619141
1.2966207759699624,8.17262863255071,1.0073523685337376,1.0073523685337376,0.06914484142267285,-1.0368800163269043,1.966688632965088,1.601610541343689,-0.5523148775100708,0.1329330950975418,-0.4042539596557617,0.1835215985774994,1.375077724456787
1.3010012515644556,6.344071207521286,-1.3856906705833318,-1.3856906705833318,-0.9216002245393023,-1.0282649993896484,1.9764081239700317,1.5991911888122559,-0.5289362072944641,0.13116227090358734,-0.3768553137779236,0.18954509496688843,1.9028513431549072
1.3053817271589487,6.664500680459732,1.261315265432324,1.261315265432324,0.40789945866870014,-1.019607424736023,1.9753756523132324,1.5968742370605469,-0.5662320852279663,0.12951146066188812,-0.3904082179069519,0.19788049161434174,0.37105417251586914
1.3097622027534417,7.893739042865604,0.4910397676938051,0.4910397676938051,-0.7379823889542357,-1.0109543800354004,1.9864530563354492,1.5943938493728638,-0.5386130809783936,0.12780128419399261,-0.3654857575893402,0.19950588047504425,1.500814437866211
1.3141426783479349,5.689684213429787,0.07715512925073381,0.07715512925073381,-0.26947455685933547,-1.0022528171539307,1.9881831407546997,1.5920344591140747,-0.5552274584770203,0.12620028853416443,-0.3295944035053253,0.20608016848564148,0.4081404209136963
1.318523153942428,6.867856506092391,0.18829938044214053,0.18829938044214053,1.3256783187194783,-0.9935436248779297,1.991664171218872,1.5896023511886597,-0.5668631792068481,0.12475650757551193,-0.31947171688079834,0.20786802470684052,0.14281946420669556
1.322903629536921,6.539021110487203,-1.1500349274586856,-1.1500349274586856,-0.9847905692021744,-0.9848191738128662,2.0120534896850586,1.587119221687317,-0.4947834610939026,0.12335707247257233,-0.3526867926120758,0.20849363505840302,3.108818531036377
1.327284105131414,10.194993210358138,0.10530235044506486,0.10530235044506486,0.3125944309030825,-0.9760054349899292,2.010209083557129,1.5849518775939941,-0.5335009098052979,0.1218121349811554,-0.3575124442577362,0.22211173176765442,1.4599390029907227
1.331664580725907,5.550849689938058,-1.902065702953813,-1.902065702953813,-0.6502039544515492,-0.9671997427940369,2.0245308876037598,1.5826148986816406,-0.4832243025302887,0.12024606019258499,-0.3635660409927368,0.22850695252418518,2.567032814025879
1.3360450563204005,4.272400281481521,-2.7671350072123326,-2.7671350072123326,-0.3041213595186977,-0.9583313465118408,2.024033546447754,1.5804980993270874,-0.5137687921524048,0.11865346878767014,-0.40012437105178833,0.23975177109241486,1.536519169807434
1.3404255319148937,9.742347485640876,0.04614876325966755,0.04614876325966755,-0.2731107551962766,-0.9494650959968567,2.025345802307129,1.5782475471496582,-0.5379499197006226,0.116900734603405,-0.4720521867275238,0.2464824616909027,1.133859395980835
1.3448060075093866,6.699567228080828,-0.36468234320216564,-0.36468234320216564,-0.5178352061093837,-0.9405931234359741,2.032561779022217,1.5758910179138184,-0.5184475779533386,0.11483292281627655,-0.4627287983894348,0.251449316740036,1.0519726276397705
1.3491864831038798,5.074836596552469,0.8998084665970596,0.8998084665970596,0.483814886335678,-0.9316895604133606,2.033521890640259,1.5736199617385864,-0.5337370038032532,0.11280594766139984,-0.45825624465942383,0.256057471036911,0.33842504024505615
1.353566958698373,5.825816065826604,-2.1592877111725985,-2.1592877111725985,0.32241391263879726,-0.922781765460968,2.0446536540985107,1.571281909942627,-0.5151944160461426,0.11079856753349304,-0.4461079239845276,0.25753992795944214,1.5415774583816528
1.357947434292866,5.770161008923097,-0.08448934738447864,-0.08448934738447864,-1.3188642955754393,-0.9138252139091492,2.0547935962677,1.5690251588821411,-0.4983854591846466,0.10884439945220947,-0.5185814499855042,0.26429277658462524,2.458836317062378
1.362327909887359,5.410883006911649,-0.34330576969798615,-0.34330576969798615,0.1314409440017441,-0.9048242568969727,2.0448219776153564,1.566841959953308,-0.5578725337982178,0.10657276958227158,-0.4825337827205658,0.2750636637210846,0.10601449012756348
1.3667083854818525,4.030674136583889,-0.6867714862011199,-0.6867714862011199,1.0674893329308255,-0.8958669900894165,2.0520241260528564,1.564398169517517,-0.553089439868927,0.10445903986692429,-0.49639788269996643,0.27552804350852966,0.6226244568824768
1.3710888610763454,5.425605626020008,0.18201173752537686,0.18201173752537686,-0.6166639507957928,-0.8868781328201294,2.0699827671051025,1.561975359916687,-0.5159000158309937,0.10228458046913147,-0.547627866268158,0.278255432844162,2.9373884201049805
1.3754693366708386,7.140057913701746,-0.7770534376524554,-0.7770534376524554,-0.6644388484132416,-0.8778105974197388,2.0681312084198,1.5597155094146729,-0.545637309551239,0.09988570958375931,-0.5243040323257446,0.29112258553504944,1.965200662612915
1.3798498122653315,5.091411024710466,0.9198931605008807,0.9198931605008807,-0.1554213611928184,-0.8687512278556824,2.0664539337158203,1.5573253631591797,-0.5641456246376038,0.09758900851011276,-0.5275927186012268,0.2997311055660248,0.9776440858840942
1.3842302878598247,8.588432716086091,-1.6354379673846238,-1.6354379673846238,-0.05912113536764915,-0.8596991896629333,2.0693492889404297,1.554854154586792,-0.5750424861907959,0.09527789801359177,-0.4961901307106018,0.3040136396884918,0.9066703915596008
1.388610763454318,7.013385530324529,0.6757152524887062,0.6757152524887062,0.24931478223165765,-0.8506344556808472,2.0769119262695312,1.5523351430892944,-0.5546199679374695,0.09310434758663177,-0.5422235727310181,0.3079852759838104,1.190584659576416
1.3929912390488108,6.591783569349209,1.410720634567227,1.410720634567227,-0.5164643830418787,-0.8415365815162659,2.0873911380767822,1.5499056577682495,-0.5322995781898499,0.09072914719581604,-0.5297713279724121,0.31320059299468994,2.014380693435669
1.397371714643304,4.408272189843174,2.137718462154296,2.137718462154296,0.5443842922889195,-0.8323928117752075,2.0864408016204834,1.5475739240646362,-0.5481657385826111,0.08840849995613098,-0.4734914302825928,0.32202452421188354,1.2936286926269531
1.4017521902377972,5.702915350317648,-1.0776138394327939,-1.0776138394327939,-1.9748127598715735,-0.8232532143592834,2.098991870880127,1.5451726913452148,-0.5326095223426819,0.08633438497781754,-0.4269610047340393,0.3276912271976471,2.582249641418457
1.4061326658322904,8.011014456949479,-1.3075427388834986,-1.3075427388834986,1.3745113523370476,-0.8140586614608765,2.074594497680664,1.5428396463394165,-0.6213351488113403,0.08446409553289413,-0.4007599353790283,0.33900269865989685,-1.0840766429901123
1.4105131414267835,9.611813432638964,-0.464191065975637,-0.464191065975637,-1.373614583749374,-0.8049709796905518,2.1040172576904297,1.540117859840393,-0.540855884552002,0.08270857483148575,-0.47908443212509155,0.3342539370059967,2.022564649581909
1.4148936170212765,8.444733004144268,0.007971505092855158,0.007971505092855158,1.3174119154740789,-0.7957543730735779,2.0916759967803955,1.5377486944198608,-0.57212895154953,0.08060995489358902,-0.45252639055252075,0.3431137204170227,-0.2667515277862549
1.4192740926157696,7.8322039055054375,-0.14219152995620435,-0.14219152995620435,-1.8939480661395767,-0.7865918278694153,2.1205432415008545,1.5352424383163452,-0.49095380306243896,0.07862767577171326,-0.4907661974430084,0.34194523096084595,2.745469808578491
1.4236545682102628,5.75345737269428,-1.703527713966896,-1.703527713966896,1.3327751104538301,-0.7773028612136841,2.097940444946289,1.5330917835235596,-0.5593211054801941,0.07647788524627686,-0.4396093487739563,0.3539716899394989,-0.6631162166595459
1.4280350438047558,9.615937229832854,0.6186544514421218,0.6186544514421218,-0.2654087562065069,-0.7681128978729248,2.1251931190490723,1.5306416749954224,-0.49840766191482544,0.07455218583345413,-0.5282790064811707,0.351066917181015,2.2543563842773438
1.432415519399249,7.034476307034849,-0.06372933176322759,-0.06372933176322759,-0.23151815563922534,-0.7588035464286804,2.129751682281494,1.5284583568572998,-0.4796685576438904,0.07223807275295258,-0.5024615526199341,0.3609420657157898,2.168203115463257
1.436795994993742,6.295812675652607,0.045180778450742115,0.045180778450742115,0.7444713861836568,-0.7494742274284363,2.1324195861816406,1.5263571739196777,-0.4792196750640869,0.07003705203533173,-0.49756157398223877,0.3704398274421692,2.029667377471924
1.4411764705882353,7.2417056878080635,-0.027680302349448155,-0.027680302349448155,-1.3925920222271555,-0.7401332259178162,2.1511378288269043,1.524258017539978,-0.44093430042266846,0.06785749644041061,-0.517983078956604,0.37933072447776794,3.799044609069824
1.4455569461827285,7.511966813182427,-0.012121234781365758,-0.012121234781365758,0.6809189740949441,-0.7307102084159851,2.1340982913970947,1.5223264694213867,-0.49085208773612976,0.06558848172426224,-0.47812333703041077,0.395972341299057,1.3564696311950684
1.4499374217772214,5.898956472967767,0.6453273999986906,0.6453273999986906,0.3956896492650895,-0.7213618159294128,2.1532535552978516,1.5201762914657593,-0.4464450478553772,0.06349407136440277,-0.49836230278015137,0.4019143283367157,3.0515284538269043
1.4543178973717146,4.691832184078006,0.4634465866049955,0.4634465866049955,-1.376681043413116,-0.7119295597076416,2.166543483734131,1.5182206630706787,-0.42732536792755127,0.06131100654602051,-0.4910720884799957,0.4152814745903015,4.105144500732422
1.4586983729662075,4.470603537742587,0.7421060755879257,0.7421060755879257,-0.3701063583281524,-0.7024390697479248,2.145569324493408,1.5163487195968628,-0.49542471766471863,0.05915987864136696,-0.4373345375061035,0.43326395750045776,1.5751142501831055
1.4630788485607007,4.165163310302355,0.8973496566522747,0.8973496566522747,-0.086304646580381,-0.6930404305458069,2.142143964767456,1.5141785144805908,-0.5205177664756775,0.05724414438009262,-0.404854416847229,0.4401637017726898,1.0372960567474365
1.467459324155194,5.098012624990719,0.2236671283823215,0.2236671283823215,0.6779152682520819,-0.6836568117141724,2.1439645290374756,1.511898398399353,-0.5355756878852844,0.05547069013118744,-0.37612858414649963,0.4447075426578522,1.0501683950424194
1.471839799749687,9.294147780482701,0.5100066759617379,0.5100066759617379,-1.4618501777068338,-0.6742652058601379,2.162219285964966,1.5095523595809937,-0.510573148727417,0.053823068737983704,-0.389394074678421,0.44930776953697205,2.6250574588775635
1.4762202753441802,2.159505632609031,-0.5882983955728135,-0.5882983955728135,0.9933888464127276,-0.6647936701774597,2.140127420425415,1.507315754890442,-0.5461481213569641,0.05211733654141426,-0.3318096101284027,0.4608067572116852,0.12508535385131836
1.4806007509386734,4.416151956381593,0.20950471928709172,0.20950471928709172,-1.0142704748189837,-0.655418872833252,2.1630029678344727,1.5049233436584473,-0.5301979184150696,0.05066385120153427,-0.3779999017715454,0.46135470271110535,2.1972198486328125
1.4849812265331663,6.504304868889383,-0.8568745634403719,-0.8568745634403719,0.21454014276375807,-0.6459438800811768,2.1454336643218994,1.5026007890701294,-0.5832849740982056,0.04900803044438362,-0.34226179122924805,0.47097957134246826,0.3717690706253052
1.4893617021276595,7.261838247651387,0.6019849330288454,0.6019849330288454,-0.6942496545648594,-0.6365458369255066,2.155311346054077,1.5000457763671875,-0.5678081512451172,0.047508761286735535,-0.37355050444602966,0.4726080894470215,1.0824496746063232
1.493742177722153,5.233314860890824,0.9919772851109414,0.9919772851109414,1.6410368465710015,-0.6271045207977295,2.1460678577423096,1.4975584745407104,-0.5853330492973328,0.04587243124842644,-0.33569633960723877,0.47734972834587097,0.01670229434967041
1.4981226533166456,5.5152281305748785,-2.7158861502455705,-2.7158861502455705,-1.6296749969412128,-0.6177037358283997,2.186208724975586,1.4949944019317627,-0.5189864635467529,0.04440192133188248,-0.35465094447135925,0.47742289304733276,3.510525703430176
1.5025031289111388,6.9315864169574395,3.500636556542341,3.500636556542341,0.24851094924199077,-0.6081271171569824,2.1558377742767334,1.4927209615707397,-0.5899562835693359,0.0428483821451664,-0.38637176156044006,0.49280065298080444,0.5058207511901855
1.506883604505632,9.0215706934999,-0.5709753090476575,-0.5709753090476575,1.5373848120341285,-0.5986835360527039,2.166846752166748,1.4901366233825684,-0.5700621604919434,0.04115588963031769,-0.29139938950538635,0.4950163960456848,1.2988399267196655
1.5112640801001251,5.364366412526792,0.7276958876444191,0.7276958876444191,-2.4305483615931225,-0.589191734790802,2.2088029384613037,1.4876394271850586,-0.48025888204574585,0.03987942263484001,-0.3529701828956604,0.5007059574127197,4.746677875518799
1.5156445556946183,7.6915413176351315,-0.794144607815534,-0.794144607815534,1.0522264181545118,-0.5795161128044128,2.1591835021972656,1.4855356216430664,-0.5857619047164917,0.03833324462175369,-0.26073944568634033,0.5214986801147461,0.13814735412597656
1.5200250312891113,8.38173744358225,0.23403698974726977,0.23403698974726977,-1.8959099576219365,-0.5700578689575195,2.1900975704193115,1.4829697608947754,-0.5271813869476318,0.037191081792116165,-0.31465932726860046,0.5221038460731506,2.558239459991455
1.5244055068836044,5.614521511310842,1.1484925854645067,1.1484925854645067,0.3509460461672036,-0.5604642033576965,2.151820421218872,1.4806604385375977,-0.5859067440032959,0.03581272438168526,-0.2524581253528595,0.5333101749420166,-0.8612678050994873
1.5287859824780976,8.916213030910567,-0.21695674583274915,-0.21695674583274915,1.364479195009113,-0.5510382056236267,2.164632797241211,1.4780938625335693,-0.5722440481185913,0.03470683842897415,-0.22916723787784576,0.5295374393463135,0.07314848899841309
1.5331664580725906,5.901649251912675,1.6079968668471398,1.6079968668471398,-1.4283610727644613,-0.5415560603141785,2.2041866779327393,1.4755871295928955,-0.4918355345726013,0.03370297700166702,-0.2753501832485199,0.529857873916626,3.164303779602051
1.5375469336670835,10.989559443286085,1.4532695351953346,1.4532695351953346,0.6123629257808654,-0.5319006443023682,2.17492413520813,1.4734326601028442,-0.5498449802398682,0.03249681368470192,-0.1866789013147354,0.5437190532684326,0.5691165924072266
1.541927409261577,6.314211825453685,1.0209505651266026,1.0209505651266026,-0.1279091945703729,-0.5223734378814697,2.1981630325317383,1.4710240364074707,-0.4852505028247833,0.031679071485996246,-0.1621217578649521,0.5462120771408081,2.2461915016174316
1.54630788485607,7.048054870445583,-1.889721960934816,-1.889721960934816,0.11071426968510414,-0.5127444267272949,2.2000491619110107,1.4688984155654907,-0.48631784319877625,0.03096890076994896,-0.12857140600681305,0.55605149269104,2.2543082237243652
1.5506883604505632,6.644982561889043,-0.9452143944287699,-0.9452143944287699,-0.9624395882559704,-0.5031071901321411,2.2084438800811768,1.4667681455612183,-0.4722345471382141,0.030405696481466293,-0.18699048459529877,0.5659264326095581,2.7661921977996826
1.5550688360450562,5.2682398264252175,-0.41316586201761535,-0.41316586201761535,1.060616517003463,-0.4934331476688385,2.1893184185028076,1.4646995067596436,-0.5047158002853394,0.029586588963866234,-0.18648745119571686,0.5780436992645264,1.1235352754592896
1.5594493116395494,7.46648423576262,-2.07551787063601,-2.07551787063601,-2.4094153237349243,-0.4838428795337677,2.2209856510162354,1.4624886512756348,-0.4659236967563629,0.028769684955477715,-0.2295265644788742,0.5829653143882751,3.449650287628174
1.5638297872340423,6.782598530164282,1.398873447059067,1.398873447059067,2.151733949641033,-0.47411391139030457,2.1640732288360596,1.4604476690292358,-0.5499600172042847,0.027764249593019485,-0.2197757065296173,0.5980764031410217,-1.0430054664611816
1.5682102628285357,4.890727350666897,0.27179638279615725,0.27179638279615725,-0.79148493240606,-0.4646342396736145,2.227020025253296,1.458038568496704,-0.4574494957923889,0.02680152654647827,-0.24176162481307983,0.5935075283050537,3.5130677223205566
1.5725907384230289,4.077211692969927,2.6638393164919574,2.6638393164919574,-0.4643351005658949,-0.4548788368701935,2.2104592323303223,1.456034779548645,-0.4960365891456604,0.02574249543249607,-0.21071043610572815,0.6088964343070984,2.1347806453704834
1.5769712140175218,8.05496880765798,-0.055720942336520266,-0.055720942336520266,0.6237998895045087,-0.4451959729194641,2.2010910511016846,1.453861951828003,-0.527150571346283,0.02481948398053646,-0.11935783177614212,0.6182478070259094,1.3731610774993896
1.581351689612015,8.231863608901948,-0.49921434632434225,-0.49921434632434225,-0.13877411732269118,-0.4355541467666626,2.2243075370788574,1.4515527486801147,-0.4860876500606537,0.02429663948714733,-0.13920199871063232,0.6242629289627075,2.9340670108795166
1.5857321652065082,8.634024244822292,-0.40188593620421376,-0.40188593620421376,-0.5051578921075022,-0.42581063508987427,2.2270543575286865,1.4494234323501587,-0.4738588035106659,0.02368686906993389,-0.14972800016403198,0.6371155381202698,2.982576370239258
1.5901126408010011,7.96789499845591,-0.6240163212777344,-0.6240163212777344,-0.1999986014209489,-0.4160550832748413,2.2196242809295654,1.4473477602005005,-0.4728204607963562,0.02303098887205124,-0.14671212434768677,0.6501806378364563,2.3144688606262207
1.5944931163954943,8.235253047352183,0.5019230519272794,0.5019230519272794,-0.26072098629127927,-0.4063320755958557,2.2199900150299072,1.4452766180038452,-0.46481889486312866,0.022388320416212082,-0.15909478068351746,0.6603190898895264,2.224731683731079
1.5988735919899877,6.600988390313076,-0.3273930447114566,-0.3273930447114566,0.4252655056628235,-0.3966074585914612,2.218641996383667,1.4432405233383179,-0.45714572072029114,0.02169140987098217,-0.1368231624364853,0.6700644493103027,2.021960496902466
1.6032540675844804,6.75901152857738,-0.5729088141166923,-0.5729088141166923,-1.033469303879405,-0.3868887424468994,2.2363061904907227,1.4412380456924438,-0.43578627705574036,0.021092059090733528,-0.15880317986011505,0.6789215803146362,3.119969367980957
1.6076345431789736,8.424252537278791,-0.9207966419501462,-0.9207966419501462,0.6414829771217795,-0.3770926594734192,2.2108874320983887,1.4393291473388672,-0.46808159351348877,0.02039642632007599,-0.14535334706306458,0.6925885081291199,1.3184210062026978
1.6120150187734668,5.955415505979581,-2.160265600529145,-2.160265600529145,0.1382252524827321,-0.3674079179763794,2.2365810871124268,1.4372787475585938,-0.4256806969642639,0.019759709015488625,-0.19097685813903809,0.6983638405799866,2.910407781600952
1.61639549436796,4.203895352531405,-1.2785285874648111,-1.2785285874648111,-0.8768749607630137,-0.35761064291000366,2.245715856552124,1.4354140758514404,-0.4204516112804413,0.018923139199614525,-0.25810009241104126,0.7111127972602844,3.407146692276001
1.620775969962453,9.281816215892466,-0.23620767226035316,-0.23620767226035316,-0.41211657918048994,-0.34777334332466125,2.2222392559051514,1.4335722923278809,-0.46518009901046753,0.017792537808418274,-0.269829660654068,0.7260377407073975,1.81635320186615
1.625156445556946,5.791837766852485,-0.7543981534247585,-0.7543981534247585,-0.052339963443218465,-0.3380388915538788,2.2158918380737305,1.4315345287322998,-0.4552813768386841,0.016610555350780487,-0.2646925747394562,0.7339942455291748,1.3329601287841797
1.6295369211514392,6.891943775925263,0.6576576749675301,0.6576576749675301,0.05492813189053758,-0.32833224534988403,2.218350648880005,1.4295401573181152,-0.4579648971557617,0.01545107550919056,-0.28519490361213684,0.7398332357406616,1.437379002571106
1.6339173967459324,4.650893082990555,1.6374368921964961,1.6374368921964961,-0.7919088874268896,-0.31861481070518494,2.2249836921691895,1.4275341033935547,-0.4488934576511383,0.014201786369085312,-0.26759329438209534,0.7461296319961548,1.793424129486084
1.6382978723404251,7.7029611615701485,1.3926051844963536,1.3926051844963536,0.7179968481013346,-0.30886831879615784,2.2026734352111816,1.4255677461624146,-0.4860159158706665,0.013029600493609905,-0.19664868712425232,0.7539857029914856,0.3824387788772583
1.6426783479349183,8.632101689117047,-1.040128374883184,-1.040128374883184,-0.9984206872709676,-0.29921954870224,2.231311082839966,1.4234387874603271,-0.4479503333568573,0.012168185785412788,-0.17694798111915588,0.7556609511375427,2.0833218097686768
1.6470588235294117,6.954557656998032,-1.1938096072681115,-1.1938096072681115,1.8186136816528706,-0.28944534063339233,2.2046172618865967,1.4214766025543213,-0.4631994068622589,0.011393069289624691,-0.1781659722328186,0.7647868990898132,0.3996068239212036
1.6514392991239049,7.138521650904016,0.3744047387078402,0.3744047387078402,-2.0601113060756706,-0.279788076877594,2.269373893737793,1.4194475412368774,-0.3929678201675415,0.010612617246806622,-0.2661382853984833,0.7665373682975769,4.262146949768066
1.655819774718398,8.800863841493152,0.23261863692765242,0.23261863692765242,1.5355487740306089,-0.26984715461730957,2.2070870399475098,1.4177261590957642,-0.456380158662796,0.009446805343031883,-0.1950426995754242,0.7852076292037964,0.40961551666259766
1.660200250312891,7.887256604891885,-0.7308421904405726,-0.7308421904405726,-1.3625628602659503,-0.2601790726184845,2.2646400928497314,1.4157270193099976,-0.38376933336257935,0.008592425845563412,-0.23309239745140076,0.7870019674301147,3.7665481567382812
1.6645807259073842,9.120666826723104,-1.8421796930384344,-1.8421796930384344,0.8995963526494031,-0.2502588629722595,2.224583625793457,1.4140459299087524,-0.41672104597091675,0.007571370340883732,-0.2146441489458084,0.8035012483596802,1.3226966857910156
1.668961201501877,7.410398690682892,-0.23642529620371533,-0.23642529620371533,0.277751786776536,-0.2405141294002533,2.261392831802368,1.4122204780578613,-0.36417558789253235,0.006631126627326012,-0.29471269249916077,0.8092952966690063,3.418410301208496
1.6733416770963705,6.66294361697515,0.012189477765132128,0.012189477765132128,-1.2242958007796838,-0.23060815036296844,2.276454448699951,1.4106252193450928,-0.34546783566474915,0.005340144969522953,-0.3097282946109772,0.8242695331573486,4.217393398284912
1.6777221526908634,6.162485903660581,1.175489734738685,1.175489734738685,-0.5093295184906782,-0.22063620388507843,2.238839864730835,1.4091118574142456,-0.3816501200199127,0.003983387723565102,-0.27361899614334106,0.8427436947822571,1.9978601932525635
1.6821026282853566,7.70644759749911,-1.2801366491145987,-1.2801366491145987,0.811931304437392,-0.2108290195465088,2.2246387004852295,1.4074400663375854,-0.3969648778438568,0.002784806303679943,-0.22441692650318146,0.8514952659606934,1.1808775663375854
1.6864831038798498,7.4670688251950095,0.32709524239077925,0.32709524239077925,-0.9858043334507316,-0.20108404755592346,2.2584705352783203,1.4057011604309082,-0.3593228757381439,0.0018017534166574478,-0.28551194071769714,0.8566680550575256,3.04055118560791
1.690863579474343,7.897800057765065,-2.3378194352907773,-2.3378194352907773,1.4827103579039755,-0.19119086861610413,2.2278409004211426,1.4041271209716797,-0.38049736618995667,0.0005510753253474832,-0.24717110395431519,0.8699871301651001,1.312481164932251
1.695244055068836,3.50959739744381,1.2141906106226623,1.2141906106226623,-1.429362522591951,-0.1814318597316742,2.2866251468658447,1.4024603366851807,-0.3215590715408325,-0.0005316516617313027,-0.35874268412590027,0.8757364153862,4.507512092590332
1.699624530663329,7.334978666846749,1.464467233394356,1.464467233394356,1.1646418967420986,-0.17141535878181458,2.237490177154541,1.4010517597198486,-0.3849122226238251,-0.0021031154319643974,-0.2815425395965576,0.8954814672470093,1.7696232795715332
1.7040050062578225,5.050284304605207,0.8822073931903536,0.8822073931903536,-0.7745415819597523,-0.1616140902042389,2.285139322280884,1.3993656635284424,-0.34122946858406067,-0.003336405847221613,-0.2727866768836975,0.9032332301139832,4.306528091430664
1.7083854818523152,6.209516691320893,-1.9447735184640502,-1.9447735184640502,-0.20917159202523045,-0.1516040861606598,2.2599668502807617,1.3978708982467651,-0.37282007932662964,-0.004531341139227152,-0.22440434992313385,0.9220978617668152,2.9135520458221436
1.7127659574468084,7.833908476576252,-2.85860464605232,-2.85860464605232,-1.0040121489719818,-0.14170435070991516,2.2557623386383057,1.3962377309799194,-0.3786207139492035,-0.005514339078217745,-0.27508944272994995,0.9348605871200562,2.675419807434082
1.7171464330413015,4.49804691496024,-1.6687453025966772,-1.6687453025966772,1.1039381864300755,-0.13182303309440613,2.2215774059295654,1.3945791721343994,-0.3954019844532013,-0.006719361990690231,-0.32924941182136536,0.946580171585083,0.8975882530212402
1.7215269086357947,7.735429256738219,1.356936179856083,1.356936179856083,0.2802860385375078,-0.12209146469831467,2.2666666507720947,1.3928471803665161,-0.37591248750686646,-0.008161631412804127,-0.41022056341171265,0.9505120515823364,3.219542980194092
1.725907384230288,7.758001700447745,0.6488038076884202,0.6488038076884202,-1.2471116422022637,-0.11216238886117935,2.2819325923919678,1.3912005424499512,-0.35752448439598083,-0.009958592243492603,-0.37877896428108215,0.9646151661872864,3.989927053451538
1.7302878598247808,9.167776818455026,1.4822831129205498,1.4822831129205498,1.069838350453034,-0.10216643661260605,2.237492561340332,1.389634370803833,-0.3813415467739105,-0.01161782443523407,-0.3234122097492218,0.9820929169654846,1.7156789302825928
1.734668335419274,7.517336483840026,1.1231743023344976,1.1231743023344976,-0.22009881234498554,-0.09236515313386917,2.284257650375366,1.387963891029358,-0.33196061849594116,-0.013034523464739323,-0.3113675117492676,0.9896084070205688,4.084348678588867
1.7390488110137672,7.744883002049477,-0.33439495611399045,-0.33439495611399045,-0.24965916583007286,-0.08235901594161987,2.279655933380127,1.3865097761154175,-0.32958608865737915,-0.01439846120774746,-0.27213966846466064,1.0074998140335083,3.8395636081695557
1.74342928660826,5.984024680764442,-0.5153883604566096,-0.5153883604566096,-1.1395924747646344,-0.07237304002046585,2.273573398590088,1.385066032409668,-0.3262108564376831,-0.015590562485158443,-0.27461421489715576,1.0243189334869385,3.5357439517974854
1.7478097622027533,4.701006403796775,-0.5100326250904549,-0.5100326250904549,-1.1555815322891876,-0.06241370737552643,2.230069398880005,1.3836370706558228,-0.3569744825363159,-0.01679350435733795,-0.25638547539711,1.0398072004318237,1.4121129512786865
1.7521902377972465,9.006748560899496,-1.4179840061001883,-1.4179840061001883,1.6045380816009946,-0.052644941955804825,2.184309244155884,1.3820734024047852,-0.39546263217926025,-0.017916595563292503,-0.23753340542316437,1.0459929704666138,-0.777644157409668
1.7565707133917396,8.015677694778532,-2.031041820233272,-2.031041820233272,-1.1288835298640387,-0.04307662695646286,2.2539823055267334,1.3803410530090332,-0.3375982940196991,-0.01895710453391075,-0.3258006274700165,1.0425865650177002,2.6253013610839844
1.7609511889862328,5.021520721201009,1.0352213966629717,1.0352213966629717,1.146881091833949,-0.033203110098838806,2.2106056213378906,1.3788622617721558,-0.35277795791625977,-0.02038426697254181,-0.3521465063095093,1.054086685180664,0.5649609565734863
1.7653316645807258,13.094183311393074,-1.7714513591537622,-1.7714513591537622,0.6315361043632035,-0.0235196053981781,2.259989023208618,1.377316951751709,-0.33391955494880676,-0.021926837041974068,-0.35540732741355896,1.0565614700317383,2.962210178375244
1.769712140175219,4.161404902446164,0.6728441440388917,0.6728441440388917,-1.5301646728302187,-0.01361977867782116,2.290998697280884,1.375854253768921,-0.27220362424850464,-0.02348368987441063,-0.4255821704864502,1.0695374011993408,4.515157699584961
1.774092615769712,8.965925882704793,0.022158536005608714,0.022158536005608714,0.4389631713686527,-0.003584114834666252,2.229163408279419,1.374661922454834,-0.32345083355903625,-0.025347942486405373,-0.36124733090400696,1.0893158912658691,1.5607080459594727
1.778473091364205,8.062512098122596,-2.6083268332506067,-2.6083268332506067,0.38812874091753335,0.00618068128824234,2.250382900238037,1.3732450008392334,-0.2951655983924866,-0.026930376887321472,-0.3734193444252014,1.0961525440216064,2.6232662200927734
1.7828535669586982,6.068161757611023,1.0575865192614264,1.0575865192614264,0.4116699205613413,0.016038428992033005,2.2693324089050293,1.3719520568847656,-0.2748177647590637,-0.028566131368279457,-0.4609253406524658,1.107643723487854,3.562695264816284
1.7872340425531914,5.769700133773281,-0.12837926956002282,-0.12837926956002282,-2.0267913254418692,0.025979183614253998,2.2890024185180664,1.3707482814788818,-0.2685026228427887,-0.03058520331978798,-0.44206252694129944,1.1232500076293945,4.504274845123291
1.7916145181476846,8.078648148177368,0.8278106289832934,0.8278106289832934,1.0892371612319354,0.036006104201078415,2.20383358001709,1.3695721626281738,-0.315769761800766,-0.03252164646983147,-0.3866228759288788,1.1429808139801025,0.5814807415008545
1.7959949937421775,7.847031588773614,0.4365674868588961,0.4365674868588961,-0.9074334925960511,0.04565994441509247,2.2527194023132324,1.3681889772415161,-0.2819397747516632,-0.03421523794531822,-0.3942573666572571,1.145527958869934,2.8983852863311768
1.8003754693366707,6.145807698451894,-1.25811702917466,-1.25811702917466,0.32845423609880775,0.05552792549133301,2.214913845062256,1.36695396900177,-0.28998613357543945,-0.03594227135181427,-0.3550082743167877,1.1582242250442505,1.2350341081619263
1.804755944931164,7.534431498575976,-0.5959032110929702,-0.5959032110929702,0.8237430787722124,0.06523030251264572,2.230266809463501,1.365683674812317,-0.2848825752735138,-0.037497375160455704,-0.40134117007255554,1.1636343002319336,1.9968875646591187
1.809136420525657,4.677867490194872,0.8403243901098241,0.8403243901098241,-1.3616417188395744,0.07499992847442627,2.267575979232788,1.3644357919692993,-0.26128751039505005,-0.03925544023513794,-0.44279932975769043,1.1723816394805908,3.766726493835449
1.81351689612015,5.576797467200926,-0.7297381985028767,-0.7297381985028767,1.6324467321529328,0.08493299037218094,2.208685874938965,1.3632912635803223,-0.29903531074523926,-0.041195113211870193,-0.3784949481487274,1.1888816356658936,1.1348662376403809
1.8178973717146432,7.05782116208742,0.35846182566044027,0.35846182566044027,-2.4980060350295674,0.09460808336734772,2.2815980911254883,1.3619813919067383,-0.27516090869903564,-0.04285310208797455,-0.4474782347679138,1.1938529014587402,4.473449230194092
1.8222778473091363,11.021866900691665,0.8141532706254393,0.8141532706254393,1.005384976837261,0.10460256785154343,2.1718125343322754,1.3607760667800903,-0.31611889600753784,-0.04481326788663864,-0.36406031250953674,1.2134487628936768,-0.3883991241455078
1.8266583229036293,6.779007445582414,0.5057284608880467,0.5057284608880467,0.28510988294948325,0.1141161397099495,2.2171945571899414,1.3593913316726685,-0.26763463020324707,-0.046408023685216904,-0.3696448802947998,1.211747407913208,1.7748780250549316
1.831038798498123,10.289796187169237,0.3278260110621641,0.3278260110621641,0.4849278632763298,0.12382850795984268,2.2302165031433105,1.3582189083099365,-0.2602068781852722,-0.048027243465185165,-0.36320212483406067,1.21952223777771,2.4420711994171143
1.835419274092616,11.104796223279957,0.11847896322727008,0.11847896322727008,-0.7638403212652602,0.13359791040420532,2.252218246459961,1.357079029083252,-0.2261563539505005,-0.04961824044585228,-0.36778998374938965,1.2302197217941284,3.554227590560913
1.8397997496871088,3.934288680022548,0.273764410975317,0.273764410975317,0.43212618563184035,0.14346370100975037,2.2180287837982178,1.356088399887085,-0.20751890540122986,-0.051229335367679596,-0.34202346205711365,1.2457889318466187,2.1860132217407227
1.844180225281602,9.54679982974719,-1.0936198651181808,-1.0936198651181808,-2.030699231676406,0.15317972004413605,2.2375783920288086,1.3551793098449707,-0.217825248837471,-0.05272756144404411,-0.34664812684059143,1.2553646564483643,3.097036361694336
1.848560700876095,5.814816701510952,-1.0654693933499686,-1.0654693933499686,2.158227843818023,0.16298137605190277,2.144972324371338,1.3542251586914062,-0.22751857340335846,-0.054246045649051666,-0.3192824423313141,1.2689311504364014,-0.8267207145690918
1.852941176470588,8.175135027602552,-0.845448462731388,-0.845448462731388,-0.6942831633028856,0.17237737774848938,2.2429511547088623,1.3532285690307617,-0.20075026154518127,-0.05564465373754501,-0.41342461109161377,1.2653096914291382,3.537515163421631
1.8573216520650813,7.018810785959921,-0.5911576349409098,-0.5911576349409098,1.382142976335607,0.18220257759094238,2.210883855819702,1.3523491621017456,-0.19992132484912872,-0.057455651462078094,-0.4178391098976135,1.2808057069778442,2.2521069049835205
1.8617021276595744,8.21206898821986,-1.277341222269229,-1.277341222269229,-0.6539272850124694,0.19188730418682098,2.2734375,1.3514734506607056,-0.17733478546142578,-0.05928598716855049,-0.4754657447338104,1.2906709909439087,5.080677032470703
1.866082603254068,7.936254146006579,-3.240038053491498,-3.240038053491498,-1.3814379192880526,0.20184604823589325,2.2428948879241943,1.3506966829299927,-0.1764136105775833,-0.061368752270936966,-0.4936714172363281,1.3129267692565918,3.864966630935669
1.8704630788485608,7.615070503744664,3.07451450358142,3.07451450358142,-0.14211644893185385,0.21167099475860596,2.1779282093048096,1.349923849105835,-0.18455664813518524,-0.06353126466274261,-0.54794842004776,1.3298571109771729,1.1891717910766602
1.8748435544430535,7.884439248052956,0.12221180143039964,0.12221180143039964,1.0595234433777954,0.22121135890483856,2.1696462631225586,1.3491153717041016,-0.17833317816257477,-0.065931536257267,-0.45401260256767273,1.3350661993026733,0.9705139994621277
1.879224030037547,10.975521931929576,-0.9724578336943508,-0.9724578336943508,-1.4973710792625912,0.23071543872356415,2.2169406414031982,1.3483341932296753,-0.15684227645397186,-0.06792032718658447,-0.48138508200645447,1.3393175601959229,3.143258571624756
1.88360450563204,9.962963753434128,-1.5326781382928483,-1.5326781382928483,0.6712130324725752,0.2404266893863678,2.1445541381835938,1.3476471900939941,-0.14387695491313934,-0.07002902030944824,-0.4660559594631195,1.3530864715576172,0.24805068969726562
1.887984981226533,9.203228976402826,0.6528212457835451,0.6528212457835451,0.723461589473493,0.24982085824012756,2.1728827953338623,1.3470169305801392,-0.1133991926908493,-0.07207056879997253,-0.5304165482521057,1.3541730642318726,1.6542224884033203
1.8923654568210264,5.764901805890402,-0.32212098177814746,-0.32212098177814746,-1.8579476717138177,0.2593391239643097,2.2037906646728516,1.346520185470581,-0.08778412640094757,-0.07439404726028442,-0.532479465007782,1.3614193201065063,3.157694101333618
1.8967459324155196,6.632944847420052,0.5173130158905788,0.5173130158905788,1.1354197749897965,0.2689927816390991,2.1151604652404785,1.3461356163024902,-0.11178354918956757,-0.07672656327486038,-0.4876284599304199,1.3752515316009521,-0.5036087036132812
1.9011264080100123,7.340465937147952,0.2709793510516514,0.2709793510516514,-0.2503408723775507,0.27825820446014404,2.165902614593506,1.3456459045410156,-0.10003466159105301,-0.07886260747909546,-0.5056791305541992,1.3730454444885254,1.7941114902496338
1.9055068836045053,8.168478102760286,-1.5925088059559476,-1.5925088059559476,0.3755844654282774,0.2877458930015564,2.1513664722442627,1.345207691192627,-0.09677813947200775,-0.08107772469520569,-0.49045494198799133,1.3809045553207397,1.3374040126800537
1.9098873591989989,8.760494163758755,1.8830327800263633,1.8830327800263633,0.1793207061454842,0.29716989398002625,2.1656272411346436,1.3447837829589844,-0.08215363323688507,-0.08322615176439285,-0.5479295253753662,1.3867629766464233,2.127434253692627
1.914267834793492,8.920395818941536,0.4231562177732392,0.4231562177732392,-1.046489098926802,0.3066563606262207,2.1702873706817627,1.3444238901138306,-0.06572145968675613,-0.08562634140253067,-0.4981757402420044,1.3960821628570557,2.5265254974365234
1.9186483103879848,7.09571042830007,2.4884805463412016,2.4884805463412016,1.5666369882710947,0.31616324186325073,2.1169638633728027,1.3441359996795654,-0.0587238147854805,-0.08780858665704727,-0.45525744557380676,1.4071495532989502,0.48134493827819824
1.923028785982478,8.416950003838165,0.14048624006374696,0.14048624006374696,-1.3635754577047943,0.3254365622997284,2.1873157024383545,1.3438787460327148,-0.04236422851681709,-0.0898028314113617,-0.4283366799354553,1.4092581272125244,3.6255502700805664
1.9274092615769711,4.250381309579788,0.6512132568687944,0.6512132568687944,0.5865976150284085,0.3350180387496948,2.118868589401245,1.3436931371688843,-0.04126463830471039,-0.091679148375988,-0.38441330194473267,1.4251397848129272,0.9400863647460938
1.9317897371714643,5.0410900762690325,-0.35232528803327817,-0.35232528803327817,-0.6551861099870854,0.34429970383644104,2.1442933082580566,1.3435124158859253,-0.052044302225112915,-0.09336306154727936,-0.38252630829811096,1.429257869720459,2.118713855743408
1.9361702127659572,7.9590701468478,-0.12431878418248313,-0.12431878418248313,-0.2533101518697326,0.3536927402019501,2.110503673553467,1.3432844877243042,-0.06644894927740097,-0.09503871202468872,-0.37368181347846985,1.4385387897491455,0.826120138168335
1.9405506883604504,6.434563638628614,-1.056872581505323,-1.056872581505323,2.539897907460702,0.3629377484321594,2.093820095062256,1.3429933786392212,-0.05829795077443123,-0.09667561948299408,-0.36991485953330994,1.4421576261520386,0.3360430598258972
1.944931163954944,3.907315602472248,0.7195462216416113,0.7195462216416113,-2.6490561081298685,0.37210968136787415,2.210319757461548,1.3427380323410034,-0.043041422963142395,-0.09829602390527725,-0.47495198249816895,1.4436296224594116,5.401729583740234
1.9493116395494368,7.305916369797313,-0.006637886873484891,-0.006637886873484891,0.7404331027061708,0.3817919194698334,2.0826873779296875,1.342549443244934,-0.07921382784843445,-0.10037653893232346,-0.37657812237739563,1.4672917127609253,0.13397550582885742
1.9536921151439297,6.641188678485428,-1.7881938563403865,-1.7881938563403865,-0.6678568005429629,0.3909150958061218,2.113041639328003,1.3422024250030518,-0.07013629376888275,-0.10202612727880478,-0.39839497208595276,1.4678785800933838,1.6089556217193604
1.9580725907384229,5.3130534481760705,1.846719185419082,1.846719185419082,1.0823259813191268,0.4001712203025818,2.076820135116577,1.3418952226638794,-0.07267628610134125,-0.10377128422260284,-0.4311123490333557,1.4749265909194946,0.2798194885253906
1.962453066332916,8.291091472458568,0.31071991873510607,0.31071991873510607,-0.0019657625249688932,0.40926867723464966,2.1246044635772705,1.3415768146514893,-0.07552943378686905,-0.10565976053476334,-0.40878963470458984,1.4761523008346558,2.4322640895843506
1.9668335419274088,10.899624729707252,-0.27482215045298675,-0.27482215045298675,-1.1429876523414013,0.4185754656791687,2.1186442375183105,1.3412460088729858,-0.06425204128026962,-0.1074504554271698,-0.3996582329273224,1.4868067502975464,2.423985719680786
1.9712140175219024,7.365088576166626,0.07346662038920516,0.07346662038920516,5.119259553148115e-05,0.4278561472892761,2.0561819076538086,1.3409645557403564,-0.04030501842498779,-0.10920114815235138,-0.37430503964424133,1.4974249601364136,0.13656139373779297
1.9755944931163956,7.649236270474782,-0.09141530723775376,-0.09141530723775376,0.6396430469098332,0.4368632137775421,2.0505387783050537,1.3407880067825317,-0.03456222265958786,-0.11084078252315521,-0.3721610903739929,1.4980231523513794,0.12405260652303696
1.9799749687108883,6.219894963164785,-0.9458236419718704,-0.9458236419718704,-0.0188063769750773,0.4458455443382263,2.0750656127929688,1.3406366109848022,-0.024727171286940575,-0.11247102171182632,-0.3935103118419647,1.4985665082931519,1.3833954334259033
1.9843554443053817,6.229385969792693,-0.814028755863231,-0.814028755863231,-0.8115740607703577,0.45493531227111816,2.0692498683929443,1.3405282497406006,-0.02684018760919571,-0.11419478058815002,-0.4205821454524994,1.5046263933181763,1.333999514579773
1.9887359198998744,3.649511690185826,-1.0309765851828576,-1.0309765851828576,1.7734716046062236,0.46399959921836853,2.0254876613616943,1.3404107093811035,-0.03138655796647072,-0.11603713035583496,-0.4206538200378418,1.510469913482666,-0.2957935333251953
1.993116395494368,4.761025071045378,-1.4762691001513615,-1.4762691001513615,-0.6834234137142545,0.47287219762802124,2.1070566177368164,1.3402732610702515,-0.045139241963624954,-0.11787979304790497,-0.5025525689125061,1.5091742277145386,3.224721908569336
1.997496871088861,5.9842435499551865,0.48066530570736293,0.48066530570736293,0.7413418524832639,0.48210209608078003,2.0704853534698486,1.3400754928588867,-0.05975862964987755,-0.12008121609687805,-0.5257061719894409,1.523300051689148,1.8515205383300781
2.001877346683354,8.939437080155493,-0.2908938255002939,-0.2908938255002939,-0.28314288206241256,0.49117180705070496,2.1006271839141846,1.3398137092590332,-0.061880774796009064,-0.12238405644893646,-0.5333187580108643,1.531410574913025,3.306473731994629
2.0062578222778478,8.76392184953973,-2.824422592916604,-2.824422592916604,-1.130292888320872,0.5003735423088074,2.0790340900421143,1.3395426273345947,-0.04750168323516846,-0.1247202455997467,-0.5335451364517212,1.5458945035934448,2.707432985305786
2.0106382978723403,7.5242288802326724,0.2302520393196251,0.2302520393196251,0.44774875087814286,0.5094807147979736,2.016784429550171,1.339334487915039,-0.034724585711956024,-0.12705743312835693,-0.5830190777778625,1.557754397392273,0.4157555103302002
2.015018773466833,9.584626863939377,-0.4628883753827084,-0.4628883753827084,-0.3970467045186903,0.5183151960372925,2.0308547019958496,1.3391823768615723,-0.027761980891227722,-0.1296113282442093,-0.5893706679344177,1.5595755577087402,1.266116976737976
2.0193992490613266,7.750635906286437,4.043478110249272,4.043478110249272,1.8124061374103724,0.5272113084793091,2.002333402633667,1.3390607833862305,-0.00785844400525093,-0.13219305872917175,-0.591293454170227,1.5651217699050903,0.42165446281433105
2.02377972465582,8.899313141368491,0.15325851337069882,0.15325851337069882,-1.617231751474463,0.5359824895858765,2.081037998199463,1.3390263319015503,0.0007834034040570259,-0.13478320837020874,-0.5261390805244446,1.5669687986373901,3.9826395511627197
2.028160200250313,7.002583836765496,-0.09073990034596999,-0.09073990034596999,0.4967854896024117,0.5450984239578247,1.9944496154785156,1.3390297889709473,0.014549297280609608,-0.13708794116973877,-0.47443515062332153,1.5844146013259888,0.7078726291656494
2.032540675844806,6.365436607373656,0.4765766276629174,0.4765766276629174,0.33963001078203825,0.5538350343704224,2.0106146335601807,1.339093565940857,0.017397845163941383,-0.1391661912202835,-0.49159276485443115,1.5875154733657837,1.6465094089508057
2.036921151439299,6.93980191591721,0.8283585769488535,0.8283585769488535,-0.36441572290664787,0.5626424551010132,2.0198287963867188,1.3391697406768799,0.01585448533296585,-0.14131960272789001,-0.48759350180625916,1.5947279930114746,2.275331497192383
2.0413016270337923,7.118849753571495,1.6227988868773522,1.6227988868773522,0.40970739270564666,0.5714902877807617,1.9945852756500244,1.339239239692688,0.018525265157222748,-0.14345549046993256,-0.4527606964111328,1.6046950817108154,1.495368480682373
2.045682102628285,5.776381074993358,3.040289967250153,3.040289967250153,-0.8773530485354437,0.5802274942398071,2.0059332847595215,1.339320421218872,0.02160807140171528,-0.1454387903213501,-0.41733458638191223,1.6112455129623413,2.250890016555786
2.0500625782227786,5.453041481508595,0.42136616347205824,0.42136616347205824,0.6321676859142096,0.5890144109725952,1.9572129249572754,1.3394150733947754,0.0178973451256752,-0.1472669094800949,-0.3029269874095917,1.621105432510376,0.45342421531677246
2.0544430538172715,5.40482895770171,-0.5874588374771651,-0.5874588374771651,0.4296268657546402,0.5975879430770874,1.9808361530303955,1.3394935131072998,0.009354904294013977,-0.14859387278556824,-0.30908307433128357,1.623091697692871,1.6606388092041016
2.0588235294117645,9.177239237942281,1.3229566254659388,1.3229566254659388,-0.20280381710480724,0.6062649488449097,1.9947651624679565,1.3395345211029053,0.0006688917055726051,-0.14994780719280243,-0.33878520131111145,1.6303660869598389,2.464293956756592
2.063204005006258,7.564201504061513,-0.8711392034480713,-0.8711392034480713,0.2735444834560911,0.6150029897689819,1.9737370014190674,1.339537501335144,0.018176022917032242,-0.1514318436384201,-0.2942281663417816,1.6411608457565308,1.9693629741668701
2.067584480600751,7.122399575799937,-0.22240029950197432,-0.22240029950197432,-1.4072365274553706,0.6236488819122314,1.977249264717102,1.339617133140564,0.02379220351576805,-0.15272070467472076,-0.3276565670967102,1.6497875452041626,2.434338331222534
2.071964956195244,6.692491880459573,-0.343560007213774,-0.343560007213774,0.6714942298242418,0.632310152053833,1.9010621309280396,1.3397213220596313,0.0325179323554039,-0.15415599942207336,-0.29305559396743774,1.660451054573059,-0.4450511932373047
2.076345431789737,4.515335117624833,1.4003820277553845,1.4003820277553845,1.0847349647824776,0.6406376957893372,1.9243395328521729,1.3398637771606445,0.030842330306768417,-0.15543971955776215,-0.3226983845233917,1.6585015058517456,0.8143869638442993
2.08072590738423,7.950627609448478,-0.9003307701019081,-0.9003307701019081,-1.9117609985559834,0.649067223072052,1.9700857400894165,1.3399988412857056,0.01306547038257122,-0.15685328841209412,-0.3134804964065552,1.6620689630508423,2.9216723442077637
2.085106382978723,7.571823001787395,-1.3609390907714112,-1.3609390907714112,1.7232229936240024,0.6576971411705017,1.8685060739517212,1.34005606174469,0.030011501163244247,-0.15822647511959076,-0.2839435338973999,1.6748672723770142,-0.977161169052124
2.0894868585732165,7.054389634940662,0.5871773606886606,0.5871773606886606,-1.5254673019544598,0.6658821105957031,1.940232753753662,1.3401875495910645,0.028394632041454315,-0.15947028994560242,-0.37401083111763,1.6705868244171143,2.3591983318328857
2.093867334167709,6.0557840581777835,1.6267343357285617,1.6267343357285617,1.702646371161793,0.6743812561035156,1.8581000566482544,1.340311884880066,0.03867751359939575,-0.16110864281654358,-0.31231489777565,1.680921196937561,-0.7638020515441895
2.098247809762203,2.038084016932057,-0.41301411335610816,-0.41301411335610816,-1.4070585302588545,0.6825206279754639,1.9306654930114746,1.3404812812805176,0.026697352528572083,-0.16247673332691193,-0.31453177332878113,1.6775753498077393,2.5478930473327637
2.102628285356696,7.220226096387028,1.841134975239366,1.841134975239366,0.7052036162444661,0.6909778714179993,1.8609076738357544,1.340598225593567,0.003669353201985359,-0.16385453939437866,-0.28550252318382263,1.6887363195419312,-0.27887678146362305
2.1070087609511887,7.040506141571062,0.28957388357261216,0.28957388357261216,0.24976078866761345,0.6991295218467712,1.8842506408691406,1.3406143188476562,0.004416779149323702,-0.1651051789522171,-0.2523297369480133,1.6875146627426147,1.0289151668548584
2.111389236545682,6.292156349615647,0.9510253575320242,0.9510253575320242,0.21190804376527383,0.7073834538459778,1.886159062385559,1.3406336307525635,0.006438270211219788,-0.16621050238609314,-0.25116705894470215,1.6920218467712402,1.4324934482574463
2.115769712140175,6.820438181599782,0.525773771698444,0.525773771698444,-0.33631296870070637,0.7156457304954529,1.887224793434143,1.340661883354187,0.003585497848689556,-0.16731072962284088,-0.22958248853683472,1.6982969045639038,1.7690507173538208
2.1201501877346685,8.833912663986322,0.617097586323814,0.617097586323814,0.18887224954500337,0.7239126563072205,1.8614208698272705,1.3406776189804077,0.007391159422695637,-0.16831640899181366,-0.20440682768821716,1.706046223640442,1.004871129989624
2.1245306633291614,6.9266342443162845,-0.9328572280560256,-0.9328572280560256,-0.05105089175973617,0.7320665717124939,1.857496738433838,1.3407100439071655,0.021483387798070908,-0.16921180486679077,-0.191901296377182,1.7104480266571045,1.2546162605285645
2.1289111389236544,3.7332893573842227,-0.7334876575597435,-0.7334876575597435,-0.06721921904373646,0.7402032613754272,1.8448987007141113,1.340804100036621,0.02447681687772274,-0.1700524240732193,-0.217652827501297,1.7159438133239746,1.052355408668518
2.133291614518148,7.437333889326322,0.030646135368064514,0.030646135368064514,-0.42734664202752626,0.7482848167419434,1.8361822366714478,1.3409112691879272,0.0065409112721681595,-0.17100584506988525,-0.23710997402668,1.7205536365509033,0.8632317781448364
2.1376720901126407,7.372505632831597,-0.9921970750068905,-0.9921970750068905,0.7874836847946683,0.7563281655311584,1.804885983467102,1.3409398794174194,0.015730123966932297,-0.17204450070858002,-0.22373513877391815,1.724334955215454,-0.09951651096343994
2.1420525657071336,8.004493159100031,1.1324478849205857,1.1324478849205857,-0.018223988246160075,0.7642344236373901,1.8310060501098633,1.3410087823867798,0.015770109370350838,-0.17302456498146057,-0.2757074534893036,1.723899006843567,1.355312705039978
2.146433041301627,7.204168173281381,-0.4505902067866099,-0.4505902067866099,0.20621812397050057,0.7722551226615906,1.8180326223373413,1.3410778045654297,0.02568070963025093,-0.17423228919506073,-0.2421041876077652,1.729835867881775,1.1964607238769531
2.15081351689612,7.801644689361071,1.727331597887797,1.727331597887797,-0.6631380831943954,0.7802189588546753,1.8167564868927002,1.3411903381347656,0.028660811483860016,-0.17529281973838806,-0.26128506660461426,1.735076904296875,1.4943056106567383
2.155193992490613,7.493178323702837,-0.9102644683557497,-0.9102644683557497,1.2231562666101354,0.7881771922111511,1.77344810962677,1.3413158655166626,0.04226980730891228,-0.1764373779296875,-0.1914757788181305,1.7416226863861084,0.050071001052856445
2.1595744680851063,4.609963362427123,-0.5142736073707295,-0.5142736073707295,-1.4359865150689555,0.7959457635879517,1.819421410560608,1.341500997543335,0.038965459913015366,-0.1772761344909668,-0.2537784278392792,1.7418420314788818,2.362964630126953
2.1639549436795997,5.442267567278151,-0.4472486770302846,-0.4472486770302846,-0.16597064456869867,0.8039156794548035,1.744494080543518,1.3416717052459717,0.03761333227157593,-0.1783878058195114,-0.22686149179935455,1.7521929740905762,-0.5706837177276611
2.1683354192740927,4.5071275374125745,0.06422329990093191,0.06422329990093191,1.0291887348278308,0.811557412147522,1.7280930280685425,1.3418364524841309,0.0320906937122345,-0.1793815642595291,-0.2350756973028183,1.7496931552886963,-0.9926452040672302
2.1727158948685856,6.705737211869133,-0.7179837814898015,-0.7179837814898015,-0.9697341990511721,0.8191272616386414,1.7693440914154053,1.3419770002365112,0.01010904647409916,-0.18041130900382996,-0.2632557451725006,1.745344877243042,0.9804885983467102
2.1770963704630786,5.3798749973440465,1.2959333969824471,1.2959333969824471,0.06940793640798418,0.8268778324127197,1.713034987449646,1.3420212268829346,0.019468355923891068,-0.18156449496746063,-0.25590384006500244,1.749639868736267,-1.0612382888793945
2.181476846057572,6.04995537539429,-4.564174707518811,-4.564174707518811,1.6740488589527593,0.8343817591667175,1.707668662071228,1.3421064615249634,0.011403016746044159,-0.1826854795217514,-0.22008541226387024,1.7449911832809448,-1.0137611627578735
2.185857321652065,8.6453257791578,-0.15237398912407363,-0.15237398912407363,-0.5007309745851347,0.841862142086029,1.7767491340637207,1.3421564102172852,-0.005517616868019104,-0.18364955484867096,-0.40226131677627563,1.7405503988265991,2.2175345420837402
2.1902377972465583,11.010506132630205,-0.35504628278868067,-0.35504628278868067,0.5314319739412587,0.8496451377868652,1.739176630973816,1.3421322107315063,0.01220998726785183,-0.18541164696216583,-0.3920881748199463,1.750264286994934,1.0777761936187744
2.1946182728410517,6.621702681883184,3.486934978396055,3.486934978396055,-0.9882540273394536,0.8572635650634766,1.7461984157562256,1.3421857357025146,0.03743140399456024,-0.1871291846036911,-0.41797614097595215,1.7549854516983032,1.9478352069854736
2.198998748435544,7.201488473675263,-0.5717642807095974,-0.5717642807095974,0.4939182668480385,0.864912748336792,1.6887757778167725,1.342349648475647,0.04653582349419594,-0.18896012008190155,-0.2872864305973053,1.7635178565979004,-0.1342005729675293
2.2033792240300376,8.343999980124405,-0.4994320800404002,-0.4994320800404002,0.08459753424216288,0.8723104000091553,1.699919581413269,1.3425534963607788,0.04671824723482132,-0.19021856784820557,-0.31840774416923523,1.7629300355911255,0.7207664251327515
2.2077596996245306,8.276251195828529,1.792760003168798,1.792760003168798,-1.1568986585461645,0.8797568678855896,1.6898683309555054,1.3427581787109375,0.05814852938055992,-0.1916133463382721,-0.3354632556438446,1.766087293624878,0.7403604388237
2.2121401752190235,9.936904054798486,1.6368269976201344,1.6368269976201344,2.2503299725936055,0.8871592879295349,1.621601939201355,1.3430129289627075,0.08063436299562454,-0.19308283925056458,-0.24932387471199036,1.769330382347107,-1.7117979526519775
2.216520650813517,6.861086447818563,0.3013191703770135,0.3013191703770135,-1.9463546892867234,0.8942626714706421,1.7100282907485962,1.3433661460876465,0.08192697912454605,-0.19417499005794525,-0.26724010705947876,1.7618318796157837,2.586366891860962
2.22090112640801,7.4462276218762256,-0.47145761830308663,-0.47145761830308663,1.2557740172321348,0.9017534255981445,1.6068365573883057,1.3437249660491943,0.10130766779184341,-0.19534562528133392,-0.20160090923309326,1.7731614112854004,-1.4112257957458496
2.225281602002503,7.877683846713962,-1.3146236542402514,-1.3146236542402514,-0.3451426169152626,0.9087921380996704,1.65272855758667,1.344168782234192,0.09535998106002808,-0.1962287276983261,-0.2520415484905243,1.7669795751571655,0.9506380558013916
2.229662077596996,5.520513937721484,0.4329172223263612,0.4329172223263612,-0.6980550160999435,0.9160318970680237,1.6229130029678345,1.3445864915847778,0.10762132704257965,-0.19733278453350067,-0.28035345673561096,1.7711437940597534,0.11961096525192261
2.234042553191489,11.676934644073587,0.8655660965708549,0.8655660965708549,0.6821237785818494,0.9231410026550293,1.5806044340133667,1.3450579643249512,0.10781406611204147,-0.19856086373329163,-0.24732547998428345,1.771667718887329,-1.3721115589141846
2.2384230287859825,7.879507236457499,-0.38288913205457364,-0.38288913205457364,0.5308383340373627,0.9300647974014282,1.5920721292495728,1.3455302715301514,0.13539113104343414,-0.1996442675590515,-0.24196837842464447,1.7656571865081787,-0.23134863376617432
2.2428035043804755,9.58976310895585,0.6251952959392488,0.6251952959392488,-0.95640555667609,0.9370388388633728,1.6031506061553955,1.3461233377456665,0.1395871937274933,-0.2007042020559311,-0.2686521112918854,1.7646437883377075,0.6805687546730042
2.2471839799749684,8.258562727624827,-0.10863713897491634,-0.10863713897491634,0.6366856755030004,0.9440613985061646,1.541404128074646,1.3467347621917725,0.16874812543392181,-0.2018810212612152,-0.22246435284614563,1.7676249742507935,-1.3994240760803223
2.251564455569462,7.368262459426958,0.9402588550512263,0.9402588550512263,-1.0221309023208318,0.9508134722709656,1.5565756559371948,1.3474739789962769,0.1742047518491745,-0.20285552740097046,-0.24423013627529144,1.7614948749542236,-0.28530430793762207
2.255944931163955,8.076520604980953,-0.8304154161121969,-0.8304154161121969,1.6505448125894648,0.9576320052146912,1.495537281036377,1.3482370376586914,0.1891455501317978,-0.20392537117004395,-0.1869221329689026,1.7602450847625732,-2.4549872875213623
2.260325406758448,7.163712257191578,1.3692260046439524,1.3692260046439524,0.09123833549258244,0.9641831517219543,1.558520793914795,1.3490655422210693,0.18401609361171722,-0.20474417507648468,-0.2593740224838257,1.7494910955429077,0.6825735569000244
2.264705882352941,7.450244237090056,-0.5067532815031646,-0.5067532815031646,0.5763912522226964,0.9710102081298828,1.550080418586731,1.3498716354370117,0.18746155500411987,-0.20588035881519318,-0.22205272316932678,1.7524811029434204,0.7360902428627014
2.269086357947434,5.600029052023261,-1.041655755811479,-1.041655755811479,-0.9181423125512262,0.9778003096580505,1.5638492107391357,1.3506927490234375,0.18858972191810608,-0.20685306191444397,-0.25368398427963257,1.75570547580719,1.7488551139831543
2.2734668335419275,5.992849277364754,1.631334996516772,1.631334996516772,0.5606591767125227,0.984650731086731,1.510583758354187,1.3515188694000244,0.19030696153640747,-0.20796431601047516,-0.25729095935821533,1.7633663415908813,-0.180977463722229
2.2778473091364204,7.480598495380824,0.22550349075236248,0.22550349075236248,-0.35103459418942135,0.9912678003311157,1.5260165929794312,1.352352499961853,0.18175196647644043,-0.20909136533737183,-0.2260238230228424,1.7625735998153687,0.8233683109283447
2.2822277847309134,6.605139593337918,1.5796013231993076,1.5796013231993076,-0.018182583640450875,0.9979524612426758,1.495905876159668,1.3531486988067627,0.19126179814338684,-0.21008145809173584,-0.2091870903968811,1.766180396080017,-0.014917969703674316
2.2866082603254068,7.949524192437524,0.9439986345304783,0.9439986345304783,1.385565891360401,1.0045052766799927,1.48294997215271,1.3539865016937256,0.19204393029212952,-0.2109977900981903,-0.16252672672271729,1.7661150693893433,-0.17564348876476288
2.2909887359199,4.9633642102918785,1.2081452427646995,1.2081452427646995,-1.3444213805427228,1.0110013484954834,1.5332961082458496,1.3548277616500854,0.18866315484046936,-0.21170973777770996,-0.17542189359664917,1.7653456926345825,2.4322543144226074
2.2953692115143927,7.251421923175172,-0.6138364559836605,-0.6138364559836605,0.3863132640652656,1.017717957496643,1.4609755277633667,1.355654239654541,0.1902431845664978,-0.2124781757593155,-0.10087886452674866,1.7760001420974731,-0.33766865730285645
2.299749687108886,8.863392483327342,-0.2211401282091197,-0.2211401282091197,-0.6219122949981992,1.0241177082061768,1.4655652046203613,1.3564876317977905,0.1913733035326004,-0.21292006969451904,-0.13008640706539154,1.774520993232727,0.29071974754333496
2.304130162703379,5.362978240261132,1.9300287124178748,1.9300287124178748,1.519221763970182,1.0305376052856445,1.4199514389038086,1.3573259115219116,0.21291261911392212,-0.21348990499973297,-0.11838258802890778,1.775794506072998,-1.1186933517456055
2.3085106382978724,6.0700717871219805,1.055306397777389,1.055306397777389,-2.243783284101173,1.0367577075958252,1.4810065031051636,1.358258605003357,0.19043059647083282,-0.21400848031044006,-0.1063857227563858,1.7708940505981445,1.8012607097625732
2.3128911138923653,3.9479681966733007,2.5695277182244043,2.5695277182244043,1.2394008289794345,1.0432451963424683,1.364500641822815,1.3590928316116333,0.20848625898361206,-0.21447449922561646,-0.010041840374469757,1.7787843942642212,-2.7819020748138428
2.3172715894868583,8.368592894823312,-0.42597745016956917,-0.42597745016956917,0.601503589072541,1.0492223501205444,1.4148850440979004,1.3600060939788818,0.1785486489534378,-0.2145184874534607,0.02880207821726799,1.7665983438491821,-0.3921520709991455
2.321652065081352,7.030403195222578,-2.712749443295959,-2.712749443295959,-0.7524500445475074,1.055420160293579,1.4274652004241943,1.3607882261276245,0.18514710664749146,-0.21439231932163239,-0.0012036263942718506,1.7648805379867554,0.6456239223480225
2.3260325406758446,4.688997969427662,0.48599322532690464,0.48599322532690464,1.4793803797412037,1.0616731643676758,1.3790639638900757,1.3615992069244385,0.1954180896282196,-0.214397594332695,-0.05845058336853981,1.767708659172058,-0.9856631755828857
2.330413016270338,3.661115080038539,-1.466513432275021,-1.466513432275021,-0.650127026974686,1.0677140951156616,1.4396374225616455,1.3624552488327026,0.1694333851337433,-0.2146536409854889,-0.08746063709259033,1.7633910179138184,1.8695471286773682
2.334793491864831,5.857267839254514,-1.1954596638818136,-1.1954596638818136,0.1305803702259517,1.0740203857421875,1.402241587638855,1.3631974458694458,0.15618017315864563,-0.2150367647409439,-0.11130170524120331,1.7715805768966675,0.5061079263687134
2.339173967459324,9.42105281822534,0.5021145579048626,0.5021145579048626,-1.6242564534802792,1.0801628828048706,1.3973708152770996,1.3638815879821777,0.15057335793972015,-0.2155243158340454,-0.15002627670764923,1.7737975120544434,0.652948260307312
2.3435544430538173,8.559395544661838,0.16978686219920455,0.16978686219920455,0.8344631014248264,1.0862840414047241,1.3036025762557983,1.3645411729812622,0.18536251783370972,-0.21618150174617767,-0.08792950212955475,1.7766577005386353,-2.763267993927002
2.3479349186483103,5.641776394003413,-0.7855675310506809,-0.7855675310506809,0.053822272282021175,1.0919944047927856,1.3263200521469116,1.3653531074523926,0.18992915749549866,-0.21656668186187744,-0.10734015703201294,1.7645533084869385,-1.2697930335998535
2.3523153942428032,8.11522196452956,1.8684837862377806,1.8684837862377806,0.6962402543565244,1.097804307937622,1.3182066679000854,1.3661850690841675,0.18347369134426117,-0.2170368880033493,-0.13185299932956696,1.758991003036499,-1.270227074623108
2.3566958698372966,8.327155662134594,0.13386930110767364,0.13386930110767364,-0.36826423533031194,1.1035786867141724,1.3356255292892456,1.3669887781143188,0.18755315244197845,-0.21761447191238403,-0.09761977195739746,1.7534267902374268,-0.037227511405944824
2.3610763454317896,7.3395519900668305,0.10678288283688203,0.10678288283688203,-0.5192662197801868,1.1094293594360352,1.302685260772705,1.3678103685379028,0.20258232951164246,-0.21804209053516388,-0.08295588195323944,1.7532637119293213,-0.9253717660903931
2.3654568210262825,4.2585482001080415,0.47244125151606836,0.47244125151606836,2.330172817228678,1.1151357889175415,1.264461636543274,1.3686977624893188,0.21232537925243378,-0.21840547025203705,-0.06467325985431671,1.7492101192474365,-2.0957889556884766
2.369837296620776,7.9250020801411045,1.2780198943129162,1.2780198943129162,-1.6812621523709896,1.120674729347229,1.3659875392913818,1.369627833366394,0.17714419960975647,-0.21868877112865448,-0.11892490833997726,1.7400295734405518,2.463925838470459
2.374217772215269,8.647675989150432,-0.212451898657824,-0.212451898657824,0.3072370462076387,1.1266584396362305,1.271829605102539,1.37040376663208,0.1991589218378067,-0.2192097157239914,-0.03250449150800705,1.7508227825164795,-1.0260396003723145
2.3785982478097623,6.613708666942315,-1.6398329956997584,-1.6398329956997584,0.27290462970990326,1.1322296857833862,1.2699429988861084,1.3712761402130127,0.21033096313476562,-0.2193520963191986,-0.0476810559630394,1.7463282346725464,-0.5751330852508545
2.382978723404255,6.773777134291215,0.28146297681720456,0.28146297681720456,0.2552501492416458,1.1377925872802734,1.2703248262405396,1.3721975088119507,0.20853041112422943,-0.21956096589565277,-0.10353905707597733,1.7438088655471802,-0.15350842475891113
2.387359198998748,7.378943412635129,1.8377316534319414,1.8377316534319414,-0.8051576346902242,1.1433571577072144,1.2695910930633545,1.3731110095977783,0.20797941088676453,-0.2200145125389099,-0.10277356207370758,1.7431364059448242,0.23072117567062378
2.391739674593241,8.677612621976184,-0.24844528603192162,-0.24844528603192162,1.5573528256150548,1.148918628692627,1.217764139175415,1.3740220069885254,0.22009584307670593,-0.22046470642089844,-0.02559281885623932,1.7441470623016357,-1.5068652629852295
2.3961201501877345,9.668595163670414,-0.326353101869718,-0.326353101869718,-1.4044944930315568,1.1542530059814453,1.2746481895446777,1.374986171722412,0.22107873857021332,-0.22057680785655975,-0.07832784950733185,1.7375463247299194,1.4340083599090576
2.400500625782228,7.734132907877237,0.49898410147466743,0.49898410147466743,0.9309673070240214,1.1598365306854248,1.1901952028274536,1.3759546279907227,0.25253796577453613,-0.2209199219942093,-0.046842705458402634,1.7438279390335083,-1.5363004207611084
2.404881101376721,8.275466980787767,-3.414162665854379,-3.414162665854379,-0.09206102018070883,1.1650501489639282,1.219347596168518,1.377060890197754,0.252483069896698,-0.22112511098384857,-0.05945798382163048,1.737098217010498,0.1749633550643921
2.409261576971214,4.69133581052813,1.1763771808893795,1.1763771808893795,-0.06385566351238899,1.1703914403915405,1.199385404586792,1.378166913986206,0.2645803689956665,-0.22138556838035583,-0.15647387504577637,1.73786461353302,-0.1577330231666565
2.413642052565707,4.966944809839573,-0.4431684112547039,-0.4431684112547039,-0.016179092352542127,1.175645351409912,1.1875064373016357,1.3793258666992188,0.2529212236404419,-0.22207099199295044,-0.12025514245033264,1.7371736764907837,-0.36977386474609375
2.4180225281602,5.617792469270355,-1.1189635274194518,-1.1189635274194518,0.2866644436827741,1.18084716796875,1.177329182624817,1.3804337978363037,0.24267446994781494,-0.22259776294231415,-0.1327245831489563,1.7355538606643677,-0.491899311542511
2.422403003754693,7.269503760579466,0.12131689671775786,0.12131689671775786,-0.3615236835597989,1.186004400253296,1.1801824569702148,1.381496787071228,0.23430541157722473,-0.2231791615486145,-0.1737733781337738,1.7333991527557373,-0.022702902555465698
2.4267834793491865,2.568884411261691,1.9287772117798823,1.9287772117798823,0.9094918798659923,1.1911741495132446,1.1493208408355713,1.3825231790542603,0.24183326959609985,-0.22394037246704102,-0.15967290103435516,1.733299732208252,-0.8730894327163696
2.4311639549436794,9.026257904366387,1.225100188118569,1.225100188118569,0.37569191710075367,1.1962087154388428,1.1873126029968262,1.3835824728012085,0.2086028754711151,-0.22463981807231903,-0.1299065351486206,1.7294751405715942,0.8910443782806396
2.4355444305381724,7.558829319254947,1.208495902460364,1.208495902460364,-0.9301655370649943,1.2014096975326538,1.1878198385238647,1.3844962120056152,0.221902996301651,-0.22520886361598969,-0.10510112345218658,1.733378291130066,1.477529764175415
2.4399249061326658,4.101531955087678,-0.2722644390677814,-0.2722644390677814,0.6637166341238182,1.2066129446029663,1.12943434715271,1.3854682445526123,0.2354818880558014,-0.2256692498922348,-0.04264543205499649,1.7398505210876465,-0.5106570720672607
2.4443053817271587,7.54569886374321,1.0945819097434066,1.0945819097434066,-0.42892611519712603,1.2115603685379028,1.152807593345642,1.3864997625350952,0.21406197547912598,-0.22585605084896088,-0.06997904926538467,1.737613558769226,0.735131025314331
2.448685857321652,7.812039964456824,-0.8893856901705987,-0.8893856901705987,0.06504145707911295,1.2166101932525635,1.1180635690689087,1.3874374628067017,0.22394581139087677,-0.2261625975370407,-0.025487784296274185,1.7408337593078613,-0.25669223070144653
2.453066332916145,6.455267011325139,1.6958758482335794,1.6958758482335794,0.27166331212477823,1.2215077877044678,1.1060541868209839,1.388418436050415,0.2317083328962326,-0.2262742519378662,-0.05336008220911026,1.7397093772888184,-0.27132314443588257
2.457446808510638,7.490638807151259,0.021583158914185357,0.021583158914185357,0.390452640213111,1.2263528108596802,1.1064001321792603,1.3894333839416504,0.22890374064445496,-0.2265079915523529,-0.011768560856580734,1.738520860671997,0.15065762400627136
2.4618272841051314,8.517864038165044,0.5890915149318868,0.5890915149318868,-1.3164051275988058,1.2311993837356567,1.1103458404541016,1.390436053276062,0.23195795714855194,-0.22655954957008362,-0.02254071831703186,1.7391808032989502,0.7903609275817871
2.4662077596996244,6.466093250736898,0.6208931541714401,0.6208931541714401,0.09411795080983922,1.2360632419586182,1.0318573713302612,1.3914521932601929,0.25535261631011963,-0.22665828466415405,0.03310582414269447,1.7426429986953735,-1.9866909980773926
2.4705882352941178,7.568650284379448,-0.6575928790089263,-0.6575928790089263,-0.5330264630231908,1.2405833005905151,1.0237078666687012,1.3925707340240479,0.25363972783088684,-0.22651326656341553,0.04848932847380638,1.7339403629302979,-1.919272541999817
2.4749687108886107,5.802816465565243,-0.784594193820582,-0.784594193820582,0.6546597556305978,1.2450675964355469,0.9839337468147278,1.3936817646026611,0.264058381319046,-0.22630086541175842,0.04485159367322922,1.7255330085754395,-3.1177263259887695
2.479349186483104,3.965447864785084,0.2531388401279836,0.2531388401279836,1.0845428567869742,1.249377727508545,1.003578782081604,1.3948384523391724,0.2532806694507599,-0.22610439360141754,0.0028208158910274506,1.7118759155273438,-1.9177236557006836
2.483729662077597,6.46584898784971,1.6877531068374543,1.6877531068374543,-0.3041175712685601,1.2537739276885986,1.0473124980926514,1.3959479331970215,0.22859284281730652,-0.22609204053878784,-0.021458817645907402,1.7034753561019897,0.1730976104736328
2.48811013767209,7.9378643556541295,0.35357020822959906,0.35357020822959906,-0.5204304365807504,1.2583616971969604,1.0206713676452637,1.396949291229248,0.22983428835868835,-0.22618603706359863,0.03671012073755264,1.7042336463928223,-0.5407876968383789
2.492490613266583,7.894522888938971,0.89265138081359,0.89265138081359,-0.12035326244213342,1.262832760810852,0.9809841513633728,1.397956132888794,0.24206577241420746,-0.22602522373199463,0.062233712524175644,1.7018647193908691,-1.7102676630020142
2.4968710888610763,9.180278375085486,0.36810607460362177,0.36810607460362177,1.3691108862644785,1.267129898071289,0.9603224992752075,1.3990164995193481,0.2511731684207916,-0.22575260698795319,0.09181666374206543,1.6943728923797607,-2.0817408561706543
2.5012515644555693,9.88388328086441,-0.4126389812414769,-0.4126389812414769,-1.3155473356192067,1.271336555480957,1.0079491138458252,1.4001168012619019,0.2596912384033203,-0.22535040974617004,0.06258414685726166,1.6852538585662842,0.4933905601501465
2.5056320400500622,6.065806868543561,-1.6033680330856026,-1.6033680330856026,1.682829935062692,1.2757518291473389,0.9270179867744446,1.401254415512085,0.2884424924850464,-0.22507625818252563,0.08895193040370941,1.6874151229858398,-2.282769203186035
2.510012515644556,4.4552678934107535,0.7792597449189996,0.7792597449189996,0.18450329770234447,1.2798125743865967,0.9955143928527832,1.4025179147720337,0.27520108222961426,-0.2246866077184677,-0.0070154666900634766,1.6774154901504517,0.9698781967163086
2.5143929912390486,5.359339833894779,-0.33053140155692096,-0.33053140155692096,-1.4009512369871369,1.2841733694076538,0.9960106015205383,1.4037234783172607,0.26028308272361755,-0.22471733391284943,0.01035330630838871,1.681663990020752,1.2678769826889038
2.518773466833542,10.520524991075735,0.37477701992480106,0.37477701992480106,0.8793397445279463,1.2885363101959229,0.9194768071174622,1.4048635959625244,0.25955694913864136,-0.22467197477817535,0.041612960398197174,1.6872179508209229,-1.6051827669143677
2.523153942428035,6.073609584598547,0.03571442265155175,0.03571442265155175,-0.3058672369251537,1.292564034461975,0.9415761232376099,1.4060006141662598,0.28017985820770264,-0.22448968887329102,0.026878129690885544,1.6801865100860596,-0.023006439208984375
2.527534418022528,6.250639737493332,-0.0202531201577745,-0.0202531201577745,-0.6401063936851824,1.2966885566711426,0.915772020816803,1.4072279930114746,0.27847182750701904,-0.22437195479869843,0.03685339540243149,1.6800857782363892,-0.7269947528839111
2.5319148936170213,7.421666416128353,0.9439829931726725,0.9439829931726725,0.991713106928904,1.300700068473816,0.8737587332725525,1.4084478616714478,0.27960658073425293,-0.22421051561832428,0.054955072700977325,1.6769012212753296,-2.099022626876831
2.536295369211514,4.091661168944149,-2.0377167138804935,-2.0377167138804935,-0.5901367417851325,1.3045275211334229,0.9071125388145447,1.4096726179122925,0.2796170115470886,-0.22396978735923767,0.05356120318174362,1.6677064895629883,-0.24000024795532227
2.540675844806008,9.231793508535372,0.22374517255254983,0.22374517255254983,-0.17161806504309035,1.308501124382019,0.8715128302574158,1.4108974933624268,0.26607003808021545,-0.22373516857624054,0.011287279427051544,1.66665518283844,-1.4763959646224976
2.545056320400501,4.721922316698508,1.8822292707774508,1.8822292707774508,1.1256900757543944,1.3123188018798828,0.8463758826255798,1.4120630025863647,0.2838996946811676,-0.22368572652339935,0.022833138704299927,1.660187840461731,-1.9566506147384644
2.549436795994993,8.227445162722256,0.8668125948381845,0.8668125948381845,-0.8511611775121638,1.3160263299942017,0.8912952542304993,1.4133065938949585,0.26652365922927856,-0.22358570992946625,0.0449264794588089,1.6516168117523193,0.2146075963973999
2.553817271589487,6.803994589613868,1.1432218401196341,1.1432218401196341,0.841809355706164,1.3199306726455688,0.8357782959938049,1.4144741296768188,0.280468225479126,-0.2233889102935791,0.09509676694869995,1.6525568962097168,-1.5975619554519653
2.55819774718398,4.700540822989607,-0.06900707777438234,-0.06900707777438234,-1.6954797113725417,1.3235918283462524,0.8634858131408691,1.4157027006149292,0.2783041298389435,-0.2229723483324051,0.10389896482229233,1.6455588340759277,-0.019584059715270996
2.562578222778473,10.426735937122483,1.7010826492133737,1.7010826492133737,1.7758153934075769,1.3273743391036987,0.7741736769676208,1.416921854019165,0.27202102541923523,-0.2225172221660614,0.15139712393283844,1.6454730033874512,-3.4604740142822266
2.566958698372966,7.265460996365905,-0.4180157411858549,-0.4180157411858549,0.27740636041671024,1.3307656049728394,0.8399103879928589,1.4181134700775146,0.2894233465194702,-0.22185403108596802,0.14921468496322632,1.6303144693374634,-0.07152390480041504
2.571339173967459,5.91713105006972,-0.43333423932883186,-0.43333423932883186,-0.5477833900211242,1.3344447612762451,0.8401921391487122,1.4193812608718872,0.29298195242881775,-0.22120040655136108,0.12890616059303284,1.630001187324524,0.3842451870441437
2.575719649561952,7.314166272635942,2.378909631661867,2.378909631661867,0.5462173581122267,1.338125228881836,0.8035353422164917,1.420664668083191,0.2900865077972412,-0.22063574194908142,0.1322484314441681,1.631684422492981,-0.7844297885894775
2.580100125156445,3.5636290276662486,0.22945526093485819,0.22945526093485819,-1.3955363116612425,1.3416451215744019,0.8166069388389587,1.4219354391098022,0.293114572763443,-0.2200564295053482,0.18576885759830475,1.6282482147216797,0.20573043823242188
2.5844806007509384,3.6939508489539485,-0.09199173842711483,-0.09199173842711483,2.416003664376836,1.3452222347259521,0.7437156438827515,1.4232194423675537,0.27718406915664673,-0.21924267709255219,0.23322376608848572,1.6291494369506836,-2.618854284286499
2.588861076345432,7.6977035803867935,0.4672880519020013,0.4672880519020013,-0.7905578831782923,1.3484801054000854,0.8524488806724548,1.4244335889816284,0.2508273124694824,-0.2182210385799408,0.1599823534488678,1.6176775693893433,2.1419966220855713
2.593241551939925,6.969561128703317,-1.2635343488812973,-1.2635343488812973,-0.1068642092897986,1.3522142171859741,0.8012741208076477,1.425532341003418,0.2592823803424835,-0.21752023696899414,0.19671544432640076,1.6270605325698853,0.47192978858947754
2.5976220275344177,6.795817438281372,-1.1484554101093472,-1.1484554101093472,-1.264873221217189,1.3557242155075073,0.7840004563331604,1.4266681671142578,0.2620002031326294,-0.21665853261947632,0.1629370152950287,1.629127860069275,0.1691375970840454
2.602002503128911,8.318699501734327,0.45843364144156645,0.45843364144156645,0.33772043265872276,1.3591585159301758,0.7118049263954163,1.4278157949447632,0.26685667037963867,-0.2159447968006134,0.166336789727211,1.629868745803833,-2.4368906021118164
2.606382978723404,7.931269012491546,-2.4638680925335334,-2.4638680925335334,1.1228541843360151,1.362276554107666,0.713427722454071,1.4289847612380981,0.2765542268753052,-0.21521615982055664,0.16986200213432312,1.6191940307617188,-1.8726110458374023
2.610763454317897,5.924936354309946,-0.5503406359037981,-0.5503406359037981,-0.4833783345149856,1.3654017448425293,0.7533720135688782,1.4301961660385132,0.2823140025138855,-0.21447208523750305,0.06511833518743515,1.61099112033844,0.2637324333190918
2.6151439299123904,5.832582261612355,-0.14132292347887834,-0.14132292347887834,0.21393612718659083,1.3687018156051636,0.7201792001724243,1.431432843208313,0.27887162566185,-0.21418683230876923,0.06316282600164413,1.6121463775634766,-0.7698131799697876
2.619524405506884,4.901890523436361,0.9768229844030001,0.9768229844030001,-0.45721860259595304,1.3718565702438354,0.7204497456550598,1.4326543807983398,0.2734258472919464,-0.21391014754772186,0.052788134664297104,1.608774185180664,-0.4144245386123657
2.6239048811013768,7.504336753742862,1.1771514137926173,1.1771514137926173,0.4177615256686279,1.3750125169754028,0.6902820467948914,1.4338520765304565,0.26320773363113403,-0.21367891132831573,0.09466669708490372,1.6069588661193848,-1.3829479217529297
2.6282853566958697,5.545421124445038,-0.1811119168926562,-0.1811119168926562,1.0177203083000874,1.3780362606048584,0.6975077390670776,1.4350050687789917,0.26821139454841614,-0.21326422691345215,0.11684329062700272,1.6009008884429932,-0.6400490403175354
2.6326658322903627,7.251183852111211,-0.41787030033524775,-0.41787030033524775,-1.4497512931584917,1.3810917139053345,0.7367827892303467,1.4361799955368042,0.25985875725746155,-0.21275240182876587,0.08183358609676361,1.5980972051620483,1.3219273090362549
2.637046307884856,8.746166020877105,-0.2670550878921314,-0.2670550878921314,0.773144273409835,1.3843191862106323,0.6553375124931335,1.4373183250427246,0.2658327519893646,-0.21239392459392548,0.1119677796959877,1.603887915611267,-1.646315574645996
2.641426783479349,7.3913679267231025,1.5941297180492704,1.5941297180492704,1.4806199188466806,1.3871898651123047,0.6775503754615784,1.4384827613830566,0.27835050225257874,-0.21190345287322998,0.08159065991640091,1.596676230430603,-0.20891129970550537
2.645807259073842,5.105981172594375,0.9997421688708994,0.9997421688708994,-1.766419042386601,1.3901578187942505,0.7359505295753479,1.439702033996582,0.28169944882392883,-0.21154604852199554,0.08490550518035889,1.5957610607147217,2.655156135559082
2.650187734668336,6.738884844860204,3.6176181624968433,3.6176181624968433,0.7550036042526851,1.3933815956115723,0.6430169939994812,1.4409359693527222,0.2733616232872009,-0.2111741155385971,0.16568619012832642,1.6073919534683228,-0.9182190895080566
2.6545682102628283,4.580061679297611,-0.7983589720642945,-0.7983589720642945,-0.7717076321906807,1.3961982727050781,0.6677781939506531,1.4421334266662598,0.27291548252105713,-0.21044832468032837,0.24928361177444458,1.6033697128295898,0.5056785345077515
2.6589486858573217,5.9776652173211335,0.49124569205543667,0.49124569205543667,0.10294301689809282,1.3991234302520752,0.6232770681381226,1.4433289766311646,0.2609765827655792,-0.20935633778572083,0.24850530922412872,1.6055848598480225,-1.0831432342529297
2.663329161451814,8.38871127566498,-3.3431114303317964,-3.3431114303317964,0.18210676183712585,1.4018536806106567,0.6182622909545898,1.4444721937179565,0.2566932737827301,-0.20826776325702667,0.25984498858451843,1.6008402109146118,-0.9472936987876892
2.667709637046308,3.553677774856906,-0.68016568640182,-0.68016568640182,-0.10176449003717536,1.404561996459961,0.6131411194801331,1.4455965757369995,0.2680722773075104,-0.20712952315807343,0.1568974405527115,1.5966906547546387,-0.6794489622116089
2.672090112640801,7.916387375446221,-1.0593166076424538,-1.0593166076424538,-0.332826890922616,1.4072479009628296,0.6024705767631531,1.4467709064483643,0.24835366010665894,-0.2064422369003296,0.14000628888607025,1.5937143564224243,-0.9212427139282227
2.676470588235294,5.31131668852994,1.1227529589018799,1.1227529589018799,0.42798229471998833,1.4098869562149048,0.5736963748931885,1.4478588104248047,0.2572862505912781,-0.2058289498090744,0.11879048496484756,1.5896788835525513,-1.6697877645492554
2.6808510638297878,6.168119174577921,-0.6157211222636182,-0.6157211222636182,0.716144021953501,1.4124000072479248,0.5855591893196106,1.4489858150482178,0.24827240407466888,-0.20530858635902405,0.1390799880027771,1.5823644399642944,-0.87442547082901
2.6852315394242803,9.207675726763648,-0.4276687211557243,-0.4276687211557243,-2.177784295426383,1.414965033531189,0.6098915338516235,1.4500733613967896,0.24504153430461884,-0.2046993523836136,0.10018530488014221,1.5785340070724487,0.4876728653907776
2.689612015018773,6.522301427013396,1.2039125556561754,1.2039125556561754,2.145109680442508,1.4176366329193115,0.4911124110221863,1.4511467218399048,0.26288485527038574,-0.20426049828529358,0.15129423141479492,1.5806702375411987,-3.940164089202881
2.6939924906132666,6.416146773743463,2.0760604316285054,2.0760604316285054,-0.6673426774906652,1.419787883758545,0.5832250118255615,1.4522982835769653,0.2598007917404175,-0.203597754240036,0.12380829453468323,1.5634104013442993,0.26358985900878906
2.69837296620776,8.509760712397258,-0.8116018496137117,-0.8116018496137117,0.9394785059672726,1.4223426580429077,0.5412561893463135,1.4534363746643066,0.25840651988983154,-0.20305541157722473,0.20392435789108276,1.5645650625228882,-1.1245946884155273
2.7027534418022525,6.0422781924317945,0.3580975316932002,0.3580975316932002,-0.15989353975928183,1.4247136116027832,0.5728268623352051,1.4545682668685913,0.2710567116737366,-0.20216213166713715,0.1527872532606125,1.5596388578414917,0.6659656763076782
2.707133917396746,6.821736069572476,-0.08813634284339289,-0.08813634284339289,-0.06302967133193481,1.4272228479385376,0.5557920932769775,1.455755591392517,0.2673434615135193,-0.20149284601211548,0.1679142415523529,1.5625561475753784,0.2928565442562103
2.711514392991239,6.818840456422772,-1.290830713599777,-1.290830713599777,0.14350252210054157,1.4296574592590332,0.5421871542930603,1.456926703453064,0.26882004737854004,-0.20075729489326477,0.16718104481697083,1.5638389587402344,0.1047697514295578
2.715894868585732,3.1220056997534584,0.5191917866701565,0.5191917866701565,-1.4186593559829561,1.4320324659347534,0.538486659526825,1.4581042528152466,0.27036672830581665,-0.20002496242523193,0.12529397010803223,1.5642979145050049,0.32765233516693115
2.720275344180225,10.121639529178655,2.4309415542789834,2.4309415542789834,2.6378554915398893,1.4343912601470947,0.4658603072166443,1.4592885971069336,0.2473074495792389,-0.19947610795497894,0.18188536167144775,1.5657331943511963,-2.5249948501586914
2.724655819774718,7.709535594374663,-1.2443800676051389,-1.2443800676051389,-2.031279150498338,1.4364320039749146,0.5763498544692993,1.460371971130371,0.27033761143684387,-0.1986793577671051,0.17584282159805298,1.5546724796295166,2.6323909759521484
2.729036295369212,7.820837929755847,1.4813952631211484,1.4813952631211484,1.915799853913773,1.4389567375183105,0.46754682064056396,1.4615561962127686,0.27535977959632874,-0.19790908694267273,0.1988227665424347,1.5662035942077637,-1.477921485900879
2.7334167709637045,8.803776776099859,2.688978615180912,2.688978615180912,-0.6138634613367252,1.4410048723220825,0.547156810760498,1.4627623558044434,0.283619225025177,-0.19703814387321472,0.18613678216934204,1.5597295761108398,2.263806104660034
2.737797246558197,8.123175908279748,-0.4533981169168433,-0.4533981169168433,-0.8237493570000284,1.4434016942977905,0.504481315612793,1.4640047550201416,0.2972373366355896,-0.19622278213500977,0.28259024024009705,1.5696461200714111,0.9640576839447021
2.742177722152691,6.853398073589764,0.6102226933857406,0.6102226933857406,0.2640467741426433,1.445611596107483,0.4527572989463806,1.4653067588806152,0.30716004967689514,-0.19498489797115326,0.293405681848526,1.5738691091537476,-0.7509390115737915
2.746558197747184,3.960258852841325,-1.0910077711486221,-1.0910077711486221,-0.29228978944109013,1.4475948810577393,0.45499035716056824,1.466652274131775,0.30885452032089233,-0.1936996430158615,0.30351510643959045,1.5705796480178833,-0.28979018330574036
2.750938673341677,4.523725970435681,1.9917125748643345,1.9917125748643345,0.6152554457209514,1.4495879411697388,0.43507060408592224,1.4680051803588867,0.29174143075942993,-0.19237010180950165,0.28019002079963684,1.569310188293457,-0.908011794090271
2.75531914893617,6.3616980134794865,-1.9087020706338,-1.9087020706338,0.008888127009203939,1.451493740081787,0.45773592591285706,1.469283103942871,0.27828457951545715,-0.191142737865448,0.32038694620132446,1.5653326511383057,0.2756767272949219
2.759699624530663,8.300917829124916,1.4008247882049876,1.4008247882049876,0.2112441531043795,1.4534988403320312,0.44876688718795776,1.4705021381378174,0.276879221200943,-0.18973928689956665,0.26438724994659424,1.566540241241455,0.23723244667053223
2.7640801001251565,7.505743057315026,0.31082306277172844,0.31082306277172844,-0.7726410547231473,1.4554646015167236,0.44668442010879517,1.471714973449707,0.28820592164993286,-0.18858113884925842,0.2991267740726471,1.5675793886184692,0.5845574140548706
2.768460575719649,6.503212610921881,-0.44109972246577134,-0.44109972246577134,0.8551351652654284,1.4574213027954102,0.3987991213798523,1.4729773998260498,0.29415538907051086,-0.18727082014083862,0.33076736330986023,1.57014000415802,-1.0195637941360474
2.7728410513141424,6.511132573657522,-0.6696331551499712,-0.6696331551499712,-0.2155688311911026,1.4591681957244873,0.4302278161048889,1.4742659330368042,0.29363611340522766,-0.18582190573215485,0.29291319847106934,1.565673828125,0.6249756813049316
2.777221526908636,4.9222531795840005,0.7923273830782099,0.7923273830782099,0.914369192275783,1.4610527753829956,0.41057297587394714,1.4755522012710571,0.2931629717350006,-0.1845388114452362,0.27965307235717773,1.5684114694595337,0.1399381458759308
2.7816020025031287,4.180967637034005,1.7479801693132684,1.7479801693132684,-1.9263691780906,1.4628512859344482,0.4472416639328003,1.4768364429473877,0.28250256180763245,-0.18331380188465118,0.276089072227478,1.5690244436264038,1.9174392223358154
2.7859824780976217,5.664946648977052,-0.2016900247859123,-0.2016900247859123,0.7911709933349156,1.4648103713989258,0.3492257297039032,1.4780739545822144,0.26634612679481506,-0.18210439383983612,0.38339173793792725,1.5774236917495728,-1.9532241821289062
2.790362953692115,7.495084653071067,0.46240690254358147,0.46240690254358147,1.214898264431249,1.466340184211731,0.37898901104927063,1.4792406558990479,0.25981926918029785,-0.18042495846748352,0.3543970584869385,1.5688676834106445,-0.42913949489593506
2.794743429286608,9.129104267878452,0.18165094387708774,0.18165094387708774,-1.9415667797446814,1.4680002927780151,0.42657744884490967,1.4803787469863892,0.2660232484340668,-0.17887252569198608,0.3324219286441803,1.5669878721237183,1.9255996942520142
2.7991239048811014,7.595427423540271,1.6078758856868594,1.6078758856868594,0.9266993550626974,1.4698688983917236,0.3211386203765869,1.481544017791748,0.2821055054664612,-0.1774163544178009,0.3944266140460968,1.5754228830337524,-2.01523494720459
2.8035043804755944,6.244109862123509,1.2492637430058098,1.2492637430058098,0.10039440302708078,1.4712756872177124,0.3549283444881439,1.4827797412872314,0.2882792353630066,-0.17568857967853546,0.41431912779808044,1.566595196723938,-0.23629581928253174
2.8078848560700878,7.781669589553689,0.5057041806233704,0.5057041806233704,-0.22987099253363405,1.4728304147720337,0.3512383997440338,1.4840425252914429,0.2862446904182434,-0.1738736629486084,0.44786974787712097,1.5655601024627686,-0.0873841792345047
2.8122653316645807,5.4616854901617025,1.1616092637977478,1.1616092637977478,0.4891154876698275,1.4743690490722656,0.32979005575180054,1.485296368598938,0.29422950744628906,-0.17191177606582642,0.4693508744239807,1.565177321434021,-0.6073871850967407
2.8166458072590737,3.880442209016528,0.5909526817960171,0.5909526817960171,-0.8752873068608149,1.475813627243042,0.3459111154079437,1.486585259437561,0.28716766834259033,-0.16985580325126648,0.48898983001708984,1.562516689300537,0.3230217695236206
2.821026282853567,6.708140124938246,1.0112877375896623,1.0112877375896623,1.6320950769000466,1.477328896522522,0.2989923655986786,1.4878431558609009,0.26929324865341187,-0.16771379113197327,0.5318086743354797,1.5639317035675049,-1.4491418600082397
2.82540675844806,6.234459126393084,-0.3760923714895799,-0.3760923714895799,-0.8213259599039138,1.4786386489868164,0.3683152198791504,1.4890227317810059,0.2706581652164459,-0.1653842180967331,0.5136791467666626,1.5575838088989258,1.7483142614364624
2.829787234042553,4.491077436736345,-1.8114581493840678,-1.8114581493840678,-0.6423512869477752,1.4802520275115967,0.3211476504802704,1.490208387374878,0.2677692770957947,-0.16313405334949493,0.5266813635826111,1.5652422904968262,0.06823146343231201
2.8341677096370463,6.972301482175751,-0.002946373491127391,-0.002946373491127391,0.7458193424636166,1.4816588163375854,0.2847803235054016,1.491381287574768,0.25412261486053467,-0.1608269363641739,0.49253973364830017,1.56554114818573,-1.244104027748108
2.8385481852315397,6.564554847661259,0.49299983466355346,0.49299983466355346,-0.500689863568601,1.4829063415527344,0.31175658106803894,1.4924944639205933,0.2569855749607086,-0.1586693823337555,0.47067341208457947,1.5600913763046265,0.18886816501617432
2.842928660826032,3.822812455030985,-1.0712587478891784,-1.0712587478891784,0.5627859588559889,1.4842720031738281,0.27981022000312805,1.4936201572418213,0.2568942606449127,-0.15660761296749115,0.49969229102134705,1.5609186887741089,-0.8540506362915039
2.8473091364205256,5.274406735932059,-0.3630210199526517,-0.3630210199526517,0.07378003198380809,1.4854977130889893,0.30209895968437195,1.4947454929351807,0.23924244940280914,-0.1544187217950821,0.451973021030426,1.5571775436401367,0.2395024299621582
2.8516896120150186,3.615329301262784,0.5738194080283807,0.5738194080283807,0.1657644944298063,1.4868210554122925,0.2993752062320709,1.4957934617996216,0.23099568486213684,-0.15243886411190033,0.4392170310020447,1.5582267045974731,0.3509877622127533
2.8560700876095115,8.67125019077038,-1.7065928853653212,-1.7065928853653212,-1.1514620234816073,1.4881324768066406,0.3030647933483124,1.4968053102493286,0.21189165115356445,-0.1505148857831955,0.45113351941108704,1.5597641468048096,0.6568630337715149
2.860450563204005,6.500451374436166,1.0154112883786937,1.0154112883786937,0.5436141231023631,1.4894599914550781,0.23799149692058563,1.497733473777771,0.22532546520233154,-0.1485387086868286,0.4349219501018524,1.5626415014266968,-1.6928329467773438
2.864831038798498,5.909670589074405,1.8901594075616526,1.8901594075616526,0.788122735996435,1.4905024766921997,0.25652843713760376,1.4987205266952515,0.225053608417511,-0.1466335505247116,0.4486999213695526,1.5552260875701904,-0.6542034149169922
2.8692115143929917,8.957387354212035,-0.5698199878829323,-0.5698199878829323,1.3579479861420405,1.4916261434555054,0.28756070137023926,1.4997063875198364,0.22152884304523468,-0.14466802775859833,0.4808828830718994,1.5523604154586792,0.877698540687561
2.873591989987484,3.341302267564393,1.3238981926544435,1.3238981926544435,-2.6470875480661245,1.4928858280181885,0.3425675630569458,1.5006767511367798,0.23865675926208496,-0.14256152510643005,0.4245859384536743,1.556205153465271,3.5268936157226562
2.877972465581977,7.6258010859165175,0.2962438940120011,0.2962438940120011,0.7065510563430729,1.4943864345550537,0.2124248594045639,1.5017222166061401,0.21454106271266937,-0.14070163667201996,0.5405513048171997,1.5716546773910522,-1.7627153396606445
2.8823529411764706,8.514341837799797,0.021011046705467107,0.021011046705467107,0.6769860480050212,1.495316982269287,0.23784199357032776,1.5026620626449585,0.22147907316684723,-0.1383337676525116,0.5285690426826477,1.5639331340789795,-0.407698392868042
2.8867334167709635,6.820969684287251,-1.7785541549167363,-1.7785541549167363,-0.3211391605440168,1.496358871459961,0.2611028254032135,1.5036321878433228,0.23484310507774353,-0.13601838052272797,0.5094124674797058,1.5621472597122192,0.886542797088623
2.891113892365457,5.1409376673755265,-0.7257372274875616,-0.7257372274875616,-1.2661986260739506,1.4975026845932007,0.23860248923301697,1.504660964012146,0.23663616180419922,-0.13378691673278809,0.4668513238430023,1.566030740737915,0.20587730407714844
2.89549436795995,5.10626922068278,-0.6219998655463336,-0.6219998655463336,1.492455896458529,1.498547911643982,0.1727571189403534,1.50569748878479,0.22728592157363892,-0.13174188137054443,0.4826345145702362,1.5669325590133667,-2.3462023735046387
2.899874843554443,5.413654750161581,1.946369299434064,1.946369299434064,-0.6447772325672355,1.4993046522140503,0.238882377743721,1.5066931247711182,0.2177063673734665,-0.12962771952152252,0.42088571190834045,1.5566550493240356,0.5935170650482178
2.904255319148936,6.989683067602854,-1.6762738210794756,-1.6762738210794756,-0.5491078957127521,1.500351071357727,0.20269228518009186,1.5076467990875244,0.20998863875865936,-0.12778404355049133,0.4965553879737854,1.5592548847198486,-0.7197777032852173
2.908635794743429,5.303340489296496,0.32349627196773345,0.32349627196773345,0.01100661926455385,1.5012389421463013,0.1695881336927414,1.5085666179656982,0.2128007709980011,-0.125608891248703,0.463638573884964,1.55610191822052,-1.8515666723251343
2.913016270337922,4.531015247340277,-0.19592386367524892,-0.19592386367524892,1.0504341827243109,1.5019818544387817,0.16502274572849274,1.5094988346099854,0.20449312031269073,-0.12357793748378754,0.472764253616333,1.547991156578064,-1.857715129852295
2.9173967459324155,5.488688122671363,0.9238401880182734,0.9238401880182734,0.5375986684697791,1.5027047395706177,0.2109854519367218,1.51039457321167,0.19222483038902283,-0.12150700390338898,0.43636664748191833,1.5398534536361694,0.21146535873413086
2.9217772215269084,6.441526014585966,-0.02179376979747938,-0.02179376979747938,-0.39765047521440405,1.5036289691925049,0.23167107999324799,1.5112366676330566,0.18629522621631622,-0.11959551274776459,0.4476461112499237,1.5407798290252686,1.2578691244125366
2.9261576971214014,6.841794941334025,-0.4285087651584152,-0.4285087651584152,-0.9001893604691728,1.5046437978744507,0.20690026879310608,1.5120527744293213,0.18514271080493927,-0.1176346093416214,0.4586223065853119,1.5462899208068848,0.4387720823287964
2.930538172715895,6.952213529215534,-0.9162797551568838,-0.9162797551568838,0.7929978631682472,1.5055501461029053,0.15781079232692719,1.5128637552261353,0.18631058931350708,-0.11562562733888626,0.4723968803882599,1.548211932182312,-1.3835335969924927
2.934918648310388,5.44505743235341,-0.4134295992419956,-0.4134295992419956,0.7146631971252542,1.5062414407730103,0.1896286904811859,1.5136798620224,0.18994969129562378,-0.11355630308389664,0.4224805533885956,1.5421514511108398,0.1641150712966919
2.939299123904881,6.045801247968478,0.5913929538171584,0.5913929538171584,-0.6527446028196583,1.5070720911026,0.21913695335388184,1.5145119428634644,0.18395325541496277,-0.11170563846826553,0.38953667879104614,1.5428704023361206,1.5646331310272217
2.943679599499374,7.7315931078778455,-1.8638621926833048,-1.8638621926833048,0.25766552157833716,1.508031964302063,0.18288934230804443,1.5153177976608276,0.17983360588550568,-0.10999928414821625,0.4258694350719452,1.5497242212295532,0.24111390113830566
2.948060075093867,7.746781073964833,-0.9151145273339846,-0.9151145273339846,0.9341738954803219,1.5088330507278442,0.18876433372497559,1.5161055326461792,0.18825805187225342,-0.10813377052545547,0.3639141023159027,1.5507804155349731,0.7211962938308716
2.9524405506883604,7.70169592597073,-0.0013480500059681183,-0.0013480500059681183,-1.5007881351735355,1.5096598863601685,0.2270599752664566,1.5169302225112915,0.19738000631332397,-0.10653965175151825,0.30990901589393616,1.5539395809173584,2.5481536388397217
2.9568210262828534,6.985451402868295,0.0020729463714321966,0.0020729463714321966,-0.04672969834850515,1.5106545686721802,0.14910322427749634,1.5177948474884033,0.20348362624645233,-0.10518210381269455,0.35369741916656494,1.5651017427444458,-0.4722483158111572
2.9612015018773468,5.742376069594725,-0.5425750068240621,-0.5425750068240621,2.2505342139213558,1.511307716369629,0.14119112491607666,1.5186861753463745,0.206717386841774,-0.10363274067640305,0.3551226258277893,1.563033103942871,-0.5984304547309875
2.96558197747184,6.141355922011103,2.152064120765892,2.152064120765892,-2.9142094737542967,1.5119261741638184,0.24417372047901154,1.5195916891098022,0.20256082713603973,-0.10207713395357132,0.2735549807548523,1.5604116916656494,3.855153799057007
2.9699624530663327,5.2886012786366505,0.19504387861632977,0.19504387861632977,1.144939234749745,1.512995719909668,0.1000925749540329,1.5204789638519287,0.19724375009536743,-0.10087883472442627,0.42150622606277466,1.5772991180419922,-1.9726769924163818
2.974342928660826,2.095627655682131,0.8411480588925071,0.8411480588925071,0.4808908055436753,1.5134341716766357,0.15061835944652557,1.5213429927825928,0.18853892385959625,-0.0990324392914772,0.39376628398895264,1.5686578750610352,0.27931833267211914
2.978723404255319,2.824343125231025,0.7294101778801803,0.7294101778801803,-1.1076248021097332,1.5140939950942993,0.17199189960956573,1.5221688747406006,0.1594896912574768,-0.09730755537748337,0.4042869508266449,1.5698814392089844,1.226877212524414
2.983103879849812,5.840157538397301,-2.1784210855198065,-2.1784210855198065,0.8840362801623197,1.5148473978042603,0.11691111326217651,1.5228675603866577,0.13502360880374908,-0.09553658962249756,0.4579342007637024,1.5752557516098022,-0.9909255504608154
2.9874843554443054,6.4063795133976065,1.607091319017833,1.607091319017833,-0.578236521809482,1.5153595209121704,0.15478749573230743,1.5234590768814087,0.1304645538330078,-0.09353061765432358,0.3685007393360138,1.5709149837493896,0.7409480810165405
2.9918648310387983,5.84831876595101,0.7698961347939568,0.7698961347939568,0.48641465935234757,1.5160375833511353,0.122478187084198,1.5240305662155151,0.12990021705627441,-0.09191641211509705,0.4323192238807678,1.5741606950759888,-0.4387098550796509
2.9962453066332912,7.4556564192833115,0.08502407517558674,0.08502407517558674,-0.2017082875252631,1.5165741443634033,0.14151543378829956,1.524599552154541,0.12560084462165833,-0.09002264589071274,0.4405977725982666,1.5722389221191406,0.5029407739639282
3.0006257822277846,5.140001069231149,-0.4251415453135385,-0.4251415453135385,-0.20621907615844326,1.5171940326690674,0.12663039565086365,1.5251497030258179,0.1320500522851944,-0.0880926176905632,0.4489712715148926,1.5744420289993286,0.06887564063072205
3.0050062578222776,4.78930957959636,0.7922246420885783,0.7922246420885783,1.3413893035806026,1.5177487134933472,0.11322268098592758,1.5257281064987183,0.12320062518119812,-0.08612591028213501,0.4425780475139618,1.5747437477111816,-0.3641257882118225
3.009386733416771,8.106491628418768,-1.6652686471009335,-1.6652686471009335,-1.1695009079831988,1.5182446241378784,0.17410080134868622,1.5262677669525146,0.11172856390476227,-0.08418720960617065,0.42654070258140564,1.5731487274169922,2.28541898727417
3.013767209011264,7.20122267652026,-0.330323319058647,-0.330323319058647,-0.5209304410007033,1.5190073251724243,0.11285771429538727,1.5267572402954102,0.12211596965789795,-0.0823187604546547,0.41206270456314087,1.5831599235534668,-0.0760507583618164
3.018147684605757,7.032331394211735,-0.21609748917135987,-0.21609748917135987,1.2583161697456227,1.5195016860961914,0.08323690295219421,1.5272921323776245,0.1272384524345398,-0.08051373064517975,0.41762903332710266,1.5828267335891724,-1.1455434560775757
3.0225281602002503,7.8347937046138165,0.28225607764418437,0.28225607764418437,-0.213808747107228,1.5198663473129272,0.13886480033397675,1.527849555015564,0.1300777792930603,-0.07868431508541107,0.37457147240638733,1.5778087377548218,1.3281668424606323
3.0269086357947432,7.648590074811284,0.09955700052912987,0.09955700052912987,-0.35123245547000825,1.5204746723175049,0.12377467006444931,1.5284193754196167,0.13899369537830353,-0.07704351097345352,0.3890581429004669,1.5836267471313477,0.8705113530158997
3.0312891113892366,6.404033624356064,1.024431618365554,1.024431618365554,0.5297396453405313,1.5210168361663818,0.1022799089550972,1.5290281772613525,0.1469346284866333,-0.07533925026655197,0.4022226333618164,1.587440013885498,0.13854414224624634
3.0356695869837296,5.050761342209894,0.2853850891278945,0.2853850891278945,-2.177782654577293,1.5214648246765137,0.12371289730072021,1.5296717882156372,0.14606234431266785,-0.07357732206583023,0.41666921973228455,1.588046908378601,1.1649143695831299
3.0400500625782225,3.9140452508490116,-2.131717928876513,-2.131717928876513,1.6977974711134598,1.5220067501068115,0.01663479208946228,1.5303115844726562,0.1382850706577301,-0.07175211608409882,0.48860153555870056,1.5931497812271118,-3.1920225620269775
3.044430538172716,6.198821344317441,0.08840830949881855,0.08840830949881855,-0.2246422484987831,1.522079586982727,0.09545184671878815,1.5309172868728638,0.11842647939920425,-0.0696118101477623,0.3767675459384918,1.5791672468185425,0.16999125480651855
3.048811013767209,6.818521900413928,0.023296564591168675,0.023296564591168675,1.219016688133004,1.5224976539611816,0.08129014819860458,1.5314360857009888,0.11671270430088043,-0.06796138733625412,0.3859096169471741,1.5799119472503662,-0.30025821924209595
3.053191489361702,7.999368710442792,0.25374120037305703,0.25374120037305703,-2.2232543696404408,1.5228537321090698,0.1358690708875656,1.531947374343872,0.118492990732193,-0.06627091765403748,0.35099080204963684,1.5785967111587524,2.1011908054351807
3.057571964956195,5.655098985372515,-1.4004368206838724,-1.4004368206838724,1.90116900251491,1.5234489440917969,0.02539554238319397,1.5324664115905762,0.1290273219347,-0.06473340839147568,0.42332690954208374,1.5878009796142578,-2.3526599407196045
3.061952440550688,3.526575220664345,0.1972758962315231,0.1972758962315231,-1.5315184143079954,1.5235601663589478,0.11327937990427017,1.5330315828323364,0.12150517851114273,-0.0628790333867073,0.32690954208374023,1.5774952173233032,1.4096903800964355
3.066332916145181,6.909615119836042,0.8475642233736418,0.8475642233736418,-0.26960112122123636,1.5240564346313477,0.03831944614648819,1.5335638523101807,0.10224688053131104,-0.061447013169527054,0.3773958086967468,1.5836703777313232,-1.6506311893463135
3.0707133917396745,5.270807371445454,-0.575173281294166,-0.575173281294166,1.13232754857325,1.5242242813110352,0.022016897797584534,1.534011721611023,0.10507360845804214,-0.05979384109377861,0.4100205898284912,1.5764398574829102,-2.211815595626831
3.0750938673341675,7.20185304027877,-1.5383027973731358,-1.5383027973731358,0.28300936957334993,1.5243207216262817,0.07364369183778763,1.5344719886779785,0.09630978107452393,-0.05799775570631027,0.3601561486721039,1.5667510032653809,0.025693416595458984
3.079474342928661,7.619359351764658,0.9148945276119809,0.9148945276119809,0.438690168193244,1.5246433019638062,0.08394600450992584,1.5348938703536987,0.10125414282083511,-0.05642009899020195,0.3069680631160736,1.5668635368347168,0.5704815983772278
3.083854818523154,4.501069436133878,0.6057461589415738,0.6057461589415738,-2.5934703005010795,1.5250110626220703,0.10159536451101303,1.5353374481201172,0.10897143185138702,-0.05507543310523033,0.32087475061416626,1.5693625211715698,1.4246207475662231
3.0882352941176467,6.726236892612253,0.6073983798793433,0.6073983798793433,2.1803010667714204,1.5254560708999634,-0.02429337054491043,1.5358147621154785,0.09552669525146484,-0.053669847548007965,0.4143019914627075,1.5756030082702637,-3.7494120597839355
3.09261576971214,6.668184200966624,0.6314325153613142,0.6314325153613142,-0.20169575401742498,1.5253496170043945,0.07705909013748169,1.5362331867218018,0.09529061615467072,-0.05185500904917717,0.3683682382106781,1.5591788291931152,0.5718512535095215
3.096996245306633,8.729199505363598,-1.1487929963286636,-1.1487929963286636,-0.40797631185687216,1.5256872177124023,0.06481073051691055,1.5366506576538086,0.09650033712387085,-0.0502413809299469,0.3926982283592224,1.5616837739944458,0.15753939747810364
3.1013767209011265,4.125488567854251,1.2857675937002169,1.2857675937002169,-0.47481577252486457,1.5259711742401123,0.04198075830936432,1.5370733737945557,0.11138301342725754,-0.04852117598056793,0.37106403708457947,1.5623738765716553,-0.6717237234115601
3.1057571964956194,6.78845977155315,-1.1329082666531805,-1.1329082666531805,0.6118498160367284,1.5261551141738892,0.017764825373888016,1.537561297416687,0.09560246765613556,-0.04689573869109154,0.42247864603996277,1.5594314336776733,-1.6247851848602295
3.1101376720901124,7.5756161996588585,0.5789447503105074,0.5789447503105074,0.2546156514973882,1.5262329578399658,0.0446159765124321,1.537980079650879,0.09782439470291138,-0.04504508152604103,0.37152618169784546,1.552314043045044,-0.4183785915374756
3.1145181476846058,4.437616205808355,1.0448759923030937,1.0448759923030937,0.08691871723551803,1.5264283418655396,0.05428248271346092,1.538408637046814,0.10543584823608398,-0.04341762140393257,0.3809976279735565,1.5504813194274902,0.07883575558662415
3.1188986232790987,6.24493780149413,-1.4247370707648195,-1.4247370707648195,0.40580873102862686,1.5266661643981934,0.05703629180788994,1.5388704538345337,0.09205924719572067,-0.04174866899847984,0.40897300839424133,1.5508266687393188,0.24695415794849396
3.123279098873592,3.607192545988105,0.7434447107801513,0.7434447107801513,0.5189286722240262,1.5269160270690918,0.07453817874193192,1.539273738861084,0.09100250899791718,-0.03995717316865921,0.3555152714252472,1.5519084930419922,1.0482465028762817
3.127659574468085,5.184994423138679,0.1315571389417433,0.1315571389417433,-0.7651675190880058,1.5272425413131714,0.09829320758581161,1.5396723747253418,0.07237613946199417,-0.038399845361709595,0.36207184195518494,1.5565003156661987,2.077580451965332
3.132040050062578,6.132656113548466,1.2084533877440986,1.2084533877440986,-1.164764376573387,1.5276731252670288,0.06026139110326767,1.5399894714355469,0.06291721761226654,-0.036813799291849136,0.38825905323028564,1.565601110458374,0.5484838485717773
3.136420525657071,4.709232616952615,-1.5518178744991953,-1.5518178744991953,0.6078475562485979,1.5279370546340942,0.002863731235265732,1.5402650833129883,0.06042173132300377,-0.03511304035782814,0.4575645327568054,1.56800377368927,-1.7793338298797607
3.1408010012515644,4.942632039851915,0.0824232581209722,0.0824232581209722,-0.351553426366476,1.527949571609497,0.030643202364444733,1.540529727935791,0.04852814972400665,-0.03310868889093399,0.3944954574108124,1.5602093935012817,-0.5766414403915405
3.1451814768460573,6.836608626780012,0.21893694129685198,0.21893694129685198,2.3062945731000672,1.5280838012695312,0.012623993679881096,1.54074227809906,0.038227807730436325,-0.03138061240315437,0.4071689546108246,1.5576834678649902,-1.2817552089691162
3.1495619524405507,6.924988517982484,-1.727940639570256,-1.727940639570256,-2.7203859678564517,1.5281391143798828,0.12128176540136337,1.540909767150879,0.04201679676771164,-0.029597017914056778,0.3462114930152893,1.552068829536438,3.303128480911255
3.153942428035044,5.864027288939238,0.39262006987601494,0.39262006987601494,0.8169987854688266,1.5286704301834106,-0.010153613984584808,1.5410938262939453,0.04154155030846596,-0.028080446645617485,0.3751940429210663,1.5665380954742432,-2.1156022548675537
3.1583229036295366,7.053149338794437,0.8570413459954307,0.8570413459954307,0.5236005324613879,1.5286259651184082,0.02764255926012993,1.5412757396697998,0.03728686645627022,-0.02643691748380661,0.36280083656311035,1.5572707653045654,-0.49598121643066406
3.16270337922403,9.702403039911305,-0.782675849573986,-0.782675849573986,-1.0910784700041565,1.5287470817565918,0.051321983337402344,1.5414390563964844,0.04156383499503136,-0.02484767697751522,0.37253835797309875,1.5550981760025024,0.5419323444366455
3.167083854818523,6.625082735339241,0.8115183591920061,0.8115183591920061,1.2937543356063372,1.5289719104766846,-0.0025291405618190765,1.5416210889816284,0.06231169402599335,-0.023215781897306442,0.38154467940330505,1.5574721097946167,-1.6341845989227295
3.1714643304130163,5.947956609517223,0.6802447520273648,0.6802447520273648,-1.4016399018556391,1.5289608240127563,0.05820894613862038,1.5418940782546997,0.0639742836356163,-0.021544434130191803,0.3674618601799011,1.5503135919570923,0.9379985332489014
3.1758448060075093,2.329079286532576,0.7648949546441618,0.7648949546441618,0.7742071283042814,1.5292158126831055,-0.009630974382162094,1.5421743392944336,0.05912487953901291,-0.019934777170419693,0.4282594919204712,1.5544224977493286,-1.8523731231689453
3.1802252816020022,8.012506912345536,0.7954964754331435,0.7954964754331435,0.22819307793901566,1.5291736125946045,0.027056939899921417,1.5424333810806274,0.031899482011795044,-0.01805879734456539,0.42798754572868347,1.5463082790374756,-0.31165218353271484
3.184605757196496,5.166582460945512,0.8614106164736907,0.8614106164736907,0.16145551227699098,1.529292106628418,0.037056975066661835,1.542573094367981,0.04251794144511223,-0.01618400774896145,0.4445545971393585,1.54494309425354,0.14504557847976685
3.1889862327909886,7.7998038324592045,-0.9750053871225208,-0.9750053871225208,-0.3285249567747768,1.5294544696807861,0.044272392988204956,1.5427592992782593,0.03413500636816025,-0.014236647635698318,0.46499550342559814,1.5455784797668457,0.468822717666626
3.193366708385481,5.6736272464388735,-2.3216992271918326,-2.3216992271918326,0.38983198583026835,1.5296484231948853,0.027934186160564423,1.542908787727356,0.0426660031080246,-0.012199746444821358,0.44611623883247375,1.547632098197937,-0.18103700876235962
3.197747183979975,5.875892226349135,-0.18912057865952298,-0.18912057865952298,-0.08474864562543791,1.5297707319259644,0.04617305099964142,1.5430957078933716,0.03789132088422775,-0.010245544835925102,0.36693093180656433,1.5468391180038452,0.5979261994361877
3.202127659574468,4.140789103138476,-0.335742140582886,-0.335742140582886,-0.5376543566579047,1.529973030090332,0.04181596636772156,1.5432616472244263,0.03390171378850937,-0.008638212457299232,0.3638829290866852,1.5494582653045654,0.4330785274505615
3.206508135168961,8.296004448768116,-1.401747305959594,-1.401747305959594,-0.10968491831778149,1.5301562547683716,0.01594565249979496,1.5434101819992065,0.017927763983607292,-0.0070442319847643375,0.36977940797805786,1.5513553619384766,-0.6346492767333984
3.210888610763454,6.1405718355364876,-0.03073235651935137,-0.03073235651935137,0.8614116070211252,1.5302261114120483,0.01043371856212616,1.5434887409210205,0.03004058450460434,-0.005424422211945057,0.33204710483551025,1.5485752820968628,-0.8480697870254517
3.215269086357947,6.4157438046434345,-1.1267058705468487,-1.1267058705468487,-0.7701199678117501,1.5302717685699463,0.051495589315891266,1.5436203479766846,0.02878873236477375,-0.003969897981733084,0.3059936761856079,1.5448603630065918,0.8715646266937256
3.219649561952441,3.493925275644659,-1.9343816294400202,-1.9343816294400202,1.007847615029168,1.5304973125457764,0.014691967517137527,1.5437464714050293,0.027496909722685814,-0.002629500115290284,0.2955802381038666,1.5486782789230347,-0.6546814441680908
3.224030037546933,8.20848205768109,-2.472794231021465,-2.472794231021465,-0.1985839200409734,1.5305616855621338,0.06287124752998352,1.5438668727874756,0.008806388825178146,-0.0013347180793061852,0.20965781807899475,1.5458104610443115,1.3547694683074951
3.2284105131414265,6.749841772838332,-0.30386120291643937,-0.30386120291643937,-0.7064939998010598,1.530837059020996,0.05353691428899765,1.54390549659729,0.02005528099834919,-0.0004163170815445483,0.143243670463562,1.5517449378967285,0.9687519073486328
3.23279098873592,8.812920785483058,-1.342527761380923,-1.342527761380923,1.4806222051797224,1.5310715436935425,0.01990155130624771,1.543993353843689,0.021278996020555496,0.00021115835988894105,0.15500181913375854,1.5559885501861572,-0.431565523147583
3.237171464330413,10.38319215581652,-1.810566957238761,-1.810566957238761,-1.0687015638671846,1.531158685684204,0.09082914888858795,1.5440865755081177,0.03800699859857559,0.0008901400724425912,0.07255689054727554,1.554098129272461,2.522050619125366
3.241551939924906,8.797610344207708,-1.5543236274955672,-1.5543236274955672,-0.0013155805932917241,1.5315566062927246,0.04003673791885376,1.5442531108856201,0.06263969838619232,0.0012079738080501556,0.050892069935798645,1.5651459693908691,0.40344834327697754
3.245932415519399,6.535749986732216,1.4499648583372295,1.4499648583372295,-0.6386860626692155,1.5317319631576538,0.04011395201086998,1.544527530670166,0.07821806520223618,0.0014309053076431155,0.005539309233427048,1.5669132471084595,0.40371355414390564
3.250312891113892,7.479387685353731,-1.1838793678201336,-1.1838793678201336,1.1575622018558172,1.5319076776504517,0.009688451886177063,1.544870138168335,0.07862019538879395,0.001455170102417469,0.06653453409671783,1.5686817169189453,-0.8659789562225342
3.254693366708385,5.810213418217185,1.897515891032939,1.897515891032939,-1.1021664685478194,1.5319501161575317,0.06512075662612915,1.5452145338058472,0.08547807484865189,0.0017466230783611536,-0.001842983067035675,1.56488835811615,1.439511775970459
3.2590738423028784,5.778300541440233,0.6755205482026061,0.6755205482026061,0.5622453355065755,1.5322353839874268,0.012560214847326279,1.5455889701843262,0.0806567445397377,0.0017385499086230993,0.08575725555419922,1.571194052696228,-0.7523074150085449
3.2634543178973714,3.4915258893916747,0.8927370333711605,0.8927370333711605,1.3233141871405203,1.5322904586791992,0.03951016068458557,1.5459423065185547,0.07608163356781006,0.0021142074838280678,0.08906525373458862,1.5678986310958862,0.36725449562072754
3.267834793491865,6.812321788577859,1.730050942832896,1.730050942832896,-1.7547045554919785,1.532463550567627,0.10283094644546509,1.5462756156921387,0.05652226135134697,0.002504355739802122,0.07649103552103043,1.569507360458374,3.0022475719451904
3.2722152690863577,9.928733051964006,0.023798712769298083,0.023798712769298083,-0.047891985620809874,1.5329140424728394,0.019104093313217163,1.5465232133865356,0.05784488469362259,0.002839422784745693,0.17825694382190704,1.5826586484909058,-0.48938870429992676
3.2765957446808507,4.739037740156507,1.1946804060282397,1.1946804060282397,-0.679228331146506,1.532997727394104,0.016899682581424713,1.5467766523361206,0.08097346872091293,0.0036202729679644108,0.18035054206848145,1.580514907836914,-0.5890032649040222
3.280976220275344,9.64617047322137,1.1503212255832407,1.1503212255832407,2.4467329632155486,1.533071756362915,-0.015483852475881577,1.5471312999725342,0.06982913613319397,0.004410293884575367,0.23507460951805115,1.577934741973877,-1.9424395561218262
3.285356695869837,6.778614750535906,-0.729488763226027,-0.729488763226027,-1.4722965362792044,1.5330039262771606,0.10171230137348175,1.5474371910095215,0.08984162658452988,0.005440032575279474,0.197215273976326,1.5694259405136108,2.926708221435547
3.2897371714643304,6.317794044022296,1.264355552049909,1.264355552049909,0.029871451262742592,1.5334495306015015,0.03163924068212509,1.5478307008743286,0.09099814295768738,0.006303929258137941,0.21890760958194733,1.5822463035583496,-0.001802206039428711
3.294117647058824,2.6693020879653604,0.638185486877494,0.638185486877494,0.3051392673335386,1.533588171005249,0.03329476714134216,1.5482293367385864,0.09006810188293457,0.007262848783284426,0.25495845079421997,1.5822384357452393,0.056105174124240875
3.2984981226533163,7.929905902527834,0.940563826780057,0.940563826780057,0.24642906587687843,1.5337339639663696,0.04799511283636093,1.5486239194869995,0.06469833850860596,0.008379688486456871,0.2646844685077667,1.582484245300293,0.6629745960235596
3.3028785982478097,4.183358412970346,-1.6568743008185158,-1.6568743008185158,-0.41744255595416896,1.5339442491531372,0.06018485128879547,1.5489072799682617,0.07433190196752548,0.009539132006466389,0.2849554121494293,1.585388422012329,1.1522562503814697
3.3072590738423027,5.188000610313114,2.2117083685528813,2.2117083685528813,0.24861766698298182,1.5342079401016235,0.040473416447639465,1.549232840538025,0.059359725564718246,0.01078737247735262,0.24876007437705994,1.5904358625411987,0.3202950358390808
3.311639549436796,7.406551817520522,1.1810835320681499,1.1810835320681499,-0.3780414796923107,1.5343852043151855,0.05267420783638954,1.5494928359985352,0.05067998170852661,0.011877059936523438,0.30608853697776794,1.5918389558792114,0.8129920959472656
3.316020025031289,6.1874466872589435,-2.2963924269897724,-2.2963924269897724,-0.2553900398266248,1.5346159934997559,0.0351148322224617,1.5497148036956787,0.057323701679706573,0.013217872940003872,0.3516199290752411,1.5954002141952515,0.057227373123168945
3.320400500625782,8.231885055804787,2.2177897582026054,2.2177897582026054,1.2860040153654093,1.5347697734832764,0.023374997079372406,1.5499658584594727,0.05584102123975754,0.014758135192096233,0.2920162081718445,1.5956509113311768,-0.4545130729675293
3.324780976220276,6.645204946176052,0.3561640738047859,0.3561640738047859,-1.0425951871452568,1.5348721742630005,0.08553728461265564,1.5502104759216309,0.06611740589141846,0.01603730581700802,0.31922730803489685,1.5936598777770996,2.1014022827148438
3.3291614518147683,3.4027585337276296,-1.4735486249788385,-1.4735486249788385,-0.8737702689920326,1.5352468490600586,0.036363113671541214,1.5505001544952393,0.0680542066693306,0.017435673624277115,0.3600755035877228,1.6028649806976318,0.023869991302490234
3.3335419274092613,5.320577113952348,-1.6663936095555028,-1.6663936095555028,1.5215526351672957,1.5354061126708984,-0.00504206120967865,1.5507982969284058,0.04907221347093582,0.019012976437807083,0.3425600826740265,1.6029695272445679,-1.7178153991699219
3.337922403003754,8.762404316320808,-3.0280861995646275,-3.0280861995646275,-0.4418373469324498,1.5353840589523315,0.06823058426380157,1.5510132312774658,0.03886669874191284,0.02051355317234993,0.24946194887161255,1.595444679260254,1.307602882385254
3.342302878598248,3.361410536317555,-2.309907737691478,-2.309907737691478,-0.47547642141380403,1.5356829166412354,0.048268601298332214,1.5511834621429443,0.05455727130174637,0.021606314927339554,0.17393527925014496,1.6011725664138794,0.4263606667518616
3.3466833541927405,7.432931272410887,0.3877104991018457,0.3877104991018457,0.2731002461827505,1.5358943939208984,0.026001324877142906,1.5514224767684937,0.03462952375411987,0.022368233650922775,0.12036406993865967,1.6030402183532715,-0.5215199589729309
3.351063829787234,5.805150037255536,-2.193291149315759,-2.193291149315759,-0.4165934701794746,1.5360082387924194,0.0400698147714138,1.5515741109848022,0.040680915117263794,0.022895485162734985,0.12371104955673218,1.6007556915283203,0.018598079681396484
3.355444305381727,6.781474889574302,0.051896319828314635,0.051896319828314635,0.7445555436284416,1.5361837148666382,0.021004121750593185,1.5517523288726807,0.03694254532456398,0.023437397554516792,0.07182584702968597,1.6008371114730835,-0.8126225471496582
3.3598247809762203,6.4331901647273995,1.2774635014033913,1.2774635014033913,-0.8250838800399409,1.5362757444381714,0.05758088827133179,1.551914095878601,0.037966884672641754,0.02375202812254429,0.05159800499677658,1.5972774028778076,0.6673308610916138
3.364205256570713,7.497111641313197,1.345662756543812,1.345662756543812,0.3049215431246987,1.5365279912948608,0.019153114408254623,1.5520803928375244,0.03880767524242401,0.02397805266082287,0.11299905180931091,1.6002006530761719,-0.9758998155593872
3.368585732165206,6.1440756968958175,-1.5070565267568379,-1.5070565267568379,0.12572145958147482,1.5366119146347046,0.03486847132444382,1.5522503852844238,0.045203812420368195,0.024473043158650398,0.14339199662208557,1.5959256887435913,-0.3708750605583191
3.3729662077597,4.107885126251908,1.4120344964255938,1.4120344964255938,-0.9303034501031724,1.5367646217346191,0.041871730238199234,1.5524483919143677,0.042956456542015076,0.02510116808116436,0.09570970386266708,1.5943011045455933,-0.12080979347229004
3.3773466833541925,8.355295962615964,0.8017456749599747,0.8017456749599747,-0.19593462643165835,1.5369480848312378,-0.0018887706100940704,1.5526365041732788,0.028365999460220337,0.02552042156457901,0.16411340236663818,1.5937719345092773,-1.9723353385925293
3.381727158948686,6.065082064687159,-0.5941512759035822,-0.5941512759035822,1.3280331302957178,1.5369398593902588,-0.009817207232117653,1.5527607202529907,0.04080430418252945,0.026239316910505295,0.19324883818626404,1.585132122039795,-2.361341714859009
3.386107634543179,10.311295008303073,-0.7080554080747224,-0.7080554080747224,-1.4279995404085202,1.536896824836731,0.05478738248348236,1.5529394149780273,0.036697156727313995,0.027085838839411736,0.13711495697498322,1.5747883319854736,0.285658597946167
3.390488110137672,4.114384943594662,0.002556468155148317,0.002556468155148317,1.8315614892677607,1.5371367931365967,-0.01133526861667633,1.5531001091003418,0.06260725855827332,0.02768646739423275,0.15813961625099182,1.5760396718978882,-2.5455005168914795
3.394868585732165,5.639374665947814,-1.3302438303395185,-1.3302438303395185,0.04760214155578421,1.537087082862854,0.07706915587186813,1.5533744096755981,0.045873694121837616,0.02837919443845749,0.1047268733382225,1.5648891925811768,1.104773759841919
3.399249061326658,4.858097398148779,-2.682748872417404,-2.682748872417404,-1.6413324314295787,1.5374246835708618,0.08063232153654099,1.5535753965377808,0.040315259248018265,0.02883794717490673,0.06448940187692642,1.5697286128997803,1.2087695598602295
3.403629536921151,7.606980866156738,-1.7484056897306062,-1.7484056897306062,1.2719372256090122,1.5377779006958008,0.00327938050031662,1.5537519454956055,0.029433682560920715,0.029120441526174545,0.0340767428278923,1.5750236511230469,-2.051482677459717
3.4080100125156445,6.3507256661554194,0.025401651606333786,0.025401651606333786,-0.6071466360481983,1.5377923250198364,0.06576483696699142,1.5538809299468994,0.03638078272342682,0.029269713908433914,-0.05412684381008148,1.5660371780395508,0.4894542694091797
3.412390488110137,5.797635326259242,-0.9634125144649941,-0.9634125144649941,-0.3739795074747651,1.5380804538726807,0.03823017328977585,1.5540403127670288,0.03550649434328079,0.029032612219452858,-0.03565442934632301,1.5681812763214111,-0.7087891101837158
3.4167709637046304,5.7343996887467,-0.3227166951051881,-0.3227166951051881,1.3405421146041285,1.5382479429244995,0.021685846149921417,1.5541958808898926,0.031015081331133842,0.028876429423689842,-0.052867740392684937,1.565076470375061,-1.4444549083709717
3.421151439299124,3.829474743414442,0.9217713417878246,0.9217713417878246,-2.024810138303318,1.5383429527282715,0.08709114789962769,1.5543317794799805,0.02635042369365692,0.02864484302699566,-0.10144016891717911,1.5587490797042847,1.2334754467010498
3.4255319148936167,7.163657588221639,0.574000170496197,0.574000170496197,1.4799586921767585,1.538724422454834,-0.0087728351354599,1.5544471740722656,0.00753750279545784,0.028200486674904823,-0.015390649437904358,1.5641522407531738,-2.7896149158477783
3.42991239048811,6.270310037758463,0.6848616399839785,0.6848616399839785,0.1637808675103837,1.5386860370635986,0.06360125541687012,1.5544801950454712,0.011889763176441193,0.02813306823372841,-0.04184751212596893,1.551932454109192,0.16828298568725586
3.434292866082603,6.969905624516545,1.0258646258918909,1.0258646258918909,-0.6151132931422024,1.5389646291732788,0.07294055819511414,1.5545322895050049,0.010794912464916706,0.027949756011366844,-0.026630301028490067,1.552669644355774,0.5083812475204468
3.438673341677096,6.011067846454416,-3.525022308404362,-3.525022308404362,1.4029119436332496,1.539284110069275,0.04520980641245842,1.5545796155929565,0.013651367276906967,0.027833102270960808,0.021291453391313553,1.554896593093872,-0.7007031440734863
3.443053817271589,3.551110486734977,-1.0089271375933544,-1.0089271375933544,-1.1304816311821966,1.5394821166992188,0.11367379128932953,1.554639458656311,0.011699924245476723,0.0279263686388731,-0.12261985242366791,1.5518271923065186,2.104459524154663
3.4474342928660824,7.410210431367593,-0.18177397515892035,-0.18177397515892035,-0.33850787567838786,1.5399800539016724,0.06050872430205345,1.5546907186508179,-0.009128160774707794,0.02738923579454422,-0.11907007545232773,1.56104576587677,-0.1378920078277588
3.451814768460576,5.210824258230469,-1.033164648756628,-1.033164648756628,0.2136347799799033,1.5402450561523438,0.0459962859749794,1.5546507835388184,-0.002944126259535551,0.02686765231192112,-0.11449294537305832,1.5604417324066162,-0.798565685749054
3.4561952440550687,5.404380887634664,-0.37599715506559817,-0.37599715506559817,-0.05724384690327562,1.5404465198516846,0.05736222118139267,1.5546379089355469,-0.011198345571756363,0.02636611834168434,-0.15090344846248627,1.556943655014038,-0.36404091119766235
3.4605757196495617,5.323021351744031,-1.340467856346701,-1.340467856346701,0.6373785690354855,1.5406978130340576,0.055824413895606995,1.5545889139175415,-0.018253345042467117,0.025705089792609215,-0.16021205484867096,1.5553489923477173,-0.4676026403903961
3.464956195244055,7.875565434610082,-1.2203514275663288,-1.2203514275663288,-0.7008669006063495,1.5409423112869263,0.08744867891073227,1.554508924484253,-0.025349315255880356,0.025003284215927124,-0.21797144412994385,1.5533006191253662,0.8116147518157959
3.469336670838548,4.699485758357241,0.7866937043010147,0.7866937043010147,0.004179456964250675,1.541325330734253,0.05564973130822182,1.5543979406356812,-0.016557130962610245,0.024048466235399246,-0.23314203321933746,1.5568559169769287,-0.5675201416015625
3.473717146433041,7.300025055736655,0.74652477898841,0.74652477898841,-0.44991835122829255,1.5415691137313843,0.05680708587169647,1.5543254613876343,-0.028281189501285553,0.023027192801237106,-0.21029013395309448,1.5543699264526367,-0.5506693720817566
3.4780976220275344,4.041473391292573,-1.3532575929670072,-1.3532575929670072,0.532040473459952,1.5418179035186768,0.03675471991300583,1.554201602935791,-0.02304808981716633,0.022106021642684937,-0.17535020411014557,1.5519577264785767,-1.4325028657913208
3.4824780976220278,5.228436674733247,1.0200085599903381,1.0200085599903381,0.871514250502331,1.5419789552688599,0.06296929717063904,1.5541006326675415,-0.038855183869600296,0.021337904036045074,-0.23040688037872314,1.545682668685913,-0.36552894115448
3.4868585732165203,7.823279287403465,0.7972977762618606,0.7972977762618606,-0.1803495951351801,1.5422548055648804,0.10563436895608902,1.553930401802063,-0.04598953574895859,0.020328612998127937,-0.226070374250412,1.544081449508667,1.380890130996704
3.4912390488110137,5.200555795442198,-0.08209208751103036,-0.08209208751103036,-1.1379421728068277,1.5427175760269165,0.0985032245516777,1.5537289381027222,-0.037310656160116196,0.019338317215442657,-0.19751997292041779,1.5501303672790527,1.0394755601882935
3.4956195244055066,7.366053243423782,-1.5714705227391041,-1.5714705227391041,0.6020643614067896,1.5431491136550903,0.04503396153450012,1.553565502166748,-0.04690081998705864,0.018473085016012192,-0.1666858047246933,1.554683804512024,-1.2157424688339233
