t,u1,u2,u3,tau,x_q,xdot_q,z_q,zdot_q,theta,theta_dot,beta,beta_dot
0.0,6.442539021798702,-2.132337156848326,-2.132337156848326,-1.6004481802039308,-2.0,0.0,2.0,0.0,1.1186790014776327e-05,0.0,0.3490658503991208,0.0
0.0043804755944931,5.255677171101819,0.0772448791925254,0.0772448791925254,-1.3853630993474293,-2.0,-0.010643909685313702,2.0,-0.02932804450392723,1.1186790288775228e-05,-0.015532844699919224,0.3490658402442932,-0.4320327341556549
0.0087609511889862,8.253375044403187,1.0165589648051199,1.0165589648051199,-0.5486078218649146,-2.000046730041504,-0.02000073343515396,1.9998714923858643,-0.06319306045770645,-5.685445648850873e-05,0.02717994526028633,0.3471733331680298,-0.8140683174133301
0.0131414267834793,7.65228022381571,-1.1111440275753661,-1.1111440275753661,1.3123361166498086,-2.000134229660034,-0.01971214823424816,1.9995946884155273,-0.05102909356355667,6.220663635758683e-05,0.07288777828216553,0.3436073362827301,-0.8101896047592163
0.0175219023779724,6.572151451220567,0.13613019728858236,0.13613019728858236,-0.7372671945570344,-2.000220537185669,-0.0030228886753320694,1.9993711709976196,0.0029619447886943817,0.0003814897791016847,0.0021144822239875793,0.3400583267211914,-0.13065171241760254
0.0219023779724655,5.285592458341187,1.4550553925228495,1.4550553925228495,0.24183465853467329,-2.0002338886260986,-0.005594463087618351,1.9993841648101807,-0.003589731641113758,0.0003907522186636925,0.027620455250144005,0.3394860029220581,-0.23858539760112762
0.0262828535669586,8.378183075393439,0.11902236887997875,0.11902236887997875,-0.6682865562738272,-2.000258445739746,-0.0002151024527847767,1.99936842918396,0.0037646149285137653,0.0005117429536767304,0.06305034458637238,0.3384408950805664,-0.015615522861480713
0.0306633291614518,8.829883913155136,-1.1784696862763593,-1.1784696862763593,-1.043112679458218,-2.0002593994140625,-0.0010640616528689861,1.999384880065918,0.014074619859457016,0.0007879334734752774,0.08604226261377335,0.33837249875068665,-0.052307531237602234
0.0350438047559449,6.679398458606109,-1.6732236862733885,-1.6732236862733885,-0.7268132864521719,-2.0002641677856445,-0.0049471016973257065,1.9994465112686157,0.018716443330049515,0.001164839486591518,0.08208940923213959,0.33814337849617004,-0.2166627049446106
0.039424280350438,4.879232273330059,-2.153763973223064,-2.153763973223064,-0.3356903753860387,-2.0002858638763428,-0.007299525663256645,1.9995285272598267,0.013328790664672852,0.0015244301175698638,0.05445122718811035,0.3371942937374115,-0.317854642868042
0.0438047559449311,7.010243252365765,-0.3542372786538215,-0.3542372786538215,0.9728244715732306,-2.0003178119659424,-0.007253739051520824,1.9995869398117065,0.0027315886691212654,0.001762952422723174,0.0013577155768871307,0.3358019292354584,-0.31927356123924255
0.0481852315394242,7.6449978876775635,-2.048709005733885,-2.048709005733885,0.39379935269738847,-2.000349521636963,0.005629763938486576,1.9995988607406616,0.04300801828503609,0.0017688998486846685,-0.03739669546484947,0.3344033658504486,0.21872040629386902
0.0525657071339173,6.584246270393569,0.5890856087026195,0.5890856087026195,-1.5696765818530947,-2.0003249645233154,0.013755258172750473,1.9997872114181519,0.07401102036237717,0.0016050845151767135,-0.10872568190097809,0.33536145091056824,0.5579870939254761
0.0569461827284105,2.7344967223283594,-1.392004877083509,-1.392004877083509,-1.380350209195434,-2.0002646446228027,0.004052223637700081,2.0001113414764404,0.046530961990356445,0.0011288142995908856,-0.04568298161029816,0.33780568838119507,0.14183303713798523
0.0613266583229036,4.5917490976646835,0.6737351359781943,0.6737351359781943,0.4481825150447657,-2.000247001647949,-0.0065021999180316925,2.0003151893615723,-0.008361399173736572,0.0009287011343985796,-0.04602333530783653,0.33842697739601135,-0.3013642728328705
0.0657071339173967,8.60494681976482,0.3819651967836891,0.3819651967836891,-0.8022475509854756,-2.0002753734588623,0.0003003026358783245,2.0002784729003906,-0.001605349127203226,0.000727097038179636,-0.03943648189306259,0.337106853723526,-0.01925298571586609
0.0700876095118898,8.573751088689574,0.03003078218539268,0.03003078218539268,-0.843753407840264,-2.0002739429473877,-0.0015774694038555026,2.0002715587615967,0.0072306920774281025,0.0005543464794754982,-0.004853714257478714,0.3370225131511688,-0.0998154729604721
0.0744680851063829,7.153753410750932,1.4214267064893549,1.4214267064893549,-0.5886241168265881,-2.0002808570861816,-0.003847708459943533,2.000303268432617,0.014756904914975166,0.000533084908965975,0.020663553848862648,0.33658528327941895,-0.19657273590564728
0.078848560700876,9.440513247894504,1.863630225345308,1.863630225345308,-0.3055791395846063,-2.000297784805298,-0.004712297115474939,2.0003678798675537,0.016828371211886406,0.000623601081315428,0.07936341315507889,0.33572420477867126,-0.23446431756019592
0.0832290362953692,5.143015856142979,0.08457453359981809,0.08457453359981809,-0.00982345144764929,-2.0003185272216797,-0.0016921039205044508,2.000441551208496,0.0451943576335907,0.0009712505852803588,0.14271120727062225,0.3346971273422241,-0.10954677313566208
0.0876095118898623,6.227418386346754,-0.2225415682861956,-0.2225415682861956,0.713867536902897,-2.000325918197632,0.001331929350271821,2.0006394386291504,0.04504832252860069,0.0015963935293257236,0.14546792209148407,0.33421725034713745,0.01669386774301529
0.0919899874843554,7.808663528630431,0.539703659384725,0.539703659384725,-1.8064328677668977,-2.0003201961517334,0.01137520931661129,2.0008368492126465,0.07226532697677612,0.0022336123511195183,0.11812180280685425,0.33429038524627686,0.43890994787216187
0.0963704630788485,8.24557453843166,0.6327464789900021,0.6327464789900021,-0.8920110714524612,-2.000270366668701,0.00037016067653894424,2.0011534690856934,0.04907234013080597,0.0027510421350598335,0.18663643300533295,0.33621302247047424,-0.0340556800365448
0.1007509386733416,7.514451077299191,-1.0884894700428025,-1.0884894700428025,0.530868247508967,-2.0002686977386475,-0.0023951672483235598,2.001368522644043,0.05264672264456749,0.003568598534911871,0.23116418719291687,0.33606383204460144,-0.15678144991397858
0.1051314142678347,6.912914764279709,2.2688465344248616,2.2688465344248616,-0.5503338719604584,-2.000279188156128,0.006980288773775101,2.001599073410034,0.0860045924782753,0.004581207409501076,0.18387380242347717,0.3353770673274994,0.23005624115467072
0.1095118898623279,6.764058457957306,-1.212050947301564,-1.212050947301564,-1.252618626967886,-2.000248670578003,0.006508818361908197,2.0019757747650146,0.0870443806052208,0.00538666220381856,0.26620280742645264,0.3363848328590393,0.20061291754245758
0.113892365456821,7.158005522599882,0.4100474311073937,0.4100474311073937,-0.1298892223546564,-2.0002200603485107,-0.00022258609533309937,2.002357006072998,0.06911870837211609,0.006552757229655981,0.2673875093460083,0.3372636139392853,-0.0931914895772934
0.1182728410513141,6.317596434447602,1.555264920412557,1.555264920412557,-1.6680883177769674,-2.000221014022827,0.003257035743445158,2.002659797668457,0.08282218873500824,0.00772404158487916,0.2831553816795349,0.33685538172721863,0.03957439959049225
0.1226533166458072,4.5601095344287454,-0.7381965923685097,-0.7381965923685097,-1.2962067317343506,-2.000206708908081,-0.007349804509431124,2.0030226707458496,0.05068950727581978,0.008964397013187408,0.37728750705718994,0.33702874183654785,-0.4195757508277893
0.1270337922403003,3.843573994328003,-2.209083974133531,-2.209083974133531,-0.9270566941288507,-2.0002388954162598,-0.01573372818529606,2.003244638442993,0.013202104717493057,0.010617095977067947,0.39358317852020264,0.3351908028125763,-0.7851506471633911
0.1314142678347934,3.435987949846011,1.5033228205903677,1.5033228205903677,1.4026677743312188,-2.00030779838562,-0.021122271195054054,2.003302574157715,-0.021024812012910843,0.012341177091002464,0.35614392161369324,0.3317514657974243,-1.0317668914794922
0.1357947434292866,3.582342696438422,-3.520033616383012,-3.520033616383012,-0.8458425709552129,-2.0004003047943115,-0.00626523420214653,2.0032105445861816,0.00015290454030036926,0.013901256956160069,0.359083354473114,0.32723182439804077,-0.4241035580635071
0.1401752190237797,7.862660011784978,-0.3420880662472584,-0.3420880662472584,0.35593300628568836,-2.000427722930908,-0.011037840507924557,2.003211259841919,-0.03418698534369469,0.015474213287234306,0.28098851442337036,0.325374037027359,-0.6468653678894043
0.1445556946182728,3.798755825558066,1.4601979593633259,1.4601979593633259,1.031010418760675,-2.000476121902466,-0.0024525243788957596,2.003061532974243,-0.002187620848417282,0.01670507714152336,0.2606040835380554,0.3225404620170593,-0.31464138627052307
0.1489361702127659,8.2936731768726,0.9548312731290525,0.9548312731290525,-0.02756933200293321,-2.0004868507385254,0.008945850655436516,2.003051996231079,0.012868435122072697,0.017846647650003433,0.2731377184391022,0.3211621940135956,0.16474676132202148
0.153316645807259,6.68929594687555,-2.001626739103343,-2.001626739103343,0.2995431714254226,-2.0004477500915527,0.01451762206852436,2.003108263015747,0.03885956481099129,0.019043121486902237,0.30182692408561707,0.3218838572502136,0.36608293652534485
0.1576971214017521,6.795720734123212,-0.44007741879129414,-0.44007741879129414,-0.5214047520176437,-2.0003840923309326,0.02182793989777565,2.0032784938812256,0.05965610593557358,0.020365266129374504,0.2346254587173462,0.32348746061325073,0.6478945016860962
0.1620775969962453,3.8571538814549617,0.4356846831004875,0.4356846831004875,-1.904377786025373,-2.000288486480713,0.022414430975914,2.003539800643921,0.06049984320998192,0.02139303646981716,0.2370004802942276,0.32632553577423096,0.6277894973754883
0.1664580725907384,8.038805846827447,-0.5230024703550009,-0.5230024703550009,0.2351979268233847,-2.000190258026123,0.009034795686602592,2.003804922103882,0.0016534589231014252,0.022431211546063423,0.30533772706985474,0.32907554507255554,0.019504547119140625
0.1708385481852315,6.073051756037893,-0.9810864399378812,-0.9810864399378812,-1.4231599950319351,-2.000150680541992,0.017035795375704765,2.003812074661255,0.03209810331463814,0.02376873604953289,0.2831958830356598,0.32916098833084106,0.31162548065185547
0.1752190237797246,7.008289130256989,-0.25250043733452876,-0.25250043733452876,-0.8779758566500646,-2.0000760555267334,0.009334228001534939,2.003952741622925,0.004089934751391411,0.025009268894791603,0.29610583186149597,0.33052605390548706,-0.0616263747215271
0.1795994993742177,4.268300281755494,-0.15282299346914452,-0.15282299346914452,-0.5927817287354684,-2.000035285949707,0.007062493823468685,2.0039706230163574,-0.002266152761876583,0.026306353509426117,0.3143717050552368,0.3302561044692993,-0.2087504267692566
0.1839799749687108,3.063461000253307,-1.2384239050963948,-1.2384239050963948,0.11802881552657468,-2.000004291534424,0.005227701738476753,2.003960609436035,-0.02440812811255455,0.027683451771736145,0.3272199034690857,0.32934167981147766,-0.3198451101779938
0.188360450563204,3.8410759330424598,1.6427134056526307,1.6427134056526307,0.5496913280698732,-1.99998140335083,0.008664710447192192,2.0038537979125977,-0.03868968412280083,0.029116829857230186,0.28760719299316406,0.32794061303138733,-0.19786275923252106
0.1927409261576971,6.180029910659214,-0.8763670891686604,-0.8763670891686604,-0.42299349937624664,-1.999943494796753,0.016429994255304337,2.0036842823028564,-0.03550446033477783,0.03037668578326702,0.31952691078186035,0.327073872089386,0.10422275960445404
0.1971214017521902,10.795734700176311,-1.9770804276797944,-1.9770804276797944,0.32991321675254137,-1.9998714923858643,0.017706358805298805,2.0035288333892822,-0.03728553280234337,0.031776364892721176,0.3062869608402252,0.3275304138660431,0.10524042695760727
0.2015018773466833,5.751084217226994,1.4105549927299226,1.4105549927299226,-0.3666842770377051,-1.9997938871383667,0.029226981103420258,2.0033655166625977,0.018751759082078934,0.03311804682016373,0.23891542851924896,0.32799142599105835,0.5036918520927429
0.2058823529411764,3.7956861790804264,0.4764687698969058,0.4764687698969058,-1.3409894586977054,-1.9996658563613892,0.030826441943645477,2.0034477710723877,0.014771074056625366,0.034164611250162125,0.29081645607948303,0.33019784092903137,0.5147204995155334
0.2102628285356695,7.131578194946539,0.5908000957701933,0.5908000957701933,0.6193448045983048,-1.9995307922363281,0.022413555532693863,2.003512382507324,-0.03026895597577095,0.035438526421785355,0.34389200806617737,0.33245256543159485,0.1141834557056427
0.2146433041301627,5.4762329053018535,1.4238893554933643,1.4238893554933643,-0.3911330673385025,-1.9994325637817383,0.03378777205944061,2.0033798217773438,0.00226408988237381,0.03694493696093559,0.34305840730667114,0.33295273780822754,0.5262711048126221
0.2190237797246558,6.585339511004715,-0.4178357598732164,-0.4178357598732164,-0.8237004523924286,-1.9992845058441162,0.03509638085961342,2.003389835357666,-0.004653765819966793,0.03844769671559334,0.39606282114982605,0.3352580666542053,0.5211500525474548
0.2234042553191489,8.320953344354809,1.157372998866944,1.157372998866944,-0.6969717206154862,-1.9991307258605957,0.03360803425312042,2.0033693313598633,-0.013187292963266373,0.04018263891339302,0.4079153537750244,0.33754095435142517,0.38383805751800537
0.227784730913642,6.997812622847348,1.6526951780608887,1.6526951780608887,0.30075417585776587,-1.9989835023880005,0.03478075936436653,2.0033116340637207,-0.00394916906952858,0.04196950048208237,0.462068110704422,0.33922234177589417,0.33787721395492554
0.2321652065081351,3.7133525365871605,-1.7561463468570007,-1.7561463468570007,-0.29077453912370665,-1.9988311529159546,0.04373135045170784,2.0032942295074463,0.019341666251420975,0.04399357736110687,0.5015490651130676,0.3407024145126343,0.6283183097839355
0.2365456821026282,8.161558718436153,-0.7908364973875688,-0.7908364973875688,-1.5318434634052434,-1.9986395835876465,0.044623661786317825,2.0033788681030273,0.000143490731716156,0.04619060084223747,0.4587555527687073,0.3434547483921051,0.6153439283370972
0.2409261576971214,7.928575460027668,-1.9346867378196713,-1.9346867378196713,-1.7948086389409204,-1.9984440803527832,0.03851677477359772,2.0033795833587646,-0.012999327853322029,0.04820016771554947,0.4803953170776367,0.3461502492427826,0.255532443523407
0.2453066332916145,9.195053463179091,-1.03779802597168,-1.03779802597168,0.08036566576305099,-1.9982753992080688,0.02975400909781456,2.0033226013183594,-0.03465805575251579,0.05030452832579613,0.4763104319572449,0.34726959466934204,-0.20785054564476013
0.2496871088861076,9.477137227514167,0.10283175936532468,0.10283175936532468,-1.4973367120314824,-1.9981451034545898,0.03933778405189514,2.0031707286834717,0.0014405883848667145,0.052390992641448975,0.4436565041542053,0.34635910391807556,0.05699044466018677
0.2540675844806007,3.9770768736401747,-0.6278518983073089,-0.6278518983073089,-0.28953438654193425,-1.9979727268218994,0.03498491272330284,2.0031769275665283,0.0002549022901803255,0.05433442071080208,0.4903864860534668,0.3466087579727173,-0.2561514675617218
0.2584480600750938,3.8392154285627127,-1.3350276581197937,-1.3350276581197937,-0.5512558021547131,-1.997819423675537,0.03630433231592178,2.003178119659424,-0.01666910946369171,0.05648254603147507,0.4805065393447876,0.34548670053482056,-0.26178768277168274
0.2628285356695869,5.2430353641852845,0.48752138143958795,0.48752138143958795,0.20049600813253338,-1.9976603984832764,0.03517717495560646,2.0031051635742188,-0.04132799804210663,0.058587394654750824,0.4576179087162018,0.34433993697166443,-0.3679693937301636
0.2672090112640801,5.064245850509553,0.2872576874005932,0.2872576874005932,-0.48016305505453777,-1.9975062608718872,0.04234007000923157,2.0029242038726807,-0.035308487713336945,0.06059197708964348,0.465999960899353,0.34272804856300354,-0.15911370515823364
0.2715894868585732,2.115843468461252,-0.796494601011541,-0.796494601011541,-2.0929452934558928,-1.9973207712173462,0.04322340711951256,2.0027694702148438,-0.04789862781763077,0.06263327598571777,0.4884110689163208,0.3420310616493225,-0.20726779103279114
0.2759699624530663,12.267236706380075,0.34363748331048205,0.34363748331048205,-1.7762469001444656,-1.9971314668655396,0.026667829602956772,2.0025596618652344,-0.12583115696907043,0.06477274745702744,0.5262715220451355,0.34112313389778137,-0.9295027256011963
0.2803504380475594,7.598085209433265,2.749630449357757,2.749630449357757,-0.09432974879647554,-1.9970146417617798,0.023929504677653313,2.0020084381103516,-0.11072742938995361,0.06707806885242462,0.5881788730621338,0.33705148100852966,-1.2731318473815918
0.2847309136420525,5.277103289744341,0.03215317829559344,0.03215317829559344,1.357861418899518,-1.9969098567962646,0.031631793826818466,2.001523494720459,-0.0924730971455574,0.06965456902980804,0.6712315082550049,0.33147457242012024,-1.1123969554901123
0.2891113892365456,6.673968020731043,-0.09425237814184906,-0.09425237814184906,-0.11618926156779791,-1.9967713356018066,0.04945190250873566,2.0011184215545654,-0.0569271519780159,0.07259488105773926,0.632516622543335,0.3266017436981201,-0.472308874130249
0.2934918648310388,7.128857091432272,-2.306970310557079,-2.306970310557079,-0.29382576486901946,-1.9965547323226929,0.055735327303409576,2.000869035720825,-0.04676954820752144,0.07536560297012329,0.6331572532653809,0.32453280687332153,-0.3427537679672241
0.2978723404255319,5.1723962072196015,-1.4806192954905741,-1.4806192954905741,-0.6978067004546651,-1.9963105916976929,0.06108129024505615,2.000664234161377,-0.037265464663505554,0.07813913375139236,0.5743670463562012,0.32303139567375183,-0.26711317896842957
0.302252816020025,5.599299508964865,-2.1885922151981956,-2.1885922151981956,-1.3603087119862292,-1.996043086051941,0.0609368234872818,2.0005009174346924,-0.054440923035144806,0.08065513521432877,0.5515064597129822,0.3218613266944885,-0.391907274723053
0.3066332916145181,4.378337278120529,0.8028709952955365,0.8028709952955365,0.9733440862863176,-1.9957761764526367,0.05579586327075958,2.000262498855591,-0.08483538776636124,0.08307099342346191,0.5273179411888123,0.3201445937156677,-0.7513226866722107
0.3110137672090112,8.764603738082293,0.5986575023162022,0.5986575023162022,-1.050084970454259,-1.9955317974090576,0.06915002316236496,1.999890923500061,-0.06634335964918137,0.08538089692592621,0.5223395824432373,0.31685343384742737,-0.276401549577713
0.3153942428035043,9.31494960552893,-0.3372224939345191,-0.3372224939345191,-0.12001051560768283,-1.995228886604309,0.070521280169487,1.9996002912521362,-0.06225021183490753,0.0876689925789833,0.5704880952835083,0.31564265489578247,-0.4380154311656952
0.3197747183979975,5.434802408624395,-3.894650066991449,-3.894650066991449,0.16206250851063103,-1.994920015335083,0.0804363489151001,1.9993276596069336,-0.029908258467912674,0.09016799926757812,0.5641447901725769,0.31372395157814026,-0.2400042861700058
0.3241551939924906,4.048984830883262,-0.1374138038138551,-0.1374138038138551,0.45114360093040307,-1.994567632675171,0.08819746971130371,1.9991966485977173,-0.023025795817375183,0.09263922274112701,0.44567590951919556,0.31267261505126953,-0.03821580111980438
0.3285356695869837,4.575435351530964,-1.2793974472556409,-1.2793974472556409,-0.00916603766342039,-1.9941812753677368,0.09674111753702164,1.9990957975387573,-0.020445240661501884,0.09459149837493896,0.428488165140152,0.31250521540641785,0.2348010390996933
0.3329161451814768,4.542404851207914,-0.1992859533347441,-0.1992859533347441,-0.8698994039231094,-1.9937574863433838,0.10220381617546082,1.9990062713623047,-0.025147482752799988,0.0964684784412384,0.39139339327812195,0.313533753156662,0.3508065938949585
0.3372966207759699,6.257086946359284,0.004126476603124485,0.004126476603124485,-1.1411397846933435,-1.993309736251831,0.10061629861593246,1.9988961219787598,-0.05202621966600418,0.09818296879529953,0.41097742319107056,0.3150704503059387,0.14659322798252106
0.341677096370463,4.832091893500133,0.0025145617336278514,0.0025145617336278514,0.5782171599854808,-1.9928690195083618,0.09889991581439972,1.9986681938171387,-0.07136037945747375,0.09998324513435364,0.4444228410720825,0.3157126009464264,-0.11350174248218536
0.3460575719649562,4.62127913608383,-0.11772509956648786,-0.11772509956648786,-1.0723810838975534,-1.9924358129501343,0.10973548144102097,1.9983556270599365,-0.05899540334939957,0.10193002969026566,0.42761048674583435,0.31521540880203247,0.22721387445926666
0.3504380475594493,2.341370502206167,0.38422751879489253,0.38422751879489253,-0.6964036460038064,-1.9919551610946655,0.10669106245040894,1.9980971813201904,-0.09035129845142365,0.10380316525697708,0.45548945665359497,0.31621071696281433,-0.049972787499427795
0.3548185231539424,7.774022198626755,2.1630305135296943,2.1630305135296943,0.6728630485733011,-1.9914878606796265,0.10388882458209991,1.9977014064788818,-0.1313239336013794,0.10579842329025269,0.48704731464385986,0.3159918189048767,-0.24719952046871185
0.3591989987484355,5.360489645366602,-0.007989687044397786,-0.007989687044397786,-0.5073979138708576,-1.9910327196121216,0.11951082199811935,1.9971261024475098,-0.09182871878147125,0.10793191939592361,0.5305649042129517,0.3149089813232422,0.20569153130054474
0.3635794743429286,6.6064394328374725,-0.3580297229052115,-0.3580297229052115,-0.1548158141456632,-1.9905091524124146,0.12229569256305695,1.9967238903045654,-0.1026177853345871,0.11025604605674744,0.5451492071151733,0.3158099949359894,0.15764407813549042
0.3679599499374217,6.151557297151027,1.0867064858478557,1.0867064858478557,-0.7952925189681526,-1.9899734258651733,0.12972491979599,1.9962743520736694,-0.09397543221712112,0.11264406144618988,0.5392147302627563,0.31650054454803467,0.2730681300163269
0.3723404255319149,6.790631661567091,2.655217277375444,2.655217277375444,-1.3560540873540887,-1.9894051551818848,0.13134454190731049,1.9958627223968506,-0.10544075071811676,0.11500608175992966,0.5941750407218933,0.3176967203617096,0.1389942169189453
0.376720901126408,5.749433224225178,-2.9718209562826163,-2.9718209562826163,-0.039269971146654425,-1.9888298511505127,0.12921611964702606,1.9954007863998413,-0.12577275931835175,0.11760885268449783,0.7113168835639954,0.3183055818080902,-0.18638178706169128
0.3811013767209011,5.330864608930205,-0.36389991416336476,-0.36389991416336476,-0.3176634865563368,-1.9882638454437256,0.13678425550460815,1.9948498010635376,-0.12143117189407349,0.12072475999593735,0.6256771087646484,0.3174891471862793,-0.05035844445228577
0.3854818523153942,3.9133226759974535,-0.30125247115949955,-0.30125247115949955,0.09363818499864152,-1.9876646995544434,0.14155085384845734,1.994317889213562,-0.12767647206783295,0.12346552312374115,0.6243268847465515,0.3172685503959656,-0.028487252071499825
0.3898623279098873,5.842609122179562,-2.268425853328428,-2.268425853328428,-1.2199951152942932,-1.9870446920394897,0.1478470265865326,1.9937585592269897,-0.13539235293865204,0.1262003779411316,0.612794816493988,0.3171437680721283,0.10890044271945953
0.3942428035043804,8.923950505884843,3.397272625963449,3.397272625963449,-1.1713309850018163,-1.9863970279693604,0.1460212916135788,1.9931654930114746,-0.16026851534843445,0.1288847178220749,0.5821773409843445,0.31762081384658813,-0.1904529184103012
0.3986232790988736,5.447717335448473,0.6461623380270949,0.6461623380270949,-0.5472163173022007,-1.9857573509216309,0.1491609513759613,1.99246346950531,-0.15803758800029755,0.13143493235111237,0.7155950665473938,0.316786527633667,-0.3907841145992279
0.4030037546933667,6.011566997048433,-1.0181697568300416,-1.0181697568300416,-0.23543380164400635,-1.985103964805603,0.15261498093605042,1.9917712211608887,-0.16917312145233154,0.13456958532333374,0.7504454851150513,0.31507471203804016,-0.45071083307266235
0.4073842302878598,7.507624010122335,-0.5666128276353422,-0.5666128276353422,-1.3857093776787264,-1.9844354391098022,0.1596238613128662,1.991030216217041,-0.1676633208990097,0.13785690069198608,0.727587103843689,0.3131003975868225,-0.37999427318573
0.4117647058823529,6.460460763858712,-0.36633806454510665,-0.36633806454510665,0.7589025496514723,-1.9837361574172974,0.15951143205165863,1.9902957677841187,-0.18283988535404205,0.14104408025741577,0.7515073418617249,0.31143584847450256,-0.6965669393539429
0.416145181476846,6.35518260765428,-1.857159008430931,-1.857159008430931,-1.2024935732624398,-1.9830374717712402,0.17567571997642517,1.989494800567627,-0.1522984504699707,0.1443360447883606,0.718646764755249,0.30838456749916077,-0.24478861689567566
0.4205256570713391,8.230613771775525,0.5716583489654428,0.5716583489654428,-0.4977437741676783,-1.98226797580719,0.17568767070770264,1.9888277053833008,-0.1725311428308487,0.14748406410217285,0.6995284557342529,0.3073122799396515,-0.523389458656311
0.4249061326658322,4.596627275812018,-1.1522405292195235,-1.1522405292195235,-0.983391255670288,-1.98149836063385,0.18453027307987213,1.9880719184875488,-0.15909938514232635,0.15054833889007568,0.7307583689689636,0.3050195872783661,-0.4908836781978607
0.4292866082603254,7.18311856547343,-2.8535038482441157,-2.8535038482441157,-0.2573272976322005,-1.9806900024414062,0.1839248239994049,1.987375020980835,-0.18857036530971527,0.15374940633773804,0.7258274555206299,0.3028692901134491,-0.734373152256012
0.4336670838548185,6.649839763959674,0.9858015029395071,0.9858015029395071,-0.5513842949946324,-1.9798842668533325,0.1934385746717453,1.9865490198135376,-0.1778479367494583,0.1569288820028305,0.650010883808136,0.2996523976325989,-0.6399854421615601
0.4380475594493116,6.7738084173188,-0.9250758733947384,-0.9250758733947384,-1.6477116995614567,-1.9790369272232056,0.1998714655637741,1.9857699871063232,-0.1791050136089325,0.1597762405872345,0.6949015855789185,0.29684895277023315,-0.6686397194862366
0.4424280350438047,9.757322685494517,-2.298610697196902,-2.298610697196902,0.19855330461752974,-1.9781614542007446,0.19807745516300201,1.9849854707717896,-0.20735882222652435,0.1628202348947525,0.7160048484802246,0.29391998052597046,-1.1006689071655273
0.4468085106382978,5.5399360925598735,-3.5180868690587648,-3.5180868690587648,-0.10027318756773407,-1.9772937297821045,0.21590673923492432,1.9840770959854126,-0.16343683004379272,0.16595667600631714,0.6430797576904297,0.2890985310077667,-0.7684247493743896
0.4511889862327909,3.0389395524916787,-0.8744096809082215,-0.8744096809082215,-0.9228602447156862,-1.9763479232788086,0.2244318276643753,1.9833611249923706,-0.16251033544540405,0.16877366602420807,0.5432687401771545,0.2857324779033661,-0.6586733460426331
0.4555694618272841,9.001431377168858,-1.5094373792823972,-1.5094373792823972,0.24469649327946574,-1.9753648042678833,0.22264666855335236,1.9826492071151733,-0.20366939902305603,0.17115344107151031,0.5446836352348328,0.28284716606140137,-0.9204306602478027
0.4599499374217772,5.17309009923254,-1.13086353776453,-1.13086353776453,0.34004703039307765,-1.9743895530700684,0.23974227905273438,1.9817570447921753,-0.16484665870666504,0.1735394150018692,0.4934573769569397,0.27881523966789246,-0.5905306339263916
0.4643304130162703,5.349887028093368,0.6636164729972802,0.6636164729972802,-0.37553599649610425,-1.973339319229126,0.2510222792625427,1.9810349941253662,-0.15566672384738922,0.17570099234580994,0.4505021274089813,0.2762284278869629,-0.3268461227416992
0.4687108886107634,5.410846619132905,0.11556810529466488,0.11556810529466488,-0.6667999139104712,-1.9722397327423096,0.25733789801597595,1.9803531169891357,-0.16337783634662628,0.17767441272735596,0.48084867000579834,0.2747966945171356,-0.3239127993583679
0.4730913642052565,2.366990887146845,-0.3842314569985024,-0.3842314569985024,-0.6318490973196016,-1.9711124897003174,0.2617136538028717,1.9796375036239624,-0.1780790388584137,0.1797807514667511,0.5036963224411011,0.27337780594825745,-0.42738452553749084
0.4774718397997496,7.217809973691633,-0.5411940715078579,-0.5411940715078579,-0.12040590893069109,-1.9699660539627075,0.26125216484069824,1.978857398033142,-0.21745599806308746,0.18198718130588531,0.5109275579452515,0.2715056538581848,-0.5988436341285706
0.4818523153942428,7.135693201906804,-0.09865352445830189,-0.09865352445830189,-0.5900053313005795,-1.96882164478302,0.27290675044059753,1.9779047966003418,-0.2029668390750885,0.18422529101371765,0.49863919615745544,0.2688824236392975,-0.45136505365371704
0.4862327909887359,5.885994854660306,-0.48707359884203566,-0.48707359884203566,-0.6207595961245939,-1.9676262140274048,0.2811182141304016,1.977015733718872,-0.20126132667064667,0.18640956282615662,0.5129882097244263,0.2669052183628082,-0.48023906350135803
0.490613266583229,6.620021266341268,-1.8136254461634682,-1.8136254461634682,0.43753829681169576,-1.9663947820663452,0.28705382347106934,1.9761340618133545,-0.21085552871227264,0.18865668773651123,0.5168922543525696,0.2648015320301056,-0.5537547469139099
0.4949937421777221,8.148034199293637,0.8752851022923285,0.8752851022923285,-0.28723966726453015,-1.9651373624801636,0.3017995357513428,1.975210428237915,-0.18700966238975525,0.19092091917991638,0.45115113258361816,0.2623758316040039,-0.21496713161468506
0.4993742177722152,2.675600525005808,-0.6211495042250879,-0.6211495042250879,-0.6463709292132189,-1.9638153314590454,0.3141745924949646,1.974391222000122,-0.16902954876422882,0.19289717078208923,0.48510053753852844,0.2614341676235199,-0.10431186854839325
0.5037546933667083,5.001684227674244,-0.4158603902074396,-0.4158603902074396,-0.3842968488867052,-1.9624390602111816,0.31445544958114624,1.9736508131027222,-0.20624606311321259,0.19502213597297668,0.48583707213401794,0.26097723841667175,-0.27280136942863464
0.5081351689612015,3.163595279419821,-1.4257298352444967,-1.4257298352444967,-0.2116687426004249,-1.9610615968704224,0.32075992226600647,1.9727473258972168,-0.21719813346862793,0.1971503347158432,0.4849153161048889,0.25978222489356995,-0.2819948196411133
0.5125156445556946,6.7746100691113265,-1.5142030039637446,-1.5142030039637446,-0.35233568715791813,-1.9596564769744873,0.3250178098678589,1.971795916557312,-0.23911654949188232,0.19927449524402618,0.4494608938694,0.25854694843292236,-0.2761400640010834
0.5168961201501877,3.902887425044697,-1.3755302452325455,-1.3755302452325455,-0.5058504053518577,-1.9582327604293823,0.3348904550075531,1.9707484245300293,-0.23440329730510712,0.2012433409690857,0.4155306816101074,0.2573373317718506,-0.22611211240291595
0.5212765957446808,6.543637202050304,-1.7626614634251179,-1.7626614634251179,-1.0913237370306121,-1.9567657709121704,0.3385680317878723,1.9697216749191284,-0.2577414810657501,0.20306356251239777,0.390133261680603,0.25634685158729553,-0.3096522390842438
0.5256570713391739,8.0328094666704,0.11738265969794681,0.11738265969794681,-1.3046824670392814,-1.9552826881408691,0.34317660331726074,1.968592643737793,-0.27410057187080383,0.20477253198623657,0.37052807211875916,0.25499042868614197,-0.5399333238601685
0.5300375469336671,6.370365786665375,-0.24950169285550772,-0.24950169285550772,0.7222509458974083,-1.9537794589996338,0.34923988580703735,1.9673919677734375,-0.2835347354412079,0.20639562606811523,0.41205689311027527,0.2526252567768097,-0.8095998167991638
0.5344180225281602,5.616245142784069,-1.6593619117831788,-1.6593619117831788,-1.0012041494871595,-1.9522496461868286,0.3660191297531128,1.966149926185608,-0.2544930875301361,0.2082006335258484,0.3836786448955536,0.24907882511615753,-0.3715105950832367
0.5387984981226532,7.61478704282435,-0.607250893432507,-0.607250893432507,-0.571013220403808,-1.9506462812423706,0.3698560893535614,1.965035080909729,-0.2763591408729553,0.20988133549690247,0.3644583523273468,0.24745142459869385,-0.5930182337760925
0.5431789737171464,6.010160730204386,-0.8426626511546722,-0.8426626511546722,0.36976810385653036,-1.949026107788086,0.3803757429122925,1.9638245105743408,-0.2703699767589569,0.2114778310060501,0.36340010166168213,0.24485372006893158,-0.6014997363090515
0.5475594493116396,7.273514323592726,-3.4442289011326404,-3.4442289011326404,-0.7225817320313015,-1.9473599195480347,0.3940848112106323,1.9626401662826538,-0.2534402906894684,0.21306969225406647,0.3279932737350464,0.24221886694431305,-0.30373653769493103
0.5519399249061326,6.553179631369101,-0.3770845023556507,-0.3770845023556507,0.13978000405653623,-1.9456336498260498,0.40307751297950745,1.9615299701690674,-0.25425297021865845,0.21450646221637726,0.24851253628730774,0.24088835716247559,-0.37751927971839905
0.5563204005006257,5.558684472672334,1.053787915708491,1.053787915708491,-0.698054736494627,-1.9438679218292236,0.4163082242012024,1.9604161977767944,-0.23873190581798553,0.2155950665473938,0.23341844975948334,0.23923464119434357,-0.15055115520954132
0.5607008760951189,9.224163117175758,1.9681805400587449,1.9681805400587449,-0.8351716123593298,-1.9420442581176758,0.422345906496048,1.959370493888855,-0.2532889246940613,0.21661755442619324,0.2845778167247772,0.23857516050338745,-0.2610284686088562
0.565081351689612,4.75468689836712,0.6535330256486462,0.6535330256486462,0.1861794406109546,-1.9401941299438477,0.4344857335090637,1.9582610130310059,-0.24073146283626556,0.21786414086818695,0.36644458770751953,0.23743173480033875,-0.32442522048950195
0.5694618272841051,9.5009287818296,-3.917749921951657,-3.917749921951657,-1.4516961414206866,-1.9382908344268799,0.44468313455581665,1.9572064876556396,-0.23907335102558136,0.2194693386554718,0.3800927996635437,0.2360105961561203,-0.1282765120267868
0.5738423028785982,8.45762974928352,-0.2459151192904695,-0.2459151192904695,-0.1775542781022008,-1.9363429546356201,0.45366233587265015,1.956159234046936,-0.24025702476501465,0.22113431990146637,0.3080762028694153,0.2354486882686615,-0.41301506757736206
0.5782227784730913,5.605321837240975,-0.40313287124116215,-0.40313287124116215,-0.33901228305238906,-1.9343557357788086,0.4687558114528656,1.9551067352294922,-0.21708926558494568,0.22248384356498718,0.3060798645019531,0.23363947868347168,-0.25285255908966064
0.5826032540675845,4.675794750547592,-0.46782802848940236,-0.46782802848940236,0.2181905370698211,-1.9323023557662964,0.47741004824638367,1.9541558027267456,-0.22198636829853058,0.2238246202468872,0.30420732498168945,0.2325318604707718,-0.22882667183876038
0.5869837296620776,4.922443617710398,-0.49195740633322876,-0.49195740633322876,-0.8978506994264881,-1.930211067199707,0.4877539277076721,1.9531834125518799,-0.22017540037631989,0.22515718638896942,0.2841733992099762,0.23152948915958405,-0.022889241576194763
0.5913642052565706,7.290813917507813,-1.6198171411401272,-1.6198171411401272,0.5803676319329778,-1.9280744791030884,0.4917382001876831,1.9522188901901245,-0.24533872306346893,0.22640199959278107,0.2960267663002014,0.23142921924591064,-0.22446931898593903
0.5957446808510638,7.436249753272163,0.39099552378722613,0.39099552378722613,-1.5137374996057447,-1.9259204864501953,0.509427011013031,1.9511442184448242,-0.21225331723690033,0.22769874334335327,0.23177438974380493,0.23044593632221222,0.18575598299503326
0.600125156445557,7.304861391179402,-1.216623450350293,-1.216623450350293,0.08748221365589492,-1.9236890077590942,0.5146413445472717,1.9502145051956177,-0.23245292901992798,0.2287140190601349,0.28739863634109497,0.23125962913036346,-0.17715711891651154
0.60450563204005,6.939378064127022,-0.7298156812003319,-0.7298156812003319,-1.1787461148682488,-1.9214346408843994,0.5294365286827087,1.949196219444275,-0.21209660172462463,0.2299729585647583,0.24931462109088898,0.23048359155654907,0.05055806040763855
0.6088861076345431,3.897083458226569,-0.02052011151084887,-0.02052011151084887,0.13424953477831236,-1.919115424156189,0.5358226895332336,1.9482671022415161,-0.22775395214557648,0.2310650795698166,0.2624248266220093,0.23070505261421204,-0.20133531093597412
0.6132665832290363,5.205958091453937,0.8799932823463532,0.8799932823463532,-1.3635856427138964,-1.9167683124542236,0.5443130731582642,1.9472694396972656,-0.23467661440372467,0.23221462965011597,0.2579050660133362,0.22982311248779297,-0.04735441505908966
0.6176470588235294,7.730566072734261,-3.994454388427317,-3.994454388427317,0.3810309384484198,-1.9143840074539185,0.5462700724601746,1.9462414979934692,-0.2696512043476105,0.23334437608718872,0.32342469692230225,0.22961567342281342,-0.4141671657562256
0.6220275344180225,6.100216322337969,-0.3052826887128265,-0.3052826887128265,-0.7175080047729536,-1.9119911193847656,0.56392902135849,1.9450602531433105,-0.23815453052520752,0.23476113379001617,0.19564665853977203,0.22780142724514008,-0.06615132093429565
0.6264080100125156,5.283810351350987,-0.1401692672444005,-0.1401692672444005,0.31177640252112315,-1.9095208644866943,0.5716982483863831,1.9440170526504517,-0.24887146055698395,0.23561815917491913,0.2076849490404129,0.22751165926456451,-0.16933441162109375
0.6307884856070087,4.083373073995597,-3.7731806120825255,-3.7731806120825255,-1.0280162216421695,-1.9070165157318115,0.5840929746627808,1.9429268836975098,-0.23961184918880463,0.2365279197692871,0.19448670744895935,0.22676989436149597,0.08758050203323364
0.6351689612015019,6.491025282364978,1.879319941253915,1.879319941253915,0.7025995256043123,-1.904457926750183,0.5860549807548523,1.9418772459030151,-0.27527162432670593,0.23737986385822296,0.11431919783353806,0.22715353965759277,-0.18472853302955627
0.639549436795995,5.894518650448966,0.13333901923676972,0.13333901923676972,-0.6216063844961452,-1.901890754699707,0.6032711267471313,1.940671443939209,-0.24577145278453827,0.2378806322813034,0.14868316054344177,0.22634434700012207,0.2494669258594513
0.643929912390488,3.4249462863307047,-1.2275123907792578,-1.2275123907792578,0.17270231690713128,-1.8992481231689453,0.6113554239273071,1.9395948648452759,-0.2557438015937805,0.2385319322347641,0.17072996497154236,0.2274371236562729,0.17636384069919586
0.6483103879849812,10.118125551549813,-0.746326137766881,-0.746326137766881,-0.6707053608267389,-1.896570086479187,0.6192800402641296,1.9384745359420776,-0.265641450881958,0.23927980661392212,0.12983925640583038,0.22820967435836792,0.3319872319698334
0.6526908635794744,7.858872954768941,-0.9549997642032151,-0.9549997642032151,0.4528410578476411,-1.8938573598861694,0.6356296539306641,1.9373109340667725,-0.24166859686374664,0.2398485690355301,0.12763088941574097,0.2296639382839203,0.35355445742607117
0.6570713391739674,5.537637403637469,2.161158525029004,2.161158525029004,-1.2115082975483913,-1.8910729885101318,0.6542968153953552,1.9362523555755615,-0.20730865001678467,0.24040764570236206,0.08651747554540634,0.23121267557144165,0.7316359281539917
0.6614518147684605,2.6629058134952914,-0.3021253668591094,-0.3021253668591094,-0.4307605716027376,-1.8882068395614624,0.6582613587379456,1.9353442192077637,-0.23565727472305298,0.2407866269350052,0.18501004576683044,0.23441758751869202,0.43011194467544556
0.6658322903629537,3.530938233433465,-1.1920164146673828,-1.1920164146673828,0.4641973096162968,-1.8853232860565186,0.6610621213912964,1.9343119859695435,-0.2676391005516052,0.24159705638885498,0.18876659870147705,0.23630167543888092,0.34145283699035645
0.6702127659574468,9.020127032428055,-1.9653824638468702,-1.9653824638468702,-1.459333808939881,-1.8824275732040405,0.6712182760238647,1.9331395626068115,-0.26912379264831543,0.24242393672466278,0.14039990305900574,0.23779739439487457,0.6080741882324219
0.6745932415519399,7.908712301424064,-0.6657899308995273,-0.6657899308995273,-0.9318404383972262,-1.8794872760772705,0.6806495189666748,1.9319607019424438,-0.27486056089401245,0.24303895235061646,0.12562167644500732,0.2404610514640808,0.30768221616744995
0.678973717146433,4.339084605822022,1.7412456206878784,1.7412456206878784,-0.07862450400584298,-1.876505732536316,0.6910438537597656,1.930756688117981,-0.2761380970478058,0.24358923733234406,0.13339120149612427,0.24180884659290314,0.1733134537935257
0.6833541927409261,2.4222564377421962,1.0966644574269826,1.0966644574269826,-1.4755281393855668,-1.873478651046753,0.6995174884796143,1.9295470714569092,-0.2850078344345093,0.2441735565662384,0.18653717637062073,0.24256804585456848,0.2601207196712494
0.6877346683354193,5.7197585167297,-1.1753885211516464,-1.1753885211516464,-1.2548063382178907,-1.87041437625885,0.6950835585594177,1.9282985925674438,-0.34609612822532654,0.24499067664146423,0.2616533637046814,0.24370749294757843,-0.2226353883743286
0.6921151439299124,6.916258894938072,-1.5953061981744874,-1.5953061981744874,-0.7969326151539156,-1.867369532585144,0.6988986134529114,1.926782488822937,-0.3739927411079407,0.2461368441581726,0.26397261023521423,0.2427322417497635,-0.5353511571884155
0.6964956195244054,5.786424193594834,1.1101522369631367,1.1101522369631367,-0.6840903975675509,-1.8643079996109009,0.7082861661911011,1.9251441955566406,-0.3800816833972931,0.24729317426681519,0.24065756797790527,0.24038714170455933,-0.6461898684501648
0.7008760951188986,6.772441972449057,-1.935410123875131,-1.935410123875131,-0.9201530226036722,-1.8612053394317627,0.7161427140235901,1.9234791994094849,-0.39267417788505554,0.24834737181663513,0.29305514693260193,0.23755651712417603,-0.7453604340553284
0.7052565707133918,7.7957086519576375,-3.7443507392665176,-3.7443507392665176,-0.809522145861466,-1.8580683469772339,0.7246759533882141,1.9217591285705566,-0.4032163619995117,0.2496310919523239,0.2634064257144928,0.23429147899150848,-0.9057742357254028
0.7096370463078848,5.697090839409347,-3.685895215122276,-3.685895215122276,0.01021849094813504,-1.8548939228057861,0.7362099885940552,1.9199928045272827,-0.4024076759815216,0.2507849335670471,0.17770013213157654,0.23032376170158386,-0.9978005886077881
0.7140175219023779,5.6209290885420735,1.694751094173478,1.694751094173478,-1.3359998859099167,-1.8516689538955688,0.7484941482543945,1.9182300567626953,-0.397767573595047,0.25156334042549133,0.06976188719272614,0.22595292329788208,-0.8417606353759766
0.718397997496871,6.595705529340441,-2.4432541982760276,-2.4432541982760276,-0.08323101811207356,-1.8483902215957642,0.7524501085281372,1.916487693786621,-0.4288063049316406,0.25186893343925476,0.15826943516731262,0.22226561605930328,-1.1872944831848145
0.7227784730913642,5.621920079957797,-0.9611893755589771,-0.9611893755589771,-0.6197220480384602,-1.845094084739685,0.7661347985267639,1.9146093130111694,-0.4191407561302185,0.2525622248649597,0.08934926986694336,0.21706470847129822,-1.0419552326202393
0.7271589486858573,9.328842834462428,-1.7801356511304292,-1.7801356511304292,0.033167230747962184,-1.8417381048202515,0.7745841145515442,1.9127732515335083,-0.43155959248542786,0.2529536187648773,0.07937733829021454,0.2125004529953003,-1.1217297315597534
0.7315394242803503,6.448492365052664,-0.352351398030784,-0.352351398030784,-1.4847972208487261,-1.8383450508117676,0.7944871187210083,1.910882830619812,-0.3960767388343811,0.25330132246017456,0.026423145085573196,0.20758673548698425,-0.8602718114852905
0.7359198998748435,7.266552544764918,-0.9482159498241385,-0.9482159498241385,-0.46548981758386887,-1.834864854812622,0.7998505234718323,1.90914785861969,-0.4242364168167114,0.25341707468032837,0.059494152665138245,0.20381833612918854,-1.2390280961990356
0.7403003754693367,5.485906981553271,-0.13280348647920526,-0.13280348647920526,-0.8241094683246901,-1.831361174583435,0.8127633929252625,1.9072895050048828,-0.41897615790367126,0.25367769598960876,0.04539702087640762,0.19839079678058624,-1.217758059501648
0.7446808510638298,9.306687041004777,-0.5987715336250036,-0.5987715336250036,-0.9303069342854745,-1.8278008699417114,0.8201248645782471,1.905454158782959,-0.4379444420337677,0.25387656688690186,0.06558534502983093,0.19305643439292908,-1.377136468887329
0.7490613266583228,3.162436919885009,0.022128371959376336,0.022128371959376336,-0.07840264282758269,-1.824208378791809,0.8349340558052063,1.9035357236862183,-0.4279107451438904,0.25416386127471924,0.07526722550392151,0.18702392280101776,-1.4740283489227295
0.753441802252816,3.4323856474923096,3.3331811706824626,3.3331811706824626,0.4736373164289859,-1.8205509185791016,0.8416412472724915,1.9016612768173218,-0.44672340154647827,0.2544935643672943,0.07820305228233337,0.18056698143482208,-1.4187802076339722
0.7578222778473092,8.390593186852405,0.6577504708667936,0.6577504708667936,-0.41982236352779145,-1.8168641328811646,0.8514760136604309,1.8997044563293457,-0.4487575590610504,0.25483614206314087,0.16171079874038696,0.17435204982757568,-1.1515395641326904
0.7622027534418022,7.264431270788611,-1.091451078418034,-1.091451078418034,0.4421421872290056,-1.8131343126296997,0.8668161630630493,1.8977386951446533,-0.43294012546539307,0.255544513463974,0.19317933917045593,0.16930775344371796,-1.0837664604187012
0.7665832290362953,9.39116404289159,-0.49499632169686514,-0.49499632169686514,0.49131013347577784,-1.8093372583389282,0.8837453722953796,1.89584219455719,-0.4037986993789673,0.2563907206058502,0.14839355647563934,0.16456034779548645,-0.7262546420097351
0.7709637046307884,7.436926542343979,-2.5603857276827133,-2.5603857276827133,-2.2418392897749344,-1.8054660558700562,0.904865026473999,1.8940733671188354,-0.3556044399738312,0.25704076886177063,0.11959028244018555,0.16137900948524475,-0.29398849606513977
0.7753441802252816,4.540171238541188,-1.2855062413902367,-1.2855062413902367,1.3081439484216684,-1.8015023469924927,0.9101402163505554,1.8925156593322754,-0.3957737982273102,0.25756463408470154,0.11028771847486496,0.16009120643138885,-0.92795729637146
0.7797246558197747,2.4155494718852157,-3.3965551390008755,-3.3965551390008755,-0.4108391114880659,-1.7975155115127563,0.9250683784484863,1.8907819986343384,-0.36645328998565674,0.25804775953292847,0.03454490751028061,0.15602631866931915,-0.32178395986557007
0.7841051314142677,5.598440525460022,-0.31099777826786446,-0.31099777826786446,-2.274083677606306,-1.7934632301330566,0.9282169342041016,1.8891767263412476,-0.40015971660614014,0.2581990957260132,-0.05264747142791748,0.15461675822734833,-0.4099971055984497
0.7884856070087609,4.957663294916549,-3.329708570980826,-3.329708570980826,0.7451393653733258,-1.7893972396850586,0.9300761222839355,1.8874238729476929,-0.4565713703632355,0.2579684853553772,0.004680857062339783,0.15282078087329865,-1.1049652099609375
0.7928660826032541,7.617941056641202,-0.18700359435306108,-0.18700359435306108,-0.47531539225344716,-1.7853230237960815,0.9433539509773254,1.8854238986968994,-0.43862247467041016,0.25798898935317993,-0.11431761085987091,0.14798051118850708,-0.6966938972473145
0.7972465581977471,4.343337851508723,-1.838796519179716,-1.838796519179716,-0.2133043473340549,-1.7811906337738037,0.9567210078239441,1.88350248336792,-0.43072709441185,0.2574882209300995,-0.10589799284934998,0.14492866396903992,-0.6706692576408386
0.8016270337922402,6.034825857989724,0.2720351774181794,0.2720351774181794,1.1573434990053977,-1.7769997119903564,0.9646013975143433,1.8816156387329102,-0.4431772828102112,0.257024347782135,-0.1533675193786621,0.1419908106327057,-0.6344563961029053
0.8060075093867334,3.122377703613039,-2.2091421235347592,-2.2091421235347592,-0.14909115786020005,-1.772774338722229,0.980951189994812,1.8796743154525757,-0.4052611291408539,0.2563525140285492,-0.17922133207321167,0.13921159505844116,-0.0447770357131958
0.8103879849812266,6.908310436160431,-0.24868825469613776,-0.24868825469613776,-0.7846960800815679,-1.7684773206710815,0.9864978790283203,1.8778990507125854,-0.42615988850593567,0.25556743144989014,-0.239381343126297,0.13901545107364655,-0.01721045933663845
0.8147684605757196,8.589258427924502,0.8022056913929437,0.8022056913929437,-0.6539903406090494,-1.7641559839248657,0.9970484375953674,1.8760322332382202,-0.4323236644268036,0.2545188367366791,-0.223728209733963,0.13894006609916687,-0.12497292459011078
0.8191489361702127,4.719613920347671,2.0189624092830867,2.0189624092830867,-0.1300219799147448,-1.7597883939743042,1.011304497718811,1.8741384744644165,-0.4210004508495331,0.2535387873649597,-0.18120266497135162,0.1383926272392273,-0.1395845264196396
0.8235294117647058,5.35158733179074,0.34199054435816756,0.34199054435816756,-1.7351855306526225,-1.7553584575653076,1.0199575424194336,1.872294306755066,-0.4280596077442169,0.25274503231048584,-0.1184455081820488,0.13778118789196014,-0.0625123679637909
0.827909887359199,5.153512057577968,-3.336116636908183,-3.336116636908183,0.1580850617131554,-1.7508906126022339,1.023903489112854,1.8704191446304321,-0.47233885526657104,0.25222617387771606,-0.05778538063168526,0.1375073492527008,-0.5642602443695068
0.8322903629536921,6.742495179011017,-0.8173419725537278,-0.8173419725537278,-0.4439720583435418,-1.7464054822921753,1.03449547290802,1.8683500289916992,-0.46815192699432373,0.251973032951355,-0.15982715785503387,0.13503561913967133,-0.36875680088996887
0.8366708385481851,6.267372256381917,3.397110797708002,3.397110797708002,0.2715679191956854,-1.741873860359192,1.0458670854568481,1.8662992715835571,-0.4666435420513153,0.25127291679382324,-0.17073073983192444,0.13342028856277466,-0.35450220108032227
0.8410513141426783,6.760246575029403,-1.6147504769309333,-1.6147504769309333,-0.6117499392393209,-1.7372924089431763,1.0588401556015015,1.8642551898956299,-0.45013606548309326,0.25052502751350403,-0.07945497334003448,0.1318673938512802,-0.08737412095069885
0.8454317897371715,5.239450571565973,0.22045305046629127,0.22045305046629127,0.13010616067973002,-1.7326542139053345,1.0695492029190063,1.8622833490371704,-0.4529057741165161,0.25017696619033813,-0.1087457686662674,0.13148465752601624,-0.13493958115577698
0.8498122653316645,9.618493088997845,-0.07622554515429314,-0.07622554515429314,-0.2947424631960663,-1.7279690504074097,1.079959750175476,1.8602993488311768,-0.4487057328224182,0.2497006058692932,-0.10610735416412354,0.1308935582637787,0.05239935219287872
0.8541927409261576,7.835549859702654,0.2421088692621145,0.2421088692621145,-1.0674832309436175,-1.7232383489608765,1.0971559286117554,1.8583338260650635,-0.4192098081111908,0.24923580884933472,-0.09972596913576126,0.13112309575080872,0.1983186900615692
0.8585732165206508,6.626561473653659,-2.2270643223397757,-2.2270643223397757,-0.21267110635957714,-1.7184323072433472,1.1082632541656494,1.8564975261688232,-0.42506712675094604,0.24879896640777588,-0.06148172914981842,0.13199181854724884,0.010204941034317017
0.8629536921151439,8.304996180219685,-0.823460335400508,-0.823460335400508,-1.123665880885962,-1.7135776281356812,1.120045781135559,1.85463547706604,-0.4183560907840729,0.24852964282035828,-0.12030839920043945,0.13203652203083038,0.10720986872911453
0.867334167709637,6.455288818359389,-0.8278935355513279,-0.8278935355513279,-1.3562427357029327,-1.7086713314056396,1.1317859888076782,1.8528028726577759,-0.4217682182788849,0.24800263345241547,-0.11154144257307053,0.13250614702701569,-0.08924802392721176
0.8717146433041301,7.3946366235899745,-0.63008054710327,-0.63008054710327,-0.27147670768883325,-1.7037135362625122,1.1391791105270386,1.8509553670883179,-0.4467765986919403,0.2475140243768692,-0.0961119681596756,0.1321152001619339,-0.4210914075374603
0.8760951188986232,4.991914059255311,-3.2262468161793327,-3.2262468161793327,-0.029566561324743557,-1.6987234354019165,1.1522024869918823,1.8489983081817627,-0.4352014660835266,0.24709300696849823,-0.1065843403339386,0.13027061522006989,-0.3254839777946472
0.8804755944931164,4.098231473581296,0.16054136269906938,0.16054136269906938,-0.4153697186021824,-1.693676233291626,1.1615012884140015,1.8470919132232666,-0.4372732639312744,0.2466261237859726,-0.19993753731250763,0.12884484231472015,-0.2039330154657364
0.8848560700876095,7.624243835080732,-0.4374626917703609,-0.4374626917703609,-0.368883648293151,-1.688588261604309,1.167755365371704,1.8451764583587646,-0.4570290446281433,0.2457503080368042,-0.18311910331249237,0.127951517701149,-0.24927328526973724
0.8892365456821025,6.931628832037492,0.3010253649350383,0.3010253649350383,-0.18302859727236523,-1.683472990989685,1.1807252168655396,1.8431744575500488,-0.4460923373699188,0.24494816362857819,-0.1851218342781067,0.12685957551002502,-0.1837695986032486
0.8936170212765957,3.9565757470247522,0.40118447644742306,0.40118447644742306,0.49678754974073686,-1.6783008575439453,1.1929843425750732,1.8412203788757324,-0.43600353598594666,0.244137242436409,-0.17098592221736908,0.1260545700788498,-0.06769479811191559
0.8979974968710889,6.995281352864516,-1.1979711405256555,-1.1979711405256555,-0.2547537779097536,-1.6730749607086182,1.2019731998443604,1.8393105268478394,-0.4327385127544403,0.24338823556900024,-0.17377783358097076,0.12575803697109222,0.2216612845659256
0.902377972465582,3.6835298131687986,-1.7986840891559357,-1.7986840891559357,-0.8621927810048957,-1.6678097248077393,1.214035153388977,1.8374149799346924,-0.4240010678768158,0.24262700974941254,-0.2013227641582489,0.12672901153564453,0.31282174587249756
0.906758448060075,5.687741772190479,-0.32560053334463696,-0.32560053334463696,-0.5972605219368681,-1.6624916791915894,1.2179349660873413,1.8355576992034912,-0.45904606580734253,0.24174511432647705,-0.22867128252983093,0.12809932231903076,0.09069934487342834
0.9111389236545682,6.424587823854961,-1.1862867441366554,-1.1862867441366554,-0.34713904374638604,-1.6571565866470337,1.2263528108596802,1.8335468769073486,-0.47029685974121094,0.24074342846870422,-0.22073794901371002,0.12849663197994232,0.020132653415203094
0.9155193992490612,7.257993751403738,-0.9140779326389595,-0.9140779326389595,-0.13481736833320646,-1.6517845392227173,1.2369365692138672,1.831486701965332,-0.4687436521053314,0.23977649211883545,-0.24524372816085815,0.1285848170518875,0.061970267444849014
0.9198998748435544,6.37472864266879,-0.01086399311573727,-0.01086399311573727,-1.2007973508679541,-1.6463661193847656,1.2497315406799316,1.8294334411621094,-0.45457983016967773,0.2387022078037262,-0.26800060272216797,0.12885627150535583,0.2047499418258667
0.9242803504380476,6.687868151036131,-0.13706855539594176,-0.13706855539594176,-1.2100095825652804,-1.640891671180725,1.2572221755981445,1.8274421691894531,-0.4760502874851227,0.2375282347202301,-0.23325078189373016,0.12975317239761353,-0.07144537568092346
0.9286608260325406,7.503498381273856,1.5548817551821457,1.5548817551821457,-0.3423682445551171,-1.635384440422058,1.265171766281128,1.8253568410873413,-0.4951260983943939,0.23650649189949036,-0.20191749930381775,0.12944020330905914,-0.3426991403102875
0.9330413016270338,9.33414926715569,-0.30226602130317004,-0.30226602130317004,-0.31466283069062706,-1.6298424005508423,1.2775858640670776,1.8231879472732544,-0.4843708872795105,0.23562200367450714,-0.14651177823543549,0.12793901562690735,-0.2703203558921814
0.9374217772215268,5.89067172616075,-2.6431822111908776,-2.6431822111908776,-0.2609447968040888,-1.6242460012435913,1.2933218479156494,1.82106614112854,-0.4575427174568176,0.23498021066188812,-0.14614975452423096,0.12675487995147705,-0.1390257179737091
0.94180225281602,5.897236314037579,0.3553849841726139,0.3553849841726139,-0.046660475340221996,-1.6185805797576904,1.3030019998550415,1.8190618753433228,-0.4581112265586853,0.23434001207351685,-0.21571864187717438,0.1261458843946457,-0.07931716740131378
0.9461827284105132,5.793649515186562,-0.49025097422121366,-0.49025097422121366,-0.8505181055002521,-1.612872838973999,1.3133833408355713,1.817055106163025,-0.4529358446598053,0.233395054936409,-0.20397764444351196,0.12579843401908875,0.06007756292819977
0.9505632040050064,5.51287375879183,-0.5741199113242134,-0.5741199113242134,-0.060296372625783856,-1.6071195602416992,1.3208441734313965,1.8150709867477417,-0.4699351489543915,0.2325015366077423,-0.1934567093849182,0.1260616034269333,-0.1015455424785614
0.9549436795994992,6.468663424923378,0.1505849024157725,0.1505849024157725,-0.713227148597176,-1.6013336181640625,1.330428123474121,1.8130124807357788,-0.46832260489463806,0.2316541075706482,-0.20846198499202728,0.12561678886413574,0.022603482007980347
0.9593241551939924,7.563555304380747,-2.866689650223559,-2.866689650223559,-0.986180018233995,-1.595505714416504,1.3394783735275269,1.8109610080718994,-0.47600796818733215,0.23074094951152802,-0.18323594331741333,0.12571580708026886,-0.07011000066995621
0.9637046307884856,4.299628770928993,0.4551210399317346,0.4551210399317346,-0.7461548338058586,-1.589638113975525,1.3495063781738281,1.8088759183883667,-0.48174557089805603,0.22993828356266022,-0.23815278708934784,0.12540869414806366,-0.23498082160949707
0.9680851063829788,8.213037105530088,0.24096075310926923,0.24096075310926923,-0.8503005787108692,-1.5837266445159912,1.3545827865600586,1.8067656755447388,-0.5084684491157532,0.22889506816864014,-0.203071728348732,0.12437936663627625,-0.39754557609558105
0.9724655819774718,5.786984862437563,0.8258253486407898,0.8258253486407898,-0.39415891344211634,-1.5777928829193115,1.3661699295043945,1.804538369178772,-0.5051429867744446,0.228005513548851,-0.17120343446731567,0.12263792753219604,-0.49472135305404663
0.9768460575719649,6.199978751597404,0.44118902551939976,0.44118902551939976,0.661813244715805,-1.5718084573745728,1.3750214576721191,1.8023256063461304,-0.5100552439689636,0.22725556790828705,-0.1355760246515274,0.1204708144068718,-0.4871506690979004
0.981226533166458,5.749363649343522,0.1706225186741941,0.1706225186741941,0.10304645226471804,-1.5657851696014404,1.387947678565979,1.80009126663208,-0.483477383852005,0.22666168212890625,-0.14201894402503967,0.11833686381578445,-0.0768035352230072
0.9856070087609512,5.0140425013004055,-1.8490592374548762,-1.8490592374548762,-0.8012944592146317,-1.5597052574157715,1.3981753587722778,1.797973394393921,-0.47549042105674744,0.2260395735502243,-0.14004550874233246,0.11800042539834976,0.11420902609825134
0.9899874843554444,6.73967566878677,-0.8084905464848702,-0.8084905464848702,-0.29933924839145426,-1.553580641746521,1.4042689800262451,1.7958905696868896,-0.4976704716682434,0.2254261076450348,-0.17064356803894043,0.118500716984272,-0.04987376928329468
0.9943679599499372,6.770708059529638,-1.0154391368912834,-1.0154391368912834,-1.0428146075937552,-1.5474293231964111,1.414878249168396,1.7937105894088745,-0.4920429289340973,0.22467860579490662,-0.18551239371299744,0.1182822436094284,0.018174149096012115
0.9987484355444304,4.3857346530746435,-1.7174927338298152,-1.7174927338298152,-0.27098930868885557,-1.5412315130233765,1.4231610298156738,1.7915551662445068,-0.5058804154396057,0.22386597096920013,-0.1847129464149475,0.11836185306310654,-0.18881306052207947
1.0031289111389237,4.973293238145423,-1.8010704216485005,-1.8010704216485005,-0.2518510145003684,-1.5349973440170288,1.4297902584075928,1.7893391847610474,-0.5192395448684692,0.2230568379163742,-0.22695542871952057,0.11753476411104202,-0.1727883666753769
1.0075093867334166,6.579717137605291,1.9628256992197577,1.9628256992197577,-0.6672039797301867,-1.5287342071533203,1.437450885772705,1.7870646715164185,-0.5271531343460083,0.22206266224384308,-0.27219754457473755,0.11677786707878113,-0.13404476642608643
1.0118898623279098,7.7669610823021715,0.14303075241604102,0.14303075241604102,0.33169157867725374,-1.5224374532699585,1.4464938640594482,1.7847554683685303,-0.5325982570648193,0.22087030112743378,-0.19539234042167664,0.11619068682193756,-0.2067154198884964
1.016270337922403,8.416777327770937,-0.3900883825064145,-0.3900883825064145,-0.44710958732977935,-1.5161011219024658,1.4605871438980103,1.782422423362732,-0.5015424489974976,0.22001439332962036,-0.2009018361568451,0.11528517305850983,0.12283070385456085
1.020650813516896,3.948201503619871,-3.535608352726735,-3.535608352726735,-0.18387006895071187,-1.5097030401229858,1.4732999801635742,1.780225396156311,-0.4856944978237152,0.2191343456506729,-0.19923663139343262,0.11582323163747787,0.18067196011543274
1.0250312891113893,5.614206189319844,-0.29830562864906807,-0.29830562864906807,-0.5654145246941327,-1.5032492876052856,1.4793299436569214,1.7780978679656982,-0.5003832578659058,0.21826159954071045,-0.29711800813674927,0.11661466211080551,0.21741676330566406
1.0294117647058822,3.3678832067938513,-0.12538988738459783,-0.12538988738459783,-0.02307904413960815,-1.4967690706253052,1.4869306087493896,1.775905966758728,-0.5111982226371765,0.2169600874185562,-0.2893175780773163,0.1175670474767685,0.15690723061561584
1.0337922403003754,2.7355610163245236,0.2530708400628936,0.2530708400628936,-0.9086042541864872,-1.49025559425354,1.492449164390564,1.7736666202545166,-0.5264806747436523,0.21569274365901947,-0.2923053801059723,0.11825437843799591,0.2379210889339447
1.0381727158948686,5.922888653770128,-1.3778128893889245,-1.3778128893889245,-1.274479340176495,-1.483717918395996,1.4941177368164062,1.7713603973388672,-0.570577085018158,0.21441230177879333,-0.2583807706832886,0.1192965880036354,-0.026447534561157227
1.0425531914893615,4.628944758043961,-0.8169329478098888,-0.8169329478098888,0.15505981176318206,-1.4771729707717896,1.4998044967651367,1.7688610553741455,-0.5975740551948547,0.21328046917915344,-0.26139843463897705,0.11918073892593384,-0.34174901247024536
1.0469336670838547,9.572545919398667,-1.5386413275389437,-1.5386413275389437,-0.5103634623324554,-1.470603108406067,1.5079116821289062,1.7662433385849,-0.597507119178772,0.2121354192495346,-0.2897837162017822,0.11768371611833572,-0.16103143990039825
1.051314142678348,7.258623943322151,1.049000660552836,1.049000660552836,-0.8540352996676249,-1.463997721672058,1.5218901634216309,1.763625979423523,-0.5735067129135132,0.2108660340309143,-0.31981268525123596,0.11697832494974136,-0.09567555785179138
1.055694618272841,7.089383502927715,0.2097275755074599,0.2097275755074599,0.44159853383299064,-1.4573310613632202,1.5309669971466064,1.7611137628555298,-0.5780794024467468,0.20946510136127472,-0.26423799991607666,0.1165592223405838,-0.2194046825170517
1.0600750938673342,4.973949874172007,-0.5791876271287741,-0.5791876271287741,0.09542976979512624,-1.450624704360962,1.543749213218689,1.758581519126892,-0.5496662855148315,0.20830760896205902,-0.2710093557834625,0.11559812724590302,0.13313080370426178
1.0644555694618272,6.619300542631691,-2.0318112781243913,-2.0318112781243913,-0.9271245380275828,-1.4438623189926147,1.5519968271255493,1.7561737298965454,-0.5482360124588013,0.20712046325206757,-0.29071033000946045,0.11618130654096603,0.3009205460548401
1.0688360450563203,5.959748768552195,-2.801345485525604,-2.801345485525604,0.6146177419104502,-1.4370638132095337,1.5596858263015747,1.7537721395492554,-0.5600944757461548,0.20584701001644135,-0.3229706883430481,0.11749947816133499,0.13310594856739044
1.0732165206508135,9.097495251679161,1.3962944681708196,1.3962944681708196,-0.8638417819179539,-1.4302316904067993,1.5710668563842773,1.7513186931610107,-0.5365625619888306,0.20443224906921387,-0.42272764444351196,0.11808254569768906,0.5198423862457275
1.0775969962453065,4.374053596086377,1.5261662499431634,1.5261662499431634,-0.7779668370415398,-1.4233496189117432,1.5827826261520386,1.748968243598938,-0.525840699672699,0.2025804966688156,-0.35672450065612793,0.12035970389842987,0.4415750801563263
1.0819774718397996,7.474917994698465,1.9142530111652714,1.9142530111652714,-0.8641891310548593,-1.4164162874221802,1.5872135162353516,1.7466647624969482,-0.5526079535484314,0.20101787149906158,-0.2894365191459656,0.12229401618242264,0.269428014755249
1.0863579474342928,6.095138437738456,-0.8071644691835348,-0.8071644691835348,0.13278412975556836,-1.4094635248184204,1.596104621887207,1.74424409866333,-0.5555083751678467,0.19975000619888306,-0.20829719305038452,0.12347424030303955,0.14794838428497314
1.090738423028786,5.473136931935692,-0.3684384098654081,-0.3684384098654081,-1.3485289257657729,-1.4024717807769775,1.6060413122177124,1.74181067943573,-0.5435764193534851,0.19883756339550018,-0.23574668169021606,0.12412232160568237,0.3596647381782532
1.0951188986232792,9.279141154585133,-0.291328959766497,-0.291328959766497,0.7114386524942853,-1.3954365253448486,1.6101175546646118,1.7394295930862427,-0.5761756896972656,0.19780488312244415,-0.20712493360042572,0.12569782137870789,0.005172640085220337
1.099499374217772,5.430670824873999,0.1941292773571499,0.1941292773571499,-0.9709775334383226,-1.388383388519287,1.6268752813339233,1.7369056940078735,-0.5220327973365784,0.19689758121967316,-0.23640891909599304,0.12572048604488373,0.5165374279022217
1.1038798498122653,6.0947181935856385,-1.1471686655673659,-1.1471686655673659,0.50516711506903,-1.3812569379806519,1.6320849657058716,1.734618902206421,-0.5449619293212891,0.19586199522018433,-0.2023841142654419,0.12798316776752472,0.3010430634021759
1.1082603254067585,6.417246933986129,-0.4686813825289192,-0.4686813825289192,-0.7465042413388785,-1.3741075992584229,1.6432273387908936,1.7322317361831665,-0.523134708404541,0.19497545063495636,-0.25063756108283997,0.12930187582969666,0.6510211229324341
1.1126408010012514,4.808127761827234,0.028279807388127187,0.028279807388127187,0.19917133988606062,-1.3669095039367676,1.6506538391113281,1.7299401760101318,-0.5317729115486145,0.19387753307819366,-0.24252425134181976,0.13215366005897522,0.5451870560646057
1.1170212765957446,10.596490196004087,-0.31895090477797017,-0.31895090477797017,-0.9573473242688277,-1.359678864479065,1.6588329076766968,1.72761070728302,-0.5289113521575928,0.1928151547908783,-0.24751482903957367,0.1345418393611908,0.7473645210266113
1.1214017521902375,6.967503578412628,-2.1723532597537423,-2.1723532597537423,-1.2022604434262951,-1.3524123430252075,1.6718250513076782,1.7252938747406006,-0.5078445076942444,0.19173091650009155,-0.22887162864208221,0.1378156542778015,0.6748940944671631
1.125782227784731,4.234263348760255,-1.9110484586293188,-1.9110484586293188,-1.2138468803655127,-1.3450889587402344,1.678231954574585,1.7230693101882935,-0.5238639116287231,0.1907283514738083,-0.2572014033794403,0.1407720148563385,0.41475677490234375
1.130162703379224,2.930227692409022,-1.116468531514732,-1.116468531514732,-0.9832120770240989,-1.3377375602722168,1.6802196502685547,1.720774531364441,-0.5632287859916687,0.18960168957710266,-0.27756190299987793,0.14258885383605957,0.0773915946483612
1.134543178973717,3.0891914730009824,1.905148576591571,1.905148576591571,0.8435342794578229,-1.3303773403167725,1.6809642314910889,1.718307375907898,-0.6074791550636292,0.18838582932949066,-0.281453400850296,0.1429278701543808,-0.20919695496559143
1.1389236545682102,8.365515420649693,-0.6243608208616356,-0.6243608208616356,-1.2243021523781512,-1.3230139017105103,1.688887357711792,1.7156463861465454,-0.6020531058311462,0.1871529221534729,-0.25045090913772583,0.14201149344444275,0.18628758192062378
1.1433041301627034,5.166417912631869,-2.52999398564077,-2.52999398564077,0.10402026682734694,-1.3156157732009888,1.6969060897827148,1.7130091190338135,-0.6067743301391602,0.18605582416057587,-0.2329307198524475,0.14282752573490143,-0.04461744427680969
1.1476846057571963,8.47820121817554,-2.059741129995915,-2.059741129995915,-0.5051942041462111,-1.3081824779510498,1.7050795555114746,1.7103511095046997,-0.6033567786216736,0.18503548204898834,-0.3098523020744324,0.14263208210468292,0.1319463849067688
1.1520650813516895,7.01673541882783,0.555966871420725,0.555966871420725,-0.9081733698810509,-1.3007134199142456,1.7158681154251099,1.7077081203460693,-0.5880739092826843,0.18367817997932434,-0.3552500009536743,0.14321006834506989,0.17090584337711334
1.156445556946183,5.595658554028694,-0.101474046668653,-0.101474046668653,0.9383024255055017,-1.2931971549987793,1.72287118434906,1.7051321268081665,-0.5957862734794617,0.18212202191352844,-0.3124924600124359,0.14395871758460999,0.021323934197425842
1.1608260325406758,6.279500123365693,0.4605100180911764,0.4605100180911764,0.16144134883042877,-1.2856501340866089,1.7347608804702759,1.7025222778320312,-0.5666469931602478,0.18075315654277802,-0.3428572416305542,0.14405213296413422,0.518945574760437
1.165206508135169,9.128928445509121,0.17452175528395097,0.17452175528395097,-1.1798229805558202,-1.2780510187149048,1.7447141408920288,1.7000401020050049,-0.552280068397522,0.1792512834072113,-0.33412349224090576,0.14632536470890045,0.746583878993988
1.169586983729662,5.492173397748214,-0.5847188609507188,-0.5847188609507188,0.16547525535342572,-1.2704083919525146,1.7536871433258057,1.6976208686828613,-0.5492968559265137,0.1777876615524292,-0.2945723235607147,0.14959575235843658,0.5526841878890991
1.1739674593241551,4.564752961852809,-1.346510301728189,-1.346510301728189,-0.7818516988217583,-1.2627264261245728,1.7624833583831787,1.6952146291732788,-0.5414706468582153,0.17649729549884796,-0.3164803683757782,0.1520167738199234,0.7608291506767273
1.1783479349186483,6.281401356086671,-0.030207973495017026,-0.030207973495017026,0.035133679603357226,-1.255005955696106,1.7661654949188232,1.692842721939087,-0.5665261745452881,0.17511096596717834,-0.33297020196914673,0.15534956753253937,0.5926963090896606
1.1827284105131413,6.701027118077711,-1.0537272787317153,-1.0537272787317153,-0.15418117805892206,-1.2472692728042603,1.7755765914916992,1.6903610229492188,-0.5554637312889099,0.17365239560604095,-0.3348783850669861,0.15794585645198822,0.7735986113548279
1.1871088861076344,10.037457061844712,-0.4067549426307598,-0.4067549426307598,-0.165115044966547,-1.23949134349823,1.7848519086837769,1.6879278421401978,-0.5458556413650513,0.17218546569347382,-0.3611479699611664,0.1613345891237259,0.8954817652702332
1.1914893617021276,4.003135252644601,-0.2441744261962745,-0.2441744261962745,-0.1596399912595546,-1.2316728830337524,1.7989461421966553,1.6855367422103882,-0.5083160400390625,0.17060346901416779,-0.36820462346076965,0.16525723040103912,1.1024951934814453
1.1958698372966208,6.750499235256949,-0.9713795531949072,-0.9713795531949072,-1.3328265343870234,-1.2237926721572876,1.8044151067733765,1.6833100318908691,-0.5216946601867676,0.16899055242538452,-0.3706732988357544,0.17008668184280396,1.1502602100372314
1.200250312891114,6.915698384681652,-1.239545797225459,-1.239545797225459,-0.45542073656806187,-1.215888500213623,1.808554768562317,1.6810247898101807,-0.5427393317222595,0.16736683249473572,-0.36011791229248047,0.1751253753900528,0.83614581823349
1.204630788485607,4.601426425923833,-1.6427830005001898,-1.6427830005001898,-0.12777303237898968,-1.2079662084579468,1.8166406154632568,1.6786472797393799,-0.5392288565635681,0.16578935086727142,-0.3830168545246124,0.17878809571266174,0.8520072102546692
1.2090112640801,7.3429192061379,0.3179809880049752,0.3179809880049752,-1.0730203631925945,-1.200008511543274,1.8228895664215088,1.6762851476669312,-0.546671986579895,0.16411155462265015,-0.4272599518299103,0.1825203001499176,0.9275797605514526
1.2133917396745932,8.915461377039271,-1.0616910812993554,-1.0616910812993554,-0.49854298954880816,-1.1920233964920044,1.8285030126571655,1.673890471458435,-0.5557700991630554,0.1622399538755417,-0.3866383135318756,0.1865835338830948,0.7256696224212646
1.2177722152690862,8.565034948574777,0.20569166858345145,0.20569166858345145,-0.009934704275593897,-1.1840137243270874,1.8389650583267212,1.671455979347229,-0.5364310145378113,0.16054628789424896,-0.40308400988578796,0.18976230919361115,0.7789179086685181
1.2221526908635794,5.377574070241194,0.3629757881939668,0.3629757881939668,-0.1351329499998214,-1.1759581565856934,1.8513274192810059,1.669106125831604,-0.507224977016449,0.15878058969974518,-0.39678704738616943,0.193174347281456,1.0040727853775024
1.2265331664580723,3.542291568902352,-0.2781649742006725,-0.2781649742006725,-1.4546858398485605,-1.1678484678268433,1.8585933446884155,1.666884183883667,-0.5082979202270508,0.1570424735546112,-0.3822406828403473,0.19757266342639923,1.0975857973098755
1.2309136420525657,5.888388752104275,0.2667117317572194,0.2667117317572194,-1.0419738272257169,-1.159706950187683,1.856359601020813,1.6646575927734375,-0.5594972968101501,0.15536807477474213,-0.34788253903388977,0.20238061249256134,0.652423620223999
1.2352941176470589,5.119160427180471,-0.7069698767695531,-0.7069698767695531,0.10566919609421516,-1.1515752077102661,1.8592355251312256,1.662206768989563,-0.5799570083618164,0.1538441777229309,-0.309664785861969,0.20523853600025177,0.42301395535469055
1.2396745932415518,4.567447166756796,-1.9788105250759773,-1.9788105250759773,-0.29682770995231483,-1.1434308290481567,1.867094874382019,1.6596662998199463,-0.5768613815307617,0.15248769521713257,-0.33339643478393555,0.2070915400981903,0.5988748073577881
1.244055068836045,4.752968018647763,0.037753972473364095,0.037753972473364095,-0.8341658231944913,-1.1352521181106567,1.8719985485076904,1.6571394205093384,-0.5889739394187927,0.15102726221084595,-0.38251566886901855,0.2097148895263672,0.6106389760971069
1.2484355444305382,5.703925926715989,-2.910981927357504,-2.910981927357504,-0.12983920291954748,-1.127051830291748,1.8741344213485718,1.6545594930648804,-0.613561749458313,0.14935165643692017,-0.35705283284187317,0.2123897820711136,0.4279434382915497
1.2528160200250311,5.636079573593944,-1.6017423118833651,-1.6017423118833651,-1.032163842011977,-1.1188422441482544,1.8814201354980469,1.6518718004226685,-0.6116743683815002,0.14778760075569153,-0.43827101588249207,0.214264377951622,0.5319260954856873
1.2571964956195243,4.939831970096554,-0.7984531215303922,-0.7984531215303922,0.07731523766953036,-1.1106007099151611,1.883468508720398,1.6491923332214355,-0.6339316368103027,0.14586776494979858,-0.4549045264720917,0.21659447252750397,0.29925352334976196
1.2615769712140177,6.313087256175736,-1.1896648928904812,-1.1896648928904812,-0.48724697606860856,-1.1023502349853516,1.8907592296600342,1.64641535282135,-0.6330891847610474,0.14387506246566772,-0.48047974705696106,0.21790534257888794,0.4596506953239441
1.2659574468085106,4.097833956131799,0.9452624859754426,0.9452624859754426,-0.026374279518890653,-1.0940678119659424,1.8966554403305054,1.6436420679092407,-0.635362446308136,0.14177033305168152,-0.5009925961494446,0.21991883218288422,0.4471387267112732
1.2703379224030038,8.618020778159636,0.10387959885002596,0.10387959885002596,-0.3985906125071308,-1.0857595205307007,1.902133822441101,1.6408588886260986,-0.6443532109260559,0.1395757496356964,-0.4726177155971527,0.22187751531600952,0.5465510487556458
1.2747183979974968,8.436874125977425,-1.3700638804892167,-1.3700638804892167,-0.28938028246170766,-1.0774272680282593,1.9115023612976074,1.6380363702774048,-0.6247925162315369,0.1375054568052292,-0.45794400572776794,0.22427166998386383,0.6282275319099426
1.27909887359199,8.494286014191461,1.066242015937918,1.066242015937918,0.14438222604429712,-1.0690540075302124,1.9212017059326172,1.6352994441986084,-0.6039189100265503,0.13549944758415222,-0.4895033836364746,0.22702360153198242,0.7455164790153503
1.283479349186483,5.594908191806905,0.4019838722648944,0.4019838722648944,-1.0174758664436148,-1.060638189315796,1.9335460662841797,1.6326539516448975,-0.5712709426879883,0.13335518538951874,-0.46258214116096497,0.23028932511806488,1.0251877307891846
1.287859824780976,3.4096545977786867,-0.5696687881839592,-0.5696687881839592,0.05137366022327455,-1.052168369293213,1.9350608587265015,1.6301515102386475,-0.5934423208236694,0.13132885098457336,-0.42112940549850464,0.23478013277053833,0.7964954376220703
1.2922403003754692,5.781248656298878,-1.7727442992448275,-1.7727442992448275,-0.25346434937444107,-1.043691873550415,1.9400665760040283,1.6275519132614136,-0.6062713265419006,0.12948410212993622,-0.43926581740379333,0.2382691651582718,0.9062089323997498
1.2966207759699624,8.775872816157275,-1.134056713612928,-1.134056713612928,-0.12661073632291098,-1.0351934432983398,1.946300745010376,1.6248961687088013,-0.6069701313972473,0.12755991518497467,-0.4836336076259613,0.24223878979682922,0.9657760858535767
1.3010012515644556,8.175737146245766,0.09343305925836132,0.09343305925836132,-0.13355872158478277,-1.0266677141189575,1.9572337865829468,1.6222373247146606,-0.5790532231330872,0.12544137239456177,-0.5130542516708374,0.24646934866905212,1.1518303155899048
1.3053817271589487,5.927949740523945,-1.9230769565210593,-1.9230769565210593,-1.455303130799886,-1.0180940628051758,1.9673911333084106,1.6197007894515991,-0.5564346313476562,0.12319394946098328,-0.5064253807067871,0.25151491165161133,1.3192073106765747
1.3097622027534417,5.509676168841987,-1.4386530800660942,-1.4386530800660942,-0.0776078348416443,-1.0094759464263916,1.9659087657928467,1.6172633171081543,-0.5870903134346008,0.1209755688905716,-0.520085871219635,0.2572936713695526,0.9363584518432617
1.3141426783479349,4.052195280770054,1.7874560303727136,1.7874560303727136,0.9492564203136338,-1.0008643865585327,1.9727494716644287,1.6146916151046753,-0.585563600063324,0.11869734525680542,-0.5598326921463013,0.2613953649997711,1.0534662008285522
1.318523153942428,5.790954888452097,0.27248751262561166,0.27248751262561166,-1.9488557258212211,-0.992222785949707,1.9848353862762451,1.6121265888214111,-0.5698678493499756,0.11624500900506973,-0.5353546142578125,0.266010046005249,1.512904405593872
1.322903629536921,7.501306268512471,0.6245999232401547,0.6245999232401547,-1.116651099566749,-0.9835282564163208,1.979207992553711,1.6096303462982178,-0.6143603324890137,0.11389990150928497,-0.47048434615135193,0.272637277841568,0.9428288340568542
1.327284105131414,5.366002975091732,0.9095081966293319,0.9095081966293319,0.08170044365221413,-0.9748584032058716,1.9809571504592896,1.6069391965866089,-0.6228034496307373,0.11183895915746689,-0.41963428258895874,0.2767673134803772,0.7264753580093384
1.331664580725907,5.857677634570289,-0.07075859230103154,-0.07075859230103154,-0.5258197841630078,-0.9661808609962463,1.9884859323501587,1.6042109727859497,-0.6184169054031372,0.11000075936317444,-0.39545968174934387,0.2799496352672577,0.8982747793197632
1.3360450563204005,6.668916258882027,-0.34862062762185164,-0.34862062762185164,-0.3432969910538394,-0.9574703574180603,1.9921996593475342,1.6015020608901978,-0.6255233883857727,0.10826845467090607,-0.3821704387664795,0.2838844954967499,0.8574838042259216
1.3404255319148937,7.341883579005508,-2.0081320575186448,-2.0081320575186448,0.5133146000119012,-0.9487435817718506,1.9981908798217773,1.5987619161605835,-0.6210955381393433,0.10659436881542206,-0.3823259174823761,0.28764069080352783,0.9056167006492615
1.3448060075093866,1.4274409445000975,1.7860905871831814,1.7860905871831814,-0.31316017823148395,-0.9399905800819397,2.011476516723633,1.596041202545166,-0.5890506505966187,0.10491959750652313,-0.45596015453338623,0.29160773754119873,1.2891217470169067
1.3491864831038798,5.405314938438177,0.09314603663276072,0.09314603663276072,-0.017766603734967634,-0.9311793446540833,2.0113439559936523,1.5934609174728394,-0.6281537413597107,0.10292227566242218,-0.39465537667274475,0.2972547113895416,1.210413932800293
1.353566958698373,6.3358866430307925,-1.409493748043386,-1.409493748043386,-0.9154985787212976,-0.9223687052726746,2.0183351039886475,1.5907093286514282,-0.6261574029922485,0.10119349509477615,-0.39141637086868286,0.3025569021701813,1.345583200454712
1.357947434292866,6.552266436666188,-0.41025019557756875,-0.41025019557756875,-0.34368684850091613,-0.9135274291038513,2.01941180229187,1.5879664421081543,-0.6392852663993835,0.09947890788316727,-0.4058426022529602,0.30845120549201965,1.1718162298202515
1.362327909887359,7.680522752399369,-0.5216212216791796,-0.5216212216791796,-0.4454039338437564,-0.9046814441680908,2.0251147747039795,1.585166096687317,-0.6359784007072449,0.09770112484693527,-0.40778645873069763,0.3135843276977539,1.2156180143356323
1.3667083854818525,8.135191269044999,-0.2741699831348213,-0.2741699831348213,-0.8196565911623106,-0.8958104848861694,2.03132963180542,1.5823801755905151,-0.625791072845459,0.095914825797081,-0.41001224517822266,0.31890931725502014,1.2508797645568848
1.3710888610763454,5.59960277483357,-2.1341624443479086,-2.1341624443479086,0.4562298162743138,-0.8869122862815857,2.0349056720733643,1.579638957977295,-0.6213073134422302,0.09411877393722534,-0.39408230781555176,0.3243887722492218,1.1588075160980225
1.3754693366708386,6.823042564664767,0.364843049864316,0.364843049864316,-1.5513618980101032,-0.877998411655426,2.0460433959960938,1.576917290687561,-0.6057931184768677,0.09239250421524048,-0.4697299599647522,0.3294649124145508,1.4738174676895142
1.3798498122653315,6.637796151307736,-0.14847452301769948,-0.14847452301769948,0.00174908474833535,-0.8690357804298401,2.041598320007324,1.574263572692871,-0.6309117078781128,0.09033486247062683,-0.4137707054615021,0.33592092990875244,1.0754525661468506
1.3842302878598247,4.336797095083367,-0.8422746450609282,-0.8422746450609282,-1.6934179351433982,-0.8600925803184509,2.0500314235687256,1.5714998245239258,-0.6182463765144348,0.08852235227823257,-0.418157696723938,0.3406319320201874,1.2482026815414429
1.388610763454318,8.342873780641048,-1.317048508235489,-1.317048508235489,-0.46684122680420437,-0.8511124849319458,2.0406267642974854,1.5687916278839111,-0.6676665544509888,0.08669061958789825,-0.3933016061782837,0.3460996448993683,0.7321078181266785
1.3929912390488108,4.63723940361708,0.4154614890962422,0.4154614890962422,-0.004009745975145362,-0.8421735763549805,2.046628713607788,1.5658669471740723,-0.6524967551231384,0.08496776968240738,-0.41813036799430847,0.3493066132068634,0.7744235992431641
1.397371714643304,5.23848397630875,1.3681032481270812,1.3681032481270812,-1.0228655161845523,-0.8332083821296692,2.052339553833008,1.5630086660385132,-0.6567764282226562,0.08313615620136261,-0.40588048100471497,0.35269895195961,0.8925813436508179
1.4017521902377972,8.276303142755992,1.1563521612634529,1.1563521612634529,-0.5848459546878544,-0.8242181539535522,2.0493855476379395,1.5601316690444946,-0.681615948677063,0.08135820925235748,-0.3360566198825836,0.35660889744758606,0.6480076313018799
1.4061326658322904,7.7949843611416085,-1.0890849547790094,-1.0890849547790094,0.286017299368416,-0.8152408599853516,2.0538837909698486,1.5571458339691162,-0.6699972748756409,0.07988612353801727,-0.2852081060409546,0.3594474792480469,0.6438916325569153
1.4105131414267835,4.878596981837098,1.6113800521144872,1.6113800521144872,-0.14789913619512202,-0.806243896484375,2.065911293029785,1.554210901260376,-0.6406270265579224,0.0786367729306221,-0.32536545395851135,0.36226803064346313,0.9502864480018616
1.4148936170212765,5.607513346472812,-1.7793433052603955,-1.7793433052603955,-0.08969945544597835,-0.797194242477417,2.070524215698242,1.551404595375061,-0.6465863585472107,0.07721151411533356,-0.2739889323711395,0.36643072962760925,1.0205999612808228
1.4192740926157696,7.446243531202622,0.4238437402453948,0.4238437402453948,-0.9741266558245099,-0.7881243824958801,2.07655930519104,1.5485721826553345,-0.6450338363647461,0.07601131498813629,-0.32333189249038696,0.3709014356136322,1.1309771537780762
1.4236545682102628,7.482702669666462,-0.17736959603764313,-0.17736959603764313,-0.6326287643574757,-0.779028058052063,2.076234817504883,1.5457466840744019,-0.6502055525779724,0.07459496706724167,-0.2825067341327667,0.3758556544780731,0.9599655866622925
1.4280350438047558,5.819841897821306,-0.07788446983506431,-0.07788446983506431,0.286383989826021,-0.7699331641197205,2.079061269760132,1.542898416519165,-0.6465398669242859,0.07335745543241501,-0.26921170949935913,0.38006076216697693,0.9162266850471497
1.432415519399249,8.033161107113518,-1.608748226208316,-1.608748226208316,0.42604757442102914,-0.7608258724212646,2.0889499187469482,1.5400662422180176,-0.633941113948822,0.0721781775355339,-0.27984949946403503,0.38407427072525024,1.1707926988601685
1.436795994993742,7.969048427902471,-1.5434775167958619,-1.5434775167958619,-0.1258848839066613,-0.7516752481460571,2.1029908657073975,1.5372892618179321,-0.5995286703109741,0.07095230370759964,-0.33927199244499207,0.38920289278030396,1.5332422256469727
1.4411764705882353,5.623559613406769,-0.6249486077467763,-0.6249486077467763,-0.09743147480339981,-0.7424631714820862,2.111691474914551,1.5346630811691284,-0.5794934034347534,0.06946612894535065,-0.3806701898574829,0.39591923356056213,1.6888442039489746
1.4455569461827285,6.924755145085022,-2.0294964892001914,-2.0294964892001914,-0.8225996520725054,-0.733212947845459,2.1180715560913086,1.532124638557434,-0.5784057378768921,0.06779861450195312,-0.39607536792755127,0.4033171832561493,1.7950677871704102
1.4499374217772214,7.939767826590251,0.3648007452912827,0.3648007452912827,0.29029289485639515,-0.7239347696304321,2.118441581726074,1.5295909643173218,-0.5844268202781677,0.06606361269950867,-0.43132057785987854,0.41118043661117554,1.6646124124526978
1.4543178973717146,4.488630019335945,-0.3215505642060964,-0.3215505642060964,-0.41642962305804376,-0.7146549820899963,2.1315839290618896,1.5270309448242188,-0.5547069311141968,0.06417421996593475,-0.4291447103023529,0.4184722304344177,1.9720391035079956
1.4586983729662075,8.483199389074704,0.16940346065339495,0.16940346065339495,0.4162454162803627,-0.7053176164627075,2.133392333984375,1.5246011018753052,-0.5711215138435364,0.062294360250234604,-0.4263739287853241,0.4271107017993927,1.9300477504730225
1.4630788485607007,4.503372832855786,0.4833593923371067,0.4833593923371067,-0.10115947577758738,-0.6959723234176636,2.1489078998565674,1.5220993757247925,-0.5342004895210266,0.06042664125561714,-0.43358248472213745,0.4355652332305908,2.2963263988494873
1.467459324155194,6.340284373586273,1.333553533291015,1.333553533291015,-0.5996811758650968,-0.6865590810775757,2.1544902324676514,1.5197592973709106,-0.5430862307548523,0.05852734297513962,-0.416512668132782,0.4456242322921753,2.3707923889160156
1.471839799749687,9.977697899108959,-1.5817226791657903,-1.5817226791657903,-1.7806525905834,-0.6771214008331299,2.1565234661102295,1.5173803567886353,-0.5489494204521179,0.05670281872153282,-0.3600561022758484,0.4560094177722931,2.305210828781128
1.4762202753441802,8.3993940810904,-0.14334498824331388,-0.14334498824331388,-0.8721846228933228,-0.6676747798919678,2.1486284732818604,1.514975666999817,-0.5531834363937378,0.05512560158967972,-0.35424670577049255,0.4661073386669159,1.8902089595794678
1.4806007509386734,7.632079959950531,1.7295175762812245,1.7295175762812245,-0.8498785468877628,-0.6582627892494202,2.148902416229248,1.5125524997711182,-0.548412024974823,0.05357383191585541,-0.3329622745513916,0.47438734769821167,1.7723968029022217
1.4849812265331663,8.778021514466772,-1.580923819797611,-1.580923819797611,0.38506479575789876,-0.6488495469093323,2.1482553482055664,1.5101501941680908,-0.5493775010108948,0.052115298807621,-0.2576357424259186,0.4821512997150421,1.6432491540908813
1.4893617021276595,4.6685412848802725,-1.107198209591873,-1.107198209591873,-0.8885035336488083,-0.6394391655921936,2.1639506816864014,1.5077437162399292,-0.5116559267044067,0.05098673328757286,-0.31504884362220764,0.48934951424598694,1.999398112297058
1.493742177722153,7.894182135899146,0.9749956767404203,0.9749956767404203,-0.5789963169425557,-0.6299600601196289,2.1593105792999268,1.505502462387085,-0.5379599928855896,0.04960666969418526,-0.32143542170524597,0.49810782074928284,1.7827033996582031
1.4981226533166456,4.670349336319589,-2.451486618628623,-2.451486618628623,0.23105421115635638,-0.6205012798309326,2.16194748878479,1.5031459331512451,-0.5304858088493347,0.048198629170656204,-0.27605393528938293,0.5059168934822083,1.7580024003982544
1.5025031289111388,11.113525328415678,-1.1355945074890914,-1.1355945074890914,-0.747455629631255,-0.6110309362411499,2.171200752258301,1.5008221864700317,-0.5304164886474609,0.046989381313323975,-0.3543926477432251,0.513617753982544,1.9557218551635742
1.506883604505632,5.015314498768836,-1.1450943526175104,-1.1450943526175104,-1.4848307365200866,-0.6015200614929199,2.1753008365631104,1.4984986782073975,-0.5008338689804077,0.04543697461485863,-0.3657275438308716,0.5221847295761108,1.94367516040802
1.5112640801001251,10.000006100430152,0.36366285418384453,0.36366285418384453,0.9981391001348894,-0.5919911861419678,2.162334442138672,1.4963047504425049,-0.5380099415779114,0.04383491352200508,-0.3558061718940735,0.5306989550590515,1.5118300914764404
1.5156445556946183,6.929294815695581,0.4427757872931364,0.4427757872931364,-0.3063096208812789,-0.5825191140174866,2.187990665435791,1.493947982788086,-0.4771518409252167,0.04227631166577339,-0.3743349015712738,0.5373215079307556,2.1184306144714355
1.5200250312891113,7.381201196558308,0.28168634359798317,0.28168634359798317,0.26029108829175573,-0.5729346871376038,2.1929755210876465,1.491857886314392,-0.47170788049697876,0.04063654690980911,-0.35245922207832336,0.5466012358665466,2.1677536964416504
1.5244055068836044,5.614276702480014,0.768486921877036,0.768486921877036,0.6148607952831957,-0.5633283853530884,2.2063167095184326,1.4897916316986084,-0.44978898763656616,0.03909260779619217,-0.35183441638946533,0.5560970306396484,2.4369118213653564
1.5287859824780976,6.167802308174554,-0.14467797556553044,-0.14467797556553044,-0.7023661493661459,-0.5536636710166931,2.2230052947998047,1.487821340560913,-0.4344635605812073,0.037551406770944595,-0.34734803438186646,0.5667718648910522,2.7955121994018555
1.5331664580725906,7.691147877025814,0.2509355263419639,0.2509355263419639,0.16917910268234815,-0.5439258217811584,2.2220513820648193,1.4859181642532349,-0.4449182152748108,0.03602985665202141,-0.33106178045272827,0.5790175199508667,2.6772050857543945
1.5375469336670835,6.090675815786524,-1.708397622211723,-1.708397622211723,-1.684121203295721,-0.5341922044754028,2.235201358795166,1.4839692115783691,-0.42356204986572266,0.034579649567604065,-0.32867422699928284,0.5907449722290039,2.9159913063049316
1.541927409261577,4.8268388132624125,0.8015925957962879,0.8015925957962879,-0.9947384735984036,-0.5244009494781494,2.219306468963623,1.4821138381958008,-0.45662060379981995,0.033139899373054504,-0.32938316464424133,0.6035184264183044,2.429354429244995
1.54630788485607,5.485468257018013,-2.2358271093215323,-2.2358271093215323,0.33271199493000875,-0.5146793127059937,2.2112538814544678,1.4801136255264282,-0.4839850664138794,0.031697046011686325,-0.27692461013793945,0.6141601800918579,2.168846845626831
1.5506883604505632,9.08760229392305,0.8693255867556148,0.8693255867556148,-0.9489141675542886,-0.5049929618835449,2.223832368850708,1.4779934883117676,-0.47683629393577576,0.03048398531973362,-0.3519341051578522,0.6236607432365417,2.414748191833496
1.5550688360450562,8.141309580841373,-0.37059858929911893,-0.37059858929911893,0.53030018238342,-0.49525150656700134,2.2208304405212402,1.4759047031402588,-0.4692244827747345,0.028942346572875977,-0.29883575439453125,0.6342384815216064,2.2640600204467773
1.5594493116395494,6.353571219844575,0.5062496424169712,0.5062496424169712,-1.1516476438504712,-0.4855232238769531,2.2397398948669434,1.4738492965698242,-0.4371773600578308,0.0276333037763834,-0.32514485716819763,0.6441561579704285,2.6397807598114014
1.5638297872340423,6.780762033456671,0.5293584068584611,0.5293584068584611,-1.3642749240313,-0.4757120907306671,2.230175018310547,1.471934199333191,-0.4558221101760864,0.026209015399217606,-0.2767289876937866,0.6557196378707886,2.351017713546753
1.5682102628285357,5.564277944499979,-2.8594655229374464,-2.8594655229374464,-0.6347280836678322,-0.4659428596496582,2.2169406414031982,1.4699374437332153,-0.47527092695236206,0.024996811524033546,-0.22142888605594635,0.6660181879997253,1.99130117893219
1.5725907384230289,8.548134438390136,-1.2743104869295105,-1.2743104869295105,-0.7822131764070814,-0.45623159408569336,2.2136733531951904,1.4678555727005005,-0.4885734021663666,0.02402684837579727,-0.2863982617855072,0.6747410297393799,1.8749874830245972
1.5769712140175218,4.505366767771264,1.054597656593089,1.054597656593089,0.32132759140793304,-0.446534663438797,2.211026430130005,1.4657154083251953,-0.4814484715461731,0.0227722879499197,-0.30076906085014343,0.6829543709754944,1.7665396928787231
1.581351689612015,4.969742490415302,-0.39538319623921775,-0.39538319623921775,-0.11882210888553008,-0.43684932589530945,2.2222180366516113,1.4636064767837524,-0.48307886719703674,0.02145477570593357,-0.2793552577495575,0.690692663192749,1.9808920621871948
1.5857321652065082,3.584328699746268,-0.36094819883074103,-0.36094819883074103,0.9663258294626157,-0.42711496353149414,2.226640224456787,1.4614903926849365,-0.49042606353759766,0.020231066271662712,-0.2874317169189453,0.6993699073791504,2.040987253189087
1.5901126408010011,9.971048263675646,-0.25813894731729115,-0.25813894731729115,-0.7012105860289399,-0.41736122965812683,2.248213052749634,1.459342122077942,-0.48651233315467834,0.01897197775542736,-0.32619231939315796,0.7083104252815247,2.4740958213806152
1.5944931163954943,8.426107048371298,0.09495098147456474,0.09495098147456474,-0.478973757887571,-0.40751299262046814,2.2483842372894287,1.4572110176086426,-0.4673563241958618,0.01754309982061386,-0.3132532238960266,0.7191481590270996,2.4195737838745117
1.5988735919899877,6.277438646687707,-0.44381991435295753,-0.44381991435295753,0.3151772047077746,-0.39766401052474976,2.250487804412842,1.4551637172698975,-0.455768346786499,0.01617090217769146,-0.2964928150177002,0.7297470569610596,2.413877010345459
1.6032540675844804,7.109026526590867,-1.9651946713300938,-1.9651946713300938,-0.05496417813447724,-0.3878057897090912,2.264242649078369,1.453167200088501,-0.44509127736091614,0.014872122555971146,-0.31865793466567993,0.7403209805488586,2.6576805114746094
1.6076345431789736,6.885498788986599,-0.3038822265643893,-0.3038822265643893,-0.7763150023858799,-0.3778873383998871,2.2725090980529785,1.451217532157898,-0.4357694089412689,0.01347624883055687,-0.3744427263736725,0.7519629001617432,2.7794594764709473
1.6120150187734668,8.189859376236354,1.5726156627392691,1.5726156627392691,-0.27994931292873104,-0.36793267726898193,2.267430067062378,1.4493086338043213,-0.4425673484802246,0.01183601189404726,-0.36064618825912476,0.7641382813453674,2.6275038719177246
1.61639549436796,5.821395021001208,0.45579766339027733,0.45579766339027733,-0.5461594355304428,-0.358000248670578,2.27243709564209,1.447369933128357,-0.42961886525154114,0.010256210342049599,-0.3065454065799713,0.7756479978561401,2.683457851409912
1.620775969962453,5.563938127338723,-0.9511555480616058,-0.9511555480616058,-0.09380794747998006,-0.34804588556289673,2.26989483833313,1.4454879760742188,-0.44008174538612366,0.008913395926356316,-0.277285099029541,0.7874028086662292,2.5930097103118896
1.625156445556946,5.958854213020458,-1.9937219217133135,-1.9937219217133135,-0.29538984475254987,-0.33810266852378845,2.2753500938415527,1.443560242652893,-0.4439051151275635,0.007698755245655775,-0.3023223578929901,0.7987614274024963,2.6640875339508057
1.6295369211514392,6.934746206968458,-0.5678930206626729,-0.5678930206626729,-0.921011457978285,-0.32813555002212524,2.2773406505584717,1.4416157007217407,-0.4486941695213318,0.006374439224600792,-0.351919025182724,0.8104314208030701,2.6664679050445557
1.6339173967459324,9.496516098285316,0.6612554488777207,0.6612554488777207,-1.28959299090869,-0.31815969944000244,2.2680559158325195,1.4396501779556274,-0.4577086865901947,0.0048328666016459465,-0.34160685539245605,0.8221118450164795,2.453324794769287
1.6382978723404251,6.226465629438715,-0.3207233189465062,-0.3207233189465062,-0.19309528464600884,-0.30822452902793884,2.2535674571990967,1.4376451969146729,-0.4537994861602783,0.0033364659175276756,-0.28463590145111084,0.8328585624694824,2.1484925746917725
1.6426783479349183,6.61127800064839,1.8023773458018058,1.8023773458018058,-0.7227327963394277,-0.29835283756256104,2.2568564414978027,1.4356573820114136,-0.45442476868629456,0.0020896252244710922,-0.2883630394935608,0.8422699570655823,2.1892220973968506
1.6470588235294117,8.30583480439574,0.2777451411803058,0.2777451411803058,-0.22911649571693823,-0.2884667217731476,2.2498795986175537,1.4336668252944946,-0.4617185592651367,0.0008264579810202122,-0.21462181210517883,0.8518598079681396,2.0389761924743652
1.6514392991239049,9.080785926658832,-0.9908921813778826,-0.9908921813778826,0.7391425520118353,-0.2786111831665039,2.2541141510009766,1.431644320487976,-0.44747424125671387,-0.00011368765262886882,-0.19981984794139862,0.8607915043830872,2.1003122329711914
1.655819774718398,5.901137401361291,-3.066654618142441,-3.066654618142441,0.25049712913179206,-0.2687370777130127,2.278639554977417,1.4296841621398926,-0.4107426702976227,-0.0009889935608953238,-0.25034233927726746,0.8699918985366821,2.5327706336975098
1.660200250312891,8.689383908110917,-1.6822485220101684,-1.6822485220101684,-0.3869637383031267,-0.25875556468963623,2.2906172275543213,1.4278849363327026,-0.406940221786499,-0.002085612155497074,-0.3472136855125427,0.8810866475105286,2.727311611175537
1.6645807259073842,7.8736004400740915,-1.3157534967906963,-1.3157534967906963,0.16487336626717508,-0.24872156977653503,2.292203187942505,1.4261023998260498,-0.39370033144950867,-0.003606573212891817,-0.3850401043891907,0.8930335640907288,2.731144666671753
1.668961201501877,6.566101154491141,-0.376383684372006,-0.376383684372006,-1.0017940869927,-0.2386806309223175,2.304295063018799,1.4243777990341187,-0.37739235162734985,-0.005293231923133135,-0.4282791018486023,0.9049972891807556,2.9236972332000732
1.6733416770963705,8.015975856578669,-0.04846833608426687,-0.04846833608426687,-1.6587795907203402,-0.22858671844005585,2.290771484375,1.4227246046066284,-0.39052334427833557,-0.007169297896325588,-0.41001513600349426,0.917804479598999,2.659654140472412
1.6777221526908634,6.662949983322549,0.5246274781744131,0.5246274781744131,-1.330056194979596,-0.21855205297470093,2.263906955718994,1.4210139513015747,-0.4032001495361328,-0.008965359069406986,-0.3629889488220215,0.929455041885376,2.1731114387512207
1.6821026282853566,6.2233644702231565,-1.1193426885838602,-1.1193426885838602,-0.08426880472329351,-0.20863506197929382,2.2419896125793457,1.4192477464675903,-0.4197443127632141,-0.01055542379617691,-0.3088262975215912,0.9389743208885193,1.7848544120788574
1.6864831038798498,6.3534830356612275,-1.7224199859027605,-1.7224199859027605,0.18075554143160488,-0.19881407916545868,2.2459568977355957,1.417409062385559,-0.4193105697631836,-0.011908229440450668,-0.339053750038147,0.9467928409576416,1.850411057472229
1.690863579474343,7.951992690651615,0.9976900165486305,0.9976900165486305,-0.16537516032898594,-0.1889757215976715,2.2557101249694824,1.4155722856521606,-0.4139360189437866,-0.013393445871770382,-0.3946325182914734,0.9548985362052917,2.0150599479675293
1.695244055068836,7.5120128397819155,-1.2654211516095697,-1.2654211516095697,0.0030351527822714552,-0.17909464240074158,2.259215831756592,1.4137589931488037,-0.4025615453720093,-0.0151221239939332,-0.36066731810569763,0.9637254476547241,2.0741519927978516
1.699624530663329,6.8883447414118155,1.6227207523597829,1.6227207523597829,-0.9915389724462755,-0.1691982001066208,2.2659294605255127,1.411995530128479,-0.3919949233531952,-0.016702018678188324,-0.39771026372909546,0.972811222076416,2.1873159408569336
1.7040050062578225,6.436206493076982,-0.7676386986185612,-0.7676386986185612,0.47743577763605766,-0.15927235782146454,2.2501285076141357,1.4102784395217896,-0.40118470788002014,-0.018444178625941277,-0.3213655948638916,0.9823927283287048,1.920501470565796
1.7083854818523152,5.714851084373974,2.7514699209133693,2.7514699209133693,-1.075696360073993,-0.1494157314300537,2.266162395477295,1.408521056175232,-0.3914903700351715,-0.019851913675665855,-0.35772570967674255,0.990805447101593,2.1904866695404053
1.7127659574468084,6.915287040655556,-0.7436357674830232,-0.7436357674830232,0.6749628562531742,-0.13948886096477509,2.2470765113830566,1.4068061113357544,-0.4102446734905243,-0.021418921649456024,-0.2459603250026703,1.0004007816314697,1.8725037574768066
1.7171464330413015,8.711605368371066,0.9438351962198734,0.9438351962198734,0.3841707533929754,-0.12964560091495514,2.26772141456604,1.4050090312957764,-0.3946286141872406,-0.02249634452164173,-0.2873879075050354,1.0086032152175903,2.219405174255371
1.7215269086357947,9.389059724643854,-2.8342705036732725,-2.8342705036732725,-0.8302803019289576,-0.11971190571784973,2.283226728439331,1.4032803773880005,-0.3708670735359192,-0.023755241185426712,-0.27104392647743225,1.0183252096176147,2.4816129207611084
1.725907384230288,5.2566507198850125,-0.765364075102673,-0.765364075102673,-0.3883802354026352,-0.10971028357744217,2.2716331481933594,1.4016557931900024,-0.3598669469356537,-0.024942543357610703,-0.3295667767524719,1.0291959047317505,2.300126314163208
1.7302878598247808,6.299895535730974,-0.5482015808097032,-0.5482015808097032,0.8214982980665031,-0.09975945204496384,2.267009735107422,1.400079369544983,-0.372060090303421,-0.0263862032443285,-0.3405759036540985,1.039271593093872,2.225423574447632
1.734668335419274,7.78574909198033,-1.0370596792685078,-1.0370596792685078,-1.118729472559727,-0.08982887119054794,2.290684461593628,1.3984495401382446,-0.36034947633743286,-0.027878087013959885,-0.3805754780769348,1.0490200519561768,2.611734628677368
1.7390488110137672,7.53493584305819,0.6639834992740934,0.6639834992740934,-0.20467213644124002,-0.07979458570480347,2.270549774169922,1.3968710899353027,-0.36473846435546875,-0.029545187950134277,-0.37819045782089233,1.0604606866836548,2.295281410217285
1.74342928660826,7.9905423402560745,-1.4762719566578457,-1.4762719566578457,-1.578767023318969,-0.06984850019216537,2.270961284637451,1.3952733278274536,-0.3584161400794983,-0.031201841309666634,-0.3528229594230652,1.0705151557922363,2.3124825954437256
1.7478097622027533,6.951731731046319,0.8604536282781541,0.8604536282781541,0.18188896450403275,-0.05990061163902283,2.2391862869262695,1.3937033414840698,-0.3666057288646698,-0.03274737298488617,-0.3498297929763794,1.080644965171814,1.8232271671295166
1.7521902377972465,5.938032615525422,0.3383449239802837,0.3383449239802837,-0.094725909246337,-0.05009191110730171,2.2476694583892822,1.3920974731445312,-0.35917744040489197,-0.03427979350090027,-0.33001354336738586,1.088631510734558,1.972778081893921
1.7565707133917396,6.164427828932408,0.20850259237316304,0.20850259237316304,0.24854226319578135,-0.04024605080485344,2.249027729034424,1.39052414894104,-0.36260828375816345,-0.03572541102766991,-0.31736651062965393,1.0972732305526733,2.0063650608062744
1.7609511889862328,7.8952989913573415,-0.14944460880757487,-0.14944460880757487,-0.5226655620441928,-0.030394239351153374,2.2585320472717285,1.3889358043670654,-0.36037495732307434,-0.03711562603712082,-0.31853580474853516,1.1060620546340942,2.1684422492980957
1.7653316645807258,7.027074429607745,-0.9082350072603221,-0.9082350072603221,-0.9809693643410906,-0.020500794053077698,2.2503936290740967,1.387357234954834,-0.3555848300457001,-0.03851096332073212,-0.307636559009552,1.1155608892440796,2.0620229244232178
1.769712140175219,10.732367033085762,0.6742832498200575,0.6742832498200575,0.4123659892134,-0.010642999783158302,2.23055100440979,1.3857996463775635,-0.3621366322040558,-0.039858557283878326,-0.3055124878883362,1.1245934963226318,1.774057149887085
1.774092615769712,4.168494182519051,0.0770059099217699,0.0770059099217699,0.35654300114453724,-0.0008721249178051949,2.2454440593719482,1.3842133283615112,-0.326332151889801,-0.04119684547185898,-0.2978636622428894,1.1323647499084473,2.040454149246216
1.778473091364205,8.842399627727703,3.0317548892019857,3.0317548892019857,0.036094071668066774,0.008963988162577152,2.2562992572784424,1.3827838897705078,-0.33740296959877014,-0.042501628398895264,-0.30602702498435974,1.1413029432296753,2.2158567905426025
1.7828535669586982,7.182127422687056,1.410124484724454,1.410124484724454,-0.8135474724927064,0.018847651779651642,2.261162519454956,1.3813059329986572,-0.31989365816116333,-0.04384217411279678,-0.21854422986507416,1.151009440422058,2.3184502124786377
1.7872340425531914,9.814068165520885,0.840104998733292,0.840104998733292,0.13190879176378545,0.02875261940062046,2.244537115097046,1.3799046277999878,-0.32344111800193787,-0.044799502938985825,-0.15360596776008606,1.1611653566360474,2.0870633125305176
1.7916145181476846,7.3838097437042,-0.4471565480360032,-0.4471565480360032,0.29748131426564184,0.03858476132154465,2.251577138900757,1.3784878253936768,-0.2983156442642212,-0.045472368597984314,-0.1329243928194046,1.1703076362609863,2.2296040058135986
1.7959949937421775,10.590824037462419,3.2160247340155403,3.2160247340155403,0.5925988723456155,0.04844773933291435,2.2618274688720703,1.377181053161621,-0.28860071301460266,-0.04605463892221451,-0.15467017889022827,1.1800743341445923,2.4085912704467773
1.8003754693366707,7.905525224237861,-0.6316115417095227,-0.6316115417095227,-0.295353370737061,0.05835561826825142,2.2802958488464355,1.375916838645935,-0.2541778087615967,-0.04673216864466667,-0.07805782556533813,1.1906250715255737,2.724128484725952
1.804755944931164,7.760229815439759,-0.4845023363225341,-0.4845023363225341,-0.6490880416425294,0.06834439933300018,2.2760016918182373,1.3748034238815308,-0.24783389270305634,-0.0470740981400013,-0.08787763118743896,1.2025580406188965,2.683696985244751
1.809136420525657,6.454182601075468,0.5506512540123559,0.5506512540123559,-1.0449130016478807,0.07831437140703201,2.2626028060913086,1.3737177848815918,-0.24586957693099976,-0.04745904356241226,-0.08307120949029922,1.2143138647079468,2.508328676223755
1.81351689612015,6.344928492945293,-0.3226088074001665,-0.3226088074001665,-0.5264097974324193,0.08822564780712128,2.2386250495910645,1.3726407289505005,-0.2562118172645569,-0.04782293364405632,-0.03647567704319954,1.2253015041351318,2.1730761528015137
1.8178973717146432,10.11948220299322,0.5216315094005596,0.5216315094005596,0.3985091928491947,0.0980318933725357,2.2272427082061768,1.3715183734893799,-0.26194652915000916,-0.04798271507024765,-0.03052404150366783,1.2348206043243408,2.0274910926818848
1.8222778473091363,4.64020950519806,-0.9100789244436733,-0.9100789244436733,-0.09762810856852461,0.10778827965259552,2.239720344543457,1.370370864868164,-0.23351670801639557,-0.048116423189640045,-0.026928478851914406,1.2437019348144531,2.2521862983703613
1.8266583229036293,7.483461332719955,-1.3835405370104221,-1.3835405370104221,0.21850437280738616,0.11759932339191437,2.23860764503479,1.3693479299545288,-0.24719750881195068,-0.04823438450694084,-0.05065461993217468,1.2535675764083862,2.2501156330108643
1.831038798498123,5.68211492003614,-2.5930411864201814,-2.5930411864201814,-0.6456830983302378,0.12740549445152283,2.2458913326263428,1.3682650327682495,-0.23891012370586395,-0.04845627397298813,-0.09743940830230713,1.2634241580963135,2.384352922439575
1.835419274092616,6.693551116577118,-0.5340534966958755,-0.5340534966958755,-0.8003988466466295,0.13724356889724731,2.2308218479156494,1.3672184944152832,-0.2501837909221649,-0.048883106559515,-0.15430843830108643,1.2738687992095947,2.1836555004119873
1.8397997496871088,7.127069273707454,1.4506994771077983,1.4506994771077983,-0.6711413515078977,0.14701563119888306,2.2116525173187256,1.3661226034164429,-0.2554214298725128,-0.04955904930830002,-0.14653031527996063,1.283434271812439,1.930588960647583
1.844180225281602,8.036171006786923,1.772214297369363,1.772214297369363,0.32347651684495005,0.15670372545719147,2.1955318450927734,1.3650037050247192,-0.25630149245262146,-0.050200920552015305,-0.08456584066152573,1.2918912172317505,1.7264351844787598
1.848560700876095,4.886692188964888,0.43202368504683586,0.43202368504683586,0.050167017530844266,0.16632120311260223,2.2047910690307617,1.36388099193573,-0.24340051412582397,-0.05057135969400406,-0.04225810617208481,1.299453854560852,1.895161747932434
1.852941176470588,8.950677681550493,-0.557829197294544,-0.557829197294544,0.07982931995900597,0.17597924172878265,2.2067272663116455,1.3628147840499878,-0.25406283140182495,-0.05075646936893463,-0.031106680631637573,1.3077555894851685,1.9423795938491821
1.8573216520650813,6.682473978268759,1.7668951754539233,1.7668951754539233,0.039870497145860495,0.18564575910568237,2.209580421447754,1.3617018461227417,-0.23717564344406128,-0.05089273303747177,-0.049728333950042725,1.3162641525268555,2.0224084854125977
1.8617021276595744,8.362074267535707,-1.8760178152359688,-1.8760178152359688,-0.24733911007655024,0.19532477855682373,2.2111921310424805,1.3606629371643066,-0.2360442876815796,-0.05111056566238403,0.0007062628865242004,1.3251233100891113,2.0733256340026855
1.866082603254068,8.782393009267823,-1.8941566302362742,-1.8941566302362742,-0.7283636487978346,0.20501084625720978,2.205284833908081,1.3596289157867432,-0.22558751702308655,-0.05110747367143631,-0.046856317669153214,1.3342055082321167,2.0247628688812256
1.8704630788485608,6.016626206408849,0.6103015393258047,0.6103015393258047,0.5919138123392552,0.2146710455417633,2.18670654296875,1.3586407899856567,-0.2152595818042755,-0.051312725991010666,-0.08090116828680038,1.343074917793274,1.797792911529541
1.8748435544430535,8.708173121058515,0.8044887205495174,0.8044887205495174,-0.4796914766797079,0.22424985468387604,2.2022762298583984,1.35769784450531,-0.2151932567358017,-0.05166711285710335,-0.08036419004201889,1.3509501218795776,2.0456485748291016
1.879224030037547,7.982718573101053,1.6037332957815749,1.6037332957815749,0.20189072040096068,0.233896866440773,2.189796209335327,1.3567551374435425,-0.2037433534860611,-0.0520191453397274,-0.04286205768585205,1.3599110841751099,1.9066187143325806
1.88360450563204,3.6357579751179987,0.7438045856019824,0.7438045856019824,0.08000701539334573,0.24348922073841095,2.19492769241333,1.3558626174926758,-0.19312776625156403,-0.05220689997076988,-0.0019238069653511047,1.3682630062103271,2.015286684036255
1.887984981226533,7.098012691503196,-2.195893215943377,-2.195893215943377,0.5246405680441869,0.2531040608882904,2.1970443725585938,1.3550165891647339,-0.21254335343837738,-0.052215326577425,0.01746118627488613,1.3770909309387207,2.059527635574341
1.8923654568210264,7.357777408166163,-2.1530889672662576,-2.1530889672662576,-0.2395370871224805,0.26272815465927124,2.2104880809783936,1.3540855646133423,-0.20656991004943848,-0.05213883891701698,-0.061987027525901794,1.3861126899719238,2.2809529304504395
1.8967459324155196,7.3945131620751985,-1.2342577647460604,-1.2342577647460604,0.018545879223971246,0.27241113781929016,2.2037835121154785,1.3531806468963623,-0.20307208597660065,-0.052410371601581573,-0.1178688108921051,1.396104335784912,2.2180628776550293
1.9011264080100123,7.691221693507137,-1.442965087655582,-1.442965087655582,0.14742190806924543,0.2820647656917572,2.2036728858947754,1.3522911071777344,-0.19802579283714294,-0.052926693111658096,-0.15445464849472046,1.4058204889297485,2.249053478240967
1.9055068836045053,5.14822764803975,-0.13552597230350708,-0.13552597230350708,0.8849929943260192,0.29171788692474365,2.206746816635132,1.3514236211776733,-0.19052289426326752,-0.05360327661037445,-0.20089899003505707,1.4156724214553833,2.326742172241211
1.9098873591989989,8.499128928651905,-0.017518727403005863,-0.017518727403005863,-0.3363360730711331,0.30138447880744934,2.2295384407043457,1.3505890369415283,-0.19714927673339844,-0.054483309388160706,-0.23070138692855835,1.4258646965026855,2.669069290161133
1.914267834793492,6.970058437953652,1.1835335105548852,1.1835335105548852,-1.731789546836359,0.3111509084701538,2.219348669052124,1.3497254848480225,-0.18693412840366364,-0.05549389123916626,-0.22139090299606323,1.437556505203247,2.5647900104522705
1.9186483103879848,6.521983242497564,-1.4548813792044124,-1.4548813792044124,0.1993173929093141,0.3208727240562439,2.1722042560577393,1.3489066362380981,-0.1916448473930359,-0.05646368861198425,-0.136254221200943,1.44879150390625,1.936671257019043
1.923028785982478,8.43526186775598,0.513168447026743,0.513168447026743,-0.7421869576361556,0.33038800954818726,2.1760025024414062,1.3480671644210815,-0.1916942447423935,-0.057060547173023224,-0.1845620721578598,1.4572750329971313,2.0220465660095215
1.9274092615769711,9.516045546917827,0.07942229961363315,0.07942229961363315,0.048178175552610544,0.33991992473602295,2.154146194458008,1.3472274541854858,-0.1820276826620102,-0.057869017124176025,-0.147901713848114,1.4661325216293335,1.7593780755996704
1.9317897371714643,5.8651121422920145,-1.645475512669649,-1.645475512669649,-0.4311016665267724,0.34935611486434937,2.152717351913452,1.3464300632476807,-0.16250276565551758,-0.05851689726114273,-0.14698928594589233,1.4738394021987915,1.7891530990600586
1.9361702127659572,9.353637533560951,-1.5070423868489558,-1.5070423868489558,0.4891664981263719,0.35878604650497437,2.1394946575164795,1.345718264579773,-0.16857534646987915,-0.059160780161619186,-0.18245285749435425,1.481676697731018,1.6352156400680542
1.9405506883604504,8.517274414016219,0.0406690353125711,0.0406690353125711,0.28627049941412497,0.3681580424308777,2.1494486331939697,1.3449798822402954,-0.149015873670578,-0.0599600113928318,-0.24074849486351013,1.4888397455215454,1.8242123126983643
1.944931163954944,7.5965520576474415,-0.6887645486804517,-0.6887645486804517,-0.5174369694016205,0.3775736391544342,2.1541225910186768,1.3443270921707153,-0.13577915728092194,-0.061014603823423386,-0.24792084097862244,1.496830701828003,1.9354417324066162
1.9493116395494368,5.730542066766194,-2.2321450131994154,-2.2321450131994154,0.06716590552251173,0.38700971007347107,2.1375222206115723,1.3437323570251465,-0.13046041131019592,-0.0621006153523922,-0.2529241442680359,1.5053088665008545,1.7460739612579346
1.9536921151439297,6.647545536473773,1.43813574212553,1.43813574212553,-0.7554107856526385,0.39637306332588196,2.1370463371276855,1.34316086769104,-0.1361967772245407,-0.06320854276418686,-0.3200713098049164,1.5129574537277222,1.7715150117874146
1.9580725907384229,8.567480863872179,-1.0224866747184702,-1.0224866747184702,-0.2391188889372888,0.4057343304157257,2.114081621170044,1.3425642251968384,-0.13716302812099457,-0.06461060792207718,-0.25601279735565186,1.5207175016403198,1.4902621507644653
1.962453066332916,6.663205572007623,-1.8981478568107772,-1.8981478568107772,-0.2590975762781064,0.414995014667511,2.103811264038086,1.3419634103775024,-0.12425044924020767,-0.06573206931352615,-0.27888962626457214,1.5272455215454102,1.3982082605361938
1.9668335419274088,10.83797753129147,0.36690091237539596,0.36690091237539596,0.30480149841075654,0.42421069741249084,2.0937211513519287,1.3414191007614136,-0.12389025837182999,-0.06695374101400375,-0.3267550766468048,1.5333703756332397,1.2981185913085938
1.9712140175219024,10.993062524041683,-1.2322315594172697,-1.2322315594172697,-0.39505375825285594,0.43338218331336975,2.0964395999908447,1.3408764600753784,-0.09512274712324142,-0.06838508695363998,-0.32494157552719116,1.5390567779541016,1.4026638269424438
1.9755944931163956,5.2498712680129636,1.1402214512956046,1.1402214512956046,-0.1952950999312967,0.44256559014320374,2.0801291465759277,1.3404598236083984,-0.06606285274028778,-0.0698084831237793,-0.34938982129096985,1.545201063156128,1.2453117370605469
1.9799749687108883,5.284517552305948,-0.6044165412353351,-0.6044165412353351,-0.28924718722518084,0.451677531003952,2.0720388889312744,1.3401703834533691,-0.07480493187904358,-0.07133897393941879,-0.3103885054588318,1.5506560802459717,1.1666443347930908
1.9843554443053817,8.848533512960007,-1.8655872136946288,-1.8655872136946288,-0.026094379703553952,0.46075403690338135,2.0612895488739014,1.339842677116394,-0.08328207582235336,-0.07269862294197083,-0.3195924460887909,1.5557665824890137,1.052088975906372
1.9887359198998744,5.797540046993541,-1.6965855891070118,-1.6965855891070118,-0.4708630893532175,0.4697834551334381,2.0553367137908936,1.3394778966903687,-0.06787765771150589,-0.07409858703613281,-0.37331146001815796,1.5603752136230469,1.0287744998931885
1.993116395494368,9.299654525361436,0.9097308334929577,0.9097308334929577,-0.06830707006011265,0.47878679633140564,2.039187431335449,1.339180588722229,-0.07283283025026321,-0.07573387026786804,-0.40910643339157104,1.564881682395935,0.8441973924636841
1.997496871088861,9.343196243398342,0.8424318706814687,0.8424318706814687,0.8814806462039942,0.48771941661834717,2.0314295291900635,1.3388615846633911,-0.05431562662124634,-0.07752595096826553,-0.38054463267326355,1.5685796737670898,0.8015105128288269
2.001877346683354,5.856581505707237,0.8454080165579585,0.8454080165579585,1.1337686144801815,0.49661803245544434,2.0488204956054688,1.3386236429214478,-0.03542834520339966,-0.07919291406869888,-0.3816849887371063,1.5720906257629395,1.1097981929779053
2.0062578222778478,7.89995901535052,-0.28865056212769546,-0.28865056212769546,0.6158643208758446,0.5055928230285645,2.075134038925171,1.3384684324264526,-0.03996093571186066,-0.08086487650871277,-0.3901060223579407,1.5769520998001099,1.5179022550582886
2.0106382978723403,2.965752744731546,1.366258725031957,1.366258725031957,-0.23991049628696975,0.5146828889846802,2.0860207080841064,1.338293433189392,-0.031333424150943756,-0.08257372677326202,-0.41652071475982666,1.5836012363433838,1.7280693054199219
2.015018773466833,7.383768878344728,-1.9419698682209394,-1.9419698682209394,0.6387323001674887,0.5238206386566162,2.0774242877960205,1.3381562232971191,-0.055482544004917145,-0.0843982845544815,-0.36961549520492554,1.5911710262298584,1.6314998865127563
2.0193992490613266,8.485533296451571,-0.10014569840314802,-0.10014569840314802,-1.2708798746428407,0.5329207181930542,2.088846206665039,1.337913155555725,-0.050631627440452576,-0.08601737767457962,-0.4449801743030548,1.5983177423477173,1.8478639125823975
2.02377972465582,6.248473852688811,0.31902475310650336,0.31902475310650336,1.0337289854144798,0.5420708656311035,2.0481557846069336,1.337691307067871,-0.03741392493247986,-0.08796660602092743,-0.4107910394668579,1.6064122915267944,1.350601077079773
2.028160200250313,8.8106724939871,-1.3167569320436983,-1.3167569320436983,-1.095774893984758,0.5510427355766296,2.0706121921539307,1.3375273942947388,-0.040455859154462814,-0.08976606279611588,-0.4316626787185669,1.6123285293579102,1.713582992553711
2.032540675844806,5.217414893853647,-1.611426533923951,-1.611426533923951,0.6997241840895136,0.5601130127906799,2.03383207321167,1.3373501300811768,-0.024627026170492172,-0.09165695309638977,-0.43811604380607605,1.6198347806930542,1.2761579751968384
2.036921151439299,8.47346924843301,-0.16627558402495093,-0.16627558402495093,1.2187533052122133,0.5690221786499023,2.0479013919830322,1.3372422456741333,-0.03437265008687973,-0.0935761108994484,-0.5056089758872986,1.6254249811172485,1.5162373781204224
2.0413016270337923,6.960894500178483,0.2155375285400209,0.2155375285400209,0.9546085755600305,0.5779929757118225,2.0727133750915527,1.3370916843414307,-0.023553401231765747,-0.09579091519117355,-0.5460562109947205,1.6320668458938599,1.9350172281265259
2.045682102628285,2.995728117216327,0.02956598120983331,0.02956598120983331,-1.2354809895566754,0.5870724320411682,2.0915846824645996,1.3369885683059692,-0.023011190816760063,-0.09818290174007416,-0.5676394104957581,1.6405431032180786,2.2601261138916016
2.0500625782227786,6.336531818139358,-0.4880587191731564,-0.4880587191731564,0.1405124047052266,0.5962345600128174,2.055612087249756,1.3368877172470093,-0.04537573456764221,-0.10066942870616913,-0.5306960344314575,1.6504435539245605,1.7883113622665405
2.0544430538172715,8.758439985881184,-0.2335074276596365,-0.2335074276596365,-1.3074443897516188,0.6052390933036804,2.0528550148010254,1.3366889953613281,-0.04750853776931763,-0.10299412906169891,-0.5490522980690002,1.658277153968811,1.810073733329773
2.0588235294117645,3.1565355797847614,-2.3987806552182986,-2.3987806552182986,-0.4354984967805664,0.6142315864562988,2.0087757110595703,1.3364808559417725,-0.03018043003976345,-0.1053992360830307,-0.5176899433135986,1.6662061214447021,1.2806177139282227
2.063204005006258,7.028398853434765,0.060650605029840765,0.060650605029840765,-0.5550851657543137,0.623030960559845,1.9937211275100708,1.3363486528396606,-0.05154635012149811,-0.10766696184873581,-0.5750240087509155,1.6718158721923828,1.1021947860717773
2.067584480600751,7.2469132884525775,0.40766715068696663,0.40766715068696663,-0.6680775345706109,0.6317644119262695,1.971103549003601,1.3361228704452515,-0.04660223424434662,-0.11018583923578262,-0.5570425987243652,1.676643967628479,0.8573067784309387
2.071964956195244,7.964494990583536,0.2905348313783482,0.2905348313783482,0.3561176824671709,0.6403988003730774,1.9450421333312988,1.3359187841415405,-0.039650678634643555,-0.11262594908475876,-0.5256274342536926,1.6803994178771973,0.5678911805152893
2.076345431789737,7.855002442094614,-1.9712336252952705,-1.9712336252952705,0.2888842405751459,0.6489189863204956,1.945173978805542,1.335745096206665,-0.03071001172065735,-0.11492844671010971,-0.5275426506996155,1.682887077331543,0.6531091332435608
2.08072590738423,8.646530976534292,2.7311550630745516,2.7311550630745516,-1.1466428101368284,0.6574397683143616,1.9434525966644287,1.3356106281280518,-0.022351372987031937,-0.1172393336892128,-0.5935452580451965,1.6857479810714722,0.7130444049835205
2.085106382978723,9.460422403466401,-1.383535226076987,-1.383535226076987,0.3805768927236225,0.6659530401229858,1.9024484157562256,1.3355127573013306,-0.004361342638731003,-0.11983934044837952,-0.48030126094818115,1.6888715028762817,0.23439472913742065
2.0894868585732165,6.398627176629816,-1.5667151764645173,-1.5667151764645173,0.49997477671249174,0.6742866635322571,1.900755524635315,1.3354936838150024,0.014485122635960579,-0.12194328755140305,-0.5318189263343811,1.6898982524871826,0.3160135746002197
2.093867334167709,6.511931181495046,0.9014160753613605,0.9014160753613605,0.19048013221794488,0.6826128959655762,1.9059193134307861,1.3355571031570435,0.012523897923529148,-0.1242729052901268,-0.5921728014945984,1.6912825107574463,0.4607032239437103
2.098247809762203,7.4197658599902905,0.5984027143161824,0.5984027143161824,0.3908319495212414,0.6909617185592651,1.9025758504867554,1.3356119394302368,0.012255460023880005,-0.1268669068813324,-0.5714111924171448,1.6933006048202515,0.48920297622680664
2.102628285356696,4.932168624248284,0.851901682114658,0.851901682114658,1.0548662125506498,0.6992958784103394,1.9031857252120972,1.3356655836105347,0.017360642552375793,-0.12936995923519135,-0.5653494596481323,1.6954435110092163,0.5852770805358887
2.1070087609511887,8.03047443577616,2.0878962375163326,2.0878962375163326,-0.0916146652992697,0.7076327204704285,1.9245455265045166,1.335741639137268,0.003632493317127228,-0.13184645771980286,-0.5712766647338867,1.698007345199585,0.9435609579086304
2.111389236545682,5.376762893294256,0.15091798762770436,0.15091798762770436,0.47611497219624743,0.7160631418228149,1.911123514175415,1.3357574939727783,0.014191510155797005,-0.13434891402721405,-0.5076280236244202,1.7021405696868896,0.8545799851417542
2.115769712140175,6.97267876364476,0.4284049875837106,0.4284049875837106,0.591132958001771,0.7244347929954529,1.9162204265594482,1.3358196020126343,0.005151824094355106,-0.13657256960868835,-0.5171248316764832,1.7058839797973633,0.993507444858551
2.1201501877346685,7.059985617914081,0.7582182609882362,0.7582182609882362,-0.15571536161751537,0.7328287363052368,1.921945571899414,1.3358421325683594,0.006214606575667858,-0.13883782923221588,-0.5218769907951355,1.7102360725402832,1.162839651107788
2.1245306633291614,9.058075538786667,-0.15200522879039788,-0.15200522879039788,0.15354393571750463,0.7412477731704712,1.907562017440796,1.335869312286377,0.010464992374181747,-0.1411239057779312,-0.4951872229576111,1.715329885482788,1.0532221794128418
2.1289111389236544,8.673361519546315,0.7575691530316899,0.7575691530316899,0.09003647879487663,0.749603807926178,1.898227572441101,1.335915207862854,0.026965348049998283,-0.14329306781291962,-0.5041102170944214,1.7199435234069824,1.0419694185256958
2.133291614518148,11.05967067026937,0.07491915790916374,0.07491915790916374,-0.4949976007138294,0.7579189538955688,1.887549877166748,1.3360333442687988,0.04116092994809151,-0.14550131559371948,-0.48461616039276123,1.7245078086853027,1.0085424184799194
2.1376720901126407,4.688488807762919,0.42312014246980445,0.42312014246980445,-1.10516753538065,0.766187310218811,1.857547402381897,1.3362137079238892,0.073707215487957,-0.1476241648197174,-0.4679727852344513,1.7289257049560547,0.7377321720123291
2.1420525657071336,5.64265013552415,2.465652179926849,2.465652179926849,0.3863124136357542,0.7743242383003235,1.8210738897323608,1.3365365266799927,0.06651785224676132,-0.14967410266399384,-0.42334192991256714,1.7321573495864868,0.2899315357208252
2.146433041301627,6.485114088660359,-0.5293040233968528,-0.5293040233968528,-0.21348052881266777,0.7823014259338379,1.8223780393600464,1.3368278741836548,0.05953904241323471,-0.15152853727340698,-0.362618625164032,1.7334274053573608,0.3871154189109802
2.15081351689612,8.68211494552649,1.1389983544047406,1.1389983544047406,0.3215995390787437,0.7902843356132507,1.8064147233963013,1.337088704109192,0.060746997594833374,-0.15311698615550995,-0.3718416690826416,1.7351231575012207,0.25433626770973206
2.155193992490613,2.0655636884242847,0.8436822375700566,0.8436822375700566,0.420043270199472,0.7981972694396973,1.8009284734725952,1.3373547792434692,0.07432463765144348,-0.15474583208560944,-0.34797102212905884,1.7362372875213623,0.30122968554496765
2.1595744680851063,10.409837014581626,-1.3874590626206273,-1.3874590626206273,-1.3000411825048384,0.8060861825942993,1.8086438179016113,1.3376803398132324,0.04326772689819336,-0.1562701165676117,-0.335599422454834,1.7375568151474,0.4397112727165222
2.1639549436795997,8.478565503899818,0.8340878738632984,0.8340878738632984,0.3673755866287999,0.814008891582489,1.7573060989379883,1.3378698825836182,0.07551577687263489,-0.15774020552635193,-0.33815228939056396,1.7394829988479614,-0.13100314140319824
2.1683354192740927,5.2107064807326235,2.317908487439209,2.317908487439209,-0.42045966482354785,0.8217067122459412,1.7529582977294922,1.3382006883621216,0.08751146495342255,-0.15922147035598755,-0.32452282309532166,1.738909125328064,-0.06735724955797195
2.1727158948685856,8.529588151826133,-1.3365119551178992,-1.3365119551178992,1.4198882919565876,0.82938551902771,1.7331974506378174,1.338584065437317,0.08120805770158768,-0.16064304113388062,-0.24455378949642181,1.7386140823364258,-0.2681519091129303
2.1770963704630786,7.132702651049777,-1.989122670122254,-1.989122670122254,1.0233838061516485,0.8369777202606201,1.7563070058822632,1.3389397859573364,0.08881140500307083,-0.16171430051326752,-0.32504940032958984,1.7374393939971924,0.1851573884487152
2.181476846057572,7.575382532712008,1.6303659251346239,1.6303659251346239,0.7195746219138968,0.8446711897850037,1.7712676525115967,1.3393287658691406,0.08889026194810867,-0.16313816606998444,-0.4130241274833679,1.738250494003296,0.5034052133560181
2.185857321652065,5.989458466248961,-0.17324287123441967,-0.17324287123441967,0.35370283211974246,0.8524301648139954,1.7773597240447998,1.3397181034088135,0.09318402409553528,-0.16494740545749664,-0.3864261507987976,1.7404556274414062,0.7046791315078735
2.1902377972465583,7.576865954301212,-0.48966112874393763,-0.48966112874393763,-0.33716871672113624,0.8602158427238464,1.776371717453003,1.3401262760162354,0.0884324312210083,-0.16664013266563416,-0.40181463956832886,1.7435424327850342,0.7833473682403564
2.1946182728410517,8.72449697809797,2.5897263839599782,2.5897263839599782,-0.38495010733291446,0.8679971694946289,1.7543089389801025,1.3405137062072754,0.09739559143781662,-0.16840027272701263,-0.406267911195755,1.7469738721847534,0.590816855430603
2.198998748435544,9.048953682787754,0.11473410556924493,0.11473410556924493,-0.12885312451534425,0.8756818771362305,1.7288378477096558,1.3409403562545776,0.11437231302261353,-0.17017991840839386,-0.3193979263305664,1.7495619058609009,0.3692040741443634
2.2033792240300376,7.490716774644047,-1.752239152501959,-1.752239152501959,-0.4030253935637891,0.8832550048828125,1.7093760967254639,1.3414413928985596,0.132400244474411,-0.1715790331363678,-0.3122844099998474,1.7511792182922363,0.23869416117668152
2.2077596996245306,8.10537076370833,1.746796564589842,1.746796564589842,-0.33050158536796426,0.8907428979873657,1.6853690147399902,1.3420213460922241,0.1413702368736267,-0.1729469895362854,-0.3516857326030731,1.7522248029708862,0.020124807953834534
2.2121401752190235,5.012486780350484,0.5588653173813137,0.5588653173813137,0.7161799396907381,0.8981255888938904,1.6620674133300781,1.3426406383514404,0.15412336587905884,-0.17448754608631134,-0.29102203249931335,1.7523130178451538,-0.17768873274326324
2.216520650813517,6.984081302166411,-1.0599956455145352,-1.0599956455145352,-0.02461477196294866,0.9054062366485596,1.6717926263809204,1.3433157205581665,0.14115533232688904,-0.1757623553276062,-0.29561612010002136,1.7515347003936768,0.04135653376579285
2.22090112640801,6.535660143801218,-1.422604470832595,-1.422604470832595,-0.5711042774234941,0.9127295017242432,1.6583985090255737,1.3439340591430664,0.14492274820804596,-0.17705729603767395,-0.32585251331329346,1.751715898513794,-0.03292796015739441
2.225281602002503,9.452100423975825,-1.3799667043931558,-1.3799667043931558,0.17368829089976962,0.919994056224823,1.6313813924789429,1.3445688486099243,0.14831943809986115,-0.17848467826843262,-0.35071900486946106,1.7515716552734375,-0.3060484826564789
2.229662077596996,5.722950339515945,-2.241105474970029,-2.241105474970029,1.0757276366458461,0.9271402955055237,1.6184768676757812,1.345218539237976,0.16755908727645874,-0.1800209879875183,-0.39609065651893616,1.7502310276031494,-0.3304275870323181
2.234042553191489,6.185200321997968,-1.5388891550101786,-1.5388891550101786,0.7361506514515468,0.9342299699783325,1.63612699508667,1.3459525108337402,0.15759624540805817,-0.18175604939460754,-0.49295270442962646,1.7487835884094238,0.01491624116897583
2.2384230287859825,7.3399913746806185,-1.2716154880146069,-1.2716154880146069,0.1095950982824812,0.9413970112800598,1.6439237594604492,1.3466428518295288,0.15238042175769806,-0.1839154213666916,-0.5593910813331604,1.7488489151000977,0.229867622256279
2.2428035043804755,5.623240188832497,1.236229250904349,1.236229250904349,0.08700544403953346,0.9485982060432434,1.6329419612884521,1.3473103046417236,0.15779924392700195,-0.18636581301689148,-0.5997267961502075,1.749855875968933,0.2010580450296402
2.2471839799749684,8.808767932402855,0.48683367925029974,0.48683367925029974,0.12845239263344685,0.9557512402534485,1.6244844198226929,1.3480015993118286,0.1518762707710266,-0.18899290263652802,-0.5661658048629761,1.7507365942001343,0.17963039875030518
2.251564455569462,6.474372025983473,0.49734363905528367,0.49734363905528367,-0.8286590540635677,0.962867259979248,1.6108256578445435,1.3486669063568115,0.16697204113006592,-0.19147297739982605,-0.5556999444961548,1.751523494720459,0.14238379895687103
2.255944931163955,10.58281025130793,-1.434488305091696,-1.434488305091696,0.019878670650830155,0.9699234366416931,1.5763734579086304,1.3493983745574951,0.1711033433675766,-0.19390720129013062,-0.5169764757156372,1.7521471977233887,-0.2280287891626358
2.260325406758448,8.747816687124317,0.24828940722773715,0.24828940722773715,-0.030683416208274014,0.9768286943435669,1.5559712648391724,1.3501478433609009,0.19849804043769836,-0.1961718052625656,-0.5594485998153687,1.7511483430862427,-0.3243292272090912
2.264705882352941,6.6727603296751665,0.047889686416415944,0.047889686416415944,0.718004686956802,0.9836446046829224,1.5377143621444702,1.3510173559188843,0.21387046575546265,-0.1986224502325058,-0.5513017177581787,1.7497276067733765,-0.42168939113616943
2.269086357947434,7.690268654940687,-2.335397065114996,-2.335397065114996,-0.3141073015054392,0.9903805255889893,1.543163537979126,1.3519542217254639,0.21181896328926086,-0.20103740692138672,-0.5708711743354797,1.747880458831787,-0.2210221290588379
2.2734668335419275,4.311547036789851,1.284627704243772,1.284627704243772,0.9702564482137116,0.9971402883529663,1.5192919969558716,1.3528821468353271,0.22143834829330444,-0.20353808999061584,-0.629899263381958,1.7469122409820557,-0.4134596586227417
2.2778473091364204,6.477750136294977,1.216116177716635,1.216116177716635,0.022129364727712347,1.0037955045700073,1.5359848737716675,1.3538521528244019,0.2025185078382492,-0.2062973529100418,-0.6207185983657837,1.7451010942459106,-0.09615126252174377
2.2822277847309134,4.534562145638577,2.056411335784392,2.056411335784392,0.5007548000072166,1.010523796081543,1.5231702327728271,1.3547393083572388,0.20245379209518433,-0.20901639759540558,-0.5858504176139832,1.7446799278259277,-0.15226057171821594
2.2866082603254068,7.298492554528515,0.625201155226907,0.625201155226907,0.02540644604467618,1.0171960592269897,1.5268752574920654,1.355626106262207,0.18725351989269257,-0.2115827053785324,-0.5404202938079834,1.7440129518508911,-0.011737346649169922
2.2909887359199,5.474732999323979,1.9730015598595072,1.9730015598595072,-0.7426383996306035,1.0238845348358154,1.5121440887451172,1.356446385383606,0.19257758557796478,-0.2139500081539154,-0.5229043960571289,1.7439615726470947,-0.07553978264331818
2.2953692115143927,6.768467352075105,1.1944444507779297,1.1944444507779297,1.2298746597107915,1.0305083990097046,1.4809317588806152,1.3572899103164673,0.1893249899148941,-0.21624058485031128,-0.4435991048812866,1.7436306476593018,-0.40634411573410034
2.299749687108886,6.515737472884301,1.8705123632967409,1.8705123632967409,-1.2855590317651036,1.036995530128479,1.498768925666809,1.358119249343872,0.18550793826580048,-0.2181837558746338,-0.4446337819099426,1.7418506145477295,-0.0186212956905365
2.304130162703379,3.19825669530107,-0.4527349776532654,-0.4527349776532654,-1.0053880676077516,1.0435608625411987,1.4508273601531982,1.3589318990707397,0.1915435642004013,-0.22013145685195923,-0.35246649384498596,1.7417690753936768,-0.5617257356643677
2.3085106382978724,9.050731546672326,-0.5894877934074705,-0.5894877934074705,0.6515368761761079,1.04991614818573,1.4173662662506104,1.3597708940505981,0.17422251403331757,-0.22167542576789856,-0.33632728457450867,1.739308476448059,-0.967368483543396
2.3128911138923653,7.9345886169523325,2.085774587103583,2.085774587103583,0.23203727508278238,1.0561249256134033,1.4147030115127563,1.3605340719223022,0.18792854249477386,-0.22314870357513428,-0.37256914377212524,1.7350709438323975,-0.8176302909851074
2.3172715894868583,10.154388003547044,1.2023219773755391,1.2023219773755391,0.4075667403526635,1.0623220205307007,1.4034031629562378,1.36135733127594,0.1961905062198639,-0.22478073835372925,-0.31843411922454834,1.7314893007278442,-0.8116592168807983
2.321652065081352,4.882483475133764,1.2393997170431552,1.2393997170431552,0.0037175697053976886,1.0684696435928345,1.3917990922927856,1.3622167110443115,0.2183457911014557,-0.22617563605308533,-0.29522475600242615,1.7279338836669922,-0.7624835968017578
2.3260325406758446,6.301085805187753,-0.18893193083100723,-0.18893193083100723,-0.02145770293810892,1.07456636428833,1.3811067342758179,1.3631731271743774,0.20740291476249695,-0.22746886312961578,-0.25913891196250916,1.7245938777923584,-0.8099128603935242
2.330413016270338,4.532591721388877,-0.21445401028878186,-0.21445401028878186,0.05107609144972544,1.0806162357330322,1.3665871620178223,1.364081621170044,0.20587274432182312,-0.2286040186882019,-0.26402968168258667,1.7210460901260376,-0.8805450201034546
2.334793491864831,4.582841568733523,1.796702954806316,1.796702954806316,1.3625500407502371,1.0866025686264038,1.3578706979751587,1.3649834394454956,0.19232678413391113,-0.22976058721542358,-0.2717840075492859,1.717188835144043,-0.9064024090766907
2.339173967459324,5.16232138340205,3.3283735518363216,3.3283735518363216,-0.02965689704304575,1.0925506353378296,1.3837083578109741,1.365825891494751,0.1739654690027237,-0.23095113039016724,-0.2591053545475006,1.713218331336975,-0.44582048058509827
2.3435544430538173,3.552500167047517,-0.6671424194901383,-0.6671424194901383,0.16643747646946705,1.0986119508743286,1.3714590072631836,1.3665879964828491,0.16501250863075256,-0.23208613693714142,-0.16104021668434143,1.7112654447555542,-0.5071563720703125
2.3479349186483103,3.4442484587339797,-0.8404483167171635,-0.8404483167171635,0.7483122482627422,1.1046196222305298,1.3679475784301758,1.367310881614685,0.14470124244689941,-0.23279157280921936,-0.1853833943605423,1.7090438604354858,-0.4799627959728241
2.3523153942428032,6.26827662160416,-1.726849048686044,-1.726849048686044,0.05219259074011803,1.110611915588379,1.3800773620605469,1.3679447174072266,0.12154248356819153,-0.23360364139080048,-0.2317802459001541,1.7069413661956787,-0.235678568482399
2.3566958698372966,8.549175067975801,0.06469865543838033,0.06469865543838033,-0.03350908314987122,1.1166572570800781,1.3674761056900024,1.3684771060943604,0.1195513978600502,-0.23461894690990448,-0.28373390436172485,1.705909013748169,-0.2768608629703522
2.3610763454317896,7.764662974436977,-0.27952039856063005,-0.27952039856063005,1.245596807805263,1.1226474046707153,1.3474600315093994,1.369000792503357,0.13283169269561768,-0.23586183786392212,-0.28086593747138977,1.7046961784362793,-0.3718719184398651
2.3654568210262825,7.666355331433227,0.14261131010235123,0.14261131010235123,-0.8183447364606757,1.1285499334335327,1.3630162477493286,1.3695826530456543,0.13635271787643433,-0.23709216713905334,-0.32540419697761536,1.7030671834945679,0.01530715823173523
2.369837296620776,12.470423010420642,0.85665690195875,0.85665690195875,-1.2470861991566617,1.1345206499099731,1.3240633010864258,1.3701798915863037,0.14657703042030334,-0.23851759731769562,-0.2973412275314331,1.7031341791152954,-0.36232316493988037
2.374217772215269,9.878756170132455,0.4176031404669778,0.4176031404669778,-0.4411694177132449,1.1403206586837769,1.2627750635147095,1.3708219528198242,0.18977874517440796,-0.23982009291648865,-0.235905259847641,1.7015470266342163,-0.9458626508712769
2.3785982478097623,8.520426763903037,0.03389755881056966,0.03389755881056966,1.6243904714224253,1.1458522081375122,1.2285957336425781,1.3716533184051514,0.21284522116184235,-0.2408534735441208,-0.21082638204097748,1.6974036693572998,-1.2051870822906494
2.382978723404255,8.749203010381569,0.21603414910932045,0.21603414910932045,1.3506110691118456,1.1512340307235718,1.2522326707839966,1.372585654258728,0.21976515650749207,-0.2417769879102707,-0.2572738230228424,1.692124366760254,-0.6842666268348694
2.387359198998748,10.682454956103324,-0.6276825134299299,-0.6276825134299299,0.016469611754429486,1.156719446182251,1.2681653499603271,1.3735483884811401,0.22955244779586792,-0.2429039627313614,-0.29040706157684326,1.689126968383789,-0.2661786377429962
2.391739674593241,8.319450580625668,1.746716104137347,1.746716104137347,-0.4266003203476149,1.1622745990753174,1.2442760467529297,1.374553918838501,0.2563921809196472,-0.24417608976364136,-0.3092183470726013,1.6879609823226929,-0.3609845042228699
2.3961201501877345,8.450462002981984,0.9407701578060547,0.9407701578060547,0.18734234927943086,1.1677250862121582,1.2139326333999634,1.3756769895553589,0.269115686416626,-0.2455306202173233,-0.24575060606002808,1.6863796710968018,-0.5978923439979553
2.400500625782228,6.383347701990054,-0.6589842546807393,-0.6589842546807393,0.5550004423609165,1.17304265499115,1.199508786201477,1.3768558502197266,0.2806863486766815,-0.24660712480545044,-0.223748117685318,1.683760643005371,-0.6081839799880981
2.404881101376721,5.555508310802329,1.2663376532763837,1.2663376532763837,0.5232275037529632,1.1782970428466797,1.199564814567566,1.3780853748321533,0.27762311697006226,-0.24758724868297577,-0.2592003345489502,1.6810965538024902,-0.4622862935066223
2.409261576971214,6.421974578167176,0.4203855045802121,0.4203855045802121,0.27447165292076714,1.1835516691207886,1.2006700038909912,1.3793015480041504,0.2693132758140564,-0.24872267246246338,-0.2374991625547409,1.6790715456008911,-0.3201577961444855
2.413642052565707,4.935424259130145,-1.7848466230160471,-1.7848466230160471,0.6192382946569536,1.188811182975769,1.1931397914886475,1.380481243133545,0.2674199640750885,-0.24976302683353424,-0.23323801159858704,1.6776690483093262,-0.2783012092113495
2.4180225281602,5.710448751684809,0.8902567300247352,0.8902567300247352,-0.45835302590155136,1.194037675857544,1.1981745958328247,1.3816527128219604,0.2548484206199646,-0.2507847249507904,-0.30344492197036743,1.6764500141143799,-0.09458675980567932
2.422403003754693,6.172338857901651,1.0184440528561027,1.0184440528561027,-1.0650275573441605,1.1992862224578857,1.1727415323257446,1.3827691078186035,0.2503964900970459,-0.2521139681339264,-0.26406124234199524,1.6760356426239014,-0.31792187690734863
2.4267834793491865,6.227802305852125,4.765997896754001,4.765997896754001,0.4218763909115787,1.204423427581787,1.130043625831604,1.3838659524917603,0.25061124563217163,-0.25327068567276,-0.2032172679901123,1.6746430397033691,-0.770815908908844
2.4311639549436794,11.992099367694479,-0.10507925837084975,-0.10507925837084975,0.33108416991628564,1.2093735933303833,1.126681923866272,1.3849637508392334,0.24685534834861755,-0.25416088104248047,-0.07635515928268433,1.6712665557861328,-0.6724690198898315
2.4355444305381724,5.576643071894166,1.6294007247142075,1.6294007247142075,-0.039531687954666855,1.2143089771270752,1.107421875,1.3860450983047485,0.28092730045318604,-0.2544953525066376,-0.08909251540899277,1.6683207750320435,-0.6609253287315369
2.4399249061326658,7.071479097677824,1.6360617298535103,1.6360617298535103,0.3522690461620077,1.2191599607467651,1.0933254957199097,1.3872756958007812,0.2742103934288025,-0.25488561391830444,-0.040354397147893906,1.6654256582260132,-0.7269890904426575
2.4443053817271587,4.859985544621481,1.7019578778413609,1.7019578778413609,-0.8372274672861012,1.2239491939544678,1.086172103881836,1.388476848602295,0.2761784791946411,-0.25506237149238586,-0.0028635822236537933,1.6622411012649536,-0.6610053777694702
2.448685857321652,5.3939845631261605,-1.0180581049830029,-1.0180581049830029,1.1267580030747524,1.228707194328308,1.0525463819503784,1.3896865844726562,0.26670992374420166,-0.2550749182701111,0.07128867506980896,1.6593456268310547,-1.0157802104949951
2.453066332916145,5.690660128798202,0.3370045906213225,0.3370045906213225,0.44955392548081996,1.2333178520202637,1.0699713230133057,1.3908549547195435,0.25580644607543945,-0.2547626495361328,0.008653245866298676,1.6548960208892822,-0.6462652683258057
2.457446808510638,8.443277618827654,-1.293786331180732,-1.293786331180732,1.6974673721309672,1.2380048036575317,1.068757176399231,1.3919755220413208,0.2486606389284134,-0.25472474098205566,0.005366448312997818,1.6520650386810303,-0.5300191640853882
2.4618272841051314,7.174384523773392,0.2609119660441005,0.2609119660441005,-0.3020015918468199,1.2426865100860596,1.0944665670394897,1.3930647373199463,0.2567470073699951,-0.2547012269496918,-0.0819876492023468,1.6497433185577393,0.025424301624298096
2.4662077596996244,7.0799727339238006,2.103804247228788,2.103804247228788,0.08043686532996125,1.2474807500839233,1.0698754787445068,1.3941893577575684,0.26098862290382385,-0.2550603747367859,-0.06554879248142242,1.6498546600341797,-0.14943717420101166
2.4705882352941178,7.953304886085733,-0.7844126446702738,-0.7844126446702738,0.7972130742223409,1.2521673440933228,1.0556697845458984,1.3953325748443604,0.2638007402420044,-0.25534752011299133,-0.006460048258304596,1.6492000818252563,-0.18165074288845062
2.4749687108886107,6.246697207112069,-0.14574758484498923,-0.14574758484498923,-0.2046417994900205,1.2567917108535767,1.0585378408432007,1.3964881896972656,0.270772248506546,-0.25537583231925964,-0.05264853313565254,1.6484043598175049,0.04451741278171539
2.479349186483104,8.784272500739352,2.0026777680335095,2.0026777680335095,-0.7770341680323896,1.2614285945892334,1.0386595726013184,1.397674322128296,0.26876524090766907,-0.255606472492218,-0.05092863366007805,1.64859938621521,-0.08599275350570679
2.483729662077597,8.116239880780554,4.656345191115471,4.656345191115471,0.16409227318579933,1.265978455543518,0.9976484179496765,1.3988516330718994,0.2844142019748688,-0.2558295726776123,0.0302477665245533,1.6482226848602295,-0.4511568248271942
2.48811013767209,6.506757519149089,-1.6376397855546412,-1.6376397855546412,-0.09561091640497271,1.2703486680984497,0.9832468628883362,1.4000974893569946,0.2937072217464447,-0.2556970715522766,0.1614357829093933,1.6462464332580566,-0.46123629808425903
2.492490613266583,8.421557728630637,1.0760618024753095,1.0760618024753095,0.6047054244130462,1.2746556997299194,0.9656758308410645,1.4013841152191162,0.2930763065814972,-0.254989892244339,0.11640365421772003,1.6442259550094604,-0.5532602071762085
2.4968710888610763,9.462726973981422,-1.078867485321645,-1.078867485321645,-1.0451179225496068,1.278885841369629,0.9624309539794922,1.4026678800582886,0.303457111120224,-0.2544799745082855,0.13016875088214874,1.641802430152893,-0.4014880657196045
2.5012515644555693,6.949038675658618,2.943398511629395,2.943398511629395,0.5637110987131556,1.2831017971038818,0.9128919243812561,1.4039971828460693,0.32379618287086487,-0.25390976667404175,0.12918315827846527,1.6400437355041504,-0.8701644539833069
2.5056320400500622,7.620038059125273,2.5150695150576357,2.5150695150576357,1.4730817321769605,1.2871006727218628,0.9120476245880127,1.4054155349731445,0.32461509108543396,-0.2533438801765442,0.19867756962776184,1.6362320184707642,-0.7199820876121521
2.510012515644556,5.3152011323356065,0.26030599519184017,0.26030599519184017,1.4280761895807303,1.2910958528518677,0.9340240359306335,1.4068374633789062,0.3283146917819977,-0.2524735927581787,0.22910691797733307,1.6330780982971191,-0.23722299933433533
2.5143929912390486,5.046161602110262,-0.12120433427341065,-0.12120433427341065,-0.5991094716607088,1.2951873540878296,0.9601193070411682,1.4082756042480469,0.3174087405204773,-0.25146999955177307,0.19500432908535004,1.632038950920105,0.2486880123615265
2.518773466833542,7.390244299476696,2.576125308302603,2.576125308302603,0.15209823891682775,1.2993931770324707,0.9327916502952576,1.4096660614013672,0.3081168830394745,-0.25061577558517456,0.2089606672525406,1.63312828540802,-0.015109360218048096
2.523153942428035,6.404087445316129,-0.5207481699552743,-0.5207481699552743,-0.22990455657349945,1.3034791946411133,0.9202755689620972,1.4110157489776611,0.3128257691860199,-0.2497004270553589,0.27974992990493774,1.6330621242523193,-0.01948733814060688
2.527534418022528,7.560456951773617,-0.3007590295546839,-0.3007590295546839,0.21780508330759196,1.307510495185852,0.8998294472694397,1.4123860597610474,0.3117825388908386,-0.24847498536109924,0.27125638723373413,1.632976770401001,-0.15733422338962555
2.5319148936170213,8.531770582921801,-1.4563932815325455,-1.4563932815325455,-0.26784796995215976,1.3114521503448486,0.8888201713562012,1.4137518405914307,0.3175031840801239,-0.24728675186634064,0.256112664937973,1.632287621498108,-0.138291135430336
2.536295369211514,4.197070567375803,-1.4023903392120376,-1.4023903392120376,-0.2870476232110174,1.3153456449508667,0.8627882599830627,1.4151426553726196,0.3303418457508087,-0.24616485834121704,0.22140337526798248,1.6316817998886108,-0.3069804906845093
2.540675844806008,6.8636890283621375,0.6394157418886071,0.6394157418886071,-0.6487259202062012,1.3191250562667847,0.8458811044692993,1.4165897369384766,0.3150538504123688,-0.24519500136375427,0.18883183598518372,1.630337119102478,-0.44739875197410583
2.545056320400501,6.772818905553198,-2.075924603343988,-2.075924603343988,0.5275404706820066,1.3228304386138916,0.8135178089141846,1.417969822883606,0.31761279702186584,-0.2443678230047226,0.226449653506279,1.6283773183822632,-0.7431579232215881
2.549436795994993,8.212443652930135,1.638539895059358,1.638539895059358,-0.0016835722553647792,1.3263940811157227,0.8128047585487366,1.4193611145019531,0.3176268935203552,-0.24337586760520935,0.15042021870613098,1.6251219511032104,-0.6012476682662964
2.553817271589487,7.112500643958663,-1.1529607387563896,-1.1529607387563896,0.5072248703142748,1.3299545049667358,0.7949471473693848,1.4207525253295898,0.3278559744358063,-0.2427169531583786,0.1983199417591095,1.6224881410598755,-0.6662610769271851
2.55819774718398,6.120531334596541,-0.21658805150384708,-0.21658805150384708,-0.7836637750426889,1.3334367275238037,0.7931309342384338,1.422188639640808,0.33021029829978943,-0.24184821546077728,0.14983725547790527,1.6195696592330933,-0.5332188606262207
2.562578222778473,7.410369332788864,0.2842537714789507,0.2842537714789507,0.12643930344682364,1.3369109630584717,0.75907301902771,1.4236351251602173,0.3278942406177521,-0.24119186401367188,0.16639766097068787,1.6172338724136353,-0.8708797693252563
2.566958698372966,7.443662710291439,-1.1783657238926644,-1.1783657238926644,0.14282553958750133,1.3402360677719116,0.7466109395027161,1.4250714778900146,0.33261847496032715,-0.24046295881271362,0.17100635170936584,1.6134190559387207,-0.8801538348197937
2.571339173967459,7.847471130571642,0.22012337027027995,0.22012337027027995,0.7733580123857711,1.3435065746307373,0.7346134185791016,1.4265284538269043,0.33753830194473267,-0.2397138625383377,0.13242337107658386,1.6095635890960693,-0.8827326893806458
2.575719649561952,6.2405881243768535,1.159186732150734,1.159186732150734,-0.36735064146751173,1.346724510192871,0.7387055158615112,1.4280070066452026,0.34442874789237976,-0.2391337901353836,0.11626716703176498,1.6056967973709106,-0.6534363031387329
2.580100125156445,8.6501182947008,1.110013136764084,1.110013136764084,0.9396379655613778,1.349960446357727,0.7157974243164062,1.4295157194137573,0.34214070439338684,-0.2386244833469391,0.16084690392017365,1.6028344631195068,-0.834884524345398
2.5844806007509384,6.361885424939105,0.02266719906318626,0.02266719906318626,0.03471773638200712,1.3530960083007812,0.722831130027771,1.4310144186019897,0.3542408347129822,-0.2379198968410492,0.16582240164279938,1.5991772413253784,-0.548046886920929
2.588861076345432,6.867770055849543,0.8468539013118932,0.8468539013118932,0.3629575925916268,1.3562623262405396,0.7105518579483032,1.4325661659240723,0.35239842534065247,-0.2371935099363327,0.16547048091888428,1.5967764854431152,-0.5799157619476318
2.593241551939925,3.943881868620204,0.5207549247736338,0.5207549247736338,0.8320087922015779,1.3593748807907104,0.70606529712677,1.4341098070144653,0.35359761118888855,-0.23646867275238037,0.179601788520813,1.594236135482788,-0.49299418926239014
2.5976220275344177,6.51439090713139,0.9543518564007434,0.9543518564007434,1.385264055621705,1.3624677658081055,0.7201946377754211,1.4356586933135986,0.3355977535247803,-0.2356819361448288,0.17051218450069427,1.5920765399932861,-0.2113649845123291
2.602002503128911,4.8182255651411765,-0.252590542246723,-0.252590542246723,0.3491356580237005,1.3656225204467773,0.7438995242118835,1.4371287822723389,0.3340602219104767,-0.23493501543998718,0.15792818367481232,1.5911506414413452,0.2583906948566437
2.606382978723404,5.1766002189062075,0.28543514097325584,0.28543514097325584,-0.8800612287137806,1.368881106376648,0.7434203624725342,1.4385920763015747,0.32211947441101074,-0.2342432141304016,0.14035587012767792,1.5922825336456299,0.3554167151451111
2.610763454317897,5.7174753451562905,0.8282403525119064,0.8282403525119064,0.7732405293485463,1.3721376657485962,0.7093817591667175,1.4400031566619873,0.31318753957748413,-0.23362839221954346,0.17439205944538116,1.593839406967163,-0.006134450435638428
2.6151439299123904,6.224603990928761,1.2159983670024097,1.2159983670024097,-1.3856731867837289,1.3752450942993164,0.7184386849403381,1.4413750171661377,0.30683189630508423,-0.23286446928977966,0.17599822580814362,1.5938125848770142,0.2419835329055786
2.619524405506884,6.447792551152173,2.2067320943358752,2.2067320943358752,-0.6496882050862336,1.378392219543457,0.6688144207000732,1.4427191019058228,0.3050835132598877,-0.23209351301193237,0.25197526812553406,1.5948725938796997,-0.31428754329681396
2.6239048811013768,5.309167124899617,1.882548767526575,1.882548767526575,1.3766734111674253,1.381321907043457,0.6384347081184387,1.4440555572509766,0.30434736609458923,-0.2309897392988205,0.3353917896747589,1.5934958457946777,-0.5990259647369385
2.6282853566958697,2.5129160562075685,-1.1435176273478889,-1.1435176273478889,0.010238066086602882,1.3841185569763184,0.6645635962486267,1.4453887939453125,0.29489046335220337,-0.22952055931091309,0.3501649498939514,1.590871810913086,-0.12382122874259949
2.6326658322903627,6.449692132285896,-0.6530372270472583,-0.6530372270472583,-0.37784876608102075,1.3870296478271484,0.6598361134529114,1.4466805458068848,0.2682220935821533,-0.2279866635799408,0.3164716362953186,1.5903294086456299,-0.1366139054298401
2.637046307884856,5.782336143467187,-2.513054669404146,-2.513054669404146,0.871466023555277,1.3899199962615967,0.6369916200637817,1.4478554725646973,0.26732662320137024,-0.22660036385059357,0.30843526124954224,1.589730978012085,-0.3190537095069885
2.641426783479349,7.2325032789600865,1.2796287535903832,1.2796287535903832,0.10677452219446032,1.3927103281021118,0.6489263772964478,1.4490264654159546,0.2614426612854004,-0.2252492755651474,0.20959651470184326,1.5883333683013916,-0.03326156735420227
2.645807259073842,5.743989846227629,1.2862298526389255,1.2862298526389255,-0.29370793583275306,1.3955529928207397,0.6376785635948181,1.450171709060669,0.265410840511322,-0.22433114051818848,0.2438475787639618,1.5881876945495605,-0.040118321776390076
2.650187734668336,7.4392622338983285,-1.610829913358724,-1.610829913358724,-1.4735169585035153,1.3983463048934937,0.6186755299568176,1.4513343572616577,0.2599014937877655,-0.2232629656791687,0.2899867594242096,1.5880119800567627,-0.1858522593975067
2.6545682102628283,7.604409921427191,0.5984559470179136,0.5984559470179136,0.06724356586688562,1.4010564088821411,0.5649182796478271,1.4524728059768677,0.2659507691860199,-0.22199268639087677,0.2859767973423004,1.5871978998184204,-0.7799667119979858
2.6589486858573217,7.832850445010592,-0.2221384265050691,-0.2221384265050691,0.8264789785073845,1.4035310745239258,0.552108883857727,1.4536378383636475,0.27219581604003906,-0.22073997557163239,0.3014898896217346,1.5837812423706055,-0.8030144572257996
2.663329161451814,6.591525417497531,0.4595755920863155,0.4595755920863155,0.11338097524465823,1.405949592590332,0.5592856407165527,1.4548301696777344,0.2796584367752075,-0.21941930055618286,0.27086693048477173,1.580263614654541,-0.5448356866836548
2.667709637046308,5.071970441022306,-0.2562456634626677,-0.2562456634626677,0.02597413215755881,1.4083995819091797,0.5498842597007751,1.4560551643371582,0.27942025661468506,-0.21823278069496155,0.28097692131996155,1.5778769254684448,-0.5427410006523132
2.672090112640801,6.30245121618869,-1.4108376059196661,-1.4108376059196661,0.7610564633973507,1.4108083248138428,0.5410856604576111,1.4572792053222656,0.2693299353122711,-0.21700197458267212,0.27273520827293396,1.575499415397644,-0.563391387462616
2.676470588235294,6.470358400295003,1.1473738751409774,1.1473738751409774,-0.09811691898535377,1.413178563117981,0.5497256517410278,1.4584590196609497,0.2671472132205963,-0.2158072590827942,0.20930901169776917,1.5730315446853638,-0.31804126501083374
2.6808510638297878,5.784480206621502,1.3943622927840837,1.3943622927840837,0.09405447708771313,1.4155865907669067,0.5351840853691101,1.4596292972564697,0.26623037457466125,-0.21489039063453674,0.2456812858581543,1.5716383457183838,-0.3918601870536804
2.6852315394242803,10.331858115763206,2.274345099845684,2.274345099845684,0.7247204822935935,1.4179309606552124,0.5271022319793701,1.460795521736145,0.26083239912986755,-0.21381418406963348,0.2836543917655945,1.569921851158142,-0.39005839824676514
2.689612015018773,6.880261179056667,2.1198714359545607,2.1198714359545607,0.5931054976784748,1.4202399253845215,0.527674674987793,1.4619381427764893,0.2850407660007477,-0.2125716358423233,0.3289083242416382,1.5682132244110107,-0.17951056361198425
2.6939924906132666,5.3510583219778125,1.5582082761692184,1.5582082761692184,0.9574877195742952,1.4225513935089111,0.5311031341552734,1.4631867408752441,0.28686466813087463,-0.21113085746765137,0.3734947443008423,1.5674269199371338,0.0022291094064712524
2.69837296620776,6.137423973239633,0.8527029269115376,0.8527029269115376,0.7551717569065617,1.4248778820037842,0.5471054315567017,1.464443325996399,0.27880361676216125,-0.20949476957321167,0.3910377025604248,1.567436695098877,0.32800644636154175
2.7027534418022525,7.291944050109131,-0.04821144999000626,-0.04821144999000626,0.1685918092566308,1.427274465560913,0.5563748478889465,1.4656646251678467,0.2758219838142395,-0.2077818363904953,0.39388591051101685,1.5688735246658325,0.5746389627456665
2.707133917396746,3.024174459967612,1.683351768517645,1.683351768517645,-0.6690460965018923,1.4297116994857788,0.5479971766471863,1.4668728113174438,0.2802486717700958,-0.20605643093585968,0.3875545561313629,1.5713907480239868,0.5973545908927917
2.711514392991239,7.0798881318879605,0.46126605578620333,0.46126605578620333,-0.4777932876823946,1.432112216949463,0.5247998833656311,1.4681004285812378,0.2568817436695099,-0.2043587565422058,0.4562520384788513,1.5740073919296265,0.33251598477363586
2.715894868585732,9.014180931940016,-1.036766761353187,-1.036766761353187,1.4100183376975184,1.4344110488891602,0.49965423345565796,1.4692256450653076,0.26007628440856934,-0.2023601531982422,0.4836755394935608,1.5754640102386475,0.11622913181781769
2.720275344180225,7.274299653373453,-1.5288095035969842,-1.5288095035969842,-0.3818918121263954,1.4365997314453125,0.5217142701148987,1.4703649282455444,0.27572551369667053,-0.20024141669273376,0.41222167015075684,1.5759731531143188,0.5898964405059814
2.724655819774718,5.498506337589053,-0.06229650816775423,-0.06229650816775423,-0.3312202537404338,1.4388850927352905,0.4990167021751404,1.471572756767273,0.28017014265060425,-0.1984356939792633,0.3787280321121216,1.5785571336746216,0.40853285789489746
2.729036295369212,6.054010017251677,-0.44971317332897565,-0.44971317332897565,-0.10240910487068292,1.4410710334777832,0.4807794690132141,1.4728000164031982,0.27311718463897705,-0.19677668809890747,0.3865814507007599,1.580346703529358,0.2555411756038666
2.7334167709637045,8.125172423500048,0.6586327094096315,0.6586327094096315,-0.6683307325227874,1.4431771039962769,0.4677744209766388,1.4739964008331299,0.2696983814239502,-0.19508327543735504,0.37643906474113464,1.5814660787582397,0.18439024686813354
2.737797246558197,8.061083540244226,-0.18340338967548447,-0.18340338967548447,-0.3275983258521311,1.4452261924743652,0.43622952699661255,1.4751777648925781,0.28000524640083313,-0.19343429803848267,0.41519060730934143,1.5822738409042358,-0.10796818137168884
2.742177722152691,7.748751570941508,-0.9908844299594726,-0.9908844299594726,0.25496693270282755,1.4471371173858643,0.41399940848350525,1.4764043092727661,0.28982970118522644,-0.19161556661128998,0.4194015562534332,1.581800937652588,-0.273368775844574
2.746558197747184,7.595869354947112,-1.219722180736437,-1.219722180736437,0.07395670459266727,1.4489506483078003,0.4079873561859131,1.477673888206482,0.2974330186843872,-0.1897783875465393,0.38301873207092285,1.5806034803390503,-0.22044222056865692
2.750938673341677,3.814700228222795,-1.2440870611984678,-1.2440870611984678,-0.25879198659213287,1.4507378339767456,0.3975251615047455,1.478976845741272,0.30411404371261597,-0.18810057640075684,0.34523922204971313,1.579637885093689,-0.2332543134689331
2.75531914893617,6.085164991487492,0.3048391822188823,0.3048391822188823,-0.315742435194891,1.4524791240692139,0.3844219446182251,1.480309009552002,0.28614577651023865,-0.18658825755119324,0.31646549701690674,1.5786161422729492,-0.34923192858695984
2.759699624530663,4.16163429600533,1.2359640205990785,1.2359640205990785,1.1959564373832354,1.4541630744934082,0.36620378494262695,1.4815624952316284,0.2830258905887604,-0.1852019876241684,0.3345884382724762,1.577086329460144,-0.4978119432926178
2.7640801001251565,4.661626020988491,0.6721434963684952,0.6721434963684952,0.25009410045662284,1.455767273902893,0.39154312014579773,1.4828022718429565,0.2670150399208069,-0.18373632431030273,0.335756778717041,1.5749056339263916,-0.07521796226501465
2.768460575719649,2.587620575854862,-0.14812596309716208,-0.14812596309716208,-0.3904618893253704,1.4574824571609497,0.3908817768096924,1.4839719533920288,0.25453150272369385,-0.18226554989814758,0.34808194637298584,1.5745761394500732,-0.0056880563497543335
2.7728410513141424,5.196544712343386,0.900471817100172,0.900471817100172,0.5003362636289745,1.4591946601867676,0.3764009475708008,1.4850869178771973,0.22854307293891907,-0.18074078857898712,0.3551589250564575,1.5745512247085571,-0.16336464881896973
2.777221526908636,9.73040286592105,1.9456920440257308,1.9456920440257308,0.8519272461321786,1.4608434438705444,0.38172027468681335,1.4860880374908447,0.21955007314682007,-0.17918501794338226,0.36684414744377136,1.5738356113433838,-0.0031940042972564697
2.7816020025031287,7.885493318656033,0.8540348252470801,0.8540348252470801,-0.05853300130747435,1.4625155925750732,0.3895512819290161,1.4870498180389404,0.24025937914848328,-0.17757806181907654,0.3987855315208435,1.5738216638565063,0.2657850384712219
2.7859824780976217,6.5099566193134795,-2.0027224797866747,-2.0027224797866747,0.30989448716051504,1.4642219543457031,0.3759861886501312,1.4881023168563843,0.2489478439092636,-0.17583119869232178,0.4254353940486908,1.5749859809875488,0.20620599389076233
2.790362953692115,6.223931055700438,-0.5681227983969316,-0.5681227983969316,-0.22206952910624309,1.4658689498901367,0.37444397807121277,1.4891928434371948,0.24860690534114838,-0.17396758496761322,0.35789963603019714,1.575889229774475,0.29003769159317017
2.794743429286608,7.821800792576671,-0.4580278399728993,-0.4580278399728993,0.018032037045678656,1.467509150505066,0.3592017889022827,1.4902818202972412,0.24645788967609406,-0.17239981889724731,0.3477937877178192,1.5771597623825073,0.17800775170326233
2.7991239048811014,4.410489704303783,-1.6556716913147873,-1.6556716913147873,0.5681776646119048,1.4690825939178467,0.34807297587394714,1.491361379623413,0.25478923320770264,-0.17087630927562714,0.3338913321495056,1.577939510345459,0.14752286672592163
2.8035043804755944,8.140187171301921,0.09697520910166052,0.09697520910166052,0.22467369891377598,1.4706072807312012,0.35676297545433044,1.492477536201477,0.24064630270004272,-0.1694137006998062,0.26894789934158325,1.5785857439041138,0.33747178316116333
2.8078848560700878,6.90678203485389,0.6454181746579954,0.6454181746579954,-0.27823513176242176,1.472170114517212,0.3508681654930115,1.4935317039489746,0.2510281503200531,-0.16823558509349823,0.26521870493888855,1.580064058303833,0.3824831247329712
2.8122653316645807,7.092918042571249,0.47370267288137313,0.47370267288137313,0.02826861132300027,1.4737070798873901,0.3333837687969208,1.494631290435791,0.2534312903881073,-0.1670738011598587,0.2921923100948334,1.5817395448684692,0.2466447502374649
2.8166458072590737,6.380624691548204,0.641762582815651,0.641762582815651,0.08253307423960987,1.4751675128936768,0.32386836409568787,1.4957414865493774,0.25701969861984253,-0.16579386591911316,0.30520039796829224,1.582819938659668,0.22356168925762177
2.821026282853567,1.356429087122211,1.8527982451209968,1.8527982451209968,-0.6301841769758549,1.4765862226486206,0.31689080595970154,1.496867299079895,0.25592607259750366,-0.16445694863796234,0.3215316832065582,1.5837992429733276,0.2240186333656311
2.82540675844806,8.42747970368798,-1.1712612760984402,-1.1712612760984402,0.1324030521366647,1.47797429561615,0.29810813069343567,1.4979883432388306,0.22207105159759521,-0.16304849088191986,0.39404264092445374,1.5847805738449097,-0.016214564442634583
2.829787234042553,5.647648415461093,-1.7052180401472423,-1.7052180401472423,-0.8285182301930147,1.4792801141738892,0.28968220949172974,1.498961091041565,0.23444877564907074,-0.16132239997386932,0.3559715151786804,1.5847095251083374,-0.006756577640771866
2.8341677096370463,5.930333524201818,1.0981098499410136,1.0981098499410136,0.6571710882358031,1.4805490970611572,0.25960370898246765,1.499988079071045,0.22892045974731445,-0.15976306796073914,0.33036911487579346,1.5846799612045288,-0.3405003249645233
2.8385481852315397,4.808054772419209,1.1001909242066168,1.1001909242066168,-1.0087002995113796,1.4816862344741821,0.26891404390335083,1.500990867614746,0.22467191517353058,-0.15831589698791504,0.3432459235191345,1.5831884145736694,-0.12404133379459381
2.842928660826032,2.545142537059353,-0.10616061420560091,-0.10616061420560091,0.39020438190076134,1.482864260673523,0.235335111618042,1.5019750595092773,0.21365636587142944,-0.15681231021881104,0.40483224391937256,1.582645058631897,-0.520156741142273
2.8473091364205256,2.9681849488139074,-2.446606482950747,-2.446606482950747,-0.8497996514945749,1.483895182609558,0.24229463934898376,1.5029109716415405,0.1872204691171646,-0.1550389528274536,0.390336811542511,1.5803664922714233,-0.38678932189941406
2.8516896120150186,7.539820856246474,0.9911138928547113,0.9911138928547113,-0.012826962463165115,1.4849565029144287,0.21559272706508636,1.50373113155365,0.1639501005411148,-0.15332908928394318,0.3437049984931946,1.578672170639038,-0.7151123285293579
2.8560700876095115,6.130297134333326,1.2170236338150566,1.2170236338150566,0.688608508487739,1.48590087890625,0.2052522897720337,1.5044493675231934,0.17044296860694885,-0.151823490858078,0.37302324175834656,1.5755395889282227,-0.7522197961807251
2.860450563204005,6.854428318933586,0.6277846160199658,0.6277846160199658,0.6153714227545252,1.486799955368042,0.21564456820487976,1.50519597530365,0.16755490005016327,-0.15018947422504425,0.3884546458721161,1.5722445249557495,-0.5222586393356323
2.864831038798498,8.693686925273521,-1.7735399198935453,-1.7735399198935453,0.340555824697246,1.4877445697784424,0.22327163815498352,1.505929946899414,0.1695934385061264,-0.148487851023674,0.38881716132164,1.5699567794799805,-0.3215981721878052
2.8692115143929917,6.6874311475916395,0.26916234175500875,0.26916234175500875,-1.0546245065664677,1.488722562789917,0.2213495671749115,1.5066728591918945,0.18383315205574036,-0.14678464829921722,0.3270788788795471,1.5685480833053589,-0.22941897809505463
2.873591989987484,7.147211462230232,1.4988059405714642,1.4988059405714642,1.455580621835182,1.489692211151123,0.18479405343532562,1.50747811794281,0.18481774628162384,-0.14535188674926758,0.365737646818161,1.5675431489944458,-0.646488606929779
2.877972465581977,5.212262183851658,0.1490751484416744,0.1490751484416744,-0.30760235341879294,1.4905016422271729,0.21486057341098785,1.5082876682281494,0.18891271948814392,-0.14374978840351105,0.36699995398521423,1.5647112131118774,-0.13344401121139526
2.8823529411764706,4.094876855283996,1.033068977595016,1.033068977595016,0.17518139713907954,1.4914427995681763,0.20029060542583466,1.509115219116211,0.1802176982164383,-0.1421421468257904,0.38033637404441833,1.5641266107559204,-0.2667003870010376
2.8867334167709635,6.92743447577145,0.17533499602034097,0.17533499602034097,0.14751431613129656,1.49232017993927,0.20004643499851227,1.5099046230316162,0.16423264145851135,-0.14047609269618988,0.4053893983364105,1.5629583597183228,-0.21648117899894714
2.891113892365457,8.398695399550075,3.0844429505319875,3.0844429505319875,-0.22729590679418452,1.4931964874267578,0.19576826691627502,1.5106240510940552,0.16692589223384857,-0.13870029151439667,0.4062018394470215,1.5620100498199463,-0.1862335056066513
2.89549436795995,6.656153139472858,-0.9290998676804233,-0.9290998676804233,-0.09251135026235968,1.4940540790557861,0.1798679530620575,1.5113552808761597,0.17924602329730988,-0.13692092895507812,0.5029151439666748,1.5611943006515503,-0.2996554970741272
2.899874843554443,6.882939329378868,2.800118245593284,2.800118245593284,1.4672637454059587,1.4948419332504272,0.16972000896930695,1.5121405124664307,0.1801028698682785,-0.1347179263830185,0.4784840941429138,1.5598816871643066,-0.3565731346607208
2.904255319148936,4.157026243582224,-0.3347887228026133,-0.3347887228026133,-0.30701497308885206,1.4955854415893555,0.20114648342132568,1.5129294395446777,0.18290680646896362,-0.13262194395065308,0.5174076557159424,1.5583196878433228,0.16514310240745544
2.908635794743429,4.829272212823168,-2.0797785942841562,-2.0797785942841562,0.32598878004246185,1.4964665174484253,0.18832209706306458,1.5137306451797485,0.16724275052547455,-0.13035544753074646,0.5165965557098389,1.559043049812317,0.03790588676929474
2.913016270337922,6.722503569341599,-2.889767024407081,-2.889767024407081,-0.777941848705674,1.4972914457321167,0.19175578653812408,1.5144633054733276,0.15623626112937927,-0.12809251248836517,0.44634053111076355,1.5592091083526611,0.14359179139137268
2.9173967459324155,6.519418399221193,0.5564413144207206,0.5564413144207206,0.37429442346196523,1.4981313943862915,0.1637418121099472,1.5151476860046387,0.1573857069015503,-0.12613733112812042,0.3846685290336609,1.559838056564331,-0.16595458984375
2.9217772215269084,3.428199788029211,-2.2051686290767507,-2.2051686290767507,-0.31797565119776616,1.4988486766815186,0.16684338450431824,1.5158370733261108,0.1575550138950348,-0.12445230036973953,0.3899877965450287,1.5591111183166504,-0.04709770530462265
2.9261576971214014,2.6887895629406913,-0.4743075623569247,-0.4743075623569247,-0.5264706395860069,1.4995795488357544,0.1547689288854599,1.5165272951126099,0.13711975514888763,-0.12274397164583206,0.33487579226493835,1.558904767036438,-0.17539548873901367
2.930538172715895,5.41949968379738,3.596039885948412,3.596039885948412,0.24346195735064874,1.5002574920654297,0.13793346285820007,1.5171279907226562,0.1117287278175354,-0.12127705663442612,0.336399108171463,1.5581364631652832,-0.378695547580719
2.934918648310388,7.148942250998134,-0.3207531243875029,-0.3207531243875029,1.2144187500112773,1.5008617639541626,0.13894516229629517,1.5176174640655518,0.10459307581186295,-0.11980346590280533,0.43430501222610474,1.5564775466918945,-0.30406123399734497
2.939299123904881,8.694253408677156,-0.012814000225155053,-0.012814000225155053,-0.019913836382337444,1.5014704465866089,0.16426575183868408,1.5180755853652954,0.10928668826818466,-0.11790100485086441,0.3894731402397156,1.5551456212997437,0.12643513083457947
2.943679599499374,8.780983752193164,1.9766720912834024,1.9766720912834024,-0.25703491689054486,1.5021899938583374,0.1552167534828186,1.5185543298721313,0.1237521767616272,-0.11619492620229721,0.3896804749965668,1.5556994676589966,0.09532515704631805
2.948060075093867,6.447726778833018,-1.7332867589632357,-1.7332867589632357,-1.0550619724864474,1.502869963645935,0.1398637741804123,1.5190963745117188,0.13871046900749207,-0.11448793858289719,0.4549117982387543,1.556117057800293,-0.023737303912639618
2.9524405506883604,5.017075265171158,-0.5040969859892342,-0.5040969859892342,0.17372469620540715,1.5034825801849365,0.10552504658699036,1.519703984260559,0.1379488855600357,-0.11249520629644394,0.43510547280311584,1.5560131072998047,-0.43239590525627136
2.9568210262828534,7.00313206590447,-0.4129205251631539,-0.4129205251631539,-0.2292385334335523,1.5039448738098145,0.1054772362112999,1.520308256149292,0.1281609833240509,-0.11058923602104187,0.41531091928482056,1.5541189908981323,-0.3810172379016876
2.9612015018773468,7.911430817469298,1.0359841979189834,1.0359841979189834,-0.9163357565956449,1.5044069290161133,0.0929417535662651,1.5208696126937866,0.13135629892349243,-0.1087699756026268,0.40994682908058167,1.5524499416351318,-0.48363083600997925
2.96558197747184,4.195825592348864,-0.3385409104487833,-0.3385409104487833,0.9714647519941485,1.5048140287399292,0.061361245810985565,1.5214450359344482,0.1401926577091217,-0.10697421431541443,0.46696075797080994,1.5503313541412354,-0.8427371978759766
2.9699624530663327,5.299743068460424,-1.601198880265647,-1.601198880265647,-0.6332849803277638,1.5050828456878662,0.08364686369895935,1.5220592021942139,0.12528623640537262,-0.10492870211601257,0.4287044405937195,1.5466398000717163,-0.491960734128952
2.974342928660826,4.686403500455873,1.8488293373735614,1.8488293373735614,-0.815093061640788,1.5054492950439453,0.06220787763595581,1.5226080417633057,0.1168963760137558,-0.10305077582597733,0.4004382789134979,1.5444847345352173,-0.7383738160133362
2.978723404255319,4.317396343819906,-0.3132965549806038,-0.3132965549806038,0.9988848559047313,1.5057218074798584,0.03653203696012497,1.5231200456619263,0.10419362783432007,-0.10129666328430176,0.4782332479953766,1.5412503480911255,-1.0504212379455566
2.983103879849812,6.364073256870925,0.6543637437052754,0.6543637437052754,1.4115894214694773,1.5058817863464355,0.059728141874074936,1.5235764980316162,0.09023896604776382,-0.09920177608728409,0.43991339206695557,1.5366489887237549,-0.6880533695220947
2.9874843554443054,6.719118776820325,2.3012205855267167,2.3012205855267167,-0.2754040966018381,1.5061434507369995,0.0924501121044159,1.5239717960357666,0.09053714573383331,-0.09727474302053452,0.41780000925064087,1.5336350202560425,-0.17533499002456665
2.9918648310387983,4.850942868827326,-2.301542069364689,-2.301542069364689,-0.6128595840472946,1.5065484046936035,0.07997310161590576,1.524368405342102,0.09177204966545105,-0.09544458240270615,0.4930456280708313,1.5328669548034668,-0.2883147597312927
2.9962453066332912,7.365027766408451,-0.01891501714832653,-0.01891501714832653,1.6083397337871999,1.5068987607955933,0.05999032035470009,1.5247703790664673,0.08027882128953934,-0.09328480809926987,0.44373074173927307,1.5316040515899658,-0.5231726765632629
3.0006257822277846,5.012616870787621,1.3246793999657032,1.3246793999657032,0.3128194532545713,1.5071614980697632,0.09761741757392883,1.525122046470642,0.08769217133522034,-0.0913410559296608,0.3962097465991974,1.529312252998352,0.0629657506942749
3.0050062578222776,8.322452332636283,-0.42538142035291354,-0.42538142035291354,-0.17741325366680097,1.5075891017913818,0.10244733840227127,1.5255061388015747,0.07827644795179367,-0.08960546553134918,0.4257592558860779,1.5295881032943726,0.1723615825176239
3.009386733416771,7.190500827094914,-0.9455300043930309,-0.9455300043930309,0.06065270570875196,1.5080379247665405,0.0919770672917366,1.5258489847183228,0.09024976193904877,-0.08774043619632721,0.4185177981853485,1.5303431749343872,0.09576956182718277
3.013767209011264,6.659830961023526,-2.7366230907378273,-2.7366230907378273,0.1525753879309949,1.5084408521652222,0.08874848484992981,1.5262442827224731,0.09499838203191757,-0.08590713143348694,0.38913407921791077,1.5307626724243164,0.10918988287448883
3.018147684605757,5.152848580547113,3.050095388603313,3.050095388603313,-0.08372665786866298,1.5088295936584473,0.0884319320321083,1.526660442352295,0.0963345617055893,-0.08420253545045853,0.3047603368759155,1.5312409400939941,0.1576404571533203
3.0225281602002503,4.937020382379538,-0.047430920818546586,-0.047430920818546586,0.3217574522956332,1.5092170238494873,0.08286847919225693,1.5270824432373047,0.08743055164813995,-0.08286754041910172,0.39627787470817566,1.5319315195083618,0.12042593955993652
3.0269086357947432,8.765480191355564,0.2814592616039679,0.2814592616039679,0.07629558918566903,1.5095800161361694,0.08832422643899918,1.5274654626846313,0.07752566784620285,-0.08113165199756622,0.3854964077472687,1.532459020614624,0.23401066660881042
3.0312891113892366,5.874451441552051,0.20583583693362187,0.20583583693362187,0.62977414467041,1.5099669694900513,0.08491203188896179,1.5278050899505615,0.09274853765964508,-0.07944299280643463,0.39148783683776855,1.5334841012954712,0.25229698419570923
3.0356695869837296,7.917924744680127,0.7776679478616161,0.7776679478616161,-0.842268625757889,1.5103389024734497,0.0981549471616745,1.5282113552093506,0.08935057371854782,-0.07772809267044067,0.3791075050830841,1.5345892906188965,0.47936421632766724
3.0400500625782225,9.06773270036923,2.8765670160547416,2.8765670160547416,0.03047248585503235,1.5107688903808594,0.07093344628810883,1.5286027193069458,0.0980202853679657,-0.07606741786003113,0.4264147877693176,1.5366891622543335,0.15805137157440186
3.044430538172716,4.223702307647072,-0.2226233578168011,-0.2226233578168011,0.14034153316566322,1.5110796689987183,0.0664282962679863,1.5290321111679077,0.11523441225290298,-0.07419952005147934,0.5095297694206238,1.5373815298080444,0.15919116139411926
3.048811013767209,5.447885016136583,0.35886165886580046,0.35886165886580046,-0.19773241753982637,1.5113706588745117,0.0677618607878685,1.5295368432998657,0.10040910542011261,-0.07196753472089767,0.49893003702163696,1.5380789041519165,0.2066623419523239
3.053191489361702,6.306793160527979,1.895873377311906,1.895873377311906,0.21211103349280724,1.5116674900054932,0.059460580348968506,1.529976725578308,0.0934109091758728,-0.06978198140859604,0.5151843428611755,1.5389841794967651,0.1275787055492401
3.057571964956195,6.955727106846006,2.086902010273307,2.086902010273307,1.1805821672932642,1.5119279623031616,0.061739254742860794,1.5303858518600464,0.09248274564743042,-0.0675252303481102,0.5643555521965027,1.5395430326461792,0.19988417625427246
3.061952440550688,9.797565535950964,-0.945380964526686,-0.945380964526686,1.2025150411208163,1.5121984481811523,0.08967067301273346,1.53079092502594,0.09666911512613297,-0.06505308300256729,0.5908229351043701,1.5404186248779297,0.6312024593353271
3.066332916145181,7.98168989998295,0.034609428060873255,0.034609428060873255,-0.09611631311048673,1.5125912427902222,0.11690844595432281,1.5312143564224243,0.11961434781551361,-0.06246499717235565,0.5280975699424744,1.5431835651397705,1.0683221817016602
3.0707133917396745,4.561683363376645,1.8563093477699557,1.8563093477699557,-1.3430622021969327,1.5131033658981323,0.11049791425466537,1.53173828125,0.12922869622707367,-0.06015167757868767,0.5319151878356934,1.5478633642196655,1.025223731994629
3.0750938673341675,9.003515997848318,-0.8782034265827875,-0.8782034265827875,0.35034952107516115,1.5135873556137085,0.072463259100914,1.5323044061660767,0.1154073178768158,-0.05782163515686989,0.6253469586372375,1.552354335784912,0.5223371386528015
3.079474342928661,8.4462356347108,0.33664158077544976,0.33664158077544976,-0.7017670020004764,1.5139048099517822,0.07768168300390244,1.5328099727630615,0.13234743475914001,-0.05508231744170189,0.589469313621521,1.5546424388885498,0.6428613662719727
3.083854818523154,4.8180935822745115,0.2336826263929044,0.2336826263929044,0.7275290097915457,1.5142450332641602,0.055199868977069855,1.533389687538147,0.14507484436035156,-0.0525001622736454,0.6197941303253174,1.557458519935608,0.3736810088157654
3.0882352941176467,7.021563746710946,0.9699630996215983,0.9699630996215983,-0.15263839479594504,1.5144867897033691,0.07259881496429443,1.5340251922607422,0.1343439370393753,-0.04978517070412636,0.6053722500801086,1.5590953826904297,0.6385918259620667
3.09261576971214,6.336555405298558,-0.3362913063848775,-0.3362913063848775,0.8532556560969514,1.5148048400878906,0.06567969918251038,1.5346137285232544,0.1378754824399948,-0.04713335260748863,0.6381557583808899,1.5618927478790283,0.5748085975646973
3.096996245306633,6.816026926258596,-0.34259444727122784,-0.34259444727122784,-0.0972421125778727,1.5150924921035767,0.08603294938802719,1.5352176427841187,0.13713490962982178,-0.0443379282951355,0.6034172177314758,1.56441068649292,0.8849396109580994
3.1013767209011265,4.465903985331668,-1.0988583021614766,-1.0988583021614766,-0.2482413188281209,1.5154693126678467,0.08092616498470306,1.535818338394165,0.1392270177602768,-0.041694674640893936,0.5962521433830261,1.5682871341705322,0.8419446349143982
3.1057571964956194,6.175837960786168,-1.4534142850106293,-1.4534142850106293,-1.670053575267113,1.5158238410949707,0.07271526753902435,1.5364282131195068,0.12571820616722107,-0.039082806557416916,0.5714114308357239,1.5719752311706543,0.7451571226119995
3.1101376720901124,7.123014233357624,-2.3428972011811875,-2.3428972011811875,-0.492497137538986,1.5161423683166504,0.02599034458398819,1.5369789600372314,0.12370645999908447,-0.03657975420355797,0.5777379870414734,1.5752394199371338,0.11883145570755005
3.1145181476846058,2.740263277740579,-0.8956116455463186,-0.8956116455463186,0.20937108132100582,1.5162562131881714,0.010529570281505585,1.5375208854675293,0.12817855179309845,-0.034048985689878464,0.5237004160881042,1.575760006904602,-0.07172025740146637
3.1188986232790987,6.5373583516452065,-0.059833946900454696,-0.059833946900454696,0.494295915670177,1.5163023471832275,0.015299057587981224,1.5380823612213135,0.1034097671508789,-0.031754929572343826,0.49143141508102417,1.5754458904266357,0.0031110793352127075
3.123279098873592,2.9631230377051088,1.3392699685153788,1.3392699685153788,0.3651205081841899,1.516369342803955,0.02667127549648285,1.5385353565216064,0.10387693345546722,-0.029602225869894028,0.4752490520477295,1.5754594802856445,0.1801619976758957
3.127659574468085,5.360930535089642,-0.5277454880792156,-0.5277454880792156,-0.9393707996751894,1.5164861679077148,0.03565128520131111,1.5389903783798218,0.08056725561618805,-0.02752040885388851,0.5036972761154175,1.5762486457824707,0.31292831897735596
3.132040050062578,4.86628290569596,-0.10790021316825003,-0.10790021316825003,-0.19730394339525836,1.5166423320770264,0.00922025553882122,1.5393433570861816,0.07337822765111923,-0.025313975289463997,0.5157180428504944,1.5776194334030151,-0.040353626012802124
3.136420525657071,7.304840859020526,-0.5752839533395496,-0.5752839533395496,0.3914904854862053,1.516682744026184,0.002825492061674595,1.5396647453308105,0.06282900273799896,-0.023054884746670723,0.5183289051055908,1.5774426460266113,-0.11774364113807678
3.1408010012515644,5.451086879474566,-0.03991171404391704,-0.03991171404391704,-0.02404857449748352,1.5166951417922974,0.011750812642276287,1.5399399995803833,0.06840267777442932,-0.02078435756266117,0.4900960326194763,1.576926827430725,0.02172231674194336
3.1451814768460573,6.202255749557742,3.120235188124193,3.120235188124193,-0.02393445791254996,1.5167466402053833,0.010071362368762493,1.540239691734314,0.061717189848423004,-0.018637504428625107,0.489632785320282,1.5770219564437866,0.008877832442522049
3.1495619524405507,6.1225566648117855,-0.44902321053926786,-0.44902321053926786,0.06317494915794993,1.516790747642517,0.00836523063480854,1.5405100584030151,0.06003337353467941,-0.016492679715156555,0.581452488899231,1.5770608186721802,-0.004124622792005539
3.153942428035044,7.598873575577427,2.525453255011075,2.525453255011075,-0.058638850495668665,1.5168273448944092,0.00911337323486805,1.5407730340957642,0.057805899530649185,-0.013945640996098518,0.5664947032928467,1.5770426988601685,0.0155927874147892
3.1583229036295366,5.572477807330827,-1.2558436091365504,-1.2558436091365504,-1.1616290538659517,1.5168672800064087,0.006545146927237511,1.54102623462677,0.0654277354478836,-0.011464124545454979,0.6419583559036255,1.577111005783081,-0.010266436263918877
3.16270337922403,6.362159340760802,-2.2922554410555507,-2.2922554410555507,1.4937674768782734,1.5168960094451904,-0.025119999423623085,1.54131281375885,0.059747494757175446,-0.008652041666209698,0.6392070055007935,1.5770660638809204,-0.4439423680305481
3.167083854818523,4.849300821963901,0.28274214994224167,0.28274214994224167,-0.370302382972976,1.516785979270935,0.014257209375500679,1.541574478149414,0.05881660059094429,-0.005852011032402515,0.5286431312561035,1.5751214027404785,0.10778963565826416
3.1714643304130163,4.09188922048669,-0.018088462487590162,-0.018088462487590162,0.7984046976068194,1.5168484449386597,0.0040753548964858055,1.5418320894241333,0.0481661818921566,-0.0035363025963306427,0.547714114189148,1.5755935907363892,-0.030931919813156128
3.1758448060075093,5.064356252551971,-0.8564303002208111,-0.8564303002208111,-0.6942239575558055,1.5168663263320923,0.025254055857658386,1.5420430898666382,0.03233194351196289,-0.001137054292485118,0.5238699316978455,1.57545804977417,0.2644084393978119
3.1802252816020022,5.2152056795176875,-2.314969558159234,-2.314969558159234,0.06276776604100127,1.5169769525527954,0.006603032350540161,1.5421847105026245,0.02313888631761074,0.0011577452532947063,0.5191329717636108,1.5766162872314453,0.006028413772583008
3.184605757196496,4.9253019248559955,0.8447563252543896,0.8447563252543896,0.12911593775513033,1.5170059204101562,0.008274132385849953,1.5422860383987427,0.014875862747430801,0.003431794699281454,0.44969549775123596,1.5766427516937256,0.028668781742453575
3.1889862327909886,6.048284744726784,0.006126220685175307,0.006126220685175307,-0.10406426874394331,1.5170421600341797,0.011814898811280727,1.542351245880127,0.004671905189752579,0.005401674658060074,0.47059446573257446,1.5767682790756226,0.07625997066497803
3.193366708385481,7.146092176432305,1.014923879405545,1.014923879405545,0.43250161981225804,1.5170938968658447,0.009244210086762905,1.5423717498779297,0.0019786583725363016,0.007463102228939533,0.47381237149238586,1.5771023035049438,0.03755423426628113
3.197747183979975,7.085792502418093,-0.7508719555940423,-0.7508719555940423,0.6240604682732769,1.517134428024292,0.021175481379032135,1.542380452156067,0.0065048011019825935,0.009538626298308372,0.4908209443092346,1.577266812324524,0.19825702905654907
3.202127659574468,8.420213549814033,-1.161294374367554,-1.161294374367554,-0.3849634123307587,1.5172271728515625,0.03834766894578934,1.5424089431762695,0.01058153249323368,0.011688655242323875,0.4506685733795166,1.5781352519989014,0.43039870262145996
3.206508135168961,3.5895433286343974,-0.758190708592291,-0.758190708592291,-0.006347018096049902,1.5173951387405396,0.028783366084098816,1.5424553155899048,0.023677315562963486,0.013662798330187798,0.42799726128578186,1.580020546913147,0.2885351777076721
3.210888610763454,7.4785607281393744,0.6971045952486024,0.6971045952486024,0.17925172483967552,1.5175212621688843,0.028970638290047646,1.542559027671814,0.004574146121740341,0.015537629835307598,0.40604105591773987,1.581284523010254,0.28660595417022705
3.215269086357947,7.049168821641343,-0.9948854735101073,-0.9948854735101073,-0.1046262004709728,1.5176482200622559,0.0346076525747776,1.5425790548324585,0.011305446736514568,0.017316283658146858,0.42116400599479675,1.5825400352478027,0.35412752628326416
3.219649561952441,8.326115097697555,0.4911601296566728,0.4911601296566728,-0.5291966485161771,1.5177998542785645,0.032698988914489746,1.542628526687622,0.015246463939547539,0.019161181524395943,0.3951656222343445,1.584091305732727,0.31635546684265137
3.224030037546933,5.410779844423051,-0.22015035599155364,-0.22015035599155364,-0.850934881302249,1.5179431438446045,0.019710732623934746,1.5426952838897705,0.02784813940525055,0.020892195403575897,0.4249632656574249,1.5854771137237549,0.1213001012802124
3.2284105131414265,7.028769967191483,-2.1145283724565487,-2.1145283724565487,-0.4416664715612793,1.5180294513702393,-0.002214718610048294,1.542817234992981,0.02121708355844021,0.02275373600423336,0.44338417053222656,1.5860084295272827,-0.19354495406150818
3.23279098873592,5.026422315002193,2.9505531974038455,2.9505531974038455,0.31592008021191587,1.5180197954177856,-0.01285238191485405,1.5429102182388306,0.0251910462975502,0.024695970118045807,0.3945313096046448,1.5851606130599976,-0.3560104966163635
3.237171464330413,1.6501156969898352,-0.29674350974568264,-0.29674350974568264,0.2629435331586967,1.5179635286331177,-0.0034831715747714043,1.5430206060409546,0.01550784707069397,0.02642420493066311,0.4714709520339966,1.5836011171340942,-0.23739880323410034
3.241551939924906,5.2178399694727,0.5563697414979121,0.5563697414979121,1.100241737054095,1.5179482698440552,0.0038778777234256268,1.5430885553359985,-0.01659153774380684,0.028489472344517708,0.4551263153553009,1.5825612545013428,-0.13923168182373047
3.245932415519399,7.190684696876773,-1.915860269685857,-1.915860269685857,1.1946419061365394,1.5179651975631714,0.034442152827978134,1.5430158376693726,-0.025195669382810593,0.030483141541481018,0.43924352526664734,1.581951379776001,0.2713506519794464
3.250312891113892,9.437743944802511,1.3479634726382654,1.3479634726382654,-1.0495839708477637,1.5181161165237427,0.06809864193201065,1.5429054498672485,-0.020702548325061798,0.032407235354185104,0.34840700030326843,1.5831400156021118,0.7183428406715393
3.254693366708385,10.204387612044822,-0.7987529561059817,-0.7987529561059817,0.4613625460290238,1.5184143781661987,0.04244426637887955,1.5428147315979004,-0.0006995312869548798,0.03393342345952988,0.41842299699783325,1.5862866640090942,0.33395081758499146
3.2590738423028784,5.368447025370399,-0.6792061870562095,-0.6792061870562095,-0.4051182941445185,1.518600344657898,0.05744130164384842,1.542811632156372,0.023990318179130554,0.03576631471514702,0.38162362575531006,1.5877494812011719,0.5101717710494995
3.2634543178973714,6.630003329022993,0.6499482532470777,0.6499482532470777,-0.15847447375186605,1.5188519954681396,0.0480852834880352,1.5429167747497559,0.01683228649199009,0.037438008934259415,0.3736193776130676,1.5899842977523804,0.36255016922950745
3.267834793491865,6.773661050513017,-2.6334790885702963,-2.6334790885702963,0.4381725722735799,1.5190626382827759,0.04573429375886917,1.5429905652999878,0.018001869320869446,0.03907464072108269,0.3972278833389282,1.5915724039077759,0.30698150396347046
3.2722152690863577,7.243360878446681,1.025454506582781,1.025454506582781,-1.4149677152140967,1.5192630290985107,0.05944345146417618,1.5430693626403809,0.019810987636446953,0.04081468656659126,0.3075259327888489,1.5929170846939087,0.47288039326667786
3.2765957446808507,8.153615960007825,-1.5797153377904514,-1.5797153377904514,-0.9242240061587265,1.5195233821868896,0.023858025670051575,1.5431561470031738,0.025779541581869125,0.04216179624199867,0.37879401445388794,1.5949885845184326,-0.04853084683418274
3.280976220275344,7.4840846470405396,1.7456898517131543,1.7456898517131543,0.32520374462844676,1.5196279287338257,0.0017311275005340576,1.5432690382003784,0.03762958198785782,0.04382109269499779,0.3596515953540802,1.5947760343551636,-0.3875524401664734
3.285356695869837,7.49652730248789,-1.1274278743960262,-1.1274278743960262,0.6197664984935749,1.519635558128357,0.012888463214039803,1.5434339046478271,0.04417010769248009,0.04539653658866882,0.40113428235054016,1.593078374862671,-0.26291513442993164
3.2897371714643304,8.094708415827764,-0.8160558423100525,-0.8160558423100525,0.6431286648697495,1.519692063331604,0.03204822540283203,1.543627381324768,0.050654202699661255,0.04715369641780853,0.35011065006256104,1.5919266939163208,-0.028316646814346313
3.294117647058824,7.530441156065017,-0.7160778903589168,-0.7160778903589168,-0.31908617376193643,1.5198324918746948,0.0521804541349411,1.543849229812622,0.06113836541771889,0.048687346279621124,0.3074978291988373,1.5918025970458984,0.21594925224781036
3.2984981226533163,7.622862361222129,-1.5413901137897377,-1.5413901137897377,0.017672870015118483,1.5200610160827637,0.04649408534169197,1.5441170930862427,0.06839458644390106,0.050034333020448685,0.29590439796447754,1.5927485227584839,0.10312189161777496
3.3028785982478097,2.048603346705871,-0.9355740965686227,-0.9355740965686227,-1.4872890502790048,1.5202646255493164,0.04991636797785759,1.5444166660308838,0.07608320564031601,0.05133053660392761,0.25037482380867004,1.5932002067565918,0.11540061980485916
3.3072590738423027,5.493695018538707,0.26511741421707125,0.26511741421707125,0.3889764840174948,1.5204832553863525,0.010985597968101501,1.5447499752044678,0.047614678740501404,0.052427299320697784,0.26648664474487305,1.5937057733535767,-0.4348812699317932
3.311639549436796,6.589239093675456,-3.1168774502436505,-3.1168774502436505,-0.16461839865486622,1.520531415939331,0.023607298731803894,1.5449585914611816,0.04085991904139519,0.05359463766217232,0.26286956667900085,1.5918008089065552,-0.2862158417701721
3.316020025031289,6.481809617978626,1.2385601269653395,1.2385601269653395,0.41300864797450715,1.5206347703933716,0.021970760077238083,1.5451375246047974,0.04174862056970596,0.05474613234400749,0.17665424942970276,1.5905470848083496,-0.3415592908859253
3.320400500625782,7.535992425492246,0.7774356428436148,0.7774356428436148,0.9415612177397042,1.520730972290039,0.035805150866508484,1.5453203916549683,0.041599124670028687,0.055519960820674896,0.20076297223567963,1.5890508890151978,-0.1822485774755478
3.324780976220276,3.4967361995139394,0.8548558827727344,0.8548558827727344,0.5433711173778278,1.520887851715088,0.06429268419742584,1.5455026626586914,0.048238661140203476,0.0563993975520134,0.19596998393535614,1.5882525444030762,0.17462687194347382
3.3291614518147683,6.232738991582968,2.1778907688701357,2.1778907688701357,-0.06255387026328586,1.5211695432662964,0.0803886353969574,1.545714020729065,0.028240136802196503,0.05725783854722977,0.20506632328033447,1.5890175104141235,0.3798862397670746
3.3335419274092613,5.125429253959487,0.24643096306138879,0.24643096306138879,-0.474331354275741,1.5215216875076294,0.08155883848667145,1.5458377599716187,0.026669025421142578,0.058156125247478485,0.27049440145492554,1.590681552886963,0.363177090883255
3.337922403003754,8.745737489463728,-0.06518930153867963,-0.06518930153867963,-0.05464112086231558,1.521878957748413,0.07124266028404236,1.5459545850753784,0.01796315610408783,0.05934102088212967,0.2915429472923279,1.592272400856018,0.19241604208946228
3.342302878598248,6.691904450820869,-5.090797523672337,-5.090797523672337,-0.4464840481443695,1.522191047668457,0.07387252151966095,1.546033263206482,0.03311682865023613,0.060618117451667786,0.29123491048812866,1.5931153297424316,0.18099072575569153
3.3466833541927405,5.385293662880835,-0.31757167468062236,-0.31757167468062236,0.006140263146429835,1.5225147008895874,0.06513309478759766,1.5461783409118652,0.03485726937651634,0.06189386546611786,0.1556062400341034,1.5939081907272339,0.022169634699821472
3.351063829787234,7.808926779697149,-1.2382518713746724,-1.2382518713746724,-0.2756127847768064,1.5227999687194824,0.06791666895151138,1.5463310480117798,0.02765420451760292,0.06257549673318863,0.1461528241634369,1.5940053462982178,0.03002912551164627
3.355444305381727,5.622272088484143,-0.7017954631978695,-0.7017954631978695,-0.026294674742421104,1.5230975151062012,0.06439419835805893,1.5464521646499634,0.036722976714372635,0.0632157176733017,0.11804071068763733,1.5941368341445923,-0.06402350962162018
3.3598247809762203,8.132611038786093,-1.6521617820675596,-1.6521617820675596,0.7748771120102064,1.5233795642852783,0.06648748368024826,1.5466129779815674,0.031109699979424477,0.06373279541730881,0.09831394255161285,1.5938563346862793,-0.06778939813375473
3.364205256570713,9.840495348535736,-0.9898593113046453,-0.9898593113046453,-0.15697471347243755,1.5236707925796509,0.09127877652645111,1.546749234199524,0.041674498468637466,0.0641634538769722,0.027436718344688416,1.5935593843460083,0.22857144474983215
3.368585732165206,4.739464834784996,-2.4522757318239314,-2.4522757318239314,-0.9450489264140156,1.5240706205368042,0.09206816554069519,1.5469317436218262,0.06413911283016205,0.06428363919258118,0.0031138472259044647,1.5945606231689453,0.18121172487735748
3.3729662077597,5.354558819250244,0.492418402037046,0.492418402037046,-0.08889294719811132,1.5244739055633545,0.06921082735061646,1.5472127199172974,0.053234416991472244,0.06429728120565414,-0.04090195521712303,1.595354437828064,-0.16432137787342072
3.3773466833541925,4.3850442980873785,-0.21373669577289917,-0.21373669577289917,0.6853851235379179,1.5247770547866821,0.06953516602516174,1.5474458932876587,0.045874740928411484,0.06411810964345932,-0.023925820365548134,1.5946346521377563,-0.1916193664073944
3.381727158948686,3.899965351764483,-0.7825397682236251,-0.7825397682236251,0.20448472237798118,1.5250816345214844,0.09006005525588989,1.5476468801498413,0.031578294932842255,0.06401330232620239,-0.05018302798271179,1.5937952995300293,0.06741592288017273
3.386107634543179,6.7898353678548435,-1.9007003090511347,-1.9007003090511347,-1.3757773675408353,1.525476098060608,0.097493015229702,1.5477851629257202,0.014381516724824905,0.06379348039627075,-0.07900726795196533,1.5940905809402466,0.14756524562835693
3.390488110137672,3.131574216230634,-2.4160252184638566,-2.4160252184638566,-0.7905240376624415,1.5259031057357788,0.06413982808589935,1.547848105430603,0.017356131225824356,0.06344739347696304,-0.09433668106794357,1.594736933708191,-0.3555753231048584
3.394868585732165,7.387540375700606,-0.14233872576694567,-0.14233872576694567,0.7553226853704638,1.52618408203125,0.044574569910764694,1.5479241609573364,-0.004350349307060242,0.06303415447473526,-0.1418064683675766,1.5931793451309204,-0.6455969214439392
3.399249061326658,6.938048318250238,0.7631146803249715,0.7631146803249715,0.13483566996619417,1.5263793468475342,0.06843190640211105,1.5479050874710083,0.0011639874428510666,0.06241297349333763,-0.16802102327346802,1.5903513431549072,-0.3573059141635895
3.403629536921151,6.481215308116015,1.0916022862850405,1.0916022862850405,0.536724525917657,1.5266791582107544,0.0754876583814621,1.547910213470459,0.0041680242866277695,0.061676960438489914,-0.14967328310012817,1.5887861251831055,-0.29932892322540283
3.4080100125156445,5.871409653638993,-1.2935479178542304,-1.2935479178542304,-0.10792139061571382,1.5270098447799683,0.09303562343120575,1.5479284524917603,0.0039644911885261536,0.06102132052183151,-0.1334690898656845,1.5874749422073364,-0.09260883927345276
3.412390488110137,7.663500282829212,-0.1897850362201126,-0.1897850362201126,0.46572465538324637,1.5274174213409424,0.09303606301546097,1.5479458570480347,4.3808016926050186e-05,0.060436662286520004,-0.16809314489364624,1.5870692729949951,-0.12569673359394073
3.4167709637046304,7.607248267664534,0.816053209882464,0.816053209882464,-0.3292852293634236,1.5278249979019165,0.10921576619148254,1.5479460954666138,0.007777942344546318,0.05970033258199692,-0.18723610043525696,1.58651864528656,0.05615620315074921
3.421151439299124,5.831709484218535,-0.6329308282428912,-0.6329308282428912,0.46973275307227924,1.5283033847808838,0.10408074408769608,1.5479801893234253,0.01548592559993267,0.05888015031814575,-0.15378859639167786,1.5867646932601929,-0.05708712339401245
3.4255319148936167,6.18598897111904,0.43238012752880606,0.43238012752880606,-0.42578862399315187,1.5287593603134155,0.11940107494592667,1.5480480194091797,0.011060168966650963,0.05820648372173309,-0.1859898716211319,1.5865145921707153,0.12389640510082245
3.42991239048811,5.586413313141042,1.2549172648049542,1.2549172648049542,-0.14835575920820346,1.5292824506759644,0.11092285811901093,1.5480964183807373,0.009365771897137165,0.057391759008169174,-0.1609286218881607,1.58705735206604,-0.02707122266292572
3.434292866082603,4.197715249045116,0.03977940197409072,0.03977940197409072,0.3728632024439413,1.5297683477401733,0.10953339189291,1.5481374263763428,0.0035793250426650047,0.05668681487441063,-0.11994859576225281,1.586938738822937,-0.0759793370962143
3.438673341677096,7.7896249431701925,-1.2770674365299557,-1.2770674365299557,0.28911511559145964,1.5302481651306152,0.1214093565940857,1.5481531620025635,-0.01166074350476265,0.05616138130426407,-0.1296757012605667,1.5866059064865112,0.06692124903202057
3.443053817271589,6.823575570635989,-1.1664348763037462,-1.1664348763037462,0.47947437274332066,1.5307799577713013,0.13265211880207062,1.5481021404266357,-0.0029905736446380615,0.055593341588974,-0.17541319131851196,1.5868990421295166,0.18259824812412262
3.4474342928660824,9.787024154448158,-2.1933036550502156,-2.1933036550502156,-0.3594057845735448,1.5313609838485718,0.14850914478302002,1.5480890274047852,-0.000832155579701066,0.05482494831085205,-0.22347895801067352,1.5876989364624023,0.36771029233932495
3.451814768460576,8.307629652725744,-2.4390175640347653,-2.4390175640347653,0.17360352870685009,1.5320115089416504,0.1431877613067627,1.548085331916809,0.021359870210289955,0.053846005350351334,-0.27703458070755005,1.5893096923828125,0.2442692667245865
3.4561952440550687,6.757366969012943,-0.5271427303179084,-0.5271427303179084,-0.8292231133047446,1.5326387882232666,0.15136849880218506,1.5481789112091064,0.03349808603525162,0.05263246223330498,-0.35333138704299927,1.5903797149658203,0.3165299594402313
3.4605757196495617,5.468890725540831,1.9452133307299921,1.9452133307299921,-0.6851724374574362,1.533301830291748,0.13200388848781586,1.5483256578445435,0.035842861980199814,0.05108470097184181,-0.34450969099998474,1.5917662382125854,0.014811098575592041
3.464956195244055,7.351579039538461,-0.9411900577058651,-0.9411900577058651,0.06006949198685652,1.5338801145553589,0.1158696860074997,1.5484826564788818,0.029608018696308136,0.04957558587193489,-0.2676940858364105,1.591831088066101,-0.2350238412618637
3.469336670838548,6.946547209136342,-0.13457990577219156,-0.13457990577219156,-0.22137295147443994,1.5343877077102661,0.12030375748872757,1.548612356185913,0.03545708581805229,0.04840295761823654,-0.29693403840065,1.5908015966415405,-0.2071271538734436
3.473717146433041,7.6797205210935475,-0.09724493924927735,-0.09724493924927735,0.45749673113676664,1.5349147319793701,0.11700471490621567,1.5487676858901978,0.038772646337747574,0.047102246433496475,-0.2943994104862213,1.5898942947387695,-0.2839965224266052
3.4780976220275344,5.48161610530822,-1.0863803685400846,-1.0863803685400846,-0.3838058959103469,1.535427212715149,0.13205187022686005,1.5489375591278076,0.04660247266292572,0.045812636613845825,-0.3105996251106262,1.5886502265930176,-0.10849238932132721
3.4824780976220278,7.45674043829902,0.0003617328011501775,0.0003617328011501775,0.6369572281191318,1.5360056161880493,0.12376075983047485,1.5491416454315186,0.04025841876864433,0.044452063739299774,-0.33111703395843506,1.5881749391555786,-0.24680937826633453
3.4868585732165203,5.000563965685359,0.6256915554406937,0.6256915554406937,-0.6289008229126747,1.5365477800369263,0.14337794482707977,1.5493179559707642,0.04655652120709419,0.04300161451101303,-0.34970763325691223,1.5870938301086426,-0.005067929625511169
3.4912390488110137,6.3815912994044135,1.4380589916650965,1.4380589916650965,-0.021769112045425275,1.5371758937835693,0.1282581388950348,1.5495219230651855,0.03711307793855667,0.04146973043680191,-0.31306955218315125,1.5870716571807861,-0.23485562205314636
3.4956195244055066,6.659771831574675,1.4867842406570948,1.4867842406570948,1.2751651327732925,1.5377377271652222,0.12974685430526733,1.5496845245361328,0.036575015634298325,0.04009833559393883,-0.27043795585632324,1.586042881011963,-0.23863603174686432
