t,u1,u2,u3,tau,x_q,xdot_q,z_q,zdot_q,theta,theta_dot,beta,beta_dot
0.0,8.756594228091185,0.9608688458583389,0.9608688458583389,0.3761548294958902,-2.0,0.0,2.0,0.0,1.0996558986975527e-05,0.0,0.3490658503991208,0.0
0.0043804755944931,8.717361349598242,-2.242899926032968,-2.242899926032968,-1.1585407150721017,-2.0,0.009565122425556183,2.0,0.04160064086318016,1.0996558557962999e-05,0.01707550324499607,0.3490658402442932,0.582302451133728
0.0087609511889862,7.27248186570481,-0.6496742756493127,-0.6496742756493127,-0.5802264348525337,-1.9999581575393677,0.00014498643577098846,2.0001821517944336,0.03056997060775757,8.579538553021848e-05,-0.014591222628951073,0.35161659121513367,0.004668295383453369
0.0131414267834793,4.14401574010265,0.197715205838347,0.197715205838347,0.27576122943379033,-1.99995756149292,-0.0030016645323485136,2.0003161430358887,0.027423743158578873,2.1878891857340932e-05,-0.01661931909620762,0.3516370356082916,-0.18582411110401154
0.0175219023779724,4.9989123718618265,-2.014472156470992,-2.014472156470992,-0.4085837503085883,-1.9999706745147705,0.002782517345622182,2.000436305999756,0.027781987562775612,-5.092163337394595e-05,-0.018898511305451393,0.3508230447769165,0.16340912878513336
0.0219023779724655,7.299600101415757,-0.798977826967,-0.798977826967,-0.7430371382917824,-1.9999585151672363,0.0005041742697358131,2.0005578994750977,0.011851219460368156,-0.0001337061112280935,-0.06579554080963135,0.35153886675834656,0.025148913264274597
0.0262828535669586,3.8852069967317022,-0.7580693857776255,-0.7580693857776255,0.12836362233893794,-1.9999562501907349,-0.0046698651276528835,2.000609874725342,0.003384494222700596,-0.0004219218681100756,-0.06742918491363525,0.3516490161418915,-0.28734540939331055
0.0306633291614518,4.695924467412715,1.3038164611777057,1.3038164611777057,-0.5798116345938503,-1.9999767541885376,-0.0008743146900087595,2.000624656677246,-0.0033988691866397858,-0.0007172937621362507,-0.09331583976745605,0.35039031505584717,-0.05821943283081055
0.0350438047559449,5.122693292715631,1.3140892176819272,1.3140892176819272,0.37177566531931483,-1.9999805688858032,-0.005476535297930241,2.000609874725342,-0.027642659842967987,-0.001126061542890966,-0.038307927548885345,0.35013529658317566,-0.33607539534568787
0.039424280350438,8.419287581419525,-0.07854506842987335,-0.07854506842987335,-0.7477791714063962,-2.000004529953003,0.002003700938075781,2.000488758087158,-0.015992578119039536,-0.001293868524953723,-0.010789383202791214,0.3486631214618683,0.11897680163383484
0.0438047559449311,2.287442929216204,2.7706886631667986,2.7706886631667986,-0.9428404337977827,-1.9999957084655762,-0.0026236530393362045,2.0004186630249023,-0.015454435721039772,-0.0013411311665549874,0.008754372596740723,0.3491843044757843,-0.15880724787712097
0.0481852315394242,7.570136856288753,0.08076310085605418,0.08076310085605418,0.7580860246496978,-2.000007152557373,-0.013054413720965385,2.0003509521484375,-0.07180595397949219,-0.0013027827953919768,0.11720119416713715,0.3484886586666107,-0.7927041053771973
0.0525657071339173,6.31796763035143,1.6674741694713509,1.6674741694713509,-1.9128160967570305,-2.0000643730163574,0.0006179334595799446,2.0000364780426025,-0.026956476271152496,-0.0007893858128227293,0.09742121398448944,0.3450162410736084,0.03744196891784668
0.0569461827284105,7.374570211806412,-0.5431563698120954,-0.5431563698120954,0.2104290069542828,-2.0000617504119873,-0.0193696990609169,1.9999183416366577,-0.08339241147041321,-0.00036263454239815474,0.20197704434394836,0.3451802432537079,-1.191114902496338
0.0613266583229036,9.242620321833458,0.9494678124093088,0.9494678124093088,-0.08947639385854889,-2.0001466274261475,-0.012437315657734871,1.9995530843734741,-0.05882369726896286,0.0005221209721639752,0.17996996641159058,0.33996260166168213,-0.7806898355484009
0.0657071339173967,4.2410879395357854,-0.634291808617396,-0.634291808617396,0.21808883886878616,-2.0002012252807617,-0.008306076750159264,1.9992953538894653,-0.029060764238238335,0.0013104750541970134,0.2103104293346405,0.3365428149700165,-0.5322643518447876
0.0700876095118898,8.835697611457684,1.4184347930517234,1.4184347930517234,-0.9100767657856141,-2.0002377033233643,-0.003299006726592779,1.999168038368225,-0.029773501679301262,0.0022317348048090935,0.18541821837425232,0.33421123027801514,-0.2224178910255432
0.0744680851063829,8.987398655050594,0.26759300155447463,0.26759300155447463,0.5208865485052765,-2.0002522468566895,-0.009210269898176193,1.9990376234054565,-0.03135809302330017,0.003043954726308584,0.2534181475639343,0.3332369327545166,-0.6066187620162964
0.078848560700876,5.752841750690523,-1.2303337051430248,-1.2303337051430248,0.2884954645031299,-2.0002925395965576,0.002064451575279236,1.998900294303894,0.01730998232960701,0.00415404699742794,0.24602116644382477,0.3305796682834625,0.09485781192779541
0.0832290362953692,4.1038593083086345,0.23781326745509382,0.23781326745509382,-1.1146362131481184,-2.0002834796905518,0.008699986152350903,1.9989761114120483,0.03150176256895065,0.005231736693531275,0.20166653394699097,0.33099520206451416,0.510211706161499
0.0876095118898623,3.884753164966685,0.16313246475521187,0.16313246475521187,-0.3637007959493395,-2.0002453327178955,-0.002038402482867241,1.9991141557693481,-0.015984274446964264,0.006115132011473179,0.24116234481334686,0.3332301676273346,-0.1903076171875
0.0919899874843554,6.949657711886241,-1.3014926295044533,-1.3014926295044533,-0.3647235325541067,-2.0002541542053223,-0.0040910616517066956,1.9990441799163818,-0.03950577974319458,0.0071715377271175385,0.2565475404262543,0.332396537065506,-0.3315044045448303
0.0963704630788485,8.002052935212454,-0.32349015398484254,-0.32349015398484254,0.5101117374058657,-2.000272035598755,-0.004310798365622759,1.998871088027954,-0.037882301956415176,0.008295337669551373,0.2291909158229828,0.33094438910484314,-0.36809369921684265
0.1007509386733416,6.85998098329225,1.6975938469339076,1.6975938469339076,-0.8179133698986523,-2.000290870666504,0.0064611551351845264,1.9987051486968994,0.0023933015763759613,0.009299302473664284,0.20484709739685059,0.3293319642543793,0.29215601086616516
0.1051314142678347,9.297173856075409,0.20106358317660097,0.20106358317660097,-1.1767001774898302,-2.000262498855591,0.0009792204946279526,1.9987156391143799,-0.012249987572431564,0.010196629911661148,0.27830788493156433,0.3306117355823517,-0.089234858751297
0.1095118898623279,7.3315019029349,0.40261829683546024,0.40261829683546024,-0.8776453465913931,-2.000258207321167,-0.007249591872096062,1.998661994934082,-0.019152097404003143,0.011415750719606876,0.3185429573059082,0.3302208483219147,-0.6576533317565918
0.113892365456821,8.162793830764928,1.902244234330961,1.902244234330961,0.25340289690459505,-2.0002899169921875,-0.012993285432457924,1.9985780715942383,-0.03198273479938507,0.012811120599508286,0.35593071579933167,0.3273400068283081,-1.0678086280822754
0.1182728410513141,4.558033329802061,-1.5479113788135304,-1.5479113788135304,-0.2071941984939656,-2.0003468990325928,-0.004770549945533276,1.9984380006790161,0.0008020959794521332,0.01437026634812355,0.40408211946487427,0.32266250252723694,-0.5950784087181091
0.1226533166458072,5.9093993347201526,-0.377941554348856,-0.377941554348856,-0.29334955452895106,-2.0003678798675537,-0.00424797460436821,1.998441457748413,-0.011805601418018341,0.01614033803343773,0.3649289309978485,0.3200557827949524,-0.5940350890159607
0.1270337922403003,7.869964078274928,-1.846375119831451,-1.846375119831451,0.4368571287680776,-2.0003864765167236,-0.003799908794462681,1.998389720916748,-0.01624254882335663,0.01773890107870102,0.36245858669281006,0.31745362281799316,-0.6110668182373047
0.1314142678347934,7.642170363158063,-1.7938206002704766,-1.7938206002704766,1.2004957867020043,-2.0004031658172607,0.006234591826796532,1.9983185529708862,0.02062932774424553,0.019326642155647278,0.2957809567451477,0.31477686762809753,-0.008658051490783691
0.1357947434292866,4.252607807538698,-0.8542772248105794,-0.8542772248105794,-1.6171901497726775,-2.000375747680664,0.024634281173348427,1.9984089136123657,0.08201321959495544,0.02062230370938778,0.2083374261856079,0.314738929271698,1.1627064943313599
0.1401752190237797,5.49677918375588,1.224537837676945,1.224537837676945,-0.3504558782604461,-2.000267744064331,0.009531675837934017,1.9987682104110718,0.018244042992591858,0.02153492160141468,0.23061689734458923,0.3198321461677551,0.08938741683959961
0.1445556946182728,7.2882427961712635,-0.06802532404676717,-0.06802532404676717,-0.03318931833948996,-2.0002260208129883,0.009202617220580578,1.9988480806350708,0.008478561416268349,0.022545132786035538,0.27661171555519104,0.32022371888160706,0.015301905572414398
0.1489361702127659,7.70453573741333,-1.5699514449534193,-1.5699514449534193,-0.5322746674045529,-2.00018572807312,0.013736502267420292,1.9988852739334106,0.024386368691921234,0.02375682443380356,0.2755943834781647,0.320290744304657,0.24286282062530518
0.153316645807259,5.026950328084216,-0.7701922267006142,-0.7701922267006142,0.4746468044353399,-2.0001256465911865,0.012930079363286495,1.9989920854568481,0.02654694765806198,0.02496405877172947,0.24529093503952026,0.32135459780693054,0.10816799104213715
0.1576971214017521,7.960587994605769,1.6263505280217023,1.6263505280217023,0.1273618678520546,-2.0000689029693604,0.02184710092842579,1.9991083145141602,0.041299007833004,0.026038549840450287,0.20893768966197968,0.3218284249305725,0.6408040523529053
0.1620775969962453,5.73187170899631,-0.4932256836600761,-0.4932256836600761,-1.0637099628606146,-1.999973177909851,0.02896307036280632,1.9992892742156982,0.06823527812957764,0.026953795924782753,0.2527129054069519,0.32463544607162476,1.0130345821380615
0.1664580725907384,4.217268306517168,-0.8234556506539595,-0.8234556506539595,-0.5430528672227439,-1.999846339225769,0.020938441157341003,1.999588131904602,0.03583051264286041,0.028060799464583397,0.2693728506565094,0.3290730118751526,0.4086710214614868
0.1708385481852315,9.833292652788337,2.0211900348162373,2.0211900348162373,0.4705652236549442,-1.9997546672821045,0.01766299083828926,1.9997451305389404,0.008915351703763008,0.02924078144133091,0.2611842155456543,0.33086317777633667,0.14472368359565735
0.1752190237797246,4.946797912206085,0.7707800052926312,0.7707800052926312,-0.8547358904541005,-1.999677300453186,0.03043421357870102,1.999784231185913,0.06297296285629272,0.030384892597794533,0.3064673840999603,0.3314971327781677,0.8403866291046143
0.1795994993742177,6.953811505937825,0.5295448112730936,0.5295448112730936,-1.5261560046984801,-1.9995440244674683,0.024166684597730637,2.0000600814819336,0.03134513273835182,0.03172736614942551,0.3539375960826874,0.3351784348487854,0.36639273166656494
0.1839799749687108,4.560945251972611,-0.38841979700468143,-0.38841979700468143,-0.258570018390066,-1.9994381666183472,0.011261973530054092,2.000197410583496,-0.006707463413476944,0.03327777981758118,0.41397058963775635,0.33678340911865234,-0.5451659560203552
0.188360450563204,10.429642454194589,0.6878868227871553,0.6878868227871553,0.07531616750888992,-1.9993888139724731,0.011737641878426075,2.0001680850982666,-0.02104937471449375,0.03509116917848587,0.4101785719394684,0.33439531922340393,-0.5825692415237427
0.1927409261576971,4.497903908361364,3.380438363680816,3.380438363680816,0.4520986034378867,-1.9993374347686768,0.020832180976867676,2.0000758171081543,0.024315139278769493,0.03688794746994972,0.42806756496429443,0.33184337615966797,-0.16439059376716614
0.1971214017521902,3.4815335826886793,-2.0614891302819895,-2.0614891302819895,-0.27928643073709236,-1.9992461204528809,0.029723040759563446,2.0001823902130127,0.03384539484977722,0.03876308724284172,0.5135843753814697,0.3311232626438141,0.33294668793678284
0.2015018773466833,8.621049422863772,0.6731711042910836,0.6731711042910836,-0.1891011979393753,-1.9991159439086914,0.029238510876893997,2.000330686569214,0.009939106181263924,0.041012831032276154,0.4615384042263031,0.3325817286968231,0.24297091364860535
0.2058823529411764,5.661458940958745,-2.292799831246637,-2.292799831246637,-1.405621973978091,-1.9989879131317139,0.03405890613794327,2.0003743171691895,0.031415730714797974,0.043034590780735016,0.4867194890975952,0.3336460590362549,0.3995787799358368
0.2102628285356695,4.871526204826915,-1.0421271669977226,-1.0421271669977226,-0.014043530618461642,-1.9988386631011963,0.022115599364042282,2.000511884689331,-0.013140641152858734,0.04516665264964104,0.4608110785484314,0.335396409034729,-0.46492692828178406
0.2146433041301627,7.327866457625049,-2.0130343627573684,-2.0130343627573684,-0.18756372892854192,-1.9987417459487915,0.026130296289920807,2.0004544258117676,-0.01653650403022766,0.047185223549604416,0.4307877719402313,0.33335980772972107,-0.3062964081764221
0.2190237797246558,8.03760485830661,-1.1982871802912836,-1.1982871802912836,0.38317968855446144,-1.9986273050308228,0.030229946598410606,2.0003819465637207,-0.005645938217639923,0.049072280526161194,0.3774782419204712,0.33201807737350464,-0.1930255889892578
0.2234042553191489,6.638895291251158,0.06118659350091227,0.06118659350091227,-0.05179562844476138,-1.9984948635101318,0.041770488023757935,2.000357151031494,0.03066088631749153,0.05072581395506859,0.33129438757896423,0.33117252588272095,0.3760705590248108
0.227784730913642,6.608880414673567,-0.12811478318852057,-0.12811478318852057,-0.16199501207577474,-1.9983118772506714,0.0470406636595726,2.0004913806915283,0.04054698720574379,0.05217704176902771,0.33459383249282837,0.3328198790550232,0.5682601928710938
0.2321652065081351,8.64486980386454,-2.1408125320684266,-2.1408125320684266,0.03690519478715193,-1.998105764389038,0.05109299719333649,2.000669002532959,0.04638863354921341,0.053642723709344864,0.33558323979377747,0.33530911803245544,0.6761974692344666
0.2365456821026282,8.077649148634457,0.3507175563491349,0.3507175563491349,0.03537175175846391,-1.9978820085525513,0.059467658400535583,2.0008721351623535,0.07576990872621536,0.05511273816227913,0.2719869911670685,0.3382711708545685,1.0051307678222656
0.2409261576971214,9.070795776321308,-0.11456831069998441,-0.11456831069998441,-1.3829674969666037,-1.9976215362548828,0.06753738969564438,2.001204013824463,0.10036895424127579,0.056304171681404114,0.28119608759880066,0.3426741361618042,1.3130302429199219
0.2453066332916145,4.842983497589241,-0.3557012894917114,-0.3557012894917114,-1.132746907603537,-1.9973256587982178,0.05952044203877449,2.001643657684326,0.08461020886898041,0.057535942643880844,0.3182373642921448,0.34842583537101746,0.5844479203224182
0.2496871088861076,3.5109909793599297,1.0378747196309042,1.0378747196309042,-1.2584387261741135,-1.9970649480819702,0.05017853528261185,2.002014398574829,0.04279308021068573,0.05892997235059738,0.3409295678138733,0.3509860038757324,-0.10249799489974976
0.2540675844806007,6.454770696538498,0.7217177532935262,0.7217177532935262,0.020698576900413268,-1.9968451261520386,0.037883028388023376,2.002201795578003,-0.014193393290042877,0.06042340770363808,0.4079892039299011,0.3505370020866394,-0.9306391477584839
0.2584480600750938,4.900131287138761,-1.606654516931187,-1.606654516931187,-0.6310634086656592,-1.9966791868209839,0.0446048304438591,2.0021395683288574,-0.0035168444737792015,0.06221059337258339,0.4284611940383911,0.34646037220954895,-0.6907722353935242
0.2628285356695869,6.945126004166651,0.21237585659210667,0.21237585659210667,0.09926508108250354,-1.9964838027954102,0.041739046573638916,2.002124071121216,-0.02778218314051628,0.06408745795488358,0.3999708294868469,0.3434344530105591,-0.9966588020324707
0.2672090112640801,2.038904591745924,1.184121479273852,1.184121479273852,-0.12525926604950244,-1.9963009357452393,0.05002268776297569,2.002002477645874,-0.010350802913308144,0.06583952158689499,0.4032740294933319,0.33906862139701843,-0.6796824336051941
0.2715894868585732,5.619205463351695,1.1397088412117256,1.1397088412117256,0.02146181037444056,-1.996081829071045,0.05063384771347046,2.0019571781158447,-0.0408705398440361,0.06760605424642563,0.4415121078491211,0.3360912799835205,-0.7030662894248962
0.2759699624530663,7.045093736840714,-0.2870751866367613,-0.2870751866367613,0.46136963419801125,-1.995859980583191,0.05662684887647629,2.0017781257629395,-0.03691416233778,0.06954009085893631,0.47416847944259644,0.3330115079879761,-0.49043625593185425
0.2803504380475594,4.989927777909428,-2.1495428170141913,-2.1495428170141913,-0.845842923245715,-1.9956119060516357,0.06927291303873062,2.0016164779663086,-0.006114784628152847,0.07161717116832733,0.45231151580810547,0.33086317777633667,0.10447752475738525
0.2847309136420525,5.0395161556331765,0.6779724173435053,0.6779724173435053,-0.3334763222869981,-1.9953083992004395,0.06441798061132431,2.001589775085449,-0.037014640867710114,0.07359851151704788,0.4142393469810486,0.3313208520412445,-0.35921505093574524
0.2891113892365456,5.317704686463546,0.2812695561710296,0.2812695561710296,0.4729140641096768,-1.9950262308120728,0.06573773175477982,2.00142765045166,-0.04994691163301468,0.07541307806968689,0.44377684593200684,0.3297473192214966,-0.4342937767505646
0.2934918648310388,6.17731785420816,1.474340336167919,1.474340336167919,-0.3190407339315654,-1.994738221168518,0.07689591497182846,2.001208782196045,-0.032931335270404816,0.07735703140497208,0.43818020820617676,0.32784491777420044,0.10932037234306335
0.2978723404255319,3.7894268001287634,-0.0009084749797119984,-0.0009084749797119984,-0.6980090198240585,-1.9944013357162476,0.07970700412988663,2.0010645389556885,-0.035989537835121155,0.07927647233009338,0.4905526340007782,0.3283237814903259,0.08543595671653748
0.302252816020025,8.648386726172678,-3.5483621400975895,-3.5483621400975895,-0.1798143348749367,-1.9940521717071533,0.07560791075229645,2.0009069442749023,-0.0717165470123291,0.08142532408237457,0.510910153388977,0.3286980390548706,-0.30836912989616394
0.3066332916145181,7.066989330230441,-1.3068017511767493,-1.3068017511767493,1.29950717471575,-1.9937210083007812,0.08291826397180557,2.0005927085876465,-0.04966350272297859,0.08366335183382034,0.4125378727912903,0.3273472487926483,-0.14010436832904816
0.3110137672090112,5.034411530965923,-0.43372921162940375,-0.43372921162940375,-2.566929878334782,-1.99335777759552,0.10584183037281036,2.000375270843506,0.010164212435483932,0.08547046035528183,0.33642539381980896,0.3267335295677185,1.0895894765853882
0.3153942428035043,8.564415170529053,2.4074980558798362,2.4074980558798362,-0.2381243718121107,-1.992894172668457,0.08180199563503265,2.000419855117798,-0.07957541942596436,0.08694416284561157,0.3987216055393219,0.3315064609050751,-0.671045184135437
0.3197747183979975,8.970334196074786,-2.6170591177398386,-2.6170591177398386,0.49332998387148225,-1.9925358295440674,0.08874154090881348,2.0000712871551514,-0.06026142090559006,0.08869075030088425,0.4759821593761444,0.3285669684410095,-0.5495477914810181
0.3241551939924906,5.613157152132259,-1.4457879050177407,-1.4457879050177407,0.16204329475233098,-1.9921470880508423,0.10475829988718033,1.999807357788086,-0.012482386082410812,0.09077578037977219,0.38514894247055054,0.32615968585014343,0.13879656791687012
0.3285356695869837,5.998758802919736,-0.09496212879223329,-0.09496212879223329,-1.2497118456678384,-1.9916882514953613,0.1130770742893219,1.9997526407241821,-0.0036738114431500435,0.09246291220188141,0.33819517493247986,0.3267676830291748,0.459024578332901
0.3329161451814768,6.867676358157536,-0.3742813620297518,-0.3742813620297518,-0.4274605756320648,-1.9911929368972778,0.10552392154932022,1.9997365474700928,-0.0401853509247303,0.09394437074661255,0.3719175159931183,0.3287784159183502,-0.27288565039634705
0.3372966207759699,8.082791166690209,-1.0140390796429544,-1.0140390796429544,-1.4489732241594622,-1.9907306432724,0.10857851803302765,1.9995604753494263,-0.041305746883153915,0.0955735445022583,0.3734705150127411,0.32758304476737976,-0.3534356951713562
0.341677096370463,7.632429572043778,1.5882158080375048,1.5882158080375048,0.8596102703715589,-1.9902549982070923,0.10124233365058899,1.9993795156478882,-0.06749464571475983,0.09720952063798904,0.38617196679115295,0.326034814119339,-1.1621276140213013
0.3460575719649562,5.506196999866971,0.18288737549069828,0.18288737549069828,0.20547926728016058,-1.9898115396499634,0.12057040631771088,1.9990838766098022,-0.01820235326886177,0.09890113770961761,0.40744954347610474,0.3209441304206848,-0.24367159605026245
0.3504380475594493,5.217511444026785,1.620305861454387,1.620305861454387,-0.12355626834134625,-1.9892834424972534,0.12950190901756287,1.9990041255950928,-0.008758209645748138,0.1006859615445137,0.40678977966308594,0.3198767304420471,0.10618075728416443
0.3548185231539424,6.879756250045565,-0.4594892694541211,-0.4594892694541211,-1.1972275914494273,-1.9887161254882812,0.13437515497207642,1.9989657402038574,-0.013008092530071735,0.10246789455413818,0.45771607756614685,0.3203418552875519,0.19754034280776978
0.3591989987484355,4.6111125291849016,-1.436174751346209,-1.436174751346209,-0.4788748694417053,-1.9881274700164795,0.12908244132995605,1.9989087581634521,-0.04052038863301277,0.10447290539741516,0.4792603850364685,0.3212071657180786,-0.46276068687438965
0.3635794743429286,6.261946156857236,1.1342309843713176,1.1342309843713176,-0.7394801539687773,-1.9875620603561401,0.12932050228118896,1.998731255531311,-0.06201115623116493,0.10657229274511337,0.45130419731140137,0.31918004155158997,-0.661014974117279
0.3679599499374217,7.537798475113132,-0.11916035365904826,-0.11916035365904826,0.3710105210727671,-1.9869955778121948,0.12877357006072998,1.9984595775604248,-0.07889845967292786,0.10854922235012054,0.5060225129127502,0.3162844777107239,-0.9973591566085815
0.3723404255319149,7.765241468764037,-0.5795469326609253,-0.5795469326609253,0.42087457840132836,-1.9864314794540405,0.1425870805978775,1.998113989830017,-0.04706118628382683,0.11076584458351135,0.491707980632782,0.3119155764579773,-0.44985902309417725
0.376720901126408,6.194456836829072,2.7093605965809777,2.7093605965809777,-0.41828779348924783,-1.9858068227767944,0.1570901721715927,1.9979078769683838,-0.011537093669176102,0.11291976273059845,0.4624924957752228,0.3099449872970581,0.1437305212020874
0.3811013767209011,2.5206093887348766,-0.2831231990108073,-0.2831231990108073,0.1465618392887667,-1.9851187467575073,0.1603415161371231,1.9978573322296143,-0.017905209213495255,0.11494570225477219,0.5538297295570374,0.31057459115982056,0.04818666726350784
0.3854818523153942,6.948157712799957,1.6319064818313502,1.6319064818313502,-0.5685977990822155,-1.9844163656234741,0.16520608961582184,1.9977788925170898,-0.03504970669746399,0.11737173795700073,0.5412815809249878,0.3107856810092926,0.2484743297100067
0.3898623279098873,6.227895388602572,-0.12014773747219376,-0.12014773747219376,0.16918725152057584,-1.9836926460266113,0.16796156764030457,1.9976253509521484,-0.04041247442364693,0.11974281072616577,0.6055432558059692,0.311874121427536,0.0664292573928833
0.3942428035043804,4.148623010740278,-0.8670399758909406,-0.8670399758909406,-0.3388522531502158,-1.982956886291504,0.17806343734264374,1.9974483251571655,-0.02625272236764431,0.12239538133144379,0.5970937609672546,0.31216511130332947,0.41579508781433105
0.3986232790988736,4.306868049357817,-0.7972412813139541,-0.7972412813139541,-1.2171357937902163,-1.9821768999099731,0.17987555265426636,1.997333288192749,-0.04676517844200134,0.12501093745231628,0.5816690325737,0.31398648023605347,0.30769234895706177
0.4030037546933667,6.691967793569848,-2.4154965230548955,-2.4154965230548955,-0.25344135982393107,-1.9813889265060425,0.17211532592773438,1.9971284866333008,-0.09626065194606781,0.12755893170833588,0.593931257724762,0.3153343200683594,-0.45780235528945923
0.4073842302878598,5.606640434321392,-0.27802773171240863,-0.27802773171240863,0.6867077174317602,-1.9806349277496338,0.17852497100830078,1.9967068433761597,-0.09291170537471771,0.1301606297492981,0.5307924151420593,0.31332892179489136,-0.41077977418899536
0.4117647058823529,7.845892636433339,-0.5488104805083276,-0.5488104805083276,-0.4887674981836159,-1.9798529148101807,0.19403570890426636,1.9962998628616333,-0.06606999039649963,0.1324857473373413,0.5026190876960754,0.3115295171737671,0.3075123429298401
0.416145181476846,8.508412237500877,1.6406758607498322,1.6406758607498322,0.4857021549213112,-1.9790029525756836,0.19964314997196198,1.996010422706604,-0.06134627014398575,0.13468745350837708,0.500865638256073,0.3128765821456909,0.21843181550502777
0.4205256570713391,7.277913726098918,-1.428776587566208,-1.428776587566208,-1.2533617548758733,-1.978128433227539,0.21716640889644623,1.9957417249679565,-0.017565760761499405,0.136881485581398,0.5345945358276367,0.31383341550827026,0.888698160648346
0.4249061326658322,3.38154906429754,0.42607921138533134,0.42607921138533134,-0.5140407068477616,-1.9771771430969238,0.21375860273838043,1.9956648349761963,-0.043948665261268616,0.13922326266765594,0.5294718742370605,0.31772634387016296,0.20223110914230347
0.4292866082603254,4.002401978183512,-2.734769200265297,-2.734769200265297,0.4696018232951986,-1.9762407541275024,0.21287871897220612,1.9954723119735718,-0.07682954519987106,0.14154259860515594,0.5569263696670532,0.3186122179031372,-0.06518641114234924
0.4336670838548185,7.012400570970257,-1.351708239496514,-1.351708239496514,-1.2902289868745387,-1.9753082990646362,0.22412045300006866,1.99513578414917,-0.07074049115180969,0.1439822018146515,0.4633485674858093,0.3183266818523407,0.432173490524292
0.4380475594493116,5.0418342407526335,0.7361497999942004,0.7361497999942004,-0.46695794784570654,-1.974326491355896,0.2199791520833969,1.9948259592056274,-0.10053222626447678,0.14601188898086548,0.4615531861782074,0.32021981477737427,-0.2914862036705017
0.4424280350438047,3.2134684752619473,-2.3044793456817825,-2.3044793456817825,-0.232755936040475,-1.973362922668457,0.22227196395397186,1.9943856000900269,-0.11816564202308655,0.14803370833396912,0.49668774008750916,0.31894296407699585,-0.46398359537124634
0.4468085106382978,4.862764010781253,-0.19441742333092174,-0.19441742333092174,-1.166070713805819,-1.9723892211914062,0.22455309331417084,1.9938679933547974,-0.1427709460258484,0.150209441781044,0.43618685007095337,0.3169105052947998,-0.5248917937278748
0.4511889862327909,8.911903498745144,1.778985272119535,1.778985272119535,0.5234062528977272,-1.9714056253433228,0.2188798487186432,1.993242621421814,-0.1859908103942871,0.15212014317512512,0.46456220746040344,0.3146112263202667,-1.2313454151153564
0.4555694618272841,6.9240776065304726,1.005521258020939,1.005521258020939,-0.6687089804145407,-1.9704468250274658,0.2387840449810028,1.992427945137024,-0.1378125250339508,0.15415515005588531,0.5012291073799133,0.30921733379364014,-0.5173579454421997
0.4599499374217772,3.7397075606469303,-1.0654996757501722,-1.0654996757501722,0.015296177572735437,-1.9694008827209473,0.24216227233409882,1.9918242692947388,-0.14700159430503845,0.156350776553154,0.5501219630241394,0.30695104598999023,-0.7741686105728149
0.4643304130162703,3.8445098401271793,-2.208155627801113,-2.208155627801113,-0.6855928730827449,-1.9683400392532349,0.2482718825340271,1.9911803007125854,-0.15875424444675446,0.15876057744026184,0.5185592770576477,0.303559809923172,-0.6285710334777832
0.4687108886107634,4.034104571600892,-1.1953269384303418,-1.1953269384303418,-0.25146653645251427,-1.967252492904663,0.24694736301898956,1.9904848337173462,-0.19387856125831604,0.16103211045265198,0.4740956127643585,0.3008063733577728,-1.0082255601882935
0.4730913642052565,8.525259940146778,0.609853177800814,0.609853177800814,0.42189620101097774,-1.9661707878112793,0.2508171796798706,1.9896355867385864,-0.21247029304504395,0.16310887038707733,0.44653189182281494,0.2963898777961731,-1.0532355308532715
0.4774718397997496,4.019034369600838,-0.39460237364568507,-0.39460237364568507,0.7943949468023526,-1.9650720357894897,0.26902103424072266,1.9887049198150635,-0.1708097755908966,0.16506488621234894,0.4520208239555359,0.29177621006965637,-0.42838484048843384
0.4818523153942428,5.778466600183127,-0.30506508547188094,-0.30506508547188094,-1.0231387554791027,-1.9638936519622803,0.2837359309196472,1.9879566431045532,-0.15316927433013916,0.16704495251178741,0.4172983467578888,0.28989967703819275,0.3158774971961975
0.4862327909887359,5.890373819598765,-2.8891313526055273,-2.8891313526055273,0.5953158002040345,-1.9626507759094238,0.2824029326438904,1.9872857332229614,-0.18419227004051208,0.1688729226589203,0.43826836347579956,0.29128336906433105,-0.248607337474823
0.490613266583229,3.79508393335378,0.3372885970486574,0.3372885970486574,-0.6051654234378632,-1.9614137411117554,0.2981277406215668,1.9864789247512817,-0.15808790922164917,0.17079274356365204,0.3365114629268646,0.2901943624019623,0.4127788543701172
0.4949937421777221,6.646799458067952,1.950320099885813,1.950320099885813,0.4003587364206869,-1.9601078033447266,0.2980554401874542,1.9857864379882812,-0.19091010093688965,0.17226682603359222,0.36403411626815796,0.29200252890586853,0.09252911806106567
0.4993742177722152,4.245617164839148,1.1276871144529017,1.1276871144529017,-0.703100071912151,-1.9588022232055664,0.31312838196754456,1.9849501848220825,-0.16538409888744354,0.17386147379875183,0.409297913312912,0.2924078404903412,0.6340319514274597
0.5037546933667083,6.298745871163977,0.43212286700842584,0.43212286700842584,-0.35897318970209124,-1.9574306011199951,0.31286656856536865,1.9842257499694824,-0.19792324304580688,0.17565439641475677,0.462762713432312,0.2951852083206177,0.2560811936855316
0.5081351689612015,4.264776196336518,-2.1347755810528057,-2.1347755810528057,-0.4885610651860701,-1.9560600519180298,0.3195890784263611,1.9833587408065796,-0.2016465961933136,0.17768152058124542,0.4858652353286743,0.2963069677352905,0.21181273460388184
0.5125156445556946,6.5448515402703284,-1.1904158663530469,-1.1904158663530469,-1.8146118895375931,-1.9546600580215454,0.32159721851348877,1.9824753999710083,-0.22656609117984772,0.1798098385334015,0.43779054284095764,0.29723480343818665,-0.0034860819578170776
0.5168961201501877,5.672079291979822,-0.598215829149406,-0.598215829149406,-0.46177896031997023,-1.9532513618469238,0.31343579292297363,1.981482982635498,-0.2787540555000305,0.1817275732755661,0.4560190439224243,0.29721954464912415,-1.1377533674240112
0.5212765957446808,8.066332821030553,-1.7578148150423212,-1.7578148150423212,0.11759239740835908,-1.951878309249878,0.31849050521850586,1.9802619218826294,-0.29129552841186523,0.18372514843940735,0.4520346522331238,0.2922356426715851,-1.2820943593978882
0.5256570713391739,7.059769740486876,-1.1291536866991183,-1.1291536866991183,-0.0668728275416044,-1.9504832029342651,0.3338828384876251,1.9789859056472778,-0.26411908864974976,0.1857052743434906,0.39726680517196655,0.2866194546222687,-0.9025914669036865
0.5300375469336671,8.538450577605435,1.0514749148591402,1.0514749148591402,-0.1401502414515132,-1.9490206241607666,0.3454970419406891,1.9778289794921875,-0.25154435634613037,0.1874454915523529,0.3662448227405548,0.2826656699180603,-0.6984238624572754
0.5344180225281602,7.840479397129699,-0.7105709230034261,-0.7105709230034261,-0.5457051066961278,-1.9475071430206299,0.35889872908592224,1.9767271280288696,-0.22936603426933289,0.1890498250722885,0.4010440707206726,0.27960625290870667,-0.496066153049469
0.5387984981226532,6.0274760650683294,-1.0324790265872683,-1.0324790265872683,-0.9440713383528857,-1.9459350109100342,0.36704936623573303,1.9757224321365356,-0.22703561186790466,0.190806582570076,0.39622947573661804,0.27743324637413025,-0.624944806098938
0.5431789737171464,6.108767818469538,-0.2863510141723167,-0.2863510141723167,-0.43650796478911463,-1.9443271160125732,0.36822745203971863,1.9747278690338135,-0.2534956634044647,0.19254225492477417,0.393647700548172,0.2746956944465637,-1.1199511289596558
0.5475594493116396,6.219201118454138,0.2020529054619049,0.2020529054619049,-0.09576879622689066,-1.9427140951156616,0.374845951795578,1.973617434501648,-0.2616530656814575,0.19426661729812622,0.3980327546596527,0.26978978514671326,-1.2287588119506836
0.5519399249061326,6.451971431246799,-0.7273850999678857,-0.7273850999678857,-0.5622004648862152,-1.9410721063613892,0.3850972354412079,1.9724712371826172,-0.25702565908432007,0.19601018726825714,0.4067300856113434,0.2644072473049164,-1.0762215852737427
0.5563204005006257,6.263856156185707,-1.7878742789077575,-1.7878742789077575,-0.026109588240507298,-1.939385175704956,0.39129990339279175,1.97134530544281,-0.2667882442474365,0.19779185950756073,0.40190616250038147,0.25969287753105164,-1.2672762870788574
0.5607008760951189,8.08515881979594,0.8155511077453208,0.8155511077453208,-0.00022630950360730262,-1.9376710653305054,0.402372807264328,1.9701766967773438,-0.2593548893928528,0.19955240190029144,0.3504570424556732,0.25414159893989563,-1.0603238344192505
0.565081351689612,7.2566578900591985,0.003272239949092204,0.003272239949092204,0.9708291305727597,-1.9359084367752075,0.41680341958999634,1.9690406322479248,-0.23603299260139465,0.2010875642299652,0.37428033351898193,0.24949687719345093,-0.7678008079528809
0.5694618272841051,1.9366575018726886,-1.088284035051028,-1.088284035051028,0.542359787144501,-1.9340826272964478,0.43837970495224,1.9680067300796509,-0.18536284565925598,0.20272709429264069,0.34602460265159607,0.24613355100154877,0.22789961099624634
0.5738423028785982,6.416076226251966,-0.699601543190324,-0.699601543190324,-1.4381440720683139,-1.9321622848510742,0.4465981125831604,1.9671947956085205,-0.19337105751037598,0.20424284040927887,0.29840463399887085,0.2471318542957306,0.7074956893920898
0.5782227784730913,5.1248119769188465,-2.4054937043078626,-2.4054937043078626,-0.4541737600754454,-1.9302059412002563,0.44533905386924744,1.9663476943969727,-0.23427802324295044,0.20555000007152557,0.319972425699234,0.2502310276031494,-0.14581042528152466
0.5826032540675845,7.0363189031373405,-1.1525595603986716,-1.1525595603986716,-0.8093617558698616,-1.9282552003860474,0.4504367709159851,1.96532142162323,-0.2511695325374603,0.20695163309574127,0.2629877030849457,0.24959230422973633,-0.30306684970855713
0.5869837296620776,5.789299236055636,0.04901054943546779,0.04901054943546779,-0.06608382398249418,-1.9262820482254028,0.4558558464050293,1.9642212390899658,-0.2648773789405823,0.20810364186763763,0.2529652416706085,0.24826472997665405,-0.6592122316360474
0.5913642052565706,8.467706860723808,0.4112194760020812,0.4112194760020812,0.003981475631178566,-1.9242851734161377,0.46579334139823914,1.963060975074768,-0.262722373008728,0.20921175181865692,0.2563263475894928,0.2453770637512207,-0.49937742948532104
0.5957446808510638,6.11704287780258,1.3008398128976486,1.3008398128976486,-0.44642274491779865,-1.9222447872161865,0.4811662435531616,1.9619101285934448,-0.23613256216049194,0.21033458411693573,0.268218994140625,0.24318955838680267,-0.1895725131034851
0.600125156445557,5.224061453494705,-2.578782496716724,-2.578782496716724,0.13990848254409233,-1.9201370477676392,0.4883418381214142,1.9608757495880127,-0.2446589171886444,0.21150951087474823,0.3192445933818817,0.24235914647579193,-0.3049379587173462
0.60450563204005,7.562590689823031,0.009141947599886846,0.009141947599886846,-1.314424719450603,-1.9179978370666504,0.4990612268447876,1.9598040580749512,-0.2398831993341446,0.21290795505046844,0.23985019326210022,0.24102337658405304,-0.01000550389289856
0.6088861076345431,4.375580488853634,3.4696684173787964,3.4696684173787964,0.29446968047398936,-1.9158116579055786,0.5014662742614746,1.958753228187561,-0.2671419382095337,0.21395860612392426,0.27850252389907837,0.24097955226898193,-0.7282384634017944
0.6132665832290363,4.9115825776199795,-0.9984832972789746,-0.9984832972789746,-0.7928412404879273,-1.9136149883270264,0.5121250748634338,1.9575830698013306,-0.2639125883579254,0.21517857909202576,0.3712283968925476,0.23778952658176422,-0.34735172986984253
0.6176470588235294,6.42407228023799,-2.7803678509021448,-2.7803678509021448,-0.24473313993135945,-1.9113715887069702,0.514374315738678,1.956426978111267,-0.2945743501186371,0.21680474281311035,0.3652229905128479,0.23626795411109924,-0.7678718566894531
0.6220275344180225,7.393222669262844,0.3135995140097137,0.3135995140097137,-0.22780989267854446,-1.909118413925171,0.5242352485656738,1.9551366567611694,-0.2935643196105957,0.2184045910835266,0.29117441177368164,0.232904314994812,-0.7197670936584473
0.6264080100125156,5.427254628884015,0.352878851620181,0.352878851620181,0.2542353779902364,-1.9068219661712646,0.5360700488090515,1.9538507461547852,-0.2840251326560974,0.2196800708770752,0.3069852888584137,0.22975139319896698,-0.6237335205078125
0.6307884856070087,4.704853993818693,-0.9652967435376993,-0.9652967435376993,0.12254245241668427,-1.9044737815856934,0.5482742786407471,1.9526065587997437,-0.27357789874076843,0.22102481126785278,0.3098659813404083,0.22701914608478546,-0.23504436016082764
0.6351689612015019,2.3940082324961773,0.9150009365150522,0.9150009365150522,-1.352981285188205,-1.9020720720291138,0.5579958558082581,1.9514081478118896,-0.27368319034576416,0.22238217294216156,0.27809762954711914,0.22598953545093536,0.028040796518325806
0.639549436795995,6.821028341745544,2.078615842946309,2.078615842946309,-1.5639954268248695,-1.8996278047561646,0.5514537692070007,1.9502092599868774,-0.3448539078235626,0.223600372672081,0.3443298935890198,0.22611236572265625,-0.9065810441970825
0.643929912390488,4.095892420282831,0.6471776788367015,0.6471776788367015,1.0075071595658915,-1.8972121477127075,0.5516416430473328,1.94869863986969,-0.3872721195220947,0.22510869801044464,0.45070570707321167,0.2221411168575287,-1.8400022983551025
0.6483103879849812,4.961381273797473,-0.10832060692017292,-0.10832060692017292,-0.9707111184626089,-1.8947956562042236,0.5680416822433472,1.9470021724700928,-0.3612357974052429,0.2270829975605011,0.44018295407295227,0.2140810340642929,-0.9308993816375732
0.6526908635794744,3.4316958229858594,0.774113582408011,0.774113582408011,0.08259364256563095,-1.8923074007034302,0.5700141191482544,1.9454197883605957,-0.3980153203010559,0.22901120781898499,0.46536749601364136,0.21000325679779053,-1.4838645458221436
0.6570713391739674,6.069766147627922,2.0911111299913516,2.0911111299913516,-0.45511495653659173,-1.8898104429244995,0.5775230526924133,1.943676233291626,-0.4100637137889862,0.23104974627494812,0.4855620861053467,0.20350322127342224,-1.2971165180206299
0.6614518147684605,8.518770858238002,-2.0819163486654144,-2.0819163486654144,0.2883441173599396,-1.8872805833816528,0.585923433303833,1.9418799877166748,-0.41958707571029663,0.23317673802375793,0.5599199533462524,0.1978212296962738,-1.4207218885421753
0.6658322903629537,6.562352915311577,-2.298584151010469,-2.298584151010469,0.6952119379416057,-1.8847140073776245,0.6044119000434875,1.9400420188903809,-0.3826819658279419,0.23562945425510406,0.4907008409500122,0.19159778952598572,-0.8943817019462585
0.6702127659574468,5.7245270402713535,-0.6474795793104116,-0.6474795793104116,-0.7494433929394382,-1.8820663690567017,0.6217495799064636,1.9383656978607178,-0.3472564220428467,0.23777896165847778,0.40327250957489014,0.1876799762248993,-0.13184982538223267
0.6745932415519399,3.992372712705273,-0.838816503099193,-0.838816503099193,-0.4100680200865243,-1.879342794418335,0.6275174021720886,1.9368445873260498,-0.3701065182685852,0.23954549431800842,0.4062501788139343,0.18710240721702576,-0.49034857749938965
0.678973717146433,8.162514158260699,-0.12842366373545544,-0.12842366373545544,-0.350644974886142,-1.8765939474105835,0.6323988437652588,1.9352233409881592,-0.39505618810653687,0.24132506549358368,0.3937293589115143,0.1849544495344162,-0.6553784608840942
0.6833541927409261,8.085623317304755,0.81245756288894,0.81245756288894,0.5387921093312662,-1.8738237619400024,0.6457459330558777,1.9334927797317505,-0.38382843136787415,0.24304978549480438,0.4002189338207245,0.18208357691764832,-0.6246287226676941
0.6877346683354193,6.549047744846764,-1.5290420337554114,-1.5290420337554114,-0.8014908527729152,-1.870995044708252,0.664862871170044,1.9318114519119263,-0.34153884649276733,0.24480293691158295,0.4082108438014984,0.17934741079807281,0.07472866773605347
0.6921151439299124,6.2292248209427115,-1.8209038858025912,-1.8209038858025912,-0.8142286007081629,-1.8680826425552368,0.6722769737243652,1.930315375328064,-0.35960909724235535,0.24659109115600586,0.3869640529155731,0.17967475950717926,-0.29341742396354675
0.6964956195244054,6.482127078928133,-1.7461949347688184,-1.7461949347688184,-0.831285011317819,-1.8651376962661743,0.6790758967399597,1.92874014377594,-0.38076716661453247,0.248286172747612,0.3575659394264221,0.17838944494724274,-0.6827720403671265
0.7008760951188986,6.221188189783323,0.3898731066795176,0.3898731066795176,0.09039457575387444,-1.8621630668640137,0.6864268779754639,1.9270721673965454,-0.4005073308944702,0.2498524785041809,0.33084768056869507,0.1753985732793808,-1.0759024620056152
0.7052565707133918,4.571400518238504,-1.8701510605922,-1.8701510605922,0.2401169983083361,-1.8591561317443848,0.6993640661239624,1.9253177642822266,-0.3895290195941925,0.25130173563957214,0.33959341049194336,0.17068560421466827,-0.7827335000038147
0.7096370463078848,5.4285870279586925,-2.2271175154057494,-2.2271175154057494,-1.0989477669395082,-1.8560925722122192,0.7098850011825562,1.9236114025115967,-0.386648952960968,0.25278931856155396,0.2779668867588043,0.16725686192512512,-0.436260461807251
0.7140175219023779,8.91103404639657,-0.4091156871066959,-0.4091156871066959,-0.15702054272196966,-1.852982997894287,0.7138980031013489,1.9219176769256592,-0.42463794350624084,0.254006952047348,0.24502074718475342,0.16534583270549774,-1.0698018074035645
0.718397997496871,7.503264303807217,-1.398173429056031,-1.398173429056031,-0.06774196667522686,-1.8498557806015015,0.7306491136550903,1.9200575351715088,-0.4006020426750183,0.2550802528858185,0.2376587688922882,0.16065959632396698,-0.8665386438369751
0.7227784730913642,9.893674426837173,1.329491584875246,1.329491584875246,0.764291544401788,-1.8466551303863525,0.7450965642929077,1.9183026552200317,-0.38485071063041687,0.25612130761146545,0.19880595803260803,0.1568637490272522,-0.6468576788902283
0.7271589486858573,9.335831597680276,-2.262760031752081,-2.262760031752081,-0.6666584772429688,-1.8433912992477417,0.7688757181167603,1.9166167974472046,-0.31982022523880005,0.2569921612739563,0.21531158685684204,0.1540302038192749,0.2870684266090393
0.7315394242803503,5.71324431223592,-0.6829786851241388,-0.6829786851241388,-0.27597486184267234,-1.8400232791900635,0.783462405204773,1.9152158498764038,-0.31059175729751587,0.2579353153705597,0.16870036721229553,0.1552876979112625,0.1204642504453659
0.7359198998748435,2.685974260098974,-1.9896391041080845,-1.9896391041080845,0.38244354645873074,-1.836591362953186,0.7931503653526306,1.9138553142547607,-0.3168974220752716,0.258674293756485,0.1568145602941513,0.15581539273262024,0.11816591024398804
0.7403003754693367,3.9171131068725487,1.7369892318009255,1.7369892318009255,0.09734935524351257,-1.8331170082092285,0.8006009459495544,1.912467122077942,-0.32429078221321106,0.259361207485199,0.08754222840070724,0.15633301436901093,0.5037534236907959
0.7446808510638298,6.293856906607412,-1.5563028614947139,-1.5563028614947139,-1.913903468627817,-1.829609990119934,0.8089473247528076,1.9110466241836548,-0.33187878131866455,0.25974467396736145,0.1354249119758606,0.15853969752788544,0.7185094952583313
0.7490613266583228,7.571874225360843,0.5542344301936591,0.5542344301936591,1.4337888501212834,-1.8260663747787476,0.810582160949707,1.909592866897583,-0.39212745428085327,0.2603378891944885,0.1458679884672165,0.16168710589408875,-0.4993501305580139
0.753441802252816,4.450390676257138,-1.8495632523278402,-1.8495632523278402,-0.4214473642367855,-1.822515606880188,0.8340896368026733,1.9078751802444458,-0.3221459984779358,0.2609768509864807,0.12018221616744995,0.15949971973896027,0.856257975101471
0.7578222778473092,4.3173514460700435,-0.9084542464838287,-0.9084542464838287,-0.4367047092002918,-1.8188618421554565,0.8406840562820435,1.9064639806747437,-0.34399354457855225,0.26150330901145935,0.07847670465707779,0.16325053572654724,0.6986119151115417
0.7622027534418022,4.306615047461568,0.35999558060026204,0.35999558060026204,-0.8009167040957683,-1.8151792287826538,0.8468586206436157,1.9049571752548218,-0.36745911836624146,0.2618470788002014,0.06470011919736862,0.16631078720092773,0.5246992707252502
0.7665832290362953,4.879323997040708,-1.0075264221983236,-1.0075264221983236,-1.777078000217731,-1.811469554901123,0.850766122341156,1.9033474922180176,-0.4040238559246063,0.2621304988861084,0.09860243648290634,0.16860921680927277,0.0754828155040741
0.7709637046307884,7.686237233735303,-2.2655859992838163,-2.2655859992838163,-0.593536431746879,-1.8077428340911865,0.84979248046875,1.9015777111053467,-0.47079968452453613,0.26256242394447327,0.12107577919960022,0.16893987357616425,-1.089971899986267
0.7753441802252816,6.180817455173506,1.7274641779892566,1.7274641779892566,0.2494536032223733,-1.8040202856063843,0.8619422912597656,1.8995153903961182,-0.472476601600647,0.2630927860736847,0.07224662601947784,0.16416527330875397,-1.2606080770492554
0.7797246558197747,5.5183927154593615,-1.484541025196244,-1.484541025196244,0.7732251739575136,-1.8002445697784424,0.8762014508247375,1.8974456787109375,-0.456284761428833,0.26340925693511963,0.11540921777486801,0.1586432158946991,-0.8492938280105591
0.7841051314142677,4.588881714333935,-0.20705247591318554,-0.20705247591318554,-1.0829723411523222,-1.7964063882827759,0.891855001449585,1.8954468965530396,-0.4266938269138336,0.2639147937297821,0.0494752898812294,0.15492290258407593,-0.06658238172531128
0.7884856070087609,6.3300516227328325,-5.050818646540795,-5.050818646540795,-1.25005965819461,-1.7924996614456177,0.8949921131134033,1.8935778141021729,-0.47112077474594116,0.2641315162181854,0.07505492866039276,0.15463124215602875,-0.7187748551368713
0.7928660826032541,8.323407041437848,-1.0183354211154214,-1.0183354211154214,1.1462631202861886,-1.7885792255401611,0.9008083343505859,1.8915140628814697,-0.5073865056037903,0.2644602954387665,-0.035939283668994904,0.15148267149925232,-1.434368371963501
0.7972465581977471,2.4309741838871313,-0.9137667355647774,-0.9137667355647774,-0.16293636825371582,-1.7846332788467407,0.9241642951965332,1.889291524887085,-0.44162243604660034,0.2643028497695923,-0.09915242344141006,0.1451994627714157,-0.26916635036468506
0.8016270337922402,8.125255580535976,-1.231474402532866,-1.231474402532866,-0.7660736477873322,-1.7805850505828857,0.9281604886054993,1.8873569965362549,-0.4706621766090393,0.263868510723114,-0.12107905000448227,0.14402039349079132,-0.30466166138648987
0.8060075093867334,7.424015178696648,-1.6614667606478637,-1.6614667606478637,0.4856455451672384,-1.7765192985534668,0.9403175711631775,1.8852952718734741,-0.4750041663646698,0.2633381187915802,-0.134670227766037,0.14268583059310913,-0.5905286073684692
0.8103879849812266,7.42262200784508,-1.2470315752515222,-1.2470315752515222,-0.7798118588601646,-1.7724002599716187,0.9575839638710022,1.8832144737243652,-0.4401370882987976,0.26274821162223816,-0.19737271964550018,0.14009903371334076,0.04330742359161377
0.8147684605757196,8.333638584004301,0.3002905435925284,0.3002905435925284,0.824681256220652,-1.7682056427001953,0.9682621359825134,1.8812865018844604,-0.4506855010986328,0.26188361644744873,-0.21101701259613037,0.14028874039649963,-0.27831366658210754
0.8191489361702127,6.495791413836601,-1.2110404140568538,-1.2110404140568538,-0.8209408709257808,-1.7639641761779785,0.9888365864753723,1.87931227684021,-0.3962059020996094,0.260959267616272,-0.22633087635040283,0.1390695869922638,0.6441777944564819
0.8235294117647058,4.762220168650145,0.9450389653260448,0.9450389653260448,-0.9996860658091704,-1.7596325874328613,0.9975106716156006,1.8775767087936401,-0.4157688021659851,0.2599678337574005,-0.23772302269935608,0.14189139008522034,0.2581785023212433
0.827909887359199,4.725396994772732,-0.6872629980166892,-0.6872629980166892,-0.2463047719732905,-1.7552629709243774,1.0017127990722656,1.8757554292678833,-0.45583376288414,0.25892648100852966,-0.18093088269233704,0.1430223286151886,-0.32506850361824036
0.8322903629536921,7.387867126510885,1.308064083060191,1.308064083060191,0.4881710880751125,-1.7508749961853027,1.0096814632415771,1.8737586736679077,-0.4691496193408966,0.2581339180469513,-0.19380825757980347,0.14159837365150452,-0.34084171056747437
0.8366708385481851,5.483259151157297,0.05290434819317558,0.05290434819317558,-0.24999219593812627,-1.7464520931243896,1.0265617370605469,1.8717036247253418,-0.4344022274017334,0.257284939289093,-0.16986477375030518,0.14010532200336456,0.29373037815093994
0.8410513141426783,6.9845004769819345,0.045018073151959215,0.045018073151959215,-0.7875676027742105,-1.741955280303955,1.0359265804290771,1.8698006868362427,-0.4416612982749939,0.25654086470603943,-0.1610192358493805,0.14139200747013092,0.30243614315986633
0.8454317897371715,3.954527028947065,2.0783612102974827,2.0783612102974827,0.06985057755936536,-1.737417459487915,1.0454223155975342,1.867866039276123,-0.45596927404403687,0.25583553314208984,-0.13670510053634644,0.14271682500839233,-0.04057973623275757
0.8498122653316645,7.984862012717439,-0.4602673508001357,-0.4602673508001357,-0.830396716921831,-1.7328380346298218,1.0534179210662842,1.8658686876296997,-0.46419382095336914,0.2552366852760315,-0.07805022597312927,0.14253906905651093,0.15460969507694244
0.8541927409261576,4.538945791085666,-0.5094465718125423,-0.5094465718125423,0.7363921671730862,-1.7282235622406006,1.0645294189453125,1.863835334777832,-0.4718583822250366,0.25489479303359985,-0.06724127382040024,0.1432163268327713,-0.18463055789470673
0.8585732165206508,5.684792784096887,-0.41300736736133004,-0.41300736736133004,-0.78534961974235,-1.7235604524612427,1.0770870447158813,1.861768364906311,-0.45139309763908386,0.25460025668144226,-0.10362371802330017,0.14240755140781403,0.5348358154296875
0.8629536921151439,7.68067762045962,0.7665472464503208,0.7665472464503208,-0.9125520971556884,-1.7188422679901123,1.0840331315994263,1.8597910404205322,-0.47619763016700745,0.2541463375091553,-0.09275014698505402,0.14475038647651672,0.1467541754245758
0.867334167709637,7.851299068492095,1.045312330653394,1.045312330653394,-0.8788105079449667,-1.7140936851501465,1.0940383672714233,1.8577051162719727,-0.48926571011543274,0.2537400424480438,-0.04371512308716774,0.1453932374715805,-0.26536476612091064
0.8717146433041301,9.681565570426732,-0.23556180323755221,-0.23556180323755221,0.23776111161431973,-1.709301233291626,1.1045265197753906,1.8555618524551392,-0.4997245669364929,0.2535485625267029,0.012475363910198212,0.14423081278800964,-0.645829439163208
0.8760951188986232,6.173136404329833,0.44247751761105225,0.44247751761105225,-0.5844162012523362,-1.7044628858566284,1.1244280338287354,1.8533728122711182,-0.45520466566085815,0.2536032199859619,-0.0013471664860844612,0.1414017677307129,-0.1174209713935852
0.8804755944931164,3.816705886958177,1.4367931787758172,1.4367931787758172,-0.26482124600874024,-1.6995373964309692,1.1332608461380005,1.8513787984848022,-0.46879851818084717,0.25359731912612915,0.028641384094953537,0.14088740944862366,-0.33621686697006226
0.8848560700876095,3.69598127032368,0.15571820205236797,0.15571820205236797,-0.6405819890381731,-1.694573163986206,1.1392381191253662,1.849325180053711,-0.4901464283466339,0.25372278690338135,0.07833391427993774,0.13941462337970734,-0.39864233136177063
0.8892365456821025,6.986286871104836,-0.6007345827707467,-0.6007345827707467,-0.016012409227506408,-1.6895827054977417,1.1431083679199219,1.8471781015396118,-0.5259742140769958,0.25406593084335327,0.1015884056687355,0.13766838610172272,-0.7491172552108765
0.8936170212765957,7.8560384028222465,-0.50980949179974,-0.50980949179974,-0.08472290826744161,-1.6845753192901611,1.1564934253692627,1.8448741436004639,-0.5125539302825928,0.25451093912124634,0.08451266586780548,0.13438689708709717,-0.5096290707588196
0.8979974968710889,4.231209271525922,-2.9295396698846203,-2.9295396698846203,-0.8592958590267976,-1.6795092821121216,1.1711231470108032,1.8426289558410645,-0.4945053160190582,0.2548811435699463,0.07209879159927368,0.13215447962284088,-0.290818452835083
0.902377972465582,8.479957955302401,0.38041504012603733,0.38041504012603733,-0.016310847714627597,-1.6743792295455933,1.1751011610031128,1.8404628038406372,-0.5338563919067383,0.2551969587802887,0.011641107499599457,0.13088054955005646,-0.787283182144165
0.906758448060075,8.145441361476234,0.42223846379127133,0.42223846379127133,0.4466663964179886,-1.6692317724227905,1.1913161277770996,1.8381242752075195,-0.5082817077636719,0.25524795055389404,0.02322676219046116,0.12743186950683594,-0.49452537298202515
0.9111389236545682,1.350512456997949,0.9031521013694395,0.9031521013694395,-0.9878286623184444,-1.6640132665634155,1.2089042663574219,1.8358978033065796,-0.4687759578227997,0.25534969568252563,0.022513389587402344,0.12526561319828033,0.13558709621429443
0.9155193992490612,7.028949037406497,-0.2617134208770071,-0.2617134208770071,0.9913757044490087,-1.6587176322937012,1.2069957256317139,1.8338443040847778,-0.5362699031829834,0.2554483115673065,0.0777360200881958,0.12585954368114471,-0.561612606048584
0.9198998748435544,6.118246432461047,-1.1928154597177023,-1.1928154597177023,-0.08128506621191045,-1.653430461883545,1.2249205112457275,1.8314951658248901,-0.4862774610519409,0.2557888329029083,0.04114184528589249,0.12339941412210464,0.4395148754119873
0.9242803504380476,10.68688817029259,1.2007473726757623,1.2007473726757623,-0.8356959445514938,-1.6480647325515747,1.2362030744552612,1.8293650150299072,-0.48229479789733887,0.2559690475463867,0.008681632578372955,0.12532469630241394,0.5980279445648193
0.9286608260325406,8.742017629537429,-3.0299786519692473,-3.0299786519692473,-0.7611607242589813,-1.642649531364441,1.2528094053268433,1.8272523880004883,-0.4682060778141022,0.2560070753097534,0.06815223395824432,0.12794435024261475,0.3512847423553467
0.9330413016270338,6.483350825455577,-1.4707309546717675,-1.4707309546717675,0.83192806221079,-1.6371616125106812,1.265977144241333,1.825201392173767,-0.46727830171585083,0.25630560517311096,0.0018955618143081665,0.1294831484556198,0.09100538492202759
0.9374217772215268,3.935266715082338,-0.21631270674565622,-0.21631270674565622,-1.6135716321267415,-1.6316159963607788,1.2822610139846802,1.8231544494628906,-0.42748621106147766,0.25631392002105713,-0.06534938514232635,0.12988179922103882,0.9522280693054199
0.94180225281602,6.005929070097956,0.5843274628419127,0.5843274628419127,0.6230895449229847,-1.625999093055725,1.282395362854004,1.821281909942627,-0.49640917778015137,0.2560276687145233,-0.02454499527812004,0.13405300676822662,-0.1243826150894165
0.9461827284105132,4.829095700403441,-1.3653539319940347,-1.3653539319940347,-0.9507992061506041,-1.6203815937042236,1.2969303131103516,1.8191074132919312,-0.46802833676338196,0.2559201419353485,-0.025676971301436424,0.13350814580917358,0.5621407628059387
0.9505632040050064,4.715808621894016,-0.8038017936145975,-0.8038017936145975,0.5064593679110934,-1.614700436592102,1.3016563653945923,1.8170572519302368,-0.5058020353317261,0.25580766797065735,-0.03778328374028206,0.1359705924987793,0.01811695098876953
0.9549436795994992,6.267963762588622,-1.6355442014652453,-1.6355442014652453,-0.5445890329521164,-1.6089985370635986,1.3131940364837646,1.814841628074646,-0.49213260412216187,0.2556421458721161,-0.07604706287384033,0.13604995608329773,0.5702095627784729
0.9593241551939924,2.5061795355776897,-0.6884619893920572,-0.6884619893920572,-0.43387674430828144,-1.6032460927963257,1.322605013847351,1.8126858472824097,-0.503569483757019,0.25530901551246643,-0.10790641605854034,0.13854774832725525,0.3847029209136963
0.9637046307884856,7.570776053217524,-0.4360519403524195,-0.4360519403524195,-1.0390639645689284,-1.5974524021148682,1.3252754211425781,1.810479998588562,-0.5416900515556335,0.2548363208770752,-0.11534111201763153,0.14023293554782867,0.14739669859409332
0.9680851063829788,7.05869089457471,0.6771956533142232,0.6771956533142232,-0.2495092733741661,-1.5916470289230347,1.334550142288208,1.8081071376800537,-0.5602253675460815,0.2543310821056366,-0.09773124754428864,0.1408786028623581,-0.3643512725830078
0.9724655819774718,6.907957234516822,0.9166989847384773,0.9166989847384773,0.20898453974324493,-1.5858010053634644,1.3468451499938965,1.8056530952453613,-0.5545881390571594,0.25390297174453735,-0.070668525993824,0.13928256928920746,-0.2984450161457062
0.9768460575719649,7.211262445724477,0.7147437095674565,0.7147437095674565,-0.38874645731166035,-1.5799012184143066,1.3611259460449219,1.803223729133606,-0.5337130427360535,0.25359341502189636,-0.05000101774930954,0.13797523081302643,0.10813260078430176
0.981226533166458,6.597847531111518,0.9667104966368903,0.9667104966368903,-0.6874544407994203,-1.5739388465881348,1.372949481010437,1.800885796546936,-0.5318207740783691,0.2533743977546692,-0.017775610089302063,0.13844890892505646,0.07435467839241028
0.9856070087609512,7.286085064734546,0.7625799883129195,0.7625799883129195,-1.4672927692540492,-1.5679246187210083,1.382096290588379,1.7985562086105347,-0.545654833316803,0.25329652428627014,0.030531246215105057,0.13877461850643158,-0.20700129866600037
0.9899874843554444,5.360841513167396,-0.7287235169102709,-0.7287235169102709,0.45498778390278644,-1.5618703365325928,1.388645052909851,1.796165943145752,-0.5818749070167542,0.2534302771091461,0.09565059840679169,0.13786785304546356,-1.0522868633270264
0.9943679599499372,7.045043970862874,-2.2442398791499474,-2.2442398791499474,-0.9411097491025368,-1.555787444114685,1.401365041732788,1.7936170101165771,-0.5648078918457031,0.2538492679595947,0.06108247488737106,0.13325834274291992,-0.5157362818717957
0.9987484355444304,5.0438831912557,-2.237263007072607,-2.237263007072607,0.20236064489437527,-1.5496487617492676,1.4102833271026611,1.7911429405212402,-0.5841385722160339,0.25411683320999146,0.02302694320678711,0.13099917769432068,-0.9726499915122986
1.0031289111389237,7.649606737941227,-1.391018712770931,-1.391018712770931,1.1163576101726898,-1.543471097946167,1.4210187196731567,1.7885841131210327,-0.5787221789360046,0.2542177140712738,-0.04821779578924179,0.126738503575325,-0.6383965015411377
1.0075093867334166,9.896555493240038,-1.5519235412621446,-1.5519235412621446,-1.3236257913414808,-1.5372463464736938,1.4406967163085938,1.7860490083694458,-0.5191624760627747,0.2540065050125122,-0.12144113332033157,0.12394202500581741,0.4794731140136719
1.0118898623279098,5.760780145216366,-1.207957279255158,-1.207957279255158,-0.7458709463189384,-1.5309354066848755,1.4534798860549927,1.7837748527526855,-0.5290367603302002,0.25347453355789185,-0.12810814380645752,0.12604235112667084,-0.1640094518661499
1.016270337922403,7.765790558324148,-0.7236521045976605,-0.7236521045976605,-0.4580098048054143,-1.5245684385299683,1.4609540700912476,1.7814574241638184,-0.5518416166305542,0.25291335582733154,-0.1416025310754776,0.12532390654087067,-0.5199299454689026
1.020650813516896,8.047365311620435,-2.1456802158171087,-2.1456802158171087,0.12280906276082382,-1.5181688070297241,1.4735476970672607,1.7790400981903076,-0.5479358434677124,0.25229308009147644,-0.14936013519763947,0.12304636836051941,-0.586435854434967
1.0250312891113893,7.3200095161246495,0.3954865669805926,0.3954865669805926,-0.8901134411231739,-1.511713981628418,1.4892445802688599,1.7766398191452026,-0.520831286907196,0.251638799905777,-0.21560722589492798,0.12047749757766724,-0.20439589023590088
1.0294117647058822,7.452643969028011,-0.8895079179542746,-0.8895079179542746,1.0626174503325252,-1.505190372467041,1.4990270137786865,1.7743582725524902,-0.536101758480072,0.2506943345069885,-0.17806363105773926,0.1195821464061737,-0.613266110420227
1.0337922403003754,6.590727984673857,-1.4225292728235377,-1.4225292728235377,-0.35428759998403886,-1.4986239671707153,1.5175443887710571,1.7720098495483398,-0.47999709844589233,0.24991433322429657,-0.23507188260555267,0.11689575016498566,0.456823468208313
1.0381727158948686,5.244737437683182,-0.35485317718077286,-0.35485317718077286,-0.9909293744679909,-1.4919763803482056,1.5282679796218872,1.7699072360992432,-0.48192235827445984,0.24888460338115692,-0.26626792550086975,0.11889685690402985,0.426196813583374
1.0425531914893615,7.6571004785716905,0.458333358957047,0.458333358957047,0.7035829796789708,-1.4852818250656128,1.5337189435958862,1.7677961587905884,-0.5177416205406189,0.2477182298898697,-0.24769248068332672,0.12076380103826523,-0.13334763050079346
1.0469336670838547,5.545734510222681,1.1145799161798116,1.1145799161798116,-0.09335909396878694,-1.4785634279251099,1.5508877038955688,1.7655282020568848,-0.4728439450263977,0.24663321673870087,-0.25485455989837646,0.1201796755194664,0.6731908321380615
1.051314142678348,7.2724086570308115,0.30219194095506435,0.30219194095506435,-1.3169788499319786,-1.4717698097229004,1.560738444328308,1.76345694065094,-0.47387629747390747,0.245516836643219,-0.21957892179489136,0.12312857061624527,0.8021678328514099
1.055694618272841,6.759639349334885,1.4768242982770952,1.4768242982770952,-0.4318683776484114,-1.4649330377578735,1.56831955909729,1.7613811492919922,-0.5048165917396545,0.24455498158931732,-0.1722940057516098,0.12664245069026947,0.06962227821350098
1.0600750938673342,5.327596380695407,-1.604566779544674,-1.604566779544674,-1.01749827385842,-1.458063006401062,1.5787149667739868,1.7591698169708252,-0.5080655217170715,0.24380025267601013,-0.1165541261434555,0.12694743275642395,-0.013039961457252502
1.0644555694618272,5.365796814078059,-1.9888217549205924,-1.9888217549205924,0.6545543314300332,-1.451147437095642,1.5837724208831787,1.7569442987442017,-0.5440738797187805,0.24328969419002533,-0.13369838893413544,0.12689031660556793,-0.589351236820221
1.0688360450563203,5.881651897968943,-1.8158930146089158,-1.8158930146089158,-0.59567862445149,-1.4442098140716553,1.5966275930404663,1.754560947418213,-0.5196409821510315,0.24270403385162354,-0.21089336276054382,0.12430867552757263,0.09801924228668213
1.0732165206508135,6.133748170527502,1.0970722121586396,1.0970722121586396,0.188824893001714,-1.437215805053711,1.6046229600906372,1.7522846460342407,-0.5359448790550232,0.24178022146224976,-0.24652749300003052,0.12473804503679276,-0.13993245363235474
1.0775969962453065,4.180620415765509,-1.3815095096218166,-1.3815095096218166,-0.639274063299484,-1.4301867485046387,1.6165753602981567,1.7499369382858276,-0.5219546556472778,0.24070031940937042,-0.22000379860401154,0.12412507086992264,0.2234785556793213
1.0819774718397996,6.522792222742682,-1.3823077810266398,-1.3823077810266398,0.28864474790481326,-1.4231053590774536,1.6212459802627563,1.7476505041122437,-0.5537241101264954,0.23973660171031952,-0.24167943000793457,0.12510401010513306,-0.10859242081642151
1.0863579474342928,8.437323845659401,-0.821866999332691,-0.821866999332691,-0.8737488944425453,-1.4160035848617554,1.6342729330062866,1.745224952697754,-0.5329373478889465,0.23867793381214142,-0.29047656059265137,0.12462832033634186,0.3442506492137909
1.090738423028786,4.499671162421833,-1.3240030446274487,-1.3240030446274487,-0.38817698474856527,-1.4088447093963623,1.645453691482544,1.742890477180481,-0.5382862687110901,0.23740550875663757,-0.2889614403247833,0.12613630294799805,-0.011464446783065796
1.0951188986232792,6.05971173262485,-0.11852400739122582,-0.11852400739122582,0.6462686378229274,-1.4016368389129639,1.6517077684402466,1.7405325174331665,-0.5583809018135071,0.236139714717865,-0.3162905275821686,0.12608608603477478,-0.14238552749156952
1.099499374217772,5.978718602813967,0.817339779303114,0.817339779303114,0.23667250805110185,-1.3944015502929688,1.6654150485992432,1.7380865812301636,-0.5284839272499084,0.23475420475006104,-0.33862489461898804,0.1254623681306839,0.5638752579689026
1.1038798498122653,5.316351671591094,-0.7950236252621464,-0.7950236252621464,-1.5691927461685804,-1.3871062994003296,1.6771080493927002,1.7357715368270874,-0.5139750242233276,0.23327086865901947,-0.3216675817966461,0.12793241441249847,0.9580157995223999
1.1082603254067585,3.88548214157937,-0.6875740801082424,-0.6875740801082424,-0.3530330781678652,-1.3797597885131836,1.6793968677520752,1.7335200309753418,-0.5698351263999939,0.23186181485652924,-0.2990593910217285,0.1321289837360382,-0.03494936227798462
1.1126408010012514,6.204752620054486,-0.4316108640936881,-0.4316108640936881,1.2278928012594936,-1.3724032640457153,1.6845415830612183,1.731023907661438,-0.5936480760574341,0.2305517941713333,-0.30882903933525085,0.13197588920593262,-0.1612977832555771
1.1170212765957446,3.3914032635041664,-0.2263980859143873,-0.2263980859143873,-1.9079339834684572,-1.365024209022522,1.7012591361999512,1.7284234762191772,-0.541619598865509,0.22919897735118866,-0.3572918176651001,0.13126932084560394,0.9895485639572144
1.1214017521902375,10.265153421814567,0.3188368711026245,0.3188368711026245,0.8363601942642287,-1.3575718402862549,1.6983078718185425,1.7260509729385376,-0.6253836750984192,0.22763386368751526,-0.3081856369972229,0.13560400903224945,-0.32845568656921387
1.125782227784731,6.071816401143773,0.936908808308022,0.936908808308022,-0.5511026453341555,-1.3501324653625488,1.7202576398849487,1.7233115434646606,-0.5541061162948608,0.22628386318683624,-0.32329896092414856,0.1341652125120163,0.6735365390777588
1.130162703379224,6.181136851370969,1.5686109518495877,1.5686109518495877,-0.46968275716714075,-1.3425968885421753,1.728156566619873,1.7208843231201172,-0.5670685768127441,0.22486765682697296,-0.2798443138599396,0.13711562752723694,0.4766908884048462
1.134543178973717,6.072610058198,-0.031853074789418345,-0.031853074789418345,-1.4493839327850653,-1.335026741027832,1.7365171909332275,1.718400239944458,-0.5761826634407043,0.22364181280136108,-0.2203196883201599,0.1392037570476532,0.34534674882888794
1.1389236545682102,7.998449998065184,-3.197084339868015,-3.197084339868015,-0.14007208722065148,-1.3274199962615967,1.7396786212921143,1.7158763408660889,-0.6213444471359253,0.22267670929431915,-0.17892329394817352,0.1407165378332138,-0.5294678807258606
1.1433041301627034,5.668874054356682,-0.7536714001526312,-0.7536714001526312,-0.43677580899973056,-1.3197994232177734,1.7527307271957397,1.7131545543670654,-0.6036778092384338,0.22189293801784515,-0.2681977450847626,0.138397216796875,-0.34620025753974915
1.1476846057571963,5.114248288065239,1.985255401475433,1.985255401475433,-0.3440118630604747,-1.3121216297149658,1.7602335214614868,1.7105101346969604,-0.6157820224761963,0.22071810066699982,-0.27745211124420166,0.13688069581985474,-0.4711276888847351
1.1520650813516895,5.917161655610604,-2.1766824105668707,-2.1766824105668707,-0.30522987646438904,-1.3044109344482422,1.7672425508499146,1.7078126668930054,-0.6291052103042603,0.21950273215770721,-0.20943012833595276,0.13481692969799042,-0.5460675358772278
1.156445556946183,5.404494651406279,-1.987279611433615,-1.987279611433615,0.6008690148605569,-1.296669602394104,1.7757744789123535,1.70505690574646,-0.6344324946403503,0.2185853272676468,-0.26408249139785767,0.13242489099502563,-0.5627370476722717
1.1608260325406758,6.963280005053582,-0.8591104424510072,-0.8591104424510072,-1.6773874688926151,-1.2888908386230469,1.7877568006515503,1.7022777795791626,-0.61140376329422,0.217428520321846,-0.33966463804244995,0.129959836602211,0.08609694242477417
1.165206508135169,5.281077173247811,0.6605136698154158,0.6605136698154158,-0.5603135625537533,-1.2810596227645874,1.7914422750473022,1.6995995044708252,-0.6574371457099915,0.21594062447547913,-0.31576836109161377,0.13033698499202728,-0.9287351965904236
1.169586983729662,7.737840354536601,-0.449826819704582,-0.449826819704582,0.7523988554383402,-1.273212194442749,1.7977057695388794,1.6967196464538574,-0.6771506071090698,0.21455740928649902,-0.28011634945869446,0.1262686848640442,-1.1609708070755005
1.1739674593241551,9.948932271813444,0.5846698742071218,0.5846698742071218,-0.464368678618414,-1.265337347984314,1.8140802383422852,1.6937533617019653,-0.6294524669647217,0.21333037316799164,-0.31522515416145325,0.12118308246135712,-0.3135107159614563
1.1783479349186483,5.964570580162868,-2.1281651297675688,-2.1281651297675688,0.07515350195960036,-1.2573908567428589,1.8281731605529785,1.6909960508346558,-0.6072861552238464,0.21194954216480255,-0.2845899164676666,0.11980975419282913,-0.30490827560424805
1.1827284105131413,4.356510682634813,-2.5266921477716666,-2.5266921477716666,-0.5674194195268507,-1.2493826150894165,1.8381073474884033,1.68833589553833,-0.5984696745872498,0.21070289611816406,-0.3489338159561157,0.11847411096096039,-0.03284156322479248
1.1871088861076344,5.412597911817026,0.8052888083326794,0.8052888083326794,-0.41305086537212543,-1.241330862045288,1.8426345586776733,1.6857143640518188,-0.6260088682174683,0.20917439460754395,-0.40615078806877136,0.11833024770021439,-0.3039323091506958
1.1914893617021276,8.920839222781328,-1.0071928497874794,-1.0071928497874794,-0.05185131302998755,-1.2332592010498047,1.8494762182235718,1.6829721927642822,-0.639286994934082,0.2073952555656433,-0.37057140469551086,0.11699888110160828,-0.4203334450721741
1.1958698372966208,7.281258346453178,-0.7815046012408913,-0.7815046012408913,-0.37155523559262826,-1.225157618522644,1.863328218460083,1.6801718473434448,-0.6106519103050232,0.20577198266983032,-0.398470401763916,0.11515761911869049,-0.13737007975578308
1.200250312891114,6.190619187666709,-1.071532278171913,-1.071532278171913,-0.8698207473973912,-1.216995358467102,1.8731392621994019,1.6774969100952148,-0.6070138216018677,0.2040264904499054,-0.4104422330856323,0.11455587297677994,-0.1549694836139679
1.204630788485607,9.1079857093159,-1.0329357102196983,-1.0329357102196983,0.3102724494703242,-1.2087900638580322,1.8791170120239258,1.6748379468917847,-0.6302928328514099,0.20222856104373932,-0.41633284091949463,0.11387703567743301,-0.5880846977233887
1.2090112640801,6.924947212648602,0.16734318868422304,0.16734318868422304,0.7217433720438405,-1.2005586624145508,1.89444100856781,1.672076940536499,-0.5870047211647034,0.2004048228263855,-0.45555877685546875,0.11130094528198242,-0.02492278814315796
1.2133917396745932,6.5901375111669385,-2.001147854964577,-2.001147854964577,-0.06203127296252672,-1.1922601461410522,1.9078586101531982,1.6695055961608887,-0.5468583703041077,0.19840925931930542,-0.4717490077018738,0.1111917719244957,0.7700192332267761
1.2177722152690862,4.3629426341043285,-2.510874531810393,-2.510874531810393,-0.27200797523588605,-1.1839028596878052,1.9176490306854248,1.6671100854873657,-0.5377081036567688,0.19634278118610382,-0.52837735414505,0.11456482112407684,0.9612091779708862
1.2221526908635794,4.742989293640869,0.11317734885317765,0.11317734885317765,0.3044841016416388,-1.1755026578903198,1.9232465028762817,1.6647546291351318,-0.5544912219047546,0.19402824342250824,-0.5937593579292297,0.118775375187397,0.9135115742683411
1.2265331664580723,6.049925904609811,-1.2150882241257528,-1.2150882241257528,0.6434955317512037,-1.167077898979187,1.9317928552627563,1.6623257398605347,-0.5473634600639343,0.1914272904396057,-0.5993461012840271,0.12277699261903763,1.3148503303527832
1.2309136420525657,6.941510247046164,-0.5150269556346971,-0.5150269556346971,-0.3029301535757038,-1.1586157083511353,1.9439609050750732,1.6599280834197998,-0.5172558426856995,0.1888018697500229,-0.6536226272583008,0.128536656498909,2.019475221633911
1.2352941176470589,7.059482537798384,1.0280261415224103,1.0280261415224103,-0.8167617242267589,-1.1501002311706543,1.9536234140396118,1.657662272453308,-0.5138756036758423,0.18593868613243103,-0.6598165035247803,0.13738292455673218,2.041991949081421
1.2396745932415518,5.88612984951803,-0.3272760057847615,-0.3272760057847615,0.034441192552536415,-1.1415424346923828,1.9608066082000732,1.6554112434387207,-0.5279530882835388,0.18304838240146637,-0.6059428453445435,0.14632782340049744,1.681030035018921
1.244055068836045,3.5008800423766235,-0.7686302385838746,-0.7686302385838746,-1.360161714376247,-1.13295316696167,1.970202922821045,1.6530985832214355,-0.5211138725280762,0.18039406836032867,-0.6165061593055725,0.15369153022766113,1.9202909469604492
1.2484355444305382,6.9590916640829,-0.7123207968879719,-0.7123207968879719,-0.7657605602252053,-1.124322772026062,1.9685347080230713,1.6508158445358276,-0.5839874148368835,0.1776934713125229,-0.5992315411567688,0.1621033251285553,1.0203337669372559
1.2528160200250311,6.351576154614314,1.3348561694908883,1.3348561694908883,0.3038954633291992,-1.1156996488571167,1.9744144678115845,1.6482577323913574,-0.5968387722969055,0.17506855726242065,-0.5976709127426147,0.16657286882400513,0.6945059299468994
1.2571964956195243,6.014220651441471,-0.7484171890579618,-0.7484171890579618,-1.460051965629548,-1.1070507764816284,1.9855397939682007,1.6456433534622192,-0.576419472694397,0.1724504679441452,-0.5675635933876038,0.16961513459682465,1.1541986465454102
1.2615769712140177,7.626542484748514,0.018726700557079146,0.018726700557079146,0.05275311750058753,-1.0983531475067139,1.9855185747146606,1.6431183815002441,-0.6218487024307251,0.1699642688035965,-0.546781599521637,0.17467106878757477,0.2699969410896301
1.2659574468085106,3.816851515425599,-1.6717043388618393,-1.6717043388618393,-0.872979465784655,-1.0896556377410889,1.9967615604400635,1.6403943300247192,-0.5998234152793884,0.167569100856781,-0.5477752685546875,0.17585378885269165,0.5863224267959595
1.2703379224030038,6.148751348032789,-0.5122370635129535,-0.5122370635129535,0.3947538080073477,-1.0809088945388794,1.9966962337493896,1.6377668380737305,-0.64237380027771,0.1651695817708969,-0.5711005926132202,0.17842215299606323,0.06565380096435547
1.2747183979974968,8.15642483319068,1.028839848086295,1.028839848086295,-0.3765329111769484,-1.072162389755249,2.0078673362731934,1.6349529027938843,-0.6203500032424927,0.1626678854227066,-0.5975875854492188,0.1787097454071045,0.586574137210846
1.27909887359199,6.268218884414711,-1.986526086063265,-1.986526086063265,-1.4190041226953976,-1.0633670091629028,2.0168299674987793,1.6322355270385742,-0.6092131733894348,0.160050168633461,-0.5565462708473206,0.18127921223640442,0.5979913473129272
1.283479349186483,6.679610724716523,-1.0528614700027397,-1.0528614700027397,0.6406227423794855,-1.0545322895050049,2.0162463188171387,1.6295669078826904,-0.6508743166923523,0.15761223435401917,-0.5731196999549866,0.1838987022638321,-0.246063232421875
1.287859824780976,6.152438120690869,0.40233943392169613,0.40233943392169613,0.5932448192586575,-1.045700192451477,2.029611825942993,1.6267157793045044,-0.6156679391860962,0.1551017016172409,-0.6225748062133789,0.18282082676887512,0.47965532541275024
1.2922403003754692,7.835329767829,1.284862559080627,1.284862559080627,-0.5691790622623474,-1.0368095636367798,2.041843891143799,1.624018907546997,-0.5865029692649841,0.1523745208978653,-0.6281498670578003,0.18492195010185242,1.1504915952682495
1.2966207759699624,9.70443244677979,0.5716434351168188,0.5716434351168188,-0.2788164106900284,-1.0278652906417847,2.0487477779388428,1.6214497089385986,-0.5848504900932312,0.14962293207645416,-0.5740059614181519,0.18996165692806244,1.0047191381454468
1.3010012515644556,5.905736855191583,-2.2188939589272376,-2.2188939589272376,0.50893635062151,-1.0188908576965332,2.059865713119507,1.6188877820968628,-0.557327389717102,0.1471085101366043,-0.5491698384284973,0.1943628042936325,1.1457817554473877
1.3053817271589487,4.518916022193398,1.314302094809067,1.314302094809067,-0.8063440624556807,-1.0098676681518555,2.0714471340179443,1.6164463758468628,-0.5332797169685364,0.14470288157463074,-0.628831148147583,0.19938187301158905,1.743872880935669
1.3097622027534417,6.667816892784422,-2.1468875770474187,-2.1468875770474187,1.0937423261235817,-1.000793695449829,2.0721781253814697,1.6141103506088257,-0.5675641894340515,0.14194829761981964,-0.5669015645980835,0.2070208638906479,1.2987233400344849
1.3141426783479349,4.6264194616941,1.0436034936254415,1.0436034936254415,-1.1322918592715039,-0.9917165637016296,2.089337110519409,1.6116241216659546,-0.516521692276001,0.13946500420570374,-0.6615382432937622,0.21270988881587982,2.365663528442383
1.318523153942428,7.290352748770805,-1.7725960513480823,-1.7725960513480823,-0.9510670986640692,-0.9825642704963684,2.087799072265625,1.6093615293502808,-0.5615163445472717,0.1365671455860138,-0.5979952216148376,0.2230726182460785,1.6781363487243652
1.322903629536921,5.054585069661021,-0.9459953883174376,-0.9459953883174376,0.06531476139440362,-0.9734187126159668,2.090153694152832,1.60690176486969,-0.5778322219848633,0.13394764065742493,-0.621986448764801,0.23042365908622742,1.223465919494629
1.327284105131414,4.828090839292603,1.6001806246706176,1.6001806246706176,-0.7000306643240679,-0.964262843132019,2.0974955558776855,1.6043705940246582,-0.5766946077346802,0.13122303783893585,-0.6515198945999146,0.23578302562236786,1.4551782608032227
1.331664580725907,9.685000516968522,-2.757016470101942,-2.757016470101942,-0.14360019512669267,-0.9550747871398926,2.098158597946167,1.6018444299697876,-0.6044541597366333,0.12836907804012299,-0.5843464136123657,0.24215739965438843,1.100786805152893
1.3360450563204005,5.410664559597939,2.094125696228535,2.094125696228535,0.20703401733142296,-0.9458838701248169,2.109429121017456,1.5991966724395752,-0.5723320245742798,0.12580935657024384,-0.6606664657592773,0.24697937071323395,1.3412401676177979
1.3404255319148937,4.796896278211788,0.044109596928608885,0.044109596928608885,0.9429775270855307,-0.9366435408592224,2.1184370517730713,1.5966895818710327,-0.5633153319358826,0.12291532009840012,-0.605557382106781,0.2528546452522278,1.6922653913497925
1.3448060075093866,4.587732366965799,-0.07196911973986192,-0.07196911973986192,-1.35153949429152,-0.9273637533187866,2.1335601806640625,1.5942219495773315,-0.5336260199546814,0.12026268988847733,-0.6318071484565735,0.26026758551597595,2.5766022205352783
1.3491864831038798,4.969274867491684,0.2868129128757717,0.2868129128757717,-0.07992699350230398,-0.9180177450180054,2.1279995441436768,1.5918843746185303,-0.5863437056541443,0.11749507486820221,-0.5944396257400513,0.2715543210506439,1.7209762334823608
1.353566958698373,8.0178252289626,0.9719556390431743,0.9719556390431743,-1.735120572018093,-0.9086961150169373,2.1339938640594482,1.5893158912658691,-0.5911847949028015,0.11489114910364151,-0.5837296843528748,0.27909302711486816,1.83866548538208
1.357947434292866,3.6515698436921205,-1.656792365080402,-1.656792365080402,-0.8018314765931419,-0.8993481993675232,2.127260684967041,1.586726188659668,-0.6285621523857117,0.11233413219451904,-0.50467449426651,0.28714725375175476,0.8155364990234375
1.362327909887359,7.128172378689427,-2.081480785280697,-2.081480785280697,-0.852016817000815,-0.890029788017273,2.12365984916687,1.5839728116989136,-0.6692938208580017,0.1101234182715416,-0.5296420454978943,0.2907196879386902,0.34057480096817017
1.3667083854818525,9.978477817831306,-0.29551168513762827,-0.29551168513762827,-0.1536543936773534,-0.8807271718978882,2.1235437393188477,1.5810409784317017,-0.6830036640167236,0.1078033372759819,-0.5655462741851807,0.2922115623950958,-0.04841339588165283
1.3710888610763454,5.606086693624801,1.5732030590365902,1.5732030590365902,-0.5758649850735028,-0.8714250326156616,2.134006977081299,1.5780490636825562,-0.6489118933677673,0.10532597452402115,-0.5696889758110046,0.291999489068985,0.19122669100761414
1.3754693366708386,4.636161149562309,-1.5819937591823305,-1.5819937591823305,-0.007568266582210936,-0.8620770573616028,2.1346888542175293,1.5752065181732178,-0.6655812859535217,0.10283046960830688,-0.5069293975830078,0.29283714294433594,-0.04379589855670929
1.3798498122653315,9.3218319343739,0.22076222628003644,0.22076222628003644,1.293219334231646,-0.8527261018753052,2.140066385269165,1.5722908973693848,-0.6705260276794434,0.10060987621545792,-0.5529075860977173,0.29264530539512634,0.11555127799510956
1.3842302878598247,5.5344788553358715,-0.6081167067163671,-0.6081167067163671,-1.4204269937645129,-0.8433516025543213,2.164424419403076,1.569353699684143,-0.5916076898574829,0.0981878787279129,-0.5842267274856567,0.29315146803855896,1.4236054420471191
1.388610763454318,9.235454433511922,-0.48764052292826277,-0.48764052292826277,0.7210957497254954,-0.8338704109191895,2.156294822692871,1.5667622089385986,-0.6382870674133301,0.09562868624925613,-0.560504674911499,0.29938754439353943,0.548124372959137
1.3929912390488108,7.8551106169942635,-0.47456617104946336,-0.47456617104946336,-0.38948827069566966,-0.8244248032569885,2.1745810508728027,1.563966155052185,-0.5800485610961914,0.09317340701818466,-0.5958036184310913,0.3017885982990265,1.420414924621582
1.397371714643304,8.059825945852603,0.48889192031734563,0.48889192031734563,-0.6400649452179541,-0.8148990869522095,2.179631471633911,1.5614252090454102,-0.5717877745628357,0.09056350588798523,-0.5982881784439087,0.30801069736480713,1.404990792274475
1.4017521902377972,3.830670949989388,-0.3416035549758111,-0.3416035549758111,-0.10380613573059988,-0.8053512573242188,2.1819989681243896,1.5589205026626587,-0.5705054402351379,0.08794271945953369,-0.5653190612792969,0.31416523456573486,1.2071123123168945
1.4061326658322904,7.502606332678083,0.10725239437497358,0.10725239437497358,-0.17855431521671572,-0.7957930564880371,2.185375928878784,1.5564213991165161,-0.585567057132721,0.08546635508537292,-0.5722634792327881,0.3194529712200165,1.2640888690948486
1.4105131414267835,7.371969847182452,1.0140525293339988,1.0140525293339988,0.4534221306753615,-0.7862200736999512,2.1919162273406982,1.553856372833252,-0.5729624032974243,0.08295956999063492,-0.5639170408248901,0.32499027252197266,1.3938889503479004
1.4148936170212765,7.794522082824562,0.42434545147442926,0.42434545147442926,0.551449528936196,-0.7766184210777283,2.2055981159210205,1.5513465404510498,-0.5397694110870361,0.08048934489488602,-0.5475448369979858,0.33109617233276367,1.9956779479980469
1.4192740926157696,5.621674192664562,-1.1635930696194259,-1.1635930696194259,-0.6895524149978207,-0.7669568657875061,2.2213358879089355,1.5489821434020996,-0.49995163083076477,0.0780908390879631,-0.5512566566467285,0.3398381769657135,2.68575382232666
1.4236545682102628,7.246258570404194,-0.9880543235534147,-0.9880543235534147,-1.5012487465512585,-0.7572263479232788,2.2205042839050293,1.5467921495437622,-0.5207752585411072,0.0756760761141777,-0.5651001334190369,0.35160306096076965,2.362058401107788
1.4280350438047558,6.3989113995291325,0.4615690883790617,0.4615690883790617,-0.04437192628161529,-0.7474994659423828,2.210688829421997,1.5445109605789185,-0.5557515025138855,0.07320066541433334,-0.5501132011413574,0.36195001006126404,1.4814869165420532
1.432415519399249,6.321105341942847,-0.6384420301915976,-0.6384420301915976,-0.9896220259419575,-0.7378156185150146,2.2174482345581055,1.5420764684677124,-0.5479186773300171,0.07079090923070908,-0.5353381037712097,0.36843961477279663,1.670379400253296
1.436795994993742,6.300307551645455,-0.25350674019455277,-0.25350674019455277,-1.4881001615777794,-0.7281021475791931,2.2118396759033203,1.539676308631897,-0.5727821588516235,0.06844587624073029,-0.525082528591156,0.3757566809654236,1.1423732042312622
1.4411764705882353,4.7214095454266545,-2.2906633632559394,-2.2906633632559394,1.0122509006334766,-0.718413233757019,2.1990017890930176,1.5371671915054321,-0.614471971988678,0.06614576280117035,-0.4890284836292267,0.3807608187198639,0.23666858673095703
1.4455569461827285,8.336690533578059,0.5309866642611517,0.5309866642611517,-0.49313872480759646,-0.7087805867195129,2.2176339626312256,1.534475564956665,-0.5847574472427368,0.064003586769104,-0.5854840278625488,0.38179755210876465,1.1636295318603516
1.4499374217772214,4.6505774911016085,-0.12416570317667883,-0.12416570317667883,-0.043638779158773455,-0.6990662813186646,2.219923973083496,1.5319139957427979,-0.5762460827827454,0.06143888831138611,-0.5555763244628906,0.3868947923183441,1.0784556865692139
1.4543178973717146,7.623117848364711,-1.5075435865414306,-1.5075435865414306,0.20601859625438873,-0.6893419623374939,2.2243494987487793,1.52938973903656,-0.5827692151069641,0.05900520086288452,-0.5579279661178589,0.391618937253952,1.2052685022354126
1.4586983729662075,8.03806362608967,1.0666858863829909,1.0666858863829909,-0.05845125432526749,-0.6795982718467712,2.2352640628814697,1.5268369913101196,-0.5566980838775635,0.05656120926141739,-0.6079694032669067,0.3968985974788666,1.6220309734344482
1.4630788485607007,11.625058233837095,-1.1748442523188698,-1.1748442523188698,-0.8743757193835953,-0.6698067784309387,2.2430801391601562,1.5243984460830688,-0.5362459421157837,0.05389801412820816,-0.5751118063926697,0.4040038585662842,1.8526115417480469
1.467459324155194,3.682297123239649,-1.6544482417816126,-1.6544482417816126,-0.09682193814868512,-0.6599810123443604,2.2429256439208984,1.5220494270324707,-0.5138900279998779,0.051378749310970306,-0.583886444568634,0.41211917996406555,1.5884151458740234
1.471839799749687,7.714477162174439,-1.868950532248018,-1.868950532248018,-0.12011145876481277,-0.6501559019088745,2.2456676959991455,1.5197983980178833,-0.5303133726119995,0.04882104694843292,-0.629374086856842,0.41907718777656555,1.6402308940887451
1.4762202753441802,6.709744619292367,0.3077433784930542,0.3077433784930542,-0.1914512101946027,-0.6403188109397888,2.252014398574829,1.5174753665924072,-0.5147597193717957,0.046064089983701706,-0.6804457306861877,0.42626217007637024,1.81029212474823
1.4806007509386734,9.919420923840434,-2.390201694844962,-2.390201694844962,-0.16993223153379344,-0.6304539442062378,2.256314516067505,1.5152205228805542,-0.5098385214805603,0.04308341443538666,-0.6658676862716675,0.43419212102890015,1.8916513919830322
1.4849812265331663,7.808580947752415,0.06507559609175123,0.06507559609175123,0.549589876935319,-0.6205702424049377,2.2639667987823486,1.5129871368408203,-0.4782567322254181,0.040166597813367844,-0.7307065725326538,0.4424784481525421,2.0958385467529297
1.4893617021276595,7.883356367775611,-0.05878116887704948,-0.05878116887704948,-0.5198406588342604,-0.6106529831886292,2.2807776927948,1.5108921527862549,-0.44037094712257385,0.0369657538831234,-0.7448559403419495,0.451659232378006,2.771244525909424
1.493742177722153,5.006448342531131,-1.604750616729199,-1.604750616729199,-1.658091035625915,-0.600662112236023,2.2814278602600098,1.5089631080627441,-0.4372571110725403,0.03370293229818344,-0.7313915491104126,0.4637986123561859,2.640385627746582
1.4981226533166456,6.75206853491809,0.7334938205661382,0.7334938205661382,0.8355340736814731,-0.5906683802604675,2.260514736175537,1.5070477724075317,-0.4942535161972046,0.030499089509248734,-0.7298338413238525,0.4753647446632385,1.5536094903945923
1.5025031289111388,6.337406672170439,0.631761026610481,0.631761026610481,-0.15754696886427705,-0.5807662606239319,2.281057357788086,1.5048826932907104,-0.45615965127944946,0.02730206958949566,-0.7328137159347534,0.4821702837944031,2.405358076095581
1.506883604505632,8.844600390890282,-2.266642372226995,-2.266642372226995,-1.5067000206882017,-0.5707741379737854,2.2852351665496826,1.5028845071792603,-0.4538009762763977,0.024091996252536774,-0.7097634077072144,0.49270689487457275,2.4928221702575684
1.5112640801001251,7.184311613004354,1.7986465896955992,1.7986465896955992,-0.4222157427238403,-0.5607637166976929,2.268465518951416,1.500896692276001,-0.47455134987831116,0.02098289504647255,-0.7319561243057251,0.5036266446113586,1.6414520740509033
1.5156445556946183,3.421434669514604,-1.593632298154766,-1.593632298154766,0.5658263036659665,-0.5508267879486084,2.267925262451172,1.4988179206848145,-0.4736827611923218,0.017776578664779663,-0.6670998930931091,0.5108169913291931,1.5534220933914185
1.5200250312891113,6.801272086028362,-1.1400599728514698,-1.1400599728514698,-1.5425525729886564,-0.5408921837806702,2.281367778778076,1.4967429637908936,-0.47165635228157043,0.014854364097118378,-0.7301629185676575,0.5176216959953308,2.0898571014404297
1.5244055068836044,8.992257065332623,-0.42658081029472267,-0.42658081029472267,0.5120575754858314,-0.5308986902236938,2.260300397872925,1.4946768283843994,-0.5093928575515747,0.011655903421342373,-0.7184088826179504,0.5267762541770935,1.1413943767547607
1.5287859824780976,6.991915713656638,2.589051353362496,2.589051353362496,0.9974353386177189,-0.5209975242614746,2.277418613433838,1.492445468902588,-0.46481743454933167,0.008508930914103985,-0.7458201050758362,0.5317761301994324,1.8116775751113892
1.5331664580725906,3.2287051395330266,0.808134790014892,0.808134790014892,0.31758669432313863,-0.5110213756561279,2.302093505859375,1.4904093742370605,-0.4213373064994812,0.005241883918642998,-0.6993398666381836,0.539712131023407,2.7842540740966797
1.5375469336670835,5.798289837316439,2.1662910968432367,2.1662910968432367,-0.6247838012529043,-0.5009371042251587,2.3120081424713135,1.4885637760162354,-0.4296262562274933,0.0021784426644444466,-0.6850143074989319,0.5519084930419922,3.1247451305389404
1.541927409261577,5.801730940839001,-2.7130038524766857,-2.7130038524766857,-1.4685926504638598,-0.4908094108104706,2.3064780235290527,1.4866818189620972,-0.44703352451324463,-0.00082224584184587,-0.6035060882568359,0.565596342086792,2.8323187828063965
1.54630788485607,7.985821367780345,0.020217607612843524,0.020217607612843524,-0.892983186730202,-0.48070594668388367,2.283904552459717,1.4847235679626465,-0.4900428056716919,-0.003465889720246196,-0.6398468613624573,0.5780032277107239,1.9011166095733643
1.5506883604505632,5.639807239216726,1.0649794145484617,1.0649794145484617,-0.5992559826933821,-0.4707013666629791,2.273016929626465,1.4825769662857056,-0.49765172600746155,-0.006268723402172327,-0.6131784915924072,0.5863310098648071,1.4689165353775024
1.5550688360450562,9.47692103220275,0.3820662723356685,0.3820662723356685,1.0074499995370403,-0.4607444703578949,2.2656452655792236,1.4803969860076904,-0.5146430134773254,-0.008954737335443497,-0.5645775198936462,0.5927655696868896,1.186124324798584
1.5594493116395494,5.598024046665989,-0.11088115003736049,-0.11088115003736049,-0.4264722804870066,-0.45081987977027893,2.293330192565918,1.4781426191329956,-0.4531169533729553,-0.011427855119109154,-0.5828406810760498,0.5979613661766052,2.229928970336914
1.5638297872340423,9.503244855681483,-2.60366582980484,-2.60366582980484,-0.02686855963998816,-0.44077399373054504,2.2895638942718506,1.476157784461975,-0.46558666229248047,-0.013980974443256855,-0.5736244320869446,0.6077294945716858,2.074394464492798
1.5682102628285357,6.674067365330904,-1.7002619029556678,-1.7002619029556678,0.05092505972959532,-0.43074461817741394,2.296546459197998,1.4741183519363403,-0.43557435274124146,-0.016493722796440125,-0.6488750576972961,0.6168163418769836,2.334184169769287
1.5725907384230289,7.749375486540707,0.35420375433969026,0.35420375433969026,-0.5898967836478178,-0.42068466544151306,2.303234815597534,1.4722102880477905,-0.4256379306316376,-0.01933610439300537,-0.7000152468681335,0.6270411610603333,2.5676755905151367
1.5769712140175218,7.268308442950557,-1.0079460856097844,-1.0079460856097844,0.1398993283050532,-0.4105953872203827,2.2971315383911133,1.4703457355499268,-0.4264407753944397,-0.022402504459023476,-0.6724445223808289,0.6382887959480286,2.3466196060180664
1.581351689612015,10.418456475004398,0.8288644887522785,0.8288644887522785,0.4619324697375035,-0.40053287148475647,2.3059535026550293,1.468477725982666,-0.40963029861450195,-0.025348130613565445,-0.7059652209281921,0.6485680937767029,2.6602983474731445
1.5857321652065082,7.530717663119707,2.398327538009692,2.398327538009692,-1.403767697910527,-0.3904317021369934,2.3240602016448975,1.4666833877563477,-0.35952287912368774,-0.02844059467315674,-0.695249617099762,0.6602214574813843,3.3041768074035645
1.5901126408010011,7.259901548557776,1.0648138100569562,1.0648138100569562,-0.28434949171595736,-0.3802511990070343,2.2994444370269775,1.4651085138320923,-0.38599300384521484,-0.03148612007498741,-0.5842163562774658,0.6746953129768372,2.45522403717041
1.5944931163954943,3.819123467345105,-2.3293133187935253,-2.3293133187935253,-0.11342349427884044,-0.37017855048179626,2.2984812259674072,1.463417649269104,-0.3819907009601593,-0.0340452641248703,-0.5448164939880371,0.6854503750801086,2.4408202171325684
1.5988735919899877,9.03688360491674,0.43562786052216884,0.43562786052216884,0.4567141040815964,-0.3601101040840149,2.2991487979888916,1.4617443084716797,-0.3996579945087433,-0.03643181920051575,-0.6095275282859802,0.696142315864563,2.459336519241333
1.6032540675844804,7.853470584081673,1.1802390346682428,1.1802390346682428,-0.038544257681174976,-0.3500387370586395,2.3160533905029297,1.459993600845337,-0.36164385080337524,-0.03910183906555176,-0.6101433038711548,0.7069153785705566,3.0477099418640137
1.6076345431789736,9.865891794385252,1.4206061191548236,1.4206061191548236,-1.142781810069137,-0.33989331126213074,2.3211100101470947,1.4584094285964966,-0.347069650888443,-0.041774556040763855,-0.574550986289978,0.720265805721283,3.2277169227600098
1.6120150187734668,6.493521259648439,0.7923539098858596,0.7923539098858596,-1.1389337751264743,-0.3297257423400879,2.3008830547332764,1.4568891525268555,-0.34766626358032227,-0.044291362166404724,-0.4996919333934784,0.7344047427177429,2.6237521171569824
1.61639549436796,7.332361808134878,0.8688042187558184,0.8688042187558184,-0.8568695863075839,-0.31964677572250366,2.2777652740478516,1.4553662538528442,-0.37309759855270386,-0.04648024961352348,-0.44329220056533813,0.7458980083465576,1.9315104484558105
1.620775969962453,6.338043255002923,0.24282877703178185,0.24282877703178185,-0.07508198931268462,-0.3096690773963928,2.2610745429992676,1.453731894493103,-0.384075403213501,-0.04842207953333855,-0.3928970694541931,0.7543589472770691,1.4712859392166138
1.625156445556946,8.487718679467669,0.27078867790723393,0.27078867790723393,0.34170577120314105,-0.299764484167099,2.2627499103546143,1.4520494937896729,-0.38161224126815796,-0.050143156200647354,-0.38361307978630066,0.7608038783073425,1.5742396116256714
1.6295369211514392,6.96793783583454,-0.14550313753211594,-0.14550313753211594,0.5781969197505373,-0.2898525595664978,2.2758562564849854,1.4503778219223022,-0.3521645665168762,-0.05182356387376785,-0.385684072971344,0.7676997780799866,2.0441713333129883
1.6339173967459324,6.85234364437832,4.17093091749041,4.17093091749041,-0.32874598605137495,-0.2798832356929779,2.2943952083587646,1.4488351345062256,-0.3283812403678894,-0.053513042628765106,-0.4068184196949005,0.7766542434692383,2.653108596801758
1.6382978723404251,3.516278216050612,0.3464213164317699,0.3464213164317699,-0.9549038910323939,-0.26983270049095154,2.290300130844116,1.4473966360092163,-0.3295982778072357,-0.055295102298259735,-0.2754136025905609,0.7882761359214783,2.5725574493408203
1.6426783479349183,8.536554625766197,-0.15750395331321942,-0.15750395331321942,1.2117023650859138,-0.25980010628700256,2.2683236598968506,1.4459528923034668,-0.37172508239746094,-0.05650154501199722,-0.2374107837677002,0.799545168876648,1.9364155530929565
1.6470588235294117,4.8468476674015175,0.10270973386391988,0.10270973386391988,-0.5608167043238181,-0.24986377358436584,2.304149627685547,1.4443246126174927,-0.3211122751235962,-0.05754151567816734,-0.27739596366882324,0.8080275654792786,3.054028034210205
1.6514392991239049,5.6363788602601455,0.4101299993364891,0.4101299993364891,0.44295205248924213,-0.23977050185203552,2.292905330657959,1.4429179430007935,-0.3435586988925934,-0.058756642043590546,-0.2580188810825348,0.8214056491851807,2.74455189704895
1.655819774718398,7.045591218534734,0.0693544518035531,0.0693544518035531,-0.6521412170809407,-0.22972649335861206,2.308115243911743,1.4414130449295044,-0.335035115480423,-0.05988688766956329,-0.25897738337516785,0.8334280848503113,3.2091288566589355
1.660200250312891,6.5631292910950245,-2.080881075195471,-2.080881075195471,-0.6866715449242857,-0.2196158468723297,2.294954776763916,1.4399454593658447,-0.3435176610946655,-0.06102133169770241,-0.23790742456912994,0.8474856019020081,2.8769211769104004
1.6645807259073842,3.9827271967414255,1.6135464563630715,1.6135464563630715,0.19292778412315328,-0.20956285297870636,2.280048131942749,1.4384406805038452,-0.35601091384887695,-0.06206347793340683,-0.27862274646759033,0.8600878715515137,2.5048470497131348
1.668961201501877,8.18651887933043,5.352587999612488,5.352587999612488,-0.8446043198987186,-0.19957515597343445,2.28774094581604,1.436881184577942,-0.3662247359752655,-0.06328397989273071,-0.23713618516921997,0.871060311794281,2.7377257347106934
1.6733416770963705,5.5801507579313405,0.5918183077406354,0.5918183077406354,-0.512130142240717,-0.18955376744270325,2.268364906311035,1.435276985168457,-0.3702775239944458,-0.06432274729013443,-0.05615852773189545,0.8830528259277344,2.2765069007873535
1.6777221526908634,5.5944681714406865,-0.7089724524733536,-0.7089724524733536,0.7005663881427182,-0.1796172559261322,2.2567052841186523,1.433655023574829,-0.38520655035972595,-0.06456875056028366,-0.023919731378555298,0.8930249810218811,2.0079925060272217
1.6821026282853566,7.952388753706626,0.7615791578663405,0.7615791578663405,-1.2181230760335147,-0.16973181068897247,2.2789859771728516,1.4319676160812378,-0.3722316026687622,-0.0646735280752182,-0.06508272886276245,0.901820957660675,2.6536030769348145
1.6864831038798498,4.45094113284245,-0.22605956938199298,-0.22605956938199298,1.6352611464478006,-0.15974876284599304,2.2480103969573975,1.4303370714187622,-0.38604599237442017,-0.06495862454175949,-0.0072691477835178375,0.913444995880127,1.8978137969970703
1.690863579474343,6.210751926962575,-1.5949230568535928,-1.5949230568535928,-0.1620754145800547,-0.1499014049768448,2.296907663345337,1.4286459684371948,-0.3611800968647003,-0.06499046832323074,-0.061625611037015915,0.9217582941055298,3.222435474395752
1.695244055068836,7.565476393764019,1.4588327474980702,1.4588327474980702,-0.6015035176016532,-0.13983985781669617,2.29561185836792,1.4270638227462769,-0.3645811975002289,-0.06526041775941849,-0.10346929728984833,0.9358741044998169,3.224240303039551
1.699624530663329,7.3740528776102074,-1.1186656165857787,-1.1186656165857787,-1.5705567279610306,-0.1297839879989624,2.2817866802215576,1.425466775894165,-0.3677769601345062,-0.06571365892887115,-0.043300945311784744,0.9499977827072144,2.9180796146392822
1.7040050062578225,3.77112410927597,-2.386160671744417,-2.386160671744417,0.9108801898903465,-0.11978867650032043,2.2387921810150146,1.4238557815551758,-0.3924073278903961,-0.06590333580970764,-0.030104290693998337,0.9627803564071655,1.8733038902282715
1.7083854818523152,4.172582514975285,-0.5038571545274398,-0.5038571545274398,-0.3895004991490245,-0.10998170077800751,2.267446994781494,1.422136902809143,-0.39013487100601196,-0.0660352036356926,-0.1263883411884308,0.9709863066673279,2.6315040588378906
1.7127659574468084,9.532708211413238,-0.6928485956904668,-0.6928485956904668,-0.6957137431789315,-0.1000492051243782,2.25783109664917,1.420427918434143,-0.4124772250652313,-0.06658884137868881,-0.12972791492938995,0.9825135469436646,2.414423942565918
1.7171464330413015,5.536323357041879,0.9300706412019906,0.9300706412019906,-0.545770457165029,-0.09015882760286331,2.2401866912841797,1.4186210632324219,-0.4025559723377228,-0.06715711206197739,-0.1296442449092865,0.9930898547172546,2.061438798904419
1.7215269086357947,8.907359976234,-0.4949480840552706,-0.4949480840552706,0.26953191484605643,-0.08034574240446091,2.225571632385254,1.4168577194213867,-0.41773712635040283,-0.06772501766681671,-0.08654500544071198,1.0021198987960815,1.747499942779541
1.725907384230288,4.786837032382695,-1.0922902750521446,-1.0922902750521446,0.5288818613070192,-0.07059668004512787,2.236414670944214,1.4150278568267822,-0.3928148150444031,-0.06810412555932999,-0.1088702455163002,1.0097748041152954,2.106074810028076
1.7302878598247808,8.260550903623294,-1.1985062795863501,-1.1985062795863501,-0.8163427834723822,-0.06080012023448944,2.25431752204895,1.4133071899414062,-0.3924836814403534,-0.06858102977275848,-0.15621361136436462,1.0190004110336304,2.587470531463623
1.734668335419274,6.375692600150568,0.40546608929835715,0.40546608929835715,-0.5347066751577254,-0.05092513561248779,2.231774091720581,1.4115879535675049,-0.3938042223453522,-0.06926532089710236,-0.16737399995326996,1.030334711074829,2.1103336811065674
1.7390488110137672,6.859190159610198,0.5310904933519249,0.5310904933519249,0.18496452973471653,-0.04114890471100807,2.2170166969299316,1.4098628759384155,-0.40261900424957275,-0.06999849528074265,-0.13991796970367432,1.0395790338516235,1.8115959167480469
1.74342928660826,4.919014818215022,-0.4602361756284342,-0.4602361756284342,0.9783473166385511,-0.03143731504678726,2.2245371341705322,1.4080991744995117,-0.3945455253124237,-0.07061140239238739,-0.12980999052524567,1.0475146770477295,2.061906337738037
1.7478097622027533,8.562673056665602,-1.7289997316335954,-1.7289997316335954,-0.47467959253137515,-0.021692784503102303,2.2566421031951904,1.4063708782196045,-0.38602977991104126,-0.07118003070354462,-0.17182119190692902,1.0565468072891235,2.8784985542297363
1.7521902377972465,6.737517228105286,-1.2139553886788392,-1.2139553886788392,0.18856135007540983,-0.011807618662714958,2.2440264225006104,1.4046798944473267,-0.37898150086402893,-0.07193268835544586,-0.2084513157606125,1.0691560506820679,2.6532363891601562
1.7565707133917396,8.737741848091654,-1.0192850182436028,-1.0192850182436028,-0.4992011871351587,-0.001977715641260147,2.2517940998077393,1.4030197858810425,-0.3728775978088379,-0.07284580171108246,-0.2494092583656311,1.0807784795761108,2.897353172302246
1.7609511889862328,5.6253602518002435,0.43356590396949024,0.43356590396949024,0.6528219160985149,0.007886214181780815,2.237861394882202,1.4013863801956177,-0.36500999331474304,-0.07393833249807358,-0.2645973563194275,1.0934702157974243,2.648843288421631
1.7653316645807258,9.38450176056043,0.21202344830310876,0.21202344830310876,-0.2067825856855437,0.017689112573862076,2.2602107524871826,1.399787425994873,-0.3593067228794098,-0.07509739696979523,-0.27100032567977905,1.1050734519958496,3.221740961074829
1.769712140175219,7.198144576641992,-0.6022984471640396,-0.6022984471640396,-0.5851419874600079,0.027589909732341766,2.255364418029785,1.398213505744934,-0.34250393509864807,-0.0762845054268837,-0.2587698698043823,1.1191861629486084,3.1951844692230225
1.774092615769712,6.55352404914947,0.8189865501501298,0.8189865501501298,-0.2807121970659185,0.03746948018670082,2.2376956939697266,1.396713137626648,-0.34688156843185425,-0.07741804420948029,-0.25927090644836426,1.1331826448440552,2.849104404449463
1.778473091364205,6.815859789467948,-0.8999322455895911,-0.8999322455895911,-1.145285511321399,0.04727165400981903,2.2294695377349854,1.3951935768127441,-0.3505115509033203,-0.07855377346277237,-0.22715622186660767,1.1456630229949951,2.720928192138672
1.7828535669586982,6.808197574561859,-0.6593492511064892,-0.6593492511064892,-0.9965650947683717,0.05703779309988022,2.192396879196167,1.39365816116333,-0.3651309609413147,-0.07954882830381393,-0.21999113261699677,1.1575819253921509,1.9402482509613037
1.7872340425531914,6.680888551069585,-0.8147422467282588,-0.8147422467282588,0.3835529880235016,0.06664153188467026,2.159578800201416,1.3920587301254272,-0.37659770250320435,-0.08051249384880066,-0.21014335751533508,1.166081190109253,1.268743634223938
1.7916145181476846,9.916485696420086,0.07599526885952623,0.07599526885952623,1.3561163349696934,0.07610151171684265,2.172323703765869,1.3904091119766235,-0.36861452460289,-0.0814330205321312,-0.24513737857341766,1.1716388463974,1.635461688041687
1.7959949937421775,9.064716485201943,0.7261857723360446,0.7261857723360446,-1.4371913167343973,0.08561732620000839,2.2174439430236816,1.3887944221496582,-0.32510310411453247,-0.08250683546066284,-0.28252097964286804,1.1788029670715332,2.7715635299682617
1.8003754693366707,3.853874937281704,-0.19295187480428488,-0.19295187480428488,0.6987838309488725,0.09533078968524933,2.1693766117095947,1.3873703479766846,-0.3274977505207062,-0.08374441415071487,-0.21934351325035095,1.190943717956543,1.7866685390472412
1.804755944931164,6.515028541366174,0.8024295079934702,0.8024295079934702,-0.2921287999974586,0.1048336923122406,2.192826747894287,1.3859357833862305,-0.33540788292884827,-0.08470524102449417,-0.24538502097129822,1.1987701654434204,2.354978322982788
1.809136420525657,7.78742925890509,1.6860245959558,1.6860245959558,0.3650800970633218,0.11443931609392166,2.1827094554901123,1.384466528892517,-0.33893194794654846,-0.08578014373779297,-0.21342045068740845,1.2090860605239868,2.201375961303711
1.81351689612015,8.980441213716357,-0.8317136328565489,-0.8317136328565489,-0.3342963494433334,0.12400062382221222,2.1944632530212402,1.3829818964004517,-0.3252144455909729,-0.08671502768993378,-0.1748446822166443,1.2187291383743286,2.5539090633392334
1.8178973717146432,10.846201437082907,-1.4807788186211914,-1.4807788186211914,-1.2122459628519209,0.13361342251300812,2.1822311878204346,1.3815573453903198,-0.31267982721328735,-0.08748093247413635,-0.18937084078788757,1.2299164533615112,2.3869216442108154
1.8222778473091363,5.691276448672735,0.5994565301913034,0.5994565301913034,0.835830386938505,0.14317263662815094,2.1393637657165527,1.3801876306533813,-0.29796263575553894,-0.08831046521663666,-0.1972128450870514,1.2403723001480103,1.5703330039978027
1.8266583229036293,7.474750346309524,-0.14552264652496516,-0.14552264652496516,-0.38853629766877784,0.1525440663099289,2.1671018600463867,1.3788824081420898,-0.293082594871521,-0.08917435258626938,-0.20411571860313416,1.2472511529922485,2.2508039474487305
1.831038798498123,8.85682949567021,0.49500454483276807,0.49500454483276807,0.6389318849223544,0.16203700006008148,2.1525189876556396,1.377598524093628,-0.2910195291042328,-0.09006847441196442,-0.19701895117759705,1.2571107149124146,2.0204176902770996
1.835419274092616,5.774891020268679,1.5138161291655317,1.5138161291655317,-0.5736827601436957,0.17146605253219604,2.1727676391601562,1.3763236999511719,-0.2678825557231903,-0.09093151241540909,-0.20122209191322327,1.2659610509872437,2.5739798545837402
1.8397997496871088,8.232420986873638,-0.9931316269539132,-0.9931316269539132,0.3057341435551937,0.18098381161689758,2.151890754699707,1.375150203704834,-0.2795003652572632,-0.09181296080350876,-0.1402605026960373,1.2772363424301147,2.1853294372558594
1.844180225281602,6.717255496284157,1.9018874993657577,1.9018874993657577,-1.212889416567097,0.19041012227535248,2.1605162620544434,1.373925805091858,-0.26482143998146057,-0.09242736548185349,-0.17819149792194366,1.2868090867996216,2.475947380065918
1.848560700876095,11.024813813759122,1.2494883647133768,1.2494883647133768,0.08669839422062532,0.19987420737743378,2.11667537689209,1.3727657794952393,-0.27620115876197815,-0.09320792555809021,-0.0872301384806633,1.2976548671722412,1.6066582202911377
1.852941176470588,7.323120440913813,0.31263734845119523,0.31263734845119523,1.0069254872712843,0.20914624631404877,2.116325616836548,1.3715559244155884,-0.244845449924469,-0.09359003603458405,-0.05327298492193222,1.3046927452087402,1.7436437606811523
1.8573216520650813,8.018427887602618,-0.39222776696235334,-0.39222776696235334,0.04516557330984125,0.21841676533222198,2.149271011352539,1.3704833984375,-0.2297206073999405,-0.0938233956694603,-0.07354839891195297,1.312330722808838,2.5493857860565186
1.8617021276595744,11.004210350401962,0.25969568245351693,0.25969568245351693,-0.7982600556902111,0.22783160209655762,2.1484148502349854,1.3694771528244019,-0.2198655605316162,-0.09414557367563248,-0.08632167428731918,1.323498249053955,2.6311304569244385
1.866082603254068,9.774754554449789,0.03714838084702951,0.03714838084702951,0.6409407225022495,0.2372426837682724,2.1166579723358154,1.368514060974121,-0.19768552482128143,-0.09452370554208755,-0.055426012724637985,1.3350238800048828,2.0893571376800537
1.8704630788485608,6.7236539179793295,-1.7209704712325435,-1.7209704712325435,-0.622295831309499,0.24651464819908142,2.135654926300049,1.3676481246948242,-0.17078052461147308,-0.09476649761199951,-0.07305866479873657,1.3441762924194336,2.6231181621551514
1.8748435544430535,9.301058441354968,-0.4624093583639878,-0.4624093583639878,-0.5965929909957486,0.2558698356151581,2.111259698867798,1.3668999671936035,-0.1753266602754593,-0.09508652985095978,-0.10514344274997711,1.3556667566299438,2.1853721141815186
1.879224030037547,5.791633530993471,0.29905895207948746,0.29905895207948746,0.32449690052373314,0.26511815190315247,2.0863587856292725,1.3661319017410278,-0.1618441939353943,-0.09554710984230042,-0.1012248545885086,1.3652397394180298,1.7753643989562988
1.88360450563204,5.905373210826971,-0.011576064898998747,-0.011576064898998747,0.9644907740314279,0.2742573916912079,2.09541654586792,1.3654229640960693,-0.16445793211460114,-0.09599052369594574,-0.1019677221775055,1.3730167150497437,2.0433924198150635
1.887984981226533,7.673505626068626,-0.1513805255071145,-0.1513805255071145,-0.9866093686700981,0.28343629837036133,2.127131938934326,1.364702582359314,-0.16208280622959137,-0.09643719345331192,-0.13047197461128235,1.3819677829742432,2.793278694152832
1.8923654568210264,6.795767669332514,-1.9276579053583605,-1.9276579053583605,0.3796684429076783,0.2927541434764862,2.0885977745056152,1.3639925718307495,-0.16230326890945435,-0.09700872004032135,-0.10608064383268356,1.3942036628723145,2.0741171836853027
1.8967459324155196,8.119418123757653,-2.1478606195977967,-2.1478606195977967,0.37737592832441963,0.3019031882286072,2.0988519191741943,1.3632816076278687,-0.15855474770069122,-0.09747340530157089,-0.1734618842601776,1.4032893180847168,2.380330801010132
1.9011264080100123,8.1268752836952,-0.7385055603842648,-0.7385055603842648,-0.7582495185972102,0.3110971450805664,2.1082561016082764,1.3625870943069458,-0.14645995199680328,-0.09823325276374817,-0.24720680713653564,1.4137163162231445,2.6858253479003906
1.9055068836045053,5.997821696056214,-1.5620476957243663,-1.5620476957243663,-0.03177072570391251,0.3203323185443878,2.076857089996338,1.3619455099105835,-0.14125970005989075,-0.09931613504886627,-0.2466302216053009,1.4254815578460693,2.130722761154175
1.9098873591989989,6.120352205515319,-0.10481864481669761,-0.10481864481669761,-0.37671025434294236,0.32942995429039,2.0723717212677,1.3613266944885254,-0.14554214477539062,-0.10039649158716202,-0.2913191616535187,1.4348151683807373,2.116736888885498
1.914267834793492,7.91399964151003,2.3525843844211334,2.3525843844211334,-0.9365308869989448,0.33850792050361633,2.0552597045898438,1.3606891632080078,-0.15070897340774536,-0.10167260468006134,-0.28337907791137695,1.4440875053405762,1.8402384519577026
1.9186483103879848,8.891163386197155,-0.48953828656367665,-0.48953828656367665,0.7589212621920429,0.3475109338760376,2.016662359237671,1.3600289821624756,-0.14622189104557037,-0.10291393846273422,-0.18732649087905884,1.452148675918579,1.1403985023498535
1.923028785982478,8.589193367891923,-0.4894540187442453,-0.4894540187442453,1.5132350753196373,0.35634487867355347,2.038177251815796,1.3593884706497192,-0.12730266153812408,-0.10373451560735703,-0.22378547489643097,1.4571441411972046,1.7184085845947266
1.9274092615769711,7.201897027334396,0.9204157596318184,0.9204157596318184,-1.8027927805845878,0.36527305841445923,2.0869829654693604,1.3588308095932007,-0.10778053104877472,-0.10471480339765549,-0.2822703421115875,1.4646716117858887,2.8638954162597656
1.9317897371714643,10.398455501818558,-0.4535748830017947,-0.4535748830017947,-0.4695835019499143,0.3744150400161743,2.017178773880005,1.35835862159729,-0.11170797795057297,-0.10595127940177917,-0.2027440220117569,1.4772168397903442,1.5032669305801392
1.9361702127659572,5.2444222790053345,0.4825662949416692,0.4825662949416692,0.5869445884066549,0.38325124979019165,1.9927289485931396,1.357869267463684,-0.08792853355407715,-0.10683939605951309,-0.20227651298046112,1.4838018417358398,1.1440964937210083
1.9405506883604504,5.614962918627123,1.875385253739024,1.875385253739024,0.04085997109319927,0.3919803500175476,2.0100486278533936,1.3574841022491455,-0.09462776780128479,-0.10772546380758286,-0.2053246945142746,1.4888135194778442,1.583430290222168
1.944931163954944,4.807008642625597,0.24206670086830223,0.24206670086830223,-0.958748245467716,0.40078532695770264,2.007298469543457,1.3570696115493774,-0.10086163133382797,-0.1086248829960823,-0.15175074338912964,1.4957497119903564,1.609037160873413
1.9493116395494368,9.575549624245623,-0.9718197093895692,-0.9718197093895692,-0.02351844822060941,0.40957826375961304,1.9689278602600098,1.3566278219223022,-0.11519154906272888,-0.10928962379693985,-0.11668314039707184,1.502798080444336,0.8793907761573792
1.9536921151439297,7.069155436301155,0.349413617840983,0.349413617840983,1.039919343808784,0.41820311546325684,1.9604485034942627,1.3561232089996338,-0.0950644463300705,-0.10980074852705002,-0.14437654614448547,1.5066502094268799,0.8473049402236938
1.9580725907384229,5.880945475953366,-0.12856945608012013,-0.12856945608012013,-1.0143946775112407,0.4267908036708832,1.9923657178878784,1.355706810951233,-0.08902902901172638,-0.1104331836104393,-0.16454149782657623,1.5103617906570435,1.6206824779510498
1.962453066332916,7.76545662828883,1.19362026371644,1.19362026371644,0.06647449158900094,0.4355183243751526,1.9508633613586426,1.3553168773651123,-0.09589273482561111,-0.11115395277738571,-0.1386725902557373,1.5174611806869507,0.8442214131355286
1.9668335419274088,6.710776531021217,0.697515174374213,0.697515174374213,1.2975990016559182,0.44406402111053467,1.946763277053833,1.3548967838287354,-0.08755047619342804,-0.11176140606403351,-0.10575635731220245,1.521159291267395,0.8781363368034363
1.9712140175219024,9.14625138312157,-0.5874735233893958,-0.5874735233893958,-0.3133244338226479,0.45259177684783936,1.988051176071167,1.3545132875442505,-0.08399009704589844,-0.11222466826438904,-0.12328070402145386,1.5250059366226196,1.8426377773284912
1.9755944931163956,5.657830369072497,0.12401930495986514,0.12401930495986514,0.054810413568614734,0.4613003730773926,1.9688611030578613,1.3541454076766968,-0.06773853302001953,-0.11276469379663467,-0.13128672540187836,1.533077597618103,1.5840837955474854
1.9799749687108883,10.763140412760126,-0.11990909009731136,-0.11990909009731136,-0.651261455828284,0.4699249267578125,1.9658902883529663,1.3538486957550049,-0.07376500964164734,-0.11333978921175003,-0.12926560640335083,1.5400166511535645,1.610082745552063
1.9843554443053817,7.541339330692661,0.12764481430346167,0.12764481430346167,-0.6012910569178885,0.478536456823349,1.932658076286316,1.3535255193710327,-0.04686350375413895,-0.11390603333711624,-0.11374843120574951,1.5470695495605469,1.086240530014038
1.9887359198998744,4.470915190486949,-1.164556482077674,-1.164556482077674,0.07196957453405935,0.487002432346344,1.9039816856384277,1.3533202409744263,-0.04075006768107414,-0.11440430581569672,-0.09246119111776352,1.5518277883529663,0.6076802015304565
1.993116395494368,7.696024155184797,0.09396888600861908,0.09396888600861908,0.8253337306246729,0.49534279108047485,1.9024525880813599,1.3531417846679688,-0.05419531092047691,-0.11480932682752609,-0.12857167422771454,1.5544897317886353,0.64656662940979
1.997496871088861,7.079151548664564,-0.8267129607624669,-0.8267129607624669,0.660589772607837,0.5036764144897461,1.9251859188079834,1.3529044389724731,-0.04589215666055679,-0.11537253111600876,-0.14992985129356384,1.5573220252990723,1.2422022819519043
2.001877346683354,6.859087571393691,-1.3826636132858696,-1.3826636132858696,0.9206652990043996,0.512109637260437,1.9424591064453125,1.3527034521102905,-0.0420689694583416,-0.116029292345047,-0.19336381554603577,1.5627634525299072,1.714798927307129
2.0062578222778478,4.778241396268074,0.08460528939746217,0.08460528939746217,-0.1800133189388021,0.5206185579299927,1.969268560409546,1.352519154548645,-0.04004653915762901,-0.11687631905078888,-0.260628342628479,1.570275068283081,2.383039951324463
2.0106382978723403,6.92716668667783,-2.7575787922517154,-2.7575787922517154,0.4124507118671357,0.5292448997497559,1.958067536354065,1.3523436784744263,-0.05262460187077522,-0.11801799386739731,-0.252900630235672,1.5807138681411743,2.22702956199646
2.015018773466833,7.973028704736994,-1.5816452347023555,-1.5816452347023555,-1.5180424668817354,0.5378221869468689,1.9660413265228271,1.352113127708435,-0.050978269428014755,-0.11912582069635391,-0.34547552466392517,1.5904693603515625,2.506361246109009
2.0193992490613266,7.641458243144951,1.0725938540577769,1.0725938540577769,-0.5454848695995579,0.5464344024658203,1.90276038646698,1.3518898487091064,-0.04144918918609619,-0.12063916772603989,-0.3473329246044159,1.6014484167099,1.3203402757644653
2.02377972465582,5.745143810082064,-1.2067660695164855,-1.2067660695164855,-0.6872463794908686,0.5547693967819214,1.8748551607131958,1.3517082929611206,-0.033619239926338196,-0.1221606507897377,-0.300079882144928,1.6072320938110352,0.8667784929275513
2.028160200250313,6.081324532097716,-1.6231879873670745,-1.6231879873670745,0.6222557160466917,0.5629821419715881,1.84371018409729,1.3515610694885254,-0.03782258182764053,-0.12347514182329178,-0.31525149941444397,1.611029028892517,0.3150539994239807
2.032540675844806,7.672607452301386,-0.8234125151978179,-0.8234125151978179,-0.25316761028747153,0.571058452129364,1.8595407009124756,1.3513953685760498,-0.04147719591856003,-0.12485609203577042,-0.38082557916641235,1.6124091148376465,0.7488850355148315
2.036921151439299,6.907679988361594,1.1831000044366824,1.1831000044366824,0.15862631697572602,0.5792041420936584,1.8417924642562866,1.3512136936187744,-0.03341270238161087,-0.12652428448200226,-0.39747855067253113,1.6156896352767944,0.5116655826568604
2.0413016270337923,5.916626816221143,1.3950005609925211,1.3950005609925211,1.2149183542663418,0.587272047996521,1.8396828174591064,1.351067304611206,-0.03098759800195694,-0.12826542556285858,-0.3675606846809387,1.6179310083389282,0.5886986255645752
2.045682102628285,9.126680473593114,-0.2623444002803247,-0.2623444002803247,0.23743833379454918,0.5953307151794434,1.876843810081482,1.3509315252304077,-0.03695863112807274,-0.12987551093101501,-0.36230170726776123,1.6205097436904907,1.4684542417526245
2.0500625782227786,7.842995692384053,-1.2899151454129765,-1.2899151454129765,-0.15217909944846025,0.6035521626472473,1.8747152090072632,1.3507696390151978,-0.02042393386363983,-0.13146255910396576,-0.3768969476222992,1.6269422769546509,1.5885999202728271
2.0544430538172715,7.464683770051896,2.0454506873643687,2.0454506873643687,-0.8648186908602298,0.6117643117904663,1.8597896099090576,1.3506802320480347,-0.01171161513775587,-0.1331135481595993,-0.41012245416641235,1.6339011192321777,1.4206799268722534
2.0588235294117645,7.453798625818443,0.2904827692308774,0.2904827692308774,0.30452970129916673,0.6199110746383667,1.81934654712677,1.3506289720535278,-0.0037160394713282585,-0.13491007685661316,-0.325133353471756,1.6401243209838867,0.7150320410728455
2.063204005006258,5.081489623928901,-1.0083643811409582,-1.0083643811409582,0.1988581989606549,0.6278806924819946,1.8210532665252686,1.3506126403808594,0.001792679075151682,-0.13633431494235992,-0.3255435824394226,1.6432565450668335,0.890122652053833
2.067584480600751,6.576311074713626,1.3046049486315703,1.3046049486315703,0.2810207212964603,0.6358577609062195,1.8218051195144653,1.3506205081939697,-0.008220331743359566,-0.13776035606861115,-0.36079829931259155,1.64715576171875,1.0020606517791748
2.071964956195244,9.539725198534374,0.6168519503782051,0.6168519503782051,0.10877180281171504,0.643838107585907,1.8235098123550415,1.3505845069885254,-0.008629621006548405,-0.1393408179283142,-0.33090639114379883,1.6515452861785889,1.1635512113571167
2.076345431789737,9.28326678465536,-0.8836023835684977,-0.8836023835684977,0.29083087171698213,0.6518259644508362,1.8149824142456055,1.3505467176437378,0.010981305502355099,-0.14079034328460693,-0.3160688281059265,1.656642198562622,1.1701586246490479
2.08072590738423,4.826890737605707,0.3266527594972841,0.3266527594972841,-0.3214707701219478,0.6597764492034912,1.8131722211837769,1.3505948781967163,0.028318792581558228,-0.1421748697757721,-0.3503659963607788,1.6617680788040161,1.314090609550476
2.085106382978723,6.689251216455922,-0.4319180625425112,-0.4319180625425112,-0.2598295246966281,0.6677190065383911,1.7950453758239746,1.3507189750671387,0.018029406666755676,-0.14370964467525482,-0.33143872022628784,1.6675244569778442,1.0309679508209229
2.0894868585732165,7.414222815536148,0.6890847890858591,0.6890847890858591,0.4149928371175915,0.6755821704864502,1.776509404182434,1.3507980108261108,0.020085033029317856,-0.14516150951385498,-0.3364642560482025,1.672040581703186,0.7770617008209229
2.093867334167709,7.826180353110459,-0.7011354876005128,-0.7011354876005128,0.68340135562036,0.6833641529083252,1.7811927795410156,1.3508859872817993,0.024623021483421326,-0.14663538336753845,-0.32845988869667053,1.675444483757019,1.024788498878479
2.098247809762203,6.902805629586188,0.5051959623025147,0.5051959623025147,-0.08584828493960683,0.6911666393280029,1.79482901096344,1.3509938716888428,0.03073839470744133,-0.1480741947889328,-0.36889275908470154,1.6799335479736328,1.4701626300811768
2.102628285356696,5.70220737959053,0.403309115280005,0.403309115280005,0.3249903376563831,0.6990288496017456,1.7818666696548462,1.3511285781860352,0.033436860889196396,-0.14969012141227722,-0.35163238644599915,1.6863735914230347,1.3416892290115356
2.1070087609511887,6.397385788399885,0.4381839346960056,0.4381839346960056,-0.32492374932028945,0.7068342566490173,1.7852803468704224,1.351275086402893,0.02656617760658264,-0.15123043954372406,-0.34934523701667786,1.6922508478164673,1.5328373908996582
2.111389236545682,9.79254331116716,1.6380074397154072,1.6380074397154072,-0.7169902941217585,0.7146546244621277,1.7641329765319824,1.3513914346694946,0.02699672430753708,-0.15276074409484863,-0.3270600736141205,1.6989654302597046,1.2250745296478271
2.115769712140175,6.860152348078988,-1.0567628544169163,-1.0567628544169163,1.4824674385454064,0.7223823666572571,1.7237026691436768,1.351509690284729,0.052070267498493195,-0.15419341623783112,-0.2582866847515106,1.704331874847412,0.5853589773178101
2.1201501877346685,5.388058478198586,-0.9185008648035382,-0.9185008648035382,-1.0432473831244753,0.7299330234527588,1.766588568687439,1.3517377376556396,0.04744973033666611,-0.15532483160495758,-0.33244025707244873,1.7068960666656494,1.633950114250183
2.1245306633291614,5.524739093070797,1.2067365794149023,1.2067365794149023,-0.5012708406341702,0.7376714944839478,1.7208192348480225,1.3519456386566162,0.04485626891255379,-0.15678107738494873,-0.32879725098609924,1.7140535116195679,0.7902368307113647
2.1289111389236544,8.7474209006934,-0.5167472481040827,-0.5167472481040827,1.5768049971544356,0.7452095150947571,1.6942561864852905,1.352142095565796,0.04108281433582306,-0.15822136402130127,-0.2789180278778076,1.7175151109695435,0.35260799527168274
2.133291614518148,4.751546431326699,0.8957066534712765,0.8957066534712765,-0.6315932815766553,0.7526311874389648,1.7371068000793457,1.3523221015930176,0.04790191352367401,-0.15944315493106842,-0.3400563895702362,1.719059705734253,1.447780728340149
2.1376720901126407,7.217436747007918,1.1148057853185167,1.1148057853185167,0.7617016323394186,0.7602405548095703,1.706893801689148,1.352531909942627,0.03947712853550911,-0.1609327644109726,-0.29545438289642334,1.7254016399383545,0.9187911748886108
2.1420525657071336,6.5276699802997795,-2.1366189367982957,-2.1366189367982957,0.38394620252370426,0.7677175402641296,1.7226003408432007,1.3527048826217651,0.04010463133454323,-0.16222698986530304,-0.2851426303386688,1.729426383972168,1.4126248359680176
2.146433041301627,9.260952644939385,-0.33880161488773675,-0.33880161488773675,1.0735376918470272,0.7752633690834045,1.725721001625061,1.352880597114563,0.03797076642513275,-0.16347604990005493,-0.358751118183136,1.73561429977417,1.627841591835022
2.15081351689612,7.815528240874314,0.2069586382419391,0.2069586382419391,-1.2157438992877845,0.782822847366333,1.7488610744476318,1.3530468940734863,0.049746040254831314,-0.1650475561618805,-0.399995893239975,1.742745041847229,2.3300375938415527
2.155193992490613,5.787824321856263,0.3632213561228472,0.3632213561228472,0.18980670794960158,0.7904837131500244,1.6922568082809448,1.3532648086547852,0.06528285145759583,-0.16679972410202026,-0.35844847559928894,1.752951741218567,1.318534016609192
2.1595744680851063,10.67568694553647,-0.9783649399168214,-0.9783649399168214,-0.70656169748988,0.7978966236114502,1.689172387123108,1.3535507917404175,0.05932456627488136,-0.16836990416049957,-0.35338422656059265,1.7587275505065918,1.3900786638259888
2.1639549436795997,7.234421058942753,-0.2389781293388439,-0.2389781293388439,-0.9099165060321732,0.805296003818512,1.6456515789031982,1.3538106679916382,0.09201575815677643,-0.16991789638996124,-0.36132174730300903,1.7648167610168457,0.7216610908508301
2.1683354192740927,6.220292963643919,-0.33194963192964344,-0.33194963192964344,1.1099728479748765,0.812504768371582,1.6007163524627686,1.3542137145996094,0.10362862050533295,-0.17150065302848816,-0.34172821044921875,1.7679779529571533,-0.0586322546005249
2.1727158948685856,9.836900147841693,1.5285431361716864,1.5285431361716864,-0.8936543426859956,0.819516658782959,1.6292842626571655,1.3546676635742188,0.09433893859386444,-0.1729975789785385,-0.38383692502975464,1.7677210569381714,0.698054313659668
2.1770963704630786,11.043503089101655,-0.4651510117954203,-0.4651510117954203,0.515636183234573,0.8266537189483643,1.5801453590393066,1.3550809621810913,0.12332592904567719,-0.1746789664030075,-0.3131010830402374,1.7707788944244385,-0.10554015636444092
2.181476846057572,6.7695685852582015,1.081688442277785,1.081688442277785,0.6046405629138751,0.8335754871368408,1.5787932872772217,1.3556212186813354,0.15043596923351288,-0.17605049908161163,-0.3417431712150574,1.7703166007995605,0.1372087597846985
2.185857321652065,7.3021517557312015,-2.000508499022598,-2.000508499022598,-0.23170588136465442,0.8404913544654846,1.5881483554840088,1.3562802076339722,0.14834187924861908,-0.17754749953746796,-0.3278118669986725,1.7709176540374756,0.5036489963531494
2.1902377972465583,6.863122331474251,-0.058350914836949375,-0.058350914836949375,0.10379100196286165,0.8474482297897339,1.5667243003845215,1.3569300174713135,0.15576715767383575,-0.17898346483707428,-0.3794665038585663,1.773123860359192,0.23110049962997437
2.1946182728410517,4.240721008897651,-0.08191203490727023,-0.08191203490727023,0.8452426193112813,0.8543112277984619,1.5579179525375366,1.3576123714447021,0.15788081288337708,-0.18064570426940918,-0.3842015564441681,1.7741361856460571,0.21685907244682312
2.198998748435544,5.586095119762501,1.0264667886188512,1.0264667886188512,-0.4991862060514841,0.8611356616020203,1.5801478624343872,1.3583040237426758,0.13704101741313934,-0.18232868611812592,-0.4112774133682251,1.7750861644744873,0.7973675727844238
2.2033792240300376,7.375232623566894,1.007137982204313,1.007137982204313,-0.2794228451068519,0.8680574893951416,1.5520648956298828,1.3589043617248535,0.13492484390735626,-0.18413028120994568,-0.36672350764274597,1.7785789966583252,0.34414875507354736
2.2077596996245306,7.342106169090325,2.18874291433005,2.18874291433005,-1.6049768909013076,0.8748562932014465,1.5283582210540771,1.3594954013824463,0.14329852163791656,-0.18573670089244843,-0.32915186882019043,1.7800865173339844,0.031069666147232056
2.2121401752190235,4.1196199537153095,-1.583282815166018,-1.583282815166018,0.5193734147567847,0.881551206111908,1.4576003551483154,1.3601231575012207,0.161475270986557,-0.18717853724956512,-0.2183632254600525,1.7802226543426514,-1.2830274105072021
2.216520650813517,4.78623219638644,1.714951362123482,1.714951362123482,-0.31225502872547795,0.8879361748695374,1.4681332111358643,1.360830545425415,0.14177170395851135,-0.1881350725889206,-0.2797674536705017,1.7746024131774902,-0.9486281871795654
2.22090112640801,8.437521688001196,1.528016323677959,1.528016323677959,0.5135326377120812,0.8943672776222229,1.4479316473007202,1.3614516258239746,0.13285040855407715,-0.1893605887889862,-0.22056660056114197,1.770447015762329,-1.250645637512207
2.225281602002503,8.86902532422765,0.8702357473162033,0.8702357473162033,0.2564850988276275,0.9007099270820618,1.4500806331634521,1.3620336055755615,0.1421346664428711,-0.1903267800807953,-0.1909404695034027,1.7649686336517334,-0.9789823293685913
2.229662077596996,8.362431676474277,0.13735097196493956,0.13735097196493956,0.5488348235032825,0.9070619940757751,1.4423127174377441,1.3626562356948853,0.15626496076583862,-0.19116319715976715,-0.1730170100927353,1.7606801986694336,-0.905963659286499
2.234042553191489,6.959898655278409,1.4362256780686575,1.4362256780686575,0.759124358491367,0.9133800268173218,1.4459257125854492,1.3633407354354858,0.16504602134227753,-0.19192110002040863,-0.1850336492061615,1.7567116022109985,-0.6043789982795715
2.2384230287859825,5.562082197502155,-0.1946035843594514,-0.1946035843594514,-0.07075249301287345,0.9197138547897339,1.4597281217575073,1.3640637397766113,0.1632201224565506,-0.19273163378238678,-0.16526013612747192,1.7540640830993652,-0.12437579035758972
2.2428035043804755,3.323785778382864,3.361747635944826,3.361747635944826,-0.12711633076405424,0.926108181476593,1.4466164112091064,1.364778757095337,0.15770263969898224,-0.1934555470943451,-0.16887697577476501,1.7535192966461182,-0.2518378496170044
2.2471839799749684,6.324692816307003,1.369433952750301,1.369433952750301,0.5063031324064347,0.9324450492858887,1.4357373714447021,1.3654695749282837,0.1376553326845169,-0.19419531524181366,-0.06699108332395554,1.7524161338806152,-0.3920726180076599
2.251564455569462,8.522732248462773,0.6624793053165338,0.6624793053165338,-0.7788199704563241,0.938734233379364,1.4416851997375488,1.3660725355148315,0.13337922096252441,-0.1944887638092041,-0.04178492724895477,1.7506986856460571,-0.09400686621665955
2.255944931163955,7.068413893201004,0.5312586920397775,0.5312586920397775,0.8538209030073663,0.945049524307251,1.397599458694458,1.36665678024292,0.1520967185497284,-0.19467179477214813,0.00030558183789253235,1.7502869367599487,-0.794968843460083
2.260325406758448,9.581729662809522,1.0796205107022108,1.0796205107022108,0.8361509725726589,0.9511716961860657,1.4145053625106812,1.3673230409622192,0.15043745934963226,-0.19467045366764069,-0.009114257991313934,1.7468045949935913,-0.24405121803283691
2.264705882352941,5.763273445704016,-0.45040422010981507,-0.45040422010981507,0.0035264155547308773,0.9573678970336914,1.4260603189468384,1.367982029914856,0.16578587889671326,-0.194710373878479,-0.0020041754469275475,1.7457355260849,0.26134973764419556
2.269086357947434,9.43992960769036,-0.030237728371090344,-0.030237728371090344,-0.3608734661776948,0.9636147022247314,1.4151902198791504,1.3687082529067993,0.16105060279369354,-0.19471915066242218,-0.01526038907468319,1.7468804121017456,0.18852081894874573
2.2734668335419275,8.989890414685302,-0.4645506848824573,-0.4645506848824573,-0.15041766954469485,0.969813883304596,1.3842840194702148,1.3694137334823608,0.18306246399879456,-0.19478599727153778,-0.005604777485132217,1.7477061748504639,-0.20793473720550537
2.2778473091364204,9.379072156867403,-1.090761686911484,-1.090761686911484,0.548253210553608,0.9758777022361755,1.3617339134216309,1.370215654373169,0.20075751841068268,-0.19481055438518524,-0.014778456650674343,1.7467952966690063,-0.43986788392066956
2.2822277847309134,5.305988884651071,-2.572950007263956,-2.572950007263956,0.005662847349376485,0.9818427562713623,1.3633836507797241,1.371095061302185,0.21655860543251038,-0.19487528502941132,-0.0626428872346878,1.744868516921997,-0.14919167757034302
2.2866082603254068,4.495449276733433,2.115295961007331,2.115295961007331,0.49353543681236656,0.9878150224685669,1.3534635305404663,1.3720437288284302,0.20877772569656372,-0.19514968991279602,-0.13794656097888947,1.7442150115966797,-0.21429196000099182
2.2909887359199,4.976396907310534,1.3959785418452677,1.3959785418452677,0.08309015843436314,0.9937438368797302,1.3625057935714722,1.3729583024978638,0.19255413115024567,-0.19575396180152893,-0.09058601409196854,1.7432763576507568,0.09957665205001831
2.2953692115143927,6.084482739139146,-0.5825867052085942,-0.5825867052085942,0.20015456943144605,0.9997122883796692,1.3559566736221313,1.373801827430725,0.18209432065486908,-0.1961507648229599,-0.05224550887942314,1.7437125444412231,0.09735865145921707
2.299749687108886,8.624262187512187,0.5251641765262589,0.5251641765262589,-1.6177483414949232,1.0056520700454712,1.3514456748962402,1.3745994567871094,0.17825810611248016,-0.1963796317577362,-0.07510403543710709,1.7441390752792358,0.16888421773910522
2.304130162703379,6.877675922083057,-0.582770490455817,-0.582770490455817,0.5569311316351501,1.011572003364563,1.2771241664886475,1.375380277633667,0.20264208316802979,-0.19670861959457397,-0.01252419501543045,1.744878888130188,-1.165402889251709
2.3085106382978724,7.0492612741837934,1.750725047774197,1.750725047774197,0.32938231681219393,1.0171663761138916,1.2837390899658203,1.376267910003662,0.20154595375061035,-0.19676348567008972,-0.04580709710717201,1.7397738695144653,-0.8353081345558167
2.3128911138923653,6.267738768381484,-0.7482497846400082,-0.7482497846400082,-0.4789285043120923,1.022789716720581,1.2819846868515015,1.3771507740020752,0.2031819224357605,-0.19696414470672607,-0.004299383610486984,1.7361148595809937,-0.6780486106872559
2.3172715894868583,8.13006231919383,-1.348679975739505,-1.348679975739505,-0.0633643494360892,1.0284054279327393,1.2528613805770874,1.3780407905578613,0.20452722907066345,-0.1969829797744751,-0.012164419516921043,1.7331446409225464,-1.1201456785202026
2.321652065081352,8.205963205910866,1.7468141929393752,1.7468141929393752,1.3329051479062535,1.0338935852050781,1.235046625137329,1.378936767578125,0.21554744243621826,-0.1970362663269043,-0.04969970881938934,1.7282378673553467,-1.2716331481933594
2.3260325406758446,5.453333616903278,2.2854279603724366,2.2854279603724366,0.8032106416949326,1.0393036603927612,1.2671282291412354,1.3798810243606567,0.2190118134021759,-0.1972539722919464,-0.037612251937389374,1.7226674556732178,-0.36863845586776733
2.330413016270338,7.477529757634429,2.4573624458822745,2.4573624458822745,-0.05695048862940344,1.0448542833328247,1.2855839729309082,1.3808404207229614,0.20769712328910828,-0.19741873443126678,0.005673196166753769,1.721052646636963,0.17010295391082764
2.334793491864831,7.511216617695846,2.1966848461995574,2.1966848461995574,0.2973872603291627,1.0504857301712036,1.2693918943405151,1.381750226020813,0.2145046591758728,-0.19739387929439545,0.07909910380840302,1.7217978239059448,0.034741371870040894
2.339173967459324,4.642471408159637,1.1664927022825404,1.1664927022825404,-0.44413111234081554,1.0560462474822998,1.265830636024475,1.3826898336410522,0.21961474418640137,-0.1970473825931549,0.134564608335495,1.7219500541687012,0.1662822961807251
2.3435544430538173,6.589490185782006,0.11206616369142941,0.11206616369142941,-0.7544597921579124,1.0615911483764648,1.2411339282989502,1.383651852607727,0.20978453755378723,-0.19645792245864868,0.1815999299287796,1.7226784229278564,-0.22643932700157166
2.3479349186483103,6.919614646285131,-3.84400045269485,-3.84400045269485,1.0099325860440536,1.0670279264450073,1.201659917831421,1.384570837020874,0.21455654501914978,-0.19566242396831512,0.20690523087978363,1.7216864824295044,-0.8775568008422852
2.3523153942428032,5.7958445805110985,-0.44283330339193483,-0.44283330339193483,-0.11537352337133991,1.0722917318344116,1.224833369255066,1.3855106830596924,0.2117217630147934,-0.19475607573986053,0.06515499949455261,1.7178423404693604,-0.20033127069473267
2.3566958698372966,6.4797966965771545,-1.3852992484750197,-1.3852992484750197,0.5583047091744819,1.0776571035385132,1.20988130569458,1.3864381313323975,0.20770439505577087,-0.19447065889835358,0.0555921345949173,1.716964840888977,-0.35786381363868713
2.3610763454317896,6.018008749115954,-0.12394922594102248,-0.12394922594102248,0.931100253449453,1.0829569101333618,1.2178378105163574,1.387347936630249,0.20463064312934875,-0.19422714412212372,-0.0011672638356685638,1.7153972387313843,-0.014865219593048096
2.3654568210262825,12.749067494372877,-0.03135689164637809,-0.03135689164637809,-0.9931234480743814,1.0882916450500488,1.2400639057159424,1.3882442712783813,0.19660575687885284,-0.1942322552204132,-0.0319780558347702,1.7153321504592896,0.6155368685722351
2.369837296620776,6.673709543221134,0.09859387491357519,0.09859387491357519,-1.0238056419113177,1.0937237739562988,1.1807399988174438,1.3891054391860962,0.24308088421821594,-0.19437234103679657,-0.003891425207257271,1.7180285453796387,-0.28781789541244507
2.374217772215269,6.770324301680686,-0.7788305366125019,-0.7788305366125019,-0.05449592674504165,1.0988960266113281,1.1315885782241821,1.3901702165603638,0.24969951808452606,-0.19438938796520233,0.028886200860142708,1.7167677879333496,-1.141783356666565
2.3785982478097623,3.822140395581081,1.871464376955687,1.871464376955687,0.517932385550629,1.1038528680801392,1.1169941425323486,1.3912639617919922,0.25153839588165283,-0.19426284730434418,0.007733333855867386,1.711766242980957,-1.2648658752441406
2.382978723404255,8.506305191046247,1.6537007507034278,1.6537007507034278,0.8427159902290655,1.108745813369751,1.1284587383270264,1.39236581325531,0.23086832463741302,-0.19422897696495056,0.04726075753569603,1.7062255144119263,-0.9194480776786804
2.387359198998748,4.384708600049304,-0.9470557568705732,-0.9470557568705732,0.19585721376367893,1.1136889457702637,1.143027424812317,1.3933771848678589,0.23980571329593658,-0.19402195513248444,0.07094408571720123,1.7021979093551636,-0.3830847144126892
2.391739674593241,9.227831679369018,0.30114258189311055,0.30114258189311055,0.6604959399232729,1.1186959743499756,1.1420152187347412,1.3944276571273804,0.22483448684215546,-0.19371119141578674,0.03756740316748619,1.7005198001861572,-0.2860487401485443
2.3961201501877345,8.746359565420583,0.24529772786588347,0.24529772786588347,0.20743920247287057,1.1236985921859741,1.1488689184188843,1.395412564277649,0.2396908700466156,-0.1935466229915619,0.027073144912719727,1.699266791343689,0.10625365376472473
2.400500625782228,5.786096918785454,2.13853244446014,2.13853244446014,-0.19453602124174127,1.12873113155365,1.140348196029663,1.3964625597000122,0.2535095512866974,-0.19342802464962006,0.028178734704852104,1.6997321844100952,0.1625005602836609
2.404881101376721,5.042147991390933,-1.6123704332370676,-1.6123704332370676,-0.6565397218404881,1.1337263584136963,1.1227835416793823,1.3975729942321777,0.2496500164270401,-0.19330458343029022,0.09631172567605972,1.700443983078003,-0.05082148313522339
2.409261576971214,4.166208110437191,-0.726361471468819,-0.726361471468819,0.4378166224672001,1.1386446952819824,1.0899690389633179,1.3986666202545166,0.2430562973022461,-0.1928826868534088,0.06839843839406967,1.7002214193344116,-0.6044845581054688
2.413642052565707,7.627978116529912,-1.7639598825442409,-1.7639598825442409,-0.3875682944125913,1.1434192657470703,1.098104476928711,1.3997312784194946,0.2254766821861267,-0.19258306920528412,0.03440074622631073,1.6975735425949097,-0.3218054175376892
2.4180225281602,5.948537906665981,2.1219309819200194,2.1219309819200194,-0.35810604404036894,1.1482294797897339,1.0703073740005493,1.4007189273834229,0.2346290946006775,-0.19243237376213074,-0.005794249475002289,1.6961638927459717,-0.7012224793434143
2.422403003754693,6.312689647200528,2.1269448167715885,2.1269448167715885,0.8869314613888636,1.1529179811477661,1.046628475189209,1.4017467498779297,0.23245209455490112,-0.19245775043964386,0.06663069128990173,1.6930922269821167,-1.0389611721038818
2.4267834793491865,10.083854269619497,-0.33079279132700024,-0.33079279132700024,0.5240174321952533,1.1575027704238892,1.0671011209487915,1.4027650356292725,0.22699588537216187,-0.19216588139533997,0.1028430163860321,1.688541054725647,-0.4402366876602173
2.4311639549436794,7.9393078486111435,0.6174147217118368,0.6174147217118368,0.21316027567467494,1.1621772050857544,1.0678247213363647,1.4037593603134155,0.2482752799987793,-0.19171537458896637,0.07787984609603882,1.686612606048584,-0.15613248944282532
2.4355444305381724,8.391273904662777,-1.08345319765257,-1.08345319765257,0.5386895908415735,1.166854739189148,1.061273217201233,1.4048469066619873,0.2567738890647888,-0.19137422740459442,0.08968535810709,1.6859287023544312,-0.08234169334173203
2.4399249061326658,11.005069098973827,2.242912730724091,2.242912730724091,0.6255020174077343,1.1715036630630493,1.0656694173812866,1.405971646308899,0.26690584421157837,-0.19098135828971863,0.04231364279985428,1.6855679750442505,0.23254060745239258
2.4443053817271587,5.315193628232517,0.1217152019574057,0.1217152019574057,-0.5408551153878324,1.1761717796325684,1.0685597658157349,1.407140851020813,0.29391708970069885,-0.19079600274562836,0.08954716473817825,1.686586618423462,0.5846543908119202
2.448685857321652,6.042593798079258,-0.5094652137518383,-0.5094652137518383,-0.35707446608841964,1.1808525323867798,1.0395891666412354,1.4084283113479614,0.2882038354873657,-0.1904037445783615,0.10889631509780884,1.689147710800171,0.11818304657936096
2.453066332916145,5.982195846081491,0.45573521266308836,0.45573521266308836,0.5018704262136584,1.1854064464569092,1.0159456729888916,1.4096907377243042,0.2866346538066864,-0.18992672860622406,0.10444602370262146,1.68966543674469,-0.21795743703842163
2.457446808510638,4.899922517830879,-1.8551784774986866,-1.8551784774986866,-0.7384455748186057,1.189856767654419,1.0233500003814697,1.4109463691711426,0.2809787392616272,-0.18946920335292816,0.10309872776269913,1.6887106895446777,0.09500917792320251
2.4618272841051314,6.40024221606331,-0.32954177506248467,-0.32954177506248467,-0.044018665159214584,1.1943395137786865,0.9880560636520386,1.4121772050857544,0.2734939157962799,-0.18901757895946503,0.07048658281564713,1.6891268491744995,-0.5162217617034912
2.4662077596996244,6.538663011267977,-0.24783345382697697,-0.24783345382697697,0.32341507085165866,1.1986676454544067,0.9751111268997192,1.4133752584457397,0.27290138602256775,-0.1887088119983673,0.062148403376340866,1.6868655681610107,-0.6196536421775818
2.4705882352941178,5.220956403866683,-0.22078657439180815,-0.22078657439180815,0.4323924581869928,1.2029391527175903,0.9751893281936646,1.414570689201355,0.2716432213783264,-0.1884365677833557,0.04546613246202469,1.6841511726379395,-0.44663316011428833
2.4749687108886107,5.907389383035184,1.0545557500095621,1.0545557500095621,-0.43201572325916393,1.207210898399353,0.9815650582313538,1.4157606363296509,0.26130345463752747,-0.18823739886283875,0.026391232386231422,1.682194709777832,-0.17646589875221252
2.479349186483104,8.392583106503244,-1.094443929788897,-1.094443929788897,0.28061100937798966,1.2115106582641602,0.955622136592865,1.4169052839279175,0.25903552770614624,-0.18812179565429688,0.06980383396148682,1.6814217567443848,-0.5658293962478638
2.483729662077597,4.888819757427953,0.030485945920490837,0.030485945920490837,0.034902342122952124,1.2156966924667358,0.951002836227417,1.4180400371551514,0.2702336311340332,-0.18781602382659912,0.02964787185192108,1.678943157196045,-0.4435410499572754
2.48811013767209,6.523166236211965,0.03153625813363231,0.03153625813363231,0.4116348708049154,1.2198625802993774,0.9437114000320435,1.4192237854003906,0.25932520627975464,-0.18768614530563354,0.02951889857649803,1.6770002841949463,-0.46888768672943115
2.492490613266583,6.5848749887698,0.39159320197453945,0.39159320197453945,0.926753708187278,1.2239965200424194,0.9471720457077026,1.42035973072052,0.25773727893829346,-0.18755683302879333,0.0184188149869442,1.6749463081359863,-0.22663764655590057
2.4968710888610763,5.251885635157381,1.3046854436975153,1.3046854436975153,-0.7440279625452513,1.2281455993652344,0.9691354036331177,1.4214887619018555,0.25467216968536377,-0.18747614324092865,0.002790432423353195,1.6739535331726074,0.4043461084365845
2.5012515644555693,6.208761049019089,0.4359990666073047,0.4359990666073047,0.5955107289775794,1.2323908805847168,0.9331773519515991,1.4226043224334717,0.24906358122825623,-0.1874639242887497,0.06261935830116272,1.675724744796753,-0.21191227436065674
2.5056320400500622,3.8635267973893024,-0.7906928323886863,-0.7906928323886863,-0.4484756512380984,1.2364786863327026,0.9438459873199463,1.4236953258514404,0.24475595355033875,-0.18718962371349335,0.0579611137509346,1.674796462059021,0.17277738451957703
2.510012515644556,10.269176044366223,-0.7409104790813976,-0.7409104790813976,-0.3421019071800404,1.2406132221221924,0.9209661483764648,1.4247674942016602,0.22893688082695007,-0.18693572282791138,0.04796728864312172,1.675553321838379,-0.20600789785385132
2.5143929912390486,7.553982366213738,0.1622373832823557,0.1622373832823557,-0.5165738644022956,1.24464750289917,0.890811026096344,1.4257704019546509,0.25496363639831543,-0.18672560155391693,0.03632081300020218,1.6746509075164795,-0.5713410377502441
2.518773466833542,5.003780608571335,-0.18738224501436507,-0.18738224501436507,-0.10029053916839739,1.2485496997833252,0.8590924739837646,1.4268872737884521,0.2636697292327881,-0.18656650185585022,0.05614425241947174,1.6721481084823608,-1.0397889614105225
2.523153942428035,5.4930782931139595,-1.0389007216761152,-1.0389007216761152,2.458644431122357,1.2523128986358643,0.8468120098114014,1.4280422925949097,0.25382259488105774,-0.18632055819034576,0.05360089987516403,1.6675933599472046,-1.167015790939331
2.527534418022528,4.34856317686642,-1.1957663193425956,-1.1957663193425956,0.5345199173556477,1.256022334098816,0.9260727167129517,1.4291541576385498,0.2381441742181778,-0.1860857605934143,-0.04853850603103638,1.6624813079833984,0.6334744691848755
2.5319148936170213,8.632583887931643,0.29552602456883015,0.29552602456883015,-0.6511358897402235,1.260079026222229,0.9379392862319946,1.4301973581314087,0.2219531536102295,-0.18629838526248932,-0.09906835108995438,1.6652562618255615,0.9937717914581299
2.536295369211514,8.594598665322287,-0.592943858862205,-0.592943858862205,-0.30114159540788016,1.2641876935958862,0.8996269702911377,1.4311696290969849,0.23786820471286774,-0.18673235177993774,-0.07142282277345657,1.6696094274520874,0.41548341512680054
2.540675844806008,9.948486695810121,-1.3530136879975148,-1.3530136879975148,0.058423374807422726,1.268128514289856,0.8739418387413025,1.4322116374969482,0.2525743544101715,-0.18704521656036377,-0.07994437217712402,1.6714293956756592,0.10036832094192505
2.545056320400501,6.484209547806557,0.832949447664453,0.832949447664453,0.14797910502336903,1.2719568014144897,0.8588435053825378,1.433318018913269,0.2749551832675934,-0.18739540874958038,-0.12116280943155289,1.6718690395355225,0.04213805869221687
2.549436795994993,6.128208325307881,1.5043152068746386,1.5043152068746386,0.0839270459556582,1.2757189273834229,0.8529436588287354,1.4345225095748901,0.2741764187812805,-0.18792615830898285,-0.10115950554609299,1.672053575515747,0.08697448670864105
2.553817271589487,3.1911076432073866,0.6142499830681127,0.6142499830681127,-0.9817891170983978,1.2794551849365234,0.8453217148780823,1.4357235431671143,0.2712811529636383,-0.1883692890405655,-0.05967966839671135,1.6724345684051514,0.08697506785392761
2.55819774718398,3.678124890330243,-0.914866789702647,-0.914866789702647,0.23285137541450346,1.2831580638885498,0.8043513894081116,1.436911940574646,0.25294816493988037,-0.18863071501255035,-0.013070270419120789,1.6728155612945557,-0.6872987747192383
2.562578222778473,8.403126855962595,0.12974577700160578,0.12974577700160578,-0.01577125616714005,1.2866815328598022,0.8063222765922546,1.4380199909210205,0.23325586318969727,-0.18868796527385712,-0.04658728092908859,1.6698048114776611,-0.5497257113456726
2.566958698372966,5.064969665709599,1.3275740666864722,1.3275740666864722,-0.7752737604365186,1.2902135848999023,0.7911228537559509,1.4390417337417603,0.24563589692115784,-0.18889203667640686,-0.042337723076343536,1.6673967838287354,-0.6480770707130432
2.571339173967459,8.360208499422729,-0.7264729737698251,-0.7264729737698251,-0.5863251889330217,1.293679118156433,0.7543340921401978,1.4401177167892456,0.23864509165287018,-0.1890774965286255,0.019072100520133972,1.664557933807373,-1.2850769758224487
2.575719649561952,3.913545919751179,-2.5467712780011933,-2.5467712780011933,1.650506094945287,1.2969834804534912,0.7186322212219238,1.4411630630493164,0.2523614466190338,-0.18899394571781158,0.014979340136051178,1.658928632736206,-1.8123068809509277
2.580100125156445,8.805379801275437,3.3949458708550933,3.3949458708550933,0.5520716533736528,1.3001314401626587,0.7714271545410156,1.4422684907913208,0.22918738424777985,-0.18892833590507507,-0.10759447515010834,1.6509898900985718,-0.6050965785980225
2.5844806007509384,5.326165600705126,-0.024176449151730117,-0.024176449151730117,-0.24941235210863194,1.3035106658935547,0.776299774646759,1.4432724714279175,0.24243789911270142,-0.18939964473247528,-0.024573534727096558,1.6483392715454102,-0.27319851517677307
2.588861076345432,3.1843043029271794,0.8844945863673013,0.8844945863673013,0.5067548440221508,1.3069112300872803,0.7581687569618225,1.4443345069885254,0.2351633459329605,-0.18950729072093964,-0.017995931208133698,1.6471425294876099,-0.5124265551567078
2.593241551939925,7.200571386188722,-0.29907642491199304,-0.29907642491199304,0.12942506093512615,1.310232400894165,0.7710378766059875,1.4453645944595337,0.2116648107767105,-0.1895861178636551,-0.006964733824133873,1.6448978185653687,-0.1601901352405548
2.5976220275344177,6.0378342351210765,2.259485337219042,2.259485337219042,0.7003588367424922,1.3136099576950073,0.7634245157241821,1.4462918043136597,0.21565864980220795,-0.1896166205406189,-0.019478335976600647,1.6441961526870728,-0.13052542507648468
2.602002503128911,6.314202241694996,-0.06616025961905314,-0.06616025961905314,-0.07073065308106677,1.3169541358947754,0.7784456610679626,1.4472365379333496,0.2104959487915039,-0.18970194458961487,0.02605310082435608,1.6436244249343872,0.3412882089614868
2.606382978723404,10.95455974057872,1.1821233135893416,1.1821233135893416,0.3656137795584434,1.3203641176223755,0.7651142477989197,1.448158621788025,0.20917442440986633,-0.1895878165960312,0.026186570525169373,1.6451194286346436,0.2284795641899109
2.610763454317897,4.335436968236899,1.567179595935023,1.567179595935023,0.5286235917328175,1.3237156867980957,0.759627103805542,1.4490748643875122,0.23719680309295654,-0.18947310745716095,0.05003123730421066,1.646120309829712,0.4008924663066864
2.6151439299123904,7.179316454624139,2.050423895381276,2.050423895381276,-0.6248534444360934,1.3270431756973267,0.7713297605514526,1.4501138925552368,0.22124263644218445,-0.18925394117832184,0.08036036789417267,1.6478763818740845,0.7588335871696472
2.619524405506884,8.402552006826586,1.6109880060510524,1.6109880060510524,0.6242931395692544,1.3304219245910645,0.7364617586135864,1.4510830640792847,0.22708837687969208,-0.18890193104743958,0.15848693251609802,1.6512004137039185,0.21860092878341675
2.6239048811013768,5.300806424488996,-0.29892382158432906,-0.29892382158432906,-0.804628265361855,1.3336479663848877,0.7446378469467163,1.452077865600586,0.2375434935092926,-0.1882076859474182,0.18730154633522034,1.6521580219268799,0.6088508367538452
2.6282853566958697,5.787796290704034,-1.0882475725801848,-1.0882475725801848,-0.7401446699811506,1.3369098901748657,0.7065036296844482,1.4531184434890747,0.23172961175441742,-0.18738721311092377,0.2020697146654129,1.6548250913619995,-0.04977494478225708
2.6326658322903627,7.155313404231704,-0.1979437853715756,-0.1979437853715756,0.6807478596514541,1.3400046825408936,0.6698938608169556,1.4541335105895996,0.22909191250801086,-0.18650205433368683,0.1919040083885193,1.6546070575714111,-0.6647951602935791
2.637046307884856,9.305590176614079,1.6014880240976253,1.6014880240976253,-0.9995742822484237,1.3429391384124756,0.6823325157165527,1.455137014389038,0.23104792833328247,-0.1856614202260971,0.16624341905117035,1.651694893836975,-0.2201460599899292
2.641426783479349,5.409573438828509,0.1750335987501163,0.1750335987501163,0.8846260934881484,1.3459280729293823,0.6305205821990967,1.4561491012573242,0.25222381949424744,-0.18493320047855377,0.24220268428325653,1.6507304906845093,-1.0636327266693115
2.645807259073842,5.980820922045236,0.6414581500306582,0.6414581500306582,0.45273968127642195,1.3486900329589844,0.6533917188644409,1.4572539329528809,0.24204888939857483,-0.18387223780155182,0.2214803397655487,1.6460713148117065,-0.44713711738586426
2.650187734668336,3.157320349337584,-0.6192719824559598,-0.6192719824559598,-0.06056684540503862,1.3515522480010986,0.6598154902458191,1.4583141803741455,0.23714543879032135,-0.18290205299854279,0.22699151933193207,1.6441125869750977,-0.16091260313987732
2.6545682102628283,6.98497587870452,1.322908201970021,1.322908201970021,-0.2268240043545658,1.3544425964355469,0.6524126529693604,1.459352970123291,0.21509893238544464,-0.18190772831439972,0.21067555248737335,1.6434077024459839,-0.23564623296260834
2.6589486858573217,7.220459382638839,0.7347421281427529,0.7347421281427529,0.6486014567340432,1.3573005199432373,0.6327435970306396,1.4602952003479004,0.21866710484027863,-0.18098486959934235,0.25593265891075134,1.6423754692077637,-0.4706457853317261
2.663329161451814,8.012045936533685,0.008866232838641352,0.008866232838641352,-0.7792023987830872,1.3600722551345825,0.6444095969200134,1.461253046989441,0.22147442400455475,-0.17986376583576202,0.2584482431411743,1.6403138637542725,-0.04640758037567139
2.667709637046308,8.164782968747364,0.392759739481094,0.392759739481094,-0.1223608717582213,1.362895131111145,0.6032509207725525,1.4622231721878052,0.23318077623844147,-0.17873163521289825,0.28146234154701233,1.6401106119155884,-0.7063487768173218
2.672090112640801,3.855931943079049,0.023486144417338206,0.023486144417338206,-0.5406429247422398,1.3655376434326172,0.585672914981842,1.4632445573806763,0.24414177238941193,-0.1774986982345581,0.29650551080703735,1.6370164155960083,-0.8713988661766052
2.676470588235294,8.384803404269087,-0.5993251175789899,-0.5993251175789899,-0.03257694075441525,1.3681031465530396,0.5599550604820251,1.4643139839172363,0.22768078744411469,-0.17619986832141876,0.31297987699508667,1.6331992149353027,-1.3132858276367188
2.6808510638297878,10.129654616085576,1.3309310523004823,1.3309310523004823,-0.32906456033026554,1.3705559968948364,0.545525312423706,1.4653112888336182,0.2395905703306198,-0.17482887208461761,0.2964290380477905,1.6274464130401611,-1.4097269773483276
2.6852315394242803,2.734116291670449,1.3078834475931262,1.3078834475931262,0.7110444727656943,1.3729456663131714,0.5178208947181702,1.4663608074188232,0.26351305842399597,-0.17353036999702454,0.34490618109703064,1.6212711334228516,-1.742404818534851
2.689612015018773,8.753333661001994,0.9568952444388547,0.9568952444388547,1.0740474485641271,1.3752139806747437,0.5393362045288086,1.4675151109695435,0.23658378422260284,-0.17201951146125793,0.36233577132225037,1.6136385202407837,-1.2276298999786377
2.6939924906132666,7.390633140517959,1.2918227403093692,1.2918227403093692,-0.3013357668558799,1.377576470375061,0.5650056004524231,1.468551516532898,0.24917912483215332,-0.17043231427669525,0.3589145541191101,1.6082608699798584,-0.48445481061935425
2.69837296620776,5.379466368358294,1.645858463566476,1.645858463566476,0.35962794405170906,1.3800514936447144,0.5430872440338135,1.469642996788025,0.2551545202732086,-0.16886009275913239,0.4054398238658905,1.6061387062072754,-0.7672501802444458
2.7027534418022525,3.3872256431411536,-0.8449489846856391,-0.8449489846856391,0.2705261136986666,1.3824304342269897,0.5481963753700256,1.470760703086853,0.24696782231330872,-0.16708406805992126,0.4430018365383148,1.6027778387069702,-0.5353037714958191
2.707133917396746,5.732663680177357,1.404524924330777,1.404524924330777,-0.2681801020785595,1.3848317861557007,0.5530815720558167,1.4718425273895264,0.22589437663555145,-0.16514350473880768,0.41042643785476685,1.6004329919815063,-0.3553584814071655
2.711514392991239,6.03905066442278,0.7531157527705313,0.7531157527705313,0.44055456935329906,1.3872545957565308,0.5351571440696716,1.4728320837020874,0.22088530659675598,-0.16334563493728638,0.4592747390270233,1.5988763570785522,-0.5980454087257385
2.715894868585732,7.149442264469804,1.3025931328291986,1.3025931328291986,0.23507688286379344,1.3895988464355469,0.5425835251808167,1.473799705505371,0.2171137034893036,-0.16133379936218262,0.4684025049209595,1.5962566137313843,-0.30711081624031067
2.720275344180225,6.957926239143122,-1.6745515638009163,-1.6745515638009163,-0.2546271784970974,1.3919756412506104,0.5411465167999268,1.4747507572174072,0.22094088792800903,-0.15928196907043457,0.4995773732662201,1.5949113368988037,-0.17777937650680542
2.724655819774718,6.74978755149154,-0.6987037516193797,-0.6987037516193797,1.1477559883600146,1.3943461179733276,0.5223618149757385,1.47571861743927,0.22397200763225555,-0.1570935845375061,0.45811107754707336,1.5941325426101685,-0.41601231694221497
2.729036295369212,8.292931990494022,-2.644403966217557,-2.644403966217557,-1.7378889566100144,1.3966343402862549,0.5548235177993774,1.476699709892273,0.2244231253862381,-0.15508684515953064,0.4041886031627655,1.5923101902008057,0.4065572917461395
2.7334167709637045,5.179866450578064,0.7912966641765797,0.7912966641765797,1.6700482839246071,1.3990647792816162,0.48076561093330383,1.4776828289031982,0.23737147450447083,-0.15331630408763885,0.37771549820899963,1.5940910577774048,-0.9582626819610596
2.737797246558197,6.703642251869109,-0.4953221103467535,-0.4953221103467535,1.0722972744501267,1.4011707305908203,0.5344425439834595,1.4787225723266602,0.22691167891025543,-0.1516617238521576,0.352053165435791,1.5898934602737427,0.2695251703262329
2.742177722152691,7.420332121231455,-0.6856740204284345,-0.6856740204284345,-1.2580533275754515,1.403511881828308,0.5645862221717834,1.4797165393829346,0.22733503580093384,-0.15011955797672272,0.3062736988067627,1.5910741090774536,1.0377426147460938
2.746558197747184,6.10292823288164,0.5066834542294103,0.5066834542294103,0.7056082424350075,1.4059849977493286,0.5094014406204224,1.4807124137878418,0.23394879698753357,-0.14877793192863464,0.32298898696899414,1.5956199169158936,0.04237055778503418
2.750938673341677,8.07472576191349,0.14820074952619006,0.14820074952619006,0.49140250630254645,1.4082164764404297,0.5271183848381042,1.4817372560501099,0.23056647181510925,-0.14736308157444,0.31717973947525024,1.5958055257797241,0.536841869354248
2.75531914893617,5.248436837084906,0.7458188773436595,0.7458188773436595,-1.409102191420882,1.4105255603790283,0.5346236824989319,1.482747197151184,0.2403210997581482,-0.14597368240356445,0.30715715885162354,1.5981571674346924,0.8576074242591858
2.759699624530663,4.310942945635183,-1.8851944916956884,-1.8851944916956884,-0.04844877601184143,1.4128674268722534,0.4768933057785034,1.483799934387207,0.23320330679416656,-0.14462818205356598,0.3700876832008362,1.6019139289855957,-0.23899513483047485
2.7640801001251565,6.431349446843125,-0.2038933632308969,-0.2038933632308969,-0.2533637105433214,1.4149564504623413,0.469689279794693,1.4848214387893677,0.21871374547481537,-0.14300702512264252,0.3164488673210144,1.6008670330047607,-0.30289793014526367
2.768460575719649,4.451269646254787,1.4073415975043673,1.4073415975043673,-0.3597141023924996,1.4170138835906982,0.45247745513916016,1.4857795238494873,0.21843424439430237,-0.14162082970142365,0.3178935647010803,1.5995402336120605,-0.5343273282051086
2.7728410513141424,6.480199484595563,0.574902066551609,0.574902066551609,-0.6401303821268478,1.418995976448059,0.43394342064857483,1.4867364168167114,0.20515090227127075,-0.1402283012866974,0.3694972097873688,1.5971996784210205,-0.8332502245903015
2.777221526908636,5.118474776149654,0.3151215557389082,0.3151215557389082,0.5774501512559405,1.4208968877792358,0.4028390347957611,1.4876350164413452,0.20541143417358398,-0.13860972225666046,0.40498000383377075,1.5935496091842651,-1.3554768562316895
2.7816020025031287,3.6390257120626224,-0.16185572270982276,-0.16185572270982276,0.5058589408336635,1.422661542892456,0.41762101650238037,1.4885348081588745,0.19535700976848602,-0.1368357241153717,0.39731916785240173,1.5876120328903198,-0.9493525624275208
2.7859824780976217,7.377000806106123,-0.35593868157343944,-0.35593868157343944,-1.0119149383453803,1.4244909286499023,0.4316811263561249,1.4893906116485596,0.1759023666381836,-0.1350952833890915,0.3778197765350342,1.5834534168243408,-0.5876526832580566
2.790362953692115,6.322753797770319,0.837835263913211,0.837835263913211,0.62197123443377,1.4263819456100464,0.3864906132221222,1.4901611804962158,0.18200865387916565,-0.13344025611877441,0.3969763517379761,1.5808792114257812,-1.3909592628479004
2.794743429286608,6.942803037447639,1.3999217950409526,1.3999217950409526,1.4083965787938506,1.4280749559402466,0.4018605053424835,1.4909584522247314,0.18013571202754974,-0.1317013055086136,0.40328025817871094,1.5747861862182617,-0.954197108745575
2.7991239048811014,7.220631743256903,0.03954658346297349,0.03954658346297349,0.09156817133641909,1.429835319519043,0.4452163875102997,1.491747498512268,0.18259426951408386,-0.12993474304676056,0.4030327796936035,1.5706063508987427,0.07500427961349487
2.8035043804755944,7.11288927079322,-0.9318865012921121,-0.9318865012921121,-0.3723353468794458,1.4317855834960938,0.4406812787055969,1.4925473928451538,0.18728533387184143,-0.12816926836967468,0.40151357650756836,1.5709348917007446,0.11026231944561005
2.8078848560700878,8.418640737543555,0.03906265110696788,0.03906265110696788,-0.7448149040633937,1.4337159395217896,0.41954493522644043,1.4933677911758423,0.19127634167671204,-0.12641045451164246,0.38517290353775024,1.5714179277420044,-0.20382513105869293
2.8122653316645807,0.6608188836065665,0.8342912363145425,0.8342912363145425,0.03687537175923573,1.435553789138794,0.3836185336112976,1.4942057132720947,0.2039109468460083,-0.12472321093082428,0.408064603805542,1.570525050163269,-0.8047828078269958
2.8166458072590737,5.0815634141618675,0.06951808558556272,0.06951808558556272,-0.6670074746144625,1.4372341632843018,0.3842654228210449,1.4950989484786987,0.16516762971878052,-0.1229356974363327,0.4313516616821289,1.5669996738433838,-0.7799181342124939
2.821026282853567,4.782091912366873,-0.5322331478660924,-0.5322331478660924,0.3973239199236501,1.4389173984527588,0.3548835217952728,1.4958224296569824,0.15554536879062653,-0.12104617059230804,0.4528605341911316,1.563583254814148,-1.305364966392517
2.82540675844806,6.756644076765296,0.21428074821291987,0.21428074821291987,-0.12302401832778198,1.4404720067977905,0.3645009398460388,1.4965038299560547,0.14391420781612396,-0.11906242370605469,0.42571452260017395,1.5578651428222656,-1.0251034498214722
2.829787234042553,8.46016612941237,-1.7138051877028244,-1.7138051877028244,1.1248694644754815,1.4420686960220337,0.35345491766929626,1.4971342086791992,0.1453091949224472,-0.11719758808612823,0.43556490540504456,1.5533746480941772,-1.1439285278320312
2.8341677096370463,4.031972270663703,0.08628922603705838,0.08628922603705838,1.4335196822222518,1.4436169862747192,0.38618338108062744,1.4977707862854004,0.15868154168128967,-0.115289606153965,0.35266661643981934,1.5483636856079102,-0.3252750039100647
2.8385481852315397,9.48119510093492,1.9552259485345318,1.9552259485345318,-0.03212066074867446,1.4453086853027344,0.4344050884246826,1.498465895652771,0.14350169897079468,-0.11374475806951523,0.3133231997489929,1.5469387769699097,0.7433890700340271
2.842928660826032,7.03994212701599,1.5886217715371729,1.5886217715371729,-0.45305506532935264,1.4472116231918335,0.42459824681282043,1.4990944862365723,0.1630607694387436,-0.1123722568154335,0.37136000394821167,1.5501952171325684,0.6882833242416382
2.8473091364205256,4.9292829144512345,0.4456222967060612,0.4456222967060612,-0.029546049932062814,1.4490715265274048,0.40179958939552307,1.4998087882995605,0.16619828343391418,-0.11074552685022354,0.43098342418670654,1.5532102584838867,0.32286444306373596
2.8516896120150186,6.857745406893449,-1.229548233403228,-1.229548233403228,-0.4103566629578552,1.450831651687622,0.3963039219379425,1.5005367994308472,0.15578550100326538,-0.10885761678218842,0.4448598325252533,1.5546245574951172,0.28393426537513733
2.8560700876095115,8.255921419607926,0.869488752881415,0.869488752881415,1.0287757819873409,1.45256769657135,0.3753635883331299,1.5012192726135254,0.15792116522789001,-0.10690891742706299,0.42093685269355774,1.5558682680130005,-0.04887107014656067
2.860450563204005,4.824065618167071,-1.174201507939252,-1.174201507939252,0.005031714106914588,1.454211950302124,0.4054732024669647,1.5019110441207886,0.17013326287269592,-0.1050650104880333,0.4162851572036743,1.5556541681289673,0.7002977132797241
2.864831038798498,7.139139067315128,0.09925395260985456,0.09925395260985456,-0.7574990991582554,1.4559881687164307,0.4015350043773651,1.50265634059906,0.15898694097995758,-0.10324148088693619,0.3818477988243103,1.5587217807769775,0.6883901953697205
2.8692115143929917,5.620386117937257,-1.6018652292686908,-1.6018652292686908,0.04163688183403888,1.4577471017837524,0.3680451512336731,1.5033527612686157,0.16284355521202087,-0.101568803191185,0.40686771273612976,1.561737298965454,0.0929611325263977
2.873591989987484,7.554689062233724,-0.24489833100303612,-0.24489833100303612,-1.1739170715871006,1.4593592882156372,0.36485689878463745,1.5040661096572876,0.15709827840328217,-0.09978652745485306,0.3588722348213196,1.5621445178985596,0.10557062923908234
2.877972465581977,5.530841658552739,0.056141742121635724,0.056141742121635724,1.8635594501060824,1.4609575271606445,0.31609034538269043,1.5047543048858643,0.16378821432590485,-0.09821449965238571,0.3860025405883789,1.562606930732727,-0.8055909872055054
2.8823529411764706,6.391771493582851,0.9867693241897997,0.9867693241897997,-0.2800379528172833,1.4623421430587769,0.3791770339012146,1.5054718255996704,0.15786823630332947,-0.09652362763881683,0.3332202136516571,1.5590780973434448,0.5832531452178955
2.8867334167709635,7.0346777452456095,-4.481510137400591,-4.481510137400591,0.673169704535283,1.464003086090088,0.363982230424881,1.5061633586883545,0.1570477932691574,-0.0950639620423317,0.3702149987220764,1.5616329908370972,0.35221296548843384
2.891113892365457,5.62613609869767,-1.2851356526422495,-1.2851356526422495,-0.18443939807367934,1.4655975103378296,0.38289135694503784,1.506851315498352,0.16088345646858215,-0.09344224631786346,0.2196820080280304,1.5631757974624634,0.8385328054428101
2.89549436795995,7.719487005013997,-0.5232938565939271,-0.5232938565939271,-1.3985116424920327,1.467274785041809,0.37187135219573975,1.5075560808181763,0.15499696135520935,-0.09247993677854538,0.18753819167613983,1.5668489933013916,0.6818082928657532
2.899874843554443,4.3189083435449005,1.2360229059230687,1.2360229059230687,0.02673766159661191,1.4689037799835205,0.31523436307907104,1.5082350969314575,0.1628928780555725,-0.09165842831134796,0.21309733390808105,1.5698356628417969,-0.39872676134109497
2.904255319148936,6.809957274001229,-0.4556112363476537,-0.4556112363476537,0.13859514617395158,1.4702847003936768,0.31289100646972656,1.5089486837387085,0.1485186368227005,-0.09072495996952057,0.24841229617595673,1.5680890083312988,-0.39272379875183105
2.908635794743429,7.386131469392408,0.2142578914404734,0.2142578914404734,-0.6193813760425068,1.4716553688049316,0.3127661645412445,1.509599208831787,0.15067370235919952,-0.08963679522275925,0.23105958104133606,1.5663686990737915,-0.30979636311531067
2.913016270337922,3.14092271497304,0.21274989194915464,0.21274989194915464,-0.19948290438573654,1.4730254411697388,0.28481441736221313,1.5102592706680298,0.15655075013637543,-0.08862464129924774,0.2554045021533966,1.5650116205215454,-0.8001811504364014
2.9173967459324155,8.024230402444893,1.1822266242073214,1.1822266242073214,0.7414619019103353,1.4742730855941772,0.2752797603607178,1.5109450817108154,0.13422700762748718,-0.08750584721565247,0.2674430012702942,1.5615063905715942,-0.9602010250091553
2.9217772215269084,7.674034177211,0.38760040467501655,0.38760040467501655,-0.5758863304089743,1.4754788875579834,0.2964022159576416,1.5115330219268799,0.14451515674591064,-0.08633431792259216,0.28031474351882935,1.5573002099990845,-0.42317479848861694
2.9261576971214014,6.472183332884419,0.7913172249296849,0.7913172249296849,0.21163496836383602,1.4767773151397705,0.2701481878757477,1.5121660232543945,0.1521078646183014,-0.08510640263557434,0.3084516227245331,1.5554465055465698,-0.878180742263794
2.930538172715895,7.467391442174911,-0.4114401637207963,-0.4114401637207963,-0.19862649147270872,1.4779607057571411,0.2733747661113739,1.5128322839736938,0.15200994908809662,-0.0837552398443222,0.3253801763057709,1.5515996217727661,-0.7347646951675415
2.934918648310388,2.958615453432022,1.5463645412097362,1.5463645412097362,0.5816351817253322,1.4791581630706787,0.2611795663833618,1.5134981870651245,0.15830768644809723,-0.08232992142438889,0.31916534900665283,1.548380970954895,-0.9021813869476318
2.939299123904881,5.1552734651581815,0.7030975754055369,0.7030975754055369,0.8389544451660192,1.4803022146224976,0.2803373634815216,1.5141916275024414,0.13525931537151337,-0.08093182742595673,0.3473384976387024,1.5444289445877075,-0.46950584650039673
2.943679599499374,5.103478315586391,-1.6855705605572167,-1.6855705605572167,0.24235225025405166,1.4815301895141602,0.30748072266578674,1.5147840976715088,0.12723714113235474,-0.07941032201051712,0.34337103366851807,1.542372226715088,0.15365928411483765
2.948060075093867,3.4418378667957894,0.017385749601492,0.017385749601492,0.06467492862439067,1.4828771352767944,0.31311607360839844,1.5153414011001587,0.11836466193199158,-0.07790619134902954,0.28706955909729004,1.5430452823638916,0.3271903693675995
2.9524405506883604,6.5487659557869655,0.3011868853841003,0.3011868853841003,0.3371837462398546,1.4842487573623657,0.3133770227432251,1.515859842300415,0.09827011078596115,-0.07664868980646133,0.285688579082489,1.5444785356521606,0.3697599172592163
2.9568210262828534,3.721064851465666,1.04968282542111,1.04968282542111,-0.19154038180569288,1.485621452331543,0.32168644666671753,1.516290307044983,0.0990443155169487,-0.07539723813533783,0.28463736176490784,1.546098232269287,0.6123677492141724
2.9612015018773468,7.0087998604581045,-1.5770261654942315,-1.5770261654942315,0.034615493705809276,1.4870306253433228,0.31255194544792175,1.5167241096496582,0.08051509410142899,-0.07415039092302322,0.3208850026130676,1.5487806797027588,0.460929811000824
2.96558197747184,4.816194734695482,-2.809126845862331,-2.809126845862331,-0.5530111782416273,1.4883997440338135,0.309715211391449,1.517076849937439,0.0840427502989769,-0.07274476438760757,0.2738199532032013,1.5507997274398804,0.4738205671310425
2.9699624530663327,7.642495751225377,-1.253340095502145,-1.253340095502145,-0.5326509873533554,1.489756464958191,0.2868981659412384,1.5174449682235718,0.07259117811918259,-0.0715453028678894,0.20793423056602478,1.552875280380249,0.04712522029876709
2.974342928660826,5.757517015494349,-0.7270953067873506,-0.7270953067873506,-0.14547544270288837,1.4910131692886353,0.2632397413253784,1.5177628993988037,0.08000730723142624,-0.07063445448875427,0.18688783049583435,1.553081750869751,-0.3698444068431854
2.978723404255319,8.546432347439378,1.7240558565252295,1.7240558565252295,1.0792589937355643,1.49216628074646,0.25473153591156006,1.518113374710083,0.0751369521021843,-0.06981579959392548,0.16990268230438232,1.5514616966247559,-0.4907107353210449
2.983103879849812,8.239876988719551,-1.0695507736027239,-1.0695507736027239,-0.6401103395948619,1.4932820796966553,0.2891344130039215,1.5184425115585327,0.08961302042007446,-0.06907154619693756,0.1887328028678894,1.5493121147155762,0.308427631855011
2.9874843554443054,5.156264679053266,1.6674867290025333,1.6674867290025333,0.17621148708993636,1.4945486783981323,0.26146453619003296,1.5188350677490234,0.1008315160870552,-0.0682448074221611,0.1761917769908905,1.5506632328033447,-0.18902677297592163
2.9918648310387983,4.282989769921139,1.5245851686134186,1.5245851686134186,0.18696721766734603,1.4956940412521362,0.265079528093338,1.519276738166809,0.09221813827753067,-0.06747300177812576,0.21974174678325653,1.549835205078125,-0.06498868018388748
2.9962453066332912,7.870707589091669,-0.8648251718126115,-0.8648251718126115,0.4682155722890617,1.4968552589416504,0.26958757638931274,1.5196807384490967,0.07782768458127975,-0.06651043146848679,0.25880444049835205,1.5495505332946777,0.06894012540578842
3.0006257822277846,4.591272260415666,-0.2065379934875719,-0.2065379934875719,0.9466587534792317,1.4980361461639404,0.28245675563812256,1.520021677017212,0.08748315274715424,-0.06537674367427826,0.21987542510032654,1.5498524904251099,0.4095017611980438
3.0050062578222776,6.97643567158033,-1.0359381621318604,-1.0359381621318604,-0.7806277558522031,1.499273419380188,0.31441959738731384,1.5204049348831177,0.0756867453455925,-0.06441358476877213,0.186198428273201,1.55164635181427,1.1167765855789185
3.009386733416771,7.989700583048885,-0.3210805935686535,-0.3210805935686535,-0.4421240590097958,1.5006507635116577,0.28258877992630005,1.5207364559173584,0.07824710011482239,-0.06359794735908508,0.17874255776405334,1.5565383434295654,0.516006350517273
3.013767209011264,8.61503826897626,1.1143827130637374,1.1143827130637374,-0.0759793440182999,1.501888632774353,0.26249533891677856,1.521079182624817,0.08806227147579193,-0.06281497329473495,0.18227741122245789,1.5587986707687378,0.16794365644454956
3.018147684605757,6.88499834214551,0.6117498736008513,0.6117498736008513,0.692673720309816,1.5030385255813599,0.2553788423538208,1.5214649438858032,0.10228109359741211,-0.06201651319861412,0.21703976392745972,1.5595343112945557,0.09471844136714935
3.0225281602002503,6.797077987492546,-0.20742069253427878,-0.20742069253427878,-1.2856868540323854,1.5041571855545044,0.27704155445098877,1.521912932395935,0.10532980412244797,-0.06106577441096306,0.21467652916908264,1.559949278831482,0.6049802899360657
3.0269086357947432,5.088361901187823,3.671106479441658,3.671106479441658,0.2480157974004809,1.5053707361221313,0.22707653045654297,1.5223742723464966,0.10693386197090149,-0.06012538820505142,0.24616532027721405,1.5625994205474854,-0.3780037760734558
3.0312891113892366,5.993707370880265,0.9496992743130215,0.9496992743130215,0.4973538222245837,1.506365418434143,0.2335730493068695,1.5228426456451416,0.09781459718942642,-0.059047065675258636,0.3461304306983948,1.560943603515625,-0.20034272968769073
3.0356695869837296,6.49443870362993,-0.37474321492909424,-0.37474321492909424,0.015742845161289234,1.5073885917663574,0.24873614311218262,1.523271083831787,0.09483840316534042,-0.05753085017204285,0.3593403398990631,1.5600659847259521,0.16444270312786102
3.0400500625782225,9.297149328517673,1.070214446814585,1.070214446814585,-0.17368199970027937,1.5084781646728516,0.24629196524620056,1.5236865282058716,0.09502431750297546,-0.05595676973462105,0.3479368984699249,1.5607863664627075,0.1653120219707489
3.044430538172716,6.197915392449183,-0.010697799809431505,-0.010697799809431505,0.26920031001300887,1.5095570087432861,0.2357904016971588,1.524102807044983,0.11377228796482086,-0.054432641714811325,0.3842626214027405,1.5615105628967285,0.018710985779762268
3.048811013767209,7.842312683784174,-0.9563866693808042,-0.9563866693808042,-1.0212164175812757,1.510589838027954,0.24281808733940125,1.5246012210845947,0.11208586394786835,-0.0527493879199028,0.3760887086391449,1.5615925788879395,0.21179908514022827
3.053191489361702,5.597302510492174,0.26139210403299906,0.26139210403299906,1.6837210537246456,1.5116535425186157,0.20244809985160828,1.5250922441482544,0.12089341133832932,-0.051101941615343094,0.37798193097114563,1.5625203847885132,-0.571533203125
3.057571964956195,6.701195228326521,-1.7439110762343621,-1.7439110762343621,-1.4538813684721688,1.512540340423584,0.2611699104309082,1.525621771812439,0.11556801199913025,-0.04944620281457901,0.3364454209804535,1.5600167512893677,0.6908836364746094
3.061952440550688,7.896725243728953,0.979256924792232,0.979256924792232,-0.027940914689553224,1.5136843919754028,0.20580706000328064,1.5261280536651611,0.11647914350032806,-0.047972410917282104,0.32797563076019287,1.5630431175231934,-0.4160984754562378
3.066332916145181,7.5321350560604206,-1.6433630966404935,-1.6433630966404935,-0.34422534456853926,1.5145859718322754,0.20172058045864105,1.5266382694244385,0.12596817314624786,-0.04653572291135788,0.35738900303840637,1.561220407485962,-0.44870373606681824
3.0707133917396745,7.847980933549128,-0.7844418863823587,-0.7844418863823587,0.03141292633488948,1.5154695510864258,0.1864243447780609,1.527190089225769,0.13291828334331512,-0.04497018828988075,0.3194500803947449,1.5592548847198486,-0.718663215637207
3.0750938673341675,3.7270058419609837,0.17219114423583845,0.17219114423583845,0.5571498332814995,1.5162861347198486,0.1847590208053589,1.527772307395935,0.1420382559299469,-0.04357084631919861,0.2956245243549347,1.5561068058013916,-0.7044581770896912
3.079474342928661,8.727778494713922,0.505536311192561,0.505536311192561,0.1770909380842155,1.5170954465866089,0.20368996262550354,1.5283944606781006,0.12404345721006393,-0.042275868356227875,0.28438252210617065,1.55302095413208,-0.2877466380596161
3.083854818523154,7.478403217033914,-1.4018506157975386,-1.4018506157975386,0.3466311094048864,1.5179877281188965,0.2072819173336029,1.528937816619873,0.1392122358083725,-0.04103013873100281,0.2939741611480713,1.5517604351043701,-0.16180585324764252
3.0882352941176467,5.979398590531012,1.2113059080240038,1.2113059080240038,0.3888771839753765,1.5188957452774048,0.21751853823661804,1.5295476913452148,0.14621178805828094,-0.03974239155650139,0.24291294813156128,1.5510516166687012,0.09391622245311737
3.09261576971214,6.222581214253484,0.873718745214739,0.873718745214739,-0.49954038898197434,1.5198485851287842,0.2298249900341034,1.5301882028579712,0.14328669011592865,-0.03867831826210022,0.2669304609298706,1.551463007926941,0.38315945863723755
3.096996245306633,8.591451773411915,0.38603782603438175,0.38603782603438175,-0.07703705755714614,1.5208553075790405,0.20990654826164246,1.530815839767456,0.141323521733284,-0.03750903531908989,0.3070339858531952,1.553141474723816,0.0016734600067138672
3.1013767209011265,4.012974034707179,-0.8974364714969104,-0.8974364714969104,0.47260065788201966,1.5217747688293457,0.2046722024679184,1.5314348936080933,0.15545178949832916,-0.03616407886147499,0.32055723667144775,1.5531487464904785,-0.06266863644123077
3.1057571964956194,6.617104076346516,-0.32862206402642974,-0.32862206402642974,0.32642962391888203,1.5226713418960571,0.22070857882499695,1.5321158170700073,0.13947650790214539,-0.03475988656282425,0.2805477976799011,1.552874207496643,0.29142171144485474
3.1101376720901124,6.970926600120157,0.3733483776067963,0.3733483776067963,0.3660055735317815,1.523638129234314,0.23081694543361664,1.532726764678955,0.1407199501991272,-0.03353095427155495,0.2614182233810425,1.5541508197784424,0.5338165163993835
3.1145181476846058,6.306164602535163,-0.554619181794578,-0.554619181794578,-0.8434899881134775,1.5246492624282837,0.2423250824213028,1.5333431959152222,0.1442861706018448,-0.03238581866025925,0.26163265109062195,1.5564892292022705,0.8058606386184692
3.1188986232790987,5.288588556722775,-2.1514768260155233,-2.1514768260155233,0.6304797868327789,1.5257108211517334,0.2101912647485733,1.5339752435684204,0.14269649982452393,-0.031239742413163185,0.27006858587265015,1.5600192546844482,0.16494488716125488
3.123279098873592,6.197723796749586,1.4177687847356797,1.4177687847356797,0.06235786667267905,1.5266315937042236,0.2317601889371872,1.5346003770828247,0.1351529359817505,-0.03005671314895153,0.18882662057876587,1.5607417821884155,0.6369947791099548
3.127659574468085,5.738353320238463,-0.4443266723468775,-0.4443266723468775,-0.3136540586529176,1.527646780014038,0.2325659692287445,1.5351923704147339,0.13335688412189484,-0.02922956272959709,0.22840891778469086,1.5635321140289307,0.6795768737792969
3.132040050062578,5.5672298850623765,-0.015060332746691718,-0.015060332746691718,-0.20569272787579068,1.528665542602539,0.21985943615436554,1.5357764959335327,0.128388449549675,-0.02822902239859104,0.22459286451339722,1.5665090084075928,0.4382180869579315
3.136420525657071,4.922443717187089,-1.125572338623278,-1.125572338623278,0.8242601400349789,1.5296286344528198,0.21112406253814697,1.5363389253616333,0.12239033728837967,-0.02724519930779934,0.2301599383354187,1.568428635597229,0.2781008780002594
3.1408010012515644,5.771059807087688,0.887333822141298,0.887333822141298,-0.8329046176930738,1.5305534601211548,0.23990197479724884,1.5368750095367432,0.11222966760396957,-0.026236988604068756,0.17321865260601044,1.5696468353271484,0.895926833152771
3.1451814768460573,4.170254981318223,0.631154146509666,0.631154146509666,-0.007265223679121156,1.531604290008545,0.2084449678659439,1.5373666286468506,0.10745955258607864,-0.02547820843756199,0.22345507144927979,1.5735714435577393,0.2618870139122009
3.1495619524405507,8.10493231691343,0.3517933216492751,0.3517933216492751,1.257702952141979,1.532517433166504,0.20726914703845978,1.5378373861312866,0.09222741425037384,-0.02449936978518963,0.24209894239902496,1.5747185945510864,0.25213104486465454
3.153942428035044,7.8751627375612046,-0.5989841824462803,-0.5989841824462803,-1.5427255640454227,1.5334253311157227,0.2511444389820099,1.5382413864135742,0.10300473123788834,-0.023438861593604088,0.215643510222435,1.5758230686187744,1.1932681798934937
3.1583229036295366,7.144899046587578,2.261759330119458,2.261759330119458,-0.8362145859138695,1.5345255136489868,0.19359256327152252,1.538692593574524,0.11242843419313431,-0.0224942397326231,0.24320374429225922,1.581050157546997,0.020479798316955566
3.16270337922403,5.917471661449049,-2.0491407611774974,-2.0491407611774974,0.963117966052095,1.535373568534851,0.16179972887039185,1.5391850471496582,0.11732432246208191,-0.021428892388939857,0.3336744010448456,1.5811399221420288,-0.6192919015884399
3.167083854818523,5.879183405564822,-1.2250795623139488,-1.2250795623139488,-0.5997626330671285,1.53608238697052,0.19554384052753448,1.5396989583969116,0.11329848319292068,-0.01996723935008049,0.24570688605308533,1.5784270763397217,0.1009870171546936
3.1714643304130163,6.6229812010700115,0.04941750300147793,0.04941750300147793,0.020444442987369606,1.5369389057159424,0.17273592948913574,1.5401952266693115,0.10962339490652084,-0.018890926614403725,0.22744564712047577,1.5788694620132446,-0.3576783537864685
3.1758448060075093,8.670941655843535,-1.713495189705636,-1.713495189705636,0.32509279812822006,1.5376955270767212,0.17233315110206604,1.540675401687622,0.11070356518030167,-0.017894607037305832,0.22829174995422363,1.5773026943206787,-0.3487178683280945
3.1802252816020022,7.136858091102834,-1.5192170158120166,-1.5192170158120166,0.06613149460133766,1.5384504795074463,0.18271784484386444,1.5411603450775146,0.12534667551517487,-0.01689458079636097,0.16875851154327393,1.575775146484375,-0.11096310615539551
3.184605757196496,4.739461032992146,0.2612501897267414,0.2612501897267414,-1.60047507209556,1.5392508506774902,0.18404099345207214,1.5417094230651855,0.12986615300178528,-0.016155337914824486,0.12246130406856537,1.5752891302108765,-0.06669721007347107
3.1889862327909886,8.675544788714554,-1.8869581536632976,-1.8869581536632976,1.1442798496795479,1.5400570631027222,0.1253356635570526,1.5422782897949219,0.11870191246271133,-0.015618898905813694,0.17682957649230957,1.5749969482421875,-1.2785043716430664
3.193366708385481,7.776108599930623,-0.8540908613561268,-0.8540908613561268,1.399107535802417,1.540606141090393,0.16561874747276306,1.5427982807159424,0.13296087086200714,-0.014844301156699657,0.08830781280994415,1.5693964958190918,-0.4208775758743286
3.197747183979975,5.091952940129721,0.5343220073501177,0.5343220073501177,0.7624338384322558,1.5413316488265991,0.21539348363876343,1.5433807373046875,0.14178375899791718,-0.01445747073739767,0.02250727266073227,1.5675528049468994,0.6315715312957764
3.202127659574468,2.4918575302551003,0.44846018425794804,0.44846018425794804,-0.07130267290956083,1.5422751903533936,0.24244645237922668,1.544001817703247,0.13271161913871765,-0.014358878135681152,0.015845684334635735,1.570319414138794,1.2050915956497192
3.206508135168961,7.057793289161757,-0.8988969914108842,-0.8988969914108842,-0.6854949537079118,1.5433372259140015,0.23956307768821716,1.5445832014083862,0.10601960867643356,-0.01428946666419506,0.031024407595396042,1.5755982398986816,1.1500084400177002
3.210888610763454,4.976950225909064,0.5034795594323438,0.5034795594323438,0.4712733485922888,1.544386625289917,0.21380318701267242,1.545047640800476,0.10987015068531036,-0.014153565280139446,0.024792391806840897,1.5806357860565186,0.6276174187660217
3.215269086357947,5.69904863783499,1.2587596097470841,1.2587596097470841,-0.37819513598647386,1.545323133468628,0.23021091520786285,1.5455288887023926,0.09977827966213226,-0.01404496282339096,0.025732915848493576,1.5833849906921387,0.9790706634521484
3.219649561952441,8.172636391881667,-0.3559358172006951,-0.3559358172006951,-1.137287524443715,1.546331524848938,0.21570077538490295,1.5459659099578857,0.0947163999080658,-0.013932240195572376,0.0735371857881546,1.5876737833023071,0.6880543828010559
3.224030037546933,7.71764309408572,1.79600631237666,1.79600631237666,-0.38273487187663185,1.5472763776779175,0.1732759028673172,1.5463807582855225,0.10674969106912613,-0.013610112480819225,0.0963551327586174,1.5906877517700195,-0.17965465784072876
3.2284105131414265,4.571388031228926,0.11840838354321637,0.11840838354321637,0.40134833442534795,1.5480353832244873,0.15825307369232178,1.5468484163284302,0.11542896926403046,-0.013188031502068043,0.15998128056526184,1.5899007320404053,-0.47796791791915894
3.23279098873592,9.07073934417536,-0.031688923867119925,-0.031688923867119925,0.38662512382913233,1.548728585243225,0.17214225232601166,1.5473541021347046,0.10256565362215042,-0.012487237341701984,0.15171854197978973,1.587807059288025,-0.1803259551525116
3.237171464330413,6.143468372032671,-0.9306840015689646,-0.9306840015689646,0.6953775687247459,1.5494827032089233,0.18493756651878357,1.5478034019470215,0.11973738670349121,-0.011822638101875782,0.13950245082378387,1.5870171785354614,0.10185262560844421
3.241551939924906,5.402284072903703,-1.3492371718708778,-1.3492371718708778,-0.7196529473310627,1.5502928495407104,0.2093619704246521,1.548327922821045,0.11725446581840515,-0.011211550794541836,0.0920162945985794,1.58746337890625,0.6205741167068481
3.245932415519399,6.183949203906985,-0.504065393333125,-0.504065393333125,-0.05020063921458071,1.5512099266052246,0.18260759115219116,1.5488415956497192,0.11060234904289246,-0.010808475315570831,0.0736304372549057,1.590181827545166,0.07182115316390991
3.250312891113892,5.0638230172387875,-1.155393628387717,-1.155393628387717,-0.8331321108505468,1.5520098209381104,0.18001791834831238,1.5493260622024536,0.1088361144065857,-0.010485938750207424,0.06037614867091179,1.5904964208602905,0.027154285460710526
3.254693366708385,6.9333447561716985,0.2625261552077515,0.2625261552077515,-0.18702708497805406,1.5527983903884888,0.1491987258195877,1.5498027801513672,0.10017307102680206,-0.010221462696790695,0.0509650893509388,1.5906153917312622,-0.6073497533798218
3.2590738423028784,9.526277253142938,0.5169720507683226,0.5169720507683226,1.5971224021642068,1.5534518957138062,0.14158347249031067,1.5502415895462036,0.1034192442893982,-0.00999821163713932,0.06409347057342529,1.5879548788070679,-0.7560938000679016
3.2634543178973714,8.259308273626761,1.3589230763139655,1.3589230763139655,0.7610347718907844,1.5540721416473389,0.19839277863502502,1.5506945848464966,0.1227564662694931,-0.00971745140850544,0.0325496569275856,1.5846428871154785,0.4402562975883484
3.267834793491865,4.1262298108795825,0.25863745588936826,0.25863745588936826,0.13882940106231637,1.554941177368164,0.2251080721616745,1.5512323379516602,0.13434763252735138,-0.009574868716299534,0.050009891390800476,1.586571455001831,1.007734775543213
3.2722152690863577,2.598408263385661,-0.09199395860988578,-0.09199395860988578,-0.5737149756671723,1.5559272766113281,0.22969229519367218,1.5518208742141724,0.11855314671993256,-0.009355801157653332,0.05350866541266441,1.5909857749938965,1.1087504625320435
3.2765957446808507,3.697699085415818,0.023674000166479747,0.023674000166479747,-0.4389075964923533,1.5569334030151367,0.20859560370445251,1.5523401498794556,0.09304225444793701,-0.009121407754719257,0.06757644563913345,1.5958425998687744,0.6728483438491821
3.280976220275344,5.602876759755906,-2.4104662309269185,-2.4104662309269185,-0.8920279114716513,1.5578471422195435,0.19224104285240173,1.5527477264404297,0.07499411702156067,-0.008825390599668026,0.08108529448509216,1.5987900495529175,0.3369206488132477
3.285356695869837,6.377992289777542,-2.1514541247466883,-2.1514541247466883,0.5077743043106344,1.5586892366409302,0.15922409296035767,1.5530762672424316,0.07021139562129974,-0.008470198139548302,0.03674208000302315,1.6002659797668457,-0.34398266673088074
3.2897371714643304,4.216696763232081,0.7685401842448703,0.7685401842448703,0.17367030820399487,1.5593867301940918,0.17684423923492432,1.5533838272094727,0.0691424310207367,-0.008309250697493553,-0.04091581329703331,1.5987591743469238,0.0305844247341156
3.294117647058824,5.914852365513292,-0.4718568148277701,-0.4718568148277701,0.5035736702184842,1.5601613521575928,0.18263885378837585,1.5536867380142212,0.05407183617353439,-0.008488481864333153,-0.02354372851550579,1.598893165588379,0.15615074336528778
3.2984981226533163,4.475765025387423,2.1863167933511654,2.1863167933511654,-0.9649257547462604,1.560961365699768,0.20017796754837036,1.5539236068725586,0.0499671995639801,-0.008591614663600922,-0.05202939361333847,1.5995771884918213,0.5284737944602966
3.3028785982478097,6.538295004159363,1.257024905545279,1.257024905545279,-0.2903325985178795,1.5618382692337036,0.16465997695922852,1.5541424751281738,0.037746332585811615,-0.008819527924060822,0.03999687731266022,1.601892113685608,-0.20604830980300903
3.3072590738423027,6.278326153524805,-1.369731162753655,-1.369731162753655,0.6067043566724123,1.5625596046447754,0.15330073237419128,1.5543078184127808,0.038631752133369446,-0.008644322864711285,0.08518461883068085,1.600989580154419,-0.4346907138824463
3.311639549436796,7.290336811135216,-0.4295216304640076,-0.4295216304640076,-0.054246857101005186,1.563231110572815,0.1745002567768097,1.5544770956039429,0.03676320239901543,-0.0082711735740304,0.027466434985399246,1.5990854501724243,0.01449534296989441
3.316020025031289,7.9729636404390005,-0.6655254481691717,-0.6655254481691717,0.5920292061080079,1.5639954805374146,0.17166908085346222,1.554638147354126,0.04239143431186676,-0.008150857873260975,0.0165072213858366,1.5991489887237549,-0.03611891344189644
3.320400500625782,9.98548061993344,-3.505349694686975,-3.505349694686975,0.12140073528060075,1.5647474527359009,0.192185640335083,1.554823875427246,0.05190088599920273,-0.00807854812592268,-0.02021736092865467,1.598990797996521,0.40027689933776855
3.324780976220276,6.237032353948818,-0.8520092873777372,-0.8520092873777372,-0.9399580020891274,1.5655893087387085,0.19541709125041962,1.5550512075424194,0.0752621740102768,-0.008167109452188015,-0.12612996995449066,1.6007442474365234,0.478797972202301
3.3291614518147683,5.168050431804116,1.5492466392361735,1.5492466392361735,1.2620381856409097,1.5664453506469727,0.16059966385364532,1.555380940437317,0.0747944712638855,-0.008719618432223797,-0.12356159090995789,1.6028416156768799,-0.23942863941192627
3.3335419274092613,4.783983707871054,0.570353723811976,0.570353723811976,-1.9706583359777383,1.5671488046646118,0.20566493272781372,1.5557085275650024,0.06475943326950073,-0.009260877035558224,-0.11517418920993805,1.601792812347412,0.7056959867477417
3.337922403003754,7.135000151302699,1.8556958980811786,1.8556958980811786,1.567221102380612,1.568049669265747,0.1336190402507782,1.5559922456741333,0.055753741413354874,-0.00976539496332407,-0.04096858203411102,1.604884147644043,-0.7890090942382812
3.342302878598248,6.354365430829024,-2.4751898343451946,-2.4751898343451946,-0.38470151799317476,1.5686349868774414,0.18939360976219177,1.5562365055084229,0.0582297220826149,-0.009944857098162174,-0.032544203102588654,1.6014279127120972,0.38280510902404785
3.3466833541927405,5.278498158652903,-0.6730689223477865,-0.6730689223477865,0.07088866274031873,1.5694645643234253,0.17458242177963257,1.5564916133880615,0.057967912405729294,-0.010087416507303715,-0.09359309077262878,1.603104829788208,0.08303391933441162
3.351063829787234,6.936824233970828,0.43886956446933745,0.43886956446933745,0.23915716632225484,1.5702292919158936,0.1764073371887207,1.5567455291748047,0.05006209388375282,-0.010497398674488068,-0.11531901359558105,1.6034685373306274,0.12843941152095795
3.355444305381727,8.410675027967574,-0.9322279447559152,-0.9322279447559152,-1.06233115661096,1.5710020065307617,0.18406760692596436,1.5569648742675781,0.05299763008952141,-0.011002550832927227,-0.10948678106069565,1.6040312051773071,0.29813456535339355
3.3598247809762203,6.495634992246724,1.9024384588044732,1.9024384588044732,-0.3386577094352451,1.5718083381652832,0.14430974423885345,1.5571969747543335,0.06729644536972046,-0.011482154950499535,-0.10568735748529434,1.605337142944336,-0.51734459400177
3.364205256570713,5.835023794787736,-2.1884595957579993,-2.1884595957579993,0.2629466304008885,1.572440505027771,0.1310204267501831,1.5574917793273926,0.06794995814561844,-0.011945115402340889,-0.04024024307727814,1.6030709743499756,-0.7838448286056519
3.368585732165206,5.704629971400122,-2.3155259461052293,-2.3155259461052293,0.7090797035235041,1.5730143785476685,0.13963164389133453,1.5577894449234009,0.06339766085147858,-0.01212138682603836,-0.11182907223701477,1.5996373891830444,-0.5946881175041199
3.3729662077597,4.384704938266777,1.7861595620597104,1.7861595620597104,-0.578163179093615,1.5736260414123535,0.16445985436439514,1.5580672025680542,0.057595618069171906,-0.012611251324415207,-0.20015715062618256,1.5970324277877808,-0.06784659624099731
3.3773466833541925,4.6093136864626185,0.8769126484466545,0.8769126484466545,0.6715846132279717,1.5743464231491089,0.14284101128578186,1.5583194494247437,0.04436764121055603,-0.013488034717738628,-0.13111142814159393,1.5967352390289307,-0.5104979276657104
3.381727158948686,2.0750964747067586,0.15004494938555846,0.15004494938555846,0.4255684565764913,1.574972152709961,0.16644984483718872,1.5585137605667114,0.031399667263031006,-0.014062365517020226,-0.12511520087718964,1.5944989919662476,-0.010080277919769287
3.386107634543179,3.650456408384291,-0.3804675698427281,-0.3804675698427281,-0.3186074163467746,1.5757012367248535,0.18154402077198029,1.558651328086853,0.0018778219819068909,-0.014610429294407368,-0.13316136598587036,1.5944548845291138,0.30835697054862976
3.390488110137672,6.209058645257331,-1.702770031472067,-1.702770031472067,-1.0683791093685786,1.5764964818954468,0.16939738392829895,1.558659553527832,-0.01653619110584259,-0.015193739905953407,-0.1349678784608841,1.5958056449890137,0.06276454031467438
3.394868585732165,5.602039686278582,-0.7004990112889671,-0.7004990112889671,1.0005042222713163,1.5772385597229004,0.12961259484291077,1.5585870742797852,-0.01719946414232254,-0.015784963965415955,-0.15349410474300385,1.5960805416107178,-0.7528431415557861
3.399249061326658,5.979985347014746,0.9226306658428285,0.9226306658428285,1.0718805843293084,1.5778063535690308,0.164882630109787,1.558511734008789,-0.023908475413918495,-0.016457341611385345,-0.20316879451274872,1.592782735824585,-0.005863487720489502
3.403629536921151,4.255675978330871,0.5677986898683456,0.5677986898683456,-1.2909185888629529,1.578528642654419,0.20267945528030396,1.558406949043274,-0.027921590954065323,-0.017347317188978195,-0.20752736926078796,1.5927571058273315,0.7950069904327393
3.4080100125156445,8.165280791033974,-1.1935886266697866,-1.1935886266697866,-0.41477279066375244,1.5794165134429932,0.15510252118110657,1.5582846403121948,-0.04166598245501518,-0.018256384879350662,-0.1532469391822815,1.5962395668029785,-0.1856197714805603
3.412390488110137,6.994522190098278,-2.0817388521770224,-2.0817388521770224,0.7614872603141795,1.580095887184143,0.13845625519752502,1.5581021308898926,-0.029898006469011307,-0.0189276784658432,-0.17599083483219147,1.5954264402389526,-0.511680006980896
3.4167709637046304,7.553703272269267,-0.6342543792963615,-0.6342543792963615,0.5253937091761943,1.5807024240493774,0.1646430939435959,1.5579711198806763,-0.0270363949239254,-0.019698601216077805,-0.259022057056427,1.5931850671768188,0.05215328931808472
3.421151439299124,6.731040090244323,-0.5623419194931301,-0.5623419194931301,-1.6958577362201133,1.5814236402511597,0.18214289844036102,1.5578527450561523,-0.020146280527114868,-0.020833240821957588,-0.29288744926452637,1.5934134721755981,0.4372701942920685
3.4255319148936167,8.658879517525241,-0.5618037598411385,-0.5618037598411385,1.1429942860469182,1.582221508026123,0.11923135071992874,1.5577645301818848,-0.016956428065896034,-0.022116227075457573,-0.2597852051258087,1.5953289270401,-0.8535972833633423
3.42991239048811,7.5703450178226355,-1.3820051772288928,-1.3820051772288928,0.5999694476125171,1.582743763923645,0.15867722034454346,1.5576902627944946,-0.003451107069849968,-0.023254210129380226,-0.3095707297325134,1.5915898084640503,-0.005346715450286865
3.434292866082603,4.500696009295736,-0.19556646589564375,-0.19556646589564375,-0.6754371572240991,1.5834388732910156,0.17867249250411987,1.5576751232147217,0.003520333208143711,-0.024610277265310287,-0.36745065450668335,1.5915664434432983,0.43550732731819153
3.438673341677096,8.638507999736818,0.3372437990346065,0.3372437990346065,0.008941103189643631,1.584221601486206,0.15309599041938782,1.5576905012130737,-0.009022830985486507,-0.026219885796308517,-0.3534369170665741,1.5934741497039795,-0.0818081796169281
3.443053817271589,5.249690813552361,1.0991707417759675,1.0991707417759675,-1.1111008386848968,1.5848922729492188,0.15117736160755157,1.5576509237289429,0.005501617677509785,-0.027768107131123543,-0.34384945034980774,1.5931158065795898,-0.09036649018526077
3.4474342928660824,5.272407577791396,0.10955283490495227,0.10955283490495227,2.347897134709345,1.5855544805526733,0.10947613418102264,1.5576750040054321,-0.0016282484866678715,-0.029274331405758858,-0.2793025076389313,1.5927199125289917,-0.9387078285217285
3.451814768460576,5.513908094199129,0.19793655126725604,0.19793655126725604,-1.0671543952017901,1.5860340595245361,0.1930784434080124,1.557667851448059,-0.011557074263691902,-0.030497809872031212,-0.34466925263404846,1.588607907295227,0.824026346206665
3.4561952440550687,4.703288100008272,1.826362720391209,1.826362720391209,0.3287598755605782,1.586879849433899,0.15280908346176147,1.5576171875,-0.017284570261836052,-0.032007623463869095,-0.30772459506988525,1.5922175645828247,0.008737325668334961
3.4605757196495617,8.138232767433747,-0.9976539503425501,-0.9976539503425501,-0.5383090448812812,1.5875492095947266,0.16328641772270203,1.5575414896011353,-0.029208026826381683,-0.033355604857206345,-0.2639898359775543,1.5922558307647705,0.2478242963552475
3.464956195244055,6.223972660126036,-0.981856619654248,-0.981856619654248,0.23258250784842296,1.5882644653320312,0.14119106531143188,1.5574135780334473,-0.017609789967536926,-0.034512005746364594,-0.27740415930747986,1.5933414697647095,-0.17473100125789642
3.469336670838548,6.963134511426761,0.9522531561065521,0.9522531561065521,0.006035975494581935,1.5888829231262207,0.14757360517978668,1.557336449623108,-0.019354918971657753,-0.03572716936469078,-0.3128696382045746,1.592576026916504,-0.012013748288154602
3.473717146433041,7.728798272389877,-1.9131598974797461,-1.9131598974797461,-1.391441950035144,1.5895293951034546,0.14543993771076202,1.5572516918182373,-0.015991205349564552,-0.037097688764333725,-0.2852371037006378,1.592523455619812,-0.021966632455587387
3.4780976220275344,7.253342155982832,0.833421356811022,0.833421356811022,0.07437673560268729,1.590166449546814,0.09230530261993408,1.5571815967559814,-0.006433393806219101,-0.038347162306308746,-0.3004729151725769,1.5924272537231445,-1.0888926982879639
3.4824780976220278,7.432812099574486,-1.1450023005043763,-1.1450023005043763,0.2429234984711208,1.5905708074569702,0.09238776564598083,1.5571534633636475,-0.0014453143812716007,-0.03966337814927101,-0.27830639481544495,1.5876573324203491,-1.0485060214996338
3.4868585732165203,6.704138546621351,-0.5482891768881039,-0.5482891768881039,1.2938499739538323,1.5909755229949951,0.09849676489830017,1.5571471452713013,0.0046580457128584385,-0.04088249430060387,-0.3188382387161255,1.583064317703247,-0.8803378939628601
3.4912390488110137,6.024625681366985,-1.2285571570381082,-1.2285571570381082,0.12162464579173803,1.5914069414138794,0.14295604825019836,1.5571675300598145,0.005548587068915367,-0.04227915778756142,-0.37263453006744385,1.5792080163955688,0.08352583646774292
3.4956195244055066,5.309533875930506,-0.29800868186699003,-0.29800868186699003,0.6241415206633206,1.5920331478118896,0.14513874053955078,1.5571918487548828,0.0026136792730540037,-0.04391147568821907,-0.4120641350746155,1.5795738697052002,0.16427747905254364
