t,u1,u2,u3,tau,x_q,xdot_q,z_q,zdot_q,theta,theta_dot,beta,beta_dot
0.0,4.389275164386132,0.1918930563052252,0.1918930563052252,-0.7132990791986609,-2.0,0.0,2.0,0.0,1.1091667911795325e-05,0.0,0.3490658503991208,0.0
0.0043804755944931,5.406061007188001,-1.0571517373516766,-1.0571517373516766,0.5034623179142359,-2.0,-0.004925014451146126,2.0,-0.02728418819606304,1.1091668056906201e-05,0.026434481143951416,0.3490658402442932,-0.23989059031009674
0.0087609511889862,5.939937645434111,0.9821855046076833,0.9821855046076833,-0.3523314114781957,-2.000021457672119,0.003639647737145424,1.9998804330825806,-0.01078123226761818,0.00012688727292697877,-0.019140399992465973,0.3480150103569031,0.17654268443584442
0.0131414267834793,5.657917046842082,-0.17423403514495095,-0.17423403514495095,-0.36167164500592225,-2.0000054836273193,0.0034718760289251804,1.9998332262039185,-0.014710323885083199,4.304321191739291e-05,0.01983172446489334,0.3487883508205414,0.16772620379924774
0.0175219023779724,7.876455046969145,0.9461681817126799,0.9461681817126799,-0.028547169209264867,-1.9999902248382568,0.0030316126067191362,1.9997687339782715,-0.02125333808362484,0.00012991559924557805,0.025305496528744698,0.34952306747436523,0.14584873616695404
0.0219023779724655,7.465600798911481,1.2888769570324077,1.2888769570324077,-0.9373980671706383,-1.9999769926071167,0.007445868104696274,1.9996756315231323,0.0002856031060218811,0.0002407657157164067,0.0537702739238739,0.35016193985939026,0.35999006032943726
0.0262828535669586,4.415760083507738,0.5766019495507166,0.5766019495507166,-0.5086846058778566,-1.9999443292617798,0.0020118961110711098,1.9996768236160278,-0.007997488602995872,0.000476305081974715,0.11878456175327301,0.3517388701438904,0.09398531913757324
0.0306633291614518,7.59664900321001,-0.43901472894929944,-0.43901472894929944,0.1294272706954444,-1.999935507774353,-0.0007396996952593327,1.9996417760849,-0.029115527868270874,0.0009966379730030894,0.15047836303710938,0.352150559425354,-0.03983809053897858
0.0350438047559449,5.473108836186054,0.06564384510070595,0.06564384510070595,-0.48520187232344025,-1.999938726425171,0.005258662160485983,1.9995142221450806,-0.005330022424459457,0.0016558048082515597,0.13387805223464966,0.35197603702545166,0.2474074512720108
0.039424280350438,4.563407510751238,-1.9576150995045178,-1.9576150995045178,-0.46100854104509503,-1.9999157190322876,0.003451365977525711,1.9994908571243286,-0.016998499631881714,0.002242254326120019,0.14996449649333954,0.3530597984790802,0.1564350426197052
0.0438047559449311,6.707687743190803,-1.232303214545886,-1.232303214545886,0.1559832157152738,-1.9999005794525146,0.0013469783589243889,1.9994163513183594,-0.03550541400909424,0.0028991701547056437,0.10625883936882019,0.35374507308006287,0.05147900432348251
0.0481852315394242,4.7272949677570555,1.74094537119522,1.74094537119522,-0.6497093638306077,-1.9998947381973267,0.007198624312877655,1.9992607831954956,-0.018329691141843796,0.0033646344672888517,0.06571647524833679,0.35397058725357056,0.32661429047584534
0.0525657071339173,8.15483956723631,1.6725833198823834,1.6725833198823834,0.6508224115015946,-1.9998631477355957,0.0032235318794846535,1.9991804361343384,-0.040956005454063416,0.0036525039467960596,0.13553118705749512,0.35540130734443665,0.12922453880310059
0.0569461827284105,6.5173265313249304,3.3530599920099236,3.3530599920099236,-1.055282043129111,-1.9998490810394287,0.01537383534014225,1.9990010261535645,0.002549055963754654,0.00424619484692812,0.16536983847618103,0.35596737265586853,0.7012069225311279
0.0613266583229036,4.8659896898797665,-2.1548546876636734,-2.1548546876636734,-0.09189285632693883,-1.9997817277908325,0.00826505571603775,1.9990122318267822,-0.017022395506501198,0.004970593377947807,0.2941073775291443,0.35903897881507874,0.3468068242073059
0.0657071339173967,5.080482439208261,-0.3291853899595692,-0.3291853899595692,-1.7895988610605755,-1.999745488166809,0.010434238240122795,1.9989376068115234,-0.022340385243296623,0.006258923560380936,0.23386235535144806,0.3605581521987915,0.44060757756233215
0.0700876095118898,7.692466821657829,-0.8910807831494185,-0.8910807831494185,0.42287994067222506,-1.9996998310089111,-0.005709335207939148,1.9988397359848022,-0.07501416653394699,0.0072833518497645855,0.2765110731124878,0.3624882102012634,-0.33390507102012634
0.0744680851063829,5.724890962179316,1.8493871466161051,1.8493871466161051,-0.6828239919833448,-1.9997248649597168,0.004075550474226475,1.9985111951828003,-0.04204254224896431,0.008494601584970951,0.23813925683498383,0.36102554202079773,0.10695266723632812
0.078848560700876,7.970904573602204,-1.0405931003385742,-1.0405931003385742,-0.5327819800287438,-1.9997069835662842,0.0004666452296078205,1.9983270168304443,-0.05732838809490204,0.009537764824926853,0.3120878338813782,0.3614940345287323,-0.07864059507846832
0.0832290362953692,6.830000231332735,0.7241316205880268,0.7241316205880268,-0.5082118269010811,-1.9997049570083618,5.979102570563555e-05,1.9980758428573608,-0.04965804144740105,0.010904857888817787,0.2972581386566162,0.36114954948425293,-0.12171345204114914
0.0876095118898623,7.71053375921927,2.2835389953021625,2.2835389953021625,0.5100598001737241,-1.9997047185897827,-0.0007857629097998142,1.9978582859039307,-0.050726450979709625,0.012206990271806717,0.33324646949768066,0.36061638593673706,-0.1851228028535843
0.0919899874843554,2.907483515494763,-1.2951935213370747,-1.2951935213370747,-0.9791619372320093,-1.9997081756591797,0.010161560028791428,1.997636079788208,-0.015029046684503555,0.013666768558323383,0.38503769040107727,0.35980546474456787,0.3017250895500183
0.0963704630788485,9.65187499548974,0.77849400955908,0.77849400955908,-0.18730835136821383,-1.9996637105941772,0.0015752781182527542,1.997570276260376,-0.0622435137629509,0.01535341702401638,0.37580856680870056,0.36112716794013977,-0.11808544397354126
0.1007509386733416,6.23913112245288,-0.7612010476481095,-0.7612010476481095,-0.4301242583725324,-1.9996567964553833,0.006474553141742945,1.9972976446151733,-0.03061915561556816,0.016999637708067894,0.404013067483902,0.36060988903045654,0.06622673571109772
0.1051314142678347,9.03012383663107,-1.7187827327778844,-1.7187827327778844,-0.5619411643887138,-1.9996284246444702,0.006336299702525139,1.9971635341644287,-0.034304339438676834,0.018769407644867897,0.3943445682525635,0.36089998483657837,0.026315011084079742
0.1095118898623279,5.482861008817489,-0.22675752187208198,-0.22675752187208198,-1.2458886935619824,-1.9996006488800049,0.0069048283621668816,1.9970132112503052,-0.018655085936188698,0.020496824756264687,0.3605611324310303,0.361015260219574,-9.889714419841766e-05
0.113892365456821,4.358079723866685,-0.25774536671795795,-0.25774536671795795,0.614317344939139,-1.999570369720459,-0.0025668861344456673,1.9969314336776733,-0.05220227688550949,0.022076254710555077,0.3903229832649231,0.36101481318473816,-0.48207026720046997
0.1182728410513141,6.566826953041308,0.41262561887028015,0.41262561887028015,-0.7269448542350221,-1.9995815753936768,0.007535715587437153,1.996702790260315,-0.04128074645996094,0.02378605492413044,0.36485597491264343,0.35890311002731323,-0.038525938987731934
0.1226533166458072,7.9778748352574,-0.7934202397036569,-0.7934202397036569,0.195241539099829,-1.9995485544204712,0.0047236219979822636,1.9965219497680664,-0.0508171021938324,0.025384297594428062,0.3981350362300873,0.3587343394756317,-0.22122082114219666
0.1270337922403003,6.440437443338286,0.2892043484444241,0.2892043484444241,1.2362167821037977,-1.9995278120040894,0.013116590678691864,1.996299386024475,-0.021943993866443634,0.027128318324685097,0.3692629933357239,0.3577652871608734,0.11247020959854126
0.1314142678347934,6.093885480221833,-0.12421425427447547,-0.12421425427447547,-0.778416253843213,-1.9994703531265259,0.0316290557384491,1.9962033033370972,0.024341009557247162,0.02874586544930935,0.3416072130203247,0.3582579493522644,0.937639594078064
0.1357947434292866,7.445265737763535,-0.4040790768610366,-0.4040790768610366,-2.187517625946559,-1.9993318319320679,0.02832443080842495,1.9963098764419556,0.009320692159235477,0.03024226799607277,0.3607119917869568,0.3623652458190918,0.7149641513824463
0.1401752190237797,8.02693159864321,-2.9578745577883434,-2.9578745577883434,-0.058519463021915796,-1.9992077350616455,0.010601373389363289,1.996350646018982,-0.03519156202673912,0.03182235732674599,0.4127940535545349,0.3654971420764923,-0.1942223310470581
0.1445556946182728,7.319461715215616,-0.39634492465695026,-0.39634492465695026,-0.47786970284741137,-1.9991612434387207,0.016695983707904816,1.9961965084075928,-0.013298625126481056,0.03363059088587761,0.32812368869781494,0.3646463453769684,0.0101584792137146
0.1489361702127659,6.879347035181939,-1.1236504483014125,-1.1236504483014125,-1.6244848997549735,-1.9990880489349365,0.017647050321102142,1.9961382150650024,-0.009371884167194366,0.035067927092313766,0.33050447702407837,0.3646908402442932,-0.021950382739305496
0.153316645807259,6.925866276463527,-1.0666440895430218,-1.0666440895430218,0.06140425889757212,-1.9990108013153076,0.005645916797220707,1.996097207069397,-0.04221691936254501,0.03651569411158562,0.34513044357299805,0.3645946979522705,-0.6574781537055969
0.1576971214017521,8.82477415503698,0.40892542280278205,0.40892542280278205,-0.17231512450811465,-1.9989861249923706,0.012452199123799801,1.9959123134613037,-0.026008564978837967,0.038027528673410416,0.3121878504753113,0.361714631319046,-0.42310309410095215
0.1620775969962453,5.4761201663153365,-0.32744205089794665,-0.32744205089794665,0.0697596957387599,-1.9989315271377563,0.018340149894356728,1.9957983493804932,-0.0007492061704397202,0.039395060390233994,0.3291619122028351,0.35986122488975525,-0.25315016508102417
0.1664580725907384,6.322308990287205,1.0778513624778852,1.0778513624778852,-0.6525407312564679,-1.9988511800765991,0.023948805406689644,1.9957950115203857,0.0037489100359380245,0.04083694517612457,0.31756237149238586,0.3587523102760315,-0.056499481201171875
0.1708385481852315,6.977293320118984,-0.6194785398453322,-0.6194785398453322,-1.415756470379857,-1.9987462759017944,0.02249729447066784,1.9958114624023438,-0.005625145975500345,0.04222802072763443,0.3680953085422516,0.3585048019886017,-0.20692923665046692
0.1752190237797246,8.440153659010333,1.864897386793511,1.864897386793511,-0.14612368152152116,-1.998647689819336,0.013426844961941242,1.9957867860794067,-0.03166218847036362,0.043840453028678894,0.3913491368293762,0.35759836435317993,-0.7311573028564453
0.1795994993742177,6.601822782901941,-2.2735183424968497,-2.2735183424968497,-0.5764975196986266,-1.9985889196395874,0.01965576410293579,1.9956481456756592,-0.008822347968816757,0.0455547496676445,0.4500773251056671,0.3543955385684967,-0.5581764578819275
0.1839799749687108,3.290472506136574,1.586983276720635,1.586983276720635,0.17300313709155474,-1.9985028505325317,0.019599243998527527,1.9956095218658447,-0.013688245788216591,0.04752630367875099,0.40051892399787903,0.351950466632843,-0.6606534719467163
0.188360450563204,8.26406221034952,-2.456730490813257,-2.456730490813257,-1.2363062029660457,-1.9984170198440552,0.02460073120892048,1.9955495595932007,-0.024327579885721207,0.049280766397714615,0.44181162118911743,0.3490564823150635,-0.4744638502597809
0.1927409261576971,7.718818835603958,-0.26343830710211263,-0.26343830710211263,1.8059070421807126,-1.9983092546463013,0.019304055720567703,1.9954429864883423,-0.03452309966087341,0.051216110587120056,0.40617135167121887,0.346978098154068,-0.8671581745147705
0.1971214017521902,6.591491508808635,2.108605977604685,2.108605977604685,-0.8774369991514355,-1.9982247352600098,0.045771725475788116,1.9952917098999023,0.03916129469871521,0.052995335310697556,0.3457399010658264,0.34317952394485474,0.29142463207244873
0.2015018773466833,5.243372967009767,-0.7362241823475882,-0.7362241823475882,-1.2699259671495928,-1.9980242252349854,0.04293245077133179,1.995463252067566,0.025490887463092804,0.05450984090566635,0.43294182419776917,0.34445610642433167,0.03474533557891846
0.2058823529411764,6.269460328093536,-1.8217069921157205,-1.8217069921157205,-0.32963326108549657,-1.9978361129760742,0.034723371267318726,1.995574951171875,-0.010810866951942444,0.056406330317258835,0.44852760434150696,0.3446083068847656,-0.46404653787612915
0.2102628285356695,7.578858438488761,0.9959780095668235,0.9959780095668235,0.9702209458321609,-1.9976840019226074,0.03745563328266144,1.9955276250839233,-0.011223283596336842,0.05837109312415123,0.40495431423187256,0.3425755500793457,-0.44797345995903015
0.2146433041301627,5.3821062683886876,-0.04462555050399447,-0.04462555050399447,-0.4169068073607639,-1.9975199699401855,0.055063143372535706,1.9954785108566284,0.03713332116603851,0.06014498695731163,0.4057064950466156,0.3406132161617279,0.27676519751548767
0.2190237797246558,9.46387996872605,-0.9962305952855564,-0.9962305952855564,-0.9647419371905135,-1.9972788095474243,0.05613626539707184,1.9956412315368652,0.02681703492999077,0.06192217394709587,0.4165782928466797,0.34182557463645935,0.2219351828098297
0.2234042553191489,5.405569667007359,-0.116214264621474,-0.116214264621474,0.26833395585221365,-1.997032880783081,0.055706895887851715,1.9957586526870728,0.03452372923493385,0.06374698877334595,0.41565871238708496,0.34279775619506836,0.0062382519245147705
0.227784730913642,5.117886141587341,0.7647721058809933,0.7647721058809933,-1.1686311169895596,-1.9967888593673706,0.0640307366847992,1.9959099292755127,0.044364333152770996,0.06556776911020279,0.4044286906719208,0.3428250849246979,0.305152028799057
0.2321652065081351,5.027855813321201,-0.3333418851841578,-0.3333418851841578,-0.3727176218633239,-1.9965083599090576,0.05721019208431244,1.9961042404174805,0.00995282456278801,0.06733936071395874,0.4608902037143707,0.3441618084907532,-0.14461740851402283
0.2365456821026282,9.101567778520742,-0.7986460998511644,-0.7986460998511644,-1.0798932293324044,-1.9962577819824219,0.05860806629061699,1.996147871017456,-0.002023792825639248,0.06935828179121017,0.46204009652137756,0.3435283303260803,-0.18705518543720245
0.2409261576971214,6.137810971287087,0.7391603109916904,0.7391603109916904,-0.45552368501945933,-1.9960010051727295,0.057046614587306976,1.9961390495300293,-0.0006818084511905909,0.07138223946094513,0.4702534079551697,0.342708945274353,-0.4723951816558838
0.2453066332916145,7.046139054568362,0.8240172035749955,0.8240172035749955,-0.4990911770571518,-1.995751142501831,0.058971330523490906,1.9961360692977905,-0.005845480598509312,0.07344217598438263,0.5051419734954834,0.3406396210193634,-0.5241894125938416
0.2496871088861076,6.614689121245627,0.3169576009719481,0.3169576009719481,-0.0647086912055091,-1.9954928159713745,0.061540015041828156,1.996110439300537,-0.00471630971878767,0.07565493881702423,0.5437809228897095,0.33834341168403625,-0.5711262822151184
0.2540675844806007,6.5291780672319115,0.38189657514404657,0.38189657514404657,-0.7645179946266607,-1.9952232837677002,0.06822095811367035,1.9960898160934448,0.0054903822019696236,0.07803695648908615,0.5549268126487732,0.3358415961265564,-0.4069308042526245
0.2584480600750938,7.392508318586792,0.6486950504964248,0.6486950504964248,-0.8006778970533521,-1.9949244260787964,0.06772173941135406,1.996113896369934,-0.005417725071310997,0.08046779781579971,0.5884057283401489,0.33405905961990356,-0.6055208444595337
0.2628285356695869,3.388476117293622,0.897194638237703,0.897194638237703,0.44909804888723287,-1.9946277141571045,0.06800614297389984,1.9960901737213135,-0.010208183899521828,0.08304529637098312,0.630731999874115,0.3314065933227539,-0.7966795563697815
0.2672090112640801,7.753230178945422,0.4616614583609872,0.4616614583609872,0.6322230448152723,-1.994329810142517,0.07653754949569702,1.996045470237732,-0.011857722885906696,0.08580820262432098,0.6438178420066833,0.3279167711734772,-0.4637739360332489
0.2715894868585732,4.144376214989132,-1.2643977556301007,-1.2643977556301007,-0.3635210197325356,-1.9939945936203003,0.091811403632164,1.9959934949874878,0.02831348031759262,0.08862843364477158,0.6388369202613831,0.32588520646095276,0.09465625882148743
0.2759699624530663,1.741331112874004,-1.3671268252144164,-1.3671268252144164,-1.0419990645898058,-1.993592381477356,0.09305087476968765,1.9961174726486206,0.00925685465335846,0.09142684191465378,0.6125284433364868,0.32629984617233276,0.031965188682079315
0.2803504380475594,8.359664226462877,-1.045120391648501,-1.045120391648501,-0.497547150199471,-1.9931848049163818,0.08478888869285583,1.9961580038070679,-0.049715206027030945,0.09411000460386276,0.6030336618423462,0.32643985748291016,-0.45242077112197876
0.2847309136420525,4.933728446387679,0.9822814291448613,0.9822814291448613,-0.977236856094545,-1.9928133487701416,0.0899784043431282,1.9959402084350586,-0.0375681146979332,0.09675157815217972,0.5870428085327148,0.3244580328464508,-0.4571579098701477
0.2891113892365456,7.058254217870249,-0.9133687316678565,-0.9133687316678565,-0.1351085131462083,-1.9924192428588867,0.08641403168439865,1.9957756996154785,-0.0680522471666336,0.0993231013417244,0.6442669630050659,0.3224554657936096,-0.8119252920150757
0.2934918648310388,7.659238246829475,-1.342268702193465,-1.342268702193465,-0.3122368656233057,-1.992040753364563,0.09396300464868546,1.995477557182312,-0.05616626888513565,0.10214529931545258,0.621539294719696,0.31889885663986206,-0.6686719059944153
0.2978723404255319,6.416940041904257,-0.1190857140568422,-0.1190857140568422,0.6097505159493835,-1.9916291236877441,0.10060013085603714,1.9952315092086792,-0.044435128569602966,0.10486793518066406,0.5914590954780579,0.3159697651863098,-0.5982078313827515
0.302252816020025,4.4044471639432805,-0.5742417697768558,-0.5742417697768558,-0.8098060222858269,-1.991188406944275,0.11463958024978638,1.9950368404388428,-0.01595968008041382,0.10745880752801895,0.5701747536659241,0.31334933638572693,-0.0900881290435791
0.3066332916145181,5.140036996331379,0.07935198497805229,0.07935198497805229,0.31304231834136587,-1.9906861782073975,0.11253444850444794,1.994966983795166,-0.04598891735076904,0.10995644330978394,0.577053964138031,0.31295469403266907,-0.37391385436058044
0.3110137672090112,7.073462573736446,-3.4516239021076087,-3.4516239021076087,-0.2583614070662466,-1.990193247795105,0.12218187749385834,1.9947655200958252,-0.0368591733276844,0.11248421669006348,0.5702294707298279,0.3113167881965637,-0.05697861313819885
0.3153942428035043,4.291483204941594,0.18131213016250008,0.18131213016250008,-0.05459782762750609,-1.989657998085022,0.12896399199962616,1.9946041107177734,-0.028391752392053604,0.11498209089040756,0.47697609663009644,0.3110671937465668,0.024356432259082794
0.3197747183979975,7.6733747871877735,-2.581421655473752,-2.581421655473752,0.25869986614592777,-1.9890930652618408,0.13411670923233032,1.994479775428772,-0.03715202957391739,0.1170714721083641,0.4838654100894928,0.3111738860607147,0.1263938546180725
0.3241551939924906,12.330009111395814,-0.3072527766205018,-0.3072527766205018,-1.383287359358272,-1.9885056018829346,0.14681614935398102,1.9943170547485352,-0.008470820263028145,0.11919103562831879,0.4009248614311218,0.3117275536060333,0.4924820363521576
0.3285356695869837,6.079011041597083,-0.6859572398069764,-0.6859572398069764,0.15149266889163837,-1.987862467765808,0.1504083126783371,1.9942799806594849,0.010707875713706017,0.12094727903604507,0.43234848976135254,0.3138848543167114,0.15415701270103455
0.3329161451814768,8.329299512420054,1.3103372211181612,1.3103372211181612,-0.37528054462612936,-1.987203598022461,0.16016292572021484,1.9943268299102783,0.02289712429046631,0.12284117192029953,0.40789228677749634,0.3145601451396942,0.4166862964630127
0.3372966207759699,5.5701873867146325,-2.7082563546051834,-2.7082563546051834,-0.8465014025262321,-1.9865020513534546,0.16810651123523712,1.9944270849227905,0.038341373205184937,0.12462793290615082,0.4571176767349243,0.316385418176651,0.47621846199035645
0.341677096370463,7.366706266690787,-1.0179903702748863,-1.0179903702748863,-0.427931220251634,-1.9857656955718994,0.16778655350208282,1.9945950508117676,0.016914576292037964,0.12663032114505768,0.4027485251426697,0.3184714913368225,0.20925772190093994
0.3460575719649562,5.921921961493199,-0.7006429460945877,-0.7006429460945877,-1.3132617499036985,-1.9850306510925293,0.174050971865654,1.9946691989898682,0.02276945486664772,0.12839454412460327,0.3855169415473938,0.31938815116882324,0.21244238317012787
0.3504380475594493,7.16923810244413,0.9196229376614296,0.9196229376614296,-0.25869057031120085,-1.9842681884765625,0.16974809765815735,1.9947689771652222,-0.009416349232196808,0.13008329272270203,0.40340736508369446,0.3203187584877014,-0.2842520475387573
0.3548185231539424,6.465979715346095,-1.6845219710086388,-1.6845219710086388,-0.9895906167274258,-1.9835245609283447,0.17755532264709473,1.9947277307510376,-0.000260302796959877,0.13185040652751923,0.43781784176826477,0.3190735876560211,-0.1998147964477539
0.3591989987484355,2.9613870676661707,-2.1130364750503885,-2.1130364750503885,0.3658421129797855,-1.9827468395233154,0.17732466757297516,1.994726538658142,-0.01842254027724266,0.1337682604789734,0.41752365231513977,0.3181982934474945,-0.513120174407959
0.3635794743429286,8.225819470074075,-1.8694436190479002,-1.8694436190479002,-0.2116892125597959,-1.9819700717926025,0.18524976074695587,1.9946458339691162,-0.02600034512579441,0.13559721410274506,0.3451325297355652,0.31595057249069214,-0.23464614152908325
0.3679599499374217,7.826075991544782,0.3106729465935817,0.3106729465935817,0.3769194594439823,-1.9811586141586304,0.1952999383211136,1.9945319890975952,-0.006662152707576752,0.13710905611515045,0.29672083258628845,0.3149227201938629,-0.09345141053199768
0.3723404255319149,3.4397647652102554,-0.33725425166064266,-0.33725425166064266,-1.186587004394238,-1.9803030490875244,0.21046224236488342,1.9945027828216553,0.026653513312339783,0.1384088397026062,0.2947862148284912,0.31451335549354553,0.33889612555503845
0.376720901126408,4.5973912143927205,-0.9475052325309554,-0.9475052325309554,0.3699819999801514,-1.9793810844421387,0.20424407720565796,1.9946194887161255,-0.022562511265277863,0.13970014452934265,0.31958943605422974,0.3159978687763214,-0.16761621832847595
0.3811013767209011,7.712965527555294,1.4739152065610595,1.4739152065610595,-1.3944269459471188,-1.97848641872406,0.2146793156862259,1.994520664215088,-0.016369100660085678,0.14110009372234344,0.2811146378517151,0.31526362895965576,0.1629297435283661
0.3854818523153942,5.567383639877803,-1.1181300831601528,-1.1181300831601528,-0.6330543436297578,-1.977545976638794,0.21290931105613708,1.9944489002227783,-0.036095231771469116,0.14233151078224182,0.364879310131073,0.3159773349761963,-0.32046860456466675
0.3898623279098873,6.373112160652954,2.7103996502075307,2.7103996502075307,-1.684121823423194,-1.9766132831573486,0.21527257561683655,1.994290828704834,-0.05131864920258522,0.1439298540353775,0.3507135510444641,0.3145735263824463,-0.47699713706970215
0.3942428035043804,5.617973448717788,-0.8299093820856172,-0.8299093820856172,0.5933119569194092,-1.975670337677002,0.2089088410139084,1.9940659999847412,-0.09075664728879929,0.145466148853302,0.4790475070476532,0.3124840557575226,-1.1503093242645264
0.3986232790988736,5.237712860778061,0.33838236619559536,0.33838236619559536,0.030482548420422195,-1.9747551679611206,0.22346293926239014,1.9936684370040894,-0.06958679854869843,0.1475646048784256,0.4374849200248718,0.3074451684951782,-0.673376202583313
0.4030037546933667,9.269409481135074,-0.1085113173366381,-0.1085113173366381,0.5200527750316026,-1.9737763404846191,0.23189343512058258,1.993363618850708,-0.06805835664272308,0.14948099851608276,0.4464765787124634,0.3044954538345337,-0.4977746605873108
0.4073842302878598,8.549230092218282,-1.2615953005634508,-1.2615953005634508,-0.5932026870881528,-1.972760558128357,0.2510639727115631,1.9930654764175415,-0.018469393253326416,0.15143677592277527,0.42812052369117737,0.30231496691703796,0.053314387798309326
0.4117647058823529,6.654398517911754,-0.323047778490272,-0.323047778490272,0.13211502659073543,-1.9716607332229614,0.25886061787605286,1.9929845333099365,-0.0077124545350670815,0.15331214666366577,0.4086013436317444,0.30254849791526794,0.009107090532779694
0.416145181476846,7.026605886785203,-0.34803532508310403,-0.34803532508310403,-0.7324146087857157,-1.9705268144607544,0.2704826593399048,1.9929507970809937,0.008655841462314129,0.15510201454162598,0.3953091502189636,0.30258840322494507,0.2806479334831238
0.4205256570713391,3.3140567756233628,-1.0162529470275068,-1.0162529470275068,-0.5755048358868678,-1.9693419933319092,0.2748243808746338,1.9929887056350708,0.0025900104083120823,0.15683366358280182,0.40653425455093384,0.3038177788257599,0.11829042434692383
0.4249061326658322,7.481387656189,-2.446494625919254,-2.446494625919254,-0.8595570163129467,-1.9681380987167358,0.27477043867111206,1.9930000305175781,-0.029766136780381203,0.15861447155475616,0.3936630189418793,0.30433595180511475,-0.07678848505020142
0.4292866082603254,6.658467230773131,-0.4101883136551252,-0.4101883136551252,-0.012314576775821984,-1.9669344425201416,0.27879127860069275,1.9928696155548096,-0.03580808639526367,0.16033890843391418,0.34731942415237427,0.30399957299232483,-0.2906695008277893
0.4336670838548185,5.54226841344946,0.20679545261120647,0.20679545261120647,-0.23153891895118783,-1.9657132625579834,0.2894372045993805,1.9927127361297607,-0.023720037192106247,0.16186033189296722,0.33570024371147156,0.30272629857063293,-0.09323523938655853
0.4380475594493116,5.632982133142254,-1.7816944749520265,-1.7816944749520265,0.47054665806742196,-1.9644453525543213,0.2962876260280609,1.9926087856292725,-0.027390338480472565,0.16333085298538208,0.3485009968280792,0.30231788754463196,-0.04282040521502495
0.4424280350438047,6.489795430379358,0.4505584035047633,0.4505584035047633,-0.31233304139742435,-1.963147521018982,0.309801310300827,1.9924888610839844,-0.009584974497556686,0.16485744714736938,0.2827284336090088,0.3021303117275238,0.3720756769180298
0.4468085106382978,5.866472795086553,-0.5241727803717904,-0.5241727803717904,-0.6601527596143274,-1.9617904424667358,0.3176034688949585,1.9924468994140625,-0.007777354214340448,0.16609592735767365,0.30500727891921997,0.3037601709365845,0.4099818170070648
0.4511889862327909,5.3335067756534755,-0.07145487537558304,-0.07145487537558304,-0.8525768833455669,-1.9603991508483887,0.3212231993675232,1.992412805557251,-0.021432003006339073,0.1674320101737976,0.3089783191680908,0.3055560886859894,0.24961581826210022
0.4555694618272841,9.157531477622932,-1.1269126234666522,-1.1269126234666522,-1.095149525802832,-1.9589920043945312,0.3221750557422638,1.992318868637085,-0.04519019275903702,0.1687854826450348,0.3317895531654358,0.3066495358943939,-0.026207029819488525
0.4599499374217772,4.941040069563133,-3.444113802470954,-3.444113802470954,-1.1331948274467454,-1.9575806856155396,0.327276349067688,1.9921208620071411,-0.04429788887500763,0.17023888230323792,0.3308619558811188,0.3065347373485565,-0.30985015630722046
0.4643304130162703,3.460716333056585,-1.5400216421926023,-1.5400216421926023,-1.141763193512232,-1.9561470746994019,0.3250412344932556,1.9919267892837524,-0.0796043872833252,0.17168821394443512,0.26337578892707825,0.3051774501800537,-0.7422072291374207
0.4687108886107634,3.8755119888355614,-1.4714240998525303,-1.4714240998525303,-0.5491439492705363,-1.9547232389450073,0.3204202353954315,1.9915781021118164,-0.12752258777618408,0.17284192144870758,0.2517453730106354,0.30192622542381287,-1.2242889404296875
0.4730913642052565,6.284061944201492,0.34584362737433894,0.34584362737433894,0.47024715623495356,-1.9533196687698364,0.32230570912361145,1.9910194873809814,-0.15459778904914856,0.17394468188285828,0.2248118668794632,0.2965632677078247,-1.3883191347122192
0.4774718397997496,5.231700748839753,-1.0211572833334972,-1.0211572833334972,-0.08743008391957441,-1.9519078731536865,0.33766359090805054,1.9903422594070435,-0.13153626024723053,0.17492946982383728,0.22117888927459717,0.2904817759990692,-0.9532233476638794
0.4818523153942428,4.621510121130486,0.08247037464911089,0.08247037464911089,-0.7207335772899036,-1.9504287242889404,0.34594273567199707,1.9897661209106445,-0.13362747430801392,0.17589834332466125,0.1939110904932022,0.2863062024116516,-0.8375600576400757
0.4862327909887359,3.173924668256473,-0.3474765828523111,-0.3474765828523111,0.10506414986640955,-1.948913335800171,0.3476175367832184,1.9891808032989502,-0.1595604568719864,0.17674776911735535,0.21736718714237213,0.2826372981071472,-1.066784143447876
0.490613266583229,5.157989358361527,-0.6648787968957272,-0.6648787968957272,0.6527889610413065,-1.9473905563354492,0.3541601598262787,1.988481879234314,-0.17306962609291077,0.17769993841648102,0.20415157079696655,0.2779642641544342,-0.9150664210319519
0.4949937421777221,8.867975134506132,-0.9972612783922976,-0.9972612783922976,-0.9056126054752953,-1.9458391666412354,0.3685948848724365,1.987723708152771,-0.15373282134532928,0.1785942167043686,0.16567149758338928,0.2739558517932892,-0.42010313272476196
0.4993742177722152,3.0984035854518552,0.11645155736858082,0.11645155736858082,-0.3065920775042235,-1.9442245960235596,0.37598422169685364,1.9870502948760986,-0.14980442821979523,0.17931993305683136,0.16299507021903992,0.2721155881881714,-0.6136250495910645
0.5037546933667083,8.61083430149377,-1.414186978297022,-1.414186978297022,0.8610508328022235,-1.942577600479126,0.37874969840049744,1.9863940477371216,-0.17612309753894806,0.18003392219543457,0.17534928023815155,0.269427627325058,-0.6761574745178223
0.5081351689612015,9.848166606520536,0.5491359247976453,0.5491359247976453,-0.6114376371530669,-1.9409184455871582,0.4004553556442261,1.985622525215149,-0.12171775102615356,0.18080203235149384,0.1089051216840744,0.2664657235145569,0.032595276832580566
0.5125156445556946,3.314235848475804,-0.8939524599189459,-0.8939524599189459,-0.44248807244296395,-1.9391642808914185,0.41206231713294983,1.9850893020629883,-0.10086588561534882,0.18127909302711487,0.1427975445985794,0.26660850644111633,0.021048273891210556
0.5168961201501877,4.628411291320899,-1.9630702031485752,-1.9630702031485752,-0.9133546694769648,-1.9373592138290405,0.41405028104782104,1.984647512435913,-0.12942247092723846,0.1819046139717102,0.12961335480213165,0.26670071482658386,-0.1047733724117279
0.5212765957446808,7.821342089709204,0.3664136934322555,0.3664136934322555,0.1711049553840659,-1.9355454444885254,0.4144397974014282,1.9840805530548096,-0.1610783189535141,0.1824723780155182,0.0989583358168602,0.26624175906181335,-0.4326511025428772
0.5256570713391739,5.684973234086598,-0.4534196397353193,-0.4534196397353193,-0.6503813461955361,-1.9337300062179565,0.4291344881057739,1.9833749532699585,-0.13379667699337006,0.1829058676958084,0.1046619713306427,0.26434653997421265,-0.10350149869918823
0.5300375469336671,6.769376866694611,-1.5490869506477718,-1.5490869506477718,-1.4790386541496228,-1.9318501949310303,0.43351441621780396,1.9827888011932373,-0.14881515502929688,0.18336433172225952,0.11041387915611267,0.26389315724372864,-0.2633129358291626
0.5344180225281602,4.150242924216762,-1.2654195296129132,-1.2654195296129132,0.41795114630737645,-1.9299511909484863,0.43308648467063904,1.9821369647979736,-0.1795434206724167,0.18384799361228943,0.10836824774742126,0.26273971796035767,-0.8165450096130371
0.5387984981226532,7.092037653088746,3.6999494693603365,3.6999494693603365,0.050503765576235204,-1.9280540943145752,0.44365835189819336,1.9813504219055176,-0.17550049722194672,0.18432269990444183,0.05920848622918129,0.25916287302970886,-0.4733119308948517
0.5431789737171464,6.425427966348938,-0.178694085040926,-0.178694085040926,-0.5175462049872034,-1.9261106252670288,0.4561332166194916,1.9805816411972046,-0.15787498652935028,0.18458205461502075,0.1657838672399521,0.2570895552635193,-0.22860431671142578
0.5475594493116396,7.1308549336552876,0.4980035680519469,0.4980035680519469,-1.209436326101071,-1.9241125583648682,0.4629529118537903,1.9798901081085205,-0.16277459263801575,0.18530826270580292,0.17567941546440125,0.25608816742897034,-0.2970321774482727
0.5519399249061326,3.6272253332681883,0.08548294074451601,0.08548294074451601,-0.1944252771961597,-1.9220845699310303,0.4655934274196625,1.9791771173477173,-0.182499960064888,0.18607781827449799,0.2255420684814453,0.25478702783584595,-0.700082540512085
0.5563204005006257,7.234873525222346,1.3434928084461608,1.3434928084461608,0.3968743917567675,-1.920045018196106,0.4703632891178131,1.9783776998519897,-0.2010919600725174,0.18706579506397247,0.23371627926826477,0.2517203390598297,-0.6883353590965271
0.5607008760951189,6.556351245728696,-1.6123841549177083,-1.6123841549177083,-0.46700419598648873,-1.9179846048355103,0.4858362078666687,1.977496862411499,-0.17190583050251007,0.18808957934379578,0.2613605260848999,0.24870510399341583,-0.26064202189445496
0.565081351689612,5.126402791853598,-0.2304871150169373,-0.2304871150169373,-0.721610905197116,-1.9158563613891602,0.49345043301582336,1.9767438173294067,-0.17422744631767273,0.18923446536064148,0.2279118001461029,0.24756336212158203,-0.29883643984794617
0.5694618272841051,10.596130348619807,-0.44640193639966935,-0.44640193639966935,-0.17784342637730108,-1.9136948585510254,0.49675285816192627,1.9759806394577026,-0.19611069560050964,0.19023282825946808,0.24225416779518127,0.2462543100118637,-0.5122991800308228
0.5738423028785982,5.444709782558574,-0.5629331440364183,-0.5629331440364183,-0.4804851483710959,-1.9115188121795654,0.5136050581932068,1.9751216173171997,-0.1561184823513031,0.19129401445388794,0.23441140353679657,0.24401019513607025,-0.27676135301589966
0.5782227784730913,3.7239989395755386,-0.2125963609139112,-0.2125963609139112,-0.039095247346240036,-1.9092689752578735,0.5193650126457214,1.9744377136230469,-0.168133944272995,0.19232085347175598,0.23200365900993347,0.2427978515625,-0.3561367392539978
0.5826032540675845,5.230297112698523,-0.22762427462792317,-0.22762427462792317,-0.6765681386099525,-1.9069938659667969,0.5255052447319031,1.9737012386322021,-0.18125176429748535,0.19333714246749878,0.22693687677383423,0.2412378042936325,-0.26126551628112793
0.5869837296620776,9.106678227732175,0.7692466732171663,0.7692466732171663,-0.48089291874708595,-1.9046919345855713,0.5295313596725464,1.972907304763794,-0.2009563148021698,0.19433122873306274,0.24004745483398438,0.24009333550930023,-0.44822901487350464
0.5913642052565706,6.7660790940298625,-0.6931039294387158,-0.6931039294387158,-0.482828405307631,-1.9023723602294922,0.5417696237564087,1.972027063369751,-0.1824982762336731,0.1953827440738678,0.27655547857284546,0.2381298840045929,-0.41463688015937805
0.5957446808510638,8.913085187521954,-1.8863626519854317,-1.8863626519854317,-0.044252314628897726,-1.8999991416931152,0.549996554851532,1.9712276458740234,-0.18360963463783264,0.19659419357776642,0.2704147696495056,0.2363135814666748,-0.45431607961654663
0.600125156445557,5.714382385143373,-0.07861313131883246,-0.07861313131883246,0.12396957274860593,-1.897589921951294,0.565189778804779,1.9704233407974243,-0.15365850925445557,0.19777873158454895,0.2166193127632141,0.23432345688343048,-0.20171070098876953
0.60450563204005,9.47180881598112,0.11109918307651567,0.11109918307651567,-1.0771479694991086,-1.8951140642166138,0.5760264992713928,1.9697502851486206,-0.14529334008693695,0.19872762262821198,0.21070325374603271,0.2334398627281189,0.03873549401760101
0.6088861076345431,5.113688656593633,1.4403241778770806,1.4403241778770806,-0.7692971791893226,-1.8925907611846924,0.5848353505134583,1.969113826751709,-0.14176028966903687,0.1996506005525589,0.24540384113788605,0.23360954225063324,-0.22340591251850128
0.6132665832290363,5.677990611939514,-3.1711826514680572,-3.1711826514680572,-0.5412936228270961,-1.890028953552246,0.5882890820503235,1.968492865562439,-0.16528214514255524,0.20072558522224426,0.30993178486824036,0.2326309233903885,-0.46164751052856445
0.6176470588235294,2.7900429104531868,-2.777329139233892,-2.777329139233892,-2.136866440365738,-1.8874520063400269,0.5944499969482422,1.967768907546997,-0.17726311087608337,0.20208323001861572,0.23313069343566895,0.23060868680477142,-0.5649883151054382
0.6220275344180225,7.713456075833662,0.6459593113174081,0.6459593113174081,0.8957861086141625,-1.8848479986190796,0.5843396186828613,1.9669923782348633,-0.2613474130630493,0.20310445129871368,0.2144271582365036,0.22813376784324646,-1.5794897079467773
0.6264080100125156,7.902014159111664,-0.9448376221932641,-0.9448376221932641,0.6901480805670117,-1.8822883367538452,0.6048385500907898,1.9658476114273071,-0.21324752271175385,0.20404374599456787,0.20713143050670624,0.22121484577655792,-0.8796051740646362
0.6307884856070087,7.6107152064526495,1.3665680827581745,1.3665680827581745,-0.46824418385580036,-1.879638910293579,0.623597264289856,1.9649134874343872,-0.1696198582649231,0.20495107769966125,0.15938466787338257,0.21736176311969757,-0.2797793745994568
0.6351689612015019,6.59247544591703,-1.3475170669919998,-1.3475170669919998,-1.6141497794621316,-1.876907229423523,0.6338528990745544,1.9641704559326172,-0.16333505511283875,0.2056492567062378,0.21296700835227966,0.21613620221614838,-0.28565436601638794
0.639549436795995,4.750735685006171,-1.0929877638300851,-1.0929877638300851,0.48686718897408726,-1.8741306066513062,0.6347557306289673,1.9634549617767334,-0.20014958083629608,0.20658215880393982,0.2207535356283188,0.2148849070072174,-0.9132881164550781
0.643929912390488,7.030935908702848,0.40347019077116886,0.40347019077116886,-0.0739649862875269,-1.8713500499725342,0.6465479135513306,1.9625781774520874,-0.18888962268829346,0.20754916965961456,0.1746167540550232,0.21088427305221558,-0.5155919790267944
0.6483103879849812,4.6296481003054275,-2.841833612948147,-2.841833612948147,-0.0190322614767659,-1.8685178756713867,0.6585146188735962,1.9617507457733154,-0.17554864287376404,0.20831407606601715,0.1885593682527542,0.20862573385238647,-0.33627745509147644
0.6526908635794744,6.27586808645753,0.6981298901605765,0.6981298901605765,-0.48600486176335006,-1.865633249282837,0.6665758490562439,1.9609817266464233,-0.18054087460041046,0.20914006233215332,0.1061246246099472,0.20715267956256866,-0.20291943848133087
0.6570713391739674,6.070049231367818,-0.02100407277457239,-0.02100407277457239,-0.43630197770963697,-1.86271333694458,0.674565851688385,1.9601908922195435,-0.18595238029956818,0.20960493385791779,0.14070510864257812,0.20626379549503326,-0.25920286774635315
0.6614518147684605,4.310937428013875,-1.8446462126457348,-1.8446462126457348,-1.4262611548763837,-1.8597583770751953,0.6825358867645264,1.959376335144043,-0.19157974421977997,0.2102212905883789,0.15283311903476715,0.20512835681438446,-0.29624849557876587
0.6658322903629537,6.323208490440377,-2.674391221025599,-2.674391221025599,0.2795649045799144,-1.8567684888839722,0.6811936497688293,1.9585371017456055,-0.24183455109596252,0.2108907699584961,0.14061494171619415,0.20383064448833466,-0.8976391553878784
0.6702127659574468,4.5566673894388074,1.599833509759599,1.599833509759599,-0.15904437863964627,-1.8537845611572266,0.694338858127594,1.9574778079986572,-0.2237267643213272,0.21150672435760498,0.05435005575418472,0.19989855587482452,-0.5581029653549194
0.6745932415519399,4.852660813984729,1.6924425116738147,1.6924425116738147,-0.5508588556430118,-1.850743055343628,0.7014903426170349,1.9564977884292603,-0.2335871458053589,0.21174480020999908,0.10571486502885818,0.1974537968635559,-0.49913424253463745
0.678973717146433,4.4744529082787,-1.5615082961025113,-1.5615082961025113,-0.3578077656655059,-1.8476701974868774,0.7067694067955017,1.955474615097046,-0.25285959243774414,0.2122078835964203,0.1712263822555542,0.19526734948158264,-0.6328498125076294
0.6833541927409261,4.679382303209403,1.799559285561879,1.799559285561879,0.5732279915604337,-1.844574213027954,0.7126110792160034,1.95436692237854,-0.26944029331207275,0.2129579335451126,0.1360745131969452,0.1924951672554016,-0.6788207292556763
0.6877346683354193,6.166931994751731,1.3762159863998304,1.3762159863998304,-0.45041614648033107,-1.8414525985717773,0.7243665456771851,1.9531866312026978,-0.2560651898384094,0.2135540097951889,0.17188727855682373,0.18952161073684692,-0.2388700544834137
0.6921151439299124,6.60273675262858,-0.7242497038498142,-0.7242497038498142,-0.5111186568447497,-1.8382794857025146,0.7326143383979797,1.9520649909973145,-0.26135745644569397,0.21430695056915283,0.22523072361946106,0.18847525119781494,-0.28024429082870483
0.6964956195244054,9.222047263931449,-0.18679382080064855,-0.18679382080064855,-0.049208297908226395,-1.835070252418518,0.7413171529769897,1.9509201049804688,-0.2648729085922241,0.21529357135295868,0.21900662779808044,0.1872476488351822,-0.3394243121147156
0.7008760951188986,4.089491530774266,-3.5729837609762987,-3.5729837609762987,0.04348310019746221,-1.8318228721618652,0.7573649287223816,1.949759840965271,-0.23255674540996552,0.21625292301177979,0.21498869359493256,0.18576081097126007,-0.07971265912055969
0.7052565707133918,7.19684992301453,-0.5570100852505706,-0.5570100852505706,-1.4700336079846497,-1.828505277633667,0.7648580074310303,1.94874107837677,-0.2401600480079651,0.21719467639923096,0.10937640070915222,0.18541163206100464,0.06908629834651947
0.7096370463078848,4.054359213157953,-4.770425847035074,-4.770425847035074,-1.3430976981826097,-1.8251547813415527,0.7692651152610779,1.9476890563964844,-0.26790162920951843,0.21767379343509674,0.1360395848751068,0.1857142597436905,-0.4657225012779236
0.7140175219023779,6.15382462484193,-1.5638957541608498,-1.5638957541608498,0.09511293694971679,-1.8217850923538208,0.7688701748847961,1.9465155601501465,-0.3179559111595154,0.2182697057723999,0.035950735211372375,0.1836741715669632,-1.0322704315185547
0.718397997496871,6.67567298908223,1.5490150806428942,1.5490150806428942,0.16334704650241344,-1.8184170722961426,0.7806391716003418,1.9451227188110352,-0.3068677484989166,0.21842718124389648,-0.01249757781624794,0.17915233969688416,-0.7930959463119507
0.7227784730913642,6.031444041121952,0.03615213037472975,0.03615213037472975,0.13250818651443336,-1.8149975538253784,0.7935388088226318,1.9437785148620605,-0.28932926058769226,0.2183724343776703,0.02796832099556923,0.17567820847034454,-0.5026810169219971
0.7271589486858573,8.24498988521913,-3.099370452785137,-3.099370452785137,-1.0534330492445152,-1.8115215301513672,0.8049741983413696,1.9425110816955566,-0.2780657112598419,0.2184949517250061,0.025154419243335724,0.1734762191772461,-0.2480839192867279
0.7315394242803503,8.155305043184782,0.16195511730898415,0.16195511730898415,-1.08058674566877,-1.807995319366455,0.813904345035553,1.9412930011749268,-0.2844828963279724,0.2186051458120346,-0.03459343686699867,0.17238949239253998,-0.5360279083251953
0.7359198998748435,4.125384591048469,0.10645384601641628,0.10645384601641628,-0.36109897051569806,-1.8044300079345703,0.8226152062416077,1.940046787261963,-0.29248952865600586,0.21845361590385437,0.0016927272081375122,0.17004144191741943,-0.8407436609268188
0.7403003754693367,9.706441166586227,-2.101295587260641,-2.101295587260641,0.6984258751754368,-1.8008265495300293,0.8281551599502563,1.938765525817871,-0.3121488690376282,0.2184610366821289,0.015346751548349857,0.1663585901260376,-0.8993337154388428
0.7446808510638298,5.546733500241021,-2.7107497848644106,-2.7107497848644106,-0.5140428221188752,-1.7971988916397095,0.8489254117012024,1.9373981952667236,-0.25302964448928833,0.21852825582027435,-0.0664139911532402,0.16241908073425293,-0.23981714248657227
0.7490613266583228,6.606498783635888,0.9622762736111908,0.9622762736111908,-0.5286871818990322,-1.7934801578521729,0.8560376167297363,1.9362897872924805,-0.26549822092056274,0.21823732554912567,-0.13056480884552002,0.16136856377124786,-0.33335989713668823
0.753441802252816,3.5178910970916055,-1.0188690985329907,-1.0188690985329907,-1.0270203336357424,-1.7897303104400635,0.8649293184280396,1.935126781463623,-0.2695887088775635,0.2176653891801834,-0.08702394366264343,0.15990829467773438,-0.40173566341400146
0.7578222778473092,4.920812397557772,-0.8215193988066731,-0.8215193988066731,0.5169054190291408,-1.785941481590271,0.8660099506378174,1.933945894241333,-0.3146180212497711,0.2172841876745224,-0.08678590506315231,0.15814849734306335,-0.8221724033355713
0.7622027534418022,5.02202888867792,1.9505183368423837,1.9505183368423837,-1.4724079088558713,-1.782148003578186,0.8772010803222656,1.9325677156448364,-0.3008401393890381,0.21690402925014496,-0.1258721500635147,0.15454699099063873,-0.4040045738220215
0.7665832290362953,4.838969018540029,0.4024835511852549,0.4024835511852549,-0.473136573133629,-1.7783054113388062,0.8788620233535767,1.9312498569488525,-0.34696459770202637,0.2163526564836502,-0.025911852717399597,0.15277725458145142,-1.0074775218963623
0.7709637046307884,4.843966442786733,-0.26340495824980237,-0.26340495824980237,0.5726735538125657,-1.7744555473327637,0.8851789236068726,1.92972993850708,-0.3641146719455719,0.21623915433883667,-0.0003409702330827713,0.14836402237415314,-1.1018671989440918
0.7753441802252816,4.445298366709096,0.23466713151173157,0.23466713151173157,-1.1996271767158588,-1.7705780267715454,0.8963574767112732,1.9281349182128906,-0.34925100207328796,0.21623766422271729,-0.02475711517035961,0.14353731274604797,-0.6574273109436035
0.7797246558197747,4.754096952408381,1.7628357771335996,1.7628357771335996,1.0844077404900467,-1.7666515111923218,0.8986903429031372,1.926604986190796,-0.39190441370010376,0.21612921357154846,0.017128827050328255,0.1406574696302414,-1.1382808685302734
0.7841051314142677,3.1188000570657497,-0.6026558758941781,-0.6026558758941781,-0.5447796305339169,-1.7627148628234863,0.9117497205734253,1.924888253211975,-0.3620968759059906,0.21620424091815948,0.03694107383489609,0.13567125797271729,-0.4330892562866211
0.7884856070087609,8.63204494711411,1.0552919922957602,1.0552919922957602,0.17354820112749492,-1.7587209939956665,0.9147546887397766,1.9233020544052124,-0.395770400762558,0.21636606752872467,0.03525090217590332,0.13377411663532257,-0.6175864934921265
0.7928660826032541,7.8449320250286725,-1.2317740406404183,-1.2317740406404183,-0.758094057483881,-1.7547138929367065,0.9300366044044495,1.9215683937072754,-0.36148524284362793,0.2165204882621765,0.06100061535835266,0.13106879591941833,-0.26217085123062134
0.7972465581977471,3.8422899998686484,0.09169079065780772,0.09169079065780772,-0.8088197041558467,-1.7506399154663086,0.9401068687438965,1.9199849367141724,-0.3623100817203522,0.2167876958847046,0.04716765880584717,0.1299203634262085,-0.41097766160964966
0.8016270337922402,6.899768898111022,-0.6831597832891256,-0.6831597832891256,0.9033706738172702,-1.7465218305587769,0.943333089351654,1.9183979034423828,-0.39806240797042847,0.21699431538581848,0.07346542179584503,0.1281200796365738,-0.7092502117156982
0.8060075093867334,4.406343817976918,-1.3922458499069705,-1.3922458499069705,-0.37110283564049096,-1.7423895597457886,0.9585528373718262,1.9166542291641235,-0.35583657026290894,0.217316135764122,0.027133703231811523,0.12501323223114014,-0.03138762712478638
0.8103879849812266,5.869681828699854,-0.03728456887105225,-0.03728456887105225,-0.4542670171022419,-1.7381906509399414,0.9644625186920166,1.9150954484939575,-0.37346968054771423,0.21743498742580414,-0.002686908468604088,0.1248757392168045,-0.0868733823299408
0.8147684605757196,6.019596541420704,-0.14123006630646218,-0.14123006630646218,0.08755524437633139,-1.7339658737182617,0.9724958539009094,1.9134594202041626,-0.381459504365921,0.217423215508461,0.00949030090123415,0.12449519336223602,-0.14014500379562378
0.8191489361702127,5.071805517513745,-1.718389007801753,-1.718389007801753,-1.6963104580763386,-1.7297059297561646,0.9828632473945618,1.9117884635925293,-0.37157565355300903,0.21746478974819183,0.0028090449050068855,0.12388129532337189,0.09029635787010193
0.8235294117647058,4.0181318544030065,-0.7876825295032812,-0.7876825295032812,0.07633782404940614,-1.7254005670547485,0.9848268628120422,1.910160779953003,-0.4243302345275879,0.21747709810733795,0.0021642812062054873,0.12427683919668198,-0.6273584365844727
0.827909887359199,7.017626228522897,0.3326529954493336,0.3326529954493336,0.9632759994228652,-1.7210865020751953,0.9919144511222839,1.9083020687103271,-0.43148425221443176,0.21748657524585724,-0.02306785248219967,0.12152870744466782,-0.4643224775791168
0.8322903629536921,4.386125780237112,0.154889631391955,0.154889631391955,-0.5423178874833228,-1.7167414426803589,1.0072344541549683,1.9064120054244995,-0.38640710711479187,0.21738553047180176,-0.0414840430021286,0.11949475109577179,0.2478868067264557
0.8366708385481851,4.052137470650338,-0.5618194045005097,-0.5618194045005097,0.11436089205149053,-1.7123292684555054,1.0125149488449097,1.904719352722168,-0.40947434306144714,0.21720381081104279,-0.0211233738809824,0.12058061361312866,0.10351027548313141
0.8410513141426783,11.68658182297872,0.4669137512857744,0.4669137512857744,-0.7093529417366343,-1.707893967628479,1.0196571350097656,1.9029256105422974,-0.4151615798473358,0.217111274600029,-0.04086998105049133,0.12103404104709625,0.28713902831077576
0.8454317897371715,5.035296267264789,1.4704202879296253,1.4704202879296253,-0.39864863103662684,-1.7034274339675903,1.0363963842391968,1.9011069536209106,-0.38250136375427246,0.2169322520494461,-0.0065192654728889465,0.12229184806346893,0.2814529836177826
0.8498122653316645,4.513707225233153,-2.324204444348079,-2.324204444348079,-0.6370949560671786,-1.6988874673843384,1.04326331615448,1.8994314670562744,-0.3957403004169464,0.2169037014245987,0.04806347191333771,0.1235247477889061,0.231110081076622
0.8541927409261576,5.8946543656246675,-0.8443936175642826,-0.8443936175642826,-0.20900508569228707,-1.6943174600601196,1.0483444929122925,1.897697925567627,-0.42064157128334045,0.21711423993110657,-0.0012054741382598877,0.12453711777925491,0.04189841449260712
0.8585732165206508,4.238169484952637,0.10625873979857559,0.10625873979857559,-0.1821131157095901,-1.6897251605987549,1.0573488473892212,1.8958553075790405,-0.4208950400352478,0.21710896492004395,-0.01976083405315876,0.12472065538167953,0.11573471128940582
0.8629536921151439,5.290760557473011,0.9162591188276565,0.9162591188276565,0.040527610812290726,-1.6850935220718384,1.0637038946151733,1.8940116167068481,-0.43413046002388,0.21702240407466888,-0.01133946143090725,0.12522763013839722,0.1524219959974289
0.867334167709637,5.165499454182756,1.700943254750238,1.700943254750238,0.695251105332007,-1.680433988571167,1.0726721286773682,1.8921098709106445,-0.43176114559173584,0.2169727385044098,0.014234676957130432,0.12589530646800995,0.33621516823768616
0.8717146433041301,5.494448295894196,-1.186525358910217,-1.186525358910217,-0.5809723300045064,-1.6757351160049438,1.08400297164917,1.8902184963226318,-0.4103530943393707,0.21703509986400604,0.04360407590866089,0.12736809253692627,0.8534227609634399
0.8760951188986232,3.611319469922069,-1.6514166696770907,-1.6514166696770907,-1.6471580367891234,-1.6709866523742676,1.0910778045654297,1.8884209394454956,-0.42537370324134827,0.21722610294818878,0.02592000737786293,0.13110649585723877,0.7233737707138062
0.8804755944931164,4.788966411623118,2.00248956607355,2.00248956607355,-0.39264676935936826,-1.666207194328308,1.0906100273132324,1.8865575790405273,-0.4887637794017792,0.2173396497964859,0.025795642286539078,0.13427521288394928,-0.013851642608642578
0.8848560700876095,5.558622945026804,0.7958804157275237,0.7958804157275237,-0.9106825645212676,-1.661429762840271,1.0970453023910522,1.8844165802001953,-0.5038579106330872,0.21745264530181885,0.09574121236801147,0.13421453535556793,-0.06853388249874115
0.8892365456821025,5.732063514681823,0.18071850253086996,0.18071850253086996,0.37655169966685365,-1.6566241979599,1.1026378870010376,1.8822094202041626,-0.5284141302108765,0.2178720384836197,0.1455782651901245,0.13391432166099548,-0.36635124683380127
0.8936170212765957,5.450874456939764,-1.3408259452127589,-1.3408259452127589,0.07923139446822575,-1.6517940759658813,1.1138914823532104,1.879894733428955,-0.5120857357978821,0.2185097336769104,0.13985931873321533,0.13230952620506287,0.004245400428771973
0.8979974968710889,10.178843083632152,-0.9255217262920705,-0.9255217262920705,-0.6974164266137932,-1.6469147205352783,1.123410940170288,1.877651572227478,-0.5072116851806641,0.21912238001823425,0.0983891412615776,0.1323281228542328,0.21298977732658386
0.902377972465582,4.794917296013461,0.19101285085219866,0.19101285085219866,-0.1872463281556337,-1.6419936418533325,1.1377907991409302,1.8754297494888306,-0.4867610037326813,0.2195533663034439,0.09172774106264114,0.13326111435890198,0.16731074452400208
0.906758448060075,6.370709747855582,-1.714932484102785,-1.714932484102785,-1.2400652932980591,-1.637009620666504,1.1451592445373535,1.8732974529266357,-0.495529443025589,0.219955176115036,0.10277410596609116,0.13399401307106018,0.21857725083827972
0.9111389236545682,7.020665781227648,-1.4977409174859022,-1.4977409174859022,0.48234600419070667,-1.631993293762207,1.150876522064209,1.8711267709732056,-0.5234398245811462,0.22040536999702454,0.08890648186206818,0.13495148718357086,-0.2239319235086441
0.9155193992490612,5.19317898756693,-1.2672286843929381,-1.2672286843929381,-0.4589113203641997,-1.6269519329071045,1.1648615598678589,1.8688338994979858,-0.4931595027446747,0.22079482674598694,0.0310816690325737,0.13397055864334106,0.24084089696407318
0.9198998748435544,4.981935099593626,-3.5802881754915603,-3.5802881754915603,-0.07983448110939567,-1.6218492984771729,1.1718355417251587,1.8666735887527466,-0.506946861743927,0.22093097865581512,0.007476240396499634,0.13502556085586548,0.16442953050136566
0.9242803504380476,6.290799274339301,-1.25157746005131,-1.25157746005131,0.1536839932385658,-1.6167161464691162,1.1800185441970825,1.8644529581069946,-0.5108765959739685,0.2209637314081192,-0.0947481021285057,0.1357458382844925,0.2767927646636963
0.9286608260325406,5.163600521738128,0.5366312915657971,0.5366312915657971,-0.37729505060380886,-1.6115471124649048,1.1914349794387817,1.8622150421142578,-0.49675366282463074,0.22054868936538696,-0.13578619062900543,0.1369583159685135,0.5497819781303406
0.9330413016270338,6.3616387862235895,-1.2192370485579462,-1.2192370485579462,-0.8361381192388259,-1.606328010559082,1.1987450122833252,1.8600389957427979,-0.5082896947860718,0.21995387971401215,-0.10909664630889893,0.13936662673950195,0.5145455002784729
0.9374217772215268,5.4797459147206276,0.5841356714010043,0.5841356714010043,-1.198225872872959,-1.6010769605636597,1.2060977220535278,1.8578124046325684,-0.5238894820213318,0.21947598457336426,-0.12028434872627258,0.14162057638168335,0.2799156904220581
0.94180225281602,6.647779047251886,-0.12655523801142216,-0.12655523801142216,-0.6175215190626369,-1.5957937240600586,1.2102620601654053,1.8555175065994263,-0.5579017400741577,0.2189490795135498,-0.06823374330997467,0.1428467333316803,-0.16837820410728455
0.9461827284105132,6.5746430054644645,-1.8080692180440954,-1.8080692180440954,1.5290079802180288,-1.5904922485351562,1.2189152240753174,1.8530735969543457,-0.5643975734710693,0.21865017712116241,-0.0538959726691246,0.14210915565490723,-0.28150251507759094
0.9505632040050064,6.524973129642801,-1.8793289495410286,-1.8793289495410286,-0.8057368508627196,-1.5851528644561768,1.2368499040603638,1.850601315498352,-0.5057951211929321,0.2184140831232071,-0.15134921669960022,0.14087603986263275,0.7088313102722168
0.9549436795994992,4.090160939793606,2.252370361407728,2.252370361407728,-0.6019196777143969,-1.5797349214553833,1.244590163230896,1.8483856916427612,-0.5190922021865845,0.21775110065937042,-0.18270151317119598,0.14398105442523956,0.4949447512626648
0.9593241551939924,6.202716925084888,0.9943313701741117,0.9943313701741117,-0.7858009388732603,-1.5742830038070679,1.2489521503448486,1.84611177444458,-0.5464144945144653,0.21695077419281006,-0.09934719651937485,0.146149143576622,0.3110194206237793
0.9637046307884856,4.919486167145138,-1.5058693012324116,-1.5058693012324116,-0.6424746024240429,-1.5688120126724243,1.2559996843338013,1.84371817111969,-0.5617428421974182,0.21651558578014374,-0.04736169055104256,0.1475115567445755,0.09756287932395935
0.9680851063829788,4.930828333001012,-2.1079311538036243,-2.1079311538036243,-0.31867783317965437,-1.563310146331787,1.261456847190857,1.8412574529647827,-0.5833700299263,0.2163081169128418,-0.07257555425167084,0.14793892204761505,-0.0816260576248169
0.9724655819774718,3.8464618292227892,0.6632579247180767,0.6632579247180767,-1.683086651001766,-1.5577843189239502,1.268397331237793,1.8387019634246826,-0.5949966907501221,0.21599020063877106,-0.12482742965221405,0.14758135378360748,-0.09366429597139359
0.9768460575719649,4.902113133436429,0.6105439162640178,0.6105439162640178,-0.5561195620406658,-1.5522280931472778,1.2672818899154663,1.8360955715179443,-0.6573915481567383,0.21544340252876282,-0.056306734681129456,0.14717106521129608,-0.8419903516769409
0.981226533166458,9.322599146104409,-1.041849909298553,-1.041849909298553,-0.24548274139380458,-1.546676754951477,1.2732524871826172,1.8332158327102661,-0.6765415668487549,0.21519675850868225,-0.022236458957195282,0.1434827446937561,-0.9772244095802307
0.9856070087609512,4.222843766495766,0.37405853331606487,0.37405853331606487,0.41251443280569167,-1.5410993099212646,1.2881367206573486,1.8302522897720337,-0.649347722530365,0.21509934961795807,-0.045492906123399734,0.1392020434141159,-0.8161370754241943
0.9899874843554444,7.185083519444593,-0.03501193145479686,-0.03501193145479686,0.41054757457644775,-1.535456657409668,1.2971651554107666,1.8274078369140625,-0.6445063352584839,0.21490007638931274,-0.04661593958735466,0.13562697172164917,-0.47343626618385315
0.9943679599499372,9.316083559145802,-0.5545691594012054,-0.5545691594012054,0.4468563244775145,-1.5297744274139404,1.3109382390975952,1.8245846033096313,-0.6150016188621521,0.21469587087631226,-0.05962768942117691,0.13355310261249542,-0.04046955704689026
0.9987484355444304,6.128156107077571,0.6078806649600964,0.6078806649600964,-1.8125106382025757,-1.5240318775177002,1.328287124633789,1.8218905925750732,-0.5666002631187439,0.2144346684217453,-0.08887249231338501,0.13337582349777222,0.4768470227718353
1.0031289111389237,6.09481417128901,-1.3892290288914722,-1.3892290288914722,-1.5328730115380693,-1.5182133913040161,1.3310822248458862,1.819408655166626,-0.6140308380126953,0.21404536068439484,-0.01818939298391342,0.1354646384716034,-0.26793530583381653
1.0075093867334166,6.004025240342856,-0.12648367703772762,-0.12648367703772762,-0.21211205326934157,-1.5123826265335083,1.3348413705825806,1.8167189359664917,-0.6531479358673096,0.21396568417549133,-0.013994533568620682,0.13429094851016998,-0.8696612119674683
1.0118898623279098,5.568304219195271,-2.1667628989255663,-2.1667628989255663,-1.112023904220727,-1.5065354108810425,1.3441349267959595,1.8138577938079834,-0.6525782346725464,0.21390438079833984,-0.01149391382932663,0.13048142194747925,-0.7938517332077026
1.016270337922403,5.993677643676478,1.040393094507856,1.040393094507856,0.343715150113639,-1.5006474256515503,1.349034309387207,1.8109991550445557,-0.6832290887832642,0.21385402977466583,-0.042295634746551514,0.1270039677619934,-1.1950883865356445
1.020650813516896,6.544725000614952,-0.6686821010353129,-0.6686821010353129,-1.388263825230468,-1.494737982749939,1.3606252670288086,1.8080062866210938,-0.665718674659729,0.21366874873638153,-0.021950431168079376,0.12176891416311264,-0.8333908319473267
1.0250312891113893,6.645687871739533,-0.22434971428985523,-0.22434971428985523,0.32511487545318646,-1.488777756690979,1.366300344467163,1.805090069770813,-0.6967372298240662,0.21357259154319763,-0.0009363647550344467,0.11811826378107071,-1.3469855785369873
1.0294117647058822,6.6433131999047355,0.5921215158384934,0.5921215158384934,-0.4211863114040495,-1.4827927350997925,1.3787832260131836,1.8020380735397339,-0.6743508577346802,0.21356849372386932,-0.01698247343301773,0.11221782863140106,-0.9749443531036377
1.0337922403003754,4.460897065231755,0.2974459940367521,0.2974459940367521,1.1771842618002584,-1.4767529964447021,1.3883206844329834,1.7990840673446655,-0.6748806238174438,0.21349410712718964,0.012609325349330902,0.10794711112976074,-0.9875298142433167
1.0381727158948686,7.081406807933236,-0.33632603103072656,-0.33632603103072656,-0.8276787554454865,-1.470671534538269,1.39967679977417,1.7961277961730957,-0.64448082447052,0.21354934573173523,-0.01308182068169117,0.10362125933170319,-0.243962824344635
1.0425531914893615,5.1407379324747335,-2.2079304347883433,-2.2079304347883433,0.43232176130358707,-1.4645402431488037,1.4083874225616455,1.793304681777954,-0.6538440585136414,0.2134920358657837,0.001267237588763237,0.10255258530378342,-0.45266106724739075
1.0469336670838547,6.3789632867120085,-0.039977468327151544,-0.039977468327151544,0.03531440151955462,-1.4583708047866821,1.4180315732955933,1.790440559387207,-0.6406431198120117,0.213497593998909,-0.07583649456501007,0.1005697175860405,-0.0719744861125946
1.051314142678348,6.004766569908552,-1.512655852947474,-1.512655852947474,0.6967938702859847,-1.4521591663360596,1.4283215999603271,1.787634253501892,-0.629320502281189,0.21316538751125336,-0.07803525775671005,0.10025443136692047,0.14221596717834473
1.055694618272841,3.246325907454211,-1.7787616394151378,-1.7787616394151378,0.023497618623442296,-1.4459024667739868,1.4400489330291748,1.7848775386810303,-0.6007642149925232,0.2128235548734665,-0.14255818724632263,0.10087740421295166,0.6856504082679749
1.0600750938673342,8.546866312254368,0.2104191423588262,0.2104191423588262,-1.6579249387478652,-1.4395943880081177,1.4454129934310913,1.7822458744049072,-0.6159441471099854,0.21219907701015472,-0.19518986344337463,0.1038808822631836,0.7975118160247803
1.0644555694618272,8.416313262932514,-2.3779070533090523,-2.3779070533090523,-0.6227855682663448,-1.433262825012207,1.453882098197937,1.7795476913452148,-0.6386152505874634,0.21134404838085175,-0.14062829315662384,0.10737436264753342,0.20622634887695312
1.0688360450563203,10.094874201365279,-1.0687318362254037,-1.0687318362254037,-0.7202485276261832,-1.426894187927246,1.4652482271194458,1.7767502069473267,-0.6305039525032043,0.21072803437709808,-0.1918834000825882,0.10827773064374924,0.14426812529563904
1.0732165206508135,7.799521779579618,-0.14054468059477154,-0.14054468059477154,-1.7053436051035402,-1.420475721359253,1.478918433189392,1.7739882469177246,-0.6113693714141846,0.20988748967647552,-0.20206022262573242,0.10890969634056091,0.08377926796674728
1.0775969962453065,6.712671327000353,-0.39481562524750136,-0.39481562524750136,1.1742654000225048,-1.4139974117279053,1.485572338104248,1.7713102102279663,-0.6416605114936829,0.20900237560272217,-0.1563631296157837,0.10927668958902359,-0.5547221899032593
1.0819774718397996,6.129285375441373,0.3516043243808503,0.3516043243808503,0.42444124196758115,-1.4074898958206177,1.5002371072769165,1.7684993743896484,-0.5925063490867615,0.20831742882728577,-0.2021852731704712,0.10684674233198166,0.2567088007926941
1.0863579474342928,7.685542510391031,-2.735069078061984,-2.735069078061984,-0.45191124520523024,-1.4009181261062622,1.5113000869750977,1.7659039497375488,-0.5712537169456482,0.20743176341056824,-0.20431233942508698,0.10797125101089478,0.6639069318771362
1.090738423028786,3.5264348097513487,1.3983599781512983,1.3983599781512983,-0.016402254753995316,-1.3942979574203491,1.5219764709472656,1.7634016275405884,-0.5639503002166748,0.20653678476810455,-0.27098777890205383,0.11087948083877563,0.6676028370857239
1.0951188986232792,5.200403866206651,-1.7026392459834399,-1.7026392459834399,-1.3073140765937188,-1.3876309394836426,1.5275721549987793,1.7609312534332275,-0.5779861807823181,0.20534972846508026,-0.22967223823070526,0.11380390077829361,0.767702579498291
1.099499374217772,3.8556009944921548,0.9582085173384732,0.9582085173384732,0.3011304791392324,-1.3809394836425781,1.5312864780426025,1.7583993673324585,-0.6176966428756714,0.20434366166591644,-0.2412169873714447,0.11716680228710175,0.2544170618057251
1.1038798498122653,7.414339182957766,-1.961444897478083,-1.961444897478083,-0.6346447176055807,-1.3742316961288452,1.5384340286254883,1.7556935548782349,-0.6192082762718201,0.2032870203256607,-0.2220282256603241,0.11828126758337021,0.5283087491989136
1.1082603254067585,9.48383260099778,0.511253486441028,0.511253486441028,0.4082395472641395,-1.36749267578125,1.5477744340896606,1.752981185913086,-0.6197167038917542,0.20231443643569946,-0.26077499985694885,0.12059551477432251,0.4298352897167206
1.1126408010012514,4.8681897353298655,2.9755586976673696,2.9755586976673696,-1.3908764839842636,-1.3607126474380493,1.564138650894165,1.7502665519714355,-0.5708954334259033,0.2011721134185791,-0.2577666640281677,0.12247839570045471,0.9324160814285278
1.1170212765957446,9.922996222686203,-2.5935167156497982,-2.5935167156497982,-0.4030343241662102,-1.3538609743118286,1.5666874647140503,1.7477657794952393,-0.6158868670463562,0.2000429779291153,-0.1302529126405716,0.12656281888484955,0.36602044105529785
1.1214017521902375,4.16903876048178,-0.47954772998901685,-0.47954772998901685,0.7226476744679478,-1.3469980955123901,1.5805948972702026,1.7450679540634155,-0.5882609486579895,0.19947241246700287,-0.19422194361686707,0.12816616892814636,0.46442875266075134
1.125782227784731,6.35883495629636,-1.0110917492171603,-1.0110917492171603,-1.3120455637383779,-1.3400743007659912,1.5899935960769653,1.7424911260604858,-0.5742175579071045,0.19862163066864014,-0.22932985424995422,0.13020059466362,0.9652698040008545
1.130162703379224,8.392166435491122,-0.5060411038662721,-0.5060411038662721,-1.411834332360681,-1.3331093788146973,1.5948508977890015,1.7399758100509644,-0.604273796081543,0.1976170539855957,-0.22054104506969452,0.134428933262825,0.48558229207992554
1.134543178973717,5.694686869574732,-0.6108109886941813,-0.6108109886941813,-0.775461435042788,-1.3261231184005737,1.6021137237548828,1.7373287677764893,-0.6203300952911377,0.19665098190307617,-0.19408901035785675,0.136556014418602,0.017310142517089844
1.1389236545682102,5.2685956855322145,1.1687441141309072,1.1687441141309072,-0.43146043164859316,-1.3191051483154297,1.6076931953430176,1.7346113920211792,-0.6394246816635132,0.19580078125,-0.1892806887626648,0.13663184642791748,-0.2063673883676529
1.1433041301627034,9.658726386680675,1.1852698142378746,1.1852698142378746,-0.37302733669284444,-1.3120627403259277,1.6140406131744385,1.731810450553894,-0.6515400409698486,0.19497163593769073,-0.14254963397979736,0.13572785258293152,-0.2659863531589508
1.1476846057571963,5.210960271713441,-0.20517697938150736,-0.20517697938150736,0.20914327869291277,-1.304992437362671,1.6273775100708008,1.7289563417434692,-0.6251281499862671,0.19434720277786255,-0.09704241901636124,0.13456270098686218,-0.15998876094818115
1.1520650813516895,5.55910043812303,-1.67591517369336,-1.67591517369336,0.850000202066713,-1.2978637218475342,1.636246919631958,1.7262179851531982,-0.6180864572525024,0.19392211735248566,-0.10914188623428345,0.13386186957359314,0.10859495401382446
1.156445556946183,6.272953763135025,-1.4020369497046943,-1.4020369497046943,-0.4503042584841782,-1.290696144104004,1.6482646465301514,1.723510503768921,-0.5884867310523987,0.19344402849674225,-0.1829066276550293,0.13433757424354553,0.7180402278900146
1.1608260325406758,6.267063426343077,-0.09874942610014992,-0.09874942610014992,-0.059033700470729256,-1.2834759950637817,1.6561189889907837,1.7209326028823853,-0.5927753448486328,0.19264280796051025,-0.21070024371147156,0.1374829262495041,0.6797184348106384
1.165206508135169,6.354798999289801,-0.9291862560867434,-0.9291862560867434,0.12520555967181868,-1.2762213945388794,1.6655688285827637,1.7183359861373901,-0.5851167440414429,0.19171984493732452,-0.2118600755929947,0.14046041667461395,0.8428097367286682
1.169586983729662,8.570422128397244,1.7285673113811988,1.7285673113811988,-1.7180787150029107,-1.268925428390503,1.6760063171386719,1.7157728672027588,-0.5710864067077637,0.1907918006181717,-0.24265165627002716,0.14415232837200165,1.1035559177398682
1.1739674593241551,5.63524083680159,-2.0109771051442724,-2.0109771051442724,-0.15866834287317494,-1.261583685874939,1.6817939281463623,1.7132712602615356,-0.5949342846870422,0.18972887098789215,-0.14199867844581604,0.14898642897605896,0.48327308893203735
1.1783479349186483,3.5113318715500292,-0.10655138155380328,-0.10655138155380328,0.6301370150067653,-1.2542166709899902,1.6897529363632202,1.7106651067733765,-0.5955896377563477,0.18910685181617737,-0.19609196484088898,0.15110339224338531,0.5756530165672302
1.1827284105131413,7.874560410760612,-0.47438033474133734,-0.47438033474133734,-0.4914671641568742,-1.2468147277832031,1.698146939277649,1.708056092262268,-0.5899133086204529,0.18824787437915802,-0.2176056057214737,0.153625026345253,1.0087511539459229
1.1871088861076344,5.138208583751094,0.2948131724258831,0.2948131724258831,-1.0253273363930142,-1.2393760681152344,1.7081316709518433,1.7054719924926758,-0.5820116400718689,0.18729466199874878,-0.21710661053657532,0.15804383158683777,0.9989445209503174
1.1914893617021276,5.056770760999929,-1.5919649456199734,-1.5919649456199734,-0.21386470399677646,-1.2318936586380005,1.7112704515457153,1.7029224634170532,-0.6133129000663757,0.18634362518787384,-0.17855432629585266,0.16241967678070068,0.6295981407165527
1.1958698372966208,5.335310512715753,-0.504793649874983,-0.504793649874983,0.06833599564247217,-1.2243974208831787,1.7180582284927368,1.7002358436584473,-0.620486319065094,0.18556147813796997,-0.21879923343658447,0.1651776134967804,0.6757571697235107
1.200250312891114,4.601813048665239,-1.0232830510887145,-1.0232830510887145,-0.5599939752050136,-1.2168715000152588,1.7267054319381714,1.6975178718566895,-0.6167181730270386,0.1846030354499817,-0.23553644120693207,0.16813774406909943,0.8759071230888367
1.204630788485607,6.2951075659267035,0.4080221002862845,0.4080221002862845,-0.07255111704911232,-1.2093076705932617,1.731059193611145,1.6948163509368896,-0.638261079788208,0.18357127904891968,-0.24906595051288605,0.17197462916374207,0.7297250032424927
1.2090112640801,6.025986981624546,-0.5187709169343548,-0.5187709169343548,-2.083269221893264,-1.2017247676849365,1.7404628992080688,1.6920204162597656,-0.630751371383667,0.18248024582862854,-0.23503169417381287,0.1751711666584015,0.8870020508766174
1.2133917396745932,4.687299306913132,-3.361865559717506,-3.361865559717506,0.5697494396458879,-1.1941007375717163,1.7386689186096191,1.6892573833465576,-0.6867295503616333,0.18145069479942322,-0.1893433928489685,0.17905665934085846,0.00020444393157958984
1.2177722152690862,4.998278030047187,0.6264199348986955,0.6264199348986955,0.13120844706051937,-1.1864845752716064,1.7489875555038452,1.6862491369247437,-0.6731112003326416,0.18062128126621246,-0.304159015417099,0.1790575534105301,0.438637912273407
1.2221526908635794,6.400816558035773,0.2650285201477779,0.2650285201477779,-1.9917167126067599,-1.1788232326507568,1.757390022277832,1.6833006143569946,-0.6702367067337036,0.17928892374038696,-0.2896972596645355,0.18097899854183197,0.6607868075370789
1.2265331664580723,6.886600240499863,-1.3125713236378203,-1.3125713236378203,-0.6770494901335031,-1.171125054359436,1.7561548948287964,1.6803646087646484,-0.7201968431472778,0.1780199110507965,-0.2237931489944458,0.18387356400489807,-0.16725486516952515
1.2309136420525657,7.856886612374783,0.6002100317357886,0.6002100317357886,0.7251406095875054,-1.163432240486145,1.7627899646759033,1.6772098541259766,-0.7260647416114807,0.17703959345817566,-0.24235239624977112,0.18314090371131897,-0.3030668795108795
1.2352941176470589,4.2767074404867085,-0.10873619001453305,-0.10873619001453305,-0.6709011473409654,-1.1557103395462036,1.778765320777893,1.6740293502807617,-0.6811648011207581,0.17597797513008118,-0.2460007667541504,0.1818133294582367,0.3134203255176544
1.2396745932415518,8.517645745889308,-0.929357434591521,-0.929357434591521,-0.7668611863978806,-1.147918462753296,1.7814594507217407,1.6710455417633057,-0.708706796169281,0.1749003678560257,-0.2295837700366974,0.18318626284599304,0.10007154941558838
1.244055068836045,5.019012289796924,-0.6149855503996371,-0.6149855503996371,0.3196890878900075,-1.1401147842407227,1.7898895740509033,1.6679410934448242,-0.7036111354827881,0.17389468848705292,-0.23432917892932892,0.18362462520599365,-0.03157304227352142
1.2484355444305382,5.716775127157098,-1.3292283598744445,-1.3292283598744445,-0.00780462886504002,-1.1322742700576782,1.7991770505905151,1.6648589372634888,-0.6947954297065735,0.17286822199821472,-0.26162463426589966,0.18348632752895355,0.2882999777793884
1.2528160200250311,7.244223436126514,-0.8679252387673628,-0.8679252387673628,0.13413167648121122,-1.1243929862976074,1.8076369762420654,1.6618154048919678,-0.6900849938392639,0.1717221885919571,-0.30021440982818604,0.18474921584129333,0.4610486626625061
1.2571964956195243,5.748137942872287,-1.1767658616767207,-1.1767658616767207,-1.145283040351011,-1.1164746284484863,1.8191648721694946,1.658792495727539,-0.6682556867599487,0.17040710151195526,-0.3294776380062103,0.18676882982254028,0.7541356086730957
1.2615769712140177,9.265449615963966,-0.3189914647094403,-0.3189914647094403,-0.19055623115835973,-1.1085058450698853,1.8212062120437622,1.65586519241333,-0.697859525680542,0.16896383464336395,-0.3303970396518707,0.19007229804992676,0.34190261363983154
1.2659574468085106,5.027821847002501,-1.3159765725254142,-1.3159765725254142,0.33859057582109653,-1.1005281209945679,1.8337445259094238,1.6528081893920898,-0.6689341068267822,0.1675165444612503,-0.33414775133132935,0.1915699988603592,0.530193567276001
1.2703379224030038,9.221848122414844,0.8971165068773976,0.8971165068773976,-0.26388773894102957,-1.0924954414367676,1.843168020248413,1.649877905845642,-0.6594792008399963,0.16605281829833984,-0.3824663460254669,0.1938924938440323,0.8600379228591919
1.2747183979974968,5.863231179423934,-0.06754393582729445,-0.06754393582729445,-0.9344215143745699,-1.0844215154647827,1.8552312850952148,1.646989107131958,-0.6331573128700256,0.16437743604183197,-0.3485613465309143,0.19765986502170563,1.0091594457626343
1.27909887359199,4.149316642950701,-2.1558397101455826,-2.1558397101455826,0.031379994570474246,-1.0762946605682373,1.8583431243896484,1.6442155838012695,-0.6553416848182678,0.16285057365894318,-0.3232457637786865,0.20208045840263367,0.7090277671813965
1.283479349186483,3.1561119792687697,-0.06851799891294091,-0.06851799891294091,-0.8792642738599463,-1.068154215812683,1.8646906614303589,1.6413449048995972,-0.6625925898551941,0.161434605717659,-0.38711950182914734,0.20518633723258972,0.8534021973609924
1.287859824780976,6.602148486389746,-0.5423506190441434,-0.5423506190441434,0.744967166589168,-1.0599859952926636,1.863908052444458,1.6384423971176147,-0.7057548761367798,0.15973883867263794,-0.36344313621520996,0.20892465114593506,0.4979782998561859
1.2922403003754692,6.997733551003295,-0.2696864099383353,-0.2696864099383353,-1.267623780040119,-1.051821231842041,1.878279685974121,1.6353508234024048,-0.6708379983901978,0.15814678370952606,-0.4010368883609772,0.21110603213310242,1.085636019706726
1.2966207759699624,5.853965817374109,1.1331000387683652,1.1331000387683652,-0.10433428456788724,-1.0435935258865356,1.8804237842559814,1.6324121952056885,-0.6935155987739563,0.15639005601406097,-0.3718939423561096,0.21586163341999054,0.6487442851066589
1.3010012515644556,7.377046980513377,-1.97229207400032,-1.97229207400032,-0.555464142875568,-1.0353564023971558,1.888234257698059,1.6293742656707764,-0.6905716061592102,0.15476098656654358,-0.33575692772865295,0.21870344877243042,0.7757009267807007
1.3053817271589487,6.830305504637183,0.19708877614527653,0.19708877614527653,0.3415917571858482,-1.0270850658416748,1.8951972723007202,1.6263492107391357,-0.6884812712669373,0.15329021215438843,-0.3771328032016754,0.2221013903617859,0.7172234654426575
1.3097622027534417,7.0531912712810785,-2.5306544290303883,-2.5306544290303883,0.0641738638284054,-1.0187832117080688,1.9073853492736816,1.6233333349227905,-0.6639036536216736,0.1516381949186325,-0.3813527524471283,0.22524316608905792,1.1038968563079834
1.3141426783479349,5.774114565258049,-0.49624360524897126,-0.49624360524897126,-0.28332846881011153,-1.0104279518127441,1.9181500673294067,1.6204251050949097,-0.6458696126937866,0.14996768534183502,-0.45712995529174805,0.23007875680923462,1.3544683456420898
1.318523153942428,6.798123021715891,-0.2604086302267439,-0.2604086302267439,-0.38581675107558394,-1.0020254850387573,1.9248014688491821,1.617595911026001,-0.6490715742111206,0.1479652374982834,-0.46334776282310486,0.23601196706295013,1.3864996433258057
1.322903629536921,7.081408905148,2.0535406416565714,2.0535406416565714,-0.12985574940388275,-0.9935939311981201,1.932114601135254,1.6147526502609253,-0.6467776298522949,0.1459355503320694,-0.45968544483184814,0.2420855015516281,1.3971607685089111
1.327284105131414,7.256855959219006,-1.7574099463610966,-1.7574099463610966,-0.42931762419478525,-0.9851303696632385,1.9416425228118896,1.6119194030761719,-0.6344268918037415,0.14392191171646118,-0.39592334628105164,0.2482057362794876,1.5482354164123535
1.331664580725907,7.7998023223291755,-3.240715248246269,-3.240715248246269,-1.1040065917308388,-0.9766250252723694,1.9492125511169434,1.6091402769088745,-0.629624605178833,0.14218758046627045,-0.4347078502178192,0.2549877464771271,1.5502690076828003
1.3360450563204005,4.745825035385079,-0.16651726259013638,-0.16651726259013638,-0.3642631156023633,-0.9680865406990051,1.952200174331665,1.6063822507858276,-0.6404687166213989,0.14028334617614746,-0.49710652232170105,0.26177865266799927,1.221232533454895
1.3404255319148937,7.218853803808235,-0.9920501873263744,-0.9920501873263744,-0.4770796451962597,-0.9595350027084351,1.9563446044921875,1.60357666015625,-0.6546922922134399,0.13810577988624573,-0.49133172631263733,0.26712822914123535,1.1792659759521484
1.3448060075093866,6.682531366873202,-1.0560073853960978,-1.0560073853960978,-0.47768526707864,-0.9509652853012085,1.962926983833313,1.6007088422775269,-0.6515727639198303,0.13595351576805115,-0.506370484828949,0.27229398488998413,1.1548848152160645
1.3491864831038798,5.3754691612765155,0.050431169397386844,0.050431169397386844,-1.765868348239175,-0.9423667192459106,1.9686269760131836,1.5978546142578125,-0.6529529690742493,0.13373537361621857,-0.5232593417167664,0.2773529291152954,1.1135449409484863
1.353566958698373,6.174470039085353,-2.1276343372146185,-2.1276343372146185,-0.2850509482182645,-0.9337431788444519,1.9614646434783936,1.5949944257736206,-0.7035688161849976,0.13144324719905853,-0.47021764516830444,0.28223079442977905,0.36842459440231323
1.357947434292866,6.90344448535411,1.0969318947736004,1.0969318947736004,0.9232332754175726,-0.9251510500907898,1.9675873517990112,1.5919125080108643,-0.7033832669258118,0.12938347458839417,-0.5240269303321838,0.2838446795940399,0.4103549122810364
1.362327909887359,8.506699905269247,1.1087514529007292,1.1087514529007292,-1.114431650946931,-0.9165320992469788,1.9851006269454956,1.5888313055038452,-0.6612319350242615,0.12708798050880432,-0.5189543962478638,0.28564223647117615,1.0968633890151978
1.3667083854818525,8.801295398263811,0.6518062272312213,0.6518062272312213,-0.11898690419237318,-0.9078364372253418,1.9872653484344482,1.5859347581863403,-0.6662228107452393,0.1248147115111351,-0.4540303945541382,0.29044702649116516,0.7825493812561035
1.3710888610763454,8.246132360424209,-1.4915071308886998,-1.4915071308886998,-0.6456661151482674,-0.8991312980651855,1.9982750415802002,1.5830163955688477,-0.6391906142234802,0.12282584607601166,-0.4315207898616791,0.29387497901916504,0.989693284034729
1.3754693366708386,8.373200055675497,-0.6955766529383861,-0.6955766529383861,-0.6946146730237519,-0.8903778791427612,2.003833293914795,1.580216407775879,-0.6324271559715271,0.1209355816245079,-0.4562220275402069,0.2982102930545807,0.9083705544471741
1.3798498122653315,6.31845707983821,1.9474902413706867,1.9474902413706867,-0.35155809648328806,-0.8816001415252686,2.0089497566223145,1.5774461030960083,-0.6260349750518799,0.11893711239099503,-0.4562501311302185,0.3021893799304962,0.8054261207580566
1.3842302878598247,7.941776645108538,-0.1332988844124785,-0.1332988844124785,-0.5282911281321148,-0.8727999925613403,2.014300584793091,1.5747038125991821,-0.6266602873802185,0.116938516497612,-0.38911062479019165,0.3057175278663635,0.8164448142051697
1.388610763454318,3.723442777421156,-2.3083364618963853,-2.3083364618963853,-0.3888903525038424,-0.8639764189720154,2.020077705383301,1.5719587802886963,-0.618945837020874,0.11523402482271194,-0.3775756061077118,0.3092939555644989,0.7855309844017029
1.3929912390488108,5.961102661715916,0.4120981017207133,0.4120981017207133,0.10547538904305581,-0.8551275134086609,2.021486282348633,1.5692474842071533,-0.6423388123512268,0.11358006298542023,-0.43362951278686523,0.3127349615097046,0.698184072971344
1.397371714643304,7.512543216303002,-0.5123811060622389,-0.5123811060622389,-0.6743060851484078,-0.8462724685668945,2.0304465293884277,1.5664337873458862,-0.6324976086616516,0.11168055981397629,-0.4246751666069031,0.31579333543777466,0.9332073330879211
1.4017521902377972,3.29171760994493,-0.6318015261638337,-0.6318015261638337,0.39963060825560687,-0.8373781442642212,2.034003496170044,1.563663125038147,-0.6326793432235718,0.10982028394937515,-0.41994643211364746,0.31988123059272766,0.8133456707000732
1.4061326658322904,8.62499199215781,-0.8384847734933562,-0.8384847734933562,0.4740304392253807,-0.8284682631492615,2.0423355102539062,1.5608917474746704,-0.6365208625793457,0.10798072069883347,-0.45006752014160156,0.32344406843185425,1.1187551021575928
1.4105131414267835,5.972048435821292,1.3567069094038609,1.3567069094038609,-0.35246205618663795,-0.8195218443870544,2.0584657192230225,1.5581034421920776,-0.59378582239151,0.10600920766592026,-0.48839712142944336,0.32834476232528687,1.623479962348938
1.4148936170212765,8.220751510066044,2.891471273026143,2.891471273026143,-0.9199531386855967,-0.8105047941207886,2.063300848007202,1.5555024147033691,-0.5975289344787598,0.10386979579925537,-0.43848398327827454,0.33545637130737305,1.6220468282699585
1.4192740926157696,7.137423075186572,0.39661686503827626,0.39661686503827626,-0.7320180461854606,-0.8014665842056274,2.065153121948242,1.5528849363327026,-0.5991333723068237,0.10194902867078781,-0.32717829942703247,0.3425617218017578,1.3955832719802856
1.4236545682102628,8.439071981452845,-0.20454973695304696,-0.20454973695304696,-0.3397788096479729,-0.7924202084541321,2.067190170288086,1.5502604246139526,-0.604209840297699,0.10051583498716354,-0.2942185699939728,0.34867504239082336,1.2328574657440186
1.4280350438047558,7.172859797089814,-0.10891963794711967,-0.10891963794711967,-0.17889087358530065,-0.7833649516105652,2.0748019218444824,1.5476137399673462,-0.5870241522789001,0.09922701865434647,-0.2902694642543793,0.35407555103302,1.3107966184616089
1.432415519399249,9.078221081169659,-2.992570806876835,-2.992570806876835,0.01669614143322934,-0.7742763161659241,2.082505702972412,1.5450422763824463,-0.5757395029067993,0.09795550256967545,-0.28822606801986694,0.3598174750804901,1.4332877397537231
1.436795994993742,7.557369726706975,-0.3829209117932734,-0.3829209117932734,-0.3891372681537604,-0.7651539444923401,2.094835042953491,1.54252028465271,-0.543037474155426,0.09669293463230133,-0.3761062026023865,0.36609596014022827,1.7130427360534668
1.4411764705882353,8.125617842034133,1.7923716981202356,1.7923716981202356,-1.0974360478755116,-0.7559775710105896,2.1009459495544434,1.5401414632797241,-0.5348189473152161,0.09504541009664536,-0.375924676656723,0.37359991669654846,1.737856388092041
1.4455569461827285,8.962648956226985,-0.6643632605432169,-0.6643632605432169,-0.6824009160901287,-0.746774435043335,2.099726438522339,1.5377986431121826,-0.5423241257667542,0.09339868277311325,-0.29153311252593994,0.3812125623226166,1.414127230644226
1.4499374217772214,6.357413819967561,-2.122296906260017,-2.122296906260017,-1.0858067957443989,-0.7375766634941101,2.1038637161254883,1.5354230403900146,-0.5308647155761719,0.09212163090705872,-0.2910063564777374,0.387407124042511,1.3283594846725464
1.4543178973717146,10.137032805037695,-0.6581246138588956,-0.6581246138588956,-0.5696063659515191,-0.7283607125282288,2.0997674465179443,1.5330976247787476,-0.5525031089782715,0.09084688127040863,-0.32127514481544495,0.3932259678840637,0.9571195840835571
1.4586983729662075,4.94893225119627,0.040264234298590884,0.040264234298590884,0.019813980940034448,-0.7191627025604248,2.1062464714050293,1.5306774377822876,-0.5280381441116333,0.08943954110145569,-0.32386016845703125,0.3974186182022095,0.9629482626914978
1.4630788485607007,2.6917391270101003,1.238061356418556,1.238061356418556,0.243199206730075,-0.7099363207817078,2.113039493560791,1.5283644199371338,-0.5296531915664673,0.08802087604999542,-0.3232629597187042,0.4016367793083191,1.11898934841156
1.467459324155194,9.270769085366137,2.881117304060991,2.881117304060991,-0.6426129813934891,-0.7006801962852478,2.119715690612793,1.526044249534607,-0.5436074137687683,0.08660483360290527,-0.2942098379135132,0.4065384864807129,1.3234424591064453
1.471839799749687,9.485806410948442,1.3659173138126774,1.3659173138126774,0.7008902053240498,-0.6913948059082031,2.1240792274475098,1.52366304397583,-0.5285225510597229,0.08531605452299118,-0.1913057416677475,0.4123357832431793,1.2645511627197266
1.4762202753441802,7.5676362946939655,-0.21305420987787788,-0.21305420987787788,-0.5535691206737411,-0.6820903420448303,2.145214080810547,1.5213478803634644,-0.47360894083976746,0.08447804301977158,-0.17188483476638794,0.41787511110305786,1.903376579284668
1.4806007509386734,7.370054110502753,-0.4105299476425942,-0.4105299476425942,0.7915129531438494,-0.6726933121681213,2.148775815963745,1.519273281097412,-0.47028082609176636,0.08372510224580765,-0.16194072365760803,0.4262128174304962,1.839349389076233
1.4849812265331663,6.252798818095724,-2.182175500591903,-2.182175500591903,-1.2402844990939041,-0.6632806658744812,2.169135570526123,1.517213225364685,-0.43070873618125916,0.08301572501659393,-0.19704419374465942,0.43427005410194397,2.461740493774414
1.4893617021276595,7.3158941148001,-3.556265609637255,-3.556265609637255,-0.5053673640954203,-0.6537787914276123,2.1624813079833984,1.5153264999389648,-0.4577748477458954,0.08215257525444031,-0.22455039620399475,0.4450536370277405,2.0043938159942627
1.493742177722153,5.635065782014937,-2.7514072982265274,-2.7514072982265274,-0.9361197007640448,-0.6443061232566833,2.1661696434020996,1.5133212804794312,-0.45530837774276733,0.08116893470287323,-0.3136463165283203,0.45383384823799133,1.9555633068084717
1.4981226533166456,8.375706888594976,0.28600500305300575,0.28600500305300575,-0.7140412355948129,-0.6348172426223755,2.1616952419281006,1.511326789855957,-0.4785921275615692,0.07979501783847809,-0.366658478975296,0.4624001383781433,1.635641098022461
1.5025031289111388,3.6799038910466746,-1.0121571796975894,-1.0121571796975894,-0.8175410702083623,-0.6253479719161987,2.16335391998291,1.509230375289917,-0.47314903140068054,0.07818888127803802,-0.3374539613723755,0.4695650339126587,1.5080980062484741
1.506883604505632,6.643733004590684,-0.5348185270422683,-0.5348185270422683,-0.14454637438293116,-0.6158714294433594,2.1572186946868896,1.507157802581787,-0.5088822841644287,0.07671067118644714,-0.34313738346099854,0.47617122530937195,1.1921550035476685
1.5112640801001251,8.36557827068411,-0.8444685934403866,-0.8444685934403866,-0.7261162282593219,-0.6064217686653137,2.1640994548797607,1.504928708076477,-0.5018016695976257,0.07520756870508194,-0.3545345664024353,0.481393426656723,1.3069651126861572
1.5156445556946183,7.818014859650186,2.169281395853173,2.169281395853173,0.5315816831957121,-0.5969420075416565,2.164891004562378,1.5027306079864502,-0.49670517444610596,0.07365453988313675,-0.3579908311367035,0.48711854219436646,1.170567512512207
1.5200250312891113,7.611789486070076,0.7433061918993404,0.7433061918993404,0.3959228708306375,-0.5874587297439575,2.1829545497894287,1.5005548000335693,-0.4616708755493164,0.07208637148141861,-0.31016480922698975,0.49224618077278137,1.6657794713974
1.5244055068836044,5.776978311571236,-2.5283507651699724,-2.5283507651699724,0.7475835232027144,-0.5778963565826416,2.1991305351257324,1.4985324144363403,-0.43228745460510254,0.07072769850492477,-0.30002012848854065,0.49954310059547424,2.0846331119537354
1.5287859824780976,8.68679728886616,0.7583840381774616,0.7583840381774616,-0.4897684080582667,-0.5682631134986877,2.218597173690796,1.4966387748718262,-0.40859100222587585,0.06941346824169159,-0.3956877887248993,0.5086748003959656,2.6321945190429688
1.5331664580725906,5.604192602100724,0.2365352383033838,0.2365352383033838,0.2395604151903719,-0.5585445761680603,2.223931312561035,1.4948489665985107,-0.39524057507514954,0.06768016517162323,-0.35923779010772705,0.5202050805091858,2.6230244636535645
1.5375469336670835,4.361923259152128,0.9205103843139428,0.9205103843139428,0.18026891697960135,-0.5488026738166809,2.2363569736480713,1.4931175708770752,-0.3873428702354431,0.06610653549432755,-0.3593261241912842,0.5316951870918274,2.9022812843322754
1.541927409261577,6.135080003501152,1.8285256396428804,1.8285256396428804,-1.3274748675670578,-0.5390063524246216,2.2466788291931152,1.491420865058899,-0.3914220333099365,0.06453251838684082,-0.3377087116241455,0.5444085597991943,3.1156671047210693
1.54630788485607,6.981262040009649,-2.3257604655945814,-2.3257604655945814,-0.5629086440221603,-0.5291648507118225,2.2354683876037598,1.48970627784729,-0.42143186926841736,0.0630531907081604,-0.2455434799194336,0.558056652545929,2.600144863128662
1.5506883604505632,6.515396247481208,-2.758903233424259,-2.758903233424259,-1.8965784526880025,-0.5193724632263184,2.2367262840270996,1.4878602027893066,-0.42405423521995544,0.06197759509086609,-0.29702433943748474,0.5694465041160583,2.5001471042633057
1.5550688360450562,2.604946259603545,-1.5380387428729982,-1.5380387428729982,-0.08690364525758382,-0.5095745325088501,2.2148754596710205,1.4860026836395264,-0.4651121497154236,0.06067648530006409,-0.32220694422721863,0.5803983211517334,1.6992661952972412
1.5594493116395494,6.848119194888771,-0.37658115387713265,-0.37658115387713265,-0.7315757560491942,-0.4998723268508911,2.2173898220062256,1.483965277671814,-0.48992854356765747,0.05926506593823433,-0.36458468437194824,0.5878419280052185,1.7244163751602173
1.5638297872340423,6.044679307413566,-0.3923544123875845,-0.3923544123875845,0.6997508338235707,-0.4901590943336487,2.214282751083374,1.4818191528320312,-0.49751532077789307,0.057668011635541916,-0.3542177081108093,0.5953956842422485,1.5304303169250488
1.5682102628285357,5.819165004474471,-0.9506046390983962,-0.9506046390983962,-0.3682706757356723,-0.4804594814777374,2.234652519226074,1.4796397686004639,-0.47476524114608765,0.05611636862158775,-0.3861106336116791,0.6020997166633606,2.0514256954193115
1.5725907384230289,5.134103333161299,0.2760146187654572,0.2760146187654572,0.5614003278016747,-0.4706706404685974,2.236515998840332,1.477560043334961,-0.48146283626556396,0.05442501977086067,-0.4031166434288025,0.6110859513282776,2.0155062675476074
1.5769712140175218,5.551829808753555,-0.05588024550831047,-0.05588024550831047,-0.6396057830492583,-0.46087363362312317,2.2538533210754395,1.4754509925842285,-0.4700741469860077,0.05265917629003525,-0.4114508032798767,0.6199148297309875,2.4394867420196533
1.581351689612015,4.589050987421921,0.8083383808733448,0.8083383808733448,0.46761418818030315,-0.4510006904602051,2.25063157081604,1.4733918905258179,-0.48607075214385986,0.0508568249642849,-0.39440417289733887,0.6306009292602539,2.254802942276001
1.5857321652065082,7.4326357554359275,-1.7138844604139107,-1.7138844604139107,-0.32978825126585587,-0.44114184379577637,2.2659926414489746,1.4712626934051514,-0.48188549280166626,0.049129147082567215,-0.3844539523124695,0.6404780149459839,2.6143996715545654
1.5901126408010011,7.674781093411413,0.6788282129905112,0.6788282129905112,-1.0264471196271174,-0.43121570348739624,2.2706146240234375,1.4691518545150757,-0.4755033850669861,0.04744505509734154,-0.424873948097229,0.6519303321838379,2.635328531265259
1.5944931163954943,7.501204509960886,1.2622877747394063,1.2622877747394063,0.3308224712983937,-0.42126932740211487,2.2623438835144043,1.4670689105987549,-0.48446136713027954,0.045583903789520264,-0.37507450580596924,0.6634743213653564,2.3018558025360107
1.5988735919899877,9.08932253717917,0.8007728496829359,0.8007728496829359,0.34271599246214735,-0.41135919094085693,2.2790074348449707,1.4649467468261719,-0.4614044427871704,0.04394089803099632,-0.3478727638721466,0.6735575199127197,2.661339044570923
1.6032540675844804,6.302930947597388,0.29222856691559085,0.29222856691559085,-0.5163360957067382,-0.40137606859207153,2.2982382774353027,1.4629255533218384,-0.4261447787284851,0.042417049407958984,-0.33449605107307434,0.6852154731750488,3.0650527477264404
1.6076345431789736,6.905897452630842,0.2588245512653329,0.2588245512653329,-0.9163059165463272,-0.3913086950778961,2.297752618789673,1.4610588550567627,-0.43386954069137573,0.040951795876026154,-0.31088340282440186,0.698641836643219,2.9550836086273193
1.6120150187734668,7.042007542800566,-0.4806203492849054,-0.4806203492849054,-0.5991615809136939,-0.38124343752861023,2.28969407081604,1.4591583013534546,-0.4463110566139221,0.039589978754520416,-0.27656587958335876,0.7115865349769592,2.65208101272583
1.61639549436796,10.554611101526755,-0.7006102855873659,-0.7006102855873659,-0.625955779874893,-0.37121349573135376,2.287531614303589,1.4572032690048218,-0.4499317407608032,0.03837848827242851,-0.27310410141944885,0.7232038974761963,2.513854742050171
1.620775969962453,7.01887860289356,-0.6511364042421812,-0.6511364042421812,0.051367264639545385,-0.3611930310726166,2.2887063026428223,1.4552323818206787,-0.42692556977272034,0.03718216344714165,-0.2752842605113983,0.7342157959938049,2.444202423095703
1.625156445556946,5.896714334429439,0.7608297289513329,0.7608297289513329,-0.13527169061884242,-0.3511674106121063,2.2993671894073486,1.453362226486206,-0.4156609773635864,0.035976286977529526,-0.29579958319664,0.7449225783348083,2.6370809078216553
1.6295369211514392,5.412027721111951,-2.1180179938330883,-2.1180179938330883,-1.3207993786796477,-0.34109508991241455,2.3049204349517822,1.4515414237976074,-0.41760966181755066,0.03468054533004761,-0.2696305811405182,0.7564742565155029,2.7058069705963135
1.6339173967459324,8.39080783906731,-0.609336799220846,-0.609336799220846,0.3084671259661497,-0.3309984505176544,2.284712791442871,1.4497120380401611,-0.45011505484580994,0.03349943459033966,-0.2929118871688843,0.768326997756958,2.151057481765747
1.6382978723404251,8.250036012446314,1.017621126332395,1.017621126332395,-0.45000213685705603,-0.32099032402038574,2.3021183013916016,1.4477403163909912,-0.4229356348514557,0.03221634030342102,-0.31971466541290283,0.7777496576309204,2.5024662017822266
1.6426783479349183,8.386364018428473,-1.0392377847868421,-1.0392377847868421,-0.2613162025762902,-0.31090596318244934,2.303191900253296,1.4458876848220825,-0.4140670597553253,0.030815837904810905,-0.2768554091453552,0.788711667060852,2.4581005573272705
1.6470588235294117,6.685230896469296,-1.5160084710204076,-1.5160084710204076,0.4980269642481222,-0.3008168935775757,2.3083205223083496,1.4440739154815674,-0.4000895619392395,0.029603078961372375,-0.2995731830596924,0.7994793057441711,2.511838912963867
1.6514392991239049,7.288648133676594,-2.143369379791579,-2.143369379791579,-1.5191196534571398,-0.2907053530216217,2.3282248973846436,1.4423213005065918,-0.3828193247318268,0.028290806338191032,-0.35838940739631653,0.810482382774353,2.916811466217041
1.655819774718398,7.633660579879372,-2.4807239189772217,-2.4807239189772217,-0.6600253566660206,-0.28050661087036133,2.3040544986724854,1.440644383430481,-0.40466874837875366,0.026720890775322914,-0.37661948800086975,0.8232594132423401,2.2941648960113525
1.660200250312891,6.298065078733462,2.100864985849869,2.100864985849869,-1.0320468865986359,-0.27041375637054443,2.2986512184143066,1.4388717412948608,-0.40499478578567505,0.025071118026971817,-0.429789662361145,0.8333089351654053,2.119218587875366
1.6645807259073842,9.41031862237347,-0.8891577684617121,-0.8891577684617121,-0.45455191696191877,-0.26034456491470337,2.2828526496887207,1.4370976686477661,-0.42295601963996887,0.023188434541225433,-0.3382987082004547,0.8425921201705933,1.7221217155456543
1.668961201501877,6.423771770124764,0.6965495270649308,0.6965495270649308,0.8642034150455469,-0.25034457445144653,2.283233642578125,1.4352449178695679,-0.40529876947402954,0.02170652523636818,-0.35099056363105774,0.8501358032226562,1.6866220235824585
1.6733416770963705,8.26223856207413,-0.675510046954737,-0.675510046954737,-0.46161306173330874,-0.24034292995929718,2.3107919692993164,1.433469533920288,-0.3831246793270111,0.02016901969909668,-0.3558865785598755,0.857524037361145,2.2660787105560303
1.6777221526908634,10.993753387509498,-0.24601102950641857,-0.24601102950641857,-0.5698763360428309,-0.23022055625915527,2.3097546100616455,1.4317913055419922,-0.3747475743293762,0.018610067665576935,-0.36213305592536926,0.8674505352973938,2.199326753616333
1.6821026282853566,7.79674991596986,-1.9975938900375771,-1.9975938900375771,0.2723066475657414,-0.2201027274131775,2.3087849617004395,1.4301496744155884,-0.3481893539428711,0.017023753374814987,-0.3526751697063446,0.8770846128463745,2.13043475151062
1.6864831038798498,7.060631658373831,0.17481204114190235,0.17481204114190235,-1.1710000742541273,-0.20998914539813995,2.3241658210754395,1.4286243915557861,-0.32876071333885193,0.015478868037462234,-0.4189634621143341,0.8864169120788574,2.427995443344116
1.690863579474343,7.972420185299776,-0.7973369485474577,-0.7973369485474577,0.2933972424683886,-0.19980819523334503,2.3043580055236816,1.4271842241287231,-0.34349051117897034,0.013643608428537846,-0.3796614706516266,0.8970527052879333,1.9654215574264526
1.695244055068836,6.535676917059757,3.1726816607648387,3.1726816607648387,-1.0699880640265294,-0.18971401453018188,2.3201446533203125,1.4256795644760132,-0.3226678669452667,0.01198051031678915,-0.41151437163352966,0.9056621789932251,2.272984504699707
1.699624530663329,7.716632659566926,-0.08224600386783343,-0.08224600386783343,0.8666203464059528,-0.1795506775379181,2.3014514446258545,1.4242660999298096,-0.3389315903186798,0.010177881456911564,-0.28761497139930725,0.9156189560890198,1.8484386205673218
1.7040050062578225,7.900711586058161,-3.0648375730602857,-3.0648375730602857,-1.7660186798390871,-0.1694692224264145,2.3307831287384033,1.4227814674377441,-0.30953121185302734,0.008917991071939468,-0.3153248727321625,0.9237160086631775,2.4421615600585938
1.7083854818523152,5.965097944188459,0.007318464421624579,0.007318464421624579,1.3560794901227688,-0.15925928950309753,2.295764207839966,1.4214255809783936,-0.3286893963813782,0.007536718156188726,-0.353254497051239,0.9344138503074646,1.6814688444137573
1.7127659574468084,6.081681238234522,-0.34232229776730816,-0.34232229776730816,-0.4582436461958738,-0.14920274913311005,2.3355770111083984,1.4199857711791992,-0.3036783039569855,0.005989295430481434,-0.3926425874233246,0.9417794942855835,2.490748643875122
1.7171464330413015,6.898056982007097,0.3061000716718362,0.3061000716718362,-0.3991482607540885,-0.13897180557250977,2.3307361602783203,1.418655514717102,-0.31188032031059265,0.0042693340219557285,-0.3892573118209839,0.9526901841163635,2.3662538528442383
1.7215269086357947,6.5148277077633505,-1.1406421524566022,-1.1406421524566022,-0.23701951858768444,-0.12876206636428833,2.327810049057007,1.41728937625885,-0.3129577338695526,0.002564201829954982,-0.3686618208885193,0.9630554914474487,2.2849957942962646
1.725907384230288,8.343029662050235,1.051717167178389,1.051717167178389,1.1663797122842925,-0.1185651496052742,2.328378200531006,1.4159184694290161,-0.313914030790329,0.0009492876706644893,-0.3950504660606384,0.9730648398399353,2.2783608436584473
1.7302878598247808,5.601540200324172,-0.050445720538553146,-0.050445720538553146,0.1750422243115511,-0.1083657443523407,2.366227865219116,1.4145433902740479,-0.2772635519504547,-0.0007812213152647018,-0.3983989655971527,0.9830451607704163,3.0245773792266846
1.734668335419274,6.248057519545768,-4.077939598184694,-4.077939598184694,-0.5715887317713371,-0.09800054132938385,2.3768296241760254,1.4133288860321045,-0.2787524163722992,-0.0025263982824981213,-0.4049839377403259,0.9962942600250244,3.210679054260254
1.7390488110137672,3.369195603825906,-0.7237022417020642,-0.7237022417020642,-0.6199822181676928,-0.08758889883756638,2.3686301708221436,1.4121078252792358,-0.2885989844799042,-0.004300420638173819,-0.507380485534668,1.0103585720062256,3.020824670791626
1.74342928660826,8.320893392901272,-2.029705667446762,-2.029705667446762,0.18443246158025173,-0.07721316814422607,2.3563671112060547,1.4108436107635498,-0.3196103572845459,-0.006522988434880972,-0.510409414768219,1.0235912799835205,2.7564597129821777
1.7478097622027533,7.195491879298888,0.1364381973351475,0.1364381973351475,-0.9734688736641952,-0.0668911561369896,2.3687052726745605,1.4094436168670654,-0.3017919063568115,-0.008758824318647385,-0.5750692486763,1.0356658697128296,2.983905076980591
1.7521902377972465,8.849876949074284,1.9229543844022141,1.9229543844022141,-1.0322023954081536,-0.056515101343393326,2.349357843399048,1.4081215858459473,-0.3108067214488983,-0.011277901008725166,-0.542656421661377,1.048736810684204,2.59423828125
1.7565707133917396,7.214065224074096,-0.3564668158699065,-0.3564668158699065,0.13383514354899137,-0.04622379690408707,2.3288702964782715,1.4067600965499878,-0.3083129823207855,-0.01365499384701252,-0.4563564658164978,1.060100793838501,2.1963131427764893
1.7609511889862328,9.016576746165452,-0.8956130235258424,-0.8956130235258424,-0.26468128052444534,-0.03602223843336105,2.3380157947540283,1.405409574508667,-0.29922670125961304,-0.015654051676392555,-0.4706748425960541,1.0697216987609863,2.37162446975708
1.7653316645807258,6.398795995197063,-0.747197221639947,-0.747197221639947,0.037415435154123405,-0.02578061819076538,2.3374574184417725,1.4040988683700562,-0.28365835547447205,-0.017715830355882645,-0.48910003900527954,1.0801105499267578,2.365372896194458
1.769712140175219,6.169585582817897,-0.8542608788608684,-0.8542608788608684,-0.7951277798427046,-0.015541442669928074,2.343189001083374,1.4028563499450684,-0.2822417616844177,-0.01985832117497921,-0.5120131969451904,1.0904719829559326,2.4747819900512695
1.774092615769712,6.037928838234292,0.4259543763592386,0.4259543763592386,-0.1978062170733959,-0.005277160555124283,2.3258254528045654,1.4016200304031372,-0.2945876717567444,-0.022101182490587234,-0.513740062713623,1.1013127565383911,2.149972438812256
1.778473091364205,8.360455738103589,-0.07735268602390052,-0.07735268602390052,0.7118564717533218,0.004911061376333237,2.3243563175201416,1.40032958984375,-0.2990315556526184,-0.024351608008146286,-0.4955242872238159,1.1107306480407715,2.1288504600524902
1.7828535669586982,11.162445784762834,1.9739605774186675,1.9739605774186675,-0.1442245597172255,0.015092847868800163,2.349123239517212,1.399019718170166,-0.2747485637664795,-0.026522239670157433,-0.518571674823761,1.1200560331344604,2.604656219482422
1.7872340425531914,8.303134685456085,-0.20770234980618182,-0.20770234980618182,-0.5414096975476062,0.025383125990629196,2.351592540740967,1.3978161811828613,-0.24326907098293304,-0.028793830424547195,-0.4567139446735382,1.1314656734466553,2.6724400520324707
1.7916145181476846,6.580952088870813,-0.13579701785352655,-0.13579701785352655,-0.24115194192797035,0.03568422049283981,2.341215133666992,1.396750569343567,-0.2371925413608551,-0.030794454738497734,-0.4469686448574066,1.143172264099121,2.496021032333374
1.7959949937421775,4.230372087144416,1.5919936010059983,1.5919936010059983,0.6118828777177243,0.0459398552775383,2.3380563259124756,1.3957115411758423,-0.23899990320205688,-0.0327523909509182,-0.4438919425010681,1.1541060209274292,2.450451612472534
1.8003754693366707,6.174776521582711,2.5029846780051983,2.5029846780051983,-0.7669028934621058,0.0561816543340683,2.3577651977539062,1.3946646451950073,-0.24642008543014526,-0.03469684720039368,-0.4152696132659912,1.1648402214050293,2.8146445751190186
1.804755944931164,11.263785615149686,-1.026603390702395,-1.026603390702395,1.1272504926651938,0.06650979071855545,2.3391947746276855,1.393585205078125,-0.2579469084739685,-0.03651592507958412,-0.31977853178977966,1.177169680595398,2.4888691902160645
1.809136420525657,6.073065055538322,-0.19444565197797103,-0.19444565197797103,-1.7539112380398267,0.07675657421350479,2.3760242462158203,1.3924552202224731,-0.21131503582000732,-0.03791670873761177,-0.3826778829097748,1.1880720853805542,3.191296100616455
1.81351689612015,8.893882939476427,-0.9467022674159787,-0.9467022674159787,0.28402919036143287,0.08716469258069992,2.328714609146118,1.3915295600891113,-0.23520222306251526,-0.03959301859140396,-0.33713653683662415,1.2020515203475952,2.35129976272583
1.8178973717146432,5.452396531416719,-0.024131342416231355,-0.024131342416231355,-0.21196977420119478,0.09736557304859161,2.3400654792785645,1.390499234199524,-0.21527895331382751,-0.04106983542442322,-0.3730778098106384,1.2123513221740723,2.586507797241211
1.8222778473091363,8.02509181051297,-0.2767617093193747,-0.2767617093193747,-0.3164149778794002,0.10761617124080658,2.336012125015259,1.3895561695098877,-0.22482284903526306,-0.04270409420132637,-0.36759233474731445,1.2236814498901367,2.5299346446990967
1.8266583229036293,11.978945926164897,-0.976536934681138,-0.976536934681138,-0.32587907675759625,0.11784901469945908,2.3293018341064453,1.3885713815689087,-0.2178111970424652,-0.04431432485580444,-0.36643433570861816,1.234763741493225,2.44132399559021
1.831038798498123,8.454813946967652,-0.7551775761745255,-0.7551775761745255,-0.7246376683996397,0.1280524581670761,2.322809934616089,1.3876172304153442,-0.18380871415138245,-0.04591948166489601,-0.3854356110095978,1.2454578876495361,2.379990339279175
1.835419274092616,6.034573435934293,0.5430071333238953,0.5430071333238953,0.6261933800323636,0.13822747766971588,2.3035714626312256,1.3868120908737183,-0.17774467170238495,-0.047607872635126114,-0.38632747530937195,1.2558833360671997,2.0788214206695557
1.8397997496871088,4.231013965688163,-0.8774039209141813,-0.8774039209141813,-0.09578745636836206,0.14831821620464325,2.3232364654541016,1.386033535003662,-0.17475540935993195,-0.0493001714348793,-0.38875678181648254,1.2649896144866943,2.4506750106811523
1.844180225281602,7.477234022141464,1.0255423573148184,1.0255423573148184,0.5111769594338885,0.15849509835243225,2.321399450302124,1.385267972946167,-0.19139303267002106,-0.0510031096637249,-0.41158246994018555,1.2757247686386108,2.434526205062866
1.848560700876095,7.483012162219362,-0.2389958440038176,-0.2389958440038176,-0.7861953126717743,0.16866393387317657,2.3376481533050537,1.3844295740127563,-0.1805713176727295,-0.05280603840947151,-0.3965613842010498,1.2863891124725342,2.7537178993225098
1.852941176470588,5.546665806682337,0.18109762983763078,0.18109762983763078,0.2717170856519671,0.17890393733978271,2.3153038024902344,1.383638620376587,-0.18163767457008362,-0.05454316735267639,-0.38058143854141235,1.2984516620635986,2.4018468856811523
1.8573216520650813,6.831549684082928,0.20903180281870257,0.20903180281870257,-1.3235756811191255,0.18904606997966766,2.323934316635132,1.382843017578125,-0.18634195625782013,-0.056210294365882874,-0.3832278251647949,1.3089728355407715,2.57887601852417
1.8617021276595744,7.358902171610158,-3.3057567590800208,-3.3057567590800208,-0.19370393030386462,0.1992260068655014,2.2847988605499268,1.3820267915725708,-0.19552002847194672,-0.05788901448249817,-0.33847081661224365,1.3202695846557617,1.9402064085006714
1.866082603254068,6.936582508277733,-0.6650346721343204,-0.6650346721343204,0.7763751708742036,0.20923450589179993,2.2789406776428223,1.3811702728271484,-0.19138005375862122,-0.05937167629599571,-0.42935264110565186,1.3287686109542847,1.8839913606643677
1.8704630788485608,5.697093318004437,1.7486002311485613,1.7486002311485613,-0.19681373680708159,0.21921734511852264,2.3020031452178955,1.3803319931030273,-0.18284688889980316,-0.061252444982528687,-0.4714463949203491,1.3370213508605957,2.3228795528411865
1.8748435544430535,8.000783516169415,-3.1326754049647607,-3.1326754049647607,-0.8192045145437393,0.22930121421813965,2.295855760574341,1.3795310258865356,-0.1903330236673355,-0.06331760436296463,-0.4146341383457184,1.3471966981887817,2.251739740371704
1.879224030037547,8.095922145425124,-0.8520720452812687,-0.8520720452812687,-0.826089735035579,0.23935815691947937,2.2703909873962402,1.3786972761154175,-0.1865406334400177,-0.06513389945030212,-0.48219484090805054,1.357060432434082,1.8692365884780884
1.88360450563204,8.440315126354236,0.896792786001967,0.896792786001967,0.3184450682968384,0.24930354952812195,2.244288444519043,1.3778800964355469,-0.18157508969306946,-0.06724613904953003,-0.48295360803604126,1.3652485609054565,1.4807668924331665
1.887984981226533,4.538580935567294,0.4235890325743373,0.4235890325743373,-1.1742261242473688,0.25913459062576294,2.252384901046753,1.377084732055664,-0.16659893095493317,-0.06936170905828476,-0.4660640358924866,1.3717349767684937,1.680785894393921
1.8923654568210264,7.073955142472726,-0.6946214984638156,-0.6946214984638156,1.0928001356345192,0.2690010964870453,2.2159125804901123,1.3763549327850342,-0.187122642993927,-0.07140329480171204,-0.4194027781486511,1.379097580909729,1.0940704345703125
1.8967459324155196,6.901876307272749,2.839505864891162,2.839505864891162,0.18052170446565402,0.2787078619003296,2.247333288192749,1.375535249710083,-0.17669233679771423,-0.0732404813170433,-0.4716011583805084,1.383890151977539,1.6832443475723267
1.9011264080100123,5.7553789956379875,-1.6153375325790327,-1.6153375325790327,0.002966078029723457,0.28855225443840027,2.2510223388671875,1.3747612237930298,-0.17326517403125763,-0.07530631870031357,-0.3939504027366638,1.3912636041641235,1.8004416227340698
1.9055068836045053,4.687790870550822,-0.61310268125407,-0.61310268125407,-0.15676043913614252,0.2984127998352051,2.2494757175445557,1.37400221824646,-0.17865504324436188,-0.07703200727701187,-0.441210001707077,1.3991503715515137,1.8204853534698486
1.9098873591989989,11.300385090277146,-0.45248238808409436,-0.45248238808409436,0.6926942227868568,0.3082665801048279,2.2432568073272705,1.373219609260559,-0.1920584738254547,-0.0789647176861763,-0.45453664660453796,1.4071249961853027,1.753429651260376
1.914267834793492,8.98606133838727,0.19895606183004624,0.19895606183004624,-0.5668335990467507,0.31809312105178833,2.2603390216827393,1.3723783493041992,-0.15705405175685883,-0.08095580339431763,-0.4879794418811798,1.4148058891296387,2.139814615249634
1.9186483103879848,7.944197887130157,2.612395758489948,2.612395758489948,-0.6290639198037334,0.3279944956302643,2.2396082878112793,1.3716903924942017,-0.14411821961402893,-0.08309338241815567,-0.4656159579753876,1.4241793155670166,1.8686580657958984
1.923028785982478,8.676574488114346,-0.65924354898577,-0.65924354898577,0.713150512985812,0.33780503273010254,2.2170352935791016,1.3710590600967407,-0.13800005614757538,-0.08513300120830536,-0.37095504999160767,1.4323649406433105,1.5602092742919922
1.9274092615769711,7.231173150139331,1.1256910973029994,1.1256910973029994,0.7486589139358991,0.3475167155265808,2.234903573989868,1.3704545497894287,-0.12089207023382187,-0.08675795793533325,-0.4110333025455475,1.439199447631836,1.9418606758117676
1.9317897371714643,8.410002686388221,-0.09739648329583853,-0.09739648329583853,-0.827145520809225,0.35730665922164917,2.2544093132019043,1.3699250221252441,-0.11377210170030594,-0.08855848014354706,-0.4000227749347687,1.4477057456970215,2.3375327587127686
1.9361702127659572,5.050862231707376,-1.8525980557905566,-1.8525980557905566,0.3218842953874397,0.36718204617500305,2.2247848510742188,1.3694266080856323,-0.10547663271427155,-0.09031076729297638,-0.3787117898464203,1.4579452276229858,1.9204323291778564
1.9405506883604504,9.064128813639355,0.2824489778269851,0.2824489778269851,0.5913637438334759,0.3769276738166809,2.231961727142334,1.3689645528793335,-0.11478019505739212,-0.09196970611810684,-0.4422135651111603,1.4663575887680054,2.08976149559021
1.944931163954944,7.2962578190740786,0.022791071709955618,0.022791071709955618,0.11601741964913018,0.3867047429084778,2.2449352741241455,1.3684617280960083,-0.09687932580709457,-0.09390681236982346,-0.4512348473072052,1.4755117893218994,2.3978796005249023
1.9493116395494368,8.790498765714261,-1.7361887361208477,-1.7361887361208477,-0.5962993524670814,0.3965386152267456,2.244114398956299,1.3680373430252075,-0.0926547572016716,-0.09588343650102615,-0.45395734906196594,1.4860156774520874,2.4579532146453857
1.9536921151439297,7.3106173903804486,2.0328937253489308,2.0328937253489308,-0.34923723249839456,0.4063689112663269,2.2200927734375,1.367631435394287,-0.0805351585149765,-0.09787198901176453,-0.48724573850631714,1.496782660484314,2.1477696895599365
1.9580725907384229,8.749572367755336,0.01679514124607545,0.01679514124607545,-0.488180611480595,0.41609397530555725,2.204334020614624,1.3672786951065063,-0.07710408419370651,-0.1000063568353653,-0.41767996549606323,1.5061908960342407,1.962477684020996
1.962453066332916,6.91940594068215,0.7652153308895513,0.7652153308895513,-0.12266716820285418,0.4257500171661377,2.182945728302002,1.366940975189209,-0.06414177268743515,-0.10183599591255188,-0.4029330611228943,1.5147874355316162,1.701430082321167
1.9668335419274088,5.078574111644729,0.18790469543872887,0.18790469543872887,0.13653333961992575,0.4353123605251312,2.1739306449890137,1.3666599988937378,-0.062293943017721176,-0.10360103100538254,-0.37700408697128296,1.5222405195236206,1.6284396648406982
1.9712140175219024,6.489907712835583,-1.7917702672765505,-1.7917702672765505,0.0028422644420739857,0.44483521580696106,2.1741669178009033,1.366387128829956,-0.07215506583452225,-0.10525248944759369,-0.37550386786460876,1.5293738842010498,1.690130591392517
1.9755944931163956,7.193208606191133,-2.9078372555031655,-2.9078372555031655,0.1464718300809817,0.45435911417007446,2.1689789295196533,1.366071105003357,-0.07294033467769623,-0.10689737647771835,-0.42791223526000977,1.5367774963378906,1.6787935495376587
1.9799749687108883,6.450920347948948,0.8538394476088007,0.8538394476088007,-1.0923603242699051,0.46386027336120605,2.167449951171875,1.3657516241073608,-0.06891880184412003,-0.10877183824777603,-0.5171077251434326,1.5441313982009888,1.73804771900177
1.9843554443053817,6.890868605346256,1.4188379128332624,1.4188379128332624,-0.36818584315856295,0.4733547270298004,2.1280603408813477,1.3654497861862183,-0.07092048972845078,-0.11103701591491699,-0.46027252078056335,1.551744818687439,1.1589908599853516
1.9887359198998744,4.532448702628171,0.6806996928024848,0.6806996928024848,-0.10572590164948203,0.4826766550540924,2.1104257106781006,1.365139126777649,-0.06889361143112183,-0.11305322498083115,-0.40808576345443726,1.5568217039108276,0.9497578740119934
1.993116395494368,9.59533447419521,0.9988727319258361,0.9988727319258361,0.9854741130196037,0.4919213354587555,2.10292387008667,1.3648372888565063,-0.08217950910329819,-0.11484083533287048,-0.38511964678764343,1.56098210811615,0.8814325928688049
1.997496871088861,4.038751955568124,-0.8797624707076059,-0.8797624707076059,-1.147521573379682,0.501133143901825,2.124211072921753,1.364477276802063,-0.06161767244338989,-0.11652784049510956,-0.3847283720970154,1.5648431777954102,1.3579641580581665
2.001877346683354,5.719303598711357,-1.5188604112331139,-1.5188604112331139,1.1277237962584983,0.5104382038116455,2.0847766399383545,1.36420738697052,-0.07858654111623764,-0.11821313202381134,-0.37690895795822144,1.5707917213439941,0.7530714869499207
2.0062578222778478,6.057708094064398,-0.6188243390832825,-0.6188243390832825,0.6053409452806789,0.519570529460907,2.1139066219329834,1.3638631105422974,-0.08389882743358612,-0.11986417323350906,-0.45419761538505554,1.5740904808044434,1.313127040863037
2.0106382978723403,7.992576540367303,-0.9905039334271157,-0.9905039334271157,0.2363011997105393,0.5288304686546326,2.126420259475708,1.3634955883026123,-0.08734345436096191,-0.1218537762761116,-0.489947110414505,1.5798425674438477,1.601938247680664
2.015018773466833,7.938184520406443,1.139144258380751,1.139144258380751,-0.4644922306571665,0.5381451845169067,2.125316858291626,1.3631129264831543,-0.07822518795728683,-0.12399997562170029,-0.5257737040519714,1.5868598222732544,1.6914016008377075
2.0193992490613266,7.541976851792222,-0.010580518000276734,-0.010580518000276734,0.19721246788730137,0.5474550724029541,2.1023499965667725,1.3627703189849854,-0.06924530863761902,-0.12630312144756317,-0.4789424240589142,1.5942689180374146,1.417863130569458
2.02377972465582,10.35067956975773,1.1301704401209127,1.1301704401209127,-0.5726734176528477,0.5566643476486206,2.1000211238861084,1.3624670505523682,-0.06303142756223679,-0.12840111553668976,-0.48501062393188477,1.6004798412322998,1.4846510887145996
2.028160200250313,5.941402100769059,-3.1663227669209464,-3.1663227669209464,0.7005385045476527,0.5658634305000305,2.070456027984619,1.3621909618377686,-0.037628013640642166,-0.13052569329738617,-0.4352821707725525,1.6069833040237427,1.1392675638198853
2.032540675844806,8.890072887912028,-1.2817884458518218,-1.2817884458518218,-0.45319878673365854,0.5749329924583435,2.0851149559020996,1.3620260953903198,-0.042442094534635544,-0.13243243098258972,-0.5482068061828613,1.6119738817214966,1.4696412086486816
2.036921151439299,9.028561889852487,1.7234812438005287,1.7234812438005287,1.2396862676843659,0.5840668082237244,2.0604259967803955,1.3618401288986206,-0.026622500270605087,-0.13483384251594543,-0.5724042654037476,1.618411660194397,1.1887023448944092
2.0413016270337923,4.603594258756548,0.6637653061800886,0.6637653061800886,-0.5929758117878673,0.5930924415588379,2.0875823497772217,1.36172354221344,-0.012086077593266964,-0.13734124600887299,-0.5582759380340576,1.623618721961975,1.7766337394714355
2.045682102628285,8.154837007969867,1.4467341282413104,1.4467341282413104,0.36685604410001077,0.6022370457649231,2.0634186267852783,1.3616706132888794,-0.02447526901960373,-0.1397867649793625,-0.5215750932693481,1.6314011812210083,1.4442720413208008
2.0500625782227786,7.771710080179647,0.7064599707836583,0.7064599707836583,-0.3351718483312231,0.6112757921218872,2.0641369819641113,1.3615634441375732,-0.014740534126758575,-0.14207151532173157,-0.49003922939300537,1.6377277374267578,1.5830514430999756
2.0544430538172715,7.761398283555758,0.20147442107523747,0.20147442107523747,-0.6959303253923729,0.6203176975250244,2.0434391498565674,1.3614988327026367,-0.006260126829147339,-0.14421811699867249,-0.45962026715278625,1.6446622610092163,1.3605343103408813
2.0588235294117645,8.420484356795026,0.6558543954202053,0.6558543954202053,-0.2785407857577608,0.6292689442634583,2.0114071369171143,1.36147141456604,0.0032334132120013237,-0.14623147249221802,-0.43341320753097534,1.650622010231018,0.9501195549964905
2.063204005006258,8.18561000281284,-0.4489723493420519,-0.4489723493420519,1.428746442496495,0.6380798816680908,1.99114191532135,1.3614856004714966,0.016449568793177605,-0.14813002943992615,-0.40612590312957764,1.6547839641571045,0.7482757568359375
2.067584480600751,4.74932444899829,-2.0472190828515626,-2.0472190828515626,-0.03986735054192152,0.6468020081520081,2.0236289501190186,1.3615576028823853,0.02381427027285099,-0.14990904927253723,-0.460961252450943,1.6580617427825928,1.4260234832763672
2.071964956195244,5.440600050646092,0.2524297511148956,0.2524297511148956,1.1371163759555556,0.6556664705276489,2.015568733215332,1.3616619110107422,0.011859951540827751,-0.15192827582359314,-0.5195822715759277,1.6643084287643433,1.3709806203842163
2.076345431789737,6.39623680625215,-1.0265314088305357,-1.0265314088305357,-1.3699089120896768,0.6644956469535828,2.042606830596924,1.3617138862609863,0.001143433153629303,-0.15420429408550262,-0.5454179048538208,1.6703139543533325,1.915852665901184
2.08072590738423,6.380858475877813,0.29372558770342394,0.29372558770342394,-0.44222323839403577,0.6734432578086853,1.990853190422058,1.3617188930511475,0.0037915408611297607,-0.15659348666667938,-0.5353901982307434,1.6787062883377075,1.1605384349822998
2.085106382978723,8.160574790573975,1.0342186237776332,1.0342186237776332,0.8909817157598688,0.6821641325950623,1.9675164222717285,1.361735463142395,0.004232513718307018,-0.15893875062465668,-0.5138981342315674,1.6837899684906006,0.8811565637588501
2.0894868585732165,4.307930395902881,3.5895372098975176,3.5895372098975176,-0.3864793665370353,0.6907827854156494,1.98222815990448,1.361754059791565,0.012051704339683056,-0.16118986904621124,-0.5097151398658752,1.6876498460769653,1.272339940071106
2.093867334167709,7.198338942314754,1.4894130390256228,1.4894130390256228,-1.0488287472186524,0.6994658708572388,1.9635262489318848,1.361806869506836,-0.0013870690017938614,-0.16342265903949738,-0.3936028480529785,1.6932233572006226,1.0366929769515991
2.098247809762203,9.295281041856672,1.7744261244140516,1.7744261244140516,0.19102320452388258,0.7080670595169067,1.9197654724121094,1.3618007898330688,0.007063542492687702,-0.1651468276977539,-0.3194781541824341,1.69776451587677,0.4336552619934082
2.102628285356696,6.085630611519552,-0.9979791781356482,-0.9979791781356482,1.240211385375807,0.716476559638977,1.9105165004730225,1.361831784248352,0.024962402880191803,-0.1665463000535965,-0.27323776483535767,1.6996641159057617,0.4492796063423157
2.1070087609511887,6.022760907891893,-0.774178166653819,-0.774178166653819,0.09639818985610214,0.7248455286026001,1.938564658164978,1.3619410991668701,0.017384469509124756,-0.16774320602416992,-0.3386000394821167,1.7016321420669556,1.0333497524261475
2.111389236545682,9.200899333031185,0.295177891815698,0.295177891815698,-0.08406366018648247,0.7333373427391052,1.9315285682678223,1.362017273902893,0.01370607502758503,-0.16922643780708313,-0.3640236258506775,1.7061587572097778,1.0282212495803833
2.115769712140175,7.085625977043118,0.5456528342515197,0.5456528342515197,-0.6627213509867148,0.7417983412742615,1.91352379322052,1.3620773553848267,0.03187796473503113,-0.17082104086875916,-0.3529485762119293,1.710662841796875,0.8995911478996277
2.1201501877346685,8.051113304258376,0.8025841286885823,0.8025841286885823,-0.10112514848699374,0.7501804828643799,1.8812005519866943,1.3622169494628906,0.03859662637114525,-0.172367125749588,-0.31766021251678467,1.7146034240722656,0.49122604727745056
2.1245306633291614,9.13463214136098,-0.9522693955837479,-0.9522693955837479,0.06411109319050222,0.7584210634231567,1.8643046617507935,1.3623859882354736,0.04947957023978233,-0.1737586259841919,-0.2912690341472626,1.7167552709579468,0.3617236018180847
2.1289111389236544,6.377928731499144,-0.5943754896264805,-0.5943754896264805,-0.07533603208282447,0.7665876150131226,1.8504748344421387,1.362602710723877,0.06685574352741241,-0.1750345230102539,-0.32095056772232056,1.7183398008346558,0.3059689700603485
2.133291614518148,6.064208893988633,-1.6245500832219237,-1.6245500832219237,1.079100142105232,0.7746935486793518,1.8370604515075684,1.3628956079483032,0.0665639191865921,-0.17644043266773224,-0.33610817790031433,1.7196800708770752,0.2046394646167755
2.1376720901126407,9.294375472832595,0.2215784068698233,0.2215784068698233,0.7159867729490241,0.7827407717704773,1.8594142198562622,1.3631871938705444,0.058908745646476746,-0.17791274189949036,-0.4150633215904236,1.720576524734497,0.7005701661109924
2.1420525657071336,7.0570156924834375,-0.7716887315358028,-0.7716887315358028,-0.6369007455322371,0.790885865688324,1.864846110343933,1.3634452819824219,0.07423187792301178,-0.17973092198371887,-0.42950162291526794,1.7236453294754028,0.9768840074539185
2.146433041301627,6.0221369450687465,-0.5855084885293691,-0.5855084885293691,0.3543724434446764,0.7990548014640808,1.8327171802520752,1.3637704849243164,0.08088480681180954,-0.18161234259605408,-0.43343785405158997,1.7279245853424072,0.5775577425956726
2.15081351689612,6.571957277539055,-3.1365880821689434,-3.1365880821689434,-0.5076031819154623,0.8070829510688782,1.8326165676116943,1.3641247749328613,0.07612381130456924,-0.18351100385189056,-0.46088534593582153,1.7304545640945435,0.6982206702232361
2.155193992490613,6.91630777378483,1.2377946484422833,1.2377946484422833,-0.11120600049881339,0.8151106834411621,1.8050627708435059,1.3644582033157349,0.07918940484523773,-0.1855299025774002,-0.5376600623130798,1.7335131168365479,0.3683649003505707
2.1595744680851063,7.938771908901622,1.7987873478058236,1.7987873478058236,-1.0761997487952406,0.8230177164077759,1.788846731185913,1.3648051023483276,0.08270204812288284,-0.1878851056098938,-0.49826496839523315,1.7351267337799072,0.23809660971164703
2.1639549436795997,6.593165104582285,0.22352230299959963,0.22352230299959963,0.8525018538890193,0.8308537006378174,1.741126537322998,1.3651673793792725,0.09791111201047897,-0.19006773829460144,-0.4143062233924866,1.736169695854187,-0.40096378326416016
2.1683354192740927,5.219319493555109,1.7332074164121654,1.7332074164121654,0.7249963968892712,0.8384806513786316,1.7546281814575195,1.3655962944030762,0.0943603664636612,-0.19188259541988373,-0.4326744079589844,1.7344132661819458,-0.032774001359939575
2.1727158948685856,8.464128426128633,0.9757656973738201,0.9757656973738201,-0.7730554493252171,0.846166729927063,1.7667940855026245,1.3660095930099487,0.08239379525184631,-0.1937779188156128,-0.4032314419746399,1.7342697381973267,0.28451067209243774
2.1770963704630786,4.138935882873706,2.708646427879009,2.708646427879009,-0.4497887634725829,0.8539061546325684,1.726932168006897,1.3663705587387085,0.09947826713323593,-0.1955442577600479,-0.35216033458709717,1.73551607131958,-0.2052343487739563
2.181476846057572,7.998438450066251,2.246470322363783,2.246470322363783,0.7179040903805813,0.8614709377288818,1.7051843404769897,1.3668062686920166,0.08624854683876038,-0.1970868855714798,-0.2599240243434906,1.734616994857788,-0.48204782605171204
2.185857321652065,7.308405806616246,1.0816609152218317,1.0816609152218317,0.5718381875130291,0.8689404726028442,1.7114773988723755,1.367184042930603,0.09266721457242966,-0.1982254832983017,-0.2152850478887558,1.732505440711975,-0.19958075881004333
2.1902377972465583,8.745163288792256,-1.414309672349633,-1.414309672349633,0.4420382483869265,0.8764375448226929,1.7146304845809937,1.3675899505615234,0.09530789405107498,-0.19916853308677673,-0.2003966122865677,1.7316311597824097,0.015385478734970093
2.1946182728410517,7.706954107367561,-1.3883933969246671,-1.3883933969246671,0.6036704532098197,0.8839484453201294,1.7109593152999878,1.3680074214935303,0.1081300899386406,-0.2000463604927063,-0.2546078562736511,1.7316985130310059,0.14782342314720154
2.198998748435544,9.467043200364543,-1.2784567874055173,-1.2784567874055173,0.21067366459101602,0.8914432525634766,1.7142016887664795,1.3684810400009155,0.11325473338365555,-0.20116166770458221,-0.3127824366092682,1.7323460578918457,0.3746201992034912
2.2033792240300376,7.36594477240082,-2.1313875903135,-2.1313875903135,-1.3702510795245275,0.8989522457122803,1.701878547668457,1.3689771890640259,0.13195458054542542,-0.20253179967403412,-0.3562697768211365,1.7339870929718018,0.37927234172821045
2.2077596996245306,7.6373848669909785,3.060765486022258,3.060765486022258,2.2218887123061166,0.9064072966575623,1.6453745365142822,1.3695552349090576,0.14465802907943726,-0.20409242808818817,-0.3784973621368408,1.735648512840271,-0.40802937746047974
2.2121401752190235,6.9978066871872295,0.20692946824212882,0.20692946824212882,-0.5148455439342928,0.913614809513092,1.6977945566177368,1.3701889514923096,0.14099492132663727,-0.20575042068958282,-0.3539994955062866,1.7338612079620361,0.6513394713401794
2.216520650813517,5.238094632270508,0.32222664708167403,0.32222664708167403,0.26236505045868547,0.9210519790649414,1.6679285764694214,1.3708065748214722,0.14686082303524017,-0.20730111002922058,-0.3329213857650757,1.7367143630981445,0.30812063813209534
2.22090112640801,4.911129792680119,0.9656658088469949,0.9656658088469949,0.23130611332386913,0.9283583164215088,1.6652522087097168,1.3714499473571777,0.13723409175872803,-0.20875945687294006,-0.33117324113845825,1.7380640506744385,0.3842109441757202
2.225281602002503,7.410193233622661,0.6999096377922475,0.6999096377922475,-0.8422412860052706,0.9356529116630554,1.6622215509414673,1.3720511198043823,0.12557470798492432,-0.2102101594209671,-0.30972760915756226,1.7397470474243164,0.4475918114185333
2.229662077596996,2.7375959940934758,-0.7315851379193969,-0.7315851379193969,0.7716095621168693,0.9429342150688171,1.621226191520691,1.3726011514663696,0.13603141903877258,-0.21156691014766693,-0.26469191908836365,1.741707682609558,-0.07107916474342346
2.234042553191489,6.624600264588234,-1.4930192351233025,-1.4930192351233025,-0.5590592824076283,0.9500359296798706,1.639042615890503,1.373197078704834,0.10714056342840195,-0.2127263844013214,-0.30858996510505676,1.7413963079452515,0.29479750990867615
2.2384230287859825,7.767546585396216,-0.7969522391129873,-0.7969522391129873,1.1259143423657156,0.9572157263755798,1.6081584692001343,1.3736664056777954,0.11096898466348648,-0.2140781581401825,-0.3358645439147949,1.742687702178955,-0.06980103254318237
2.2428035043804755,6.668189070423226,-0.4769248047267248,-0.4769248047267248,0.09468548831197338,0.9642602205276489,1.6261277198791504,1.3741525411605835,0.11349863559007645,-0.21554940938949585,-0.3920183479785919,1.7423819303512573,0.4197567403316498
2.2471839799749684,8.61842381403195,0.029293394768777264,0.029293394768777264,1.109721733569014,0.9713834524154663,1.6149054765701294,1.3746497631072998,0.11414310336112976,-0.21726663410663605,-0.40871119499206543,1.7442206144332886,0.39068320393562317
2.251564455569462,7.892968311733005,0.22331150503220948,0.22331150503220948,0.1655070344137195,0.978457510471344,1.6303304433822632,1.3751497268676758,0.12228722870349884,-0.21905697882175446,-0.44026312232017517,1.7459319829940796,0.8608300685882568
2.255944931163955,4.631155822405138,-0.5056160287730307,-0.5056160287730307,-0.5735659351082114,0.985599160194397,1.61837637424469,1.375685453414917,0.13050144910812378,-0.220985546708107,-0.43857505917549133,1.74970281124115,0.8523465991020203
2.260325406758448,8.466795548567816,-0.34286772431069434,-0.34286772431069434,0.7260944693017278,0.9926884174346924,1.590837836265564,1.376257061958313,0.12117388099431992,-0.2229067087173462,-0.43659070134162903,1.7534364461898804,0.5011376142501831
2.264705882352941,7.789182964516834,0.9639021465135797,0.9639021465135797,-0.7611122207038817,0.9996570348739624,1.5943472385406494,1.3767879009246826,0.1301557421684265,-0.22481918334960938,-0.467807799577713,1.755631685256958,0.7718707323074341
2.269086357947434,7.42215514006519,0.5967471863492773,0.5967471863492773,0.4226927234944373,1.0066410303115845,1.5539627075195312,1.377358078956604,0.14296284317970276,-0.2268684059381485,-0.41743192076683044,1.7590128183364868,0.28387248516082764
2.2734668335419275,7.472329434127785,0.3459382851928019,0.3459382851928019,-0.07783114584610122,1.0134481191635132,1.5502268075942993,1.3779842853546143,0.14670856297016144,-0.22869695723056793,-0.41234898567199707,1.760256290435791,0.4090542793273926
2.2778473091364204,9.812465831442625,0.40938783790560346,0.40938783790560346,-0.47218999085003827,1.0202388763427734,1.5310453176498413,1.3786269426345825,0.15365692973136902,-0.23050324618816376,-0.3999735713005066,1.7620481252670288,0.2751314640045166
2.2822277847309134,10.303863647560382,1.0037979961524293,1.0037979961524293,0.37691293149306543,1.0269455909729004,1.4944612979888916,1.3792999982833862,0.17845427989959717,-0.23225532472133636,-0.37422871589660645,1.7632533311843872,-0.09231552481651306
2.2866082603254068,5.042232754075009,-0.22733681375079462,-0.22733681375079462,-0.429230195080629,1.033492088317871,1.4823760986328125,1.3800816535949707,0.20151148736476898,-0.23389463126659393,-0.3559216856956482,1.762848973274231,-0.02945232391357422
2.2909887359199,8.404994384570996,-1.082501773501054,-1.082501773501054,1.3070504173767747,1.0399856567382812,1.4577709436416626,1.3809643983840942,0.19446389377117157,-0.2354537397623062,-0.3500257730484009,1.762719988822937,-0.31498098373413086
2.2953692115143927,8.12095252856834,-1.0243184063770618,-1.0243184063770618,0.38370987329125794,1.046371340751648,1.4780402183532715,1.3818162679672241,0.1994001418352127,-0.23698702454566956,-0.4198082685470581,1.7613402605056763,0.250579297542572
2.299749687108886,7.886012883155765,0.4503684759971838,0.4503684759971838,-1.0233880682328218,1.05284583568573,1.4708577394485474,1.3826897144317627,0.20790022611618042,-0.2388259917497635,-0.46092715859413147,1.7624379396438599,0.34411394596099854
2.304130162703379,5.219241453506612,-0.5011869924808041,-0.5011869924808041,0.9538352114037777,1.0592888593673706,1.4213688373565674,1.3836004734039307,0.22309748828411102,-0.24084506928920746,-0.4178887903690338,1.7639453411102295,-0.2848144769668579
2.3085106382978724,6.881306736896031,1.0701496094136107,1.0701496094136107,-0.897114768886493,1.065515160560608,1.4380255937576294,1.384577751159668,0.2089674174785614,-0.24267561733722687,-0.46038004755973816,1.762697696685791,0.13865920901298523
2.3128911138923653,4.8022505590836015,-0.3290778441308927,-0.3290778441308927,1.6663270426407848,1.0718144178390503,1.3945047855377197,1.3854931592941284,0.21677502989768982,-0.24469229578971863,-0.4029296934604645,1.7633050680160522,-0.4130525290966034
2.3172715894868583,9.12796063842546,-2.560939991727441,-2.560939991727441,-0.4927118450201672,1.077923059463501,1.4336222410202026,1.38644278049469,0.19563980400562286,-0.2464573234319687,-0.46120184659957886,1.7614957094192505,0.3824302852153778
2.321652065081352,7.647139572146586,-1.055157136321963,-1.055157136321963,0.33616313544607473,1.0842030048370361,1.396786093711853,1.3872997760772705,0.2158082127571106,-0.24847760796546936,-0.5216006636619568,1.7631709575653076,0.009124457836151123
2.3260325406758446,4.690976384726042,-0.17418497684618853,-0.17418497684618853,-0.2617494784587762,1.0903215408325195,1.388523817062378,1.3882451057434082,0.22135184705257416,-0.2507624626159668,-0.5622316002845764,1.7632108926773071,0.08138399571180344
2.330413016270338,3.823008657430865,2.489253512602244,2.489253512602244,0.029422544122266026,1.096403956413269,1.3691644668579102,1.3892147541046143,0.21089185774326324,-0.25322529673576355,-0.5596744418144226,1.7635674476623535,-0.11565110832452774
2.334793491864831,6.672241213869975,-0.270895381027881,-0.270895381027881,-0.8614096674513405,1.1024014949798584,1.3606761693954468,1.3901385068893433,0.1929672211408615,-0.25567692518234253,-0.48783957958221436,1.7630608081817627,-0.1514892876148224
2.339173967459324,7.969135633858125,-0.9719569964351378,-0.9719569964351378,0.7935978025897124,1.1083619594573975,1.318029522895813,1.3909838199615479,0.19907864928245544,-0.2578139007091522,-0.47059470415115356,1.7623971700668335,-0.6845800876617432
2.3435544430538173,5.585603829085447,1.2657517706225787,1.2657517706225787,-0.2663532745731865,1.114135503768921,1.3222614526748657,1.3918558359146118,0.20383501052856445,-0.2598753273487091,-0.5221545100212097,1.759398341178894,-0.38284003734588623
2.3479349186483103,4.4835530759765945,2.4866989921750005,2.4866989921750005,0.7355329997017069,1.1199276447296143,1.3001928329467773,1.3927487134933472,0.1991479992866516,-0.26216262578964233,-0.4774121940135956,1.7577213048934937,-0.5949354767799377
2.3523153942428032,9.56364943392651,0.9318299002809584,0.9318299002809584,-0.6093951363216613,1.125623106956482,1.3112379312515259,1.3936210870742798,0.1813570261001587,-0.2642539143562317,-0.42627260088920593,1.7551151514053345,-0.2762393653392792
2.3566958698372966,7.539339884840755,0.9668396763616165,0.9668396763616165,-0.5416441481201033,1.1313669681549072,1.268511176109314,1.3944154977798462,0.20468725264072418,-0.26612117886543274,-0.38126394152641296,1.7539050579071045,-0.7184053659439087
2.3610763454317896,8.09021436410872,0.31280951189027634,0.31280951189027634,-0.26730257428519516,1.1369236707687378,1.2328412532806396,1.3953120708465576,0.21416234970092773,-0.2677913010120392,-0.3372114300727844,1.7507580518722534,-1.098662257194519
2.3654568210262825,6.334203672532658,3.0555754373812327,3.0555754373812327,1.1711119105166825,1.1423240900039673,1.204004168510437,1.3962502479553223,0.22545988857746124,-0.2692684531211853,-0.3202703297138214,1.7459453344345093,-1.3446650505065918
2.369837296620776,5.965622968170859,1.533959642210031,1.533959642210031,0.7556113790399677,1.147598147392273,1.2233855724334717,1.3972378969192505,0.21723856031894684,-0.27067139744758606,-0.2652380168437958,1.7400550842285156,-0.8256134986877441
2.374217772215269,7.267984955848126,1.68712879110051,1.68712879110051,0.9598862635301879,1.1529572010040283,1.2311195135116577,1.3981895446777344,0.20921660959720612,-0.27183327078819275,-0.24250778555870056,1.736438512802124,-0.5149462223052979
2.3785982478097623,5.955665790522197,0.8455521708561582,0.8455521708561582,0.517016466912908,1.1583501100540161,1.2417553663253784,1.3991060256958008,0.208831787109375,-0.27289557456970215,-0.22126999497413635,1.7341828346252441,-0.11570465564727783
2.382978723404255,7.402793094244924,0.11770679709359777,0.11770679709359777,-0.6156647030783413,1.1637896299362183,1.2422338724136353,1.4000208377838135,0.202196404337883,-0.27386483550071716,-0.2116757035255432,1.7336759567260742,0.07279720902442932
2.387359198998748,4.555870206065184,-0.7287105472355039,-0.7287105472355039,0.3300597036173768,1.1692311763763428,1.204383134841919,1.4009065628051758,0.21069806814193726,-0.2747920751571655,-0.1902589350938797,1.7339948415756226,-0.34117329120635986
2.391739674593241,7.897120262982926,0.33736289705411315,0.33736289705411315,0.21536200066192113,1.1745069026947021,1.2026798725128174,1.401829481124878,0.19581156969070435,-0.2756254971027374,-0.22117838263511658,1.7325003147125244,-0.23090329766273499
2.3961201501877345,6.013611252262606,2.684597893886405,2.684597893886405,-0.25940162530172517,1.1797752380371094,1.1888149976730347,1.4026871919631958,0.20334146916866302,-0.2765943706035614,-0.21761557459831238,1.731488823890686,-0.22339069843292236
2.400500625782228,5.795059138928988,-0.6108770075036034,-0.6108770075036034,0.10190768241233572,1.1849827766418457,1.1652957201004028,1.4035779237747192,0.20090839266777039,-0.2775476276874542,-0.1316414475440979,1.7305102348327637,-0.43576371669769287
2.404881101376721,7.134446521673744,0.5583032818539172,0.5583032818539172,0.12497433965412971,1.1900873184204102,1.15333092212677,1.4044580459594727,0.195212721824646,-0.27812427282333374,-0.15245702862739563,1.728601336479187,-0.45915302634239197
2.409261576971214,6.087953355561069,1.095678985697417,1.095678985697417,0.5424522033997445,1.1951394081115723,1.1385759115219116,1.4053131341934204,0.19812768697738647,-0.2787921130657196,-0.1398024559020996,1.7265900373458862,-0.48793262243270874
2.413642052565707,5.943509771531566,1.432004382235966,1.432004382235966,-0.4281882076334439,1.2001268863677979,1.139283299446106,1.40618097782135,0.19219310581684113,-0.27940452098846436,-0.12364648282527924,1.7244526147842407,-0.2877674102783203
2.4180225281602,8.39092991311417,-0.8333478612237659,-0.8333478612237659,1.0882487121810276,1.2051174640655518,1.1107076406478882,1.4070228338241577,0.1899673342704773,-0.27994614839553833,-0.06932295858860016,1.7231920957565308,-0.5854634046554565
2.422403003754693,2.3975837234918913,-0.5451609665345717,-0.5451609665345717,0.22669440381964753,1.2099828720092773,1.1220704317092896,1.4078550338745117,0.19647392630577087,-0.28024980425834656,-0.12543967366218567,1.7206275463104248,-0.133603036403656
2.4267834793491865,6.81730660631699,0.498596793804022,0.498596793804022,-1.2289115882161008,1.2148981094360352,1.1227514743804932,1.4087157249450684,0.16806603968143463,-0.2807992994785309,-0.14798030257225037,1.72004234790802,-0.04774055629968643
2.4311639549436794,7.676331791736305,-0.4316496628754912,-0.4316496628754912,0.22018984707249056,1.2198163270950317,1.0673778057098389,1.409451961517334,0.1751350611448288,-0.28144752979278564,-0.09753157943487167,1.719833254814148,-0.7686668634414673
2.4355444305381724,9.31805732075409,-1.0060293970831162,-1.0060293970831162,0.2969213694128154,1.2244919538497925,1.054013729095459,1.4102191925048828,0.18097352981567383,-0.28187477588653564,-0.11656735837459564,1.7164660692214966,-0.7543015480041504
2.4399249061326658,7.071893025681568,-0.4216840178964429,-0.4216840178964429,0.04370604504391423,1.2291090488433838,1.03872549533844,1.4110119342803955,0.1971459686756134,-0.2823854088783264,-0.15461765229701996,1.713161826133728,-0.7208254933357239
2.4443053817271587,11.209788207884458,2.5108255848992727,2.5108255848992727,0.1545164786302613,1.2336591482162476,1.0215703248977661,1.4118754863739014,0.1998288333415985,-0.2830626964569092,-0.1682085245847702,1.710004210472107,-0.7884296178817749
2.448685857321652,6.349255091382678,0.8459855424417977,0.8459855424417977,-0.03964137140138943,1.2381341457366943,0.9969908595085144,1.4127508401870728,0.22887149453163147,-0.28379952907562256,-0.09939682483673096,1.7065504789352417,-0.8508989214897156
2.453066332916145,6.293224069749147,-1.6632105366894114,-1.6632105366894114,1.2559635169453094,1.2425014972686768,0.9791581630706787,1.4137533903121948,0.22710388898849487,-0.2842349410057068,-0.07353371381759644,1.7028231620788574,-0.9512974619865417
2.457446808510638,4.793546196838568,1.396288810339414,1.396288810339414,0.7635481511374396,1.2467906475067139,1.0011957883834839,1.414748191833496,0.21961919963359833,-0.284557044506073,-0.15878283977508545,1.6986560821533203,-0.3830128312110901
2.4618272841051314,3.813163533062831,2.44055615158901,2.44055615158901,-0.14202803695781568,1.251176357269287,1.0121129751205444,1.415710210800171,0.2046811431646347,-0.2852526009082794,-0.1403048038482666,1.6969783306121826,-0.049108266830444336
2.4662077596996244,6.171566575726639,1.5216901582815698,1.5216901582815698,-1.2550434916745945,1.2556098699569702,0.9978041648864746,1.4166067838668823,0.18697643280029297,-0.28586721420288086,-0.06488516181707382,1.6967631578445435,-0.16942639648914337
2.4705882352941178,8.33123538274895,0.4612881211042141,0.4612881211042141,0.8516096018130396,1.2599806785583496,0.9431658983230591,1.4174258708953857,0.1888667643070221,-0.2861514389514923,0.016204260289669037,1.6960209608078003,-0.8923166990280151
2.4749687108886107,6.865227216204282,0.9486107002291853,0.9486107002291853,0.7462854140632094,1.2641122341156006,0.947476863861084,1.4182531833648682,0.19637776911258698,-0.2860804498195648,0.00480563472956419,1.6921122074127197,-0.5566526651382446
2.479349186483104,5.370893117356755,-0.6927303749815166,-0.6927303749815166,0.733563398252899,1.2682626247406006,0.9524650573730469,1.4191133975982666,0.19498878717422485,-0.2860594093799591,0.010714175179600716,1.6896737813949585,-0.25634074211120605
2.483729662077597,7.774938231528583,-1.957436406883152,-1.957436406883152,-0.49635393972125325,1.2724348306655884,0.960997462272644,1.419967532157898,0.1840771734714508,-0.2860124707221985,-0.030938120558857918,1.6885508298873901,0.05610206723213196
2.48811013767209,8.14816363536605,0.3427032148670776,0.3427032148670776,0.1738293928840374,1.2766444683074951,0.9255208969116211,1.4207738637924194,0.19323036074638367,-0.28614798188209534,-0.07360635697841644,1.6887966394424438,-0.29403844475746155
2.492490613266583,7.367821088867373,-0.3981411141360806,-0.3981411141360806,0.5582461376563711,1.2806986570358276,0.9096386432647705,1.42162024974823,0.2023414820432663,-0.2864704132080078,-0.06867470592260361,1.6875085830688477,-0.30357691645622253
2.4968710888610763,7.465990507603687,1.850295128739123,1.850295128739123,0.9368307240939966,1.284683346748352,0.9075915217399597,1.42250657081604,0.20501022040843964,-0.2867712378501892,-0.09660424292087555,1.6861788034439087,-0.10540342330932617
2.5012515644555693,7.188447023167572,0.5994784001033573,0.5994784001033573,-0.9695329521994334,1.2886589765548706,0.9169207811355591,1.423404574394226,0.20699745416641235,-0.2871944010257721,-0.06992818415164948,1.6857171058654785,0.28681400418281555
2.5056320400500622,8.765579600814185,0.6704084222399045,0.6704084222399045,0.12458917883251261,1.292675495147705,0.868391752243042,1.4243112802505493,0.2139354795217514,-0.2875007092952728,-0.024108078330755234,1.6869734525680542,-0.2996073067188263
2.510012515644556,5.70551491564088,0.39403132888167214,0.39403132888167214,0.29547923834063977,1.2964794635772705,0.8493203520774841,1.425248384475708,0.2271934449672699,-0.2876063287258148,-0.008168427273631096,1.6856610774993896,-0.34190088510513306
2.5143929912390486,5.073165546275657,0.35100135402002064,0.35100135402002064,-0.3374529288175119,1.3001998662948608,0.8434982895851135,1.426243543624878,0.2200416475534439,-0.28764212131500244,-0.005290393717586994,1.6841633319854736,-0.2588003873825073
2.518773466833542,6.005325637737702,0.6459856928552826,0.6459856928552826,0.08933590822645474,1.3038947582244873,0.8198946118354797,1.4272074699401855,0.21103379130363464,-0.28766530752182007,0.014814653433859348,1.6830296516418457,-0.4938655495643616
2.523153942428035,7.491078226877043,1.0354207086742861,1.0354207086742861,-1.1831718570630942,1.3074862957000732,0.8069771528244019,1.4281319379806519,0.2065104991197586,-0.28760039806365967,0.031070593744516373,1.6808662414550781,-0.5201451778411865
2.527534418022528,4.74751121416169,-0.6196899829706415,-0.6196899829706415,-0.4143855663695206,1.3110212087631226,0.7511052489280701,1.4290364980697632,0.21589963138103485,-0.28746429085731506,0.09586052596569061,1.678587794303894,-1.2193303108215332
2.5319148936170213,6.347558632952156,1.8510884264912792,1.8510884264912792,0.7704967541398295,1.3143113851547241,0.7259891033172607,1.4299821853637695,0.2045906037092209,-0.28704437613487244,0.08986498415470123,1.6732465028762817,-1.4893155097961426
2.536295369211514,7.729481673911141,-0.8766448016691313,-0.8766448016691313,0.8968041830272016,1.3174915313720703,0.7332158088684082,1.4308784008026123,0.19958718121051788,-0.28665071725845337,0.1214216873049736,1.6667225360870361,-1.1669507026672363
2.540675844806008,5.594602484428103,1.107153821464818,1.107153821464818,0.6960358091128879,1.320703387260437,0.7409049272537231,1.4317526817321777,0.20347268879413605,-0.28611883521080017,0.06963135302066803,1.661610722541809,-0.7942173480987549
2.545056320400501,8.101931950877255,1.122806173625889,1.122806173625889,0.19717539544101237,1.323948860168457,0.7480062246322632,1.432644009590149,0.19446033239364624,-0.2858138084411621,0.08163730055093765,1.658131718635559,-0.4993520975112915
2.549436795994993,8.370061806114315,0.23583247187773104,0.23583247187773104,0.4079163318002685,1.3272254467010498,0.7334058880805969,1.4334958791732788,0.2031175196170807,-0.28545621037483215,0.10866865515708923,1.6559443473815918,-0.48911553621292114
2.553817271589487,9.394158381018858,0.5092226997844185,0.5092226997844185,-0.6791313031284371,1.3304381370544434,0.7246708869934082,1.4343856573104858,0.21295498311519623,-0.2849801778793335,0.1036432608962059,1.6538017988204956,-0.3727310597896576
2.55819774718398,5.223408297036041,1.3236983114381626,1.3236983114381626,0.0015329099035217841,1.3336125612258911,0.6799055933952332,1.4353184700012207,0.23222434520721436,-0.28452616930007935,0.13834697008132935,1.652169108390808,-0.8270664811134338
2.562578222778473,8.071347672027994,-0.003740956912172244,-0.003740956912172244,-0.5123590265245138,1.3365908861160278,0.6667194366455078,1.4363356828689575,0.2227262258529663,-0.28392013907432556,0.1769583821296692,1.6485462188720703,-0.8840678930282593
2.566958698372966,5.771188053752599,0.9039347212105822,0.9039347212105822,0.3280741849961095,1.3395113945007324,0.6305704712867737,1.4373112916946411,0.2327730506658554,-0.2831449806690216,0.19181163609027863,1.6446735858917236,-1.236307978630066
2.571339173967459,9.024283849875106,2.557740169690149,2.557740169690149,0.8282415471972259,1.3422735929489136,0.6261905431747437,1.438330888748169,0.2258177548646927,-0.2823047637939453,0.2086285948753357,1.6392580270767212,-1.1296802759170532
2.575719649561952,5.987535826474297,1.4939196210552534,1.4939196210552534,-0.27714347346265233,1.345016598701477,0.6292407512664795,1.4393200874328613,0.23885111510753632,-0.28139087557792664,0.2591354250907898,1.6343095302581787,-0.7989253997802734
2.580100125156445,6.214872978842941,-2.004896987280628,-2.004896987280628,-0.04072585864137848,1.3477729558944702,0.6058579683303833,1.4403663873672485,0.23478646576404572,-0.2802557349205017,0.31085607409477234,1.6308099031448364,-1.0042884349822998
2.5844806007509384,7.760756825308226,1.6418170098325122,1.6418170098325122,1.440293701587611,1.3504269123077393,0.5892975330352783,1.4413948059082031,0.23161551356315613,-0.2788940370082855,0.25349605083465576,1.6264106035232544,-1.0894060134887695
2.588861076345432,7.212834631769317,0.9257750326039198,0.9257750326039198,0.40852471387342415,1.3530082702636719,0.6148038506507874,1.4424093961715698,0.23578771948814392,-0.27778360247612,0.25938117504119873,1.621638536453247,-0.42627018690109253
2.593241551939925,5.704212511228005,1.0971463729570008,1.0971463729570008,0.5587924658947974,1.3557014465332031,0.6099345088005066,1.4434422254562378,0.23852211236953735,-0.2766473889350891,0.2744865119457245,1.6197712421417236,-0.28781598806381226
2.5976220275344177,5.771361524839757,1.961383433177109,1.961383433177109,1.0935423254323442,1.3583732843399048,0.6134368777275085,1.4444870948791504,0.23137828707695007,-0.27544501423835754,0.2902081608772278,1.6185104846954346,-0.0563979297876358
2.602002503128911,7.906709484538634,-0.8402376521069217,-0.8402376521069217,-0.07339965888779582,1.361060380935669,0.63336580991745,1.4455006122589111,0.22392751276493073,-0.274173766374588,0.31555187702178955,1.6182634830474854,0.4502328634262085
2.606382978723404,5.318070409775893,-0.3769688791794018,-0.3769688791794018,-0.10619468705069089,1.3638348579406738,0.6122099161148071,1.446481466293335,0.2319006323814392,-0.2727915048599243,0.29315778613090515,1.6202356815338135,0.33513161540031433
2.610763454317897,7.085758835155084,1.0994424694641027,1.0994424694641027,-0.49972226083544263,1.3665165901184082,0.5962676405906677,1.4474972486495972,0.22331008315086365,-0.2715073227882385,0.28525033593177795,1.6217037439346313,0.22835007309913635
2.6151439299123904,9.772560994871084,0.3935629486965644,0.3935629486965644,0.41340325705574965,1.3691285848617554,0.564021110534668,1.4484754800796509,0.22676603496074677,-0.2702578008174896,0.3319510221481323,1.622704029083252,-0.09849405288696289
2.619524405506884,3.285080644672692,-1.951624971535476,-1.951624971535476,0.667869270835078,1.3715993165969849,0.5536820292472839,1.4494688510894775,0.24612273275852203,-0.2688036859035492,0.33137163519859314,1.6222726106643677,0.018776625394821167
2.6239048811013768,9.3194219943694,-0.042485519925667736,-0.042485519925667736,-0.23402635121110402,1.374024748802185,0.566581666469574,1.4505469799041748,0.22327059507369995,-0.2673521339893341,0.2548741102218628,1.6223548650741577,0.33082741498947144
2.6282853566958697,7.733919826167877,-0.7649163014068018,-0.7649163014068018,-1.3069060748694863,1.3765066862106323,0.5375460982322693,1.4515249729156494,0.24075955152511597,-0.2662356495857239,0.2604677081108093,1.6238040924072266,0.11992107331752777
2.6326658322903627,5.257386338728608,0.26312153151237677,0.26312153151237677,-0.3365956116087321,1.378861427307129,0.4791437089443207,1.4525796175003052,0.24983596801757812,-0.26509466767311096,0.2762955129146576,1.6243294477462769,-0.628350555896759
2.637046307884856,4.607054852663775,1.4928976456557836,1.4928976456557836,0.14393277340577518,1.3809603452682495,0.45652174949645996,1.4536739587783813,0.24125750362873077,-0.26388436555862427,0.2938091456890106,1.6215770244598389,-0.8526660203933716
2.641426783479349,6.128050972692057,2.0783659062573734,2.0783659062573734,0.828317163624491,1.3829600811004639,0.45031383633613586,1.454730749130249,0.22761119902133942,-0.26259735226631165,0.33320319652557373,1.6178419589996338,-0.8226155042648315
2.645807259073842,9.638092181491631,-0.007794350647310044,-0.007794350647310044,1.1412519496102884,1.3849326372146606,0.4618383049964905,1.4557278156280518,0.22281691431999207,-0.2611377537250519,0.3697085976600647,1.6142385005950928,-0.45367610454559326
2.650187734668336,7.656586530369786,0.5750067877501643,0.5750067877501643,0.17860913199310427,1.386955738067627,0.4751673638820648,1.4567039012908936,0.24047869443893433,-0.25951826572418213,0.3361527919769287,1.6122511625289917,0.04482632875442505
2.6545682102628283,2.8541214337711973,1.5342785023063272,1.5342785023063272,1.0321566928258261,1.3890372514724731,0.46339574456214905,1.4577573537826538,0.2467164397239685,-0.2580457627773285,0.3477288484573364,1.6124475002288818,0.06664297729730606
2.6589486858573217,6.658160322662212,0.7481115349112115,0.7481115349112115,0.2692257090778639,1.3910671472549438,0.4888736307621002,1.4588381052017212,0.22085045278072357,-0.256522536277771,0.362392395734787,1.6127394437789917,0.5722711086273193
2.663329161451814,5.725884567170462,0.5943301924577546,0.5943301924577546,-0.6303262458085123,1.393208622932434,0.48231062293052673,1.4598054885864258,0.22046993672847748,-0.254935085773468,0.3763773739337921,1.615246295928955,0.6504120230674744
2.667709637046308,7.515505146584298,-0.16199691852175568,-0.16199691852175568,-0.005398085572031419,1.3953213691711426,0.45008882880210876,1.4607712030410767,0.21527843177318573,-0.25328636169433594,0.41214123368263245,1.6180953979492188,0.27349743247032166
2.672090112640801,7.376296651219143,1.109619791564515,1.109619791564515,-0.8607443843680795,1.397292971611023,0.4332576096057892,1.461714267730713,0.22092583775520325,-0.25148099660873413,0.4075680375099182,1.619293451309204,0.2019076645374298
2.676470588235294,6.772179823721407,0.6372658841589407,0.6372658841589407,-1.2443921608293886,1.399190902709961,0.390410840511322,1.4626820087432861,0.22699041664600372,-0.24969565868377686,0.4651089310646057,1.6201778650283813,-0.30888107419013977
2.6808510638297878,7.035144831960042,-0.09040795545266722,-0.09040795545266722,1.1095727246048595,1.4009010791778564,0.3371362090110779,1.4636763334274292,0.22976113855838776,-0.24765826761722565,0.5200592875480652,1.61882483959198,-1.0115939378738403
2.6852315394242803,7.205849909284988,0.01007673045163815,0.01007673045163815,-0.2182001055968928,1.4023778438568115,0.3561129868030548,1.4646828174591064,0.23046110570430756,-0.24538016319274902,0.4850160479545593,1.6143935918807983,-0.5034234523773193
2.689612015018773,4.251878458189051,0.5421172503321801,0.5421172503321801,-0.5317201269889329,1.403937816619873,0.33390745520591736,1.465692400932312,0.23441649973392487,-0.24325555562973022,0.4916824698448181,1.6121883392333984,-0.6793217062950134
2.6939924906132666,6.988754635075397,-0.9712132141682226,-0.9712132141682226,-0.043095043255938756,1.4054005146026611,0.30844181776046753,1.4667192697525024,0.21956738829612732,-0.24110175669193268,0.5230419039726257,1.6092126369476318,-0.9901434183120728
2.69837296620776,9.040661935957882,1.4183506766788936,1.4183506766788936,1.181558758754193,1.4067516326904297,0.2924145460128784,1.4676810503005981,0.22170615196228027,-0.23881058394908905,0.49593791365623474,1.6048753261566162,-1.071966290473938
2.7027534418022525,8.911476368573744,0.14124252758844602,0.14124252758844602,-0.995174680293448,1.4080325365066528,0.3101629316806793,1.4686522483825684,0.23581883311271667,-0.236638143658638,0.5028529763221741,1.6001795530319214,-0.5386683940887451
2.707133917396746,9.87184966821467,1.835251130014409,1.835251130014409,0.22616391848521078,1.409391164779663,0.26114514470100403,1.4696851968765259,0.25147464871406555,-0.23443540930747986,0.5360399484634399,1.5978199243545532,-1.1237480640411377
2.711514392991239,5.376518992882725,0.4751717958715897,0.4751717958715897,0.9027665576727018,1.4105350971221924,0.2481258660554886,1.4707868099212646,0.2720309793949127,-0.23208729922771454,0.5830304026603699,1.5928974151611328,-1.0861546993255615
2.715894868585732,5.995922825498296,0.05553001661423784,0.05553001661423784,-0.5544295640380201,1.4116220474243164,0.26528653502464294,1.4719784259796143,0.2630200982093811,-0.2295333445072174,0.5705432891845703,1.588139533996582,-0.6629287004470825
2.720275344180225,4.518539917363617,3.997693253375096,3.997693253375096,0.5680031139124551,1.4127840995788574,0.23634108901023865,1.4731305837631226,0.2591460943222046,-0.2270340919494629,0.5883560180664062,1.585235595703125,-0.9938364624977112
2.724655819774718,7.572314733994785,-0.8368381775088617,-0.8368381775088617,0.19069264650738318,1.413819432258606,0.2451232671737671,1.4742658138275146,0.24499844014644623,-0.2244568169116974,0.6885138154029846,1.5808820724487305,-0.7346599698066711
2.729036295369212,7.59289373794632,0.17687977662133214,0.17687977662133214,1.15442981864706,1.4148931503295898,0.23653145134449005,1.4753390550613403,0.25100383162498474,-0.22144079208374023,0.6585066318511963,1.5776638984680176,-0.690848171710968
2.7334167709637045,8.864532911853033,1.159975313496603,1.159975313496603,-0.9250308842293113,1.4159293174743652,0.25793591141700745,1.4764385223388672,0.25699618458747864,-0.2185562252998352,0.6299590468406677,1.5746376514434814,-0.1493193507194519
2.737797246558197,11.051921592562158,0.9589681677931525,0.9589681677931525,0.3263095320987349,1.4170591831207275,0.21290667355060577,1.4775643348693848,0.2717513144016266,-0.21579670906066895,0.6908478140830994,1.5739835500717163,-0.6862826943397522
2.742177722152691,4.956543510940802,-1.5238230341562176,-1.5238230341562176,-1.3327325539107373,1.4179917573928833,0.2027854472398758,1.4787547588348389,0.30050602555274963,-0.2127704620361328,0.7093234658241272,1.5709773302078247,-0.5924367308616638
2.746558197747184,4.169921685320967,1.9172075274384703,1.9172075274384703,0.497512511475175,1.4188801050186157,0.1526610404253006,1.4800710678100586,0.2897019684314728,-0.2096632868051529,0.703743040561676,1.5683821439743042,-1.3113467693328857
2.750938673341677,5.576473410683623,0.648078961083316,0.648078961083316,-0.0702182848059877,1.4195488691329956,0.16067606210708618,1.4813400506973267,0.2734629213809967,-0.20658056437969208,0.7452026605606079,1.5626378059387207,-1.0816011428833008
2.75531914893617,8.440560429825249,1.3151087686570757,1.3151087686570757,1.2295603711214456,1.4202526807785034,0.14885213971138,1.4825379848480225,0.2664831578731537,-0.20331622660160065,0.7661792039871216,1.557899832725525,-1.151763916015625
2.759699624530663,4.0959024896709595,-1.3194429716961844,-1.3194429716961844,0.30246045124423737,1.4209047555923462,0.17256368696689606,1.4837052822113037,0.2786475419998169,-0.19995999336242676,0.7686774730682373,1.5528545379638672,-0.5677939057350159
2.7640801001251565,5.479249982539205,-1.1761343502603023,-1.1761343502603023,0.4660958073586503,1.4216606616973877,0.1751244217157364,1.4849258661270142,0.26245757937431335,-0.19659282267093658,0.7213127613067627,1.5503673553466797,-0.43491727113723755
2.768460575719649,5.4068924999948,0.6798738521967997,0.6798738521967997,0.44369293749239164,1.422427773475647,0.18062829971313477,1.486075520515442,0.25546756386756897,-0.19343313574790955,0.67335444688797,1.548462152481079,-0.22451607882976532
2.7728410513141424,8.351168224539485,-0.6643838907833439,-0.6643838907833439,0.5954541653830825,1.4232189655303955,0.1857176125049591,1.487194538116455,0.24807386100292206,-0.19048352539539337,0.6802516579627991,1.5474786758422852,-0.02442881464958191
2.777221526908636,8.774654783595818,1.6541114693195214,1.6541114693195214,0.5942953501001123,1.42403244972229,0.19102086126804352,1.48828125,0.26006072759628296,-0.18750369548797607,0.6434603929519653,1.5473716259002686,0.23933297395706177
2.7816020025031287,6.476167264149265,-0.20677332893695416,-0.20677332893695416,0.42190345854098577,1.424869179725647,0.1958446055650711,1.4894204139709473,0.2748326063156128,-0.18468503654003143,0.6744104027748108,1.5484200716018677,0.5011450052261353
2.7859824780976217,6.5925169517817785,0.48029371574615104,0.48029371574615104,-1.013652391618144,1.425727128982544,0.1990298479795456,1.4906243085861206,0.27442288398742676,-0.18173079192638397,0.6560510396957397,1.5506153106689453,0.6861141920089722
2.790362953692115,6.20465829875619,0.11176788478736172,0.11176788478736172,-0.7337318531796596,1.4265990257263184,0.15779370069503784,1.4918264150619507,0.2738197445869446,-0.1788569688796997,0.6996790170669556,1.5536208152770996,0.13117128610610962
2.794743429286608,4.420739805045921,1.9815960160523893,1.9815960160523893,0.8662858988323049,1.4272902011871338,0.12590566277503967,1.4930258989334106,0.2710683345794678,-0.17579203844070435,0.7243703007698059,1.5541954040527344,-0.27767473459243774
2.7991239048811014,8.758654510233566,0.1768046004928503,0.1768046004928503,-0.21207648865938222,1.4278417825698853,0.14624270796775818,1.494213342666626,0.2574751377105713,-0.17261895537376404,0.7569409012794495,1.5529791116714478,0.14689645171165466
2.8035043804755944,6.530728366423874,-0.725172350197824,-0.725172350197824,0.07113972047796423,1.4284824132919312,0.12716412544250488,1.495341181755066,0.27177754044532776,-0.16930319368839264,0.7682974338531494,1.5536226034164429,-0.004108011722564697
2.8078848560700878,6.225501731719759,-1.3444190546312158,-1.3444190546312158,0.43854370298491163,1.429039478302002,0.12020111083984375,1.4965317249298096,0.27166643738746643,-0.16593769192695618,0.745042622089386,1.5536046028137207,0.0019334838725626469
2.8122653316645807,5.6359645843619655,0.137338843436914,0.137338843436914,0.7284356417002582,1.4295660257339478,0.1252020001411438,1.497721791267395,0.26977312564849854,-0.16267405450344086,0.6929744482040405,1.5536130666732788,0.1993064135313034
2.8166458072590737,6.837289167465881,-1.1023498588441358,-1.1023498588441358,-0.6917961786995525,1.430114507675171,0.14013095200061798,1.498903512954712,0.2641759216785431,-0.15963849425315857,0.675712525844574,1.5544861555099487,0.549271285533905
2.821026282853567,6.42720985162749,1.858056910708879,1.858056910708879,0.3262239174293228,1.4307283163070679,0.10969457030296326,1.5000606775283813,0.26568448543548584,-0.15667855739593506,0.6637230515480042,1.5568922758102417,0.16271328926086426
2.82540675844806,7.55277744444622,-0.3822515202361181,-0.3822515202361181,0.05518808024730994,1.431208848953247,0.11140748113393784,1.5012245178222656,0.2650851905345917,-0.15377113223075867,0.7084574103355408,1.5576050281524658,0.3024778962135315
2.829787234042553,6.711938219901516,-1.453889116626836,-1.453889116626836,-0.1645404797991824,1.431696891784668,0.10344860702753067,1.5023857355117798,0.2717727720737457,-0.15066775679588318,0.6956827640533447,1.5589300394058228,0.2981815040111542
2.8341677096370463,4.478907809384036,1.6075541202450068,1.6075541202450068,-0.37805473636107945,1.4321500062942505,0.08993060141801834,1.5035762786865234,0.2728729844093323,-0.1476203352212906,0.6580296754837036,1.5602362155914307,0.18470728397369385
2.8385481852315397,5.240238896594068,0.1108580248597682,0.1108580248597682,0.45531259218568954,1.4325439929962158,0.07271923124790192,1.5047715902328491,0.2592490613460541,-0.1447378545999527,0.7160157561302185,1.5610452890396118,-0.028959766030311584
2.842928660826032,4.922551228780244,0.9880028240458478,0.9880028240458478,0.23776967131354743,1.4328625202178955,0.0804574266076088,1.5059071779251099,0.25092175602912903,-0.14160136878490448,0.7059565782546997,1.5609184503555298,0.183773472905159
2.8473091364205256,4.395181678781295,0.35528365927504174,0.35528365927504174,0.923806062206009,1.4332149028778076,0.08198466151952744,1.507006287574768,0.2404438704252243,-0.13850894570350647,0.7278657555580139,1.5617234706878662,0.2862604260444641
2.8516896120150186,4.850704205633335,-1.8699395341190976,-1.8699395341190976,-1.9284931689478655,1.4335740804672241,0.10545753687620163,1.5080595016479492,0.22667911648750305,-0.1353205442428589,0.711263120174408,1.5629774332046509,0.7445884943008423
2.8560700876095115,5.521329398904211,2.466428100495311,2.466428100495311,-0.5391227785155788,1.4340360164642334,0.040324561297893524,1.5090525150299072,0.2150828242301941,-0.13220487534999847,0.7129730582237244,1.5662391185760498,-0.2678898572921753
2.860450563204005,2.8747255896351622,0.18848575819276436,0.18848575819276436,1.4704906268035671,1.4342126846313477,0.01750357076525688,1.509994626045227,0.2084457278251648,-0.12908171117305756,0.8007446527481079,1.565065622329712,-0.5673375129699707
2.864831038798498,5.456547884252508,-0.05717913882290837,-0.05717913882290837,1.0285030792237018,1.4342893362045288,0.05985501781105995,1.510907769203186,0.18462401628494263,-0.12557406723499298,0.7633060216903687,1.5625804662704468,0.17920392751693726
2.8692115143929917,6.76075564775632,-1.0108006581744555,-1.0108006581744555,-0.9985832934512371,1.434551477432251,0.0859227180480957,1.5117164850234985,0.17793427407741547,-0.1222304254770279,0.7316006422042847,1.5633654594421387,0.6892496347427368
2.873591989987484,5.099730353669179,1.197139867698144,1.197139867698144,-0.34829197536378725,1.4349278211593628,0.048120249062776566,1.5124958753585815,0.17926904559135437,-0.11902566999197006,0.7312438488006592,1.5663846731185913,0.15091198682785034
2.877972465581977,4.388951253106745,1.2073230710532055,1.2073230710532055,-0.30121298548205666,1.4351385831832886,0.03223615512251854,1.5132811069488525,0.16994830965995789,-0.11582247167825699,0.7763753533363342,1.5670456886291504,-0.04653500020503998
2.8823529411764706,6.110059760883632,0.649944686963065,0.649944686963065,1.2344320734840863,1.4352798461914062,0.018634112551808357,1.5140255689620972,0.15595954656600952,-0.11242157965898514,0.8204293847084045,1.5668418407440186,-0.21687424182891846
2.8867334167709635,5.1990458942314675,1.61933597971304,1.61933597971304,0.38609271545817536,1.4353615045547485,0.05101493000984192,1.5147087574005127,0.15354026854038239,-0.10882771015167236,0.8033605217933655,1.5658918619155884,0.3985525965690613
2.891113892365457,7.363601089160448,-0.7259253572031783,-0.7259253572031783,-0.292868652104061,1.4355850219726562,0.05819367989897728,1.5153813362121582,0.14498630166053772,-0.10530860722064972,0.8393751382827759,1.5676376819610596,0.5807589888572693
2.89549436795995,8.95976861734577,-1.214800978908146,-1.214800978908146,0.2839974777045593,1.4358398914337158,0.04259096831083298,1.5160164833068848,0.15064196288585663,-0.10163174569606781,0.8267285227775574,1.5701817274093628,0.4066770672798157
2.899874843554443,2.8095360728718197,2.866385109442976,2.866385109442976,-1.1694307532982282,1.4360264539718628,0.04364408552646637,1.516676425933838,0.16697007417678833,-0.09801027923822403,0.7829588651657104,1.5719631910324097,0.5250294208526611
2.904255319148936,3.5303009361775537,0.019194706564472586,0.019194706564472586,-0.86963486884265,1.4362176656723022,0.0051352642476558685,1.517407774925232,0.142581969499588,-0.09458054602146149,0.9008175134658813,1.574263095855713,-0.08596986532211304
2.908635794743429,11.116459967417804,-0.22808870347792237,-0.22808870347792237,1.0849697698667917,1.4362401962280273,-0.024617204442620277,1.5180323123931885,0.12310009449720383,-0.0906345397233963,0.9267741441726685,1.573886513710022,-0.5446224212646484
2.913016270337922,6.7495593503020626,0.060383780518136754,0.060383780518136754,0.36932661617913587,1.4361323118209839,0.0003032814711332321,1.5185714960098267,0.1536533087491989,-0.08657483011484146,0.8884286880493164,1.5715007781982422,-0.017903923988342285
2.9173967459324155,5.134890629593221,0.017057298800446846,0.017057298800446846,-0.4919440536950885,1.436133623123169,0.006746494676917791,1.5192445516586304,0.15543875098228455,-0.08268308639526367,0.8794065713882446,1.5714223384857178,0.154150128364563
2.9217772215269084,7.483460898213302,-0.259284500945266,-0.259284500945266,-0.7062638438387433,1.4361631870269775,-0.012082243338227272,1.5199254751205444,0.14653755724430084,-0.07883086800575256,0.8942710161209106,1.5720975399017334,-0.1124730110168457
2.9261576971214014,7.579400175773439,1.6728049750053386,1.6728049750053386,0.5535656212582855,1.436110258102417,-0.038957130163908005,1.5205674171447754,0.15325623750686646,-0.07491353899240494,0.9073242545127869,1.57160484790802,-0.49480703473091125
2.930538172715895,5.705487605186089,-0.6051588970734416,-0.6051588970734416,0.22884124365979464,1.4359395503997803,-0.02668018266558647,1.5212388038635254,0.16052290797233582,-0.07093902677297592,0.940009593963623,1.5694373846054077,-0.22738489508628845
2.934918648310388,6.855316079714336,2.579051015613137,2.579051015613137,-0.24554354022105587,1.4358227252960205,-0.023032296448946,1.5219420194625854,0.1554328352212906,-0.06682133674621582,0.9156541228294373,1.5684412717819214,-0.12177032977342606
2.939299123904881,4.587866802586719,1.5726523320048322,1.5726523320048322,-0.5021015501061594,1.4357218742370605,-0.03449226915836334,1.5226229429244995,0.15797241032123566,-0.06281033903360367,0.9981412291526794,1.5679078102111816,-0.26191115379333496
2.943679599499374,8.095698629120857,-0.9338298087077013,-0.9338298087077013,0.45051174911522807,1.4355708360671997,-0.05244571343064308,1.5233149528503418,0.1454179733991623,-0.0584380067884922,1.0587306022644043,1.566760540008545,-0.5290496349334717
2.948060075093867,7.058489374681679,0.8924216046228365,0.8924216046228365,0.9964319611082738,1.4353411197662354,-0.04247931018471718,1.5239520072937012,0.1562279760837555,-0.05380026251077652,1.018303394317627,1.5644429922103882,-0.3105945289134979
2.9524405506883604,3.371319486516195,-0.9221143922145105,-0.9221143922145105,0.31010226830586335,1.4351550340652466,-0.01481555961072445,1.5246363878250122,0.16034415364265442,-0.04933960735797882,1.015265941619873,1.5630824565887451,0.19233503937721252
2.9568210262828534,5.249816557287016,-2.326468599066426,-2.326468599066426,-0.6830102017714499,1.435090184211731,-0.006593859754502773,1.5253387689590454,0.13985034823417664,-0.04489225894212723,0.9792813062667847,1.56392502784729,0.3477365970611572
2.9612015018773468,7.265349416010503,2.048798588693719,2.048798588693719,0.030642287719389573,1.4350613355636597,-0.02965262159705162,1.5259513854980469,0.13161258399486542,-0.04060254245996475,0.9312871098518372,1.56544828414917,-0.010266333818435669
2.96558197747184,4.519815184967762,-1.812971120056004,-1.812971120056004,0.4148008869192381,1.4349313974380493,-0.03114374727010727,1.5265278816223145,0.13697005808353424,-0.036523062735795975,0.9902236461639404,1.5654033422470093,-0.0024007055908441544
2.9699624530663327,6.251776522217222,0.5156434029648536,0.5156434029648536,0.23888914851069873,1.4347950220108032,-0.019676968455314636,1.5271278619766235,0.124134860932827,-0.03218541294336319,0.9251656532287598,1.5653928518295288,0.20692124962806702
2.974342928660826,4.654519656383818,0.7537460980563884,0.7537460980563884,-1.3041753632745545,1.434708833694458,-0.013939967378973961,1.5276715755462646,0.12278750538825989,-0.02813274785876274,0.9332477450370789,1.566299319267273,0.32480084896087646
2.978723404255319,7.451790005574495,-1.2218956226669035,-1.2218956226669035,-0.42125661491775157,1.434647798538208,-0.05534406751394272,1.5282094478607178,0.11057909578084946,-0.02404467761516571,0.9933455586433411,1.5677220821380615,-0.3504074215888977
2.983103879849812,7.187792880549369,-1.181966138200941,-1.181966138200941,0.7411984679553211,1.4344053268432617,-0.06985312700271606,1.5286937952041626,0.11712755262851715,-0.01969335228204727,0.9699643850326538,1.5661871433258057,-0.5722368955612183
2.9874843554443054,5.390339270799786,1.7183910160919853,1.7183910160919853,0.2577504895589959,1.4340993165969849,-0.04807654023170471,1.5292068719863892,0.12201540917158127,-0.015444446355104446,0.913801908493042,1.5636805295944214,-0.19378340244293213
2.9918648310387983,7.359916675029377,1.6284411623621569,1.6284411623621569,-0.7754319348610395,1.4338886737823486,-0.04074382781982422,1.5297414064407349,0.11496978998184204,-0.011441558599472046,0.956457257270813,1.5628316402435303,-0.062399253249168396
2.9962453066332912,7.217510739780053,-3.254820325446189,-3.254820325446189,1.0514640297691915,1.4337102174758911,-0.06532971560955048,1.530245065689087,0.12079859524965286,-0.007251820992678404,1.0266579389572144,1.5625582933425903,-0.4626309275627136
3.0006257822277846,6.657299032256573,-0.37853862510777986,-0.37853862510777986,-0.27278828429829444,1.4334239959716797,-0.03315131366252899,1.5307742357254028,0.12608537077903748,-0.0027545709162950516,0.9009007811546326,1.560531735420227,0.07921922206878662
3.0050062578222776,2.7992689949998195,0.9906963253867538,0.9906963253867538,1.249174894604605,1.4332787990570068,-0.04161551967263222,1.5313265323638916,0.12734481692314148,0.001191803254187107,0.89781254529953,1.5608787536621094,-0.05975341796875
3.009386733416771,4.826963605141197,-2.348587222429882,-2.348587222429882,-0.2647383889440528,1.4330965280532837,-0.002909421920776367,1.5318843126296997,0.10339051485061646,0.005124649498611689,0.8902641534805298,1.5606169700622559,0.5846830606460571
3.013767209011264,5.387435717714413,-0.7365018529206927,-0.7365018529206927,-0.2660822309124053,1.4330837726593018,-0.010792755521833897,1.5323371887207031,0.09238014370203018,0.009024430066347122,0.8294091820716858,1.5631781816482544,0.45059528946876526
3.018147684605757,7.409649561958258,0.44911710668057897,0.44911710668057897,0.5661095120037534,1.43303644657135,-0.018530042842030525,1.532741904258728,0.08515696227550507,0.012657636776566505,0.815671443939209,1.5651520490646362,0.3163034915924072
3.0225281602002503,3.4828095558574566,-1.2384937051123788,-1.2384937051123788,-0.0016440340761266006,1.432955265045166,-0.0001483764499425888,1.5331149101257324,0.09158241003751755,0.016230665147304535,0.8122549057006836,1.566537618637085,0.61211097240448
3.0269086357947432,7.728477644820875,-0.6956251474821238,-0.6956251474821238,-0.7902765780980138,1.4329546689987183,0.00030996938585303724,1.5335160493850708,0.07169467210769653,0.019788727164268494,0.7761349678039551,1.5692189931869507,0.6134706139564514
3.0312891113892366,8.623980665821374,-0.9220842644498229,-0.9220842644498229,-0.7400346795301208,1.4329559803009033,-0.022802874445915222,1.5338300466537476,0.0800255686044693,0.02318856678903103,0.778899073600769,1.571906328201294,0.2114892303943634
3.0356695869837296,8.198300208378992,0.9940966512391771,0.9940966512391771,0.4354472149309851,1.4328560829162598,-0.04400224983692169,1.5341806411743164,0.09446297585964203,0.026600515469908714,0.7735826373100281,1.572832703590393,-0.1638299524784088
3.0400500625782225,5.48623061306376,-2.0720694590631803,-2.0720694590631803,-0.02264637754547197,1.4326633214950562,-0.0287115927785635,1.5345944166183472,0.10601416230201721,0.029989175498485565,0.7898969650268555,1.5721150636672974,0.06670431792736053
3.044430538172716,4.16604005066876,-1.110899693510472,-1.110899693510472,-0.3479590036491739,1.43253755569458,-0.02802480198442936,1.535058856010437,0.09954789280891418,0.03344929963350296,0.730047345161438,1.5724072456359863,0.05990198999643326
3.048811013767209,6.057721932947831,2.3220860561720804,2.3220860561720804,0.803755857383938,1.4324147701263428,-0.0376109704375267,1.5354949235916138,0.08431030809879303,0.0366472527384758,0.7077670693397522,1.5726696252822876,-0.11523767560720444
3.053191489361702,7.54145284641536,-0.18285223211619595,-0.18285223211619595,0.3781932831574575,1.4322500228881836,-0.01088806800544262,1.535864233970642,0.08158779889345169,0.039747610688209534,0.7521071434020996,1.57216477394104,0.3053055703639984
3.057571964956195,3.3837641379829533,-0.31690184479191696,-0.31690184479191696,-0.33743863733620433,1.4322023391723633,0.003338869661092758,1.5362216234207153,0.08873982727527618,0.043042197823524475,0.7357228398323059,1.5735021829605103,0.5090683698654175
3.061952440550688,7.156122322818915,-1.2612302166922176,-1.2612302166922176,-0.43095944023963256,1.432217001914978,-0.005873250775039196,1.5366103649139404,0.06823249161243439,0.04626501351594925,0.7363225817680359,1.5757321119308472,0.33946651220321655
3.066332916145181,7.364377259100801,-1.06919586867813,-1.06919586867813,-0.5922557891700423,1.432191252708435,-0.01644759252667427,1.5369092226028442,0.07288196682929993,0.04949045553803444,0.7120760679244995,1.5772191286087036,0.1266137808561325
3.0707133917396745,9.15454330169719,-0.9352430046314467,-0.9352430046314467,-0.3731715043140299,1.4321192502975464,-0.03174755722284317,1.5372284650802612,0.07898566126823425,0.05260968580842018,0.6981478929519653,1.5777738094329834,-0.16866429150104523
3.0750938673341675,4.836173027085802,-1.4573013931900456,-1.4573013931900456,0.3042793653830982,1.4319801330566406,-0.03930690884590149,1.5375744104385376,0.09694065898656845,0.05566790699958801,0.6817336082458496,1.5770349502563477,-0.3479790687561035
3.079474342928661,4.126624474239481,-1.2265719773791626,-1.2265719773791626,0.6125031584153646,1.4318079948425293,-0.027663206681609154,1.5379990339279175,0.08602066338062286,0.05865422636270523,0.6302898526191711,1.5755106210708618,-0.18384967744350433
3.083854818523154,6.158039515629158,-0.23152880112956417,-0.23152880112956417,-0.2462780721743884,1.4316867589950562,-0.0066996980458498,1.5383758544921875,0.07037283480167389,0.06141519546508789,0.5765830278396606,1.5747052431106567,0.13854263722896576
3.0882352941176467,5.1942499475031125,-0.06389977426177106,-0.06389977426177106,0.9789597784190602,1.4316574335098267,-0.011142104864120483,1.5386841297149658,0.06834089010953903,0.06394090503454208,0.5770137310028076,1.5753121376037598,0.02262444794178009
3.09261576971214,6.018226931018957,0.08904392185525309,0.08904392185525309,-0.6129582209152346,1.4316086769104004,0.021911989897489548,1.5389834642410278,0.05973779782652855,0.0664684996008873,0.5465589165687561,1.5754112005233765,0.5364453792572021
3.096996245306633,7.016307348666712,-0.254694525837365,-0.254694525837365,-0.6528775124812397,1.4317046403884888,0.0063090818002820015,1.5392451286315918,0.05675036460161209,0.068862684071064,0.5670595765113831,1.5777610540390015,0.23220211267471313
3.1013767209011265,8.016091816772938,-0.6284679665440381,-0.6284679665440381,0.2712307866040656,1.4317322969436646,-0.009859719313681126,1.5394936800003052,0.06049737706780434,0.07134667783975601,0.5786877870559692,1.5787782669067383,-0.09068700671195984
3.1057571964956194,3.385892197044851,0.0867341367155799,0.0867341367155799,-0.5404393236549847,1.4316891431808472,0.0032736556604504585,1.5397586822509766,0.07067770510911942,0.0738816037774086,0.5524137020111084,1.578381061553955,0.06472574174404144
3.1101376720901124,8.37718040281326,-0.9145347589969435,-0.9145347589969435,-0.5678575036820748,1.4317034482955933,-0.011357588693499565,1.54006826877594,0.050307001918554306,0.0763014405965805,0.57072913646698,1.5786645412445068,-0.2067290097475052
3.1145181476846058,4.540550952052515,-1.7501270517900063,-1.7501270517900063,-0.2417465441796285,1.4316537380218506,-0.023602455854415894,1.5402886867523193,0.06305988132953644,0.07880150526762009,0.5606050491333008,1.577759027481079,-0.4815301299095154
3.1188986232790987,5.101139698038616,-1.178206333269634,-1.178206333269634,0.7101544035402583,1.43155038356781,-0.028093703091144562,1.5405648946762085,0.05020809918642044,0.08125722408294678,0.5165555477142334,1.5756497383117676,-0.5959805846214294
3.123279098873592,4.569851487795342,2.875643995295001,2.875643995295001,-0.3450887984307477,1.4314273595809937,-0.0026552099734544754,1.5407848358154297,0.04087969288229942,0.08351998031139374,0.46140941977500916,1.5730390548706055,-0.218125581741333
3.127659574468085,4.242594912186444,-0.07780992431388847,-0.07780992431388847,-1.0010210522570346,1.4314156770706177,-0.01009967178106308,1.540963888168335,0.028233738616108894,0.08554117381572723,0.555465042591095,1.572083592414856,-0.38441479206085205
3.132040050062578,7.111514482730115,-0.031584255584360135,-0.031584255584360135,0.7734156793124827,1.4313714504241943,-0.037978269159793854,1.5410875082015991,0.013402184471487999,0.08797437697649002,0.5824257135391235,1.5703996419906616,-0.8890201449394226
3.136420525657071,7.826318592238135,-1.3795028805605423,-1.3795028805605423,-0.3200221563673592,1.4312050342559814,-0.008737267926335335,1.541146159172058,0.017391933128237724,0.09052567929029465,0.5589171648025513,1.5665053129196167,-0.4712101221084595
3.1408010012515644,7.569621526009531,0.1939086115449317,0.1939086115449317,1.1961085739188095,1.4311667680740356,-0.012547383084893227,1.541222333908081,0.02621300145983696,0.09297399967908859,0.5279769897460938,1.564441204071045,-0.613147497177124
3.1451814768460573,4.8431379473727185,1.549789632656122,1.549789632656122,-0.39258568963496354,1.4311118125915527,0.03051147796213627,1.5413371324539185,0.033560868352651596,0.0952867865562439,0.4987095594406128,1.5617552995681763,0.02620398998260498
3.1495619524405507,4.415149144188926,-0.33857033713665197,-0.33857033713665197,0.01715128224667886,1.4312454462051392,0.02237590402364731,1.5414841175079346,0.022582685574889183,0.09747137129306793,0.5554330945014954,1.5618700981140137,-0.1604285091161728
3.153942428035044,8.73191519752011,0.2688229452155878,0.2688229452155878,0.8627167063809122,1.43134343624115,0.02663707546889782,1.5415830612182617,0.008869228884577751,0.09990443289279938,0.5450448989868164,1.5611673593521118,-0.13709457218647003
3.1583229036295366,3.4477752601379317,-0.9064049079212675,-0.9064049079212675,-0.07452859009777871,1.4314601421356201,0.060883209109306335,1.5416219234466553,0.024006515741348267,0.10229198634624481,0.5277013182640076,1.560566782951355,0.33682459592819214
3.16270337922403,6.655606591755846,-1.9631957340288322,-1.9631957340288322,-0.758903561001628,1.4317268133163452,0.0616413839161396,1.541727066040039,0.0038207434117794037,0.10460356622934341,0.503407895565033,1.562042236328125,0.31040462851524353
3.167083854818523,7.16346760967385,0.05991134544414982,0.05991134544414982,0.5733935541207312,1.4319968223571777,0.04419884830713272,1.5417437553405762,0.0046956464648246765,0.10680872946977615,0.4682387411594391,1.5634019374847412,-0.05724143981933594
3.1714643304130163,9.739339449908792,1.2219368733725045,1.2219368733725045,0.32525867708899986,1.4321904182434082,0.06852854788303375,1.5417643785476685,0.00928192026913166,0.1088598370552063,0.4532434344291687,1.563151240348816,0.2633676826953888
3.1758448060075093,3.9516163285779573,-1.376162163336207,-1.376162163336207,0.40505507864264634,1.432490587234497,0.08773206174373627,1.5418050289154053,0.03083767555654049,0.11084526032209396,0.4794292747974396,1.5643049478530884,0.46592313051223755
3.1802252816020022,7.6631213359664105,-2.4004754302188704,-2.4004754302188704,-0.28798943428077645,1.4328749179840088,0.10402637720108032,1.5419400930404663,0.014040486887097359,0.11294538527727127,0.42741209268569946,1.5663459300994873,0.6888801455497742
3.184605757196496,6.812836824832247,-1.6259954646845785,-1.6259954646845785,-0.7738651517584663,1.4333306550979614,0.10253739356994629,1.5420016050338745,0.021601339802145958,0.11481765657663345,0.36572080850601196,1.5693635940551758,0.5682859420776367
3.1889862327909886,5.405101106378253,-1.7134286529355174,-1.7134286529355174,0.5337311398383942,1.4337798357009888,0.08527039736509323,1.5420962572097778,0.02356795035302639,0.11641968786716461,0.34083589911460876,1.5718529224395752,0.19408822059631348
3.193366708385481,5.057628563513928,-1.6494870884889032,-1.6494870884889032,0.8498304762391828,1.4341533184051514,0.10710949450731277,1.5421994924545288,0.016306497156620026,0.11791270971298218,0.27521172165870667,1.5727031230926514,0.48826295137405396
3.197747183979975,5.765156121389145,-0.915464145884918,-0.915464145884918,-0.7148003424991316,1.4346225261688232,0.13843610882759094,1.5422708988189697,0.006655306555330753,0.11911826580762863,0.20222371816635132,1.5748419761657715,0.9441297054290771
3.202127659574468,8.313847878627376,-0.9698301180601151,-0.9698301180601151,-0.1437403336113382,1.435228943824768,0.1221214234828949,1.5423001050949097,0.0016410592943429947,0.12000410258769989,0.19636370241641998,1.5789777040481567,0.5963912010192871
3.206508135168961,6.898777948725788,1.382667797950151,1.382667797950151,-0.07911402363038464,1.4357638359069824,0.1260240525007248,1.5423072576522827,0.013546722941100597,0.12086427211761475,0.1722392588853836,1.581590175628662,0.5510361194610596
3.210888610763454,7.914559821092864,0.6052876414747409,0.6052876414747409,0.4150382530164935,1.436315894126892,0.1305209845304489,1.542366623878479,0.0160975381731987,0.12161876261234283,0.21492792665958405,1.5840039253234863,0.5337168574333191
3.215269086357947,5.697103503961189,-1.0077368830844189,-1.0077368830844189,-0.15596423948177063,1.4368876218795776,0.1513347625732422,1.542437195777893,0.02515975385904312,0.12256024777889252,0.22048380970954895,1.5863418579101562,0.7739920020103455
3.219649561952441,6.6480036190725205,-0.5550663393253142,-0.5550663393253142,-0.580971758157012,1.4375505447387695,0.15227621793746948,1.5425474643707275,0.01972978003323078,0.12352607399225235,0.19560934603214264,1.58973228931427,0.7124686241149902
3.224030037546933,6.117829440067149,1.1439492067362325,1.1439492067362325,-0.49631381072574443,1.4382176399230957,0.14105281233787537,1.5426338911056519,0.02085987478494644,0.12438293546438217,0.1963658630847931,1.5928531885147095,0.43466049432754517
3.2284105131414265,7.929266484065579,-1.1727741095454227,-1.1727741095454227,-0.29901513919862055,1.4388355016708374,0.13192059099674225,1.5427253246307373,0.01856395974755287,0.12524311244487762,0.24426674842834473,1.5947571992874146,0.19832375645637512
3.23279098873592,5.730418575339262,1.1288909868707118,1.1288909868707118,-0.2789637704613993,1.4394134283065796,0.1307583749294281,1.542806625366211,0.028140738606452942,0.12631312012672424,0.2187502235174179,1.5956259965896606,0.06908662617206573
3.237171464330413,4.725628260771429,-1.4567270578889229,-1.4567270578889229,-0.388715961779857,1.439986228942871,0.12801788747310638,1.5429298877716064,0.023199379444122314,0.1272713541984558,0.25986403226852417,1.59592866897583,-0.05666106939315796
3.241551939924906,9.056914732708226,1.3447296995227418,1.3447296995227418,0.5183221092327571,1.440546989440918,0.12088872492313385,1.5430314540863037,0.011710933409631252,0.12840968370437622,0.2286747246980667,1.5956804752349854,-0.24199676513671875
3.245932415519399,7.076005743198044,-0.14757458889938085,-0.14757458889938085,-0.2877333550768073,1.4410765171051025,0.1463693529367447,1.5430827140808105,0.028078842908143997,0.12941138446331024,0.25280845165252686,1.5946204662322998,0.05394342541694641
3.250312891113892,5.494990039045061,-2.1552871021121374,-2.1552871021121374,-0.32749685007893214,1.4417177438735962,0.1449374258518219,1.543205738067627,0.03199748322367668,0.1305188089609146,0.2569015324115753,1.5948567390441895,-0.07121306657791138
3.254693366708385,7.161304105852913,-2.543749980598018,-2.543749980598018,-0.6720302326445906,1.4423526525497437,0.14065778255462646,1.5433459281921387,0.025511667132377625,0.13164415955543518,0.20352426171302795,1.594544768333435,-0.22185786068439484
3.2590738423028784,4.656162122924567,0.8453921977198126,0.8453921977198126,-0.4153769889719037,1.4429688453674316,0.12757135927677155,1.5434576272964478,0.03024788200855255,0.13253569602966309,0.14886410534381866,1.593572974205017,-0.5441870093345642
3.2634543178973714,9.498948201512356,-0.6400742883660396,-0.6400742883660396,1.4168006338330523,1.4435276985168457,0.11977103352546692,1.5435900688171387,0.018193960189819336,0.13318778574466705,0.18568256497383118,1.5911891460418701,-0.7423843741416931
3.267834793491865,7.814345508214862,-2.829593486351435,-2.829593486351435,-0.48916153730437745,1.4440523386001587,0.17395228147506714,1.5436698198318481,0.03681964427232742,0.13400116562843323,0.12561529874801636,1.5879371166229248,0.020499348640441895
3.2722152690863577,4.671226100795815,0.9385953048882679,0.9385953048882679,-0.4431240938921279,1.4448143243789673,0.16746947169303894,1.5438311100006104,0.045633088797330856,0.13455142080783844,0.05726727098226547,1.5880268812179565,-0.20330335199832916
3.2765957446808507,7.63612264690058,1.4669792485490631,1.4669792485490631,1.0323437095600576,1.4455479383468628,0.15895509719848633,1.544031023979187,0.03368484228849411,0.13480228185653687,0.09761785715818405,1.5871362686157227,-0.4146575331687927
3.280976220275344,5.913090222853162,-1.131894556887532,-1.131894556887532,-0.5162174395251066,1.446244239807129,0.19938018918037415,1.5441786050796509,0.04049265384674072,0.1352299004793167,0.11031059175729752,1.5853198766708374,0.1450304388999939
3.285356695869837,5.772991589659482,-1.5692387774825243,-1.5692387774825243,-2.179728177598343,1.447117567062378,0.19004757702350616,1.5443559885025024,0.03673287108540535,0.1357131153345108,0.09233086556196213,1.5859551429748535,-0.09886586666107178
3.2897371714643304,5.641057609134989,-0.26576904837383686,-0.26576904837383686,0.9700050193671298,1.4479501247406006,0.12914028763771057,1.544516921043396,0.03283892944455147,0.13611756265163422,0.11015909165143967,1.5855220556259155,-1.2002182006835938
3.294117647058824,8.470197651061612,0.8656451359207539,0.8656451359207539,-0.21696339263191067,1.448515772819519,0.16549067199230194,1.5446608066558838,0.026233956217765808,0.13660010695457458,0.07407057285308838,1.5802645683288574,-0.6794260144233704
3.2984981226533163,8.48284962719476,-1.074809268338833,-1.074809268338833,-0.5986424591634193,1.4492406845092773,0.16845287382602692,1.5447757244110107,0.03904777020215988,0.13692456483840942,0.10568617284297943,1.5772883892059326,-0.7579790949821472
3.3028785982478097,6.40653263928665,0.09357723024274309,0.09357723024274309,1.8003562762545968,1.4499785900115967,0.15969692170619965,1.5449467897415161,0.0519750751554966,0.13738751411437988,0.09178058803081512,1.5739680528640747,-1.0322344303131104
3.3072590738423027,7.282838759511244,-0.32554769208957235,-0.32554769208957235,-0.4515568583297351,1.4506781101226807,0.22280043363571167,1.545174479484558,0.05078885704278946,0.1377895623445511,0.04193722829222679,1.569446325302124,-0.07832562923431396
3.311639549436796,7.384140683895108,0.7063812507086216,0.7063812507086216,0.27278122071155547,1.451654076576233,0.21737144887447357,1.5453969240188599,0.055822666734457016,0.13797326385974884,0.04561709612607956,1.5691032409667969,-0.2796974778175354
3.316020025031289,4.699443197854034,-2.288097193756771,-2.288097193756771,-0.16416887249385548,1.4526063203811646,0.23447588086128235,1.5456414222717285,0.06153810769319534,0.13817308843135834,0.05827959254384041,1.567878007888794,-0.10739479959011078
3.320400500625782,9.282307815493237,-2.5212738021309513,-2.5212738021309513,-0.27252518389682734,1.453633427619934,0.23493514955043793,1.5459109544754028,0.04953860491514206,0.13842837512493134,-0.003745846450328827,1.5674076080322266,-0.1715259850025177
3.324780976220276,4.691154315741618,-1.9104921722270378,-1.9104921722270378,-0.2637608747620003,1.454662561416626,0.23747025430202484,1.5461279153823853,0.06774169206619263,0.1384119689464569,-0.06941643357276917,1.566656231880188,-0.27133890986442566
3.3291614518147683,4.48115331031006,0.0443558481953652,0.0443558481953652,-0.19585716229608072,1.455702781677246,0.23486018180847168,1.5464246273040771,0.055652767419815063,0.13810789585113525,-0.11750620603561401,1.5654675960540771,-0.3865981698036194
3.3335419274092613,5.168961606149997,2.248459210067603,2.248459210067603,0.6095384244786983,1.4567315578460693,0.23410005867481232,1.5466684103012085,0.04216320067644119,0.13759316504001617,-0.11049122363328934,1.5637741088867188,-0.4676801562309265
3.337922403003754,3.8865026065068293,-0.6809144997245821,-0.6809144997245821,-0.1359987875116549,1.4577569961547852,0.25905123353004456,1.5468530654907227,0.033361177891492844,0.1371091604232788,-0.06262954324483871,1.5617254972457886,-0.13066011667251587
3.342302878598248,4.100320224869322,-0.950531135935664,-0.950531135935664,0.4663281509860281,1.458891749382019,0.25943318009376526,1.546999216079712,0.015986243262887,0.13683481514453888,-0.0785428136587143,1.5611531734466553,-0.18321013450622559
3.3466833541927405,8.265743884091805,0.33144555998493497,0.33144555998493497,0.49298520897232295,1.4600281715393066,0.27868717908859253,1.5470691919326782,0.00019645877182483673,0.13649076223373413,-0.11991959810256958,1.5603506565093994,0.0755108892917633
3.351063829787234,4.865073058957289,-0.8997229315529139,-0.8997229315529139,0.4566850091827151,1.4612489938735962,0.3036646246910095,1.547070026397705,0.011920612305402756,0.13596545159816742,-0.12463706731796265,1.5606814622879028,0.366879403591156
3.355444305381727,6.769337618009075,0.7350424647855863,0.7350424647855863,0.6120652920268094,1.4625791311264038,0.32349085807800293,1.5471222400665283,0.0011580279096961021,0.13541948795318604,-0.1642484813928604,1.562288522720337,0.6240254640579224
3.3598247809762203,6.796781642954142,-2.515285737669158,-2.515285737669158,-0.9035613374026924,1.463996171951294,0.3503042161464691,1.547127366065979,0.0029121714178472757,0.1347000002861023,-0.1606571525335312,1.5650219917297363,0.9693364500999451
3.364205256570713,3.6238694327460306,-1.6381049591029107,-1.6381049591029107,-0.4802977458843532,1.4655306339263916,0.3302083909511566,1.547140121459961,0.004379544407129288,0.13399624824523926,-0.20772461593151093,1.5692681074142456,0.5333213806152344
3.368585732165206,8.187892257129278,-1.3495946008091402,-1.3495946008091402,-0.30848854433991185,1.4669771194458008,0.3194882273674011,1.5471593141555786,-0.014780249446630478,0.13308630883693695,-0.24153625965118408,1.5716042518615723,0.30105096101760864
3.3729662077597,6.749401289018013,-0.6495047944573964,-0.6495047944573964,-0.8027945941457065,1.468376636505127,0.3191865384578705,1.5470945835113525,-0.0037435712292790413,0.132028266787529,-0.27193987369537354,1.572922945022583,0.17553675174713135
3.3773466833541925,5.97891679510728,-0.4230810892048482,-0.4230810892048482,-0.31261202926166676,1.469774842262268,0.3018999695777893,1.5470781326293945,-0.002133344765752554,0.13083703815937042,-0.2674633264541626,1.5736918449401855,-0.21096301078796387
3.381727158948686,7.789417394719768,-0.5248850312696712,-0.5248850312696712,0.1591491411888751,1.4710973501205444,0.2988421320915222,1.5470688343048096,-0.005630631931126118,0.12966541945934296,-0.27068936824798584,1.572767734527588,-0.348405659198761
3.386107634543179,8.362214525766,1.1028623683461802,1.1028623683461802,-1.6262750245692907,1.4724063873291016,0.3123099207878113,1.5470441579818726,0.0027724895626306534,0.12847967445850372,-0.29066532850265503,1.5712414979934692,-0.23575051128864288
3.390488110137672,5.968285225235934,-1.5404758717512137,-1.5404758717512137,0.8004805847100376,1.4737744331359863,0.2711356282234192,1.5470563173294067,0.015017491765320301,0.12720641493797302,-0.21096587181091309,1.5702087879180908,-1.0404598712921143
3.394868585732165,4.865924886809197,-2.2377017977604776,-2.2377017977604776,0.9399723650742448,1.4749621152877808,0.3023415207862854,1.5471221208572388,0.011187111958861351,0.12628228962421417,-0.27932924032211304,1.5656510591506958,-0.6045953631401062
3.399249061326658,4.588313889995544,-0.5534447722084416,-0.5534447722084416,0.40737497798478056,1.47628653049469,0.3366718590259552,1.5471711158752441,0.0004099356010556221,0.12505869567394257,-0.37212738394737244,1.563002586364746,-0.10067814588546753
3.403629536921151,6.450293614928527,-0.06602049289322809,-0.06602049289322809,-0.07300315627157887,1.4777612686157227,0.354206919670105,1.5471729040145874,-0.012151184491813183,0.1234285980463028,-0.40018635988235474,1.5625615119934082,0.12796300649642944
3.4080100125156445,6.1117255006370925,0.2443793568693179,0.2443793568693179,-0.20510564632539907,1.4793128967285156,0.3588081896305084,1.5471196174621582,-0.01251901313662529,0.12167558819055557,-0.3999824523925781,1.563122034072876,0.11654359102249146
3.412390488110137,5.225620677888833,-1.3465750639309662,-1.3465750639309662,-0.5493440370033745,1.4808846712112427,0.3588677644729614,1.5470647811889648,-0.015145976096391678,0.11992347240447998,-0.3868560791015625,1.563632607460022,0.03526756912469864
3.4167709637046304,9.42766082725016,0.06528086157364282,0.06528086157364282,-0.09378392181641045,1.4824566841125488,0.3472723066806793,1.546998381614685,-0.023693203926086426,0.11822886019945145,-0.41013774275779724,1.5637871026992798,-0.22722956538200378
3.421151439299124,4.746905020218857,1.9333142947162776,1.9333142947162776,0.18047055455068978,1.4839779138565063,0.35396143794059753,1.5468945503234863,-0.0043600182980299,0.11643226444721222,-0.40549254417419434,1.5627917051315308,-0.23912420868873596
3.4255319148936167,5.353850737368904,2.2560578921975973,2.2560578921975973,-0.393939713171593,1.4855284690856934,0.36430680751800537,1.5468754768371582,-0.015906687825918198,0.11465601623058319,-0.3543039560317993,1.561744213104248,-0.12794151902198792
3.42991239048811,3.477546925104372,-2.2511295106147102,-2.2511295106147102,-0.44073646666057686,1.4871243238449097,0.35742950439453125,1.546805739402771,-0.02357468008995056,0.11310399323701859,-0.27691560983657837,1.5611838102340698,-0.31043922901153564
3.434292866082603,3.7841305342196816,0.3846905562847264,0.3846905562847264,0.2161720478844618,1.4886900186538696,0.3472045958042145,1.54670250415802,-0.04369289427995682,0.11189097166061401,-0.3297848105430603,1.559823989868164,-0.5243080258369446
3.438673341677096,6.294935627139926,-0.9520557397528948,-0.9520557397528948,-0.2999212096641127,1.4902108907699585,0.3575633466243744,1.5465110540390015,-0.061620451509952545,0.11044635623693466,-0.3248635232448578,1.5575273036956787,-0.3986126780509949
3.443053817271589,7.250319389506269,-0.8085840293330303,-0.8085840293330303,0.5751303073489883,1.4917771816253662,0.3543512225151062,1.5462411642074585,-0.06308694928884506,0.10902330279350281,-0.3439079225063324,1.5557812452316284,-0.5290873050689697
3.4474342928660824,8.1551933469421,-0.01781752837147299,-0.01781752837147299,-0.8254502486945067,1.493329405784607,0.3790517747402191,1.5459648370742798,-0.05786031484603882,0.1075168251991272,-0.3843167722225189,1.5534635782241821,-0.2050880491733551
3.451814768460576,7.89282400465315,-1.7266674238640118,-1.7266674238640118,0.4567644079534315,1.4949898719787598,0.3612413704395294,1.5457113981246948,-0.0472758412361145,0.10583333671092987,-0.3607313334941864,1.5525652170181274,-0.5988907814025879
3.4561952440550687,9.070104882018228,-1.0168446982691897,-1.0168446982691897,-0.11289948778027857,1.4965722560882568,0.38272857666015625,1.5455043315887451,-0.03780148923397064,0.10425316542387009,-0.4244944751262665,1.5499417781829834,-0.3333997428417206
3.4605757196495617,7.4482163704471525,1.245889769073442,1.245889769073442,0.16940703120622572,1.498248815536499,0.3876228630542755,1.545338749885559,-0.020777985453605652,0.10239367932081223,-0.45089253783226013,1.5484813451766968,-0.35655859112739563
3.464956195244055,8.54224239526242,-0.7838781958101111,-0.7838781958101111,0.8024967587587291,1.4999468326568604,0.3996484875679016,1.5452476739883423,-0.014303620904684067,0.10041855275630951,-0.4194558262825012,1.5469194650650024,-0.2406451553106308
3.469336670838548,9.616812489745325,-1.4151929381789738,-1.4151929381789738,-1.3332383706186437,1.5016975402832031,0.432123601436615,1.5451849699020386,-7.04936683177948e-05,0.09858113527297974,-0.4657829999923706,1.5458652973175049,0.20548506081104279
3.473717146433041,4.474761800714223,-0.51964664005979,-0.51964664005979,-0.3110799896101685,1.50359046459198,0.39940887689590454,1.54518461227417,0.01968379318714142,0.09654078632593155,-0.46817633509635925,1.5467654466629028,-0.4446558356285095
3.4780976220275344,5.2853806408641955,-1.9870693865318003,-1.9870693865318003,0.286001974601022,1.5053400993347168,0.3936637043952942,1.5452708005905151,0.006103144958615303,0.09448995441198349,-0.4742671549320221,1.5448176860809326,-0.5882558822631836
3.4824780976220278,5.347957561366691,-0.09906006912453955,-0.09906006912453955,0.38338484345326457,1.5070645809173584,0.40700557827949524,1.5452975034713745,-0.001670746598392725,0.09241244196891785,-0.5406480431556702,1.542240858078003,-0.4212889075279236
3.4868585732165203,8.896209038727,0.786378078149967,0.786378078149967,0.28930302652655593,1.5088474750518799,0.423340380191803,1.545290231704712,-0.008866352960467339,0.09004414826631546,-0.5547369718551636,1.5403953790664673,-0.20384354889392853
3.4912390488110137,6.377647725093336,-0.9891166375302552,-0.9891166375302552,0.5236950854665934,1.5107018947601318,0.43959158658981323,1.5452513694763184,0.007466929033398628,0.08761413395404816,-0.5402207970619202,1.539502501487732,-0.021763861179351807
3.4956195244055066,3.41473177615946,-3.260874350375569,-3.260874350375569,0.3172023463789354,1.5126274824142456,0.46089667081832886,1.5452840328216553,0.00733976811170578,0.0852477103471756,-0.5843997001647949,1.5394071340560913,0.27139711380004883
