t,u1,u2,u3,tau,x_q,xdot_q,z_q,zdot_q,theta,theta_dot,beta,beta_dot
0.0,2.692720829125444,-3.5112331757706503,-3.5112331757706503,-0.6329801743029217,-2.0,0.0,2.0,0.0,1.1281905784771284e-05,0.0,0.3490658503991208,0.0
0.0043804755944931,6.058476354791502,-0.837360867453417,-0.837360867453417,-0.08633193645198545,-2.0,-0.0033691832795739174,2.0,-0.03430363908410072,1.1281906154181343e-05,-0.08405411243438721,0.3490658402442932,-0.1172194853425026
0.0087609511889862,4.9530743796776635,0.8306343199103936,0.8306343199103936,-0.41500495908001966,-2.0000147819519043,-0.00022057117894291878,1.9998496770858765,-0.02830856293439865,-0.00035691511584445834,-0.10598653554916382,0.3485523760318756,-0.007861807942390442
0.0131414267834793,7.261504239688918,-0.18068568683170866,-0.18068568683170866,-1.3577253649973802,-2.0000157356262207,-0.00042297650361433625,1.9997256994247437,-0.038831811398267746,-0.0008211865788325667,-0.06960991770029068,0.34851792454719543,-0.014504083432257175
0.0175219023779724,3.9325876471994383,-0.25806645476686957,-0.25806645476686957,-0.05144565476719076,-2.0000176429748535,-0.00674030277878046,1.9995555877685547,-0.05073990672826767,-0.0011261111358180642,-0.03523663058876991,0.34845438599586487,-0.23323193192481995
0.0219023779724655,5.9680409089469535,0.018037839421898183,0.018037839421898183,-1.4303055886660188,-2.000047206878662,-0.004677711986005306,1.999333381652832,-0.06183191388845444,-0.0012804643483832479,-0.04127061367034912,0.3474327325820923,-0.16098305583000183
0.0262828535669586,7.001513048704184,-1.626604189502121,-1.626604189502121,-0.07955349352840047,-2.000067710876465,-0.012372007593512535,1.9990625381469727,-0.08620896190404892,-0.0014612493105232716,0.001025605946779251,0.34672755002975464,-0.4284067749977112
0.0306633291614518,7.030325694483729,0.14329946275249122,0.14329946275249122,0.21816272704859452,-2.000121831893921,-0.008604823611676693,1.9986848831176758,-0.07215488702058792,-0.0014567566104233265,-0.044153179973363876,0.34485092759132385,-0.2963404655456543
0.0350438047559449,5.554394533596809,0.2077440501995197,0.2077440501995197,0.14326830096007492,-2.000159502029419,-0.0025105089880526066,1.9983688592910767,-0.051264382898807526,-0.0016501685604453087,-0.046339426189661026,0.343552827835083,-0.08050709962844849
0.039424280350438,6.919258317951987,-1.2112091696977512,-1.2112091696977512,-1.1228220296032967,-2.0001704692840576,0.0020296177826821804,1.998144268989563,-0.044405218213796616,-0.0018531573005020618,-0.04445653036236763,0.3432001769542694,0.08194977045059204
0.0438047559449311,7.957578084455256,1.5215388347131276,1.5215388347131276,-0.04703500280359252,-2.000161647796631,-0.002592969685792923,1.9979497194290161,-0.05401898920536041,-0.0020478980150073767,-0.04703771322965622,0.3435591459274292,-0.0785689651966095
0.0481852315394242,7.778763205330998,1.5095933836003594,1.5095933836003594,-0.7306004873648028,-2.0001730918884277,0.0018969769589602947,1.9977130889892578,-0.03116876631975174,-0.0022539456840604544,-0.0012303851544857025,0.3432149887084961,0.08379308879375458
0.0525657071339173,9.348381967154047,2.260181530097009,2.260181530097009,-0.6426180592135963,-2.000164747238159,0.0008718889439478517,1.9975765943527222,-0.02490570768713951,-0.002259335247799754,0.06419037282466888,0.34358203411102295,0.05158846825361252
0.0569461827284105,5.4127755686917824,-1.2800030157859483,-1.2800030157859483,-0.10368252579373594,-2.0001609325408936,0.0014942954294383526,1.9974675178527832,-0.0035139676183462143,-0.001978150801733136,0.14896133542060852,0.34380802512168884,0.07850731909275055
0.0613266583229036,8.760868923798046,0.10121563505886355,0.10121563505886355,-0.8119096388384973,-2.000154495239258,0.0039871628396213055,1.9974521398544312,-0.0032971103210002184,-0.0013256293023005128,0.11460904777050018,0.34415191411972046,0.16894632577896118
0.0657071339173967,5.974537441909742,1.0731159562413146,1.0731159562413146,-1.3548028612997913,-2.0001370906829834,0.002977693686261773,1.9974377155303955,0.009421830996870995,-0.00082358717918396,0.14127519726753235,0.3448919653892517,0.1357240229845047
0.0700876095118898,6.958156330126323,-0.003590446471298636,-0.003590446471298636,0.41649961079061104,-2.000123977661133,-0.004040936939418316,1.99747896194458,-0.01324235275387764,-0.0002047346206381917,0.21217812597751617,0.34548649191856384,-0.11035764217376709
0.0744680851063829,3.5716662067305873,1.5193294572367342,1.5193294572367342,-0.2709661425516997,-2.0001416206359863,0.0036266562528908253,1.9974209070205688,0.011424021795392036,0.0007247065077535808,0.19991016387939453,0.34500306844711304,0.15923073887825012
0.078848560700876,7.323976464419462,-2.559519827013445,-2.559519827013445,-0.30684783905391577,-2.0001256465911865,0.003744553541764617,1.9974709749221802,-0.007518434897065163,0.0016004081116989255,0.2521924674510956,0.34570056200027466,0.16246336698532104
0.0832290362953692,7.4371872246245445,-1.1293423073848061,-1.1293423073848061,-0.37425067519029964,-2.0001091957092285,0.005996680352836847,1.9974380731582642,0.004274370148777962,0.0027051311917603016,0.18640729784965515,0.3464122414588928,0.2384844720363617
0.0876095118898623,4.692620234051329,-3.035944591806955,-3.035944591806955,-1.3117817183337586,-2.0000829696655273,0.00785510241985321,1.9974567890167236,0.015528727322816849,0.003521683858707547,0.16435623168945312,0.3474569022655487,0.29822927713394165
0.0919899874843554,6.868153992703859,0.7713878983446234,0.7713878983446234,0.01078522453089148,-2.0000486373901367,0.0004900498315691948,1.9975248575210571,-0.016940966248512268,0.004241642542183399,0.1140052080154419,0.34876328706741333,0.035943955183029175
0.0963704630788485,8.982546890959242,-1.0145232915978162,-1.0145232915978162,0.13869556542977624,-2.000046491622925,0.005122369155287743,1.997450590133667,-0.001986326649785042,0.004741039592772722,0.13621722161769867,0.3489207327365875,0.19046616554260254
0.1007509386733416,4.824931737333403,0.1691681283762806,0.1691681283762806,-0.06757150749855168,-2.0000240802764893,0.012224147096276283,1.9974418878555298,0.03354210406541824,0.005337735638022423,0.10253956913948059,0.34975507855415344,0.42732858657836914
0.1051314142678347,2.5996906099776003,0.4823264407169428,0.4823264407169428,-0.7262141886583602,-1.999970555305481,0.014981512911617756,1.997588872909546,0.029583338648080826,0.005786907859146595,0.10945311933755875,0.351626992225647,0.5149283409118652
0.1095118898623279,4.0624158131469414,-0.9188432949339236,-0.9188432949339236,0.35747058009341437,-1.9999048709869385,0.010970208793878555,1.9977184534072876,-0.0075727663934230804,0.006266364827752113,0.144746333360672,0.3538826107978821,0.3697255849838257
0.113892365456821,8.449167586864304,-2.5094303021342115,-2.5094303021342115,-0.38714907271884064,-1.9998568296432495,0.016697486862540245,1.9976853132247925,-0.008602345362305641,0.006900422740727663,0.10747392475605011,0.355502188205719,0.558935284614563
0.1182728410513141,4.913129926969871,0.31862862407682435,0.31862862407682435,-1.0984351271390276,-1.9997836351394653,0.019479485228657722,1.9976476430892944,0.010789358988404274,0.007371209561824799,0.045496582984924316,0.3579505980014801,0.6370853781700134
0.1226533166458072,7.408117624500806,-0.26964899246858964,-0.26964899246858964,-1.0912822411376757,-1.999698281288147,0.014025101438164711,1.9976948499679565,-0.015128422528505325,0.007570506073534489,0.08687933534383774,0.36074134707450867,0.4389031231403351
0.1270337922403003,5.685046480610691,-0.3630845379061588,-0.3630845379061588,-0.4890361520303526,-1.9996368885040283,0.01026960276067257,1.9976285696029663,-0.019930096343159676,0.007951078936457634,0.11087363213300705,0.36266395449638367,0.2974804639816284
0.1314142678347934,7.501958341020615,-0.7486944860278457,-0.7486944860278457,-1.291855303816296,-1.9995919466018677,0.01026011910289526,1.9975413084030151,-0.025966811925172806,0.008436758071184158,0.11455181986093521,0.36396706104278564,0.286048024892807
0.1357947434292866,4.210660811648239,-0.08587298578683844,-0.08587298578683844,-1.0555302906750956,-1.999547004699707,0.004862519446760416,1.9974275827407837,-0.03435848653316498,0.00893854908645153,0.13041383028030396,0.3652200996875763,0.09060944616794586
0.1401752190237797,6.109233061196568,-0.29259517909141913,-0.29259517909141913,-0.7088340676247017,-1.9995256662368774,-0.0009436095133423805,1.997277021408081,-0.06514875590801239,0.00950982328504324,0.1587308943271637,0.3656170070171356,-0.11126512289047241
0.1445556946182728,9.957109881155843,1.9193786625583762,1.9193786625583762,0.3503982798427533,-1.9995298385620117,-0.0024598706513643265,1.9969916343688965,-0.07243602722883224,0.010205140337347984,0.17088638246059418,0.36512961983680725,-0.1747410148382187
0.1489361702127659,5.847756160039009,-0.48690057378773904,-0.48690057378773904,-0.2851379740323837,-1.9995405673980713,0.007726319134235382,1.9966742992401123,-0.024279415607452393,0.01095370389521122,0.2167055904865265,0.3643641769886017,0.14180396497249603
0.153316645807259,4.081199109285861,-0.1282906843761302,-0.1282906843761302,-1.1260558833635932,-1.9995067119598389,0.009629208594560623,1.996567964553833,-0.02447371557354927,0.011902977712452412,0.2108134776353836,0.3649853467941284,0.190872460603714
0.1576971214017521,7.867506071283938,1.2118679674888395,1.2118679674888395,0.32336408692874985,-1.999464511871338,0.003237223718315363,1.9964607954025269,-0.05789076164364815,0.01282644085586071,0.23995138704776764,0.3658214509487152,-0.033407628536224365
0.1620775969962453,7.170739172696418,-0.9983809735341834,-0.9983809735341834,-0.17631078716843096,-1.9994503259658813,0.011822259053587914,1.9962072372436523,-0.02783486433327198,0.01387754175812006,0.26589852571487427,0.3656751215457916,0.22979843616485596
0.1664580725907384,5.470257185180714,-0.04399522149353319,-0.04399522149353319,-0.21859539033242187,-1.9993985891342163,0.015766602009534836,1.996085286140442,-0.014557614922523499,0.015042304061353207,0.24189147353172302,0.3666817545890808,0.3384014666080475
0.1708385481852315,6.401313654269603,0.05872978148204866,0.05872978148204866,0.08488375331605535,-1.9993295669555664,0.018143609166145325,1.9960215091705322,-0.016471877694129944,0.016101904213428497,0.2469903528690338,0.3681641221046448,0.39780479669570923
0.1752190237797246,6.5101348428211745,-1.451351647298385,-1.451351647298385,-1.808999651119128,-1.999250054359436,0.023859839886426926,1.995949387550354,-0.003956904634833336,0.01718384027481079,0.24622657895088196,0.3699066936969757,0.5623067021369934
0.1795994993742177,6.87129119339782,-1.413718861110409,-1.413718861110409,-0.1452159194131733,-1.9991455078125,0.013735327869653702,1.9959321022033691,-0.03194918856024742,0.018262429162859917,0.2566710412502289,0.3723698556423187,0.201003760099411
0.1839799749687108,5.233352183174103,0.48971878140136504,0.48971878140136504,-1.091091163169352,-1.9990853071212769,0.01796501874923706,1.9957921504974365,-0.020535962656140327,0.019386770203709602,0.21962672472000122,0.3732503354549408,0.31156137585639954
0.188360450563204,8.245143488014422,2.10261208532646,2.10261208532646,-0.6356111936383229,-1.9990066289901733,0.012874786742031574,1.9957021474838257,-0.04349617287516594,0.020348839461803436,0.2657913863658905,0.3746151328086853,0.1223369836807251
0.1927409261576971,7.647184377037921,-1.4117425104138261,-1.4117425104138261,-1.1421538091352152,-1.9989502429962158,0.014119433239102364,1.9955116510391235,-0.0312800407409668,0.021513132378458977,0.3457561731338501,0.37515103816986084,0.12632519006729126
0.1971214017521902,7.816170406537127,-0.7432063170104193,-0.7432063170104193,-0.8735029561640864,-1.998888373374939,0.010589146986603737,1.9953746795654297,-0.035116616636514664,0.023027708753943443,0.337883323431015,0.37570440769195557,-0.02405613660812378
0.2015018773466833,6.137411258112782,-1.0697662825255945,-1.0697662825255945,0.23842136057427976,-1.9988420009613037,0.009576915763318539,1.9952208995819092,-0.03167297691106796,0.0245077982544899,0.3416883945465088,0.3755990266799927,-0.0957399383187294
0.2058823529411764,7.892115478481857,-0.17858202718391697,-0.17858202718391697,-0.6579571787677215,-1.9988000392913818,0.016795339062809944,1.995082139968872,-0.01804169826209545,0.026004556566476822,0.3034851551055908,0.375179648399353,0.1058226004242897
0.2102628285356695,5.5973639017315895,0.5263483690656072,0.5263483690656072,-1.5895050770805452,-1.998726487159729,0.017867200076580048,1.9950031042099,-0.009250499308109283,0.02733396552503109,0.31748443841934204,0.37564319372177124,0.09614305943250656
0.2146433041301627,7.2620572133756935,-1.6500404094208114,-1.6500404094208114,-0.044385912266609207,-1.9986481666564941,0.009023290127515793,1.9949625730514526,-0.03999090567231178,0.02872469834983349,0.37927407026290894,0.37606436014175415,-0.2238248586654663
0.2190237797246558,7.306512879155542,-0.4571528170858064,-0.4571528170858064,-0.9676618371071812,-1.9986085891723633,0.014986688271164894,1.994787335395813,-0.02310195378959179,0.030386099591851234,0.3323838710784912,0.37508389353752136,-0.07616166770458221
0.2234042553191489,4.832666573732868,-1.2565708392994694,-1.2565708392994694,-0.015843662073232734,-1.9985429048538208,0.013120134361088276,1.9946861267089844,-0.02595551498234272,0.03184209764003754,0.34729236364364624,0.3747502565383911,-0.18484753370285034
0.227784730913642,4.084654619188056,-1.9959693212647769,-1.9959693212647769,-0.27511961681322555,-1.9984854459762573,0.017301730811595917,1.994572401046753,-0.028779322281479836,0.033363401889801025,0.31105920672416687,0.37394052743911743,-0.08259370177984238
0.2321652065081351,4.451380863681603,-1.114247899479808,-1.114247899479808,-1.039962542700291,-1.998409628868103,0.01862592063844204,1.9944462776184082,-0.04351820424199104,0.034725990146398544,0.2608049511909485,0.3735787272453308,-0.06908266991376877
0.2365456821026282,4.971233321019229,0.05795739546804568,0.05795739546804568,0.15036204104370365,-1.9983280897140503,0.013778997585177422,1.9942556619644165,-0.0718691423535347,0.03586843982338905,0.25863558053970337,0.37327611446380615,-0.260708749294281
0.2409261576971214,7.500756195310231,0.6844699488703673,0.6844699488703673,-0.6914882595259607,-1.9982677698135376,0.019643785431981087,1.993940830230713,-0.0698920339345932,0.037001386284828186,0.2559370696544647,0.37213408946990967,-0.10883122682571411
0.2453066332916145,4.281719318972436,-0.1373236129418431,-0.1373236129418431,-1.5463115816425836,-1.998181700706482,0.020675456151366234,1.9936347007751465,-0.0650656446814537,0.0381225124001503,0.29611942172050476,0.3716573715209961,-0.13565263152122498
0.2496871088861076,8.057826255401372,-1.5600355094196094,-1.5600355094196094,-0.9218398063037391,-1.9980911016464233,0.011500616557896137,1.9933496713638306,-0.10589928925037384,0.03941965475678444,0.33726632595062256,0.37106314301490784,-0.4720631241798401
0.2540675844806007,8.479489953684187,0.4913593979993919,0.4913593979993919,-1.2643739556592224,-1.9980406761169434,0.011298391036689281,1.9928858280181885,-0.10144974291324615,0.04089704155921936,0.3186289966106415,0.3689952790737152,-0.5505790710449219
0.2584480600750938,7.228771842849982,-0.480704931570588,-0.480704931570588,-0.4111085318654155,-1.9979912042617798,0.008725039660930634,1.9924414157867432,-0.10095151513814926,0.04229278862476349,0.36990198493003845,0.3665834665298462,-0.7150480151176453
0.2628285356695869,4.518262731174348,-1.925650798837968,-1.925650798837968,-0.6953684401677187,-1.997952938079834,0.012319466099143028,1.9919991493225098,-0.09230588376522064,0.043913133442401886,0.3678695559501648,0.363451212644577,-0.6691027283668518
0.2672090112640801,7.759299671316429,1.3675859007400761,1.3675859007400761,0.7251826322002859,-1.9978989362716675,0.011003832332789898,1.9915947914123535,-0.11262243986129761,0.04552457854151726,0.3319414258003235,0.36052021384239197,-0.7624891400337219
0.2715894868585732,6.4828539268154675,-0.3247617385731828,-0.3247617385731828,0.0793384061096648,-1.997850775718689,0.024676959961652756,1.9911015033721924,-0.0745665431022644,0.04697864130139351,0.35070163011550903,0.3571801483631134,-0.387338787317276
0.2759699624530663,4.083597840088554,2.1154488239543676,2.1154488239543676,-0.6338271533525438,-1.9977426528930664,0.03165724128484726,1.9907748699188232,-0.06131300702691078,0.04851488023996353,0.338900625705719,0.35548341274261475,-0.2205217182636261
0.2803504380475594,7.218955421280278,-0.4326805808797959,-0.4326805808797959,-1.070823211418788,-1.9976040124893188,0.03049076534807682,1.9905062913894653,-0.08387647569179535,0.0499994270503521,0.4191882014274597,0.3545174300670624,-0.3060466945171356
0.2847309136420525,8.1473804216255,1.3150316108777804,1.3150316108777804,0.005701387400126268,-1.997470498085022,0.02892172895371914,1.9901388883590698,-0.0896776020526886,0.051835671067237854,0.43782398104667664,0.3531768023967743,-0.443265438079834
0.2891113892365456,10.591420846462503,-0.3275559875822377,-0.3275559875822377,0.06968378211763204,-1.9973437786102295,0.03714679181575775,1.98974609375,-0.06400397419929504,0.05375354737043381,0.47606056928634644,0.3512350916862488,-0.25932419300079346
0.2934918648310388,4.937968272303307,0.4710713343311594,0.4710713343311594,-0.9976395493702025,-1.9971810579299927,0.0483829602599144,1.9894657135009766,-0.016314946115016937,0.055838920176029205,0.4644598960876465,0.350099116563797,-0.0025555193424224854
0.2978723404255319,6.709290681355978,0.4185775117024878,0.4185775117024878,-1.3500196492671677,-1.9969691038131714,0.045390427112579346,1.989394187927246,-0.03968540579080582,0.057873476296663284,0.5073509216308594,0.3500879108905792,-0.17001618444919586
0.302252816020025,5.8578634007252095,1.0174425579803126,1.0174425579803126,-0.43791838809694916,-1.9967702627182007,0.041472144424915314,1.989220380783081,-0.0559050589799881,0.06009591370820999,0.5589995384216309,0.3493431508541107,-0.39592403173446655
0.3066332916145181,6.5774889723396495,-0.5160226313767705,-0.5160226313767705,-0.6229184860955723,-1.9965885877609253,0.04414081573486328,1.9889755249023438,-0.059222932904958725,0.06254459917545319,0.6015006899833679,0.3476088047027588,-0.38645878434181213
0.3110137672090112,4.729600364121733,0.716117367584644,0.716117367584644,-0.07703524567129705,-1.996395230293274,0.04619139805436134,1.9887161254882812,-0.06054865941405296,0.06517945975065231,0.6046223640441895,0.34591594338417053,-0.41223782300949097
0.3153942428035043,5.135155333341246,-3.101852666737086,-3.101852666737086,-0.14921719542301398,-1.9961929321289062,0.05072395130991936,1.9884508848190308,-0.06540036201477051,0.0678279921412468,0.6277849078178406,0.3441101312637329,-0.327210009098053
0.3197747183979975,7.660339855029816,-1.9075339912219726,-1.9075339912219726,-0.13518713054119796,-1.9959707260131836,0.055181194096803665,1.9881644248962402,-0.06841001659631729,0.07057798653841019,0.541558563709259,0.3426767885684967,-0.2530316710472107
0.3241551939924906,7.266807577578819,-0.21751563856617157,-0.21751563856617157,-0.23604637397009648,-1.9957289695739746,0.06261856108903885,1.9878647327423096,-0.049815863370895386,0.07295027375221252,0.48980042338371277,0.34156838059425354,-0.11779728531837463
0.3285356695869837,5.332007199919505,1.3805327849924989,1.3805327849924989,0.062448321087383185,-1.9954546689987183,0.06891892105340958,1.987646460533142,-0.036751147359609604,0.07509583234786987,0.49034157395362854,0.341052383184433,-0.019416235387325287
0.3329161451814768,7.416963252697727,-0.7031504560733405,-0.7031504560733405,-1.7820203633595355,-1.9951527118682861,0.07546120136976242,1.9874855279922485,-0.033397939056158066,0.07724376022815704,0.52883380651474,0.3409673273563385,0.11857550591230392
0.3372966207759699,2.0795838392081496,-2.2166151492484447,-2.2166151492484447,-0.14421610732031065,-1.9948221445083618,0.0700262188911438,1.9873392581939697,-0.053212180733680725,0.0795603021979332,0.5603402256965637,0.34148675203323364,-0.21056610345840454
0.341677096370463,4.809802966275774,-1.0743988290734954,-1.0743988290734954,-1.6840991884137968,-1.9945154190063477,0.07133495062589645,1.987106204032898,-0.08184638619422913,0.08201485872268677,0.4998196065425873,0.3405643701553345,-0.20370669662952423
0.3460575719649562,6.505570503028272,0.9581949382545347,0.9581949382545347,-0.029034721430258648,-1.994202971458435,0.06384769827127457,1.9867476224899292,-0.12148268520832062,0.0842043086886406,0.5176247954368591,0.3396720290184021,-0.5643827319145203
0.3504380475594493,8.648162855408664,-2.966150529811766,-2.966150529811766,-0.9601894113295051,-1.993923306465149,0.07150497287511826,1.9862154722213745,-0.11028989404439926,0.08647175133228302,0.5464550256729126,0.33719977736473083,-0.4249528646469116
0.3548185231539424,8.155095162488802,1.0188349339667093,1.0188349339667093,-0.04201508930636144,-1.9936100244522095,0.07455407083034515,1.9857323169708252,-0.10159081965684891,0.0888654813170433,0.4878745973110199,0.335338294506073,-0.4963742196559906
0.3591989987484355,4.982393524937003,1.1953481599602438,1.1953481599602438,-0.42747488582092574,-1.9932833909988403,0.08426046371459961,1.9852873086929321,-0.07673624157905579,0.09100260585546494,0.5188547968864441,0.33316394686698914,-0.32273101806640625
0.3635794743429286,2.917302065356011,0.8059790051969753,0.8059790051969753,-1.2333217106334526,-1.9929143190383911,0.08715035021305084,1.984951138496399,-0.08715365082025528,0.09327543526887894,0.5662463903427124,0.3317502439022064,-0.3285762071609497
0.3679599499374217,3.7791619014002737,-1.031898390280556,-1.031898390280556,0.2021349755035461,-1.9925326108932495,0.08140074461698532,1.9845693111419678,-0.13285301625728607,0.09575586020946503,0.6258004307746887,0.3303109109401703,-0.606083869934082
0.3723404255319149,9.381880536012808,-0.32178027187302394,-0.32178027187302394,-0.5374993471825417,-1.9921760559082031,0.087818942964077,1.9839873313903809,-0.13949544727802277,0.0984971672296524,0.5897627472877502,0.32765597105026245,-0.4635632038116455
0.376720901126408,6.575592133783992,-1.518470259937886,-1.518470259937886,0.7719995449698923,-1.9917913675308228,0.09577340632677078,1.9833762645721436,-0.11522650718688965,0.10108061134815216,0.596062421798706,0.32562533020973206,-0.3993191421031952
0.3811013767209011,7.266491723998187,-0.9781958835100887,-0.9781958835100887,0.25966003643493496,-1.9913718700408936,0.11007405817508698,1.9828715324401855,-0.08555905520915985,0.10369164496660233,0.5291734337806702,0.32387611269950867,-0.03377699851989746
0.3854818523153942,4.600606041538772,0.6766889213468296,0.6766889213468296,-1.2928173296045407,-1.9908896684646606,0.12146345525979996,1.982496738433838,-0.06140562891960144,0.10600967705249786,0.4930241107940674,0.32372814416885376,0.20483480393886566
0.3898623279098873,9.308458141735183,-2.2305741363689613,-2.2305741363689613,-0.679921970321288,-1.9903576374053955,0.1178947165608406,1.9822278022766113,-0.09426568448543549,0.10816935449838638,0.5505399107933044,0.3246254324913025,-0.05042262375354767
0.3942428035043804,5.806248120764619,0.3240216865881159,0.3240216865881159,-0.5908971813328192,-1.9898412227630615,0.1252145767211914,1.9818148612976074,-0.07376301288604736,0.11058098077774048,0.505255937576294,0.3244045674800873,-0.026960743591189384
0.3986232790988736,8.70335186994605,0.08375124116592392,0.08375124116592392,0.2237992142697487,-1.9892927408218384,0.12862855195999146,1.9814916849136353,-0.08085134625434875,0.11279424279928207,0.5319744944572449,0.32428646087646484,-0.058763548731803894
0.4030037546933667,5.705398023806085,0.16672144058076943,0.16672144058076943,-0.6497954726219606,-1.9887292385101318,0.14216338098049164,1.9811375141143799,-0.045392073690891266,0.11512454599142075,0.5278846621513367,0.3240290582180023,0.20309080183506012
0.4073842302878598,5.942205948995837,-1.2256664911106934,-1.2256664911106934,-1.1477639897173464,-1.9881064891815186,0.1451922059059143,1.9809386730194092,-0.054653823375701904,0.11743693053722382,0.5517295598983765,0.3249186873435974,0.15269064903259277
0.4117647058823529,7.52283946459648,0.7668743141679719,0.7668743141679719,-0.24924220902620914,-1.9874705076217651,0.14490409195423126,1.9806993007659912,-0.07298169285058975,0.11985376477241516,0.5494545698165894,0.32558754086494446,-0.03111189603805542
0.416145181476846,2.34060011310369,0.8656147819723838,0.8656147819723838,-1.0992047271749505,-1.9868357181549072,0.15366385877132416,1.980379581451416,-0.05802319571375847,0.12226063758134842,0.5791283845901489,0.3254512548446655,0.07197942584753036
0.4205256570713391,2.888601201078231,2.5600603033520137,2.5600603033520137,-1.1053739165008796,-1.986162543296814,0.1487724632024765,1.9801254272460938,-0.1056625097990036,0.12479749321937561,0.6365073323249817,0.32576656341552734,-0.18083590269088745
0.4249061326658322,4.5642215329710645,-0.8724170722973831,-0.8724170722973831,-0.3951048966141712,-1.9855108261108398,0.1446705460548401,1.979662537574768,-0.1488209366798401,0.12758569419384003,0.743549644947052,0.3249744176864624,-0.42276182770729065
0.4292866082603254,6.370379456824911,-3.0475847106984273,-3.0475847106984273,-0.14653558133341182,-1.984877109527588,0.14845718443393707,1.9790105819702148,-0.16209740936756134,0.13084279000759125,0.7296106219291687,0.3231225311756134,-0.4280506670475006
0.4336670838548185,7.00146392431322,-2.467869825215129,-2.467869825215129,-0.7783735932972384,-1.9842268228530884,0.15687470138072968,1.9783005714416504,-0.15462177991867065,0.13403883576393127,0.6448907852172852,0.3212474584579468,-0.3223608732223511
0.4380475594493116,8.145496839436854,-0.6369802905862493,-0.6369802905862493,-0.37954418860149136,-1.9835395812988281,0.16165810823440552,1.9776232242584229,-0.155866801738739,0.13686376810073853,0.5955521464347839,0.319835364818573,-0.3782018721103668
0.4424280350438047,4.852663842305288,-0.4276639075970292,-0.4276639075970292,-0.29789351965944766,-1.9828314781188965,0.17127014696598053,1.9769405126571655,-0.13860398530960083,0.1394725739955902,0.5880342125892639,0.318178653717041,-0.2963239252567291
0.4468085106382978,6.208493847674276,-2.8614743499805297,-2.8614743499805297,0.19487440292151004,-1.9820811748504639,0.17655043303966522,1.9763333797454834,-0.14729207754135132,0.1420484483242035,0.5842444896697998,0.31688061356544495,-0.2674761712551117
0.4511889862327909,5.3357135792414585,-1.1781182492121642,-1.1781182492121642,0.050394026381493484,-1.9813077449798584,0.18760263919830322,1.9756882190704346,-0.1335742324590683,0.14460772275924683,0.49498942494392395,0.3157089352607727,-0.06983523070812225
0.4555694618272841,7.68351076652673,0.10476866774248783,0.10476866774248783,-0.08595810546294075,-1.9804859161376953,0.19630546867847443,1.9751031398773193,-0.13042928278446198,0.1467760056257248,0.4591129720211029,0.315403014421463,0.06744933128356934
0.4599499374217772,2.6088560488640744,-0.6982677396495232,-0.6982677396495232,-1.345705432184816,-1.9796260595321655,0.20779113471508026,1.9745317697525024,-0.11053237318992615,0.14878714084625244,0.46468278765678406,0.3156984746456146,0.22100694477558136
0.4643304130162703,6.844407194382399,-1.684992230172258,-1.684992230172258,-0.46189229798226294,-1.9787157773971558,0.20216351747512817,1.9740475416183472,-0.1614990085363388,0.15082266926765442,0.4835900068283081,0.3166666030883789,-0.0939861387014389
0.4687108886107634,7.126367850485082,-1.2922390140275195,-1.2922390140275195,-0.2682191167571018,-1.977830171585083,0.20978234708309174,1.9733401536941528,-0.15707644820213318,0.1529410183429718,0.4478716254234314,0.3162549138069153,-0.06458206474781036
0.4730913642052565,1.713555836839678,1.6346949630129353,1.6346949630129353,-0.9887838482519299,-1.976911187171936,0.21936388313770294,1.9726520776748657,-0.14597217738628387,0.15490290522575378,0.4179669916629791,0.3159720003604889,0.025420479476451874
0.4774718397997496,4.230522257596314,-1.461638882550687,-1.461638882550687,-0.43247216086491014,-1.9759502410888672,0.21495802700519562,1.9720126390457153,-0.19653458893299103,0.15673379600048065,0.4945808947086334,0.3160833418369293,-0.2106885313987732
0.4818523153942428,7.542576557781034,-1.1213579623161758,-1.1213579623161758,-0.15366849884868017,-1.9750086069107056,0.21877643465995789,1.9711517095565796,-0.2135077267885208,0.15890029072761536,0.46452596783638,0.3151604235172272,-0.2333984225988388
0.4862327909887359,7.465550464200452,-0.6469469494207656,-0.6469469494207656,0.8314429669008635,-1.9740502834320068,0.23017354309558868,1.9702163934707642,-0.19637712836265564,0.16093513369560242,0.43626636266708374,0.3141380250453949,-0.10162654519081116
0.490613266583229,7.213391589561277,-2.801193565286705,-2.801193565286705,-0.6756862417780124,-1.9730420112609863,0.24865330755710602,1.9693561792373657,-0.15793751180171967,0.16284619271755219,0.39309269189834595,0.3136928379535675,0.303171306848526
0.4949937421777221,7.842680140443743,1.6099816540412566,1.6099816540412566,-1.1967608676957817,-1.9719527959823608,0.2559189796447754,1.968664288520813,-0.15523622930049896,0.16456812620162964,0.33102113008499146,0.3150208592414856,0.28188207745552063
0.4993742177722152,5.9948437315511,-1.723762168808816,-1.723762168808816,-1.15522060334292,-1.9708317518234253,0.2605419456958771,1.9679843187332153,-0.15885934233665466,0.16601815819740295,0.4129869043827057,0.3162556290626526,0.1298685371875763
0.5037546933667083,5.193754652883368,-1.0373941595034406,-1.0373941595034406,-0.3746812008824627,-1.9696904420852661,0.26235345005989075,1.9672884941101074,-0.17710979282855988,0.16782723367214203,0.39638370275497437,0.3168245255947113,-0.05337552726268768
0.5081351689612015,6.7839562382295915,-0.9780758461405834,-0.9780758461405834,-0.6401332666532369,-1.9685412645339966,0.26854613423347473,1.966512680053711,-0.18472322821617126,0.16956357657909393,0.3770303726196289,0.31659072637557983,-0.0374852791428566
0.5125156445556946,7.207131189640843,2.172931724230715,2.172931724230715,-1.6322820457946334,-1.9673649072647095,0.2756122946739197,1.9657034873962402,-0.184876948595047,0.17121514678001404,0.3671613931655884,0.31642651557922363,-0.05872010439634323
0.5168961201501877,4.78071298628015,0.43464857729669737,0.43464857729669737,-0.4992002512680056,-1.9661575555801392,0.276254802942276,1.9648935794830322,-0.20357966423034668,0.1728234887123108,0.47828570008277893,0.31616929173469543,-0.3467884063720703
0.5212765957446808,7.77924027627903,-1.5654511158930116,-1.5654511158930116,-0.6003992678673855,-1.9649474620819092,0.28102993965148926,1.9640017747879028,-0.21747542917728424,0.17491860687732697,0.5055570602416992,0.31465020775794983,-0.3751051723957062
0.5256570713391739,5.758271333841903,-0.9829615150234361,-0.9829615150234361,-1.7765843275109616,-1.9637163877487183,0.290432870388031,1.9630491733551025,-0.20841792225837708,0.17713318765163422,0.47737449407577515,0.31300705671310425,-0.3619934618473053
0.5300375469336671,7.877564526871469,-0.2083261332556639,-0.2083261332556639,-0.17741136421993892,-1.9624441862106323,0.28787243366241455,1.962136149406433,-0.24259479343891144,0.17922431230545044,0.5005508065223694,0.31142136454582214,-0.7237287163734436
0.5344180225281602,8.024721903342732,-1.5895647356135825,-1.5895647356135825,-0.04071225039628801,-1.9611831903457642,0.3008438050746918,1.9610735177993774,-0.22333979606628418,0.18141695857048035,0.49964800477027893,0.3082510828971863,-0.5901839733123779
0.5387984981226532,5.25761293207684,0.6371015686405054,0.6371015686405054,-1.5503896590772097,-1.9598653316497803,0.31507232785224915,1.9600951671600342,-0.19977368414402008,0.18360565602779388,0.4544166028499603,0.3056657910346985,-0.41496753692626953
0.5431789737171464,3.9976376624843404,-2.130068792590064,-2.130068792590064,-0.11375558153871068,-1.9584851264953613,0.3136814832687378,1.959220051765442,-0.23320272564888,0.18559621274471283,0.5182982683181763,0.3038480281829834,-0.7250289916992188
0.5475594493116396,8.549575406914022,-0.3410815705654322,-0.3410815705654322,-0.07446292636995877,-1.9571110010147095,0.32031896710395813,1.9581985473632812,-0.24515965580940247,0.18786659836769104,0.4594155251979828,0.3006720542907715,-0.6637119650840759
0.5519399249061326,7.843753629440112,0.17824793934003735,0.17824793934003735,-0.8831634445106844,-1.9557079076766968,0.33554282784461975,1.9571245908737183,-0.21794891357421875,0.18987905979156494,0.4516294300556183,0.29776468873023987,-0.48536932468414307
0.5563204005006257,6.158194973224917,-1.1477088625518446,-1.1477088625518446,-1.2283566445618805,-1.9542380571365356,0.34391504526138306,1.956169843673706,-0.2147713154554367,0.19185741245746613,0.4826260209083557,0.2956385314464569,-0.5488943457603455
0.5607008760951189,6.357234733443097,-0.6917092640493617,-0.6917092640493617,-1.0480245268279458,-1.9527314901351929,0.3469656705856323,1.9552290439605713,-0.23353096842765808,0.19397154450416565,0.4849811792373657,0.29323410987854004,-0.7478997707366943
0.565081351689612,6.187657349268518,-2.1061094673284786,-2.1061094673284786,-0.9307192496270484,-1.9512115716934204,0.3518223762512207,1.954206109046936,-0.24662095308303833,0.19609598815441132,0.4953867197036743,0.2899579405784607,-0.8919062614440918
0.5694618272841051,7.474983761730266,1.3786155327958394,1.3786155327958394,0.02353247340828768,-1.949670433998108,0.35736164450645447,1.9531258344650269,-0.2585490643978119,0.19826601445674896,0.46106159687042236,0.2860509753227234,-1.0070781707763672
0.5738423028785982,7.619924626912435,1.4232547050763265,1.4232547050763265,-1.273500226829213,-1.948104977607727,0.37181586027145386,1.9519932270050049,-0.23823846876621246,0.20028568804264069,0.5006343126296997,0.2816394865512848,-0.8259936571121216
0.5782227784730913,6.4448694984080035,-2.1230103979257797,-2.1230103979257797,0.37536841065131454,-1.9464762210845947,0.3780115246772766,1.9509496688842773,-0.2458685338497162,0.20247870683670044,0.5793880820274353,0.2780212461948395,-1.0031431913375854
0.5826032540675845,5.262053804830937,-1.0229305200502923,-1.0229305200502923,-0.7594620821862335,-1.9448204040527344,0.3928847014904022,1.949872612953186,-0.22628149390220642,0.20501670241355896,0.506427526473999,0.27362701296806335,-0.7478387355804443
0.5869837296620776,6.615421774338278,-0.2771430142437671,-0.2771430142437671,-0.14579635100163624,-1.9430993795394897,0.3981989026069641,1.9488813877105713,-0.2421942949295044,0.20723509788513184,0.49873340129852295,0.2703511118888855,-0.8365964293479919
0.5913642052565706,4.304804772579319,-2.592293251798364,-2.592293251798364,-0.6726468948094305,-1.9413551092147827,0.41006937623023987,1.9478204250335693,-0.2328978329896927,0.20941978693008423,0.49489766359329224,0.26668640971183777,-0.7225144505500793
0.5957446808510638,6.311640165307982,2.2147717944591694,2.2147717944591694,-1.4932234156249222,-1.9395588636398315,0.41428884863853455,1.9468002319335938,-0.2549305856227875,0.21158766746520996,0.4388379156589508,0.2635214626789093,-0.8093721866607666
0.600125156445557,5.632087181536238,-1.7444922531506324,-1.7444922531506324,-0.8449060348134423,-1.937744140625,0.4174638092517853,1.945683479309082,-0.27868717908859253,0.21350999176502228,0.5471231341362,0.25997602939605713,-1.0780699253082275
0.60450563204005,5.606198194105017,-1.138737494749353,-1.138737494749353,-0.5149343635123813,-1.935915470123291,0.4235802888870239,1.9444626569747925,-0.2935544550418854,0.21590664982795715,0.5208523869514465,0.2552535831928253,-1.1818357706069946
0.6088861076345431,7.6674083947094385,-0.10767273439231051,-0.10767273439231051,-0.798091613136809,-1.934059977531433,0.43181219696998596,1.9431767463684082,-0.3012023866176605,0.21818822622299194,0.5026353597640991,0.2500765919685364,-1.1941454410552979
0.6132665832290363,6.8284652062130125,0.48271750189793505,0.48271750189793505,0.18316486884904581,-1.9321684837341309,0.44247645139694214,1.9418573379516602,-0.29796886444091797,0.22039000689983368,0.5227977633476257,0.2448456734418869,-1.2371013164520264
0.6176470588235294,5.767109579509023,0.1155153723212532,0.1155153723212532,-0.32076492789234123,-1.9302302598953247,0.45726099610328674,1.9405521154403687,-0.2795082926750183,0.22268010675907135,0.5315456390380859,0.23942658305168152,-1.0260248184204102
0.6220275344180225,3.996652706589368,0.8324077857030152,0.8324077857030152,0.016129015292133952,-1.928227186203003,0.46702709794044495,1.9393277168273926,-0.2813967764377594,0.2250085324048996,0.5442864298820496,0.23493210971355438,-0.9803305864334106
0.6264080100125156,8.1312139840111,-2.79995663585271,-2.79995663585271,0.6288979053873879,-1.926181435585022,0.4752279818058014,1.9380950927734375,-0.29049208760261536,0.2273927628993988,0.5681243538856506,0.230637788772583,-0.8821648359298706
0.6307884856070087,5.817738924423436,-0.740200957708945,-0.740200957708945,0.48721457280994807,-1.9240996837615967,0.4947410821914673,1.9368226528167725,-0.2508499324321747,0.2298814207315445,0.4679909348487854,0.2267734855413437,-0.5162025690078735
0.6351689612015019,5.801324506237245,0.6431596879588946,0.6431596879588946,-1.1248252635719067,-1.9219324588775635,0.5088057518005371,1.9357237815856934,-0.2338401824235916,0.23193144798278809,0.43214651942253113,0.2245122790336609,-0.24397492408752441
0.639549436795995,5.483192019586044,-1.0761757918377741,-1.0761757918377741,-1.0527290935071663,-1.9197036027908325,0.5143791437149048,1.9346994161605835,-0.25379225611686707,0.2338244616985321,0.4837772846221924,0.22344355285167694,-0.42169904708862305
0.643929912390488,9.378999520654187,1.7144803045146966,1.7144803045146966,1.0255051737654757,-1.9174504280090332,0.5198264718055725,1.933587670326233,-0.274798184633255,0.23594363033771515,0.4830925762653351,0.22159631550312042,-0.5867765545845032
0.6483103879849812,6.353730742634398,0.819474281552215,0.819474281552215,-0.5120976696273207,-1.9151732921600342,0.543888509273529,1.9323838949203491,-0.21562141180038452,0.23805980384349823,0.5032128095626831,0.21902595460414886,-0.0809851884841919
0.6526908635794744,7.437117032652427,-2.2229782138866234,-2.2229782138866234,-2.233034330568961,-1.9127907752990723,0.5539765357971191,1.9314393997192383,-0.2169904112815857,0.24026411771774292,0.5420989394187927,0.21867120265960693,-0.07490858435630798
0.6570713391739674,5.593168584661443,-2.6900906094996055,-2.6900906094996055,-0.20575926345466106,-1.9103641510009766,0.5575836300849915,1.9304888248443604,-0.2486683875322342,0.24263876676559448,0.5423926115036011,0.21834306418895721,-0.5233865976333618
0.6614518147684605,7.420998826777694,-0.462850450186404,-0.462850450186404,-1.130595433689416,-1.9079216718673706,0.567969560623169,1.9293994903564453,-0.24947381019592285,0.24501469731330872,0.46984225511550903,0.216050386428833,-0.4497162103652954
0.6658322903629537,5.477885567461216,-0.901809892983121,-0.901809892983121,-1.0732400129443722,-1.9054336547851562,0.5774778723716736,1.9283066987991333,-0.2561449408531189,0.24707283079624176,0.48934251070022583,0.21408040821552277,-0.5911573171615601
0.6702127659574468,8.370464748301641,-1.158901604201476,-1.158901604201476,-0.486501590162955,-1.9029040336608887,0.5834695100784302,1.9271847009658813,-0.2778264582157135,0.24921637773513794,0.49434882402420044,0.21149085462093353,-0.7621421813964844
0.6745932415519399,7.085944224909315,-2.199327824728538,-2.199327824728538,-1.2673540139134893,-1.90034818649292,0.5984877347946167,1.9259676933288574,-0.26188042759895325,0.25138187408447266,0.474712610244751,0.20815230906009674,-0.7017723917961121
0.678973717146433,4.202149813818557,-3.152546959145345,-3.152546959145345,-0.4275120638724889,-1.8977265357971191,0.6071423888206482,1.9248205423355103,-0.2746191620826721,0.2534613311290741,0.4474960267543793,0.20507821440696716,-0.8892877101898193
0.6833541927409261,5.982295123848178,-1.9890594385704512,-1.9890594385704512,-0.6175961541926317,-1.8950669765472412,0.6140854358673096,1.9236176013946533,-0.2922855317592621,0.25542157888412476,0.36791637539863586,0.20118270814418793,-0.9101383686065674
0.6877346683354193,7.113756506488413,-1.1000873482441016,-1.1000873482441016,-0.194721774386716,-1.8923770189285278,0.6239050626754761,1.922337293624878,-0.29943934082984924,0.25703322887420654,0.3278653025627136,0.1971958726644516,-0.9423679113388062
0.6921151439299124,4.833984352463905,0.3642824164840278,0.3642824164840278,-0.9592505770511089,-1.8896440267562866,0.6381109356880188,1.9210256338119507,-0.28743264079093933,0.25846943259239197,0.3014257550239563,0.19306784868240356,-0.83024001121521
0.6964956195244054,5.785439932632899,0.7038798474315867,0.7038798474315867,-0.003409655237584408,-1.8868488073349,0.6440948247909546,1.9197665452957153,-0.3120816946029663,0.2597898244857788,0.34007710218429565,0.18943099677562714,-0.984699547290802
0.7008760951188986,2.99389880511458,0.5579231188726749,0.5579231188726749,0.31571960795109877,-1.884027361869812,0.6564645767211914,1.918399453163147,-0.30681270360946655,0.26127952337265015,0.36073219776153564,0.18511754274368286,-0.8503885269165039
0.7052565707133918,6.358842653689744,-0.6657785527291186,-0.6657785527291186,-0.8917890000395753,-1.8811516761779785,0.6643191576004028,1.9170554876327515,-0.3175264596939087,0.2628597021102905,0.3678053021430969,0.18139243125915527,-0.6923742890357971
0.7096370463078848,8.321773903969161,0.6747026396873366,0.6747026396873366,-0.4064855932015,-1.8782416582107544,0.6739740371704102,1.915664553642273,-0.32793188095092773,0.2644708752632141,0.37440553307533264,0.1783595085144043,-0.7925330996513367
0.7140175219023779,5.7308477076992315,-1.0489426947379368,-1.0489426947379368,-1.4160561555642115,-1.8752893209457397,0.6898902654647827,1.914228081703186,-0.3107752203941345,0.26611095666885376,0.4059796631336212,0.17488783597946167,-0.7115728855133057
0.718397997496871,7.0490348520279404,0.9500404612312048,0.9500404612312048,0.7504178851582165,-1.872267246246338,0.6962881684303284,1.9128667116165161,-0.33858412504196167,0.2678893506526947,0.416700541973114,0.17177081108093262,-0.9727216958999634
0.7227784730913642,3.964103308286658,-2.8562088181154075,-2.8562088181154075,0.07112701156932422,-1.8692171573638916,0.7144215106964111,1.9113835096359253,-0.3054160177707672,0.26971468329429626,0.4225301444530487,0.16750982403755188,-0.5989953875541687
0.7271589486858573,6.534285008469933,-1.6538068859989519,-1.6538068859989519,-0.5009257718614563,-1.8660876750946045,0.7231565713882446,1.9100456237792969,-0.31367194652557373,0.2715655565261841,0.3370426595211029,0.16488593816757202,-0.48673495650291443
0.7315394242803503,7.295198004861649,-0.2525487893536579,-0.2525487893536579,-0.05855525058853539,-1.8629199266433716,0.7350847125053406,1.9086716175079346,-0.313709557056427,0.2730419635772705,0.30337488651275635,0.16275380551815033,-0.47415465116500854
0.7359198998748435,3.7587679338022664,-0.9202520584034022,-0.9202520584034022,-0.2617153153184224,-1.8596999645233154,0.7503547072410583,1.9072973728179932,-0.29718905687332153,0.27437087893486023,0.2977096736431122,0.1606767773628235,-0.3205406665802002
0.7403003754693367,8.919484321385182,-3.2799281818124504,-3.2799281818124504,0.04833370309396856,-1.8564130067825317,0.7573673725128174,1.905995488166809,-0.3148741126060486,0.2756749987602234,0.27847832441329956,0.15927265584468842,-0.3059994578361511
0.7446808510638298,7.577478086120034,-0.05463369158247067,-0.05463369158247067,-1.2108984057500856,-1.8530954122543335,0.776511549949646,1.9046162366867065,-0.2823667824268341,0.27689486742019653,0.18128252029418945,0.15793223679065704,-0.0848827064037323
0.7490613266583228,5.749935230569021,1.3967154551287098,1.3967154551287098,-0.38243827152684345,-1.8496938943862915,0.788171648979187,1.9033793210983276,-0.29020750522613525,0.27768898010253906,0.2150491178035736,0.15756040811538696,-0.24623332917690277
0.753441802252816,3.600016866554018,-2.8756587628855272,-2.8756587628855272,-2.3626071756807345,-1.8462413549423218,0.7990450859069824,1.902108073234558,-0.29411840438842773,0.2786310017108917,0.2670060396194458,0.1564817875623703,-0.21909327805042267
0.7578222778473092,4.493057383077347,-1.147470298389863,-1.147470298389863,0.7845309147921474,-1.8427411317825317,0.7981213927268982,1.9008196592330933,-0.36179685592651367,0.2798006236553192,0.252023309469223,0.15552204847335815,-0.7942273020744324
0.7622027534418022,5.208479286690266,-1.211328106778357,-1.211328106778357,-0.4735069913769744,-1.8392449617385864,0.8108197450637817,1.8992347717285156,-0.34921538829803467,0.2809045910835266,0.19560274481773376,0.152042955160141,-0.4709433913230896
0.7665832290362953,5.73141899736737,-0.7882105388544435,-0.7882105388544435,-1.056953251014006,-1.8356932401657104,0.8203731179237366,1.897705078125,-0.3597979247570038,0.28176143765449524,0.1740560233592987,0.14997999370098114,-0.4819318950176239
0.7709637046307884,3.9415911810132744,-0.15072752035527215,-0.15072752035527215,-1.1772435517002948,-1.8320995569229126,0.8290374875068665,1.8961290121078491,-0.379560649394989,0.28252390027046204,0.1819041669368744,0.14786890149116516,-0.6435273289680481
0.7753441802252816,3.6805485113671437,-0.6908638093827189,-0.6908638093827189,-0.19858440691945767,-1.8284679651260376,0.8335719108581543,1.8944664001464844,-0.4170367121696472,0.28332072496414185,0.21188169717788696,0.14504994451999664,-0.8802902102470398
0.7797246558197747,4.919009497782631,0.06937692603590484,0.06937692603590484,0.6360946079968771,-1.8248164653778076,0.8410688638687134,1.8926396369934082,-0.4340251684188843,0.28424885869026184,0.19750557839870453,0.14119385182857513,-0.8502309322357178
0.7841051314142677,4.8152960747118865,0.17757572846836178,0.17757572846836178,-0.4553148150372694,-1.8211321830749512,0.8539634346961975,1.8907383680343628,-0.42134690284729004,0.28511402010917664,0.18095561861991882,0.13746944069862366,-0.5587249994277954
0.7884856070087609,4.337200854664899,1.5475510533437333,1.5475510533437333,-0.18418524907099365,-1.8173913955688477,0.8629170060157776,1.888892650604248,-0.43485015630722046,0.28590670228004456,0.19943803548812866,0.13502195477485657,-0.5740711092948914
0.7928660826032541,2.2459090249670566,-0.8642631254337517,-0.8642631254337517,-0.22580029814788927,-1.813611388206482,0.8717362880706787,1.8869878053665161,-0.446045458316803,0.28678032755851746,0.250010222196579,0.13250724971294403,-0.5249374508857727
0.7972465581977471,9.063695087647883,-0.3853808164507102,-0.3853808164507102,-0.3647583002703089,-1.8097927570343018,0.8759444952011108,1.8850339651107788,-0.4756031632423401,0.2878755033016205,0.23136508464813232,0.13020777702331543,-0.5358946323394775
0.8016270337922402,8.991119211623417,-0.42320627426012714,-0.42320627426012714,-0.9775155564001177,-1.8059556484222412,0.8943599462509155,1.8829505443572998,-0.45172709226608276,0.28888899087905884,0.23076283931732178,0.12786030769348145,-0.4278208613395691
0.8060075093867334,3.2498365066082044,0.382586472037721,0.382586472037721,-0.10138526296595701,-1.8020379543304443,0.9107867479324341,1.8809717893600464,-0.44271746277809143,0.2898998558521271,0.2469504326581955,0.125986248254776,-0.49242445826530457
0.8103879849812266,7.668709955660952,2.0170210540391302,2.0170210540391302,0.37199974534078223,-1.7980482578277588,0.9175547957420349,1.8790324926376343,-0.4610607624053955,0.29098162055015564,0.2610839307308197,0.1238291934132576,-0.44555091857910156
0.8147684605757196,7.2288968813920755,-1.121906383888841,-1.121906383888841,-0.7133078857603137,-1.794028878211975,0.9351905584335327,1.877012848854065,-0.43170276284217834,0.29212528467178345,0.3091237545013428,0.12187746912240982,-0.1645762026309967
0.8191489361702127,6.269508273603892,-2.0957754054800692,-2.0957754054800692,-0.5517103203574665,-1.7899322509765625,0.9487333297729492,1.875121831893921,-0.43125566840171814,0.29347938299179077,0.2971913814544678,0.12115654349327087,-0.1965235024690628
0.8235294117647058,5.1792661286710295,-0.09303903677870462,-0.09303903677870462,-1.4764951269187898,-1.7857763767242432,0.96072918176651,1.8732327222824097,-0.4350353479385376,0.2947812080383301,0.25209978222846985,0.12029567360877991,-0.20561738312244415
0.827909887359199,6.632006091360113,0.45925218147338254,0.45925218147338254,-1.3066160923942665,-1.781567931175232,0.9678148627281189,1.8713270425796509,-0.4693983793258667,0.29588553309440613,0.2925010919570923,0.11939497292041779,-0.49783390760421753
0.8322903629536921,3.782239572179196,-0.4731443631622355,-0.4731443631622355,0.012565597180912824,-1.7773284912109375,0.978663444519043,1.8692708015441895,-0.4877864122390747,0.2971668243408203,0.34407004714012146,0.11721422523260117,-0.7091972827911377
0.8366708385481851,5.980086346966715,-1.2743858469780562,-1.2743858469780562,-0.48431816076152445,-1.7730414867401123,0.9871118068695068,1.8671340942382812,-0.49913278222084045,0.2986740171909332,0.3298857808113098,0.11410760134458542,-0.618477463722229
0.8410513141426783,5.494223225945645,-0.4087782675297642,-0.4087782675297642,-1.5770877902450002,-1.7687174081802368,0.9989922046661377,1.8649476766586304,-0.5038463473320007,0.3001190721988678,0.3068132996559143,0.1113983765244484,-0.6157646179199219
0.8454317897371715,5.92715630458684,0.22398670946433563,0.22398670946433563,-0.6024498110104637,-1.7643413543701172,1.0070167779922485,1.8627406358718872,-0.5380626916885376,0.3014630675315857,0.34093165397644043,0.10870103538036346,-0.9290956258773804
0.8498122653316645,7.747773129750163,-1.0920929118980691,-1.0920929118980691,-0.16301333139658336,-1.75993013381958,1.0187599658966064,1.8603836297988892,-0.5460359454154968,0.3029565215110779,0.3650662302970886,0.10463115572929382,-0.960760235786438
0.8541927409261576,6.024811961355634,-0.1037041002933321,-0.1037041002933321,-1.325449881167763,-1.7554675340652466,1.0356497764587402,1.8579916954040527,-0.5287334322929382,0.3045556843280792,0.3379341661930084,0.10042256861925125,-0.828190803527832
0.8585732165206508,7.687347465720032,1.625799467746161,1.625799467746161,0.012006597983607759,-1.750930905342102,1.0459790229797363,1.8556755781173706,-0.552814781665802,0.30603599548339844,0.37361299991607666,0.09679470211267471,-1.0595550537109375
0.8629536921151439,7.460695153558149,-3.624248060554219,-3.624248060554219,-0.2184665003583312,-1.7463489770889282,1.0632675886154175,1.853253960609436,-0.5320057272911072,0.3076725900173187,0.42074087262153625,0.09215334802865982,-0.8799628019332886
0.867334167709637,5.853438555246834,-0.8955642149588198,-0.8955642149588198,-1.1749516510557978,-1.7416913509368896,1.0794427394866943,1.8509235382080078,-0.5184727311134338,0.3095156252384186,0.3212812542915344,0.08829869329929352,-0.770072340965271
0.8717146433041301,7.739172928346516,-0.8723876492843403,-0.8723876492843403,-0.4717649890421002,-1.736962914466858,1.0900932550430298,1.8486523628234863,-0.5405740737915039,0.3109229803085327,0.32944026589393616,0.08492541313171387,-0.9638936519622803
0.8760951188986232,7.275077545237967,-1.2840056468529855,-1.2840056468529855,-0.8258614171809454,-1.7321877479553223,1.1065187454223633,1.8462843894958496,-0.530738353729248,0.3123660981655121,0.3177408277988434,0.08070310205221176,-0.9186831116676331
0.8804755944931164,6.3160986446894976,-2.9427111373015915,-2.9427111373015915,-0.32541869717419125,-1.7273406982421875,1.1212761402130127,1.8439594507217407,-0.5330387949943542,0.3137579560279846,0.3043615520000458,0.07667883485555649,-0.9830424785614014
0.8848560700876095,6.696176288422295,-1.5910337677938513,-1.5910337677938513,-0.9700924789104703,-1.7224289178848267,1.1349503993988037,1.8416244983673096,-0.5315903425216675,0.31509119272232056,0.2279283106327057,0.07237263768911362,-0.9299008846282959
0.8892365456821025,7.740232123719174,-2.0076421281741132,-2.0076421281741132,0.18777753558022886,-1.7174572944641113,1.148364543914795,1.8392958641052246,-0.5421097874641418,0.3160896301269531,0.20979484915733337,0.06829922646284103,-1.0480965375900269
0.8936170212765957,5.864365399322995,-1.0781644061857412,-1.0781644061857412,0.6612659156297731,-1.7124269008636475,1.1660948991775513,1.836921215057373,-0.5169968605041504,0.3170086443424225,0.14568164944648743,0.06370806694030762,-0.8198570609092712
0.8979974968710889,5.960264070880705,-1.8773518936917146,-1.8773518936917146,-0.1553779663327693,-1.707318902015686,1.1802104711532593,1.8346564769744873,-0.4962625503540039,0.3176468014717102,0.09488476812839508,0.06011670455336571,-0.5023825168609619
0.902377972465582,5.869001325143532,1.490248151878689,1.490248151878689,0.2463884476620284,-1.7021490335464478,1.193159580230713,1.8324825763702393,-0.49384909868240356,0.3180624544620514,0.04459767043590546,0.057916030287742615,-0.4106261432170868
0.906758448060075,7.288615986097402,-0.869386536171404,-0.869386536171404,-0.4532244286657899,-1.6969224214553833,1.206421136856079,1.8303192853927612,-0.48279547691345215,0.31825780868530273,0.08092232048511505,0.05611729249358177,-0.20898614823818207
0.9111389236545682,8.255252934300195,0.8075240113082767,0.8075240113082767,-1.0662750470679923,-1.6916377544403076,1.2218023538589478,1.8282043933868408,-0.4764446020126343,0.318612277507782,0.06876906752586365,0.055201832205057144,-0.17038843035697937
0.9155193992490612,5.140452304472612,-1.5219182407884597,-1.5219182407884597,-0.8716698560265348,-1.6862857341766357,1.2385157346725464,1.8261173963546753,-0.4765031039714813,0.3189135193824768,0.12348993867635727,0.05445545166730881,-0.2809396982192993
0.9198998748435544,6.009928034963421,-0.6227500881166244,-0.6227500881166244,0.7602042233787611,-1.6808604001998901,1.2486943006515503,1.8240300416946411,-0.4976220726966858,0.31945446133613586,0.10450062155723572,0.053224802017211914,-0.40773826837539673
0.9242803504380476,7.872128542660194,-1.8437305288423738,-1.8437305288423738,0.8068786649031509,-1.6753904819488525,1.2628759145736694,1.8218501806259155,-0.4734152555465698,0.31991222500801086,0.06411397457122803,0.05143871530890465,-0.05983695387840271
0.9286608260325406,5.530046796285948,-1.501073465527454,-1.501073465527454,-1.3338350416596678,-1.669858455657959,1.2810993194580078,1.8197764158248901,-0.4328226149082184,0.3201930820941925,-0.013292215764522552,0.05117660015821457,0.3430795669555664
0.9330413016270338,4.642791542809565,-1.6286464755624728,-1.6286464755624728,-1.141753392840022,-1.664246678352356,1.2916680574417114,1.817880392074585,-0.46158722043037415,0.32013484835624695,-0.018176108598709106,0.052679453045129776,0.09605088829994202
0.9374217772215268,6.581628100452458,0.6421134928653186,0.6421134928653186,-0.2732969015905888,-1.6585885286331177,1.3004534244537354,1.8158583641052246,-0.49313709139823914,0.320055216550827,-0.032394930720329285,0.05310020223259926,-0.11741253733634949
0.94180225281602,4.709409772303608,0.6975564272203427,0.6975564272203427,-0.8143676639886953,-1.6528918743133545,1.3145674467086792,1.813698172569275,-0.4884282648563385,0.3199132978916168,-0.005662046372890472,0.05258588120341301,-0.044835105538368225
0.9461827284105132,2.7340495257844752,-1.964384593113269,-1.964384593113269,-0.7637642958394942,-1.647133469581604,1.3238948583602905,1.8115586042404175,-0.5117656588554382,0.31988850235939026,0.03849092870950699,0.0523894838988781,-0.16548794507980347
0.9505632040050064,4.971676760780497,-3.0453939622287924,-3.0453939622287924,0.39120400639194874,-1.6413341760635376,1.3289631605148315,1.809316873550415,-0.5501502752304077,0.32005712389945984,0.003429010510444641,0.0516645684838295,-0.31668490171432495
0.9549436795994992,7.75995935915839,-2.1735118345379627,-2.1735118345379627,0.31489169703997516,-1.6355127096176147,1.3403743505477905,1.8069069385528564,-0.5431211590766907,0.32007214426994324,-0.09693054854869843,0.050277337431907654,-0.09523345530033112
0.9593241551939924,6.984210263028573,1.0042358393517026,1.0042358393517026,-1.0840217500146379,-1.6296411752700806,1.3577430248260498,1.804527759552002,-0.5149726867675781,0.31964755058288574,-0.16959981620311737,0.04986016824841499,0.16787953674793243
0.9637046307884856,5.920406798025718,-1.043019918386451,-1.043019918386451,-0.2016592992975031,-1.623693585395813,1.3717584609985352,1.8022719621658325,-0.5259374380111694,0.3189046084880829,-0.10861606895923615,0.05059555917978287,0.02334129810333252
0.9680851063829788,6.39831185665918,-2.0385519642139416,-2.0385519642139416,-0.9566235866761088,-1.6176846027374268,1.3844455480575562,1.7999681234359741,-0.5249737501144409,0.31842881441116333,-0.1331864595413208,0.05069780349731445,0.10089869052171707
0.9724655819774718,3.6286481062541123,-2.9947745715600345,-2.9947745715600345,-0.3323664598068271,-1.6116200685501099,1.3972644805908203,1.79766845703125,-0.537746250629425,0.3178454041481018,-0.16478219628334045,0.05113978683948517,-0.021264366805553436
0.9768460575719649,5.939877304064964,1.1324310967591198,1.1324310967591198,-1.2720747152384995,-1.6054993867874146,1.404768466949463,1.7953128814697266,-0.5586657524108887,0.3171235918998718,-0.24253295361995697,0.05104663968086243,-0.031914111226797104
0.981226533166458,7.935864745198757,-1.6059811495246878,-1.6059811495246878,-0.6301427725851627,-1.5993458032608032,1.4161545038223267,1.7928656339645386,-0.5825686454772949,0.3160611689090729,-0.17231376469135284,0.050906840711832047,-0.25235095620155334
0.9856070087609512,5.240352313867753,-3.3711142967822423,-3.3711142967822423,0.0705480028183787,-1.5931423902511597,1.4326152801513672,1.790313720703125,-0.5750120878219604,0.3153063654899597,-0.20081134140491486,0.04980142414569855,-0.24858635663986206
0.9899874843554444,5.9858580521078215,0.524101275563141,0.524101275563141,-0.40658515186305777,-1.586866855621338,1.4440346956253052,1.7877949476242065,-0.5732195377349854,0.3144267201423645,-0.30131879448890686,0.04871249943971634,-0.11039386689662933
0.9943679599499372,9.071603755335914,-0.36692791778130884,-0.36692791778130884,-1.1339798167487183,-1.5805412530899048,1.4564534425735474,1.7852839231491089,-0.5764511823654175,0.31310680508613586,-0.27413979172706604,0.048228923231363297,-0.08841078728437424
0.9987484355444304,7.463799120056207,-1.6472390991906407,-1.6472390991906407,-0.446151696122414,-1.5741612911224365,1.474608063697815,1.7827588319778442,-0.5712892413139343,0.31190595030784607,-0.2517394423484802,0.047841642051935196,-0.1994515061378479
1.0031289111389237,7.011681726595395,-1.5347837206033335,-1.5347837206033335,0.20463029986632691,-1.567701816558838,1.4900493621826172,1.7802562713623047,-0.5632401704788208,0.31080320477485657,-0.28681498765945435,0.04696794971823692,-0.15500329434871674
1.0075093867334166,6.640761392225279,-1.1063984358408978,-1.1063984358408978,-0.3316413218645835,-1.561174750328064,1.5051847696304321,1.7777889966964722,-0.5436614155769348,0.3095468282699585,-0.3376113772392273,0.04628895968198776,0.06071487069129944
1.0118898623279098,8.127861623295997,0.9036303439736638,0.9036303439736638,-1.1124535692166535,-1.5545812845230103,1.5188782215118408,1.7754075527191162,-0.539673924446106,0.3080679178237915,-0.3602367341518402,0.046554919332265854,0.11850889027118683
1.016270337922403,5.5678526210356125,-1.9073433883648794,-1.9073433883648794,0.029568099124617275,-1.5479278564453125,1.5347965955734253,1.7730435132980347,-0.5416809916496277,0.3064899146556854,-0.30136069655418396,0.04707404598593712,-0.0077095627784729
1.020650813516896,10.801516672399195,0.09336620806554174,0.09336620806554174,-0.06657112727307857,-1.5412046909332275,1.5465115308761597,1.7706706523895264,-0.5380333065986633,0.30516982078552246,-0.3579246401786804,0.04704027622938156,0.1266675442457199
1.0250312891113893,8.533539765380208,-1.0870448693945085,-1.0870448693945085,-0.7469869000986562,-1.5344302654266357,1.569016695022583,1.7683137655258179,-0.4934298098087311,0.3036019504070282,-0.35325396060943604,0.04759513959288597,0.3528774380683899
1.0294117647058822,6.229068127015081,1.3110732362755912,1.3110732362755912,-1.7007751164136087,-1.5275572538375854,1.5859870910644531,1.766152262687683,-0.4834376573562622,0.3020545244216919,-0.36318472027778625,0.04914091154932976,0.3380465805530548
1.0337922403003754,3.8158854262618984,-0.8398195521718066,-0.8398195521718066,-0.23168367751483282,-1.5206098556518555,1.596990704536438,1.764034628868103,-0.5147700905799866,0.30046361684799194,-0.27522918581962585,0.05062171816825867,0.005086779594421387
1.0381727158948686,5.577506050159904,-1.6749643023566083,-1.6749643023566083,0.3755627278259195,-1.513614296913147,1.6046029329299927,1.7617796659469604,-0.53162682056427,0.2992579936981201,-0.29298868775367737,0.05064399912953377,0.027133814990520477
1.0425531914893615,5.448854180973326,-1.012930529021291,-1.012930529021291,-0.03154651993172414,-1.5065853595733643,1.6165344715118408,1.759450912475586,-0.5196927189826965,0.297974556684494,-0.3528705835342407,0.050762858241796494,0.25857505202293396
1.0469336670838547,4.47020831125894,1.7747270595829725,1.7747270595829725,0.11046584988316427,-1.4995042085647583,1.6276991367340088,1.7571743726730347,-0.5183357000350952,0.2964288294315338,-0.38153010606765747,0.051895540207624435,0.3736034631729126
1.051314142678348,7.039608221429915,-1.624414195903792,-1.624414195903792,0.023744316013685984,-1.492374062538147,1.6370208263397217,1.754903793334961,-0.5217320322990417,0.29475754499435425,-0.3329283893108368,0.05353210121393204,0.5060645341873169
1.055694618272841,5.092170374232813,-0.6745323924913387,-0.6745323924913387,-0.42906158475861483,-1.4852031469345093,1.651479721069336,1.7526183128356934,-0.5058649182319641,0.2932991683483124,-0.381059855222702,0.05574890598654747,0.6729013323783875
1.0600750938673342,7.998595109004116,-1.6171438309761759,-1.6171438309761759,-0.18177891832332488,-1.4779689311981201,1.6614298820495605,1.7504023313522339,-0.5167015194892883,0.29162994027137756,-0.3882283866405487,0.05869653448462486,0.6692422032356262
1.0644555694618272,9.067743699117088,0.6045104373034899,0.6045104373034899,-1.9170322788048388,-1.4706910848617554,1.6775535345077515,1.7481389045715332,-0.4976329803466797,0.2899293005466461,-0.43014559149742126,0.061628133058547974,0.8009536862373352
1.0688360450563203,5.407095083479871,-2.5263440070863608,-2.5263440070863608,-0.6173216549841678,-1.463342547416687,1.6933512687683105,1.7459590435028076,-0.5102538466453552,0.2880450487136841,-0.3565085530281067,0.06513669341802597,0.4733462333679199
1.0732165206508135,5.601367666301357,-1.313684247354326,-1.313684247354326,-0.6301791285766765,-1.4559248685836792,1.7033936977386475,1.7437238693237305,-0.5227910280227661,0.28648337721824646,-0.4122580587863922,0.06721017509698868,0.4247826337814331
1.0775969962453065,7.589867483621932,1.191887580959083,1.191887580959083,-0.7119734909447528,-1.4484632015228271,1.713728666305542,1.7414337396621704,-0.5339897274971008,0.28467750549316406,-0.4322185814380646,0.06907092779874802,0.3771786391735077
1.0819774718397996,6.2189495887298545,-0.7304150629845434,-0.7304150629845434,0.1828990039624792,-1.4409562349319458,1.727827787399292,1.739094614982605,-0.5305497050285339,0.28278419375419617,-0.376619815826416,0.07072314620018005,0.35239455103874207
1.0863579474342928,4.324250420507914,-2.8678616102150887,-2.8678616102150887,-1.0956255104406056,-1.4333875179290771,1.7405747175216675,1.736770510673523,-0.517547070980072,0.2811344265937805,-0.4032914936542511,0.07226680219173431,0.5458940267562866
1.090738423028786,10.105734142792636,-0.9372513492128346,-0.9372513492128346,-0.7743315193726976,-1.4257630109786987,1.7474186420440674,1.7345033884048462,-0.5501710176467896,0.2793678045272827,-0.4550464153289795,0.07465808093547821,0.33949488401412964
1.0951188986232792,5.981466139226834,-3.4959046353193717,-3.4959046353193717,-0.6351144082170361,-1.4181084632873535,1.7661124467849731,1.732093334197998,-0.5271404981613159,0.2773744761943817,-0.4598041772842407,0.0761452317237854,0.3554597496986389
1.099499374217772,1.8459139805417513,-0.5074719002815034,-0.5074719002815034,-0.4041513021027464,-1.410372018814087,1.7768086194992065,1.7297842502593994,-0.5351499915122986,0.2753603160381317,-0.5433483123779297,0.07770231366157532,0.3157026767730713
1.1038798498122653,6.072628428864656,-0.8701393575555981,-0.8701393575555981,-0.3077102713951424,-1.4025887250900269,1.7797279357910156,1.7274399995803833,-0.5721888542175293,0.2729801833629608,-0.5463656187057495,0.07908523827791214,0.24541497230529785
1.1082603254067585,7.710967429171449,-2.622818375880415,-2.622818375880415,-1.3570940846752289,-1.3947926759719849,1.7910068035125732,1.7249335050582886,-0.571721613407135,0.27058684825897217,-0.5627903342247009,0.08016027510166168,0.2992624044418335
1.1126408010012514,5.808568162553584,-0.7933652274860632,-0.7933652274860632,0.49520313956873857,-1.3869471549987793,1.8034083843231201,1.7224290370941162,-0.5820693373680115,0.2681215703487396,-0.5997534990310669,0.08147118985652924,0.0982578843832016
1.1170212765957446,3.3437172538552025,-1.1039570156399217,-1.1039570156399217,-0.8132702536044764,-1.3790473937988281,1.8155156373977661,1.7198792695999146,-0.5649811625480652,0.26549437642097473,-0.637383759021759,0.08190160244703293,0.37013453245162964
1.1214017521902375,8.210587098773878,1.5314222571422822,1.5314222571422822,-0.63763611631793,-1.3710945844650269,1.820376992225647,1.7174043655395508,-0.5990210175514221,0.2627023458480835,-0.6458727121353149,0.0835229679942131,0.22038255631923676
1.125782227784731,3.9043599922658254,-1.7308798997458248,-1.7308798997458248,-0.16597531602940563,-1.363120436668396,1.8346704244613647,1.714780330657959,-0.5882443785667419,0.2598731219768524,-0.5825293064117432,0.08448834717273712,0.2319156676530838
1.130162703379224,8.242288111687452,-1.3480252111468132,-1.3480252111468132,-1.8120360611883293,-1.355083703994751,1.8416798114776611,1.7122035026550293,-0.6024294495582581,0.2573213577270508,-0.6282294988632202,0.08550424873828888,0.2757340669631958
1.134543178973717,2.862272399608359,-0.18601701984238134,-0.18601701984238134,0.0980890034187838,-1.3470162153244019,1.853411078453064,1.7095645666122437,-0.618716835975647,0.254569411277771,-0.6146789193153381,0.08671209216117859,-0.03926879167556763
1.1389236545682102,9.394719518293106,-1.7895969577581043,-1.7895969577581043,-0.6527250480002423,-1.3388973474502563,1.8588907718658447,1.7068543434143066,-0.6354203820228577,0.2518768310546875,-0.6229757070541382,0.08654007315635681,0.054228343069553375
1.1433041301627034,4.388081168252827,-0.8734595372791866,-0.8734595372791866,-0.15739222681964665,-1.3307545185089111,1.8747342824935913,1.7040709257125854,-0.6148797273635864,0.2491479068994522,-0.656175971031189,0.08677762001752853,0.08938492834568024
1.1476846057571963,8.409014934134678,-2.288821267892559,-2.288821267892559,0.7527323882561433,-1.3225423097610474,1.8823599815368652,1.701377511024475,-0.6247192025184631,0.24627354741096497,-0.6770874261856079,0.08716917037963867,0.14698530733585358
1.1520650813516895,7.75920778054045,-1.2339143021096786,-1.2339143021096786,-0.32608213244220613,-1.3142967224121094,1.8989753723144531,1.6986409425735474,-0.5795326232910156,0.24330757558345795,-0.7659104466438293,0.08781303465366364,0.5515052080154419
1.156445556946183,5.316137274881482,0.48522125815467065,0.48522125815467065,-0.11629783094209101,-1.3059782981872559,1.9121853113174438,1.696102261543274,-0.5649532079696655,0.23995251953601837,-0.7924219965934753,0.09022889286279678,0.6402316093444824
1.1608260325406758,5.830947233823405,-0.5235875735414272,-0.5235875735414272,-1.3210617906612854,-1.2976020574569702,1.9214338064193726,1.6936274766921997,-0.5659647583961487,0.23648133873939514,-0.7748557329177856,0.09303341060876846,0.7310026288032532
1.165206508135169,2.7625421054066814,-1.3386646045684483,-1.3386646045684483,-0.7083879464846519,-1.2891852855682373,1.9289036989212036,1.691148281097412,-0.5907280445098877,0.23308710753917694,-0.7515669465065002,0.09623555094003677,0.4978466033935547
1.169586983729662,5.713372048509011,0.244368000745668,0.244368000745668,0.23343744125777588,-1.280735731124878,1.9321651458740234,1.6885606050491333,-0.6269760727882385,0.22979488968849182,-0.7699730396270752,0.09841635823249817,0.3644343912601471
1.1739674593241551,5.588403095603422,-0.08120190044088893,-0.08120190044088893,-0.3796139827315109,-1.2722718715667725,1.9425113201141357,1.6858141422271729,-0.6163700222969055,0.2264220416545868,-0.769653856754303,0.10001275688409805,0.5622894763946533
1.1783479349186483,7.102895747950766,-2.054968197140437,-2.054968197140437,0.47532501858636994,-1.2637627124786377,1.9511809349060059,1.6831141710281372,-0.6210876107215881,0.22305059432983398,-0.7609393000602722,0.1024758517742157,0.5863573551177979
1.1827284105131413,2.8939128594052295,0.9662804393602135,0.9662804393602135,-0.09318055853535301,-1.2552156448364258,1.9643272161483765,1.6803934574127197,-0.5930599570274353,0.21971732378005981,-0.8348318934440613,0.10504437237977982,0.884182333946228
1.1871088861076344,6.122632286756242,-0.11249402824672972,-0.11249402824672972,-0.8268225093656136,-1.2466109991073608,1.96917724609375,1.6777955293655396,-0.6138004660606384,0.21606037020683289,-0.8038922548294067,0.10891751199960709,0.9255774021148682
1.1914893617021276,4.8951343415400865,-1.6310258385812824,-1.6310258385812824,0.1430770167639409,-1.2379850149154663,1.9774259328842163,1.6751067638397217,-0.6243389844894409,0.212538942694664,-0.7830315828323364,0.11297198385000229,0.8376715779304504
1.1958698372966208,7.689783641935031,-1.0033394723967877,-1.0033394723967877,-0.35055595378315496,-1.229322910308838,1.9860165119171143,1.6723718643188477,-0.6226203441619873,0.2091088891029358,-0.8348410129547119,0.11664138734340668,0.9917352199554443
1.200250312891114,7.371734647054455,-0.7847760770797351,-0.7847760770797351,-1.5165249513429762,-1.220623254776001,1.9978022575378418,1.6696444749832153,-0.6087377667427063,0.20545189082622528,-0.8539043664932251,0.12098565697669983,1.0734333992004395
1.204630788485607,4.467901290091469,-1.0210564150814307,-1.0210564150814307,0.7269010304859111,-1.2118719816207886,2.0056917667388916,1.666977882385254,-0.6246389746665955,0.20171138644218445,-0.8325349688529968,0.12568780779838562,0.8226670622825623
1.2090112640801,5.165273496744524,-0.769694178201506,-0.769694178201506,-0.5595234597760925,-1.2030861377716064,2.015133857727051,1.6642416715621948,-0.6128932237625122,0.19806449115276337,-0.8835808634757996,0.12929147481918335,1.1297993659973145
1.2133917396745932,6.067435228386642,0.46199906318717543,0.46199906318717543,-1.275503709475123,-1.1942589282989502,2.021984100341797,1.6615569591522217,-0.6251509189605713,0.1941939890384674,-0.8897185325622559,0.1342405378818512,1.0945359468460083
1.2177722152690862,7.33241967724911,0.8096718149626521,0.8096718149626521,-0.4030748281170128,-1.1854016780853271,2.0278115272521973,1.6588184833526611,-0.6463524699211121,0.19029660522937775,-0.8389779329299927,0.13903512060642242,0.880776047706604
1.2221526908635794,6.713529218424071,-2.133233250572354,-2.133233250572354,-0.7440803820918256,-1.1765189170837402,2.0380172729492188,1.6559871435165405,-0.6365028619766235,0.18662148714065552,-0.8035618662834167,0.14289334416389465,0.9399963021278381
1.2265331664580723,5.224010250717952,0.7499913398154657,0.7499913398154657,-0.19367561632238361,-1.1675914525985718,2.046029567718506,1.6531989574432373,-0.6397889852523804,0.18310150504112244,-0.8441295623779297,0.14701098203659058,0.889687180519104
1.2309136420525657,6.749088075457251,2.0544692603269312,2.0544692603269312,-0.22838757052067177,-1.1586288213729858,2.0534915924072266,1.6503963470458984,-0.6429257988929749,0.17940381169319153,-0.8165714740753174,0.1509082317352295,0.9580341577529907
1.2352941176470589,5.0452762026464875,0.48628900474632364,0.48628900474632364,0.7993203357100187,-1.149633526802063,2.0630362033843994,1.6475800275802612,-0.633894145488739,0.17582684755325317,-0.7499048113822937,0.1551048755645752,1.0524605512619019
1.2396745932415518,10.89877186047994,2.011662926946827,2.011662926946827,-1.7892263815595144,-1.1405963897705078,2.0737433433532715,1.6448032855987549,-0.6155338287353516,0.17254190146923065,-0.7590463161468506,0.15971514582633972,1.3935984373092651
1.244055068836045,5.544165500301633,-0.46810227476267335,-0.46810227476267335,-0.7783656708515095,-1.1315124034881592,2.083650827407837,1.6421070098876953,-0.6073499917984009,0.16921691596508026,-0.6480482816696167,0.16581976413726807,1.150041937828064
1.2484355444305382,2.6826510118077804,1.2251863074587575,1.2251863074587575,-1.5567722430508386,-1.122385025024414,2.0891382694244385,1.639446496963501,-0.6212430596351624,0.16637815535068512,-0.6389876008033752,0.1708574891090393,1.0629138946533203
1.2528160200250311,9.71313167937605,1.0070786086986288,1.0070786086986288,-1.293200074294645,-1.1132335662841797,2.087200403213501,1.6367251873016357,-0.6774224638938904,0.1635790914297104,-0.5577455759048462,0.17551355063915253,0.691637396812439
1.2571964956195243,7.771731038004361,-2.2241706934283276,-2.2241706934283276,-0.2482468565577764,-1.104090690612793,2.095952272415161,1.6337577104568481,-0.6676327586174011,0.16113589704036713,-0.4905701279640198,0.17854325473308563,0.5586284399032593
1.2615769712140177,4.271218537333053,0.3285846165926303,0.3285846165926303,-0.2383278175300816,-1.094909429550171,2.106051206588745,1.6308331489562988,-0.6502204537391663,0.15898697078227997,-0.5482733845710754,0.1809903085231781,0.6715214848518372
1.2659574468085106,3.990786921752215,-1.424584803300505,-1.424584803300505,-1.0288771813506916,-1.0856839418411255,2.111224889755249,1.627984881401062,-0.662367582321167,0.15658527612686157,-0.5317177176475525,0.1839318871498108,0.7051401734352112
1.2703379224030038,5.430972747264047,-2.566998210805515,-2.566998210805515,-0.2767347116257987,-1.0764358043670654,2.112574815750122,1.6250834465026855,-0.6951131820678711,0.15425610542297363,-0.5432736277580261,0.18702073395252228,0.5117079019546509
1.2747183979974968,7.93285611998151,-1.4443523020104432,-1.4443523020104432,0.8547916438383854,-1.0671817064285278,2.119006633758545,1.62203848361969,-0.6982448697090149,0.1518763154745102,-0.6101565957069397,0.189262256026268,0.5617536306381226
1.27909887359199,9.793479749125119,-1.8564539693560613,-1.8564539693560613,-0.7904962438336965,-1.0578994750976562,2.133817434310913,1.618979811668396,-0.6540233492851257,0.14920353889465332,-0.677298903465271,0.19172300398349762,0.9859349727630615
1.283479349186483,6.6431782435266795,-1.199642945325361,-1.199642945325361,-0.6831003536935047,-1.048552393913269,2.144002676010132,1.616114854812622,-0.6318583488464355,0.14623664319515228,-0.7084282636642456,0.19604186713695526,0.9948113560676575
1.287859824780976,6.89028358214169,-0.9896579498341348,-0.9896579498341348,0.5658418083913668,-1.0391606092453003,2.1502315998077393,1.613347053527832,-0.6340331435203552,0.14313338696956635,-0.7235129475593567,0.20039960741996765,0.9598168134689331
1.2922403003754692,8.554101617004992,-1.6713174520520317,-1.6713174520520317,-0.5783043556109763,-1.0297415256500244,2.1624443531036377,1.610569715499878,-0.6053963899612427,0.1399640589952469,-0.7689384818077087,0.20460405945777893,1.2788457870483398
1.2966207759699624,5.338720719591486,0.23758725488918175,0.23758725488918175,-1.4661502024290725,-1.0202690362930298,2.1716408729553223,1.6079177856445312,-0.5889089703559875,0.1365957409143448,-0.8008579015731812,0.2102060168981552,1.317638635635376
1.3010012515644556,5.939717349416662,-2.9302783119067963,-2.9302783119067963,-0.40945116276012167,-1.010756254196167,2.172123670578003,1.6053380966186523,-0.6201547384262085,0.13308760523796082,-0.7511033415794373,0.21597790718078613,1.0335487127304077
1.3053817271589487,6.191892569522549,-0.3325934294354953,-0.3325934294354953,-1.296805612729809,-1.0012413263320923,2.178196907043457,1.6026215553283691,-0.6220037937164307,0.12979741394519806,-0.8247194886207581,0.22050534188747406,1.0580967664718628
1.3097622027534417,6.2808898722934705,-1.1691801484126945,-1.1691801484126945,-0.49080117367882625,-0.9916998147964478,2.179943323135376,1.5998969078063965,-0.6419979929924011,0.12618474662303925,-0.7965614199638367,0.2251403033733368,0.8409720659255981
1.3141426783479349,5.061453652669332,-2.3495945364167055,-2.3495945364167055,-0.3692213884295914,-0.9821506142616272,2.1856398582458496,1.597084641456604,-0.6427597999572754,0.1226954311132431,-0.8163722157478333,0.2288241684436798,0.8505873680114746
1.318523153942428,5.819289337101974,1.256120076419284,1.256120076419284,-1.344298266022014,-0.9725764989852905,2.1903090476989746,1.594269037246704,-0.6511233448982239,0.11911933124065399,-0.8742054104804993,0.23255014419555664,0.865580677986145
1.322903629536921,4.92549662793886,-1.6386857202858989,-1.6386857202858989,-1.120771663961117,-0.9629818797111511,2.190544843673706,1.591416835784912,-0.675270140171051,0.11528989672660828,-0.7982649803161621,0.23634180426597595,0.6261984705924988
1.327284105131414,8.223790027119797,-0.28755877118154427,-0.28755877118154427,1.0563474443224292,-0.9533862471580505,2.190561532974243,1.588458776473999,-0.701878547668457,0.11179311573505402,-0.8133897185325623,0.239084854722023,0.42823636531829834
1.331664580725907,6.487672920485113,-0.6469972138387503,-0.6469972138387503,0.5040408111142574,-0.9437905550003052,2.2064030170440674,1.5853842496871948,-0.6507959365844727,0.10823008418083191,-0.8526360392570496,0.2409607321023941,0.9140167236328125
1.3360450563204005,6.8916620350468065,0.6368354664697503,0.6368354664697503,0.1195579798043242,-0.9341254830360413,2.2172088623046875,1.5825334787368774,-0.6271313428878784,0.10449513047933578,-0.8862500190734863,0.24496455490589142,1.2053017616271973
1.3404255319148937,5.802542803744324,-0.04026664853342243,-0.04026664853342243,-0.4367712194486377,-0.9244130253791809,2.226452589035034,1.5797863006591797,-0.6088457107543945,0.10061293095350266,-0.8711438775062561,0.2502443492412567,1.3985776901245117
1.3448060075093866,7.061548093411217,0.047051023628433164,0.047051023628433164,-0.7386237760843596,-0.9146600961685181,2.2312939167022705,1.57711923122406,-0.6125310063362122,0.0967969074845314,-0.8595646619796753,0.25637078285217285,1.4112499952316284
1.3491864831038798,3.4229420655211387,0.03237019249048623,0.03237019249048623,-0.9605749456804178,-0.9048859477043152,2.2356390953063965,1.574436068534851,-0.6123607158660889,0.09303160756826401,-0.8366204500198364,0.26255273818969727,1.3686671257019043
1.353566958698373,6.846769473661711,-1.3590962501768327,-1.3590962501768327,-1.2904535475552557,-0.895092785358429,2.2343034744262695,1.5717536211013794,-0.648147463798523,0.08936680853366852,-0.8076233267784119,0.2685481607913971,1.179858922958374
1.357947434292866,7.674965506045242,-0.9641658686099911,-0.9641658686099911,-0.10894582835634165,-0.8853054642677307,2.2343616485595703,1.5689144134521484,-0.6622233390808105,0.08582903444766998,-0.809627890586853,0.2737165093421936,0.977881908416748
1.362327909887359,6.329390463612337,-1.5138687076626725,-1.5138687076626725,-0.8843687033976602,-0.8755179047584534,2.2424049377441406,1.5660135746002197,-0.6425442695617676,0.08228247612714767,-0.8346030116081238,0.2780000865459442,1.124216914176941
1.3667083854818525,7.026336993530196,-0.3837065641336624,-0.3837065641336624,-0.019206789887696862,-0.8656951189041138,2.243983268737793,1.5631989240646362,-0.6518225073814392,0.07862652093172073,-0.8529863953590393,0.28292468190193176,1.0230993032455444
1.3710888610763454,4.542591995310959,-0.8069402683274772,-0.8069402683274772,0.48144003098308696,-0.8558654189109802,2.25168514251709,1.560343623161316,-0.6356896162033081,0.07489003241062164,-0.8636309504508972,0.2874063551425934,1.1789993047714233
1.3754693366708386,6.301682398179349,-2.8834642272594735,-2.8834642272594735,-1.41391744454456,-0.8460019826889038,2.2601165771484375,1.5575590133666992,-0.6294419169425964,0.071106918156147,-0.90125572681427,0.29257091879844666,1.4173355102539062
1.3798498122653315,4.483551503380064,-0.6509195116328488,-0.6509195116328488,-0.3974658734243332,-0.8361015915870667,2.257740020751953,1.5548017024993896,-0.6509174704551697,0.06715898960828781,-0.944171130657196,0.29877951741218567,1.1671134233474731
1.3842302878598247,8.717136607020514,-0.9337831307626899,-0.9337831307626899,-0.7764338916047469,-0.8262116312980652,2.2600104808807373,1.5519503355026245,-0.6649447679519653,0.06302306801080704,-0.9515727758407593,0.30389201641082764,1.1585464477539062
1.388610763454318,8.673037915765338,0.07005385755925525,0.07005385755925525,-0.48421789613971433,-0.8163117170333862,2.263681173324585,1.5490375757217407,-0.6516011357307434,0.05885472521185875,-0.9561678767204285,0.3089669942855835,1.140426754951477
1.3929912390488108,9.505934217657241,0.44259539603399406,0.44259539603399406,-0.23702925723510404,-0.8063957095146179,2.269115686416626,1.5461832284927368,-0.632123589515686,0.05466625466942787,-0.9399814009666443,0.3139626085758209,1.2023396492004395
1.397371714643304,4.344954040338063,-0.3382635722130296,-0.3382635722130296,-0.6057789084206371,-0.7964559197425842,2.2769532203674316,1.5434142351150513,-0.6001415252685547,0.05054868757724762,-0.9201341867446899,0.3192294239997864,1.3515864610671997
1.4017521902377972,9.245500438630106,0.42480196165456,0.42480196165456,0.6314623629083223,-0.7864817976951599,2.2771871089935303,1.540785312652588,-0.620082676410675,0.04651806131005287,-0.9123218655586243,0.3251500129699707,1.2808295488357544
1.4061326658322904,9.012145573177715,1.2069270018715978,1.2069270018715978,-0.7957199298408049,-0.7765066623687744,2.290942668914795,1.5380690097808838,-0.5711487531661987,0.042521655559539795,-0.9183570146560669,0.330760657787323,1.665266990661621
1.4105131414267835,6.4483042646542525,-1.4392921987628091,-1.4392921987628091,-0.8894144338054784,-0.766471266746521,2.293929100036621,1.5355671644210815,-0.5560528039932251,0.03849881514906883,-0.859873354434967,0.3380553126335144,1.6458675861358643
1.4148936170212765,4.871111409335647,1.6106523554151622,1.6106523554151622,-0.39075894743980727,-0.756422758102417,2.293633460998535,1.5331313610076904,-0.5646766424179077,0.0347321592271328,-0.8759315013885498,0.3452650010585785,1.5422316789627075
1.4192740926157696,8.729904870823454,-0.6267544152728802,-0.6267544152728802,-0.26720768742081313,-0.746375560760498,2.2955758571624756,1.5306577682495117,-0.5755578875541687,0.030895162373781204,-0.8174839615821838,0.3520207107067108,1.5419642925262451
1.4236545682102628,5.300036778575796,1.8461591662227295,1.8461591662227295,-0.08192837641678319,-0.7363198399543762,2.301659345626831,1.5281364917755127,-0.5513051152229309,0.027314193546772003,-0.8279838562011719,0.35877525806427,1.661595106124878
1.4280350438047558,5.121582317108993,-1.6063585320592304,-1.6063585320592304,0.19523911305412983,-0.7262374758720398,2.3063666820526123,1.525721549987793,-0.5519188642501831,0.023687230423092842,-0.7716776132583618,0.36605384945869446,1.7562060356140137
1.432415519399249,8.5586242137705,-0.5160224518152812,-0.5160224518152812,-1.7169297361568798,-0.7161344885826111,2.3132736682891846,1.5233038663864136,-0.5480656027793884,0.020306915044784546,-0.8242899775505066,0.3737468719482422,1.9237254858016968
1.436795994993742,6.549793965920244,-1.0462478867076648,-1.0462478867076648,-0.4312192769256501,-0.7060012221336365,2.306781530380249,1.5209031105041504,-0.5573086142539978,0.016696132719516754,-0.7892196774482727,0.38217371702194214,1.6331051588058472
1.4411764705882353,8.150015804557478,-0.37625768658533676,-0.37625768658533676,-0.9649064317975986,-0.6958964467048645,2.309144973754883,1.51846182346344,-0.5552471280097961,0.01323897484689951,-0.8071804642677307,0.3893274962902069,1.6562203168869019
1.4455569461827285,7.245878508556163,0.05759958553759892,0.05759958553759892,0.8974319084034457,-0.6857813000679016,2.3078811168670654,1.5160295963287354,-0.5514594912528992,0.009703140705823898,-0.7899900674819946,0.39658254384994507,1.5647952556610107
1.4499374217772214,8.947236420253313,0.32647545836591696,0.32647545836591696,-0.32594332637049583,-0.6756716966629028,2.322410821914673,1.5136139392852783,-0.5149515867233276,0.006242608651518822,-0.8145158290863037,0.403437077999115,1.9723451137542725
1.4543178973717146,10.3492847378446,-1.9161769504506956,-1.9161769504506956,-0.6511541142909032,-0.6654984354972839,2.3274810314178467,1.5113582611083984,-0.49100226163864136,0.0026746417861431837,-0.7954631447792053,0.4120768904685974,2.0748236179351807
1.4586983729662075,8.183580559270363,0.038943813871608945,0.038943813871608945,-0.346272776924375,-0.6553029417991638,2.3304951190948486,1.5092074871063232,-0.46256035566329956,-0.0008098653052002192,-0.8324058055877686,0.4211656153202057,2.115748167037964
1.4630788485607007,5.327681673134787,0.98232809012673,0.98232809012673,-0.7526122985563116,-0.6450942754745483,2.334649085998535,1.5071812868118286,-0.4457123279571533,-0.004456198774278164,-0.8211562633514404,0.43043360114097595,2.194159507751465
1.467459324155194,7.412070136563844,-0.24921527838401136,-0.24921527838401136,-0.592525791622085,-0.6348674297332764,2.3327126502990723,1.505228877067566,-0.4613381624221802,-0.008053254336118698,-0.7704905271530151,0.4400450587272644,2.097517251968384
1.471839799749687,6.276089082410892,0.21483873375250984,0.21483873375250984,-1.4009199747262886,-0.6246490478515625,2.333470106124878,1.503208041191101,-0.4563175141811371,-0.011428369209170341,-0.7604647874832153,0.44923317432403564,2.0888450145721436
1.4762202753441802,6.560593717628291,-0.14214456654392077,-0.14214456654392077,-1.0839540973513624,-0.6144273281097412,2.3249895572662354,1.5012091398239136,-0.477810263633728,-0.014759566634893417,-0.7132794857025146,0.45838332176208496,1.8299213647842407
1.4806007509386734,6.4183912181708,0.913641709038624,0.913641709038624,-0.1476042281944383,-0.604242742061615,2.31929874420166,1.499116063117981,-0.49012455344200134,-0.017884070053696632,-0.685775637626648,0.46639925241470337,1.6645020246505737
1.4849812265331663,6.337623478518174,-1.0158062681974243,-1.0158062681974243,0.3318201789878693,-0.5940831303596497,2.3229212760925293,1.4969691038131714,-0.48392975330352783,-0.02088809385895729,-0.6547839045524597,0.47369056940078735,1.7564722299575806
1.4893617021276595,6.819343101592817,-0.7723882235172871,-0.7723882235172871,0.4783797730997265,-0.5839076042175293,2.331610679626465,1.4948492050170898,-0.4685397446155548,-0.02375635877251625,-0.6941388845443726,0.4813847541809082,1.9797495603561401
1.493742177722153,6.308327099916104,-2.604128083216383,-2.604128083216383,-0.4039268026573297,-0.5736940503120422,2.342445135116577,1.492796778678894,-0.4464380741119385,-0.026797017082571983,-0.7306652665138245,0.49005699157714844,2.2530274391174316
1.4981226533166456,8.637431333085988,-1.4907611488309873,-1.4907611488309873,0.4203486944919069,-0.563433051109314,2.343597412109375,1.4908411502838135,-0.4471305310726166,-0.029997678473591805,-0.7949181199073792,0.4999263286590576,2.268920660018921
1.5025031289111388,3.7856533172625704,-0.29615695449664264,-0.29615695449664264,-1.5363199256541824,-0.5531669855117798,2.3552958965301514,1.4888825416564941,-0.41200587153434753,-0.03347979858517647,-0.8507285714149475,0.5098652839660645,2.5608227252960205
1.506883604505632,6.90485777495082,-0.8343162023359422,-0.8343162023359422,-1.5723052859588835,-0.5428496599197388,2.3421008586883545,1.4870777130126953,-0.4568255543708801,-0.037206392735242844,-0.8145118951797485,0.521082878112793,2.208324432373047
1.5112640801001251,8.783569010963141,-3.6134410908930623,-3.6134410908930623,-0.5725286367849158,-0.5325901508331299,2.329345464706421,1.4850765466690063,-0.4767117202281952,-0.04077434167265892,-0.7929602861404419,0.530756413936615,1.9071030616760254
1.5156445556946183,7.309724177760301,1.0568584383766528,1.0568584383766528,-1.1100069657336953,-0.5223864912986755,2.32869029045105,1.4829883575439453,-0.4609588086605072,-0.044247884303331375,-0.8817645907402039,0.5391104221343994,1.9205859899520874
1.5200250312891113,6.873930338707321,1.495416053297186,1.495416053297186,-0.16785178017126529,-0.5121856927871704,2.320516586303711,1.4809691905975342,-0.46802663803100586,-0.04811043292284012,-0.8184852600097656,0.5475234985351562,1.75401771068573
1.5244055068836044,7.3189435864358465,1.8354665262464633,1.8354665262464633,0.04573836690425026,-0.5020207166671753,2.3230695724487305,1.4789190292358398,-0.4596692621707916,-0.05169578641653061,-0.7699125409126282,0.5552069544792175,1.8405723571777344
1.5287859824780976,7.523942095861945,-2.969935160818158,-2.969935160818158,-0.12393328354063604,-0.4918445646762848,2.3284189701080322,1.4769054651260376,-0.44366589188575745,-0.05506836995482445,-0.7176467776298523,0.5632695555686951,1.994233250617981
1.5331664580725906,7.052151616526202,0.53695496954311,0.53695496954311,-0.8405385553466532,-0.48164498805999756,2.3317971229553223,1.4749619960784912,-0.42965254187583923,-0.058212004601955414,-0.8007590770721436,0.5720052719116211,2.103363513946533
1.5375469336670835,3.677485099566632,0.1399480312595006,0.1399480312595006,-1.0286762468620838,-0.47143059968948364,2.325845956802368,1.4730799198150635,-0.4337663948535919,-0.06171971186995506,-0.7605319023132324,0.5812190175056458,2.0024895668029785
1.541927409261577,6.367904931907113,-0.28764749170349563,-0.28764749170349563,-0.4132257312918347,-0.46124228835105896,2.3155155181884766,1.4711798429489136,-0.4684193730354309,-0.06505120545625687,-0.7264043688774109,0.5899908542633057,1.7845959663391113
1.54630788485607,5.913985342173132,1.929913951297498,1.929913951297498,-0.9212677051378253,-0.4510992169380188,2.3138797283172607,1.469127893447876,-0.46952328085899353,-0.0682331994175911,-0.7227370738983154,0.5978082418441772,1.7877137660980225
1.5506883604505632,6.613384129531627,1.7939032044243064,1.7939032044243064,0.13908010116653197,-0.4409633278846741,2.3051702976226807,1.4670711755752563,-0.4841553866863251,-0.07139912992715836,-0.639473557472229,0.6056392788887024,1.6397771835327148
1.5550688360450562,6.932681039326246,-1.5843441563956138,-1.5843441563956138,1.4015794673675477,-0.4308655858039856,2.3104794025421143,1.4649503231048584,-0.4727490246295929,-0.0742003321647644,-0.5911474823951721,0.6128222942352295,1.7993775606155396
1.5594493116395494,5.257138235471706,1.4092134414990547,1.4092134414990547,0.4187635896614524,-0.4207445979118347,2.3330001831054688,1.4628794193267822,-0.4348728060722351,-0.07678984105587006,-0.6783459186553955,0.6207044124603271,2.3158726692199707
1.5638297872340423,6.115677243770296,-0.7538497554266648,-0.7538497554266648,-1.67141069885312,-0.4105249345302582,2.3422460556030273,1.4609744548797607,-0.4296581745147705,-0.0797613188624382,-0.6494216322898865,0.6308490633964539,2.5270957946777344
1.5682102628285357,3.4320052161002144,0.20698215907482712,0.20698215907482712,-0.48209349769365545,-0.40026476979255676,2.3231801986694336,1.459092378616333,-0.4576939046382904,-0.08260609209537506,-0.6226259469985962,0.641918957233429,2.169619083404541
1.5725907384230289,9.090396296340675,1.287350764251555,1.287350764251555,-0.4706060891219802,-0.39008814096450806,2.318948745727539,1.457087516784668,-0.4839296340942383,-0.08533348888158798,-0.6025027632713318,0.651422917842865,2.0954067707061768
1.5769712140175218,7.482562270307248,0.3888427114390812,0.3888427114390812,-0.24850018308796046,-0.3799300491809845,2.316429615020752,1.4549676179885864,-0.46581020951271057,-0.0879727378487587,-0.5511648654937744,0.660601794719696,2.1219663619995117
1.581351689612015,10.003129398673673,-0.14367108676895973,-0.14367108676895973,0.12655673546215718,-0.3697829842567444,2.3164141178131104,1.4529271125793457,-0.45625126361846924,-0.09038710594177246,-0.5325524210929871,0.6698970198631287,2.181154489517212
1.5857321652065082,5.238369423376698,0.5021389333571249,0.5021389333571249,-0.8626325420109706,-0.35963597893714905,2.3224830627441406,1.4509285688400269,-0.42047202587127686,-0.09271994233131409,-0.5404439568519592,0.6794515252113342,2.386340618133545
1.5901126408010011,5.150264960357818,0.17033697906946615,0.17033697906946615,-0.11566815443921591,-0.3494623899459839,2.3128256797790527,1.4490866661071777,-0.44001609086990356,-0.09508734196424484,-0.5005882978439331,0.6899048089981079,2.2337265014648438
1.5944931163954943,9.54351139389633,1.216789100777381,1.216789100777381,0.25403959608708093,-0.33933112025260925,2.313829183578491,1.4471591711044312,-0.44658172130584717,-0.09728015959262848,-0.49223604798316956,0.6996895670890808,2.2868587970733643
1.5988735919899877,8.406981699782824,2.303156260473553,2.303156260473553,-0.6321712861171296,-0.32919543981552124,2.3214261531829834,1.4452029466629028,-0.4129546880722046,-0.09943638741970062,-0.4641207158565521,0.7097070813179016,2.514028549194336
1.6032540675844804,7.250342620929503,-0.7231795001926942,-0.7231795001926942,-0.2244850486992714,-0.31902649998664856,2.31542706489563,1.4433940649032593,-0.40432265400886536,-0.10146945714950562,-0.3783998489379883,0.7207196950912476,2.473710536956787
1.6076345431789736,3.8421558803208957,-0.6230115038011098,-0.6230115038011098,-0.43226801352405064,-0.30888381600379944,2.3151729106903076,1.4416229724884033,-0.39741259813308716,-0.10312702506780624,-0.39296332001686096,0.731555700302124,2.5267648696899414
1.6120150187734668,8.101290738241303,2.0052973848697286,2.0052973848697286,-0.005270390472946085,-0.29874226450920105,2.310915231704712,1.4398821592330933,-0.42027080059051514,-0.10484839230775833,-0.3985336422920227,0.7426241040229797,2.4666759967803955
1.61639549436796,5.810346082303197,0.11255995359127258,0.11255995359127258,-0.5420677605809787,-0.28861936926841736,2.3139798641204834,1.4380412101745605,-0.40343177318573,-0.10659416019916534,-0.33981868624687195,0.7534292936325073,2.590881109237671
1.620775969962453,7.2917197193289685,2.1553658516074776,2.1553658516074776,-0.315923627290845,-0.2784830331802368,2.3080835342407227,1.4362739324569702,-0.41345372796058655,-0.10808272659778595,-0.3207014799118042,0.7647786140441895,2.528557062149048
1.625156445556946,5.042034805886189,-0.3325607068076103,-0.3325607068076103,-0.2602561905368288,-0.2683725357055664,2.305809497833252,1.4344627857208252,-0.4084790349006653,-0.10948754847049713,-0.2485319972038269,0.7758548855781555,2.5502800941467285
1.6295369211514392,9.317733618102464,-0.9089002827953311,-0.9089002827953311,-0.7391601104521451,-0.2582719922065735,2.3039820194244385,1.432673454284668,-0.41962963342666626,-0.11057623475790024,-0.2506435215473175,0.7870263457298279,2.552506923675537
1.6339173967459324,3.6943188340051245,1.185046372758772,1.185046372758772,-1.2015515788453808,-0.24817945063114166,2.2946648597717285,1.430835247039795,-0.40680086612701416,-0.11167417466640472,-0.2556004822254181,0.7982075214385986,2.4825315475463867
1.6382978723404251,5.5821319215863205,-1.0666105853531147,-1.0666105853531147,0.04179202991628317,-0.2381277233362198,2.2765398025512695,1.4290533065795898,-0.4434959888458252,-0.11279382556676865,-0.18590426445007324,0.8090822100639343,2.200594186782837
1.6426783479349183,8.754176184827005,-0.010578222499693368,-0.010578222499693368,-0.14336523806093465,-0.22815538942813873,2.2791049480438232,1.4271105527877808,-0.4455709755420685,-0.11360817402601242,-0.2182731330394745,0.8187218308448792,2.2913146018981934
1.6470588235294117,6.540105294538506,0.0788624482918242,0.0788624482918242,-0.19711839820927965,-0.21817182004451752,2.27886962890625,1.4251587390899658,-0.4273267984390259,-0.11456431448459625,-0.21439532935619354,0.8287588953971863,2.3736116886138916
1.6514392991239049,6.956066050136083,-2.336303248887747,-2.336303248887747,-0.09151352241143212,-0.20818929374217987,2.277463674545288,1.42328679561615,-0.42658528685569763,-0.1155034676194191,-0.20633581280708313,0.839156448841095,2.408633232116699
1.655819774718398,9.92217060118292,-0.631945695637149,-0.631945695637149,0.789057025046744,-0.19821292161941528,2.2778494358062744,1.4214181900024414,-0.42129015922546387,-0.11640731990337372,-0.271890789270401,0.8497074246406555,2.477327346801758
1.660200250312891,7.151125712416485,1.252804866300972,1.252804866300972,1.171861259992263,-0.1882348507642746,2.2939047813415527,1.4195727109909058,-0.38080713152885437,-0.11759833246469498,-0.3133885860443115,0.8605592846870422,2.829585075378418
1.6645807259073842,6.7759833205857145,0.5236658109479984,0.5236658109479984,-0.8420667906808863,-0.17818646132946014,2.317031145095825,1.4179046154022217,-0.35569846630096436,-0.11897112429141998,-0.3110247850418091,0.8729541897773743,3.250009059906006
1.668961201501877,9.85734964574134,-1.8901272805825367,-1.8901272805825367,-0.01987585111005402,-0.16803675889968872,2.3046481609344482,1.4163464307785034,-0.36484965682029724,-0.12033355981111526,-0.27114105224609375,0.8871907591819763,3.102057933807373
1.6733416770963705,6.422280218253079,-2.713441746039223,-2.713441746039223,-0.06616800985118776,-0.1579412966966629,2.306684970855713,1.414748191833496,-0.33916643261909485,-0.12152128666639328,-0.32575830817222595,0.9007792472839355,3.219876527786255
1.6777221526908634,7.748767243486409,2.80467656490976,2.80467656490976,-0.9209705898059295,-0.14783692359924316,2.3078267574310303,1.4132624864578247,-0.33955803513526917,-0.12294826656579971,-0.40306711196899414,0.9148838520050049,3.2799072265625
1.6821026282853566,9.46788418841875,-0.9921617121732761,-0.9921617121732761,-2.0582939536654883,-0.1377275437116623,2.2929553985595703,1.4117751121520996,-0.3429078757762909,-0.12471389025449753,-0.29426640272140503,0.9292514324188232,3.1153435707092285
1.6864831038798498,8.170369027749391,0.5624616441171011,0.5624616441171011,-1.440857408355391,-0.12768331170082092,2.255986213684082,1.4102729558944702,-0.3495570719242096,-0.12600292265415192,-0.2631319761276245,0.9428980946540833,2.6509783267974854
1.690863579474343,8.111963009105516,0.18043918614909255,0.18043918614909255,-1.0547757419206836,-0.11780101805925369,2.229607105255127,1.4087417125701904,-0.3559522032737732,-0.12715557217597961,-0.20462870597839355,0.9545106291770935,2.3412792682647705
1.695244055068836,7.492635233511464,-3.3644712645294943,-3.3644712645294943,-0.01345975846968378,-0.10803427547216415,2.2098782062530518,1.4071824550628662,-0.3569537103176117,-0.12805193662643433,-0.16855651140213013,0.9647665619850159,2.1364567279815674
1.699624530663329,8.541753500191756,-0.2232124138282524,-0.2232124138282524,0.47407744628897175,-0.09835395961999893,2.2097859382629395,1.4056187868118286,-0.34814804792404175,-0.12879028916358948,-0.26641666889190674,0.9741252660751343,2.2134809494018555
1.7040050062578225,9.684124568043508,1.0440665783141534,1.0440665783141534,-0.372547751900584,-0.08867404609918594,2.2189643383026123,1.4040937423706055,-0.32571184635162354,-0.12995731830596924,-0.2867797315120697,0.9838213920593262,2.4359800815582275
1.7083854818523152,9.565036842397713,0.5554948347655897,0.5554948347655897,0.8504069166944003,-0.07895392924547195,2.2115578651428223,1.4026669263839722,-0.30675116181373596,-0.13121354579925537,-0.24541009962558746,0.9944921731948853,2.432241916656494
1.7127659574468084,4.900927417021782,-1.2757913625816844,-1.2757913625816844,-0.48207377743256036,-0.06926625221967697,2.2279272079467773,1.4013231992721558,-0.2731385827064514,-0.13228856027126312,-0.254022479057312,1.0051465034484863,2.7659218311309814
1.7171464330413015,5.364479391605151,1.5614312262512346,1.5614312262512346,-0.45307847462262374,-0.059506870806217194,2.2190167903900146,1.4001266956329346,-0.2900301516056061,-0.1334013044834137,-0.2772015333175659,1.017262578010559,2.6797168254852295
1.7215269086357947,9.369078509688713,-0.9823490786554209,-0.9823490786554209,-0.6335552642684266,-0.0497865229845047,2.210289478302002,1.398856282234192,-0.3031727373600006,-0.13461558520793915,-0.2183714658021927,1.029000997543335,2.6046462059020996
1.725907384230288,9.56805042204499,-1.3499076156393355,-1.3499076156393355,-1.363082252745111,-0.04010440409183502,2.1967458724975586,1.3975282907485962,-0.2903654873371124,-0.135572150349617,-0.22855734825134277,1.0404106378555298,2.514923095703125
1.7302878598247808,3.629260989530324,1.6175963694518314,1.6175963694518314,-0.40746395434552896,-0.0304816123098135,2.1680095195770264,1.3962563276290894,-0.284728080034256,-0.13657334446907043,-0.22817260026931763,1.0514272451400757,2.2210440635681152
1.734668335419274,8.964894043397543,-0.5427249632142397,-0.5427249632142397,0.9171012397934737,-0.020984698086977005,2.159648895263672,1.3950090408325195,-0.30875587463378906,-0.13757285475730896,-0.1690344214439392,1.0611565113067627,2.1391828060150146
1.7390488110137672,8.155430339341518,-0.34500066210456537,-0.34500066210456537,-0.7431568015333763,-0.011524408124387264,2.1766531467437744,1.3936564922332764,-0.2804628014564514,-0.13831330835819244,-0.21166597306728363,1.070527195930481,2.4713292121887207
1.74342928660826,6.752889537495044,0.8180009789383229,0.8180009789383229,-0.7947909774186337,-0.001989631913602352,2.159954071044922,1.392427921295166,-0.27726003527641296,-0.13924050331115723,-0.20003855228424072,1.0813528299331665,2.331763505935669
1.7478097622027533,8.845646633188826,1.5645896166418956,1.5645896166418956,0.03875772648963033,0.007471994496881962,2.142242431640625,1.3912134170532227,-0.28409069776535034,-0.14011676609516144,-0.15293991565704346,1.091567039489746,2.164414405822754
1.7521902377972465,6.572515003030936,0.579753108424794,0.579753108424794,-0.3637364571819036,0.016856035217642784,2.1407625675201416,1.389968991279602,-0.2671915292739868,-0.14078672230243683,-0.10838078707456589,1.101048231124878,2.2441887855529785
1.7565707133917396,4.499215850863829,1.070907338987869,1.070907338987869,-1.1618262844734393,0.026233594864606857,2.131589651107788,1.3887985944747925,-0.2704610526561737,-0.141261488199234,-0.08082789927721024,1.110878825187683,2.1925160884857178
1.7609511889862328,11.244507266687972,-0.47147785078583837,-0.47147785078583837,0.791085610655863,0.03557097166776657,2.1062450408935547,1.3876138925552368,-0.29621976613998413,-0.14161555469036102,-0.015625,1.1204830408096313,1.9015440940856934
1.7653316645807258,10.109342452918,3.172867604474559,3.172867604474559,-0.6015793829369801,0.04479732736945152,2.1190102100372314,1.3863162994384766,-0.25528356432914734,-0.14168399572372437,-0.05249585583806038,1.1288126707077026,2.2022311687469482
1.769712140175219,5.598302202998026,1.165435624146058,1.165435624146058,-0.21281380425902566,0.05407959967851639,2.1028499603271484,1.3851979970932007,-0.2367551475763321,-0.14191395044326782,0.05772996321320534,1.1384594440460205,2.1045515537261963
1.774092615769712,8.664504811598514,-1.3927291453258666,-1.3927291453258666,0.47978214876785114,0.06329108029603958,2.09660005569458,1.3841608762741089,-0.24508027732372284,-0.14166106283664703,0.09797921776771545,1.1476783752441406,2.082775592803955
1.778473091364205,9.031972976024242,0.30118990902011666,0.30118990902011666,-0.5337526127979041,0.07247518748044968,2.1036875247955322,1.3830872774124146,-0.22584116458892822,-0.14123186469078064,0.043295953422784805,1.1568019390106201,2.272982120513916
1.7828535669586982,10.20489359933142,-0.8022707342689902,-0.8022707342689902,-0.6972025937597225,0.08169034123420715,2.088923454284668,1.3820979595184326,-0.21412986516952515,-0.14104220271110535,0.06767892092466354,1.16675865650177,2.181157112121582
1.7872340425531914,8.452901938025471,-0.6493250137054289,-0.6493250137054289,-0.5850534727591361,0.09084081649780273,2.0698418617248535,1.381160020828247,-0.19582043588161469,-0.14074574410915375,0.06461060047149658,1.1763131618499756,2.0489025115966797
1.7916145181476846,7.075301143847624,-0.5156615143479978,-0.5156615143479978,0.169796302445281,0.09990771114826202,2.053741216659546,1.3803021907806396,-0.18816669285297394,-0.140462726354599,0.06273366510868073,1.1852883100509644,1.9354753494262695
1.7959949937421775,6.328295514529945,-2.360014780828187,-2.360014780828187,-0.126400507198794,0.10890407860279083,2.05448579788208,1.3794779777526855,-0.183010995388031,-0.14018791913986206,0.042716123163700104,1.1937665939331055,2.0230581760406494
1.8003754693366707,8.901920322757412,-1.1223372587487315,-1.1223372587487315,-0.27371051355642656,0.1179037019610405,2.049118757247925,1.3786762952804565,-0.185682475566864,-0.14000080525875092,-0.022512488067150116,1.202628493309021,2.022608757019043
1.804755944931164,6.279958295495565,3.7396750935453222,3.7396750935453222,0.07764536638265968,0.12687981128692627,2.0391063690185547,1.3778629302978516,-0.1722589135169983,-0.1400994211435318,-0.04729507863521576,1.2114884853363037,1.9934695959091187
1.809136420525657,6.22402120966761,0.23080890768151274,0.23080890768151274,-0.1434171496214779,0.13581207394599915,2.0380046367645264,1.3771083354949951,-0.17361749708652496,-0.14030659198760986,0.05964779853820801,1.2202208042144775,2.0471303462982178
1.81351689612015,5.79737919888103,0.1836080062283127,0.1836080062283127,-0.4615115750324743,0.14473950862884521,2.0319862365722656,1.3763477802276611,-0.1772867739200592,-0.14004530012607574,0.07057638466358185,1.2291882038116455,2.0375821590423584
1.8178973717146432,6.168624365529203,-1.6887318969687017,-1.6887318969687017,0.167199919953527,0.15364056825637817,2.019073247909546,1.3755711317062378,-0.1863403469324112,-0.139736145734787,0.08941592276096344,1.2381137609481812,1.9360790252685547
1.8222778473091363,6.887950858173249,0.7175116150644811,0.7175116150644811,0.4352540219740099,0.1624850630760193,2.0197103023529053,1.3747549057006836,-0.18791057169437408,-0.1393444687128067,0.03521683067083359,1.2465946674346924,2.0104305744171143
1.8266583229036293,6.093935154806733,0.3383018014718737,0.3383018014718737,0.43887462795742094,0.17133235931396484,2.0258491039276123,1.3739317655563354,-0.1828390210866928,-0.1391901969909668,0.04345964640378952,1.2554012537002563,2.161487102508545
1.831038798498123,10.360585125663702,0.31885760140144037,0.31885760140144037,-0.44497524169212677,0.1802065372467041,2.0325331687927246,1.3731307983398438,-0.18342669308185577,-0.1389998197555542,0.04052260145545006,1.2648695707321167,2.3089168071746826
1.835419274092616,6.137824935452114,-1.2934324051091375,-1.2934324051091375,0.14214619291227729,0.18910999596118927,2.0168561935424805,1.3723273277282715,-0.16208259761333466,-0.13882231712341309,0.06282894313335419,1.2749837636947632,2.2251691818237305
1.8397997496871088,6.3342636337337765,-0.8306272613175855,-0.8306272613175855,1.9526080422153194,0.1979447901248932,2.016728401184082,1.371617317199707,-0.1648084819316864,-0.13854709267616272,0.020905498415231705,1.2847310304641724,2.287302255630493
1.844180225281602,6.106371108919754,0.05689501158885521,0.05689501158885521,0.6776983694827369,0.20677901804447174,2.057112455368042,1.3708953857421875,-0.15443262457847595,-0.13845551013946533,-0.06037379428744316,1.294750452041626,2.8536648750305176
1.848560700876095,7.390846356102132,-0.37670357055696013,-0.37670357055696013,-0.3565646511673156,0.21579015254974365,2.0691885948181152,1.3702188730239868,-0.15524809062480927,-0.13871997594833374,-0.07850322127342224,1.3072508573532104,3.0622904300689697
1.852941176470588,8.667980076309725,-2.8601650821339697,-2.8601650821339697,0.47738367470036974,0.22485418617725372,2.0569658279418945,1.3695387840270996,-0.1545284539461136,-0.13906385004520416,-0.07909134030342102,1.3206651210784912,2.9844188690185547
1.8573216520650813,5.510988917312304,2.421595754756824,2.421595754756824,0.20086408479554665,0.2338646799325943,2.062452793121338,1.3688619136810303,-0.1402919590473175,-0.13941030204296112,-0.17655834555625916,1.3337383270263672,3.140069007873535
1.8617021276595744,6.0525140235710255,3.6665406592233167,3.6665406592233167,-0.11828607984895606,0.24289920926094055,2.063812017440796,1.368247389793396,-0.14910657703876495,-0.1401837170124054,-0.11170593649148941,1.347493290901184,3.2086784839630127
1.866082603254068,5.987642231453058,1.7546840140820157,1.7546840140820157,0.470789421906032,0.25193968415260315,2.0572831630706787,1.3675942420959473,-0.15627209842205048,-0.14067304134368896,-0.0011769980192184448,1.3615487813949585,3.1874685287475586
1.8704630788485608,7.594457291987374,1.8816024455741038,1.8816024455741038,-1.375534372884854,0.26095154881477356,2.0640552043914795,1.3669097423553467,-0.1609758585691452,-0.14067819714546204,0.03631679341197014,1.3755114078521729,3.3283777236938477
1.8748435544430535,6.623891435726574,0.7192850824607164,0.7192850824607164,-1.6455525945684646,0.2699930965900421,2.0269320011138916,1.3662046194076538,-0.16398786008358002,-0.14051911234855652,0.13143551349639893,1.3900913000106812,2.9544851779937744
1.879224030037547,8.47616554501896,0.21725729613589892,0.21725729613589892,-0.3810501951127454,0.278872013092041,1.9839091300964355,1.3654862642288208,-0.17329658567905426,-0.13994336128234863,0.20049627125263214,1.4030333757400513,2.50181245803833
1.88360450563204,9.383471426426341,-1.2314445449811409,-1.2314445449811409,0.6190127351884713,0.2875624895095825,1.9680752754211426,1.3647271394729614,-0.16407829523086548,-0.13906508684158325,0.21796874701976776,1.4139925241470337,2.401071548461914
1.887984981226533,2.9172623986012836,-0.3290472546497451,-0.3290472546497451,-1.3707919392950143,0.29618358612060547,1.974401593208313,1.3640084266662598,-0.14496518671512604,-0.13811028003692627,0.1639295220375061,1.4245103597640991,2.5776021480560303
1.8923654568210264,7.119163652691707,0.059283641977717266,0.059283641977717266,-0.6184415826848065,0.304832398891449,1.9403458833694458,1.3633733987808228,-0.17579777538776398,-0.13739219307899475,0.19435176253318787,1.4358015060424805,2.195876121520996
1.8967459324155196,8.010913882570009,0.2649621796497329,0.2649621796497329,0.18506273514618,0.31333205103874207,1.9196974039077759,1.3626033067703247,-0.17553706467151642,-0.13654084503650665,0.21414348483085632,1.445420503616333,2.023005723953247
1.9011264080100123,5.888025278231408,-0.5032062180779184,-0.5032062180779184,0.23049267703003676,0.3217412531375885,1.916755199432373,1.3618344068527222,-0.16664963960647583,-0.13560280203819275,0.21647679805755615,1.454282283782959,2.072519540786743
1.9055068836045053,7.541787137608746,-0.484079790502788,-0.484079790502788,0.27900953960875785,0.33013755083084106,1.9167855978012085,1.3611043691635132,-0.17175215482711792,-0.13465453684329987,0.1950504630804062,1.4633609056472778,2.134165048599243
1.9098873591989989,6.643371593884713,-0.007873683324759045,-0.007873683324759045,0.06041972125017102,0.33853399753570557,1.9163247346878052,1.3603520393371582,-0.1659807562828064,-0.13380011916160583,0.1727658361196518,1.4727095365524292,2.2071642875671387
1.914267834793492,4.8455690031506204,-1.9046901089859787,-1.9046901089859787,-0.147842812411879,0.3469284176826477,1.9115447998046875,1.359624981880188,-0.16681379079818726,-0.1330433189868927,0.17077144980430603,1.4823780059814453,2.218454599380493
1.9186483103879848,9.128296625515265,-1.655758714023104,-1.655758714023104,-0.32447630131490607,0.3553018867969513,1.9035500288009644,1.3588942289352417,-0.17996147274971008,-0.13229526579380035,0.11946593970060349,1.492095947265625,2.1721580028533936
1.923028785982478,6.6211152680393095,0.7604159430656094,0.7604159430656094,-0.32406035136336725,0.36364033818244934,1.8871288299560547,1.3581058979034424,-0.1651007980108261,-0.13177195191383362,0.08058827370405197,1.5016109943389893,2.070207357406616
1.9274092615769711,7.3176733831161656,-1.4965317990714035,-1.4965317990714035,0.1295404020769632,0.3719068467617035,1.8730555772781372,1.3573826551437378,-0.16653238236904144,-0.13141894340515137,0.1122584193944931,1.5106794834136963,1.9701277017593384
1.9317897371714643,10.269199543923921,0.675022026796011,0.675022026796011,0.08115925718786175,0.3801117241382599,1.8687633275985718,1.3566532135009766,-0.16251491010189056,-0.1309272050857544,0.06477195769548416,1.5193095207214355,1.9940351247787476
1.9361702127659572,7.020073698451886,-0.8896939188612717,-0.8896939188612717,-0.7068128115152188,0.38829779624938965,1.8602099418640137,1.3559412956237793,-0.1391543745994568,-0.13064347207546234,0.08211463689804077,1.52804434299469,1.9975686073303223
1.9405506883604504,7.374372254232545,1.4407023197909057,1.4407023197909057,0.6580437406324021,0.3964464068412781,1.8364208936691284,1.3553317785263062,-0.13801820576190948,-0.13028377294540405,0.07677392661571503,1.536794662475586,1.7860108613967896
1.944931163954944,8.53953891284632,-0.32480908229909755,-0.32480908229909755,0.5374257465843295,0.40449079871177673,1.8441014289855957,1.3547271490097046,-0.13301044702529907,-0.1299474686384201,0.09963004291057587,1.5446182489395142,1.9529098272323608
1.9493116395494368,7.5578716080700215,-0.21072034625390698,-0.21072034625390698,-1.4536368656427558,0.4125688374042511,1.8476214408874512,1.3541444540023804,-0.12073179334402084,-0.1295110434293747,0.0744500532746315,1.5531729459762573,2.082054615020752
1.9536921151439297,8.96075982425047,1.4927929628139789,1.4927929628139789,-0.2615925348801211,0.4206622838973999,1.8054249286651611,1.353615641593933,-0.11603627353906631,-0.12918491661548615,0.11074715107679367,1.562293291091919,1.6568875312805176
1.9580725907384229,8.99062232267785,1.2591896750148337,1.2591896750148337,-0.1797343010368775,0.4285708963871002,1.7894927263259888,1.3531073331832886,-0.10093256086111069,-0.12869979441165924,0.1619807779788971,1.5695512294769287,1.5586508512496948
1.962453066332916,7.467140990301962,1.965538704482757,1.965538704482757,0.4760729863475374,0.43640971183776855,1.775348424911499,1.3526651859283447,-0.08544956147670746,-0.1279902458190918,0.20400191843509674,1.5763788223266602,1.481742262840271
1.9668335419274088,6.194957725214778,0.2126316664142739,0.2126316664142739,0.2484941297515964,0.44418656826019287,1.7781978845596313,1.3522908687591553,-0.07997758686542511,-0.12709662318229675,0.24749904870986938,1.582869529724121,1.5912015438079834
1.9712140175219024,4.524828894217061,0.17825816143996373,0.17825816143996373,0.05259177593906509,0.45197591185569763,1.7770901918411255,1.3519405126571655,-0.08302319794893265,-0.12601245939731598,0.2464517503976822,1.5898396968841553,1.64035964012146
1.9755944931163956,4.569461968054915,2.434453049059727,2.434453049059727,0.18475083268157733,0.4597603976726532,1.7732298374176025,1.351576805114746,-0.09710092097520828,-0.12493288516998291,0.2501215934753418,1.5970252752304077,1.6396968364715576
1.9799749687108883,8.524217514977007,-2.2657488472296325,-2.2657488472296325,0.10694547611275239,0.46752798557281494,1.7723870277404785,1.351151466369629,-0.11095786839723587,-0.12383723258972168,0.31582003831863403,1.6042078733444214,1.6750924587249756
1.9843554443053817,6.719801814000989,1.3717930396280464,1.3717930396280464,-1.091468164483996,0.4752918779850006,1.7652201652526855,1.3506654500961304,-0.09864531457424164,-0.12245379388332367,0.24652984738349915,1.6115455627441406,1.6736302375793457
1.9887359198998744,5.694647276719733,0.04138555918675982,0.04138555918675982,0.40380677935538056,0.48302438855171204,1.7320046424865723,1.3502333164215088,-0.09711789339780807,-0.12137387692928314,0.31846487522125244,1.6188768148422241,1.3436527252197266
1.993116395494368,9.394456672357638,-0.8315474117200234,-0.8315474117200234,0.14196160574548225,0.49061140418052673,1.7349464893341064,1.349807858467102,-0.10348635911941528,-0.11997885257005692,0.30788102746009827,1.6247626543045044,1.4337570667266846
1.997496871088861,4.718712775970378,1.5392378017642259,1.5392378017642259,0.18099960195637732,0.4982112944126129,1.7275444269180298,1.3493545055389404,-0.0851295068860054,-0.11863018572330475,0.27945148944854736,1.6310431957244873,1.4352400302886963
2.001877346683354,9.185538701587697,0.510836561826115,0.510836561826115,-0.3885931557228066,0.5057787895202637,1.7263646125793457,1.3489816188812256,-0.09782189130783081,-0.11740605533123016,0.31911635398864746,1.637330174446106,1.4660392999649048
2.0062578222778478,9.419557492230783,0.010936046205332728,0.010936046205332728,0.7038380637979674,0.5133410692214966,1.7067594528198242,1.3485530614852905,-0.08002877235412598,-0.11600817739963531,0.34538254141807556,1.643752098083496,1.3182917833328247
2.0106382978723403,9.151526079660094,-1.225756261017455,-1.225756261017455,-0.4350308464948701,0.5208174586296082,1.7124309539794922,1.3482024669647217,-0.06230079010128975,-0.11449524015188217,0.3251475989818573,1.649526834487915,1.473107099533081
2.015018773466833,6.316297602563613,-0.2880293768230666,-0.2880293768230666,-0.4121716674664254,0.5283187031745911,1.6917924880981445,1.34792959690094,-0.04447034001350403,-0.11307094246149063,0.30205589532852173,1.6559797525405884,1.3105984926223755
2.0193992490613266,5.532779434447537,-1.1543233863943811,-1.1543233863943811,-0.25179478573482156,0.5357295870780945,1.6749273538589478,1.347734808921814,-0.04526176303625107,-0.11174779385328293,0.3056812286376953,1.6617207527160645,1.1664948463439941
2.02377972465582,5.427381536820306,1.559336957762668,1.559336957762668,-0.23476993095259277,0.5430665612220764,1.6627126932144165,1.347536563873291,-0.051394667476415634,-0.11040876805782318,0.2793245315551758,1.6668305397033691,1.0701725482940674
2.028160200250313,9.704089142029613,0.0269776868216699,0.0269776868216699,0.9693338693581085,0.55035001039505,1.65103280544281,1.3473113775253296,-0.05813760310411453,-0.10918519645929337,0.3317181468009949,1.6715184450149536,0.9786256551742554
2.032540675844806,6.53092660005109,0.6303155619160767,0.6303155619160767,0.2798177942509389,0.5575823187828064,1.662598729133606,1.3470567464828491,-0.03912687301635742,-0.10773210972547531,0.30419835448265076,1.6758053302764893,1.201560616493225
2.036921151439299,8.873226341415123,-0.025555672262594975,-0.025555672262594975,1.4026126269162758,0.5648652911186218,1.661689043045044,1.346885323524475,-0.03980463743209839,-0.10639957338571548,0.3144339919090271,1.681068778038025,1.247276782989502
2.0413016270337923,12.446938092975806,-1.2368400977460288,-1.2368400977460288,-1.3659287060539587,0.5721442699432373,1.6842924356460571,1.3467109203338623,-0.027813300490379333,-0.10502219945192337,0.27272695302963257,1.6865324974060059,1.5937268733978271
2.045682102628285,7.188414374692736,1.3087051248363102,1.3087051248363102,0.2886007911921979,0.5795222520828247,1.6383652687072754,1.3465890884399414,0.01500822976231575,-0.10382752865552902,0.2764967381954193,1.6935137510299683,1.148918628692627
2.0500625782227786,6.680582312664949,-1.8304277789600705,-1.8304277789600705,0.3248415933256613,0.5866990685462952,1.6369028091430664,1.3466547727584839,0.01871219463646412,-0.1026163399219513,0.30628702044487,1.6985465288162231,1.1915607452392578
2.0544430538172715,6.672072833686118,0.6825229686420755,0.6825229686420755,-0.06830447063833583,0.5938695073127747,1.6368516683578491,1.3467367887496948,0.018874511122703552,-0.10127465426921844,0.24334633350372314,1.703766107559204,1.246400237083435
2.0588235294117645,5.4843614829671985,-0.20453691619855957,-0.20453691619855957,0.42512827286654215,0.601039707660675,1.6276748180389404,1.346819519996643,0.0201419610530138,-0.10020868480205536,0.2652728855609894,1.7092258930206299,1.1910549402236938
2.063204005006258,6.632602107394656,0.9485063022090514,0.9485063022090514,-0.1605575449605329,0.608169674873352,1.6312897205352783,1.3469077348709106,0.011957328766584396,-0.09904666244983673,0.24688467383384705,1.714443325996399,1.2792298793792725
2.067584480600751,10.330037182775204,-2.780226002629703,-2.780226002629703,0.8664859635253158,0.6153154969215393,1.620005488395691,1.3469600677490234,0.01331531535834074,-0.09796518832445145,0.2792728543281555,1.7200469970703125,1.1970956325531006
2.071964956195244,7.678212420443573,1.6582886594581288,1.6582886594581288,-0.5630941753049011,0.6224119067192078,1.6283595561981201,1.3470183610916138,0.03598171845078468,-0.09674184024333954,0.17277729511260986,1.7252908945083618,1.3794941902160645
2.076345431789737,6.662292837824156,-0.4357410555784413,-0.4357410555784413,-0.6939974907128839,0.6295449137687683,1.6065587997436523,1.3471759557724,0.04580328240990639,-0.09598499536514282,0.23764872550964355,1.7313337326049805,1.1777207851409912
2.08072590738423,3.3732822977238737,-1.470945061098408,-1.470945061098408,-0.28957166180906313,0.6365824341773987,1.5828832387924194,1.3473765850067139,0.04960747808218002,-0.09494397789239883,0.24519063532352448,1.7364927530288696,0.9445617198944092
2.085106382978723,6.6198112684570924,-1.3342343048466012,-1.3342343048466012,0.43445716134187995,0.6435162425041199,1.572317361831665,1.347593903541565,0.030068572610616684,-0.09386992454528809,0.21069079637527466,1.7406303882598877,0.8434320688247681
2.0894868585732165,8.434071377082637,-1.7189961537906104,-1.7189961537906104,0.03906504999886523,0.6504037380218506,1.5748286247253418,1.3477256298065186,0.029567161574959755,-0.09294699877500534,0.15903939306735992,1.744325041770935,0.9241510629653931
2.093867334167709,5.181547488644006,-2.550398165775743,-2.550398165775743,0.10712753071004573,0.6573022603988647,1.5661557912826538,1.3478550910949707,0.042787689715623856,-0.09225033223628998,0.10769843310117722,1.74837327003479,0.8829910755157471
2.098247809762203,6.427782683019011,3.542373493693722,3.542373493693722,-0.8957424908178567,0.6641627550125122,1.5627208948135376,1.3480424880981445,0.033917997032403946,-0.09177856147289276,0.03009025752544403,1.7522411346435547,0.8804941177368164
2.102628285356696,6.551669517535712,0.8761672968575646,0.8761672968575646,0.26759731332074477,0.6710082292556763,1.5347377061843872,1.3481910228729248,0.03768102824687958,-0.09164675325155258,0.15969730913639069,1.7560981512069702,0.5900388956069946
2.1070087609511887,6.5818972158098354,-0.5541130797840471,-0.5541130797840471,-0.23313474040565318,0.6777310967445374,1.5334187746047974,1.3483561277389526,0.03751026839017868,-0.09094720333814621,0.17746947705745697,1.7586828470230103,0.6226806044578552
2.111389236545682,5.256290771293035,-0.007385141265855946,-0.007385141265855946,0.08655020328315235,0.6844481825828552,1.5205390453338623,1.3485203981399536,0.039720986038446426,-0.09016980230808258,0.1680958867073059,1.7614104747772217,0.5152053236961365
2.115769712140175,9.194686519409695,-1.9981728377062393,-1.9981728377062393,0.9509490220089397,0.6911088824272156,1.516544222831726,1.3486944437026978,0.03166215121746063,-0.0894334614276886,0.16535267233848572,1.763667345046997,0.5052037835121155
2.1201501877346685,9.95837367795446,0.5784188605911449,0.5784188605911449,-0.27129972471805747,0.697752058506012,1.527982234954834,1.3488330841064453,0.04625919088721275,-0.08870913833379745,0.0792289599776268,1.7658803462982178,0.7103710174560547
2.1245306633291614,9.17480456395701,0.9421285360475404,0.9421285360475404,-0.12222228619274383,0.7044453620910645,1.5104466676712036,1.3490357398986816,0.0714365690946579,-0.08836207538843155,0.10404343903064728,1.7689920663833618,0.5693590641021729
2.1289111389236544,10.362711985871956,-0.5847868995566627,-0.5847868995566627,-0.4943545661522836,0.7110618352890015,1.4972164630889893,1.3493486642837524,0.09075769037008286,-0.08790631592273712,0.13512586057186127,1.7714861631393433,0.4744933843612671
2.133291614518148,9.023744402222231,-0.04373701808633808,-0.04373701808633808,0.37754500904974964,0.7176203727722168,1.4740965366363525,1.3497462272644043,0.1198926717042923,-0.08731439709663391,0.13248494267463684,1.7735646963119507,0.267503559589386
2.1376720901126407,7.754096040096131,0.12494336284394085,0.12494336284394085,0.5909762856420827,0.7240776419639587,1.4725401401519775,1.350271463394165,0.13598081469535828,-0.08673404902219772,0.12018217146396637,1.7747365236282349,0.31229841709136963
2.1420525657071336,3.942373952719737,0.19852922536495968,0.19852922536495968,0.2535834548132546,0.7305280566215515,1.4773385524749756,1.3508671522140503,0.1424814611673355,-0.08620759099721909,0.10657253116369247,1.7761045694351196,0.4250234365463257
2.146433041301627,7.397254148350948,4.528582408865503,4.528582408865503,0.38871544542560743,0.73699951171875,1.4786988496780396,1.3514913320541382,0.12483514845371246,-0.08574075251817703,0.10496477037668228,1.7779663801193237,0.46918630599975586
2.15081351689612,7.205598144040957,-1.05259406856173,-1.05259406856173,-0.2556832429621274,0.743476927280426,1.4792635440826416,1.3520381450653076,0.12983930110931396,-0.08528095483779907,0.22586201131343842,1.7800216674804688,0.5275306105613708
2.155193992490613,5.10107090616814,-0.7849880778012676,-0.7849880778012676,0.04199108359680202,0.7499567866325378,1.4652643203735352,1.3526068925857544,0.13666220009326935,-0.08429156988859177,0.20258969068527222,1.7823325395584106,0.407204806804657
2.1595744680851063,10.02946108431637,-1.7090030710651134,-1.7090030710651134,0.6259961918319994,0.7563753128051758,1.4604907035827637,1.3532055616378784,0.12787702679634094,-0.08340413123369217,0.17843927443027496,1.784116268157959,0.38406047224998474
2.1639549436795997,6.190102759335316,-0.24503187224482648,-0.24503187224482648,-1.1426682548477074,0.7627729773521423,1.4636107683181763,1.3537657260894775,0.1495048552751541,-0.0826224833726883,0.11024989187717438,1.7857986688613892,0.4899064600467682
2.1683354192740927,5.951960707106794,-1.6121685212742354,-1.6121685212742354,1.0898789797764858,0.7691842913627625,1.4305328130722046,1.3544206619262695,0.15399128198623657,-0.08213953673839569,0.1364637166261673,1.7879446744918823,0.1286950707435608
2.1727158948685856,3.7090753205351192,0.563087337296871,0.563087337296871,1.0593169667682145,0.7754507064819336,1.4488493204116821,1.3550952672958374,0.14574432373046875,-0.0815417617559433,0.057555362582206726,1.788508415222168,0.39150914549827576
2.1770963704630786,5.443753383357356,-0.7913366971902684,-0.7913366971902684,0.24889409663711665,0.7817973494529724,1.4689648151397705,1.3557337522506714,0.12242946773767471,-0.08128964155912399,0.04306388646364212,1.7902233600616455,0.6613020896911621
2.181476846057572,7.1974598441242605,-0.5691337626193518,-0.5691337626193518,-0.009987621350704495,0.7882320880889893,1.4685806035995483,1.3562700748443604,0.1148422360420227,-0.08110100030899048,0.012685852125287056,1.7931201457977295,0.6929209232330322
2.185857321652065,6.394686938618452,-2.05941385516471,-2.05941385516471,-0.08224495030135381,0.7946651577949524,1.4602998495101929,1.3567731380462646,0.12044086307287216,-0.08104543387889862,-0.003642987459897995,1.7961554527282715,0.6397320628166199
2.1902377972465583,8.234255766249783,1.435248824056968,1.435248824056968,-1.1427879396302476,0.8010619878768921,1.4512375593185425,1.3573007583618164,0.12103262543678284,-0.08106139302253723,-0.061382587999105453,1.7989578247070312,0.5715879797935486
2.1946182728410517,7.485953308048349,-1.4861986073318567,-1.4861986073318567,0.109623075510946,0.8074191212654114,1.4158735275268555,1.3578308820724487,0.1397552639245987,-0.08133027702569962,0.013904254883527756,1.8014616966247559,0.19415748119354248
2.198998748435544,6.348242841209785,0.2341049222468894,0.2341049222468894,0.8045400000996441,0.8136213421821594,1.4099165201187134,1.358443021774292,0.1468878835439682,-0.08126936852931976,-0.032698798924684525,1.8023122549057007,0.17087209224700928
2.2033792240300376,6.243353256967759,0.6154764608903631,0.6154764608903631,0.6693815639655849,0.8197974562644958,1.4210915565490723,1.359086513519287,0.14258353412151337,-0.08141260594129562,-0.04935730993747711,1.80306077003479,0.3494577407836914
2.2077596996245306,10.421536307413458,-1.097905061003722,-1.097905061003722,0.043524786768125975,0.8260225057601929,1.4292758703231812,1.3597110509872437,0.13825544714927673,-0.08162881433963776,-0.05093150958418846,1.8045915365219116,0.49098286032676697
2.2121401752190235,6.897374355934255,1.282621972097778,1.282621972097778,-0.7577171784717743,0.8322834372520447,1.418395757675171,1.3603166341781616,0.16558347642421722,-0.08185192197561264,-0.08426488190889359,1.8067423105239868,0.42734774947166443
2.216520650813517,6.563956665365107,1.2354671718903973,1.2354671718903973,-0.1767466846508724,0.8384966850280762,1.39323091506958,1.3610420227050781,0.17345334589481354,-0.08222103863954544,-0.02468051016330719,1.8086142539978027,0.165522038936615
2.22090112640801,11.147052761803643,-1.611431364215699,-1.611431364215699,0.10119851117794978,0.844599723815918,1.3816605806350708,1.3618018627166748,0.17595557868480682,-0.0823291540145874,0.016560610383749008,1.8093392848968506,0.06783123314380646
2.225281602002503,4.966296075279814,1.6050258711048144,1.6050258711048144,-0.13232610957238397,0.8506520390510559,1.3711332082748413,1.3625726699829102,0.20801480114459991,-0.08225660771131516,-0.03345360979437828,1.8096364736557007,0.013653066009283066
2.229662077596996,4.759111825275133,1.4081127958738204,1.4081127958738204,-0.004726069182157178,0.8566582798957825,1.3624035120010376,1.3634839057922363,0.19945652782917023,-0.08240315318107605,0.017282575368881226,1.8096963167190552,-0.05998614802956581
2.234042553191489,6.894506064346803,3.0009744921262183,3.0009744921262183,1.2379389207451954,0.8626262545585632,1.3568114042282104,1.364357590675354,0.188784658908844,-0.0823274478316307,0.05854194983839989,1.8094335794448853,-0.09652967751026154
2.2384230287859825,9.339953625485794,-0.30103908001263824,-0.30103908001263824,-0.00956313778150357,0.8685697317123413,1.3770653009414673,1.3651845455169678,0.1857062578201294,-0.08207100629806519,0.11002817749977112,1.8090107440948486,0.19772620499134064
2.2428035043804755,5.534348858794443,-2.3172958542037287,-2.3172958542037287,1.5447287346152587,0.8746019601821899,1.36611807346344,1.3659980297088623,0.20610865950584412,-0.08158902823925018,0.10151615738868713,1.8098769187927246,0.12613911926746368
2.2471839799749684,6.589763242476466,-1.653820004517191,-1.653820004517191,-0.5671650894863661,0.8805862069129944,1.3949506282806396,1.36690092086792,0.19209158420562744,-0.08114434033632278,-0.011267207562923431,1.8104294538497925,0.5160458087921143
2.251564455569462,3.30521960115508,0.2788496690999748,0.2788496690999748,-0.46676399664951995,0.8866967558860779,1.37448251247406,1.3677424192428589,0.19687573611736298,-0.08119369298219681,-0.043000977486371994,1.812690019607544,0.3091769814491272
2.255944931163955,7.0246833795755705,0.11600903270310223,0.11600903270310223,0.033834353631493064,0.8927176594734192,1.3600612878799438,1.3686047792434692,0.17891600728034973,-0.08138205856084824,-0.02122669294476509,1.8140443563461304,0.1544109731912613
2.260325406758448,5.434214519297034,0.3508996850288258,0.3508996850288258,-0.3225512400048763,0.8986753821372986,1.3527437448501587,1.369388461112976,0.18341737985610962,-0.08147504180669785,-0.018826931715011597,1.8147207498550415,0.11133261024951935
2.264705882352941,7.9556033887411,2.980679703334809,2.980679703334809,0.8535266586233168,0.9046010375022888,1.339141607284546,1.3701919317245483,0.17914970219135284,-0.0815575122833252,0.0008399710059165955,1.8152084350585938,-0.01933726668357849
2.269086357947434,7.123177427892108,-1.6940085504367095,-1.6940085504367095,-0.20393008694326364,0.9104670882225037,1.3493679761886597,1.3709766864776611,0.18533703684806824,-0.08155383169651031,0.06295958906412125,1.8151236772537231,0.15898337960243225
2.2734668335419275,7.817332259304819,-2.331945480016307,-2.331945480016307,-0.189793143646561,0.9163779616355896,1.3365064859390259,1.371788501739502,0.1918615996837616,-0.08127804100513458,0.019444573670625687,1.8158200979232788,0.048663295805454254
2.2778473091364204,6.794604236246877,1.331338352551492,1.331338352551492,0.3395238117771683,0.9222325086593628,1.3231772184371948,1.372628927230835,0.2030348777770996,-0.08119286596775055,-0.043113064020872116,1.8160332441329956,-0.06299584358930588
2.2822277847309134,4.289888243127428,-1.9854081544539357,-1.9854081544539357,-0.8327850009246769,0.9280286431312561,1.3230645656585693,1.3735183477401733,0.2042553722858429,-0.08138172328472137,-0.014148933812975883,1.8157572746276855,-0.019375406205654144
2.2866082603254068,6.617918474795274,-0.21356697774768701,-0.21356697774768701,-1.1840378569986634,0.9338243007659912,1.299178957939148,1.3744131326675415,0.19513772428035736,-0.08144370466470718,-0.0478091835975647,1.8156723976135254,-0.2838544249534607
2.2909887359199,8.659807944319825,0.31328154646960227,0.31328154646960227,0.07083509715519276,0.9395153522491455,1.2646102905273438,1.3752679824829102,0.20378857851028442,-0.08165313303470612,-0.019468355923891068,1.8144289255142212,-0.6637791395187378
2.2953692115143927,4.924796979861512,1.878733003277923,1.878733003277923,-1.1077279531726434,0.9450549483299255,1.2561899423599243,1.3761606216430664,0.21903172135353088,-0.0817384123802185,-0.01238815113902092,1.811521291732788,-0.7088884711265564
2.299749687108886,7.128937074771025,-0.8840650525568443,-0.8840650525568443,-1.4051155442724188,0.9505576491355896,1.2252694368362427,1.3771201372146606,0.2154783308506012,-0.0817926749587059,0.07482597231864929,1.8084160089492798,-1.054389476776123
2.304130162703379,6.125358746812932,2.865576401856326,2.865576401856326,1.2940324273234713,0.955924928188324,1.1850028038024902,1.3780640363693237,0.22819854319095612,-0.08146490156650543,0.09004230052232742,1.8037972450256348,-1.4987130165100098
2.3085106382978724,9.43261084297178,2.1901030658859715,2.1901030658859715,0.05297748366654276,0.9611157774925232,1.2073720693588257,1.379063606262207,0.21892312169075012,-0.08107047528028488,0.13593636453151703,1.7972321510314941,-1.1822402477264404
2.3128911138923653,6.183571559057993,0.6995348290785113,0.6995348290785113,1.0631448150215461,0.9664046168327332,1.1979010105133057,1.380022644996643,0.2390221357345581,-0.08047500997781754,0.19834721088409424,1.7920533418655396,-1.2343826293945312
2.3172715894868583,6.020880277912816,-1.5077028617699053,-1.5077028617699053,0.42611458881206604,0.9716519713401794,1.2152475118637085,1.3810696601867676,0.23186081647872925,-0.07960615307092667,0.1877286434173584,1.7866461277008057,-0.9809629917144775
2.321652065081352,6.538493801979049,-1.8888036408455458,-1.8888036408455458,1.1100300920677282,0.9769753217697144,1.2183665037155151,1.3820853233337402,0.2270985096693039,-0.07878381013870239,0.13125503063201904,1.7823489904403687,-0.9032180905342102
2.3260325406758446,8.425293035535658,0.3595027289503922,0.3595027289503922,0.690281432163498,0.9823123216629028,1.2367093563079834,1.3830801248550415,0.2225371152162552,-0.07820884883403778,0.043679580092430115,1.7783924341201782,-0.6375248432159424
2.330413016270338,8.6737376662308,0.748770197693253,0.748770197693253,0.5791233135127056,0.9877296686172485,1.243549108505249,1.3840548992156982,0.23296593129634857,-0.07801751047372818,0.03401979058980942,1.775599718093872,-0.5006924271583557
2.334793491864831,5.493759326754026,-0.9222924706889463,-0.9222924706889463,0.019947710585897643,0.9931769967079163,1.2476513385772705,1.3850754499435425,0.24567997455596924,-0.07786848396062851,0.03897401690483093,1.7734065055847168,-0.3959190547466278
2.339173967459324,7.253065120999735,0.6445566210810555,0.6445566210810555,-1.0493236158909547,0.9986423254013062,1.2423183917999268,1.386151671409607,0.23962223529815674,-0.0776977613568306,0.011457616463303566,1.771672248840332,-0.42599913477897644
2.3435544430538173,9.25259062304785,-0.6682697509193354,-0.6682697509193354,0.5482845313973519,1.0040842294692993,1.2106082439422607,1.3872013092041016,0.2504151463508606,-0.07764757424592972,0.060924284160137177,1.769806146621704,-0.7653794288635254
2.3479349186483103,7.595895348258013,0.21057135072261662,0.21057135072261662,0.7516235133269604,1.0093872547149658,1.2135045528411865,1.3882982730865479,0.2670862078666687,-0.0773806944489479,0.02539704367518425,1.7664533853530884,-0.6717077493667603
2.3523153942428032,9.161322590671187,-1.2877003355986425,-1.2877003355986425,0.9080862526374868,1.0147030353546143,1.2228857278823853,1.3894681930541992,0.27172690629959106,-0.07726944237947464,0.009596604853868484,1.7635109424591064,-0.5101030468940735
2.3566958698372966,6.3333815714210555,1.3140696661231934,1.3140696661231934,0.26653041299947877,1.0200598239898682,1.2343249320983887,1.3906584978103638,0.2863132655620575,-0.0772274062037468,-0.05452732369303703,1.7612764835357666,-0.31412625312805176
2.3610763454317896,2.0062175355626852,0.9303928789857512,0.9303928789857512,1.031702159181258,1.025466799736023,1.2339587211608887,1.3919126987457275,0.2847844660282135,-0.07746626436710358,-0.02393585816025734,1.759900450706482,-0.27906203269958496
2.3654568210262825,7.996368600231449,0.3269257297372582,0.3269257297372582,0.6580581591833118,1.030872106552124,1.2556469440460205,1.3931602239608765,0.2507499158382416,-0.07757111638784409,-0.026894409209489822,1.7586780786514282,-0.003728538751602173
2.369837296620776,6.796647678651432,-0.8441245148315099,-0.8441245148315099,0.6560082397862464,1.036372423171997,1.262614130973816,1.3942586183547974,0.2587423026561737,-0.07768892496824265,-0.036564525216817856,1.7586617469787598,0.130621999502182
2.374217772215269,5.698852919748875,0.5855856349304192,0.5855856349304192,0.0862642103044999,1.0419032573699951,1.270754337310791,1.3953920602798462,0.25865888595581055,-0.07784909754991531,-0.08037316054105759,1.7592339515686035,0.27176210284233093
2.3785982478097623,8.909258457933763,-1.6101426582389393,-1.6101426582389393,-0.34432621172266026,1.0474697351455688,1.266883134841919,1.3965251445770264,0.25365814566612244,-0.07820116728544235,-0.06579139083623886,1.7604243755340576,0.26067084074020386
2.382978723404255,6.345958165875946,1.1077135246076169,1.1077135246076169,-0.20487976659391474,1.0530192852020264,1.2497584819793701,1.3976362943649292,0.2721876800060272,-0.07848936319351196,-0.10275724530220032,1.7615662813186646,0.1093856543302536
2.387359198998748,6.790425175115052,0.8457755214226328,0.8457755214226328,-0.1836767716800504,1.0584938526153564,1.238465428352356,1.3988286256790161,0.2728685438632965,-0.07893949002027512,-0.06442536413669586,1.7620453834533691,0.012682981789112091
2.391739674593241,7.518195137585433,-1.3068609271174054,-1.3068609271174054,1.2179430088082772,1.063918948173523,1.227169156074524,1.4000239372253418,0.2764577865600586,-0.0792217031121254,-0.03436209261417389,1.7621009349822998,-0.08102034032344818
2.3961201501877345,10.919878675679943,-1.3335454763508472,-1.3335454763508472,-0.9435728016178848,1.0692945718765259,1.247347354888916,1.4012349843978882,0.2787013351917267,-0.07937222719192505,-0.10809437185525894,1.7617460489273071,0.21154840290546417
2.400500625782228,7.504165050365576,-0.08548458931935132,-0.08548458931935132,-0.837365675267464,1.074758529663086,1.2142274379730225,1.4024558067321777,0.31346768140792847,-0.07984573394060135,-0.11948280781507492,1.762672781944275,-0.11993999779224396
2.404881101376721,6.033584056078379,-0.4590827880130567,-0.4590827880130567,0.24779365405646614,1.0800774097442627,1.1870816946029663,1.4038289785385132,0.3247872591018677,-0.08036912232637405,-0.09752549231052399,1.7621474266052246,-0.40066832304000854
2.409261576971214,3.5018565344909023,0.9019601661504267,0.9019601661504267,0.3435473064576727,1.0852774381637573,1.1864159107208252,1.4052517414093018,0.3212963342666626,-0.08079633116722107,-0.11816852539777756,1.7603923082351685,-0.36951765418052673
2.413642052565707,7.7845244706095835,-1.6899477477537224,-1.6899477477537224,0.3599328325742327,1.0904744863510132,1.190623164176941,1.4066591262817383,0.3003409504890442,-0.08131396770477295,-0.10186110436916351,1.758773684501648,-0.29563266038894653
2.4180225281602,6.7837523710780046,-0.3319896004728651,-0.3319896004728651,-0.0008591036590545609,1.0956900119781494,1.1906875371932983,1.4079747200012207,0.30817511677742004,-0.08176016807556152,-0.16172412037849426,1.7574787139892578,-0.24379584193229675
2.422403003754693,6.747378626859656,-1.1658597351826592,-1.1658597351826592,-0.31984468770787267,1.1009057760238647,1.18349289894104,1.4093246459960938,0.3108530044555664,-0.08246859908103943,-0.17139418423175812,1.7564107179641724,-0.28620582818984985
2.4267834793491865,5.172290729669218,-1.537242065424184,-1.537242065424184,-0.9108604305140651,1.1060900688171387,1.168959379196167,1.4106863737106323,0.31465044617652893,-0.08321938663721085,-0.19610050320625305,1.7551569938659668,-0.4172932505607605
2.4311639549436794,4.662928901785235,-0.040383087961153974,-0.040383087961153974,-0.09286500761484223,1.1112107038497925,1.1424506902694702,1.4120646715164185,0.3103364408016205,-0.08407840132713318,-0.21439284086227417,1.7533290386199951,-0.7033652067184448
2.4355444305381724,8.51078041415073,-1.1920071538650783,-1.1920071538650783,0.4299865175358039,1.1162152290344238,1.1352906227111816,1.4134241342544556,0.2989518940448761,-0.08501754701137543,-0.21286019682884216,1.7502479553222656,-0.7580568194389343
2.4399249061326658,4.162504674182691,-0.27854905047048273,-0.27854905047048273,1.2123395418629261,1.1211882829666138,1.136046051979065,1.414733648300171,0.31120845675468445,-0.08594997227191925,-0.2602275609970093,1.746927261352539,-0.6902843117713928
2.4443053817271587,7.918041438542366,-0.10828984006918119,-0.10828984006918119,-0.735868122050018,1.1261646747589111,1.159519910812378,1.4160969257354736,0.2910652756690979,-0.0870898962020874,-0.3037662208080292,1.7439035177230835,-0.377465158700943
2.448685857321652,4.095801526946833,-1.9067660393931631,-1.9067660393931631,0.38371010959840485,1.1312439441680908,1.133984088897705,1.4173719882965088,0.3042156398296356,-0.08842054009437561,-0.2854389548301697,1.7422500848770142,-0.6304277777671814
2.453066332916145,7.489539253986265,-0.222467371407849,-0.222467371407849,-0.9851714016843267,1.1362112760543823,1.1383700370788574,1.418704628944397,0.2870785892009735,-0.08967089653015137,-0.3523281216621399,1.7394884824752808,-0.5480861663818359
2.457446808510638,7.136223680152417,0.027807481346719176,0.027807481346719176,-0.20421564802051748,1.141197919845581,1.1074082851409912,1.4199621677398682,0.29816609621047974,-0.09121426194906235,-0.33005475997924805,1.737087607383728,-0.867679238319397
2.4618272841051314,8.633617814257411,0.5161941905519325,0.5161941905519325,-0.055327514861696014,1.146048903465271,1.0947842597961426,1.4212682247161865,0.3036153018474579,-0.09266006201505661,-0.3232789635658264,1.733286738395691,-0.9672257900238037
2.4662077596996244,6.6966952819194505,-2.980835026613871,-2.980835026613871,-0.9485276162984871,1.1508445739746094,1.0838950872421265,1.4225982427597046,0.31843677163124084,-0.09407617896795273,-0.30658870935440063,1.729049801826477,-1.0337272882461548
2.4705882352941178,4.180786731811134,1.5350907455299732,1.5350907455299732,1.1199356004712389,1.1555925607681274,1.054439663887024,1.4239931106567383,0.32348281145095825,-0.09541918337345123,-0.36593854427337646,1.7245216369628906,-1.3374371528625488
2.4749687108886107,8.222256844854954,1.6875660974719764,1.6875660974719764,0.4547993451989822,1.1602115631103516,1.0756195783615112,1.4254101514816284,0.3038572669029236,-0.0970221683382988,-0.3538146913051605,1.718662977218628,-1.049272060394287
2.479349186483104,7.197691998141577,-0.001055552579018959,-0.001055552579018959,0.00781473344459302,1.1649233102798462,1.0769166946411133,1.4267412424087524,0.31397223472595215,-0.09857204556465149,-0.3178139925003052,1.7140666246414185,-0.9691605567932129
2.483729662077597,6.638342818758687,1.3029889252801943,1.3029889252801943,-0.012971136350796802,1.1696406602859497,1.0689723491668701,1.4281165599822998,0.3188004791736603,-0.09996422380208969,-0.318073034286499,1.7098212242126465,-1.007382869720459
2.48811013767209,5.931447439581913,1.0313090572253245,1.0313090572253245,0.7308388020277434,1.174323320388794,1.0611436367034912,1.4295130968093872,0.31990161538124084,-0.10135753452777863,-0.27964282035827637,1.7054084539413452,-1.0478310585021973
2.492490613266583,9.01017182723916,0.035181274090388404,0.035181274090388404,0.6975448570060879,1.1789716482162476,1.0713614225387573,1.4309144020080566,0.3138808608055115,-0.10258249938488007,-0.27086812257766724,1.700818419456482,-0.8765162825584412
2.4968710888610763,4.905024198770845,-0.02028075454719619,-0.02028075454719619,-0.5170644473112973,1.1836646795272827,1.0773365497589111,1.4322893619537354,0.3287063539028168,-0.10376903414726257,-0.2902112305164337,1.6969788074493408,-0.730664849281311
2.5012515644555693,8.158769640569602,1.9241675762083474,1.9241675762083474,0.2184567736866339,1.188383936882019,1.0597223043441772,1.4337292909622192,0.31981953978538513,-0.1050402969121933,-0.2757035791873932,1.693778157234192,-0.9010666608810425
2.5056320400500622,6.986061133093896,0.1862938213246187,0.1862938213246187,-0.871308983352322,1.193026065826416,1.055466890335083,1.43513023853302,0.33038362860679626,-0.10624800622463226,-0.22589141130447388,1.689831018447876,-0.8833698034286499
2.510012515644556,3.181747351679649,0.1361864673095491,0.1361864673095491,1.6724126287784087,1.1976494789123535,1.0271714925765991,1.4365774393081665,0.3361618220806122,-0.10723751783370972,-0.19500605762004852,1.6859614849090576,-1.162935495376587
2.5143929912390486,5.991593421929468,1.9168417474951687,1.9168417474951687,-0.14505577225657906,1.2021490335464478,1.0624117851257324,1.4380500316619873,0.3094094395637512,-0.10809173434972763,-0.23986873030662537,1.680867314338684,-0.7129836082458496
2.518773466833542,7.202637549169653,0.8840095745112315,0.8840095745112315,0.6217905324105257,1.2068028450012207,1.052169919013977,1.4394054412841797,0.30655980110168457,-0.1091424748301506,-0.1796547770500183,1.6777441501617432,-0.7838305830955505
2.523153942428035,4.118739649817234,-1.140975214248117,-1.140975214248117,0.31682234930952635,1.2114118337631226,1.0583882331848145,1.4407483339309692,0.3097960352897644,-0.10992944985628128,-0.17199714481830597,1.674310564994812,-0.6466219425201416
2.527534418022528,7.765017838417671,2.7621580185502133,2.7621580185502133,1.2691185577750925,1.2160481214523315,1.0610406398773193,1.4421054124832153,0.2933347523212433,-0.1106828823685646,-0.21456944942474365,1.671478033065796,-0.5787152647972107
2.5319148936170213,5.656300954732115,0.2046486631233999,0.2046486631233999,0.1151901817516243,1.220695972442627,1.081720232963562,1.4433903694152832,0.29894980788230896,-0.11162279546260834,-0.1709679663181305,1.668942928314209,-0.26296618580818176
2.536295369211514,9.192669843148455,-2.12988683123026,-2.12988683123026,-0.4413393156334528,1.225434422492981,1.0779011249542236,1.4446998834609985,0.2933359146118164,-0.11237171292304993,-0.16835549473762512,1.6677910089492798,-0.2584478259086609
2.540675844806008,3.275864424124095,1.696511294026482,1.696511294026482,-0.3802506218589835,1.2301561832427979,1.056995153427124,1.4459848403930664,0.3125171661376953,-0.11310919374227524,-0.21766643226146698,1.666658878326416,-0.426308274269104
2.545056320400501,4.685372592351403,0.7433831727197906,0.7433831727197906,0.797127274112203,1.2347862720489502,1.0443235635757446,1.4473538398742676,0.29212817549705505,-0.11406267434358597,-0.15701839327812195,1.664791464805603,-0.5482802391052246
2.549436795994993,6.69931445560505,3.289633634400545,3.289633634400545,0.2766638107406927,1.2393609285354614,1.0574654340744019,1.4486335515975952,0.27845999598503113,-0.11475048959255219,-0.15858788788318634,1.6623897552490234,-0.34866148233413696
2.553817271589487,5.593689340910378,-3.0445909134587152,-3.0445909134587152,0.10287127837732393,1.2439931631088257,1.056119680404663,1.4498533010482788,0.2794029116630554,-0.11544518172740936,-0.07059962302446365,1.6608624458312988,-0.30367574095726013
2.55819774718398,5.2370606138796525,-0.5708194482595785,-0.5708194482595785,0.010462665506495245,1.2486194372177124,1.0519890785217285,1.4510772228240967,0.2733727693557739,-0.11575444042682648,-0.16251549124717712,1.6595321893692017,-0.3017410337924957
2.562578222778473,7.612147310712292,-0.6268987224029166,-0.6268987224029166,-0.20496091879638742,1.2532275915145874,1.0461170673370361,1.4522746801376343,0.26516199111938477,-0.11646633595228195,-0.17949077486991882,1.6582103967666626,-0.32374873757362366
2.566958698372966,6.176500644011672,-2.26288335973498,-2.26288335973498,0.3235823358198682,1.257810115814209,1.0324152708053589,1.453436255455017,0.2731682360172272,-0.11725258827209473,-0.1918126940727234,1.656792163848877,-0.41703110933303833
2.571339173967459,5.703577813859502,-1.6577274006019858,-1.6577274006019858,-0.7034104192529607,1.262332558631897,1.0327088832855225,1.4546328783035278,0.27052775025367737,-0.11809282004833221,-0.26734569668769836,1.6549654006958008,-0.3560115098953247
2.575719649561952,6.2036324480201355,0.8518761255168977,0.8518761255168977,0.4644200720645437,1.26685631275177,1.0095545053482056,1.4558179378509521,0.2667902708053589,-0.11926392465829849,-0.29521477222442627,1.6534059047698975,-0.5790320038795471
2.580100125156445,5.162734311878701,0.14889661490900996,0.14889661490900996,-0.5002419206591779,1.2712786197662354,1.0130364894866943,1.456986665725708,0.2640046179294586,-0.12055710703134537,-0.28389981389045715,1.6508694887161255,-0.4786682426929474
2.5844806007509384,5.587770337960011,-0.9682828867482598,-0.9682828867482598,0.45032883451759287,1.2757161855697632,0.9951891899108887,1.4581431150436401,0.2561681866645813,-0.12180072069168091,-0.2649429142475128,1.6487727165222168,-0.642289400100708
2.588861076345432,8.493196267845635,0.7342581996686788,0.7342581996686788,-0.35895589869202804,1.2800755500793457,0.9990026354789734,1.4592652320861816,0.24931591749191284,-0.12296129763126373,-0.30637088418006897,1.6459591388702393,-0.5426921844482422
2.593241551939925,7.117228940745968,0.1323753328423718,0.1323753328423718,0.743717115710653,1.2844516038894653,0.9803866744041443,1.4603573083877563,0.2632288634777069,-0.12430334836244583,-0.2744455635547638,1.6435818672180176,-0.681978702545166
2.5976220275344177,4.993845883113758,-2.155751924976899,-2.155751924976899,1.0233192921026113,1.2887461185455322,0.9891466498374939,1.461510419845581,0.2660332918167114,-0.12550555169582367,-0.29229867458343506,1.640594482421875,-0.5072358846664429
2.602002503128911,3.839861982673888,1.750747223683704,1.750747223683704,-0.16611978362461985,1.2930790185928345,1.0070000886917114,1.4626758098602295,0.25441059470176697,-0.12678596377372742,-0.3851376175880432,1.638372540473938,-0.2445678412914276
2.606382978723404,8.64900960848101,1.7350027539414543,1.7350027539414543,-0.6336072711991307,1.297490119934082,0.9984241724014282,1.4637902975082397,0.23713546991348267,-0.12847304344177246,-0.3291590213775635,1.6373012065887451,-0.30827733874320984
2.610763454317897,6.262853886793405,0.17387898142927005,0.17387898142927005,-0.6708902305236418,1.301863670349121,0.9729339480400085,1.4648290872573853,0.2524385154247284,-0.12991490960121155,-0.25998809933662415,1.6359508037567139,-0.5242516398429871
2.6151439299123904,4.9154173839278865,0.3617732572983968,0.3617732572983968,0.7712562408411313,1.3061256408691406,0.9494490623474121,1.4659348726272583,0.25188663601875305,-0.13105377554893494,-0.2353181540966034,1.6336543560028076,-0.7398011684417725
2.619524405506884,9.091388367641809,-0.22817052218574851,-0.22817052218574851,1.7440754270753969,1.3102847337722778,0.9613388776779175,1.4670382738113403,0.24013736844062805,-0.13208457827568054,-0.24727635085582733,1.6304136514663696,-0.5469141006469727
2.6239048811013768,5.436757069121284,2.6877967437419943,2.6877967437419943,-0.7288795954957438,1.3144958019256592,0.9907598495483398,1.4680901765823364,0.25481927394866943,-0.13316777348518372,-0.30487218499183655,1.6280179023742676,-0.1011265218257904
2.6282853566958697,6.388012221585436,0.41420874859842693,0.41420874859842693,-0.4385534005731254,1.3188358545303345,0.966875433921814,1.46920645236969,0.24880939722061157,-0.13450326025485992,-0.20509439706802368,1.6275749206542969,-0.32850974798202515
2.6326658322903627,6.245007664973174,-0.20498261013607377,-0.20498261013607377,-1.0167043100729332,1.3230712413787842,0.9485199451446533,1.4702963829040527,0.24865886569023132,-0.1354016661643982,-0.1801910400390625,1.6261359453201294,-0.47927749156951904
2.637046307884856,7.839986817888501,1.9255413465519102,1.9255413465519102,0.5014295413120048,1.327226161956787,0.9167819023132324,1.4713855981826782,0.2482430785894394,-0.1361909955739975,-0.15648619830608368,1.624036431312561,-0.7905644774436951
2.641426783479349,7.002953602567906,-0.7234871704947434,-0.7234871704947434,0.862558830577558,1.3312420845031738,0.9185153245925903,1.4724730253219604,0.25627970695495605,-0.13687647879123688,-0.11489761620759964,1.6205734014511108,-0.6853267550468445
2.645807259073842,5.809330295572529,1.2981378195668365,1.2981378195668365,-0.7232384281105058,1.3352656364440918,0.929780125617981,1.4735956192016602,0.25844043493270874,-0.13737978041172028,-0.1612151861190796,1.6175713539123535,-0.4752357006072998
2.650187734668336,6.456680182035045,0.36470946395033904,0.36470946395033904,0.1689026027560311,1.3393385410308838,0.9054542779922485,1.474727749824524,0.254585325717926,-0.1380859762430191,-0.10218459367752075,1.6154896020889282,-0.7018642425537109
2.6545682102628283,5.076274500648623,-0.5568983796604656,-0.5568983796604656,0.48790579639547593,1.3433048725128174,0.9011749029159546,1.4758429527282715,0.25393274426460266,-0.1385335922241211,-0.09646641463041306,1.612415075302124,-0.6822670698165894
2.6589486858573217,7.263080991920497,0.8934296951846914,0.8934296951846914,-0.18848616391275294,1.3472524881362915,0.9061365127563477,1.4769552946090698,0.24385811388492584,-0.13895615935325623,-0.12697800993919373,1.6094263792037964,-0.5675184726715088
2.663329161451814,4.630664854670862,0.5223976947474851,0.5223976947474851,-0.20674805399506696,1.3512217998504639,0.8924948573112488,1.4780235290527344,0.24892152845859528,-0.13951238989830017,-0.09538263827562332,1.6069403886795044,-0.6501551270484924
2.667709637046308,8.374651907410277,1.5921000921104937,1.5921000921104937,-0.3615252108159925,1.3551313877105713,0.8817668557167053,1.4791139364242554,0.23655426502227783,-0.13993021845817566,-0.07408927381038666,1.6040923595428467,-0.7267792820930481
2.672090112640801,8.413185977185462,-2.6498540298456446,-2.6498540298456446,1.0455740506824958,1.3589938879013062,0.8626740574836731,1.4801501035690308,0.24897146224975586,-0.14025476574897766,-0.017037220299243927,1.6009087562561035,-0.8614325523376465
2.676470588235294,9.487482372123218,-1.3453260746984026,-1.3453260746984026,0.04226984032478259,1.362772822380066,0.876522421836853,1.4812407493591309,0.260531485080719,-0.14032939076423645,-0.1249554380774498,1.597135305404663,-0.6032756567001343
2.6808510638297878,6.5049968472045325,-0.562686305756509,-0.562686305756509,-0.633093398515825,1.366612434387207,0.8655757904052734,1.48238205909729,0.2800203859806061,-0.14087675511837006,-0.16547763347625732,1.5944926738739014,-0.6283773183822632
2.6852315394242803,4.833357511841497,0.34810710406660844,0.34810710406660844,0.154027321657248,1.3704041242599487,0.8425590395927429,1.4836087226867676,0.28018033504486084,-0.14160162210464478,-0.16342152655124664,1.5917401313781738,-0.8299118280410767
2.689612015018773,5.514154745066447,-1.0990769040680242,-1.0990769040680242,0.15929260339234588,1.3740949630737305,0.840081512928009,1.4848361015319824,0.2687658667564392,-0.1423174887895584,-0.15775378048419952,1.5881047248840332,-0.8052894473075867
2.6939924906132666,4.522080702099464,-1.6571530157378396,-1.6571530157378396,0.776893861171274,1.377774953842163,0.8368773460388184,1.486013412475586,0.2618579864501953,-0.1430085301399231,-0.19450215995311737,1.584577202796936,-0.7814084887504578
2.69837296620776,5.8041768541243295,-2.9700255902762036,-2.9700255902762036,0.4243962763844107,1.3814408779144287,0.8493998050689697,1.4871604442596436,0.2482263445854187,-0.14386054873466492,-0.2655840516090393,1.581154227256775,-0.581298828125
2.7027534418022525,4.971260759103541,0.920502057252534,0.920502057252534,0.991988484522591,1.3851616382598877,0.8520491719245911,1.4882477521896362,0.2432854026556015,-0.14502392709255219,-0.3647119402885437,1.5786079168319702,-0.4838399291038513
2.707133917396746,4.566524552032449,0.07458898508754219,0.07458898508754219,-0.46923654863055314,1.388893961906433,0.8690242171287537,1.4893134832382202,0.2328043282032013,-0.14662154018878937,-0.36679956316947937,1.5764884948730469,-0.22493362426757812
2.711514392991239,6.845929382848157,0.7315072473696027,0.7315072473696027,0.5128739298245132,1.3927006721496582,0.8522202968597412,1.4903333187103271,0.21995794773101807,-0.14822830259799957,-0.35091814398765564,1.5755032300949097,-0.3720327913761139
2.715894868585732,8.486608217458553,-0.4827219489879678,-0.4827219489879678,-0.18553192599298482,1.3964338302612305,0.8554554581642151,1.4912968873977661,0.22196297347545624,-0.1497654914855957,-0.34453335404396057,1.573873519897461,-0.25344640016555786
2.720275344180225,6.666237173913902,2.531421526415345,2.531421526415345,-0.27343207523199886,1.4001811742782593,0.8401321172714233,1.4922691583633423,0.23485317826271057,-0.15127471089363098,-0.35321223735809326,1.5727633237838745,-0.3354705274105072
2.724655819774718,7.812749734550671,0.8791743010519554,0.8791743010519554,0.859178231482146,1.403861403465271,0.8250312805175781,1.4932979345321655,0.23572787642478943,-0.15282194316387177,-0.27130162715911865,1.571293830871582,-0.4355740547180176
2.729036295369212,3.412000596541799,0.5663408190981847,0.5663408190981847,0.7215576985788938,1.407475471496582,0.8349005579948425,1.4943305253982544,0.2440820336341858,-0.1540103703737259,-0.27071768045425415,1.5693857669830322,-0.22393225133419037
2.7334167709637045,8.626809892054936,1.7308000079520687,1.7308000079520687,0.47409707056345207,1.4111326932907104,0.8473061323165894,1.4953997135162354,0.22355923056602478,-0.15519624948501587,-0.27525049448013306,1.5684047937393188,-0.03486102819442749
2.737797246558197,6.835274373267303,0.5168099811262314,0.5168099811262314,-0.3645994941644545,1.414844274520874,0.8469540476799011,1.496379017829895,0.23734736442565918,-0.15640197694301605,-0.23855078220367432,1.5682520866394043,0.06657877564430237
2.742177722152691,6.858664737999932,0.43779472601107405,0.43779472601107405,-0.021012701383963328,1.4185543060302734,0.8292573690414429,1.497418761253357,0.23929503560066223,-0.1574469357728958,-0.21281082928180695,1.568543791770935,-0.0596516877412796
2.746558197747184,6.278389873001595,1.0539677793046365,1.0539677793046365,0.586308312947528,1.4221868515014648,0.8195172548294067,1.498466968536377,0.24141056835651398,-0.15837915241718292,-0.19941219687461853,1.5682824850082397,-0.09035935997962952
2.750938673341677,4.097916537255312,1.6617303389434834,1.6617303389434834,1.6836876874563884,1.425776720046997,0.8247470259666443,1.499524474143982,0.2397385537624359,-0.15925267338752747,-0.18575505912303925,1.5678867101669312,0.050306692719459534
2.75531914893617,9.08082086357196,0.5496894796447648,0.5496894796447648,0.7152495930946107,1.429389476776123,0.8586255311965942,1.5005745887756348,0.22381199896335602,-0.1600663661956787,-0.1863962858915329,1.5681071281433105,0.5048967003822327
2.759699624530663,8.99209028606317,-0.54001046362291,-0.54001046362291,0.2956969901730102,1.4331506490707397,0.86295086145401,1.5015549659729004,0.24046379327774048,-0.1608828753232956,-0.1912311613559723,1.5703188180923462,0.6710076928138733
2.7640801001251565,7.852205566906443,1.6568532937632308,1.6568532937632308,-0.908438317127369,1.436930775642395,0.8574630618095398,1.502608299255371,0.2564171552658081,-0.16172055900096893,-0.2156364619731903,1.5732581615447998,0.7198100686073303
2.768460575719649,7.086423893241103,-1.0867374251734803,-1.0867374251734803,-0.40021241288105514,1.440686821937561,0.8252259492874146,1.5037314891815186,0.264904648065567,-0.16266514360904694,-0.14072181284427643,1.576411247253418,0.4363855719566345
2.7728410513141424,8.711291131304158,-0.989619595816426,-0.989619595816426,0.4450472341876732,1.444301724433899,0.8058676719665527,1.5048918724060059,0.2684812545776367,-0.16328157484531403,-0.16077052056789398,1.5783227682113647,0.29695695638656616
2.777221526908636,3.389934213463341,-1.0807740632092178,-1.0807740632092178,-0.3161032121837895,1.4478317499160767,0.8039541840553284,1.5060679912567139,0.282641738653183,-0.16398583352565765,-0.20266734063625336,1.5796235799789429,0.3863662779331207
2.7816020025031287,8.40267899201423,0.4089646130803588,0.4089646130803588,0.1174451600027066,1.4513534307479858,0.7917128801345825,1.5073060989379883,0.26195475459098816,-0.1648736149072647,-0.22499814629554749,1.5813159942626953,0.2845495939254761
2.7859824780976217,6.817971869150306,1.2473076455876067,1.2473076455876067,-1.0661470482729016,1.4548214673995972,0.7823959589004517,1.508453607559204,0.2741341292858124,-0.16585920751094818,-0.21648485958576202,1.5825624465942383,0.28293755650520325
2.790362953692115,9.011385818171645,-0.16023470148519037,-0.16023470148519037,-1.2588731753653173,1.4582487344741821,0.7475427985191345,1.5096544027328491,0.2762202322483063,-0.16680751740932465,-0.14892464876174927,1.5838018655776978,-0.04262351989746094
2.794743429286608,4.539221224106763,1.1818060341793908,1.1818060341793908,0.052207979345347134,1.4615232944488525,0.7049052715301514,1.5108643770217896,0.29283052682876587,-0.1674598753452301,-0.11684092879295349,1.5836151838302612,-0.43147000670433044
2.7991239048811014,3.487961868443975,-0.7474336373468056,-0.7474336373468056,-0.40604694205213304,1.4646111726760864,0.6994880437850952,1.512147068977356,0.2795904576778412,-0.16797170042991638,-0.08385308086872101,1.5817251205444336,-0.4359862208366394
2.8035043804755944,5.75273102288732,0.4468897315492457,0.4468897315492457,-0.3244917307364441,1.4676752090454102,0.6848664879798889,1.5133718252182007,0.25955885648727417,-0.16833901405334473,-0.0938226580619812,1.5798152685165405,-0.5637713670730591
2.8078848560700878,5.857046904126061,1.1315674692351874,1.1315674692351874,-0.08681169051070389,1.4706752300262451,0.6688446998596191,1.514508843421936,0.25431206822395325,-0.16875000298023224,-0.07129587233066559,1.5773457288742065,-0.6780534386634827
2.8122653316645807,3.3078041932031947,-0.23047168723377845,-0.23047168723377845,0.6146507951326493,1.4736050367355347,0.658248245716095,1.515622854232788,0.24963486194610596,-0.1690623164176941,-0.035715337842702866,1.5743755102157593,-0.7262046933174133
2.8166458072590737,6.793371640933475,-0.008962273524858566,-0.008962273524858566,-0.3641249758530804,1.476488471031189,0.6678289771080017,1.5167163610458374,0.2281276434659958,-0.1692187637090683,-0.06039559096097946,1.5711944103240967,-0.5681095719337463
2.821026282853567,4.482435124266695,-0.22035273938290356,-0.22035273938290356,0.14510619013685983,1.4794138669967651,0.649419367313385,1.5177156925201416,0.22961992025375366,-0.16948331892490387,-0.05002371221780777,1.5687057971954346,-0.6965336203575134
2.82540675844806,6.21193185929219,-0.337234104927538,-0.337234104927538,0.23798172018082053,1.482258677482605,0.6463162899017334,1.518721580505371,0.21588605642318726,-0.1697024405002594,-0.06069627031683922,1.5656546354293823,-0.6735705137252808
2.829787234042553,3.1882608415924563,1.505089622006313,1.505089622006313,0.5377332685565643,1.485089898109436,0.6429060101509094,1.5196672677993774,0.21352531015872955,-0.16996832191944122,-0.07749439775943756,1.562704086303711,-0.6310533881187439
2.8341677096370463,6.7751490023052625,0.2504919794413547,0.2504919794413547,1.7990367084600507,1.4879060983657837,0.6509076356887817,1.5206025838851929,0.19141925871372223,-0.17030778527259827,-0.04924452677369118,1.5599397420883179,-0.49313440918922424
2.8385481852315397,10.027575813527594,0.2527082419869061,0.2527082419869061,0.057267430460980685,1.4907573461532593,0.6833081245422363,1.521441102027893,0.19324339926242828,-0.1705234944820404,-0.09446693956851959,1.5577795505523682,-0.016633689403533936
2.842928660826032,4.768269314539023,-1.0943687278557577,-1.0943687278557577,0.4529405259151857,1.4937505722045898,0.6702238917350769,1.5222876071929932,0.2160359025001526,-0.17093729972839355,-0.08875945210456848,1.5577067136764526,-0.03752788528800011
2.8473091364205256,4.663627526291018,0.3445594485567933,0.3445594485567933,-0.08703810172067247,1.4966864585876465,0.6739628314971924,1.5232338905334473,0.20446351170539856,-0.17132611572742462,-0.1339457929134369,1.557542324066162,0.07122023403644562
2.8516896120150186,4.879554923631506,-0.31617905241544075,-0.31617905241544075,1.441400571352302,1.4996387958526611,0.665183961391449,1.5241295099258423,0.19203540682792664,-0.17191286385059357,-0.1213417798280716,1.5578542947769165,0.02974097803235054
2.8560700876095115,5.353950505259597,0.4794573028426926,0.4794573028426926,-0.063518316111636,1.5025526285171509,0.6918858289718628,1.5249707698822021,0.18148574233055115,-0.1724444031715393,-0.1726686656475067,1.5579845905303955,0.4136129319667816
2.860450563204005,6.751992343984409,-0.8804768209771229,-0.8804768209771229,-0.38013366541670923,1.50558340549469,0.6826058626174927,1.5257657766342163,0.17352373898029327,-0.17320077121257782,-0.15681205689907074,1.5597964525222778,0.3759526014328003
2.864831038798498,6.209185989004292,0.5323177242823974,0.5323177242823974,-0.20916707499669496,1.5085735321044922,0.6638033986091614,1.526525855064392,0.17465484142303467,-0.1738876849412918,-0.17142365872859955,1.5614433288574219,0.2443852573633194
2.8692115143929917,7.1905879059085915,1.870037149003386,1.870037149003386,-1.107218986515247,1.5114812850952148,0.6497465372085571,1.527290940284729,0.17230859398841858,-0.17463859915733337,-0.14976994693279266,1.562513828277588,0.16221627593040466
2.873591989987484,8.44565214229879,1.1260370148107208,1.1260370148107208,0.6884243886757161,1.5143275260925293,0.6131340861320496,1.5280457735061646,0.17623354494571686,-0.1752946674823761,-0.06282462924718857,1.5632244348526,-0.17447078227996826
2.877972465581977,3.508368649524315,-1.6467373084189247,-1.6467373084189247,-0.3904993279279619,1.5170133113861084,0.6166861653327942,1.5288177728652954,0.18871426582336426,-0.17556986212730408,-0.0500449538230896,1.56246018409729,-0.015528440475463867
2.8823529411764706,5.362534744920441,0.9261752947979653,0.9261752947979653,1.118846270188386,1.5197147130966187,0.602304220199585,1.52964448928833,0.16865289211273193,-0.17578908801078796,-0.08673109114170074,1.5623921155929565,-0.13811777532100677
2.8867334167709635,5.365504127579603,1.7386874496016658,1.7386874496016658,-0.5987035163076952,1.5223530530929565,0.6205233931541443,1.5303832292556763,0.16102859377861023,-0.1761690080165863,-0.09235769510269165,1.5617871284484863,0.15296511352062225
2.891113892365457,6.876029951080625,-1.6801824755998838,-1.6801824755998838,-0.7456773296762295,1.5250712633132935,0.5984732508659363,1.5310885906219482,0.15307193994522095,-0.17657357454299927,-0.0240984708070755,1.5624572038650513,-0.03492411971092224
2.89549436795995,6.038482718278007,0.8833317286289204,0.8833317286289204,1.2370944355860527,1.5276929140090942,0.5706883072853088,1.5317591428756714,0.15499812364578247,-0.17667913436889648,-0.05138898640871048,1.5623042583465576,-0.26986247301101685
2.899874843554443,10.206696525652214,-0.6511563307358696,-0.6511563307358696,0.34425591396869004,1.5301928520202637,0.5906255841255188,1.5324381589889526,0.15180210769176483,-0.17690424621105194,-0.06171998009085655,1.561122179031372,0.051445960998535156
2.904255319148936,7.5115978681464455,-0.5422121218458449,-0.5422121218458449,0.13519012945655545,1.5327800512313843,0.5833896398544312,1.533103108406067,0.17576250433921814,-0.1771746128797531,-0.09078916907310486,1.561347484588623,0.10763286054134369
2.908635794743429,4.648996458812039,-2.930044497871905,-2.930044497871905,-0.01808213881694669,1.5353355407714844,0.5752745270729065,1.5338730812072754,0.18201619386672974,-0.1775723099708557,-0.11057145893573761,1.5618189573287964,0.11594390869140625
2.913016270337922,7.620293602880586,-0.6460670311259175,-0.6460670311259175,0.12322448266422276,1.5378555059432983,0.5678473114967346,1.534670352935791,0.16948407888412476,-0.17805667221546173,-0.19560998678207397,1.5623267889022827,0.09261767566204071
2.9173967459324155,5.632247137593671,2.4427699347282505,2.4427699347282505,-0.24377104989659415,1.540342926979065,0.5592168569564819,1.5354127883911133,0.17643965780735016,-0.17891353368759155,-0.2180757373571396,1.562732458114624,0.09683873504400253
2.9217772215269084,6.609638383136166,-2.565124198767452,-2.565124198767452,0.057344795915991204,1.542792558670044,0.5449447631835938,1.536185622215271,0.17029926180839539,-0.17986880242824554,-0.13962021470069885,1.5631566047668457,0.00641234964132309
2.9261576971214014,4.96824523532916,-0.6747531340944731,-0.6747531340944731,-0.08301842337290874,1.5451797246932983,0.5361855626106262,1.5369316339492798,0.1706121861934662,-0.18048040568828583,-0.21620461344718933,1.5631847381591797,-0.004144501872360706
2.930538172715895,5.967640674604279,-0.5602230527669547,-0.5602230527669547,1.619216631058679,1.5475285053253174,0.526619553565979,1.5376789569854736,0.16014976799488068,-0.1814274787902832,-0.233485147356987,1.563166618347168,-0.04732606187462807
2.934918648310388,7.617462253397893,1.0750822707388323,1.0750822707388323,0.6945527736521133,1.5498353242874146,0.5553682446479797,1.53838050365448,0.1565265953540802,-0.18245024979114532,-0.2971317172050476,1.5629593133926392,0.3800528645515442
2.939299123904881,2.919472787679618,2.6387461307282463,2.6387461307282463,1.082819205850654,1.552268147468567,0.5598391890525818,1.539066195487976,0.1634778082370758,-0.18375182151794434,-0.28601905703544617,1.5646240711212158,0.5427324771881104
2.943679599499374,5.762853315543538,0.016492442949864128,0.016492442949864128,-1.6299271333594496,1.5547205209732056,0.580651044845581,1.5397822856903076,0.13965576887130737,-0.18500472605228424,-0.24058106541633606,1.567001461982727,0.8326207399368286
2.948060075093867,6.468658194864334,0.4289852474741024,0.4289852474741024,-0.037387137683865396,1.5572640895843506,0.5333475470542908,1.5403940677642822,0.1339854747056961,-0.18605858087539673,-0.19250039756298065,1.5706487894058228,0.35372644662857056
2.9524405506883604,6.1620245335696,0.1510948627125579,0.1510948627125579,0.6847225083277879,1.5596003532409668,0.5221498608589172,1.5409809350967407,0.1332867592573166,-0.18690182268619537,-0.17888084053993225,1.5721982717514038,0.31527599692344666
2.9568210262828534,7.3309862078876655,0.21831067748864996,0.21831067748864996,-0.7863204250007062,1.5618876218795776,0.5283034443855286,1.5415648221969604,0.13056614995002747,-0.18768540024757385,-0.19446446001529694,1.5735793113708496,0.47919559478759766
2.9612015018773468,6.0656587377341395,1.8655515089724086,1.8655515089724086,-1.8988553251719205,1.564201831817627,0.4980337619781494,1.542136788368225,0.1355152428150177,-0.18853724002838135,-0.1651260405778885,1.5756784677505493,0.22737836837768555
2.96558197747184,5.977416973910728,1.9929558000621774,1.9929558000621774,0.042472928390428905,1.5663834810256958,0.4436646103858948,1.542730450630188,0.13241732120513916,-0.1892605721950531,-0.055193424224853516,1.576674461364746,-0.3294987082481384
2.9699624530663327,6.409298274101048,0.47400614906161986,0.47400614906161986,-0.05401388040088123,1.5683269500732422,0.43489041924476624,1.543310523033142,0.12849509716033936,-0.18950234353542328,0.0017668604850769043,1.5752310752868652,-0.3448190689086914
2.974342928660826,4.13644282129748,-0.2084281971822487,-0.2084281971822487,1.0075571064337732,1.5702320337295532,0.42315375804901123,1.5438734292984009,0.1273997724056244,-0.18949460983276367,0.017186719924211502,1.5737205743789673,-0.3888331949710846
2.978723404255319,5.936589329384461,3.9243300197647586,3.9243300197647586,-1.2685716178261328,1.5720856189727783,0.44002318382263184,1.544431447982788,0.11135157942771912,-0.18941932916641235,-0.018323905766010284,1.5720173120498657,-0.1263866126537323
2.983103879849812,3.726570655093494,-0.6085202674063614,-0.6085202674063614,-0.2979751249724188,1.574013113975525,0.4006335735321045,1.5449192523956299,0.10722675919532776,-0.1894996017217636,0.13332527875900269,1.571463704109192,-0.5065298080444336
2.9874843554443054,5.917234518912541,0.36147958026223875,0.36147958026223875,0.5710673896688632,1.5757681131362915,0.3875889778137207,1.54538893699646,0.0885300561785698,-0.18891558051109314,0.12425637245178223,1.5692448616027832,-0.6061384677886963
2.9918648310387983,5.938405837531353,0.32242700818488446,0.32242700818488446,0.08158136635445286,1.5774658918380737,0.391404926776886,1.5457767248153687,0.08413142710924149,-0.18837128579616547,0.11813574284315109,1.5665897130966187,-0.4727128744125366
2.9962453066332912,4.94997921968657,-0.14112551740034895,-0.14112551740034895,0.5146638099589661,1.5791804790496826,0.3837722837924957,1.5461453199386597,0.07990990579128265,-0.18785379827022552,0.12516920268535614,1.5645190477371216,-0.47544941306114197
3.0006257822277846,5.999326326780412,0.6105162844799136,0.6105162844799136,0.5103693069273624,1.5808615684509277,0.3879203796386719,1.5464953184127808,0.06929244101047516,-0.1873054951429367,0.1060180738568306,1.5624363422393799,-0.35287076234817505
3.0050062578222776,7.543712510429653,-0.8112075574881876,-0.8112075574881876,0.2182060266533024,1.5825608968734741,0.39034178853034973,1.546798825263977,0.0655970647931099,-0.18684108555316925,0.1089426800608635,1.560890555381775,-0.23556703329086304
3.009386733416771,4.742711179520147,0.27058412819346367,0.27058412819346367,0.053776300884759896,1.5842708349227905,0.3835119307041168,1.5470861196517944,0.07197532057762146,-0.18636386096477509,0.07888054102659225,1.5598586797714233,-0.20583444833755493
3.013767209011264,3.84612363981495,-0.951764015728129,-0.951764015728129,0.5170347302336552,1.5859508514404297,0.3772919178009033,1.5474014282226562,0.060009948909282684,-0.18601833283901215,0.08521201461553574,1.5589569807052612,-0.21023757755756378
3.018147684605757,8.227802489561807,0.7562612979094783,0.7562612979094783,-0.12923129513704207,1.5876035690307617,0.3833610415458679,1.5476642847061157,0.042312052100896835,-0.18564505875110626,0.0423184335231781,1.5580360889434814,-0.08166944980621338
3.0225281602002503,3.0601675063742517,-0.6145703770098416,-0.6145703770098416,0.2798244083937564,1.5892828702926636,0.3674343526363373,1.5478496551513672,0.05309633910655975,-0.1854596883058548,0.06817762553691864,1.5576783418655396,-0.15088273584842682
3.0269086357947432,6.573156940143069,0.39826337825893415,0.39826337825893415,-0.43589586939281766,1.5908924341201782,0.3692021071910858,1.5480822324752808,0.030210932716727257,-0.1851610392332077,0.04205846041440964,1.55701744556427,-0.08514542132616043
3.0312891113892366,8.25797335917641,0.49693021791307507,0.49693021791307507,0.34054163563848866,1.5925097465515137,0.34872251749038696,1.5482145547866821,0.030075816437602043,-0.18497680127620697,0.06641855835914612,1.5566444396972656,-0.2329816222190857
3.0356695869837296,5.2514034353402685,-0.4209117125443576,-0.4209117125443576,-0.11019757489357856,1.5940372943878174,0.3438273072242737,1.5483462810516357,0.041194796562194824,-0.1846858561038971,0.07098560035228729,1.5556238889694214,-0.170913964509964
3.0400500625782225,6.888725134847962,-0.5824136968628923,-0.5824136968628923,-0.1216557812609809,1.595543384552002,0.3330801725387573,1.5485267639160156,0.032511334866285324,-0.18437489867210388,0.06191176176071167,1.5548752546310425,-0.22240981459617615
3.044430538172716,6.94839459856769,1.4363009376586662,1.4363009376586662,-0.4649079009402736,1.597002387046814,0.319547176361084,1.5486692190170288,0.03452179208397865,-0.18410369753837585,0.04845616966485977,1.553900957107544,-0.28340646624565125
3.048811013767209,2.6905244566454094,-1.0025047675790515,-1.0025047675790515,-0.039750905497694625,1.5984021425247192,0.2979072034358978,1.5488204956054688,0.03677273169159889,-0.1838914304971695,0.1039775013923645,1.552659511566162,-0.44016337394714355
3.053191489361702,3.623407085300445,0.16922599721397769,0.16922599721397769,0.9878250465785994,1.5997071266174316,0.29282745718955994,1.5489815473556519,0.011305712163448334,-0.18343596160411835,0.07586203515529633,1.5507314205169678,-0.4616537094116211
3.057571964956195,6.1766408931443,-0.17380738145809219,-0.17380738145809219,0.17284522037314312,1.600989818572998,0.310416042804718,1.5490310192108154,-0.007586715742945671,-0.18310365080833435,0.05195634812116623,1.5487091541290283,-0.1999826729297638
3.061952440550688,6.060565302410501,0.9577639290077941,0.9577639290077941,0.8591909983306909,1.6023496389389038,0.3050292730331421,1.5489977598190308,-0.010095402598381042,-0.18287605047225952,0.04183299094438553,1.5478330850601196,-0.17498894035816193
3.066332916145181,7.103161051475688,0.34565302907543133,0.34565302907543133,-0.24958488774680831,1.6036858558654785,0.31592389941215515,1.5489535331726074,-0.012986451387405396,-0.18269279599189758,0.044711634516716,1.547066569328308,0.0420030802488327
3.0707133917396745,7.8789707765768595,-0.35620560368465387,-0.35620560368465387,0.38231630360872587,1.6050697565078735,0.2992705702781677,1.5488966703414917,-0.009650303982198238,-0.18249693512916565,0.062094468623399734,1.547250509262085,-0.05395402014255524
3.0750938673341675,7.686286408817756,-0.14156664802889224,-0.14156664802889224,0.31190313126973673,1.6063807010650635,0.2962535619735718,1.5488543510437012,-0.0008894167840480804,-0.18222492933273315,0.040527284145355225,1.5470141172409058,0.023436687886714935
3.079474342928661,5.450067955637792,-0.1616566386900815,-0.1616566386900815,-0.763810639403968,1.6076784133911133,0.29190078377723694,1.548850417137146,0.0065773180685937405,-0.18204739689826965,0.02728452906012535,1.547116756439209,0.081995889544487
3.083854818523154,8.206913043787056,1.588339408983032,1.588339408983032,0.18440855875541123,1.608957052230835,0.26574262976646423,1.5488792657852173,-0.001178637146949768,-0.1819278746843338,0.04486933350563049,1.5474759340286255,-0.15115980803966522
3.0882352941176467,6.883487169387913,-2.5019852127909656,-2.5019852127909656,0.2805275287380628,1.6101211309432983,0.2576262056827545,1.5488741397857666,0.00961560383439064,-0.18173132836818695,0.08586856722831726,1.546813726425171,-0.13011272251605988
3.09261576971214,7.223346603321424,1.620988432708615,1.620988432708615,-0.3718740839550145,1.6112496852874756,0.2537878751754761,1.548916220664978,0.011814008466899395,-0.18135517835617065,0.004610374569892883,1.5462437868118286,-0.07722418010234833
3.096996245306633,4.963649056275322,1.5953366843984926,1.5953366843984926,0.4756107905268937,1.6123614311218262,0.23418022692203522,1.548967957496643,0.015869878232479095,-0.181334987282753,0.06280827522277832,1.5459054708480835,-0.2073698490858078
3.1013767209011265,7.0427766231809175,-0.9254960646282895,-0.9254960646282895,1.9852900588918247,1.6133872270584106,0.23784220218658447,1.5490374565124512,0.0056236013770103455,-0.1810598522424698,0.09550782293081284,1.5449970960617065,-0.09285803139209747
3.1057571964956194,6.088640301721604,-1.2006979517948515,-1.2006979517948515,-0.6150175106726767,1.6144291162490845,0.27377012372016907,1.5490621328353882,0.009912101551890373,-0.18064148724079132,0.010503634810447693,1.5445903539657593,0.43527209758758545
3.1101376720901124,7.889100250355138,-0.6040137423426835,-0.6040137423426835,1.6016581324356867,1.6156283617019653,0.25023582577705383,1.5491055250167847,0.00631797406822443,-0.18059547245502472,-0.0066000912338495255,1.546497106552124,0.24180564284324646
3.1145181476846058,7.088096239573926,-0.7808593017670941,-0.7808593017670941,0.765155094868141,1.6167244911193848,0.275912880897522,1.5491331815719604,0.015842940658330917,-0.18062438070774078,-0.0710126981139183,1.5475562810897827,0.6596922874450684
3.1188986232790987,4.869725779838481,1.0787945483387116,1.0787945483387116,0.055116906478483246,1.6179331541061401,0.2831805944442749,1.549202561378479,0.01949581503868103,-0.18093545734882355,-0.11616122722625732,1.5504460334777832,0.8470396995544434
3.123279098873592,6.678074048907371,-0.936818002536123,-0.936818002536123,0.7083520913350981,1.6191736459732056,0.2771102786064148,1.5492879152297974,0.00814414955675602,-0.18144430220127106,-0.08626659959554672,1.5541564226150513,0.8441609144210815
3.127659574468085,8.738264423136654,-1.3093122004759863,-1.3093122004759863,-1.9274398629878473,1.6203875541687012,0.28353431820869446,1.549323558807373,0.008877560496330261,-0.18182219564914703,-0.134310781955719,1.5578542947769165,1.0160269737243652
3.132040050062578,5.741021851139957,1.645537489291304,1.645537489291304,-0.09417588162042831,1.6216295957565308,0.22495654225349426,1.5493624210357666,0.022116953507065773,-0.18241053819656372,-0.11625950038433075,1.562304973602295,0.44408130645751953
3.136420525657071,3.7146120496547783,-0.04503841142892029,-0.04503841142892029,0.1898263340279829,1.6226149797439575,0.2138601541519165,1.5494593381881714,0.016621902585029602,-0.18291981518268585,-0.06545434892177582,1.5642502307891846,0.39453351497650146
3.1408010012515644,6.1049785999104635,1.3817172522995773,1.3817172522995773,0.06980377149950945,1.623551845550537,0.21252745389938354,1.549532175064087,-0.0020705778151750565,-0.18320654332637787,-0.07231314480304718,1.5659785270690918,0.43219614028930664
3.1451814768460573,4.628264517443869,1.821699705545442,1.821699705545442,-0.28471179694309157,1.6244828701019287,0.20462562143802643,1.549523115158081,-0.0051519619300961494,-0.18352331221103668,-0.03400110825896263,1.5678718090057373,0.42627304792404175
3.1495619524405507,5.433496975787664,1.5382692671200344,1.5382692671200344,0.47189335091999013,1.625379204750061,0.19069240987300873,1.549500584602356,-0.017921503633260727,-0.1836722493171692,0.02751278504729271,1.5697391033172607,0.3273886442184448
3.153942428035044,4.823287966136321,2.0733854591298124,2.0733854591298124,-1.1229395267779538,1.6262145042419434,0.19320237636566162,1.549422025680542,-0.025360029190778732,-0.18355172872543335,0.05865434557199478,1.5711731910705566,0.43586301803588867
3.1583229036295366,6.959764660509094,1.7721366155028175,1.7721366155028175,-0.16626689007771406,1.6270607709884644,0.1592848300933838,1.5493109226226807,-0.036821380257606506,-0.18329478800296783,0.1519971787929535,1.573082447052002,0.10202336311340332
3.16270337922403,7.075042783521521,1.4277709696956666,1.4277709696956666,1.4204860044632897,1.627758502960205,0.14441324770450592,1.5491496324539185,-0.0342261865735054,-0.18262897431850433,0.20860470831394196,1.5735293626785278,0.025556378066539764
3.167083854818523,5.8700105444239945,-0.243456492108721,-0.243456492108721,-0.8906576530339323,1.628391146659851,0.16658341884613037,1.5489996671676636,-0.0309657771140337,-0.181715190410614,0.20881745219230652,1.573641300201416,0.39113849401474
3.1714643304130163,5.491265126422523,1.5041230972674111,1.5041230972674111,-0.16178357082435724,1.6291208267211914,0.13652440905570984,1.5488640069961548,-0.035494379699230194,-0.18080046772956848,0.22771777212619781,1.5753546953201294,0.1175050139427185
3.1758448060075093,10.153303670750809,-1.9940262596978053,-1.9940262596978053,0.5071189816011146,1.6297188997268677,0.1241656094789505,1.5487085580825806,-0.04248465970158577,-0.17980295419692993,0.27636751532554626,1.5758694410324097,0.04866718500852585
3.1802252816020022,7.058693069333898,-1.3313056533934002,-1.3313056533934002,1.3525934849973256,1.630262851715088,0.12028670310974121,1.5485224723815918,-0.01899614930152893,-0.17859233915805817,0.20332615077495575,1.5760825872421265,0.14634719491004944
3.184605757196496,4.8127712665085856,-1.1261527701687533,-1.1261527701687533,-0.3050508963577543,1.6307897567749023,0.14109788835048676,1.5484392642974854,-0.015886517241597176,-0.1777016669511795,0.12494778633117676,1.5767236948013306,0.4933073818683624
3.1889862327909886,7.762456443941305,0.9584915512742721,0.9584915512742721,-0.2900951881229099,1.6314078569412231,0.12655316293239594,1.5483696460723877,-0.027360619977116585,-0.1771543323993683,0.10096900910139084,1.5788846015930176,0.3876379132270813
3.193366708385481,7.740727937735028,0.8750246165560328,0.8750246165560328,0.04320819209071901,1.6319621801376343,0.1078307032585144,1.5482498407363892,-0.019442738965153694,-0.1767120361328125,0.13743171095848083,1.580582618713379,0.27322694659233093
3.197747183979975,8.105799842800053,0.4514098236347186,0.4514098236347186,0.7742458280770836,1.6324344873428345,0.09695705026388168,1.54816472530365,-0.01169541198760271,-0.17611001431941986,0.16172339022159576,1.5817794799804688,0.25163716077804565
3.202127659574468,7.064265019749657,-2.4125465730519076,-2.4125465730519076,0.6633612751064344,1.632859230041504,0.1026783213019371,1.548113465309143,-0.0017301291227340698,-0.17540158331394196,0.1522955596446991,1.5828818082809448,0.43222081661224365
3.206508135168961,5.856101191826198,-1.7473566156745186,-1.7473566156745186,-0.1684483837266912,1.633309006690979,0.10742392390966415,1.5481058359146118,0.0013791355304419994,-0.1747344583272934,0.06246929615736008,1.5847750902175903,0.586357593536377
3.210888610763454,3.7862780999097545,0.706657481574307,0.706657481574307,0.04431981938348298,1.633779525756836,0.09453326463699341,1.548111915588379,-0.0032425252720713615,-0.17446081340312958,0.016360171139240265,1.5873435735702515,0.5136327743530273
3.215269086357947,6.740110777086164,0.8477385527639612,0.8477385527639612,0.13004686779353064,1.6341936588287354,0.089779332280159,1.5480977296829224,-0.021482259035110474,-0.17438915371894836,0.035702530294656754,1.589593529701233,0.5091451406478882
3.219649561952441,5.4798012220527434,0.5669175042719619,0.5669175042719619,-0.8071463269678887,1.6345869302749634,0.0824911966919899,1.5480036735534668,-0.020369432866573334,-0.17423276603221893,0.05666140094399452,1.5918238162994385,0.5150837898254395
3.224030037546933,6.130028695936837,-0.6836310901628286,-0.6836310901628286,0.29058261275566355,1.6349482536315918,0.05515789985656738,1.5479145050048828,-0.02706962823867798,-0.173984557390213,0.0967884212732315,1.5940800905227661,0.2650687098503113
3.2284105131414265,8.319858071603043,1.1119986835435727,1.1119986835435727,-0.5083925364489823,1.6351898908615112,0.05253574252128601,1.5477958917617798,-0.029978342354297638,-0.17356057465076447,0.0683382898569107,1.5952411890029907,0.31794726848602295
3.23279098873592,7.415553533669824,1.6319251521888867,1.6319251521888867,-0.2892092255955945,1.6354199647903442,0.027835140004754066,1.5476645231246948,-0.018062666058540344,-0.17326122522354126,0.11565884947776794,1.5966339111328125,0.1378083974123001
3.237171464330413,3.445488314329359,0.11080949241598992,0.11080949241598992,-0.2756352100944846,1.6355419158935547,0.00966004841029644,1.547585368156433,-0.012164250947535038,-0.17275458574295044,0.17176206409931183,1.5972375869750977,0.022778138518333435
3.241551939924906,7.058078758508403,-0.2587600333174956,-0.2587600333174956,0.9606760384199747,1.6355842351913452,-0.002083342522382736,1.547532081604004,-0.032334525138139725,-0.1720021814107895,0.18304747343063354,1.5973373651504517,-0.07007046788930893
3.245932415519399,6.057359975079315,0.6868571031566065,0.6868571031566065,-0.5406284674962799,1.6355750560760498,0.009641329757869244,1.5473904609680176,-0.029539449140429497,-0.17120034992694855,0.14743608236312866,1.5970304012298584,0.16521316766738892
3.250312891113892,5.820579368188218,-0.8402972114841223,-0.8402972114841223,-2.292995824607571,1.6356172561645508,-0.01223533321171999,1.547261118888855,-0.03239230066537857,-0.1705545037984848,0.18328255414962769,1.5977541208267212,-0.013404861092567444
3.254693366708385,4.177344695895396,-1.0988867993707825,-1.0988867993707825,0.44732618768790383,1.635563611984253,-0.07478419691324234,1.5471192598342896,-0.03566870465874672,-0.16975164413452148,0.22570595145225525,1.5976953506469727,-0.6796430945396423
3.2590738423028784,5.2333893627897705,-0.057353868052616275,-0.057353868052616275,1.7041419538390676,1.6352360248565674,-0.07061348855495453,1.5469629764556885,-0.05163995921611786,-0.1687629520893097,0.18055163323879242,1.5947182178497314,-0.5740229487419128
3.2634543178973714,8.20902464844619,2.9872373980026765,2.9872373980026765,-0.2598026145719959,1.634926676750183,-0.03851195052266121,1.546736717224121,-0.061296794563531876,-0.16797204315662384,0.12911036610603333,1.5922037363052368,-0.12226212024688721
3.267834793491865,5.790048483960163,1.3831259834005474,1.3831259834005474,0.9911767394377088,1.6347579956054688,-0.056779611855745316,1.5464682579040527,-0.050198815762996674,-0.16740648448467255,0.22393423318862915,1.5916681289672852,-0.23093491792678833
3.2722152690863577,6.147655948328886,-0.4820965966811746,-0.4820965966811746,-0.0882707451758117,1.6345093250274658,-0.042111098766326904,1.5462483167648315,-0.05562421306967735,-0.16642554104328156,0.2353803962469101,1.5906565189361572,0.020083695650100708
3.2765957446808507,7.460609434118827,1.5566883193931398,1.5566883193931398,-0.6179426030446422,1.6343249082565308,-0.05320172384381294,1.5460046529769897,-0.058150146156549454,-0.16539447009563446,0.22387942671775818,1.5907444953918457,-0.031219515949487686
3.280976220275344,2.4695002401241686,0.45653744779532013,0.45653744779532013,-0.7042174528313578,1.634091854095459,-0.07856690883636475,1.5457499027252197,-0.051790643483400345,-0.16441376507282257,0.2873855531215668,1.590607762336731,-0.23577439785003662
3.285356695869837,5.767742262126469,0.9991891821927612,0.9991891821927612,0.6566185288935247,1.6337476968765259,-0.09865102171897888,1.5455230474472046,-0.07822054624557495,-0.16315488517284393,0.3212832808494568,1.589574933052063,-0.4427684545516968
3.2897371714643304,5.746503760132707,0.6426878134283767,0.6426878134283767,0.2077021776585586,1.6333155632019043,-0.09155763685703278,1.5451804399490356,-0.08362813293933868,-0.1617475152015686,0.3312874436378479,1.5876353979110718,-0.2841101884841919
3.294117647058824,8.193909291653537,-0.42545320641060913,-0.42545320641060913,-0.8091086589089694,1.6329145431518555,-0.09486208111047745,1.544814109802246,-0.08892180770635605,-0.16029632091522217,0.34399041533470154,1.5863908529281616,-0.2501116693019867
3.2984981226533163,8.13104758980267,-2.0529739840544767,-2.0529739840544767,0.8617895832503792,1.6324989795684814,-0.12535430490970612,1.5444245338439941,-0.07772788405418396,-0.1587894856929779,0.3551943600177765,1.5852952003479004,-0.5093603134155273
3.3028785982478097,4.857170533247251,-0.24645725158076867,-0.24645725158076867,-0.5946806538730439,1.6319499015808105,-0.11647999286651611,1.544084072113037,-0.06759917736053467,-0.1572335660457611,0.2700740396976471,1.5830639600753784,-0.30188441276550293
3.3072590738423027,3.80317951523995,0.25195592310854475,0.25195592310854475,0.8567086867609135,1.6314396858215332,-0.1370944231748581,1.543787956237793,-0.07847785949707031,-0.15605051815509796,0.28024327754974365,1.5817415714263916,-0.4869322180747986
3.311639549436796,6.931707515676612,0.9513715520455117,0.9513715520455117,-0.7562653401713502,1.6308391094207764,-0.12219743430614471,1.5434441566467285,-0.09673265367746353,-0.1548229157924652,0.26258257031440735,1.5796085596084595,-0.2628307342529297
3.316020025031289,11.395701324308437,1.9309630260675543,1.9309630260675543,1.064676172811576,1.6303038597106934,-0.14926226437091827,1.5430203676223755,-0.09396055340766907,-0.15367268025875092,0.31245097517967224,1.578457236289978,-0.5002034306526184
3.320400500625782,4.932397673550826,0.37881988367580355,0.37881988367580355,0.12344319266140587,1.6296499967575073,-0.13952818512916565,1.5426087379455566,-0.0622185617685318,-0.15230399370193481,0.33774930238723755,1.5762660503387451,-0.24619144201278687
3.324780976220276,6.067321115023787,0.8351513880039392,0.8351513880039392,-0.1756316095536992,1.6290388107299805,-0.1431434005498886,1.5423362255096436,-0.07276467978954315,-0.15082448720932007,0.3452071249485016,1.5751875638961792,-0.22992944717407227
3.3291614518147683,5.443883836660679,-1.7579610216505184,-1.7579610216505184,0.2601838857594855,1.6284117698669434,-0.15517638623714447,1.5420174598693848,-0.07579724490642548,-0.1493123173713684,0.37472519278526306,1.5741803646087646,-0.3008931875228882
3.3335419274092613,2.9205145180298984,0.47382745651610475,0.47382745651610475,1.1129356236546049,1.6277320384979248,-0.15610064566135406,1.5416854619979858,-0.08298005163669586,-0.14767083525657654,0.31578895449638367,1.5728622674942017,-0.24774061143398285
3.337922403003754,5.77678677214003,0.20092163514104056,0.20092163514104056,0.5016471053775264,1.6270482540130615,-0.13373495638370514,1.5413219928741455,-0.10679621249437332,-0.14628753066062927,0.297124981880188,1.571777105331421,0.05242244899272919
3.342302878598248,5.30614492024677,-0.005197719177558985,-0.005197719177558985,-0.45823139862635426,1.626462459564209,-0.12925302982330322,1.5408542156219482,-0.11173278838396072,-0.14498598873615265,0.28834283351898193,1.5720067024230957,0.17245391011238098
3.3466833541927405,8.855964447372086,-1.0672040732730421,-1.0672040732730421,0.38828316529292634,1.6258962154388428,-0.14661912620067596,1.5403647422790527,-0.11974761635065079,-0.14372290670871735,0.30157285928726196,1.572762131690979,0.026545986533164978
3.351063829787234,7.446227726057254,1.9754622555493004,1.9754622555493004,-1.329968282237216,1.6252539157867432,-0.1484953612089157,1.5398402214050293,-0.10438467562198639,-0.14240187406539917,0.25906801223754883,1.572878360748291,0.10469719022512436
3.355444305381727,7.385854717751299,0.4307706927096452,0.4307706927096452,-0.9436130188778751,1.6246033906936646,-0.18881374597549438,1.5393829345703125,-0.09822218120098114,-0.14126703143119812,0.3555970788002014,1.5733369588851929,-0.2913309931755066
3.3598247809762203,7.367877115024102,1.3156280053637999,1.3156280053637999,0.6228150889958821,1.6237763166427612,-0.2199377864599228,1.5389527082443237,-0.09248467534780502,-0.13970935344696045,0.39573344588279724,1.5720608234405518,-0.5792932510375977
3.364205256570713,8.656057099422966,0.5691632536779623,0.5691632536779623,-0.2803982215045261,1.6228128671646118,-0.21421024203300476,1.5385476350784302,-0.08702462166547775,-0.13797585666179657,0.4159657657146454,1.5695232152938843,-0.4298669099807739
3.368585732165206,6.778197605297748,-0.5599470459281549,-0.5599470459281549,1.67489651772527,1.6218745708465576,-0.2310313582420349,1.5381664037704468,-0.07299848645925522,-0.13615372776985168,0.44077566266059875,1.5676401853561401,-0.5357117652893066
3.3729662077597,7.500982114301393,-0.3273759072835535,-0.3273759072835535,-1.1705333534844047,1.6208624839782715,-0.19967083632946014,1.5378466844558716,-0.07125169038772583,-0.13422292470932007,0.37551113963127136,1.565293550491333,-0.08968490362167358
3.3773466833541925,4.4372027639810305,-0.09853039529362095,-0.09853039529362095,0.6683781047285915,1.6199878454208374,-0.23568403720855713,1.5375345945358276,-0.0649016872048378,-0.13257800042629242,0.40013399720191956,1.5649006366729736,-0.438689261674881
3.381727158948686,8.805137815234046,1.3650093097247207,1.3650093097247207,0.7154608894658405,1.6189554929733276,-0.22502774000167847,1.537250280380249,-0.07857877761125565,-0.1308252215385437,0.3777378499507904,1.562978982925415,-0.2654321789741516
3.386107634543179,6.382680876819759,1.3360254216440743,1.3360254216440743,-0.5564430566097719,1.6179697513580322,-0.21803417801856995,1.536906123161316,-0.06334556639194489,-0.12917055189609528,0.3967067301273346,1.5618162155151367,-0.09122663736343384
3.390488110137672,7.111952654147603,-0.07010056838259685,-0.07010056838259685,0.3446474757719808,1.6170146465301514,-0.23805610835552216,1.5366286039352417,-0.0643145814538002,-0.12743279337882996,0.4519728124141693,1.5614166259765625,-0.2643435597419739
3.394868585732165,7.503664113778326,1.3085961287288033,1.3085961287288033,0.47799334709082153,1.6159718036651611,-0.2376454919576645,1.5363469123840332,-0.06029028818011284,-0.1254529356956482,0.43986085057258606,1.5602586269378662,-0.18786096572875977
3.399249061326658,7.456700410207733,-1.844260672361652,-1.844260672361652,0.6635944080641071,1.6149307489395142,-0.23438800871372223,1.5360828638076782,-0.053614310920238495,-0.12352613359689713,0.4641170799732208,1.5594357252120972,-0.0747242197394371
3.403629536921151,6.82565847744135,0.3303042452559859,0.3303042452559859,0.10212985792651086,1.6139039993286133,-0.2265961915254593,1.5358480215072632,-0.04716789349913597,-0.12149307876825333,0.39087975025177,1.5591083765029907,0.09077643603086472
3.4080100125156445,7.520690564041672,0.7064127227737602,0.7064127227737602,0.22073603000472916,1.612911343574524,-0.2311829775571823,1.5356414318084717,-0.045027416199445724,-0.11978083848953247,0.39754316210746765,1.5595060586929321,0.1017272025346756
3.412390488110137,7.721674750546493,3.1355082088142203,3.1355082088142203,0.37390926526465873,1.61189866065979,-0.23359639942646027,1.5354441404342651,-0.03825495392084122,-0.11803940683603287,0.4117264747619629,1.559951663017273,0.144199937582016
3.4167709637046304,5.472720128602307,-1.8191819694421416,-1.8191819694421416,-0.026881497546105585,1.6108753681182861,-0.23251421749591827,1.5352765321731567,-0.030110206454992294,-0.11623585224151611,0.49237391352653503,1.5605833530426025,0.22911256551742554
3.421151439299124,9.082270490881191,-0.13566432681468055,-0.13566432681468055,-0.8244110525250598,1.6098568439483643,-0.23851007223129272,1.5351446866989136,-0.03693261370062828,-0.11407902091741562,0.44003304839134216,1.5615869760513306,0.20804201066493988
3.4255319148936167,9.880663713013936,-1.330317574454627,-1.330317574454627,-0.40147720945275334,1.6088120937347412,-0.2665866017341614,1.5349829196929932,-0.020046193152666092,-0.11215146631002426,0.46014663577079773,1.5624983310699463,-0.044151321053504944
3.42991239048811,7.51507105709646,-0.15425151665996262,-0.15425151665996262,0.49079005561562233,1.6076443195343018,-0.28537517786026,1.5348950624465942,0.002250688150525093,-0.11013580858707428,0.43302154541015625,1.562304973602295,-0.1801220327615738
3.434292866082603,7.724142076336045,-0.3053983372145779,-0.3053983372145779,-0.46056392497833487,1.6063942909240723,-0.2808734178543091,1.534904956817627,0.009077846072614193,-0.10823896527290344,0.4141842722892761,1.5615159273147583,-0.06112344563007355
3.438673341677096,7.5476407405006745,-0.0327847558267452,-0.0327847558267452,0.7926609547927623,1.6051639318466187,-0.29872557520866394,1.534944772720337,0.017110561951994896,-0.10642464458942413,0.41871559619903564,1.5612481832504272,-0.20745088160037994
3.443053817271589,8.326662528302045,1.6980983277519832,1.6980983277519832,0.37794226604649594,1.6038553714752197,-0.28692346811294556,1.5350197553634644,0.024248216301202774,-0.10459046810865402,0.3946099579334259,1.5603394508361816,-0.0035050511360168457
3.4474342928660824,6.652732818576272,0.7297697257116152,0.7297697257116152,0.23805192524444407,1.6025985479354858,-0.2853946089744568,1.535125970840454,0.0364820696413517,-0.10286188870668411,0.4331626892089844,1.5603240728378296,0.0835513025522232
3.451814768460576,4.684060412381477,2.2841932144265042,2.2841932144265042,-0.07001604048692406,1.6013484001159668,-0.28557202219963074,1.5352858304977417,0.03760766237974167,-0.10096442699432373,0.4475224018096924,1.5606900453567505,0.13555362820625305
3.4561952440550687,1.1631910221816009,0.14894672323891436,0.14894672323891436,0.36064193954178714,1.600097417831421,-0.29119300842285156,1.5354505777359009,0.025627585127949715,-0.09900406748056412,0.516272783279419,1.561283826828003,0.10606661438941956
3.4605757196495617,7.913380474274952,-1.4021910573930634,-1.4021910573930634,0.28997908981657,1.5988218784332275,-0.28371089696884155,1.5355628728866577,-0.009564826264977455,-0.09674254804849625,0.5100905895233154,1.5617485046386719,0.20420554280281067
3.464956195244055,8.434551130956695,0.8577393188317206,0.8577393188317206,-0.45930761403246,1.5975791215896606,-0.283368319272995,1.5355210304260254,-6.842240691184998e-05,-0.0945081114768982,0.46067386865615845,1.562643051147461,0.2688305974006653
3.469336670838548,7.035068853092435,1.0863721014311785,1.0863721014311785,0.2363716959678185,1.5963377952575684,-0.3008645474910736,1.5355206727981567,0.012733456678688526,-0.09249014407396317,0.499135822057724,1.5638206005096436,0.12368941307067871
3.473717146433041,7.299032218952302,1.1334180979848962,1.1334180979848962,-0.6214866507859649,1.595019817352295,-0.30083370208740234,1.5355764627456665,0.01641983725130558,-0.0903036892414093,0.5239585041999817,1.5643624067306519,0.17552556097507477
3.4780976220275344,8.793513919391284,-0.8264920377230816,-0.8264920377230816,0.2512170662634297,1.5937020778656006,-0.32098597288131714,1.5356483459472656,0.021728109568357468,-0.08800850063562393,0.5752072930335999,1.5651313066482544,-0.012124985456466675
3.4824780976220278,2.9183568076796083,0.7022202328756757,0.7022202328756757,0.2969131424572309,1.5922960042953491,-0.32166820764541626,1.5357434749603271,0.037094999104738235,-0.08548881858587265,0.5437347888946533,1.5650781393051147,0.040982361882925034
3.4868585732165203,6.224790986416712,2.0861393171166145,2.0861393171166145,-0.9065860941828302,1.5908869504928589,-0.3168262839317322,1.5359059572219849,0.013516392558813095,-0.08310700207948685,0.5555710196495056,1.5652576684951782,0.11833469569683075
3.4912390488110137,3.5344343618570186,0.3316713301909593,0.3316713301909593,0.08674026195506135,1.5894991159439087,-0.3424643278121948,1.5359652042388916,0.011712835170328617,-0.08067333698272705,0.6429680585861206,1.565775990486145,-0.14579854905605316
3.4956195244055066,7.34609337970523,-1.7528693575550827,-1.7528693575550827,-0.4387867355206606,1.5879989862442017,-0.3428536653518677,1.5360164642333984,-0.007806777022778988,-0.07785683125257492,0.6501207947731018,1.565137267112732,-0.12786956131458282
