t,u1,u2,u3,tau,x_q,xdot_q,z_q,zdot_q,theta,theta_dot,beta,beta_dot
0.0,5.283140772171632,0.059676364170089036,0.059676364170089036,-1.688708130483191,-2.0,0.0,2.0,0.0,1.1472126593445231e-05,0.0,0.3490658503991208,0.0
0.0043804755944931,10.864289595637839,1.4141269188541008,1.4141269188541008,-0.9240787193334905,-2.0,-0.007369084749370813,2.0,-0.028048738837242126,1.147212697105715e-05,0.05105837062001228,0.3490658402442932,-0.19940771162509918
0.0087609511889862,6.073806600351569,-0.18823646390395526,-0.18823646390395526,-0.316851619237877,-2.0000321865081787,-0.006205322220921516,1.9998770952224731,0.00444527342915535,0.00023513208725489676,0.11934138834476471,0.34819233417510986,-0.1684189885854721
0.0131414267834793,5.89243340204277,-2.6128209412102934,-2.6128209412102934,-0.5669816661343711,-2.0000593662261963,-0.004268336109817028,1.99989652633667,0.007178487256169319,0.0007579041412100196,0.12309736013412476,0.34745457768440247,-0.11648102849721909
0.0175219023779724,5.704600056495559,-0.42806476593824705,-0.42806476593824705,-0.7705605510171584,-2.000077962875366,-0.004029833246022463,1.9999279975891113,0.0039910804480314255,0.0012971290852874517,0.06335236132144928,0.34694433212280273,-0.11097094416618347
0.0219023779724655,9.34128416745321,-0.42938802944624666,-0.42938802944624666,-1.0640823560408836,-2.0000956058502197,-0.005187046714127064,1.9999455213546753,-0.004358336329460144,0.001574642607010901,0.0733543261885643,0.34645822644233704,-0.14395706355571747
0.0262828535669586,7.535742494549147,0.5306293240902626,0.5306293240902626,-1.2471131040493093,-2.0001182556152344,-0.005804726388305426,1.9999264478683472,0.012845398858189583,0.0018959695007652044,0.0918894112110138,0.3458276391029358,-0.16371147334575653
0.0306633291614518,6.917015973768775,-0.8850484206105589,-0.8850484206105589,-0.7288913021429171,-2.0001437664031982,-0.008743603713810444,1.9999827146530151,0.011582228355109692,0.00229848874732852,0.143805131316185,0.3451105058193207,-0.24687018990516663
0.0350438047559449,6.325670522950597,0.55383940342279,0.55383940342279,-1.0174993992922483,-2.0001821517944336,-0.008768546395003796,2.000033378601074,0.014208934269845486,0.002928423695266247,0.13924485445022583,0.34402909874916077,-0.25119054317474365
0.039424280350438,6.455688296359046,-0.40282999758707627,-0.40282999758707627,-1.4360288207683711,-2.000220537185669,-0.010971919633448124,2.0000956058502197,0.006765235681086779,0.0035383824724704027,0.1851329207420349,0.34292876720428467,-0.3158032298088074
0.0438047559449311,9.274034703874602,0.07828932449099585,0.07828932449099585,-0.7209180047127287,-2.0002686977386475,-0.015668801963329315,2.0001251697540283,-0.006951853167265654,0.004349352791905403,0.21530559659004211,0.3415454030036926,-0.4504852890968323
0.0481852315394242,5.272499535311134,-2.20132044450153,-2.20132044450153,-0.316532476094404,-2.0003373622894287,-0.013902069069445133,2.0000946521759033,0.01574259251356125,0.005292493849992752,0.23864498734474182,0.33957207202911377,-0.41159024834632874
0.0525657071339173,6.387689659248911,0.549389337299172,0.549389337299172,0.41142571445473175,-2.0003981590270996,-0.012260137125849724,2.0001635551452637,0.011751415207982063,0.006337872706353664,0.1836031973361969,0.33776912093162537,-0.3732320964336395
0.0569461827284105,3.619237926556087,-0.3761432886666201,-0.3761432886666201,-0.45784446975259335,-2.0004518032073975,-0.005334568675607443,2.0002150535583496,0.03005438856780529,0.007142141927033663,0.18763217329978943,0.3361341953277588,-0.18908508121967316
0.0613266583229036,6.20470358541468,-0.13251236148041362,-0.13251236148041362,-0.4738419218935605,-2.0004751682281494,-0.005687697324901819,2.0003466606140137,0.009620992466807365,0.007964059710502625,0.19001810252666473,0.3353058993816376,-0.20426957309246063
0.0657071339173967,6.778163021249984,-1.12558323578965,-1.12558323578965,-1.4179957866456374,-2.000500202178955,-0.0043493774719536304,2.0003888607025146,0.010790098458528519,0.008796429261565208,0.19998601078987122,0.3344111144542694,-0.17640650272369385
0.0700876095118898,7.231712815455763,-1.0021879382819794,-1.0021879382819794,1.6397993459911366,-2.000519275665283,-0.008382482454180717,2.0004360675811768,0.00014526769518852234,0.009672462940216064,0.2085253894329071,0.33363837003707886,-0.3017117381095886
0.0744680851063829,5.761810005700292,-2.073031389849094,-2.073031389849094,-0.510435486422157,-2.000555992126465,0.006702054291963577,2.000436782836914,0.047360893338918686,0.010585903190076351,0.13137099146842957,0.33231672644615173,0.11026298999786377
0.078848560700876,7.168429215632677,-1.6887199987558676,-1.6887199987558676,-0.17206396902374566,-2.0005266666412354,0.007602855563163757,2.0006442070007324,0.04416009038686752,0.01116137020289898,0.08573824167251587,0.3327997326850891,0.12414386868476868
0.0832290362953692,7.461659412820806,0.4109171860361763,0.4109171860361763,-0.5898116222199443,-2.000493288040161,0.011580506339669228,2.000837564468384,0.05885101109743118,0.011536944657564163,0.041447076946496964,0.3333435356616974,0.2215399146080017
0.0876095118898623,6.70547673498896,1.0778618957460946,1.0778618957460946,-0.7610319503388839,-2.0004425048828125,0.013246696442365646,2.0010952949523926,0.06863529980182648,0.011718502268195152,0.07067152857780457,0.3343139886856079,0.2518364191055298
0.0919899874843554,7.094560500543976,0.7790571008254423,0.7790571008254423,-0.3665190266149327,-2.000384569168091,0.01334503572434187,2.0013959407806396,0.06898550689220428,0.012028077617287636,0.12437306344509125,0.33541715145111084,0.23905625939369202
0.0963704630788485,6.547803712490481,2.6197741773178835,2.6197741773178835,-0.07117516046390826,-2.000326156616211,0.016156654804944992,2.0016980171203613,0.07959383726119995,0.01257289107888937,0.15782752633094788,0.3364643454551697,0.3014163374900818
0.1007509386733416,8.853845350951742,0.5076147957335273,0.5076147957335273,-1.2942888699847441,-2.0002553462982178,0.020446790382266045,2.002046585083008,0.09077700972557068,0.013264250941574574,0.23641178011894226,0.33778467774391174,0.4051740765571594
0.1051314142678347,5.9718199264926035,-1.1694584073328043,-1.1694584073328043,-2.0243491290590407,-2.0001657009124756,0.01890040561556816,2.002444267272949,0.09987885504961014,0.014299847185611725,0.28903308510780334,0.33955952525138855,0.3381100594997406
0.1095118898623279,7.261890837232768,-1.2821643739914426,-1.2821643739914426,0.3612459880342985,-2.0000829696655273,0.010719917714595795,2.0028817653656006,0.07172812521457672,0.015565949492156506,0.31399860978126526,0.34104061126708984,0.09359772503376007
0.113892365456821,5.353392019107437,-1.6086000512201943,-1.6086000512201943,-0.44148368310992603,-2.0000360012054443,0.018385780975222588,2.0031960010528564,0.0965610072016716,0.016941413283348083,0.26600581407546997,0.34145060181617737,0.28477931022644043
0.1182728410513141,11.444498375398894,0.11967956816113584,0.11967956816113584,-0.5919022723848748,-1.999955415725708,0.019694343209266663,2.0036189556121826,0.09109103679656982,0.018106644973158836,0.23192231357097626,0.3426980674266815,0.30325907468795776
0.1226533166458072,5.467393236842821,0.684324532239942,0.684324532239942,-1.2742083824387684,-1.9998691082000732,0.02476026676595211,2.0040180683135986,0.13449826836585999,0.019122574478387833,0.2527027726173401,0.34402647614479065,0.4036588668823242
0.1270337922403003,4.857793032350975,1.5463492580073772,1.5463492580073772,-0.7239890244377876,-1.999760627746582,0.021023496985435486,2.0046072006225586,0.11531580984592438,0.020229533314704895,0.30989813804626465,0.3457947075366974,0.2800373435020447
0.1314142678347934,7.394169517347882,-1.277740242498903,-1.277740242498903,-1.7833763189231795,-1.9996684789657593,0.020276019349694252,2.005112409591675,0.10067624598741531,0.021587034687399864,0.37619921565055847,0.3470214009284973,0.24081309139728546
0.1357947434292866,5.981620113283994,-1.3502306820480188,-1.3502306820480188,-0.12385460985986763,-1.999579668045044,0.014837151393294334,2.0055534839630127,0.08885975927114487,0.02323496714234352,0.39096540212631226,0.3480762839317322,0.06319795548915863
0.1401752190237797,4.941389637257311,-0.20582953430345605,-0.20582953430345605,-0.6819064840563305,-1.9995146989822388,0.018881049007177353,2.0059428215026855,0.09428730607032776,0.024947581812739372,0.35515132546424866,0.3483531177043915,0.14776834845542908
0.1445556946182728,6.712783868216302,0.16611188648253017,0.16611188648253017,-1.4559525027122482,-1.9994319677352905,0.018590185791254044,2.0063557624816895,0.08110994100570679,0.026503313332796097,0.36905428767204285,0.3490004241466522,0.11737152189016342
0.1489361702127659,6.449005549468297,0.9478640583416921,0.9478640583416921,-1.2852005304472254,-1.9993505477905273,0.014869606122374535,2.006711006164551,0.06931276619434357,0.028119945898652077,0.4164237082004547,0.34951457381248474,-0.015536092221736908
0.153316645807259,6.366128904007415,-0.25772069535482367,-0.25772069535482367,-1.0462075951685335,-1.9992854595184326,0.012080779299139977,2.007014513015747,0.05829226225614548,0.029944078996777534,0.48163628578186035,0.34944650530815125,-0.12353003770112991
0.1576971214017521,2.4574410873761376,-0.36633844494773327,-0.36633844494773327,-0.8198852796353882,-1.999232530593872,0.010839481838047504,2.007269859313965,0.05077219754457474,0.0320538766682148,0.5046625733375549,0.34890538454055786,-0.19156402349472046
0.1620775969962453,6.342576303188627,-1.3007779178559695,-1.3007779178559695,-0.29794601026547607,-1.9991850852966309,0.007751760073006153,2.0074923038482666,0.014171414077281952,0.03426453843712807,0.5179075598716736,0.3480662405490875,-0.2897852659225464
0.1664580725907384,4.418016306027034,-1.2346876599105803,-1.2346876599105803,0.5042193231288512,-1.9991511106491089,0.011493039317429066,2.007554292678833,0.01960628852248192,0.03653322160243988,0.48862168192863464,0.34679684042930603,-0.22853486239910126
0.1708385481852315,5.6853587499003115,0.15743633171114124,0.15743633171114124,-0.9381535829650874,-1.9991008043289185,0.018684551119804382,2.0076401233673096,0.022879716008901596,0.03867361694574356,0.437840074300766,0.34579575061798096,-0.06260542571544647
0.1752190237797246,5.729562376774336,-2.202823108556448,-2.202823108556448,-0.3860124761795465,-1.999018907546997,0.017915043979883194,2.0077402591705322,0.011524554342031479,0.040591564029455185,0.4698347747325897,0.3455215096473694,-0.12362013012170792
0.1795994993742177,7.5124742663741975,-0.7018639784067711,-0.7018639784067711,-1.9070057341764826,-1.9989404678344727,0.020765092223882675,2.0077908039093018,0.010260041803121567,0.04264966398477554,0.4167781472206116,0.34498000144958496,-0.08822422474622726
0.1839799749687108,4.740253423790593,-0.1594598580808272,-0.1594598580808272,-0.8141957132907243,-1.9988495111465454,0.015741974115371704,2.007835865020752,-0.0026686275377869606,0.04447535052895546,0.451972097158432,0.34459352493286133,-0.2841360867023468
0.188360450563204,2.712763367312103,-1.1041962884012704,-1.1041962884012704,-0.21752577451538407,-1.998780608177185,0.015128699131309986,2.007824182510376,-0.019846182316541672,0.046455204486846924,0.47109246253967285,0.3433488607406616,-0.34035953879356384
0.1927409261576971,3.0248865790712127,1.7658522587502663,1.7658522587502663,-1.1200987596969274,-1.9987143278121948,0.016414176672697067,2.007737159729004,-0.043691642582416534,0.04851881414651871,0.4451988637447357,0.34185791015625,-0.3294955790042877
0.1971214017521902,6.884296803963718,1.0900186649357553,1.0900186649357553,0.3263270478401067,-1.9986424446105957,0.012379007413983345,2.0075457096099854,-0.08078860491514206,0.05046899616718292,0.5294777750968933,0.34041455388069153,-0.4691885709762573
0.2015018773466833,3.599526295624333,-2.1805831434425107,-2.1805831434425107,-1.1886924444707352,-1.99858820438385,0.021277138963341713,2.0071918964385986,-0.05970687419176102,0.05278836190700531,0.5517799854278564,0.3383592963218689,-0.28935492038726807
0.2058823529411764,5.672073503710609,-0.9519983621544894,-0.9519983621544894,-0.5725348252372706,-1.9984949827194214,0.017516974359750748,2.006930351257324,-0.09314778447151184,0.05520541965961456,0.522813618183136,0.3370917737483978,-0.43048274517059326
0.2102628285356695,8.791620778121763,-0.40276989962768256,-0.40276989962768256,0.7147407972614229,-1.9984182119369507,0.01978328451514244,2.0065224170684814,-0.09816097468137741,0.057495590299367905,0.5117321014404297,0.3352060616016388,-0.4276844263076782
0.2146433041301627,6.213218580000564,-1.8288393577279756,-1.8288393577279756,-0.3073123187311893,-1.9983315467834473,0.03324490785598755,2.0060923099517822,-0.05397627875208855,0.05973722040653229,0.47909724712371826,0.3333325982093811,-0.1458922028541565
0.2190237797246558,5.7976841690603385,-0.245319994077959,-0.245319994077959,-0.5933194935018719,-1.9981858730316162,0.037798523902893066,2.0058557987213135,-0.04967108368873596,0.061835892498493195,0.4346638321876526,0.33269351720809937,-0.08721126616001129
0.2234042553191489,7.898549347357164,-0.41175355086789556,-0.41175355086789556,-0.6838060811885804,-1.9980202913284302,0.0402500182390213,2.0056381225585938,-0.05393962934613228,0.06373992562294006,0.44482651352882385,0.3323114812374115,-0.0854274332523346
0.227784730913642,7.116869199922738,-1.8497498285088132,-1.8497498285088132,-0.8219678297371824,-1.9978439807891846,0.0444510281085968,2.005401849746704,-0.04197898507118225,0.06568847596645355,0.45277130603790283,0.3319372832775116,-0.061359845101833344
0.2321652065081351,6.816535688650149,0.8063677222793285,0.8063677222793285,-0.20064974453333445,-1.9976493120193481,0.04707489535212517,2.005218029022217,-0.039090633392333984,0.06767182797193527,0.4227568209171295,0.331668496131897,-0.07521358877420425
0.2365456821026282,6.190843944161064,-1.1863835752675942,-1.1863835752675942,-0.39419858662457263,-1.9974430799484253,0.05325375869870186,2.005046844482422,-0.02776443213224411,0.06952370703220367,0.4521649181842804,0.331339031457901,0.013113178312778473
0.2409261576971214,6.035580276688917,-0.9857098017788519,-0.9857098017788519,-0.4303305631432638,-1.9972097873687744,0.05764956399798393,2.00492525100708,-0.025167247280478477,0.07150440663099289,0.4290305972099304,0.3313964605331421,0.05671573057770729
0.2453066332916145,6.527534125424249,-0.9066673347084353,-0.9066673347084353,-0.5214680213130609,-1.9969573020935059,0.061738111078739166,2.004815101623535,-0.024527085945010185,0.07338376343250275,0.4128117561340332,0.3316448926925659,0.09131690859794617
0.2496871088861076,7.483613071636176,-0.649294775047883,-0.649294775047883,-1.0997618085305165,-1.9966868162155151,0.06590494513511658,2.0047075748443604,-0.021325085312128067,0.07519207894802094,0.40156272053718567,0.33204489946365356,0.11908753216266632
0.2540675844806007,5.737054877036286,-0.14937553104746482,-0.14937553104746482,0.28699547225153454,-1.9963980913162231,0.06771757453680038,2.0046141147613525,-0.020235661417245865,0.07695111632347107,0.41471779346466064,0.3325665593147278,0.06411589682102203
0.2584480600750938,7.314431803402583,-1.2361186907520785,-1.2361186907520785,-0.6564304826400574,-1.9961014986038208,0.07606912404298782,2.0045254230499268,-0.009455057792365551,0.07876777648925781,0.4019743800163269,0.3328474164009094,0.21757757663726807
0.2628285356695869,3.90500050644754,-1.082525764596554,-1.082525764596554,-0.019068028818228888,-1.9957683086395264,0.08058510720729828,2.004483938217163,-0.001973256003111601,0.0805286169052124,0.3850456476211548,0.3338005244731903,0.23636360466480255
0.2672090112640801,2.8342379661037493,-1.6235023223396916,-1.6235023223396916,-1.0809042556559765,-1.9954153299331665,0.08508718013763428,2.0044753551483154,-0.012161888182163239,0.08221530169248581,0.35398930311203003,0.3348359167575836,0.3037562668323517
0.2715894868585732,7.199334060281441,0.9495528507735091,0.9495528507735091,-0.6799706472824281,-1.9950425624847412,0.08185800164937973,2.004422187805176,-0.05019707977771759,0.08376594632863998,0.3381437063217163,0.33616650104522705,0.16801515221595764
0.2759699624530663,4.556429249641249,-1.6927425506842624,-1.6927425506842624,-1.2128977250401105,-1.9946839809417725,0.08633281290531158,2.004202365875244,-0.04412015527486801,0.08524717390537262,0.38573095202445984,0.3369024991989136,0.18070083856582642
0.2803504380475594,3.6189145866823598,-0.46927510365904995,-0.46927510365904995,-1.6960839050295413,-1.9943058490753174,0.08438016474246979,2.0040090084075928,-0.06986486911773682,0.08693686127662659,0.3717179596424103,0.33769404888153076,0.053320035338401794
0.2847309136420525,6.284429480645824,1.5590066106063778,1.5590066106063778,-0.21153525264969075,-1.9939361810684204,0.0783122256398201,2.0037028789520264,-0.11207802593708038,0.0885651633143425,0.40754467248916626,0.33792760968208313,-0.17464344203472137
0.2891113892365456,9.595782989835273,-1.5053654734817938,-1.5053654734817938,0.10904876345074788,-1.9935930967330933,0.0847945511341095,2.0032119750976562,-0.1055045872926712,0.09035040438175201,0.4592501223087311,0.337162584066391,-0.09736936539411545
0.2934918648310388,8.971212080285635,0.20277332038400986,0.20277332038400986,-0.8165076994520437,-1.993221640586853,0.09745699167251587,2.0027499198913574,-0.06519019603729248,0.09236213564872742,0.4121040999889374,0.3367360532283783,0.09550230950117111
0.2978723404255319,4.4524086384679205,-0.3036630621107783,-0.3036630621107783,-1.6740326856721406,-1.9927947521209717,0.1037360206246376,2.0024642944335938,-0.046505168080329895,0.09416734427213669,0.4418703317642212,0.3371543884277344,0.11697397381067276
0.302252816020025,5.131684640358774,0.01969803177803653,0.01969803177803653,-0.17132307204134578,-1.992340326309204,0.09906245023012161,2.002260684967041,-0.08127109706401825,0.09610294550657272,0.4818894863128662,0.337666779756546,-0.09191668778657913
0.3066332916145181,6.757368500515279,0.6262532027974669,0.6262532027974669,-0.49274615969745933,-1.9919064044952393,0.1046183705329895,2.0019047260284424,-0.08376294374465942,0.09821385145187378,0.4874679148197174,0.33726415038108826,-0.028390921652317047
0.3110137672090112,6.021819187849713,-2.234772007730742,-2.234772007730742,-0.976882799403543,-1.991448163986206,0.1103704646229744,2.001537799835205,-0.0781436413526535,0.10034919530153275,0.5201462507247925,0.3371397852897644,0.009102899581193924
0.3153942428035043,4.12091210159851,-3.300341216924018,-3.300341216924018,-0.2514579649539299,-1.990964651107788,0.11225658655166626,2.0011954307556152,-0.08730578422546387,0.10262767970561981,0.48341190814971924,0.33717966079711914,-0.050489965826272964
0.3197747183979975,7.175241108238327,-2.398828808203421,-2.398828808203421,-0.4175223197115082,-1.9904729127883911,0.11619191616773605,2.0008130073547363,-0.09978379309177399,0.10474525392055511,0.3943748474121094,0.33695849776268005,-0.019056998193264008
0.3241551939924906,5.207198087084149,0.38635957738619586,0.38635957738619586,-0.5680319244474659,-1.9899638891220093,0.12326974421739578,2.000375986099243,-0.08930353075265884,0.10647280514240265,0.336514413356781,0.3368750214576721,0.03926088660955429
0.3285356695869837,4.912028600460172,-1.2795933916554425,-1.2795933916554425,-1.1338529134874398,-1.9894238710403442,0.1268293261528015,1.9999847412109375,-0.09816405922174454,0.10794689506292343,0.3643856644630432,0.3370470106601715,0.03575852885842323
0.3329161451814768,8.29734300073926,1.114475730377762,1.114475730377762,-0.7750560465843619,-1.9888683557510376,0.1265377402305603,1.9995547533035278,-0.1195141077041626,0.109543077647686,0.36012959480285645,0.33720365166664124,-0.07100965082645416
0.3372966207759699,5.609096213673137,0.20641020709843194,0.20641020709843194,-0.33026972420965545,-1.9883140325546265,0.1331874281167984,1.9990311861038208,-0.1058448851108551,0.11112061887979507,0.4153099060058594,0.33689260482788086,-0.05398482829332352
0.341677096370463,7.395779921430645,-2.0380276945675466,-2.0380276945675466,-0.7931655236104169,-1.987730622291565,0.13893941044807434,1.9985675811767578,-0.10711058229207993,0.11293987184762955,0.43098264932632446,0.3366561233997345,-0.00891418382525444
0.3460575719649562,2.5247015547930283,0.4292032734868999,0.4292032734868999,-0.3857455051355321,-1.9871220588684082,0.14440223574638367,1.998098373413086,-0.1014070138335228,0.11482778191566467,0.39462873339653015,0.3366170823574066,-0.011325150728225708
0.3504380475594493,7.312057638509354,-1.6245610559092278,-1.6245610559092278,-1.394786460757693,-1.9864895343780518,0.1455892026424408,1.9976541996002197,-0.1297939419746399,0.11655644327402115,0.41842782497406006,0.3365674614906311,-0.032026566565036774
0.3548185231539424,7.600456270842926,1.5932983383889572,1.5932983383889572,0.7271570216427998,-1.985851764678955,0.14739872515201569,1.997085690498352,-0.13542772829532623,0.11838935315608978,0.4117176830768585,0.3364271819591522,-0.1399674117565155
0.3591989987484355,3.318461084384887,0.17035826310866098,0.17035826310866098,0.5941056819831796,-1.985206127166748,0.16282226145267487,1.9964925050735474,-0.10117073357105255,0.12019287049770355,0.4370117485523224,0.33581405878067017,0.1246330738067627
0.3635794743429286,4.085985076159998,0.28241694572199283,0.28241694572199283,-1.0114706633407908,-1.9844928979873657,0.1712975800037384,1.9960492849349976,-0.10554005205631256,0.12210719287395477,0.42463698983192444,0.33636000752449036,0.2880643606185913
0.3679599499374217,6.0756118496939315,-0.800665898485972,-0.800665898485972,-0.936561549068875,-1.9837424755096436,0.17106786370277405,1.9955869913101196,-0.13176555931568146,0.12396730482578278,0.46242260932922363,0.33762186765670776,0.18768161535263062
0.3723404255319149,7.8681145381452655,0.9859778217202915,0.9859778217202915,-0.4834501323334825,-1.9829931259155273,0.17425765097141266,1.9950097799301147,-0.13981181383132935,0.12599293887615204,0.4663912057876587,0.3384439945220947,0.13663147389888763
0.376720901126408,7.269058053502957,-1.5318171082076961,-1.5318171082076961,-0.8521790241808125,-1.9822298288345337,0.18300631642341614,1.9943972826004028,-0.1246906965970993,0.12803594768047333,0.5093031525611877,0.3390425145626068,0.1967899203300476
0.3811013767209011,3.16922817118843,-0.3794211925175788,-0.3794211925175788,-0.7931971763704185,-1.9814281463623047,0.1886792927980423,1.9938510656356812,-0.12115725874900818,0.130266934633255,0.48945558071136475,0.3399045467376709,0.1822282075881958
0.3854818523153942,5.90359070737791,-1.2507567819206389,-1.2507567819206389,-1.2515776693843512,-1.9806016683578491,0.18857787549495697,1.993320345878601,-0.15129411220550537,0.13241098821163177,0.5015391707420349,0.3407028019428253,0.10292571038007736
0.3898623279098873,8.384642747973984,0.24488842757240936,0.24488842757240936,-0.37899554066324476,-1.9797755479812622,0.18985074758529663,1.9926576614379883,-0.16636931896209717,0.1346079707145691,0.5015631318092346,0.34115365147590637,-0.005659833550453186
0.3942428035043804,8.07270301936452,-0.8801835220149924,-0.8801835220149924,-1.0596216761228354,-1.978943943977356,0.2005184292793274,1.9919289350509644,-0.14508047699928284,0.13680505752563477,0.519782543182373,0.3411288559436798,0.0822095274925232
0.3986232790988736,8.274442699014969,-0.8564224843453645,-0.8564224843453645,-0.9997555333297106,-1.9780656099319458,0.2065652757883072,1.9912934303283691,-0.13843494653701782,0.1390819549560547,0.5250226855278015,0.3414889872074127,0.04665093123912811
0.4030037546933667,7.091330920411193,-1.4817542231319787,-1.4817542231319787,-1.201203148511647,-1.9771608114242554,0.21342691779136658,1.9906870126724243,-0.12903794646263123,0.14138180017471313,0.5292084813117981,0.34169334173202515,0.025206472724676132
0.4073842302878598,6.269231376655287,-2.8406616791595996,-2.8406616791595996,-1.9583213035310882,-1.9762258529663086,0.21725808084011078,1.9901217222213745,-0.13320590555667877,0.1436999887228012,0.5210155248641968,0.34180375933647156,-0.0527164451777935
0.4117647058823529,4.950284570482778,-0.8079397043498456,-0.8079397043498456,-0.35780499533708826,-1.9752742052078247,0.21512457728385925,1.9895381927490234,-0.15767329931259155,0.1459822803735733,0.49524837732315063,0.3415728509426117,-0.2766784131526947
0.416145181476846,7.575528108979652,-1.1644394967398473,-1.1644394967398473,-1.4004633464281402,-1.9743318557739258,0.22099795937538147,1.9888474941253662,-0.1651124805212021,0.1481517106294632,0.48210301995277405,0.3403608798980713,-0.24779558181762695
0.4205256570713391,5.237314507788047,-0.01069816410013713,-0.01069816410013713,-1.5980517297954702,-1.9733637571334839,0.22474314272403717,1.9881242513656616,-0.168737530708313,0.15026354789733887,0.48899567127227783,0.33927541971206665,-0.35110482573509216
0.4249061326658322,6.1095349209008845,-0.7096433000105467,-0.7096433000105467,-0.5523761648525188,-1.9723793268203735,0.2235315591096878,1.9873851537704468,-0.19563421607017517,0.15240557491779327,0.5353513956069946,0.33773741126060486,-0.5314673781394958
0.4292866082603254,6.189885570245249,-0.30614928475575487,-0.30614928475575487,-0.8637142342838725,-1.9714001417160034,0.23043030500411987,1.9865281581878662,-0.19674740731716156,0.15475067496299744,0.5307586789131165,0.33540934324264526,-0.5147703886032104
0.4336670838548185,6.924511491502801,-1.3380925247673974,-1.3380925247673974,-0.46232866002104445,-1.970390796661377,0.23563380539417267,1.985666275024414,-0.20267903804779053,0.1570756435394287,0.5470413565635681,0.3331544101238251,-0.5503774285316467
0.4380475594493116,8.117595415798535,-3.331625822668988,-3.331625822668988,0.09354175858415015,-1.9693585634231567,0.24465806782245636,1.9847784042358398,-0.19531987607479095,0.15947194397449493,0.5214662551879883,0.3307434916496277,-0.5029029250144958
0.4424280350438047,7.46834840951877,-0.12802572738601548,-0.12802572738601548,-0.5359116515504538,-1.9682868719100952,0.2591695189476013,1.9839228391647339,-0.16803528368473053,0.1617562174797058,0.4214405119419098,0.32854053378105164,-0.33713972568511963
0.4468085106382978,6.84057227445639,-2.18936052871057,-2.18936052871057,-0.32738176123965956,-1.9671516418457031,0.26879575848579407,1.9831867218017578,-0.1573556661605835,0.1636023223400116,0.4333520829677582,0.3270637094974518,-0.2921655476093292
0.4511889862327909,7.588651858650886,0.47915142518896914,0.47915142518896914,0.08228833304548344,-1.96597421169281,0.2786657512187958,1.9824974536895752,-0.14829237759113312,0.16550061106681824,0.37897640466690063,0.3257838785648346,-0.222610205411911
0.4555694618272841,7.372589283393361,-1.4081748674361103,-1.4081748674361103,-0.44345010842150523,-1.96475350856781,0.2923479676246643,1.981847882270813,-0.12564446032047272,0.16716070473194122,0.39056605100631714,0.3248087465763092,-0.06828351318836212
0.4599499374217772,6.281632780692231,-1.7585683462071215,-1.7585683462071215,-0.3021827470590092,-1.963472843170166,0.3025650978088379,1.981297492980957,-0.11413637548685074,0.16887156665325165,0.36239302158355713,0.3245096206665039,-0.008870605379343033
0.4643304130162703,7.49976206684825,0.2623931839336402,0.2623931839336402,-0.8933555347457287,-1.9621474742889404,0.3117899000644684,1.980797529220581,-0.1093563586473465,0.17045901715755463,0.3198619484901428,0.32447075843811035,0.05487896129488945
0.4687108886107634,7.9777945391765055,0.611210706583306,0.611210706583306,0.32111318077002937,-1.9607816934585571,0.319708913564682,1.980318546295166,-0.10476560890674591,0.17186015844345093,0.3536134660243988,0.3247111439704895,0.03886028379201889
0.4730913642052565,7.74253619122574,-0.4510323765729373,-0.4510323765729373,-1.0724915059688258,-1.9593812227249146,0.3357907831668854,1.9798595905303955,-0.07462024688720703,0.17340914905071259,0.362085223197937,0.324881374835968,0.24187374114990234
0.4774718397997496,6.882026140841676,0.14568341155529452,0.14568341155529452,-1.9016784589024267,-1.9579102993011475,0.3432454466819763,1.9795327186584473,-0.0711803138256073,0.17499525845050812,0.3802337944507599,0.32594090700149536,0.1993963122367859
0.4818523153942428,8.584252028800215,-1.8080073219436037,-1.8080073219436037,-1.1923676669554744,-1.9564067125320435,0.34425532817840576,1.9792208671569824,-0.08970773965120316,0.17666086554527283,0.4400232434272766,0.32681435346603394,-0.0024746060371398926
0.4862327909887359,4.723623331589529,-0.6967342625851884,-0.6967342625851884,-0.5301123379382732,-1.954898715019226,0.3526463806629181,1.978827953338623,-0.08129645138978958,0.1785883754491806,0.4220446050167084,0.3268035054206848,-0.05010609328746796
0.490613266583229,6.1824274887365185,-1.515585543035653,-1.515585543035653,-0.7781917025599443,-1.953354001045227,0.35808178782463074,1.9784718751907349,-0.09377110004425049,0.1804371327161789,0.4171787202358246,0.32658401131629944,-0.05448419228196144
0.4949937421777221,3.706861573252266,-0.21942698784615877,-0.21942698784615877,-0.8652507781942367,-1.9517854452133179,0.36476579308509827,1.9780610799789429,-0.09833123534917831,0.18226458132266998,0.39564448595046997,0.3263453543186188,-0.07477910071611404
0.4993742177722152,6.858624675940813,-1.4966148098978567,-1.4966148098978567,0.07624259335899397,-1.9501875638961792,0.3664305806159973,1.977630376815796,-0.12534049153327942,0.18399769067764282,0.4145045876502991,0.3260177969932556,-0.1559181809425354
0.5037546933667083,6.9436563360173755,0.3760868123277168,0.3760868123277168,-1.1427403012857478,-1.948582410812378,0.37964582443237305,1.977081298828125,-0.10908086597919464,0.18581341207027435,0.3685721755027771,0.3253347873687744,-0.01576131582260132
0.5081351689612015,8.95846494662525,0.4194616566936965,0.4194616566936965,-1.0072405055020077,-1.946919322013855,0.38579678535461426,1.9766035079956055,-0.11370618641376495,0.18742793798446655,0.41292673349380493,0.3252657353878021,-0.08493852615356445
0.5125156445556946,4.666068325014847,-1.9500118948250913,-1.9500118948250913,-0.8516733170351403,-1.9452292919158936,0.3966233432292938,1.9761054515838623,-0.0989433154463768,0.18923676013946533,0.45459094643592834,0.32489365339279175,-0.09331749379634857
0.5168961201501877,5.622165166644493,-3.063279980685226,-3.063279980685226,-0.814100212621427,-1.9434919357299805,0.40036872029304504,1.9756720066070557,-0.11764836311340332,0.19122809171676636,0.42251598834991455,0.3244848847389221,-0.15425345301628113
0.5212765957446808,7.051545360436037,-0.9291058453048718,-0.9291058453048718,-0.03302321215363113,-1.9417381286621094,0.4062293469905853,1.9751566648483276,-0.1276356428861618,0.1930789053440094,0.3568328022956848,0.3238091766834259,-0.19093888998031616
0.5256570713391739,4.84838854631347,-4.219771637050798,-4.219771637050798,0.02268262332905735,-1.9399586915969849,0.4195517301559448,1.9745975732803345,-0.11173488944768906,0.19464200735092163,0.33066433668136597,0.32297277450561523,-0.06591765582561493
0.5300375469336671,2.5847889703586686,-2.157054692514314,-2.157054692514314,-2.0671584727663896,-1.9381208419799805,0.4290148913860321,1.974108099937439,-0.1134246364235878,0.1960904747247696,0.20677122473716736,0.32268401980400085,0.027925312519073486
0.5344180225281602,7.958035793139082,-0.39307694446762514,-0.39307694446762514,-0.5989623749838899,-1.9362415075302124,0.42175281047821045,1.9736112356185913,-0.17126582562923431,0.19699622690677643,0.20414596796035767,0.32280635833740234,-0.28186333179473877
0.5387984981226532,4.797351075263276,0.41059972973820635,0.41059972973820635,-1.232728673994371,-1.9343940019607544,0.43366530537605286,1.9728610515594482,-0.15778924524784088,0.1978904902935028,0.21015848219394684,0.3215716481208801,-0.23788180947303772
0.5431789737171464,6.830371387647439,-1.247273789638657,-1.247273789638657,-1.453544292038502,-1.9324942827224731,0.43572425842285156,1.9721698760986328,-0.18219992518424988,0.19881108403205872,0.2581488788127899,0.32052960991859436,-0.362190842628479
0.5475594493116396,6.361975182010734,-0.4921571688886808,-0.4921571688886808,0.0416154371476799,-1.9305856227874756,0.4405163824558258,1.9713717699050903,-0.1934109926223755,0.19994190335273743,0.26417264342308044,0.318943053483963,-0.48695653676986694
0.5519399249061326,5.123672126067034,0.14469535791733568,0.14469535791733568,-1.060877096777639,-1.928655982017517,0.4532811939716339,1.970524549484253,-0.18204988539218903,0.20109909772872925,0.2485847920179367,0.3168099522590637,-0.3616294264793396
0.5563204005006257,3.326329923925895,-1.1171241233206988,-1.1171241233206988,-1.488307150380173,-1.9266704320907593,0.45717671513557434,1.9697270393371582,-0.2006983757019043,0.20218801498413086,0.28379133343696594,0.31522583961486816,-0.4500516653060913
0.5607008760951189,4.305741241920005,-1.6218699318668899,-1.6218699318668899,-1.088640760015314,-1.9246678352355957,0.45515677332878113,1.9688478708267212,-0.2421177327632904,0.2034311592578888,0.29463106393814087,0.31325438618659973,-0.6458096504211426
0.565081351689612,7.258037431404189,-1.9281136964902807,-1.9281136964902807,-0.9370553352497357,-1.9226740598678589,0.4575273394584656,1.967787265777588,-0.2682173550128937,0.20472177863121033,0.2790590822696686,0.31042543053627014,-0.7541759610176086
0.5694618272841051,8.49540058025408,-1.1650200614639465,-1.1650200614639465,-0.3755871796824264,-1.9206699132919312,0.46670886874198914,1.9666123390197754,-0.2667609453201294,0.20594419538974762,0.2501170337200165,0.30712178349494934,-0.7813749313354492
0.5738423028785982,6.256956453510749,-1.4752364293682692,-1.4752364293682692,-1.194357074142051,-1.9186254739761353,0.4815892279148102,1.9654438495635986,-0.24487575888633728,0.20703983306884766,0.22706308960914612,0.30369898676872253,-0.6883244514465332
0.5782227784730913,5.469636311845169,0.2913802805701391,0.2913802805701391,-0.08355839511536312,-1.916515827178955,0.4874499440193176,1.9643712043762207,-0.25645485520362854,0.2080344706773758,0.21886052191257477,0.30068379640579224,-0.7785598039627075
0.5826032540675845,6.324833357596848,0.4550007137188683,0.4550007137188683,-0.6472487077143791,-1.9143805503845215,0.498041033744812,1.9632477760314941,-0.2548663020133972,0.20899318158626556,0.2298099249601364,0.29727333784103394,-0.6911786198616028
0.5869837296620776,7.316210159530037,-2.8358180887997952,-2.8358180887997952,-0.1408150957335399,-1.9121989011764526,0.5071767568588257,1.962131381034851,-0.2561158835887909,0.20999985933303833,0.26199910044670105,0.2942456603050232,-0.6853780746459961
0.5913642052565706,10.101859003527078,-2.422431744083915,-2.422431744083915,-1.9609882729920918,-1.9099771976470947,0.5210512280464172,1.9610095024108887,-0.23993949592113495,0.21114754676818848,0.18329647183418274,0.29124337434768677,-0.573421835899353
0.5957446808510638,4.4579431162558185,-0.22977195473392953,-0.22977195473392953,-0.7762230323413043,-1.907694697380066,0.5306076407432556,1.9599584341049194,-0.23283566534519196,0.21195046603679657,0.1698208600282669,0.28873151540756226,-0.7244893312454224
0.600125156445557,5.628259049318754,1.6943909153911103,1.6943909153911103,0.012189346389537836,-1.9053703546524048,0.5355132818222046,1.958938479423523,-0.252170205116272,0.21269436180591583,0.18577896058559418,0.28555789589881897,-0.7757039070129395
0.60450563204005,4.860408222447456,-1.5547488757717978,-1.5547488757717978,-1.424151748905857,-1.9030245542526245,0.5469552278518677,1.9578338861465454,-0.24749687314033508,0.21350815892219543,0.23490458726882935,0.2821599543094635,-0.6686273217201233
0.6088861076345431,7.966451378605373,-2.2005583308619885,-2.2005583308619885,-1.1599821182883188,-1.900628685951233,0.5493276715278625,1.956749677658081,-0.27507370710372925,0.21453715860843658,0.2310907393693924,0.2792310416698456,-0.8244131803512573
0.6132665832290363,5.209518121930585,-0.930205499830549,-0.930205499830549,-0.4971600777438794,-1.8982223272323608,0.55937659740448,1.9555447101593018,-0.27172598242759705,0.21554943919181824,0.20070260763168335,0.2756197154521942,-0.8764982223510742
0.6176470588235294,8.316297099652164,-0.7872930493125432,-0.7872930493125432,-0.6826050246296421,-1.8957719802856445,0.5674737095832825,1.9543544054031372,-0.27975398302078247,0.21642860770225525,0.18805630505084991,0.27178022265434265,-0.8652949333190918
0.6220275344180225,7.106961378971317,-0.5459470953283532,-0.5459470953283532,0.651991347497639,-1.8932862281799316,0.5807815194129944,1.9531289339065552,-0.2648831903934479,0.21725238859653473,0.18499907851219177,0.2679898142814636,-0.8281509876251221
0.6264080100125156,3.483486203515242,-3.705978527332345,-3.705978527332345,-0.4709006706011769,-1.8907421827316284,0.5983186960220337,1.9519686698913574,-0.23615430295467377,0.21806277334690094,0.1500154733657837,0.2643621265888214,-0.5825926661491394
0.6307884856070087,3.619171773933501,-3.7852473634166808,-3.7852473634166808,-0.02861472630783446,-1.888121247291565,0.6030271053314209,1.9509341716766357,-0.25824037194252014,0.21871991455554962,0.055540941655635834,0.2618100941181183,-0.5990152359008789
0.6351689612015019,9.076170276071226,2.0638018045365643,2.0638018045365643,-0.9119890767840786,-1.8854796886444092,0.6101715564727783,1.9498029947280884,-0.27119681239128113,0.21896320581436157,-0.054164640605449677,0.25918611884117126,-0.536352813243866
0.639549436795995,4.8660258065788025,0.9589604236412379,0.9589604236412379,-0.5112852165872017,-1.8828068971633911,0.6237536072731018,1.9486150741577148,-0.25399643182754517,0.21872593462467194,0.032737888395786285,0.2568366527557373,-0.5245952010154724
0.643929912390488,5.052456521037824,-0.05465111241992482,-0.05465111241992482,0.2681417973136693,-1.8800745010375977,0.6309758424758911,1.9475024938583374,-0.2651238441467285,0.21886934340000153,0.07567372173070908,0.2545386850833893,-0.522149920463562
0.6483103879849812,5.521706930517725,-1.0784145670190506,-1.0784145670190506,-1.6445833985052656,-1.8773105144500732,0.6422353982925415,1.9463411569595337,-0.26056942343711853,0.21920083463191986,0.06624714285135269,0.25225141644477844,-0.3813270628452301
0.6526908635794744,6.0184426275509635,-0.8797382777536163,-0.8797382777536163,-1.466668437209694,-1.8744971752166748,0.6454029679298401,1.945199728012085,-0.2866610288619995,0.21949103474617004,0.08278106898069382,0.2505810260772705,-0.5627363920211792
0.6570713391739674,6.308559871144226,1.0252405251122403,1.0252405251122403,-0.41000898311533185,-1.8716700077056885,0.6504851579666138,1.943943977355957,-0.30535992980003357,0.21985365450382233,0.09992128610610962,0.24811597168445587,-0.7040655016899109
0.6614518147684605,3.819170000556937,-1.511066720452125,-1.511066720452125,-0.45457237729703326,-1.8688205480575562,0.6611180305480957,1.9426063299179077,-0.30248376727104187,0.2202913612127304,0.14183512330055237,0.24503183364868164,-0.6570998430252075
0.6658322903629537,3.1274638223472264,-2.758036381641917,-2.758036381641917,-0.005557121067359283,-1.8659244775772095,0.6666814684867859,1.9412813186645508,-0.3214573264122009,0.22091266512870789,0.11098213493824005,0.24215342104434967,-0.6643716096878052
0.6702127659574468,4.090098939287615,0.8499909690279264,0.8499909690279264,-0.6881842475875415,-1.8630040884017944,0.6729364991188049,1.939873218536377,-0.3381328880786896,0.22139881551265717,0.03060101717710495,0.23924316465854645,-0.6068640351295471
0.6745932415519399,6.204044383638626,-0.18473658179148145,-0.18473658179148145,-0.6399059973998319,-1.8600562810897827,0.6779937744140625,1.9383920431137085,-0.3590569794178009,0.22153286635875702,0.07552061229944229,0.23658481240272522,-0.6494880318641663
0.678973717146433,6.407239593829619,0.17509024198327905,0.17509024198327905,-1.5941218639569108,-1.8570863008499146,0.6873961687088013,1.9368191957473755,-0.36123111844062805,0.22186368703842163,0.08881299942731857,0.23373974859714508,-0.6442281007766724
0.6833541927409261,4.135105773530773,1.3235506505678696,1.3235506505678696,-0.32426405893349886,-1.8540751934051514,0.6930673122406006,1.9352368116378784,-0.37904539704322815,0.2222527265548706,0.14047960937023163,0.23091772198677063,-0.8002976179122925
0.6877346683354193,6.164235110586552,-1.3790088418171293,-1.3790088418171293,-1.121219460827005,-1.851039171218872,0.6999548673629761,1.9335764646530151,-0.3930053114891052,0.22286809980869293,0.18860101699829102,0.22741204500198364,-0.7790917754173279
0.6921151439299124,4.00648102385753,-2.5621649829693043,-2.5621649829693043,-0.9528165684136445,-1.8479729890823364,0.7073861360549927,1.9318549633026123,-0.4043126404285431,0.22369426488876343,0.18107275664806366,0.2239992469549179,-0.8578590154647827
0.6964956195244054,6.986372653644846,-1.094222734883466,-1.094222734883466,-0.8604940015430236,-1.8448742628097534,0.7114830017089844,1.9300838708877563,-0.4308338463306427,0.22448745369911194,0.13407468795776367,0.22024141252040863,-0.9478309750556946
0.7008760951188986,6.53055661980629,0.004570135808443232,0.004570135808443232,0.5795821268460412,-1.8417576551437378,0.721820056438446,1.928196668624878,-0.43048295378685,0.22507476806640625,0.12724906206130981,0.21608945727348328,-0.9661041498184204
0.7052565707133918,4.841372070980338,-1.7237544085167755,-1.7237544085167755,0.19705591901082065,-1.8385957479476929,0.7371073961257935,1.9263108968734741,-0.40769705176353455,0.2256321758031845,0.11045689135789871,0.21185746788978577,-0.7436891794204712
0.7096370463078848,7.518078780026875,-1.7104018427384307,-1.7104018427384307,-0.046171183729769916,-1.8353668451309204,0.7474056482315063,1.9245250225067139,-0.40614598989486694,0.22611603140830994,0.05436313897371292,0.2085997611284256,-0.6190639138221741
0.7140175219023779,7.841362583198945,1.2956422642976375,1.2956422642976375,-0.32992119534412406,-1.8320928812026978,0.7617706060409546,1.922745943069458,-0.3863656222820282,0.22635416686534882,0.005762327462434769,0.20588797330856323,-0.4864903688430786
0.718397997496871,6.454824432340469,-1.913326402763855,-1.913326402763855,-0.2870887629810516,-1.8287559747695923,0.7755729556083679,1.9210535287857056,-0.36902350187301636,0.2263794094324112,0.05323393642902374,0.2037569135427475,-0.39698565006256104
0.7227784730913642,8.71726758370933,-1.3564709910596555,-1.3564709910596555,-0.09088020037236477,-1.8253586292266846,0.7868431806564331,1.919437050819397,-0.36262398958206177,0.22661259770393372,0.0057426393032073975,0.20201793313026428,-0.32599639892578125
0.7271589486858573,5.337638176622734,-1.1199524746730691,-1.1199524746730691,-0.40705650286940265,-1.8219119310379028,0.8031233549118042,1.9178485870361328,-0.33347150683403015,0.22663775086402893,-0.03121662139892578,0.20058991014957428,-0.17876341938972473
0.7315394242803503,5.749190742789321,-1.5827191391523336,-1.5827191391523336,-0.7951785972133832,-1.8183938264846802,0.8117543458938599,1.9163877964019775,-0.338715523481369,0.226501002907753,-0.05203544348478317,0.1998068392276764,-0.14942939579486847
0.7359198998748435,6.479541670412798,-1.5817778174900186,-1.5817778174900186,-1.742139969351495,-1.81483793258667,0.8197134137153625,1.9149041175842285,-0.3475860059261322,0.2262730598449707,-0.07503412663936615,0.19915226101875305,-0.1795712411403656
0.7403003754693367,4.841619003219521,1.6102809231278052,1.6102809231278052,0.08297563412005848,-1.8112472295761108,0.8255499601364136,1.913381576538086,-0.3676295876502991,0.2259443700313568,-0.07035104185342789,0.19836565852165222,-0.35994046926498413
0.7446808510638298,5.254841540997935,2.5390912061302138,2.5390912061302138,-0.8065519828166141,-1.8076308965682983,0.8350638151168823,1.9117711782455444,-0.3680928647518158,0.22563619911670685,-0.025748886168003082,0.19678895175457,-0.25507885217666626
0.7490613266583228,4.587029340496095,-1.6473094211169133,-1.6473094211169133,-0.6228147482037946,-1.8039729595184326,0.842046856880188,1.9101587533950806,-0.3813578188419342,0.22552341222763062,0.07195450365543365,0.19567158818244934,-0.2964356541633606
0.753441802252816,8.072888592615834,-0.7535770059165636,-0.7535770059165636,-1.0482882742328359,-1.8002843856811523,0.8484531044960022,1.9084882736206055,-0.39691123366355896,0.22583860158920288,0.042036011815071106,0.19437305629253387,-0.31848061084747314
0.7578222778473092,7.369763501677372,0.2914680688094643,0.2914680688094643,-1.9737032750727943,-1.7965677976608276,0.8598974347114563,1.9067496061325073,-0.3907510042190552,0.22602273523807526,0.05064251646399498,0.19297796487808228,-0.3490090072154999
0.7622027534418022,8.370160236026827,-0.21206618273774658,-0.21206618273774658,-1.5937164408725788,-1.792801022529602,0.8667251467704773,1.9050378799438477,-0.4075356125831604,0.22624456882476807,0.116792693734169,0.1914491355419159,-0.5528357625007629
0.7665832290362953,6.807733827308782,-1.5172127135354725,-1.5172127135354725,-1.303949063132261,-1.7890043258666992,0.8769122362136841,1.9032527208328247,-0.4088972210884094,0.22675617039203644,0.15714126825332642,0.18902745842933655,-0.6722155213356018
0.7709637046307884,7.475054643246325,-0.7849328279856342,-0.7849328279856342,-0.5727094808610936,-1.7851630449295044,0.8853124380111694,1.9014616012573242,-0.41819730401039124,0.22744452953338623,0.1509132981300354,0.1860828399658203,-0.7706616520881653
0.7753441802252816,5.5700535436735885,-1.2858646317907567,-1.2858646317907567,-0.4499244936446162,-1.7812849283218384,0.897620439529419,1.8996297121047974,-0.40843406319618225,0.2281056046485901,0.14471569657325745,0.18270698189735413,-0.730111837387085
0.7797246558197747,6.236275697338019,-1.2940484384870137,-1.2940484384870137,-0.7816854458960062,-1.7773529291152954,0.9067679643630981,1.8978406190872192,-0.4125489890575409,0.22873952984809875,0.12030359357595444,0.1795087456703186,-0.7039238214492798
0.7841051314142677,5.449586361505595,-2.736182937193735,-2.736182937193735,-0.3774361791973752,-1.7733808755874634,0.9160498976707458,1.8960334062576294,-0.41712716221809387,0.22926650941371918,0.10534097254276276,0.17642521858215332,-0.7227252721786499
0.7884856070087609,5.003929676305331,-0.04978781287921097,-0.04978781287921097,-0.4233062371990676,-1.7693681716918945,0.9252294301986694,1.894206166267395,-0.42093610763549805,0.22972795367240906,0.0364580899477005,0.17325933277606964,-0.6862802505493164
0.7928660826032541,7.130502644999091,-0.5778997940965174,-0.5778997940965174,0.4478966417386213,-1.7653151750564575,0.9334103465080261,1.8923622369766235,-0.42936328053474426,0.22988766431808472,0.04736601188778877,0.17025309801101685,-0.6661139130592346
0.7972465581977471,5.362846960018924,0.160126850058933,0.160126850058933,-0.878567461233288,-1.7612264156341553,0.9482899904251099,1.8904814720153809,-0.4037219285964966,0.23009514808654785,0.01740950345993042,0.16733519732952118,-0.4555014371871948
0.8016270337922402,5.374115665798881,0.09881831700391719,0.09881831700391719,-0.3284484442972393,-1.7570724487304688,0.9555943012237549,1.888713002204895,-0.4174855649471283,0.23017141222953796,0.04774267226457596,0.1653398871421814,-0.5074579119682312
0.8060075093867334,5.824998494319502,-2.63558753378884,-2.63558753378884,-1.724122391839964,-1.7528865337371826,0.9646494388580322,1.8868842124938965,-0.42101460695266724,0.23038055002689362,0.06022021546959877,0.16311697661876678,-0.4640153646469116
0.8103879849812266,5.272929892163859,-0.5292263182335568,-0.5292263182335568,-0.6874795015828575,-1.748660922050476,0.9702763557434082,1.8850399255752563,-0.44647476077079773,0.2306443452835083,0.03360254317522049,0.1610843688249588,-0.6537079811096191
0.8147684605757196,5.74950640382961,-0.5599958849230504,-0.5599958849230504,-0.3869775266113596,-1.7444106340408325,0.978143572807312,1.8830841779708862,-0.45750412344932556,0.23079153895378113,0.03822403773665428,0.1582208126783371,-0.6743177771568298
0.8191489361702127,9.05667966638438,0.04225021310799626,0.04225021310799626,-0.3662624097755317,-1.7401258945465088,0.9877971410751343,1.881080150604248,-0.458953320980072,0.2309589833021164,0.03317135199904442,0.15526698529720306,-0.6340562701225281
0.8235294117647058,5.703669907778115,-1.103222521259028,-1.103222521259028,-0.8359383292284629,-1.7357988357543945,1.0035494565963745,1.8790696859359741,-0.4320022165775299,0.2311042845249176,0.045101214200258255,0.15248951315879822,-0.5285688638687134
0.827909887359199,4.786393765407548,-1.2275040942647168,-1.2275040942647168,0.01668627489576946,-1.7314027547836304,1.011748194694519,1.877177357673645,-0.4421279728412628,0.23130184412002563,0.03729566931724548,0.1501741260290146,-0.5669068098068237
0.8322903629536921,7.288103552974874,1.3240197806969367,1.3240197806969367,-0.8948871784911954,-1.7269707918167114,1.020692229270935,1.875240683555603,-0.44426798820495605,0.23146522045135498,0.0009613707661628723,0.1476908028125763,-0.4748097062110901
0.8366708385481851,5.942327748364916,-0.6950901438125258,-0.6950901438125258,-0.10342265307268572,-1.7224997282028198,1.0316251516342163,1.8732945919036865,-0.4420683681964874,0.23146943747997284,0.06576048582792282,0.14561091363430023,-0.4938693642616272
0.8410513141426783,4.59461282980519,0.1281122865327936,0.1281122865327936,-0.5631003120451439,-1.7179807424545288,1.0422698259353638,1.8713581562042236,-0.43663036823272705,0.2317575067281723,0.04848191887140274,0.14344753324985504,-0.40105733275413513
0.8454317897371715,5.4493866775914075,1.708778339491512,1.708778339491512,-1.5015119949783302,-1.7134151458740234,1.0491875410079956,1.869445562362671,-0.4511129558086395,0.23196987807750702,0.06866751611232758,0.1416907161474228,-0.41292306780815125
0.8498122653316645,7.811288345976483,-1.6232490221514049,-1.6232490221514049,-1.3360735168728157,-1.7088191509246826,1.055191159248352,1.8674694299697876,-0.47573068737983704,0.23227067291736603,0.1624181717634201,0.1398819237947464,-0.5712838768959045
0.8541927409261576,9.70436771206671,-1.7317686576666125,-1.7317686576666125,-0.03344942265924278,-1.7041969299316406,1.0660220384597778,1.8653855323791504,-0.4772968888282776,0.23298214375972748,0.15403173863887787,0.13737942278385162,-0.6570556163787842
0.8585732165206508,6.768704246143981,-1.4847219508552074,-1.4847219508552074,-1.1741398109813512,-1.6995272636413574,1.0837277173995972,1.8632947206497192,-0.4387228786945343,0.2336568832397461,0.10443543642759323,0.13450120389461517,-0.482204794883728
0.8629536921151439,6.770447144195985,-0.6260892348154263,-0.6260892348154263,-1.4927443744369742,-1.6947799921035767,1.0931508541107178,1.861372947692871,-0.44614461064338684,0.2341143637895584,0.09536545723676682,0.1323889195919037,-0.5594474673271179
0.867334167709637,4.383321620907776,-0.8490292758122149,-0.8490292758122149,-0.7434431390172433,-1.6899914741516113,1.101865530014038,1.8594186305999756,-0.45947265625,0.23453210294246674,0.12067453563213348,0.1299382746219635,-0.6918270587921143
0.8717146433041301,7.585018283944809,-2.106971671510016,-2.106971671510016,-0.547526335780226,-1.6851648092269897,1.1082115173339844,1.8574059009552002,-0.4791431725025177,0.23506072163581848,0.11759108304977417,0.12690773606300354,-0.7389665842056274
0.8760951188986232,5.444130776380805,-1.2167493481759335,-1.2167493481759335,-0.8140424750357951,-1.6803103685379028,1.1208609342575073,1.8553069829940796,-0.4680836796760559,0.2355758249759674,0.07205033302307129,0.12367071211338043,-0.692711591720581
0.8804755944931164,7.917841145010534,-0.978470376640082,-0.978470376640082,0.1746421090287782,-1.6754004955291748,1.1290162801742554,1.8532565832138062,-0.48010021448135376,0.2358914464712143,0.06029001623392105,0.12063630670309067,-0.7324209213256836
0.8848560700876095,7.758424558609771,0.5607539153136971,0.5607539153136971,-0.667849774184613,-1.6704548597335815,1.1438930034637451,1.8511534929275513,-0.4528328776359558,0.23615553975105286,0.026615474373102188,0.11742795258760452,-0.5551193952560425
0.8892365456821025,4.173090038242316,-0.3479116715023033,-0.3479116715023033,-0.013314717253453345,-1.665444016456604,1.1564828157424927,1.8491698503494263,-0.4425497055053711,0.23627212643623352,0.06249459832906723,0.11499626934528351,-0.5266371369361877
0.8936170212765957,3.865423724390653,1.485010403791358,1.485010403791358,0.495748176776614,-1.660378098487854,1.1640480756759644,1.8472312688827515,-0.4504602253437042,0.2365458756685257,0.05272330716252327,0.11268934607505798,-0.4514792263507843
0.8979974968710889,4.588445082232056,0.8707866838172742,0.8707866838172742,-0.5793344058008432,-1.6552790403366089,1.172088384628296,1.8452579975128174,-0.4515140652656555,0.23677682876586914,0.08161289989948273,0.11071164906024933,-0.2939581871032715
0.902377972465582,6.938951486900318,-0.04042852435365285,-0.04042852435365285,-0.3611477291461528,-1.6501446962356567,1.1791136264801025,1.8432801961898804,-0.466422438621521,0.23713433742523193,0.12396103143692017,0.10942397266626358,-0.30909478664398193
0.906758448060075,6.37701332571294,-3.4211538289422503,-3.4211538289422503,-1.1365653632043515,-1.6449795961380005,1.1907916069030762,1.8412370681762695,-0.457387775182724,0.23767735064029694,0.13332705199718475,0.1080699935555458,-0.24289482831954956
0.9111389236545682,5.733156342487477,-1.5706944166640642,-1.5706944166640642,-1.4863118953015924,-1.639763355255127,1.1999006271362305,1.8392335176467896,-0.4675300121307373,0.2382613867521286,0.06660982221364975,0.1070059984922409,-0.32133787870407104
0.9155193992490612,5.998798936488925,0.2583569656771777,0.2583569656771777,-0.6904053467704683,-1.634507179260254,1.2072153091430664,1.8371855020523071,-0.48963436484336853,0.23855316638946533,0.06414558738470078,0.10559838265180588,-0.4722689390182495
0.9198998748435544,5.359727415917713,-0.7364365039627223,-0.7364365039627223,-0.5402599932068382,-1.6292190551757812,1.2166625261306763,1.8350406885147095,-0.49470457434654236,0.23883415758609772,0.09185245633125305,0.10352961719036102,-0.48056313395500183
0.9242803504380476,10.252675933005278,-2.7398700053803626,-2.7398700053803626,-0.32848444943864186,-1.623889446258545,1.2252771854400635,1.8328737020492554,-0.5023953318595886,0.239236518740654,0.08612348139286041,0.10142452269792557,-0.4747500419616699
0.9286608260325406,2.9935191120901052,-3.2648022734790016,-3.2648022734790016,-0.4490912877840985,-1.6185221672058105,1.24301278591156,1.8306729793548584,-0.4647642970085144,0.23961378633975983,0.01570338010787964,0.0993448942899704,-0.3416929841041565
0.9330413016270338,6.595631246227562,-1.9335565030826647,-1.9335565030826647,-0.15189424686933528,-1.613077163696289,1.2475584745407104,1.8286371231079102,-0.49077969789505005,0.23968257009983063,-0.06652431190013885,0.09784811735153198,-0.36398351192474365
0.9374217772215268,6.036743018913466,-0.36025619783855956,-0.36025619783855956,-1.1088437124889445,-1.6076122522354126,1.2590559720993042,1.8264873027801514,-0.48080137372016907,0.23939116299152374,-0.1185544952750206,0.09625369310379028,-0.2681725025177002
0.94180225281602,5.997927537973969,-1.4399536661870695,-1.4399536661870695,-0.16485554373481093,-1.6020970344543457,1.2677865028381348,1.8243811130523682,-0.4933568835258484,0.23887184262275696,-0.09669336676597595,0.0950789675116539,-0.348335325717926
0.9461827284105132,5.7785880426961755,-2.4178252609574953,-2.4178252609574953,-1.8642885890490741,-1.596543550491333,1.2781373262405396,1.822219967842102,-0.4886675775051117,0.23844827711582184,-0.1339302659034729,0.0935530960559845,-0.26586320996284485
0.9505632040050064,10.263904639012265,0.26994273537333113,0.26994273537333113,-1.4076603934874214,-1.5909446477890015,1.2850795984268188,1.8200793266296387,-0.5174679160118103,0.23786160349845886,-0.15009528398513794,0.09238848835229874,-0.4815664291381836
0.9549436795994992,7.933514106220301,0.5099417363759293,0.5099417363759293,-0.4401465430346363,-1.5853153467178345,1.3007537126541138,1.8178125619888306,-0.4998228847980499,0.23720411956310272,-0.10110395401716232,0.0902789980173111,-0.5352680683135986
0.9593241551939924,2.899912355870555,-0.4121373043379938,-0.4121373043379938,-0.39905060375835677,-1.5796173810958862,1.3139872550964355,1.8156230449676514,-0.483875036239624,0.23676124215126038,-0.07335836440324783,0.08793427050113678,-0.4646831154823303
0.9637046307884856,4.574603437125343,-0.3005961744082374,-0.3005961744082374,-0.2620096227140085,-1.5738614797592163,1.31847083568573,1.813503384590149,-0.509750485420227,0.23643989861011505,-0.07374053448438644,0.0858987346291542,-0.48011380434036255
0.9680851063829788,7.216352441531119,-2.2480125327715017,-2.2480125327715017,-0.26581467309341056,-1.5680859088897705,1.3260769844055176,1.8112704753875732,-0.5189015865325928,0.23611688613891602,-0.074867382645607,0.08379560708999634,-0.44088050723075867
0.9724655819774718,6.607374241170087,-0.8406431657324901,-0.8406431657324901,-1.1466819309644878,-1.56227707862854,1.338197112083435,1.808997392654419,-0.5057649612426758,0.23578892648220062,-0.13275384902954102,0.08186434209346771,-0.3535009026527405
0.9768460575719649,6.4062453875514995,-0.6271844021358989,-0.6271844021358989,-0.2628986535618012,-1.55641508102417,1.3478572368621826,1.8067818880081177,-0.5141943693161011,0.23520740866661072,-0.12381654977798462,0.08031584322452545,-0.4298476576805115
0.981226533166458,4.315556113842133,-1.0259862696682112,-1.0259862696682112,0.4454049873785646,-1.5505108833312988,1.3585150241851807,1.8045294284820557,-0.5078521966934204,0.23466503620147705,-0.1344548463821411,0.07843290269374847,-0.35698381066322327
0.9856070087609512,5.410722983480815,-0.5697535582837294,-0.5697535582837294,-0.8657936166484699,-1.5445599555969238,1.3665828704833984,1.802304744720459,-0.5059964656829834,0.23407605290412903,-0.1774241328239441,0.07686914503574371,-0.2001868486404419
0.9899874843554444,8.185663580171973,-0.48274924523729085,-0.48274924523729085,-1.6238222161444065,-1.5385736227035522,1.374542474746704,1.8000882863998413,-0.5193082094192505,0.23329885303974152,-0.16877882182598114,0.07599223405122757,-0.2500877380371094
0.9943679599499372,8.226154434593802,-1.2133019662769564,-1.2133019662769564,-0.5953805527833146,-1.5325524806976318,1.3861052989959717,1.7978134155273438,-0.5232539176940918,0.23255951702594757,-0.1354558765888214,0.07489673048257828,-0.3799227774143219
0.9987484355444304,5.342508966245148,-0.4653531724051535,-0.4653531724051535,0.099528159915242,-1.5264806747436523,1.3991899490356445,1.7955212593078613,-0.5076748728752136,0.23196615278720856,-0.15350113809108734,0.0732324868440628,-0.3310394287109375
1.0031289111389237,7.2004334998332675,-0.21814224371778712,-0.21814224371778712,-0.44153892486853796,-1.520351529121399,1.4083341360092163,1.7932974100112915,-0.5035504102706909,0.23129373788833618,-0.1699974685907364,0.07178238034248352,-0.21516835689544678
1.0075093867334166,8.947571298952523,-0.11811917090453039,-0.11811917090453039,0.923267612973522,-1.5141823291778564,1.4197825193405151,1.7910915613174438,-0.49377375841140747,0.23054906725883484,-0.16347357630729675,0.07083983719348907,-0.15864364802837372
1.0118898623279098,5.72369735509055,0.5487095016498655,0.5487095016498655,-0.1876190068453233,-1.5079630613327026,1.4358913898468018,1.7889286279678345,-0.443730890750885,0.2298329770565033,-0.19388537108898163,0.0701448991894722,0.16632141172885895
1.016270337922403,3.892794862549753,1.3671385685490045,1.3671385685490045,-1.3552488166000072,-1.5016732215881348,1.4451395273208618,1.786984920501709,-0.4417119026184082,0.22898367047309875,-0.17238225042819977,0.07087346911430359,0.23952190577983856
1.020650813516896,7.366757779509521,-1.190544631114267,-1.190544631114267,-0.10795412259431614,-1.4953428506851196,1.4498045444488525,1.7850500345230103,-0.4769783318042755,0.22822855412960052,-0.09287990629673004,0.07192268967628479,0.07687230408191681
1.0250312891113893,4.685031268702117,-2.1066181632026257,-2.1066181632026257,-0.9219997823748817,-1.4889919757843018,1.4618148803710938,1.7829606533050537,-0.4595281481742859,0.2278216928243637,-0.12449498474597931,0.07225942611694336,0.1942663937807083
1.0294117647058822,6.4814028177981395,0.26098922365754484,0.26098922365754484,-0.7121796248297937,-1.482588529586792,1.4683074951171875,1.7809476852416992,-0.47998663783073425,0.22727634012699127,-0.159089595079422,0.07311040163040161,0.12125824391841888
1.0337922403003754,11.622454528118567,-1.9292724733872424,-1.9292724733872424,-0.025547171858776863,-1.4761565923690796,1.4780093431472778,1.7788450717926025,-0.48129644989967346,0.2265794575214386,-0.1306699812412262,0.0736415684223175,0.11777293682098389
1.0381727158948686,5.687968107341608,-1.3376415386460607,-1.3376415386460607,-0.7216857724463419,-1.469682216644287,1.497070074081421,1.7767367362976074,-0.426202654838562,0.22600705921649933,-0.1862647980451584,0.0741574689745903,0.3281507194042206
1.0425531914893615,1.6399249168394636,-1.9540360065259077,-1.9540360065259077,-1.3179697365726246,-1.463124394416809,1.5054481029510498,1.7748697996139526,-0.4344042241573334,0.225191131234169,-0.20425266027450562,0.07559492439031601,0.3083968758583069
1.0469336670838547,5.6495923920365145,-0.4365972818750973,-0.4365972818750973,-0.6069046986070328,-1.4565298557281494,1.506316900253296,1.7729668617248535,-0.488046258687973,0.22429640591144562,-0.22282780706882477,0.07694584876298904,0.11063635349273682
1.051314142678348,4.483807362885645,0.15951462123675886,0.15951462123675886,-1.7724807522081485,-1.4499315023422241,1.514683723449707,1.7708289623260498,-0.49440744519233704,0.22332032024860382,-0.21785429120063782,0.07743048667907715,0.11010768264532089
1.055694618272841,4.154217481135253,-1.475069762392883,-1.475069762392883,0.6255197783378297,-1.4432964324951172,1.5194298028945923,1.7686631679534912,-0.5323803424835205,0.22236602008342743,-0.16143390536308289,0.07791280746459961,-0.11367783695459366
1.0600750938673342,4.023497114745666,-1.4264107097292982,-1.4264107097292982,0.34156292389841514,-1.4366406202316284,1.5270919799804688,1.7663310766220093,-0.5284357070922852,0.221658855676651,-0.22277778387069702,0.0774148479104042,0.07144606858491898
1.0644555694618272,5.417535405139141,1.5925354332290333,1.5925354332290333,-1.3597695972984796,-1.4299511909484863,1.5340993404388428,1.7640162706375122,-0.5308889746665955,0.22068297863006592,-0.274408221244812,0.07772781699895859,0.20501255989074707
1.0688360450563203,5.247304266705569,-0.36954578362164714,-0.36954578362164714,-1.0078425054145117,-1.4232311248779297,1.540880799293518,1.7616907358169556,-0.5532199144363403,0.2194809466600418,-0.18819154798984528,0.0786258727312088,0.06996731460094452
1.0732165206508135,7.535835174269513,1.5260435942775532,1.5260435942775532,-0.08981115195981332,-1.416481375694275,1.54783296585083,1.7592673301696777,-0.5704208016395569,0.21865658462047577,-0.16955125331878662,0.07893235981464386,-0.0072960928082466125
1.0775969962453065,4.816490629688945,-0.15360031604226332,-0.15360031604226332,-0.18300103168302212,-1.4097011089324951,1.5597718954086304,1.7567685842514038,-0.5510625243186951,0.21791386604309082,-0.12236317247152328,0.07890039682388306,0.1167055070400238
1.0819774718397996,5.664908627093083,-2.245047321807723,-2.245047321807723,-0.5948570081525215,-1.4028685092926025,1.5672004222869873,1.75435471534729,-0.5565323233604431,0.21737785637378693,-0.12150457501411438,0.07941162586212158,0.17423364520072937
1.0863579474342928,5.563624806095816,-1.6870712474262708,-1.6870712474262708,-1.0230246038967807,-1.3960034847259521,1.5753651857376099,1.7519168853759766,-0.5624673366546631,0.21684560179710388,-0.16969536244869232,0.08017484843730927,0.1762145459651947
1.090738423028786,2.2086297370275725,1.744454603111215,1.744454603111215,0.2940919404693032,-1.389102578163147,1.582708477973938,1.749453067779541,-0.5772374868392944,0.2161022573709488,-0.1890876293182373,0.08094675093889236,0.10224048048257828
1.0951188986232792,6.018944805236016,-0.9495500916297195,-0.9495500916297195,0.5000728806727469,-1.3821696043014526,1.5866683721542358,1.7469245195388794,-0.5959599614143372,0.21527396142482758,-0.14673243463039398,0.08139461278915405,0.1940591186285019
1.099499374217772,6.442051324641996,-1.0535488197467315,-1.0535488197467315,-1.0932226366052542,-1.3752192258834839,1.596985936164856,1.7443139553070068,-0.5784558057785034,0.21463119983673096,-0.18906602263450623,0.08224468678236008,0.39214521646499634
1.1038798498122653,5.973797632665045,-1.5799709558821067,-1.5799709558821067,-0.7291255313586977,-1.3682236671447754,1.605573296546936,1.7417800426483154,-0.5870464444160461,0.2138029932975769,-0.18790742754936218,0.08396247029304504,0.3223651647567749
1.1082603254067585,8.178382434195385,-0.9113511857640212,-0.9113511857640212,-1.253199210103357,-1.3611904382705688,1.61392080783844,1.739208459854126,-0.5928189754486084,0.21297986805438995,-0.21275481581687927,0.08537458628416061,0.3069523572921753
1.1126408010012514,7.687060833379021,0.28523881335129175,0.28523881335129175,-1.483636908210887,-1.3541207313537598,1.6248729228973389,1.7366116046905518,-0.589597761631012,0.21204790472984314,-0.20277176797389984,0.08671918511390686,0.24176666140556335
1.1170212765957446,4.188986466157763,-0.44476874162500923,-0.44476874162500923,-0.6756168642666236,-1.3470029830932617,1.634602665901184,1.734028935432434,-0.5948306918144226,0.21115966141223907,-0.15111498534679413,0.087778240442276,0.12763053178787231
1.1214017521902375,6.0688833297985045,-3.7728107936752378,-3.7728107936752378,-0.3726735266374024,-1.339842677116394,1.640084147453308,1.731423258781433,-0.6147537231445312,0.21049770712852478,-0.14437349140644073,0.08833732455968857,0.08844727277755737
1.125782227784731,6.494669256732388,0.10507325259370526,0.10507325259370526,0.2627104513381018,-1.332658290863037,1.6489887237548828,1.728730320930481,-0.6130340099334717,0.2098652869462967,-0.24366827309131622,0.0887247622013092,0.13659365475177765
1.130162703379224,10.529159104449953,0.18696663363657073,0.18696663363657073,-0.7568430475974837,-1.325434923171997,1.6595945358276367,1.7260448932647705,-0.5958503484725952,0.2087979018688202,-0.24827177822589874,0.08932311087846756,0.3026154637336731
1.134543178973717,8.98033680462261,-0.12359715230880042,-0.12359715230880042,0.17921558590207431,-1.3181650638580322,1.6747891902923584,1.7234348058700562,-0.5633108615875244,0.2077103555202484,-0.22070954740047455,0.09064871072769165,0.3671262860298157
1.1389236545682102,3.611392738132553,-2.3881155638678333,-2.3881155638678333,-0.6256106651101023,-1.310828685760498,1.6891162395477295,1.7209672927856445,-0.5265048742294312,0.2067435383796692,-0.22955264151096344,0.09225689619779587,0.5649205446243286
1.1433041301627034,6.806686496675951,-0.9253832232958737,-0.9253832232958737,-0.46208338011708916,-1.3034296035766602,1.6937919855117798,1.7186609506607056,-0.550391674041748,0.20573799312114716,-0.28102338314056396,0.09473151713609695,0.5237438082695007
1.1476846057571963,10.053489041547353,-1.6203842413114602,-1.6203842413114602,-1.1377653877364793,-1.2960100173950195,1.7036540508270264,1.716249942779541,-0.544012725353241,0.204506978392601,-0.2945532202720642,0.09702576696872711,0.570276141166687
1.1520650813516895,7.1362292961079445,-2.1924965769672813,-2.1924965769672813,-0.6537710722510506,-1.288547158241272,1.7172949314117432,1.713866949081421,-0.5225401520729065,0.20321670174598694,-0.3086472153663635,0.09952384978532791,0.5602895021438599
1.156445556946183,6.9027695415708115,-0.9326406519576501,-0.9326406519576501,-1.3488068395763149,-1.2810245752334595,1.7272411584854126,1.7115780115127563,-0.5168911218643188,0.20186467468738556,-0.35358288884162903,0.10197818279266357,0.5798779129981995
1.1608260325406758,7.578840017440813,-1.921630086968257,-1.921630086968257,-0.563613393004488,-1.273458480834961,1.7354581356048584,1.7093137502670288,-0.5261445641517639,0.20031581819057465,-0.34142953157424927,0.10451832413673401,0.47489315271377563
1.165206508135169,6.464221307889753,-1.6099889348483374,-1.6099889348483374,-1.112977135741679,-1.265856385231018,1.7460944652557373,1.707008957862854,-0.5150043368339539,0.19882018864154816,-0.38108792901039124,0.10659858584403992,0.5184276103973389
1.169586983729662,7.408916372901198,0.5915775980767477,0.5915775980767477,-1.3303138084662698,-1.2582076787948608,1.7538901567459106,1.704753041267395,-0.5235660672187805,0.1971508413553238,-0.3956022560596466,0.10886954516172409,0.4461839199066162
1.1739674593241551,5.480349275758483,-3.283458662935488,-3.283458662935488,-1.195546139966614,-1.2505247592926025,1.7625623941421509,1.7024595737457275,-0.5280864834785461,0.19541791081428528,-0.33947694301605225,0.11082404106855392,0.35396817326545715
1.1783479349186483,4.309750441839004,-0.2478080393646187,-0.2478080393646187,-1.4383952949314942,-1.242803931236267,1.7684534788131714,1.7001463174819946,-0.5465287566184998,0.19393083453178406,-0.40045061707496643,0.11237458884716034,0.2491844743490219
1.1827284105131413,3.5239011582972855,-1.952097274329195,-1.952097274329195,-0.144772923213407,-1.2350572347640991,1.771968960762024,1.6977522373199463,-0.5794545412063599,0.1921766698360443,-0.3656817078590393,0.11346613615751266,0.08058282732963562
1.1871088861076344,8.425028392895186,-0.4183391991949237,-0.4183391991949237,-0.8359467854470146,-1.227295160293579,1.7769498825073242,1.6952139139175415,-0.5950368642807007,0.19057480990886688,-0.41846132278442383,0.11381912976503372,0.12122049927711487
1.1914893617021276,5.613588835558176,-1.5634831137833847,-1.5634831137833847,0.13758785272500607,-1.2195112705230713,1.7877334356307983,1.6926074028015137,-0.5816051959991455,0.1887417435646057,-0.40626585483551025,0.11435013264417648,0.13363508880138397
1.1958698372966208,5.9897749342295565,-2.234460172512786,-2.234460172512786,-0.5883428811024086,-1.2116801738739014,1.7963377237319946,1.6900596618652344,-0.5740776658058167,0.18696211278438568,-0.4559425115585327,0.11493551731109619,0.2621273994445801
1.200250312891114,4.938665417962309,-2.2590408906209434,-2.2590408906209434,0.1543342708250255,-1.2038114070892334,1.8039045333862305,1.6875449419021606,-0.5768106579780579,0.1849648654460907,-0.5040143728256226,0.11608376353979111,0.2720266878604889
1.204630788485607,5.288715569837226,1.2446993833580557,1.2446993833580557,-0.5444646269849993,-1.1959095001220703,1.8114732503890991,1.6850181818008423,-0.5747151374816895,0.18275704979896545,-0.5744925737380981,0.11727537214756012,0.39086759090423584
1.2090112640801,8.249432651839253,-0.8782431067855608,-0.8782431067855608,-0.2834236603367164,-1.1879743337631226,1.818000316619873,1.6825006008148193,-0.5825952887535095,0.18024049699306488,-0.522243320941925,0.1189875602722168,0.39532920718193054
1.2133917396745932,5.348083397242383,1.0796806468373,1.0796806468373,-0.45928730991095756,-1.1800106763839722,1.8292646408081055,1.6799485683441162,-0.5602902770042419,0.1779528260231018,-0.5396139621734619,0.1207192912697792,0.5002528429031372
1.2177722152690862,6.940870122805812,0.9019919884644323,0.9019919884644323,0.0496460755105802,-1.1719976663589478,1.8359495401382446,1.6774942874908447,-0.5660516619682312,0.17558905482292175,-0.4946712255477905,0.12291063368320465,0.5206133723258972
1.2221526908635794,3.170989784393096,-2.234789058787076,-2.234789058787076,-0.2538514549599629,-1.1639553308486938,1.8459795713424683,1.6750147342681885,-0.5487223267555237,0.17342215776443481,-0.4697800278663635,0.12519116699695587,0.6588166952133179
1.2265331664580723,8.064309511888801,0.3462670055421767,0.3462670055421767,-1.3247547797936123,-1.1558690071105957,1.8500324487686157,1.672611117362976,-0.5692870616912842,0.17136429250240326,-0.5276296734809875,0.12807710468769073,0.6741132736206055
1.2309136420525657,5.09159301120206,-0.4291107666522048,-0.4291107666522048,0.4310662782548662,-1.147765040397644,1.8583159446716309,1.6701173782348633,-0.5678106546401978,0.16905301809310913,-0.4788305461406708,0.13103003799915314,0.5955134034156799
1.2352941176470589,6.587419849342086,-0.11201245800046511,-0.11201245800046511,-0.9862141349220477,-1.1396247148513794,1.866581678390503,1.6676300764083862,-0.5592080950737,0.16695551574230194,-0.5039504170417786,0.1336386650800705,0.7652546167373657
1.2396745932415518,4.295582470946144,-4.6675399860576565,-4.6675399860576565,-0.19339816041803254,-1.1314481496810913,1.8734594583511353,1.6651804447174072,-0.5640661120414734,0.16474796831607819,-0.4784209430217743,0.13699084520339966,0.7176972031593323
1.244055068836045,6.772418617957673,0.3930707028148104,0.3930707028148104,-0.9160767250151971,-1.1232415437698364,1.8790819644927979,1.6627095937728882,-0.5738499164581299,0.16265225410461426,-0.6090800762176514,0.14013470709323883,0.7645231485366821
1.2484355444305382,9.488351837683723,1.1039472060850288,1.1039472060850288,-1.0163608773474335,-1.1150102615356445,1.8861751556396484,1.6601958274841309,-0.5757860541343689,0.15998418629169464,-0.570848822593689,0.14348368346691132,0.7325991988182068
1.2528160200250311,7.375637588060402,0.34210325102732564,0.34210325102732564,0.21480053329546733,-1.1067478656768799,1.8965126276016235,1.6576735973358154,-0.5562729835510254,0.15748359262943268,-0.5089290738105774,0.14669281244277954,0.7341153025627136
1.2571964956195243,3.3900130780438453,0.4155097177667385,0.4155097177667385,-1.2177324355145225,-1.0984402894973755,1.907231092453003,1.655236840248108,-0.5320731401443481,0.15525424480438232,-0.5052114129066467,0.14990858733654022,0.9092018008232117
1.2615769712140177,6.45885898399608,-3.0923915041760734,-3.0923915041760734,-0.327017383142493,-1.090085744857788,1.908729910850525,1.652906060218811,-0.568550169467926,0.15304118394851685,-0.45751556754112244,0.15389132499694824,0.7618556022644043
1.2659574468085106,4.201346191321553,-2.2112838568247204,-2.2112838568247204,-1.099745339128444,-1.0817246437072754,1.9166194200515747,1.6504155397415161,-0.5622154474258423,0.1510370522737503,-0.538273274898529,0.15722861886024475,0.8260411620140076
1.2703379224030038,8.19816012439824,0.6720505350543801,0.6720505350543801,-0.7842900366371016,-1.073328971862793,1.9192559719085693,1.6479527950286865,-0.5895143151283264,0.14867915213108063,-0.5707337260246277,0.16084706783294678,0.7142845392227173
1.2747183979974968,8.090586112621281,-1.9526654596960145,-1.9526654596960145,-0.4577599535199491,-1.0649217367172241,1.9278829097747803,1.6453704833984375,-0.5766769051551819,0.14617906510829926,-0.5282039642333984,0.16397596895694733,0.7318488359451294
1.27909887359199,4.702872595900233,0.35752942964222045,0.35752942964222045,-0.6893016661476583,-1.0564767122268677,1.9372493028640747,1.642844319343567,-0.5587233304977417,0.14386528730392456,-0.5718599557876587,0.1671818196773529,0.8038972616195679
1.283479349186483,8.077421870140366,-0.21416783393822436,-0.21416783393822436,-1.3423590777828238,-1.0479906797409058,1.941475510597229,1.6403968334197998,-0.574104368686676,0.14136026799678802,-0.5412891507148743,0.17070327699184418,0.7725268006324768
1.287859824780976,6.350577184610897,-0.7985848395508349,-0.7985848395508349,-0.7472677088559332,-1.039486050605774,1.947837233543396,1.6378819942474365,-0.5725475549697876,0.1389891654253006,-0.5083423852920532,0.1740873157978058,0.6912018060684204
1.2922403003754692,3.8098329538484585,-0.02639016206806921,-0.02639016206806921,0.1149013106750647,-1.0309536457061768,1.9537180662155151,1.6353739500045776,-0.5748217701911926,0.13676238059997559,-0.5098410248756409,0.17711511254310608,0.6805621385574341
1.2966207759699624,5.671646482281508,0.8211841201738869,0.8211841201738869,-0.7450442989719284,-1.022395372390747,1.9591255187988281,1.632856011390686,-0.5830201506614685,0.13452903926372528,-0.5139671564102173,0.18009629845619202,0.771631121635437
1.3010012515644556,4.532568343153035,-0.8495250014704191,-0.8495250014704191,-0.37915598522958205,-1.0138134956359863,1.9640220403671265,1.63030207157135,-0.5910704135894775,0.13227762281894684,-0.4682283103466034,0.18347640335559845,0.7486435174942017
1.3053817271589487,5.506222121279804,-1.3591410266413533,-1.3591410266413533,-0.862952139990295,-1.0052101612091064,1.9686378240585327,1.6277128458023071,-0.6021585464477539,0.13022656738758087,-0.4819645881652832,0.18675582110881805,0.7676742076873779
1.3097622027534417,6.5494851967905445,-1.0146870051399204,-1.0146870051399204,0.994832216127598,-0.9965865612030029,1.9727383852005005,1.625075101852417,-0.613778293132782,0.12811532616615295,-0.4964548647403717,0.19011859595775604,0.7211341261863708
1.3141426783479349,6.54459242728234,-0.2691487922004391,-0.2691487922004391,-1.0089506889107822,-0.987945020198822,1.9845623970031738,1.6223864555358887,-0.5823148488998413,0.12594062089920044,-0.5551391839981079,0.193277508020401,1.0155346393585205
1.318523153942428,8.496957877722657,-1.794161857405133,-1.794161857405133,0.21595890076471735,-0.9792516827583313,1.989424467086792,1.619835615158081,-0.5877245664596558,0.12350884824991226,-0.5335346460342407,0.1977260261774063,0.9630326628684998
1.322903629536921,5.035648686315035,-0.6446543094343753,-0.6446543094343753,0.1441961386301598,-0.9705370664596558,2.0009803771972656,1.6172610521316528,-0.5539001226425171,0.12117171287536621,-0.5922365188598633,0.20194455981254578,1.1588585376739502
1.327284105131414,9.42401296223462,-0.4455850063359788,-0.4455850063359788,0.07501004331240524,-0.9617718458175659,2.008230209350586,1.6148346662521362,-0.5511449575424194,0.11857743561267853,-0.6152734756469727,0.20702090859413147,1.2776705026626587
1.331664580725907,5.562969182067051,-2.038146713987337,-2.038146713987337,-1.1564693072421934,-0.9529748558998108,2.0205953121185303,1.6124204397201538,-0.5120434165000916,0.11588224768638611,-0.6304764747619629,0.21261771023273468,1.4661884307861328
1.3360450563204005,5.472189514089054,-1.2340490446804653,-1.2340490446804653,-0.16360718106780542,-0.9441236853599548,2.023669481277466,1.6101773977279663,-0.5286474823951721,0.11312045902013779,-0.656224250793457,0.21904031932353973,1.369592308998108
1.3404255319148937,3.786636430583649,-1.3066694965440004,-1.3066694965440004,-1.049177884791697,-0.9352590441703796,2.0303726196289062,1.6078616380691528,-0.5278698801994324,0.11024588346481323,-0.6874845623970032,0.2250397801399231,1.4430334568023682
1.3448060075093866,5.505516720172761,-2.014611092492199,-2.014611092492199,-0.7217804970860133,-0.9263650178909302,2.0314249992370605,1.6055493354797363,-0.5577220320701599,0.10723437368869781,-0.6950041055679321,0.23136095702648163,1.3318084478378296
1.3491864831038798,5.636916390303873,-0.4039745268470909,-0.4039745268470909,-0.5004014384710495,-0.917466402053833,2.0356013774871826,1.6031062602996826,-0.5668386816978455,0.1041899248957634,-0.7327588796615601,0.23719491064548492,1.3090583086013794
1.353566958698373,6.00292329585491,-0.39306643222726145,-0.39306643222726145,-0.645658776883246,-0.9085494875907898,2.0407464504241943,1.6006232500076294,-0.5708010196685791,0.10098009556531906,-0.7299429178237915,0.24292920529842377,1.3269375562667847
1.357947434292866,8.073162757906562,-2.9421536055803053,-2.9421536055803053,-0.8076047066903626,-0.8996100425720215,2.0455679893493652,1.5981228351593018,-0.5742787718772888,0.09778259694576263,-0.7225664258003235,0.24874182045459747,1.3263251781463623
1.362327909887359,3.124742585439813,0.0988871537257432,0.0988871537257432,-0.053169369774894504,-0.8906494975090027,2.0518743991851807,1.5956071615219116,-0.5629743337631226,0.09461741149425507,-0.784902036190033,0.2545517683029175,1.335811734199524
1.3667083854818525,7.824127159554563,-0.6128851172946799,-0.6128851172946799,-0.05536453194387303,-0.8816612958908081,2.055976390838623,1.5931410789489746,-0.5803801417350769,0.09117916971445084,-0.7804614901542664,0.26040324568748474,1.384296178817749
1.3710888610763454,6.4436276344489904,1.3460650450365121,1.3460650450365121,-1.1482844784037676,-0.8726551532745361,2.0653412342071533,1.590598702430725,-0.5576575398445129,0.08776037395000458,-0.796742856502533,0.2664671242237091,1.5189334154129028
1.3754693366708386,1.3189681199531424,1.8422775500967168,1.8422775500967168,-0.6212556706297867,-0.8636080026626587,2.0678741931915283,1.5881558656692505,-0.5665401220321655,0.08427026122808456,-0.7238999605178833,0.2731207609176636,1.4387891292572021
1.3798498122653315,3.856980972137657,-1.1554892497763984,-1.1554892497763984,-1.1834932699685368,-0.8545497059822083,2.067129373550415,1.5856741666793823,-0.6096932888031006,0.08109923452138901,-0.6519569754600525,0.2794233560562134,1.3555021286010742
1.3842302878598247,5.004753374446757,0.5301603893262988,0.5301603893262988,-0.5944422611990609,-0.8454946875572205,2.066049098968506,1.5830034017562866,-0.6412413716316223,0.07824335247278214,-0.6511391401290894,0.285361111164093,1.2214006185531616
1.388610763454318,6.954989853395914,-1.454796313577186,-1.454796313577186,-0.3477687108503511,-0.8364444375038147,2.0689876079559326,1.5801944732666016,-0.6523667573928833,0.07539105415344238,-0.6182971596717834,0.2907114326953888,1.2101150751113892
1.3929912390488108,6.151312909265206,0.32722330024353974,0.32722330024353974,-0.07448799895602365,-0.8273813128471375,2.0752100944519043,1.5773367881774902,-0.642445981502533,0.07268261909484863,-0.6506258845329285,0.2960123121738434,1.2769837379455566
1.397371714643304,6.7630635612505925,-1.5008210879245198,-1.5008210879245198,-0.6784669991865511,-0.8182908892631531,2.0820515155792236,1.574522614479065,-0.6345397233963013,0.06983257085084915,-0.6388946175575256,0.30160611867904663,1.3762637376785278
1.4017521902377972,7.732874446959139,-2.361917242800001,-2.361917242800001,-0.10273778517190352,-0.8091704845428467,2.086231231689453,1.5717430114746094,-0.6322795748710632,0.06703390926122665,-0.662909984588623,0.30763480067253113,1.3819353580474854
1.4061326658322904,1.8249041277802975,-1.301753800377751,-1.301753800377751,0.014430169558912853,-0.8000317811965942,2.0945544242858887,1.5689733028411865,-0.6115301847457886,0.06413004547357559,-0.7288851737976074,0.31368833780288696,1.5045925378799438
1.4105131414267835,5.509455751273592,-0.397994287549479,-0.397994287549479,-1.007171325694279,-0.790856659412384,2.0975379943847656,1.566294550895691,-0.6390539407730103,0.06093718111515045,-0.7673219442367554,0.32027918100357056,1.540157675743103
1.4148936170212765,7.076448229786925,-0.5935983901593536,-0.5935983901593536,-1.2733796706031466,-0.7816684246063232,2.0982954502105713,1.56349515914917,-0.6534332633018494,0.05757594481110573,-0.7495320439338684,0.32702580094337463,1.4654390811920166
1.4192740926157696,9.469512221232923,0.5542375874475582,0.5542375874475582,-0.5427558948724177,-0.7724769115447998,2.0987472534179688,1.5606328248977661,-0.6591981649398804,0.05429263785481453,-0.7296802997589111,0.33344513177871704,1.3726240396499634
1.4236545682102628,7.421128284373163,-0.5587633544421642,-0.5587633544421642,0.07090936445646978,-0.763283371925354,2.1057090759277344,1.5577452182769775,-0.6317245960235596,0.05109629034996033,-0.6976445913314819,0.3394578695297241,1.4489179849624634
1.4280350438047558,3.5009477652544434,-1.8938766518401589,-1.8938766518401589,0.01337713472196611,-0.754059374332428,2.1143977642059326,1.5549780130386353,-0.6108822226524353,0.048040274530649185,-0.7160330414772034,0.3458048105239868,1.5942319631576538
1.432415519399249,6.50224156172308,0.27378658601142225,0.27378658601142225,-0.8306130456336265,-0.7447972893714905,2.119025707244873,1.5523020029067993,-0.6243849396705627,0.0449037104845047,-0.771730899810791,0.3527882993221283,1.6591325998306274
1.436795994993742,7.380916439372169,1.2974743170513277,1.2974743170513277,0.3858653740856828,-0.7355149388313293,2.1211509704589844,1.5495668649673462,-0.6273902654647827,0.04152316227555275,-0.7394789457321167,0.3600561022758484,1.6312611103057861
1.4411764705882353,6.779243240684678,-0.10382495885021104,-0.10382495885021104,-0.9053718723164961,-0.7262232899665833,2.131901979446411,1.5468186140060425,-0.6017040014266968,0.03828389197587967,-0.7128570675849915,0.3672018051147461,1.829115390777588
1.4455569461827285,7.426411579981157,2.730800692533127,2.730800692533127,-0.8450004551252602,-0.7168845534324646,2.133683443069458,1.5441828966140747,-0.6038488745689392,0.03516123816370964,-0.6894493699073792,0.37521418929100037,1.7924079895019531
1.4499374217772214,5.959873910958837,1.4648803545534224,1.4648803545534224,-0.1859708654278382,-0.7075380086898804,2.136229991912842,1.5415377616882324,-0.5995092988014221,0.032141122967004776,-0.5850246548652649,0.383065789937973,1.7770936489105225
1.4543178973717146,6.865901076000431,-1.0151343898605822,-1.0151343898605822,-0.4081807489692455,-0.6981803178787231,2.1418185234069824,1.5389115810394287,-0.5961211919784546,0.02957843616604805,-0.5368145704269409,0.390850305557251,1.8495653867721558
1.4586983729662075,6.050983109631488,-0.4242061911546601,-0.4242061911546601,-0.8465496048530383,-0.6887981295585632,2.1467037200927734,1.5363003015518188,-0.5890807509422302,0.02722693234682083,-0.5545395612716675,0.39895227551460266,1.8990287780761719
1.4630788485607007,8.131846640920207,-1.1935577811379132,-1.1935577811379132,-1.155673991564488,-0.679394543170929,2.147649049758911,1.5337198972702026,-0.5965383648872375,0.02479778602719307,-0.542205810546875,0.4072709381580353,1.8579505681991577
1.467459324155194,3.2833299295125253,-0.5969986162019785,-0.5969986162019785,-0.5063331507290465,-0.6699868440628052,2.1479697227478027,1.5311068296432495,-0.591884970664978,0.0224226675927639,-0.543312132358551,0.415409654378891,1.7990281581878662
1.471839799749687,5.04791865583634,1.8543428089974883,1.8543428089974883,-2.306854926342149,-0.6605777144432068,2.1485135555267334,1.5285141468048096,-0.6166788935661316,0.020042702555656433,-0.5459598302841187,0.4232902526855469,1.768120288848877
1.4762202753441802,7.017344431076758,-0.1371585098888397,-0.1371585098888397,-0.9549894858966306,-0.6511662006378174,2.1366705894470215,1.5258127450942993,-0.6574371457099915,0.017651138827204704,-0.4244396686553955,0.43103545904159546,1.4557256698608398
1.4806007509386734,6.977959623532099,-0.5219418454350093,-0.5219418454350093,-0.5559265468409427,-0.6418065428733826,2.1363704204559326,1.5229328870773315,-0.6585471630096436,0.015791891142725945,-0.40055641531944275,0.43741223216056824,1.4106264114379883
1.4849812265331663,7.706646074391809,-1.4988117040590148,-1.4988117040590148,-1.3190267507494382,-0.6324481964111328,2.139003038406372,1.5200481414794922,-0.6532335877418518,0.014037263579666615,-0.3995639681816101,0.443591445684433,1.4334776401519775
1.4893617021276595,9.572053157724238,0.8124620899559021,0.8124620899559021,-0.7601577122954163,-0.6230783462524414,2.136091709136963,1.5171866416931152,-0.6548144817352295,0.01228698343038559,-0.4048142731189728,0.449870765209198,1.3362298011779785
1.493742177722153,4.834620016307166,-0.237773550023334,-0.237773550023334,0.5076154175798867,-0.6137212514877319,2.1390724182128906,1.5143182277679443,-0.6314603090286255,0.010513704270124435,-0.35888880491256714,0.4557240903377533,1.3668079376220703
1.4981226533166456,7.170405806488519,-1.0277165648164748,-1.0277165648164748,-0.5832253213300209,-0.6043511033058167,2.1482627391815186,1.511552095413208,-0.6261982321739197,0.00894160009920597,-0.38065654039382935,0.4617113471031189,1.5362473726272583
1.5025031289111388,8.43926995334987,0.30195017677364067,0.30195017677364067,0.07955178948731212,-0.5949406623840332,2.150635242462158,1.5088090896606445,-0.6200348138809204,0.007274143397808075,-0.393637090921402,0.46844083070755005,1.55588960647583
1.506883604505632,5.796321047493161,-1.7303950168184241,-1.7303950168184241,-0.34181234569448604,-0.5855198502540588,2.159632682800293,1.5060930252075195,-0.5923905968666077,0.005549825727939606,-0.3871423602104187,0.4752563536167145,1.7109819650650024
1.5112640801001251,6.302391970899957,1.211689103058478,1.211689103058478,-0.04998091999582499,-0.5760596394538879,2.162932872772217,1.5034980773925781,-0.5938073396682739,0.00385395810008049,-0.42769336700439453,0.4827512800693512,1.7484796047210693
1.5156445556946183,5.227128261097675,-2.655421233620429,-2.655421233620429,-1.5286447586369172,-0.5665849447250366,2.169188976287842,1.50089693069458,-0.5863127112388611,0.0019804576877504587,-0.3908486068248749,0.4904104471206665,1.8444244861602783
1.5200250312891113,7.31030644801951,-1.458759819885826,-1.458759819885826,0.660173047636938,-0.5570828914642334,2.1616079807281494,1.4983285665512085,-0.6122337579727173,0.0002683548955246806,-0.4237540364265442,0.4984899163246155,1.666197657585144
1.5244055068836044,10.91162887611857,-2.5389576857949754,-2.5389576857949754,-1.2931422927587053,-0.5476140379905701,2.1748809814453125,1.4956467151641846,-0.5849288105964661,-0.001587889390066266,-0.48563361167907715,0.5057886838912964,1.9005272388458252
1.5287859824780976,7.928157447345159,1.3656345570549475,1.3656345570549475,0.2358920659948215,-0.538087010383606,2.173882007598877,1.49308443069458,-0.5603842735290527,-0.003715195693075657,-0.522015392780304,0.5141139030456543,1.8550783395767212
1.5331664580725906,9.616319845406661,0.050308343172472236,0.050308343172472236,-0.34012952746840436,-0.5285643935203552,2.1841185092926025,1.4906296730041504,-0.5354175567626953,-0.006001871544867754,-0.4890233278274536,0.5222400426864624,2.0247180461883545
1.5375469336670835,8.03063498300103,-1.6561888341751154,-1.6561888341751154,0.1497662945628946,-0.5189968943595886,2.190614700317383,1.4882842302322388,-0.5063081979751587,-0.00814402662217617,-0.47762131690979004,0.5311092734336853,2.1211671829223633
1.541927409261577,6.21811038576379,0.23150169418727756,0.23150169418727756,-0.7137040815638025,-0.5094009637832642,2.200486421585083,1.4860663414001465,-0.4824784994125366,-0.010236235335469246,-0.5303609371185303,0.5404009819030762,2.275944948196411
1.54630788485607,5.830934418515273,-1.9240464293096382,-1.9240464293096382,-1.6525169958290675,-0.49976179003715515,2.200807571411133,1.4839528799057007,-0.48758184909820557,-0.012559468857944012,-0.5027579069137573,0.5503706932067871,2.251523017883301
1.5506883604505632,8.053545709301915,0.2329399742360465,0.2329399742360465,-0.9615993008037816,-0.4901212155818939,2.1914148330688477,1.4818170070648193,-0.5108399987220764,-0.014761787839233875,-0.5106874108314514,0.5602334141731262,2.0577547550201416
1.5550688360450562,9.761515506497142,-0.5138870534527736,-0.5138870534527736,-0.9189483192394398,-0.4805217683315277,2.1900227069854736,1.4795793294906616,-0.5049329996109009,-0.016998842358589172,-0.47580307722091675,0.5692473649978638,2.0177245140075684
1.5594493116395494,5.725427714589572,0.6357729285405098,0.6357729285405098,0.7531168666066016,-0.470928430557251,2.1901350021362305,1.4773675203323364,-0.48460325598716736,-0.019083086401224136,-0.4639739990234375,0.5780859589576721,2.010751485824585
1.5638297872340423,4.827116499064937,0.8041797195405145,0.8041797195405145,-0.84456159072718,-0.46133458614349365,2.203933000564575,1.4752447605133057,-0.4707059860229492,-0.021115513518452644,-0.46740081906318665,0.5868940353393555,2.2296178340911865
1.5682102628285357,8.606587481120464,0.0005153911330540439,0.0005153911330540439,-0.8400298269978839,-0.4516803026199341,2.2009012699127197,1.4731827974319458,-0.4893375635147095,-0.023162951692938805,-0.41925233602523804,0.5966607928276062,2.1575489044189453
1.5725907384230289,6.336322150888753,-1.9356723171811756,-1.9356723171811756,-0.6678187002370377,-0.4420393109321594,2.20052433013916,1.4710392951965332,-0.4775516986846924,-0.024999476969242096,-0.39470574259757996,0.6061118841171265,2.1431779861450195
1.5769712140175218,7.655943960206468,0.6718667019913943,0.6718667019913943,-0.6897278806223639,-0.4323999583721161,2.200031280517578,1.468947410583496,-0.4813612997531891,-0.026728475466370583,-0.43173110485076904,0.6155000329017639,2.123270273208618
1.581351689612015,5.565596054606729,0.23346221937973755,0.23346221937973755,0.03276658483055217,-0.42276278138160706,2.2001168727874756,1.4668388366699219,-0.4750330448150635,-0.028619663789868355,-0.3919682204723358,0.624800980091095,2.1185479164123535
1.5857321652065082,6.7101700386111265,-1.2215898218467167,-1.2215898218467167,-0.4056545477186123,-0.413125216960907,2.2063610553741455,1.4647579193115234,-0.47447243332862854,-0.030336670577526093,-0.38610726594924927,0.634081244468689,2.2068545818328857
1.5901126408010011,5.073313497485609,-1.361820333298686,-1.361820333298686,-1.0350428094946822,-0.403460294008255,2.208693027496338,1.4626795053482056,-0.47167155146598816,-0.03202800452709198,-0.4099351763725281,0.6437483429908752,2.235438823699951
1.5944931163954943,5.2787903044670506,1.4453773904767415,1.4453773904767415,-1.0251835810978958,-0.39378517866134644,2.2026870250701904,1.4606133699417114,-0.4913904070854187,-0.03382371738553047,-0.4194781184196472,0.6535406112670898,2.130336284637451
1.5988735919899877,9.89991510382418,1.3762237381566058,1.3762237381566058,-1.0712931760975648,-0.3841363489627838,2.196560859680176,1.458460807800293,-0.509221613407135,-0.035661231726408005,-0.34732991456985474,0.6628724932670593,2.02921724319458
1.6032540675844804,5.980854787933015,-1.9256352871152043,-1.9256352871152043,-0.436307092054834,-0.3745143711566925,2.1928462982177734,1.4562301635742188,-0.4912450611591339,-0.037182703614234924,-0.2758546471595764,0.6717614531517029,1.9855883121490479
1.6076345431789736,5.639420968209691,-0.1366065756415175,-0.1366065756415175,0.15141790988072146,-0.3649086654186249,2.193458080291748,1.4540783166885376,-0.4947965443134308,-0.038391079753637314,-0.3193477392196655,0.6804592609405518,1.9949742555618286
1.6120150187734668,8.16426293097443,0.5188998091074897,0.5188998091074897,-1.0856739775996536,-0.35530027747154236,2.200658082962036,1.4519108533859253,-0.4925724267959595,-0.03978997468948364,-0.3277589678764343,0.6891981959342957,2.1005399227142334
1.61639549436796,9.810040477127899,-0.3039964533355761,-0.3039964533355761,-0.3396487131835533,-0.34566035866737366,2.195021867752075,1.4497531652450562,-0.48873671889305115,-0.04122571647167206,-0.28090032935142517,0.698399543762207,2.026524066925049
1.620775969962453,7.248939798743661,1.7127461307140337,1.7127461307140337,0.06993049142558283,-0.33604511618614197,2.199150562286377,1.4476122856140137,-0.4613562822341919,-0.04245619475841522,-0.27985918521881104,0.7072767019271851,2.103259563446045
1.625156445556946,6.891119280053988,-1.3582264854145831,-1.3582264854145831,-0.016912601591362875,-0.32641178369522095,2.2065088748931885,1.4455913305282593,-0.4483322203159332,-0.04368210956454277,-0.23188376426696777,0.7164899706840515,2.214568614959717
1.6295369211514392,9.479468853543638,-2.498810523034288,-2.498810523034288,-1.080382955207391,-0.31674623489379883,2.2126755714416504,1.4436274766921997,-0.43962571024894714,-0.04469786956906319,-0.27105438709259033,0.7261908054351807,2.30502986907959
1.6339173967459324,11.084757737800814,1.4366545276507188,1.4366545276507188,-0.3071909550489468,-0.30705365538597107,2.207444190979004,1.4417016506195068,-0.4260568618774414,-0.04588521644473076,-0.3124769628047943,0.7362879514694214,2.245210886001587
1.6382978723404251,5.753219189902747,-1.4824507624324053,-1.4824507624324053,-0.7953481692225057,-0.29738399386405945,2.212639570236206,1.4398353099822998,-0.3893987238407135,-0.047254014760255814,-0.2615511417388916,0.7461230158805847,2.3390910625457764
1.6426783479349183,8.454286005408003,0.8277653789886021,0.8277653789886021,0.4752772152295768,-0.287691593170166,2.2081716060638428,1.4381295442581177,-0.4008048176765442,-0.048399731516838074,-0.2816167175769806,0.7563693523406982,2.276913642883301
1.6470588235294117,5.58638908370248,0.9538135961089816,0.9538135961089816,-0.6773344657372704,-0.2780187427997589,2.2214603424072266,1.4363738298416138,-0.37416693568229675,-0.04963334649801254,-0.27132293581962585,0.7663432955741882,2.4687654972076416
1.6514392991239049,8.976308702527403,0.19466397218117265,0.19466397218117265,-0.7276232641383106,-0.26828768849372864,2.218273162841797,1.43473482131958,-0.3855490982532501,-0.05082187056541443,-0.2236882448196411,0.7771576642990112,2.423121929168701
1.655819774718398,3.8153860457703646,2.6117627073992074,2.6117627073992074,-0.4136670055481535,-0.2585706114768982,2.216279983520508,1.4330459833145142,-0.37174445390701294,-0.05180172994732857,-0.19675453007221222,0.7877721190452576,2.4107320308685303
1.660200250312891,5.87922440360017,-0.6250456488350039,-0.6250456488350039,1.4997083791212473,-0.24886225163936615,2.215071439743042,1.4314175844192505,-0.39312586188316345,-0.05266360938549042,-0.10840238630771637,0.7983322739601135,2.3867876529693604
1.6645807259073842,5.343939363766376,-1.068289140252737,-1.068289140252737,-0.1765213007402946,-0.23915918171405792,2.240586757659912,1.4296954870224,-0.3739067614078522,-0.05313846468925476,-0.17045193910598755,0.8087875247001648,2.7187986373901367
1.668961201501877,5.138868790128076,-1.130010817713886,-1.130010817713886,-0.5719927629033547,-0.22934433817863464,2.243809938430786,1.4280575513839722,-0.38131076097488403,-0.05388512462377548,-0.19649438560009003,0.8206971287727356,2.7533023357391357
1.6733416770963705,8.80351019017485,-1.0110815766158086,-1.0110815766158086,-0.9654046650720007,-0.2195153832435608,2.241460084915161,1.4263871908187866,-0.3954992890357971,-0.054745864123106,-0.21279028058052063,0.8327578902244568,2.7159423828125
1.6777221526908634,3.718482119184003,-0.6423036518595263,-0.6423036518595263,-1.7783886264270268,-0.2096967250108719,2.235555410385132,1.4246547222137451,-0.3871254324913025,-0.05567798763513565,-0.2141241878271103,0.8446550369262695,2.652806520462036
1.6821026282853566,6.7597132751364475,-1.4355551864279041,-1.4355551864279041,-0.1769132457225922,-0.1999039351940155,2.2150139808654785,1.4229589700698853,-0.42685335874557495,-0.05661595240235329,-0.18094690144062042,0.8562756180763245,2.3882486820220947
1.6864831038798498,6.128631654788696,1.3378260462730496,1.3378260462730496,-0.7044146698384158,-0.19020111858844757,2.2180464267730713,1.4210891723632812,-0.4236314296722412,-0.05740858614444733,-0.21770323812961578,0.8667373061180115,2.4349236488342285
1.690863579474343,4.59819011553896,-0.14152227406963788,-0.14152227406963788,-1.2799144402687468,-0.18048502504825592,2.2131688594818115,1.4192334413528442,-0.43170714378356934,-0.05836223065853119,-0.15806333720684052,0.8774034380912781,2.3820700645446777
1.695244055068836,7.909710126370058,-0.31475723083528545,-0.31475723083528545,-1.8342935457419618,-0.17079028487205505,2.1989314556121826,1.4173423051834106,-0.45796072483062744,-0.059054624289274216,-0.12481867522001266,0.8878380656242371,2.211577892303467
1.699624530663329,6.000151277513396,-0.2858102798491168,-0.2858102798491168,-1.1284518771305903,-0.16115792095661163,2.17792010307312,1.41533625125885,-0.4659181833267212,-0.05960138887166977,-0.08044339716434479,0.8975258469581604,1.980549693107605
1.7040050062578225,6.9081692569837765,0.8109422395718549,0.8109422395718549,0.08448759437970887,-0.1516176015138626,2.1656596660614014,1.4132952690124512,-0.4792729616165161,-0.05995376780629158,-0.05583558976650238,0.9062016010284424,1.8498761653900146
1.7083854818523152,8.81106705366097,0.720576073917842,0.720576073917842,-0.7202518473617927,-0.1421309858560562,2.1713929176330566,1.4111958742141724,-0.47174543142318726,-0.060198355466127396,-0.03462081402540207,0.9143049120903015,1.937932014465332
1.7127659574468084,5.097708541766199,1.5773794375809413,1.5773794375809413,0.7924573772011786,-0.132619246840477,2.1661999225616455,1.4091293811798096,-0.4596928656101227,-0.06035001203417778,0.007455930113792419,0.922793984413147,1.9058151245117188
1.7171464330413015,7.620743523620415,-0.04653000817524072,-0.04653000817524072,-0.09445522598135753,-0.12313026189804077,2.181558609008789,1.4071156978607178,-0.4577696919441223,-0.060317352414131165,0.03037814237177372,0.9311423897743225,2.0958046913146973
1.7215269086357947,10.79229617687795,-0.012230493827110223,-0.012230493827110223,-0.13205139857723558,-0.11357399821281433,2.1850879192352295,1.405110478401184,-0.4477914273738861,-0.060184281319379807,0.03177770972251892,0.940322995185852,2.157475709915161
1.725907384230288,7.574658230887257,-1.199453427822413,-1.199453427822413,-0.36299187383722326,-0.10400227457284927,2.189580202102661,1.403148889541626,-0.4153417944908142,-0.06004507839679718,0.035276859998703,0.9497737884521484,2.2435765266418457
1.7302878598247808,7.575066118525844,-0.4785736267945111,-0.4785736267945111,-0.5036809260533911,-0.09441087394952774,2.189042329788208,1.401329517364502,-0.4091280996799469,-0.05989054962992668,0.01084952987730503,0.9596017003059387,2.2561144828796387
1.734668335419274,8.401346494068166,0.5832277519920195,0.5832277519920195,-0.5909307941198814,-0.08482182770967484,2.1862587928771973,1.3995373249053955,-0.4045390784740448,-0.059843022376298904,0.01158274244517088,0.9694845676422119,2.24314546585083
1.7390488110137672,6.788813427302326,0.2144347060810339,0.2144347060810339,0.2409835191402966,-0.0752449780702591,2.182363748550415,1.3977652788162231,-0.3949473798274994,-0.05979228392243385,0.04587189480662346,0.9793106317520142,2.2218503952026367
1.74342928660826,5.918132580267084,0.16984951492259986,0.16984951492259986,-0.8410034782197583,-0.06568518280982971,2.1904797554016113,1.3960351943969727,-0.3883548676967621,-0.05959134176373482,0.04509658366441727,0.9890434145927429,2.327916383743286
1.7478097622027533,9.742423188179359,-0.5107835274111875,-0.5107835274111875,0.01687452659057803,-0.056089840829372406,2.1813864707946777,1.3943339586257935,-0.3995061218738556,-0.05939379706978798,0.0746167004108429,0.9992408156394958,2.2375705242156982
1.7521902377972465,4.393081775073219,-1.4173787044591348,-1.4173787044591348,-0.18866573432634526,-0.046534329652786255,2.187197685241699,1.392583966255188,-0.37433910369873047,-0.05906694009900093,0.05920741334557533,1.0090423822402954,2.32977032661438
1.7565707133917396,5.094229302489503,-0.10558634838271311,-0.10558634838271311,0.10647538660348022,-0.036953363567590714,2.1874732971191406,1.390944242477417,-0.3898922801017761,-0.058807581663131714,0.023325104266405106,1.0192478895187378,2.336698293685913
1.7609511889862328,9.840930244352165,2.24520568689853,2.24520568689853,-0.3722196892410663,-0.02737119048833847,2.1926772594451904,1.389236330986023,-0.3976162075996399,-0.0587054081261158,0.0171322301030159,1.0294837951660156,2.400186777114868
1.7653316645807258,7.535510921233802,-2.360108562571125,-2.360108562571125,-0.33620728837591946,-0.01776622235774994,2.1921820640563965,1.3874945640563965,-0.3763563930988312,-0.058630362153053284,0.09356935322284698,1.0399976968765259,2.4211742877960205
1.769712140175219,8.673624965531793,0.43188309981026984,0.43188309981026984,-0.5136283123366803,-0.008163422346115112,2.191197395324707,1.3858458995819092,-0.37131908535957336,-0.05822048336267471,0.03446502238512039,1.0506036281585693,2.4270803928375244
1.774092615769712,8.342878831351797,0.5882830132097991,0.5882830132097991,-0.5014026691910642,0.00143506471067667,2.1876673698425293,1.3842192888259888,-0.3599575459957123,-0.05806950852274895,0.06207695230841637,1.0612354278564453,2.4104855060577393
1.778473091364205,8.884849384520571,-1.2145166925926587,-1.2145166925926587,0.5753813980847913,0.011018088087439537,2.184021234512329,1.3826425075531006,-0.35086962580680847,-0.05779758095741272,0.09389922767877579,1.0717945098876953,2.39178204536438
1.7828535669586982,8.311175375529361,0.37220236928868256,0.37220236928868256,-0.8854632709962726,0.020585140213370323,2.1980791091918945,1.3811055421829224,-0.32835209369659424,-0.057386256754398346,0.041628528386354446,1.082271695137024,2.5623040199279785
1.7872340425531914,7.24961109583305,0.3974132043462322,0.3974132043462322,0.604716491903986,0.030213773250579834,2.1879403591156006,1.3796671628952026,-0.3233073353767395,-0.057203903794288635,0.07835635542869568,1.0934958457946777,2.474017381668091
1.7916145181476846,8.064907763587204,0.3657601172218058,0.3657601172218058,0.2938988370349495,0.03979799151420593,2.2018628120422363,1.3782509565353394,-0.3127303719520569,-0.05686066672205925,0.07230244576931,1.1043331623077393,2.633957862854004
1.7959949937421775,6.775580547036826,-1.546005022222299,-1.546005022222299,-0.03126135343882397,0.04944320023059845,2.210993528366089,1.3768810033798218,-0.2996422052383423,-0.056543946266174316,0.07440102100372314,1.1158711910247803,2.7448787689208984
1.8003754693366707,6.315103477759626,-0.4810594464546829,-0.4810594464546829,-0.8857536032879346,0.059128403663635254,2.214257001876831,1.3755683898925781,-0.2987067699432373,-0.05621803551912308,0.03016570582985878,1.1278951168060303,2.7886195182800293
1.804755944931164,6.407452583517469,0.25994622386301214,0.25994622386301214,0.30742602778813377,0.06882790476083755,2.202854871749878,1.3742599487304688,-0.30806615948677063,-0.056085895746946335,0.041984058916568756,1.1401106119155884,2.6798675060272217
1.809136420525657,3.9726685238215484,0.3959288472500929,0.3959288472500929,-2.3209939115688387,0.07847745716571808,2.211411237716675,1.372910499572754,-0.3071606755256653,-0.05590198561549187,0.040597498416900635,1.1518497467041016,2.7769107818603516
1.81351689612015,6.770692004741237,-0.2435566014143158,-0.2435566014143158,-0.34532411777872984,0.08816449344158173,2.1743741035461426,1.3715649843215942,-0.34355783462524414,-0.05572414770722389,0.11994025856256485,1.1640139818191528,2.4016273021698
1.8178973717146432,6.593929537108477,-0.34269426136767633,-0.34269426136767633,0.2630409448197479,0.09768928587436676,2.1713340282440186,1.3700600862503052,-0.3447268009185791,-0.055198751389980316,0.12291219085454941,1.1745342016220093,2.385406494140625
1.8222778473091363,9.557672449723128,-0.21566357420659066,-0.21566357420659066,-0.5695572380575398,0.10720076411962509,2.178600549697876,1.3685500621795654,-0.3427346348762512,-0.054660338908433914,0.10522280633449554,1.1849833726882935,2.4721715450286865
1.8266583229036293,6.716624485116667,0.5424433574675573,0.5424433574675573,-0.13112114948823955,0.11674407124519348,2.1721627712249756,1.367048740386963,-0.32649946212768555,-0.05419941246509552,0.11555762588977814,1.195812702178955,2.4317150115966797
1.831038798498123,3.9394301243325107,-1.7912840255588545,-1.7912840255588545,-0.5483289745835989,0.12625917792320251,2.1724660396575928,1.3656184673309326,-0.3267584443092346,-0.05369321629405022,0.13522784411907196,1.2064647674560547,2.4486260414123535
1.835419274092616,6.334103588474893,0.20187571765792356,0.20187571765792356,-0.74438139767824,0.1357756108045578,2.1647627353668213,1.3641871213912964,-0.34898123145103455,-0.05310085415840149,0.09892961382865906,1.2171908617019653,2.376250982284546
1.8397997496871088,11.29413277334502,0.2875071401263143,0.2875071401263143,-0.7694569110503962,0.14525830745697021,2.1539456844329834,1.3626583814620972,-0.35586097836494446,-0.05266749486327171,0.12656332552433014,1.2275999784469604,2.2824904918670654
1.844180225281602,8.77238665678799,-1.5278046370929672,-1.5278046370929672,-1.2311356114382308,0.1546936184167862,2.1434237957000732,1.3610994815826416,-0.32871386408805847,-0.052113085985183716,0.1574300229549408,1.2375984191894531,2.209829568862915
1.848560700876095,9.768780701462594,1.0021639429248206,1.0021639429248206,-0.1383976792580826,0.1640828400850296,2.1240286827087402,1.3596595525741577,-0.32147136330604553,-0.05142346769571304,0.14876633882522583,1.2472785711288452,2.0422773361206055
1.852941176470588,8.614792249678093,-1.5689713361302349,-1.5689713361302349,-0.2319865487814967,0.1733870953321457,2.123889446258545,1.3582513332366943,-0.3005046248435974,-0.0507717989385128,0.18207435309886932,1.2562247514724731,2.0674197673797607
1.8573216520650813,7.952180502922488,0.579853045424977,0.579853045424977,-0.43055170015162614,0.18269073963165283,2.121795892715454,1.3569350242614746,-0.28806182742118835,-0.049974225461483,0.14303016662597656,1.265281081199646,2.0692780017852783
1.8617021276595744,9.342362060143719,-0.6972574111539644,-0.6972574111539644,0.7509063068331302,0.19198521971702576,2.1159560680389404,1.3556731939315796,-0.2812936007976532,-0.049347683787345886,0.1725371927022934,1.2743455171585083,2.032355308532715
1.866082603254068,8.533437596360466,-1.8636463848540887,-1.8636463848540887,-0.766489804342193,0.20125411450862885,2.1313042640686035,1.3544410467147827,-0.2585662603378296,-0.048591889441013336,0.13024622201919556,1.2832481861114502,2.20503568649292
1.8704630788485608,10.649234371279737,-1.4994421124266455,-1.4994421124266455,-0.4000251808114318,0.21059024333953857,2.119366407394409,1.3533084392547607,-0.2499108910560608,-0.048021350055933,0.09820577502250671,1.2929072380065918,2.1101579666137695
1.8748435544430535,12.060488211254086,-1.803650042888344,-1.803650042888344,0.3498599144111499,0.2198740839958191,2.114062786102295,1.352213740348816,-0.22480425238609314,-0.047591160982847214,0.06609931588172913,1.3021507263183594,2.086303949356079
1.879224030037547,5.962956255334418,0.05646899052005261,0.05646899052005261,-1.3776029911039573,0.2291346788406372,2.122249126434326,1.351228952407837,-0.18640950322151184,-0.04730161279439926,0.003210000693798065,1.3112897872924805,2.196298360824585
1.88360450563204,7.977741541632161,0.31457006977007795,0.31457006977007795,0.014219101036922366,0.2384311407804489,2.0985124111175537,1.350412368774414,-0.19789531826972961,-0.04728754982352257,0.04508945345878601,1.3209105730056763,1.9813791513442993
1.887984981226533,5.950176274885594,-0.8161862888469947,-0.8161862888469947,-0.7084041730420298,0.24762362241744995,2.0998618602752686,1.3495454788208008,-0.18874992430210114,-0.04709003493189812,0.053860653191804886,1.3295899629592896,2.013857364654541
1.8923654568210264,8.096242469028368,-1.1257299754307621,-1.1257299754307621,-0.7988074442466037,0.25682201981544495,2.0878443717956543,1.3487186431884766,-0.1966288685798645,-0.04685410112142563,0.05071307346224785,1.338411569595337,1.9127261638641357
1.8967459324155196,9.259151325007235,0.801960891033672,0.801960891033672,0.7141671253161151,0.26596778631210327,2.0741195678710938,1.3478573560714722,-0.19019193947315216,-0.04663195461034775,0.041165899485349655,1.3467901945114136,1.8024147748947144
1.9011264080100123,5.850969474404976,0.2851636870603834,0.2851636870603834,-0.8260766304758688,0.2750534117221832,2.087827444076538,1.3470242023468018,-0.16939027607440948,-0.0464516282081604,0.0437297560274601,1.354685664176941,1.956556797027588
1.9055068836045053,7.3192362633273245,0.22918332589674587,0.22918332589674587,-0.06411502251716755,0.2841990888118744,2.0732688903808594,1.3462822437286377,-0.17810752987861633,-0.04626007005572319,0.07618149369955063,1.3632563352584839,1.8320720195770264
1.9098873591989989,12.071570424485337,1.4644186596033046,1.4644186596033046,0.43994989888396974,0.2932809889316559,2.0724937915802,1.3455020189285278,-0.1737184077501297,-0.04592635855078697,0.08474673330783844,1.371281623840332,1.8429547548294067
1.914267834793492,7.369937901676368,-1.3820311507974692,-1.3820311507974692,0.6352684136640824,0.3023594915866852,2.0808441638946533,1.3447411060333252,-0.13561773300170898,-0.045555125921964645,0.1146644651889801,1.3793545961380005,1.953625202178955
1.9186483103879848,5.841155404454761,-5.172872703073684,-5.172872703073684,-1.0967905395868152,0.31147459149360657,2.092741012573242,1.3441470861434937,-0.1286788284778595,-0.04505284130573273,0.05575292184948921,1.387912392616272,2.083597183227539
1.923028785982478,8.306934254954434,-0.10066810788937869,-0.10066810788937869,-0.19403624190571134,0.32064178586006165,2.0727903842926025,1.3435834646224976,-0.1382603943347931,-0.04480861872434616,-0.0632815957069397,1.397039532661438,1.9087971448898315
1.9274092615769711,7.306045440322885,0.489374992676044,0.489374992676044,0.9209671539746705,0.329721599817276,2.0691635608673096,1.34297776222229,-0.12793973088264465,-0.04508582130074501,-0.060554951429367065,1.4054009914398193,1.8951927423477173
1.9317897371714643,8.346780850951381,-1.171028728055725,-1.171028728055725,-0.6570658228691973,0.3387855291366577,2.0859856605529785,1.3424173593521118,-0.12087313830852509,-0.04535108059644699,-0.07315880805253983,1.4137028455734253,2.070969820022583
1.9361702127659572,5.535049392649519,0.2411497570817826,0.2411497570817826,0.3610887391047516,0.3479231297969818,2.0735061168670654,1.3418878316879272,-0.11196918040513992,-0.045671552419662476,-0.08816815167665482,1.4227746725082397,1.974664568901062
1.9405506883604504,6.4521476143295775,-2.515859151780203,-2.515859151780203,-1.1800370254684422,0.3570060729980469,2.079904556274414,1.3413974046707153,-0.11879293620586395,-0.046057771891355515,-0.09167075157165527,1.431424617767334,2.0477285385131836
1.944931163954944,5.4336702388995,2.24967642991782,2.24967642991782,0.11942906711374468,0.36611703038215637,2.057553291320801,1.3408770561218262,-0.12371957302093506,-0.04645933210849762,-0.13068099319934845,1.440394639968872,1.8547570705413818
1.9493116395494368,7.290534474538573,-1.4658219778247408,-1.4658219778247408,1.0065772081657862,0.3751300871372223,2.0592119693756104,1.3403351306915283,-0.13176211714744568,-0.04703177884221077,-0.0684710144996643,1.4485193490982056,1.8839442729949951
1.9536921151439297,5.749496006527404,-1.3525093656419007,-1.3525093656419007,-0.38841549060137565,0.3841504156589508,2.076916217803955,1.3397579193115234,-0.12548980116844177,-0.047331713140010834,-0.14067290723323822,1.456771969795227,2.0683882236480713
1.9580725907384229,10.020473254644354,0.8749721554678866,0.8749721554678866,0.5396382446112632,0.3932482898235321,2.0688886642456055,1.3392082452774048,-0.13297942280769348,-0.04794792830944061,-0.16882750391960144,1.4658324718475342,2.0083351135253906
1.962453066332916,3.0764947194453693,0.41628105597655873,0.41628105597655873,-0.6970517588288433,0.4023109972476959,2.0770742893218994,1.3386257886886597,-0.11004018038511276,-0.04868747293949127,-0.15903468430042267,1.4746298789978027,2.112401247024536
1.9668335419274088,7.91767588122885,-2.9031880425153695,-2.9031880425153695,-0.30578428633175614,0.41140955686569214,2.0635995864868164,1.3381437063217163,-0.1358814835548401,-0.04938412085175514,-0.12652182579040527,1.4838831424713135,1.9945018291473389
1.9712140175219024,7.572084495134728,-0.9259658256111039,-0.9259658256111039,-0.7085343458279504,0.4204491078853607,2.0560624599456787,1.3375484943389893,-0.12852826714515686,-0.049938347190618515,-0.20237424969673157,1.4926199913024902,1.947138786315918
1.9755944931163956,9.157705002001547,-0.7181050976067559,-0.7181050976067559,-0.021004166008951053,0.42945563793182373,2.040908098220825,1.336985468864441,-0.12394432723522186,-0.0508248433470726,-0.20872393250465393,1.5011494159698486,1.8285197019577026
1.9799749687108883,6.870110653164436,-1.0907829606514068,-1.0907829606514068,-1.2977717367571273,0.43839579820632935,2.037876605987549,1.3364425897598267,-0.10761214792728424,-0.051739152520895004,-0.22908148169517517,1.5091592073440552,1.8281078338623047
1.9843554443053817,7.035867637093187,0.7047099315479987,0.7047099315479987,-0.43700051718356325,0.44732266664505005,2.011524200439453,1.3359712362289429,-0.10797496885061264,-0.05274263769388199,-0.2230367511510849,1.5171672105789185,1.6047906875610352
1.9887359198998744,13.339585903676493,2.587046745845779,2.587046745845779,0.48326116843556877,0.4561341106891632,2.0009727478027344,1.3354982137680054,-0.10582757741212845,-0.053719643503427505,-0.18969517946243286,1.524196982383728,1.5292812585830688
1.993116395494368,9.176439557095511,2.929237615556009,2.929237615556009,-0.4863308629778427,0.46489933133125305,2.005091428756714,1.3350346088409424,-0.060816846787929535,-0.05455059930682182,-0.12825797498226166,1.5308959484100342,1.6111369132995605
1.997496871088861,10.492239266335872,-1.1197832118068034,-1.1197832118068034,-0.3264072200280739,0.47368258237838745,1.9924511909484863,1.3347681760787964,-0.04439154267311096,-0.05511242896318436,-0.02851254492998123,1.537953495979309,1.5244600772857666
2.001877346683354,6.416446260179348,-0.5644221667277562,-0.5644221667277562,0.4545008037441255,0.4824104607105255,1.9820674657821655,1.334573745727539,-0.01893586479127407,-0.05523732677102089,-0.05168163776397705,1.5446313619613647,1.4636039733886719
2.0062578222778478,7.9129601781911925,-1.989568169303923,-1.989568169303923,-0.3484725331396257,0.49109286069869995,1.987855076789856,1.3344907760620117,-0.02005864307284355,-0.05546371638774872,-0.08143741637468338,1.5510426759719849,1.5387707948684692
2.0106382978723403,5.691760268053312,-1.8555906948407834,-1.8555906948407834,-0.38850223102857495,0.4998006224632263,1.9778711795806885,1.3344029188156128,-0.011694027110934258,-0.05582045018672943,-0.12936261296272278,1.5577832460403442,1.4731823205947876
2.015018773466833,9.353623658088296,-1.7143070097885356,-1.7143070097885356,-0.7165114656403458,0.5084646344184875,1.968014121055603,1.334351658821106,-0.017962101846933365,-0.05638711899518967,-0.17220625281333923,1.5642365217208862,1.4013944864273071
2.0193992490613266,6.467420556056443,2.217729593445643,2.217729593445643,-1.0488088806797136,0.5170854926109314,1.9501713514328003,1.3342729806900024,0.00021233037114143372,-0.057141464203596115,-0.2013450413942337,1.5703753232955933,1.2686854600906372
2.02377972465582,6.367594983312632,0.39751855349734705,0.39751855349734705,-0.3766172570065195,0.5256281495094299,1.9273595809936523,1.3342739343643188,-0.0005455462960526347,-0.05802345275878906,-0.10595176368951797,1.5759327411651611,1.0803256034851074
2.028160200250313,5.464923332596303,0.5551893319415253,0.5551893319415253,0.6804707200373415,0.5340709090232849,1.917043924331665,1.3342715501785278,-0.0017107032472267747,-0.05848757177591324,-0.08334454149007797,1.580665111541748,1.0076338052749634
2.032540675844806,6.2244673124731,-1.4475178392453238,-1.4475178392453238,0.2554014436218354,0.5424684882164001,1.926882266998291,1.3342640399932861,-0.008962665684521198,-0.0588526614010334,-0.08700315654277802,1.5850790739059448,1.118414044380188
2.036921151439299,4.648737877133039,-1.0082919458483186,-1.0082919458483186,0.44406007244278956,0.550909161567688,1.928292989730835,1.334224820137024,-0.011216080747544765,-0.05923377722501755,-0.1367338001728058,1.5899782180786133,1.1541080474853516
2.0413016270337923,10.215722801313731,-0.4793353163645751,-0.4793353163645751,0.8205878717163848,0.5593559741973877,1.9340153932571411,1.334175705909729,-0.024070480838418007,-0.05983273684978485,-0.17914707958698273,1.5950337648391724,1.2241461277008057
2.045682102628285,6.102457130377436,-0.11334441505156784,-0.11334441505156784,0.24116465282989574,0.5678278803825378,1.9435389041900635,1.3340703248977661,-0.00019490905106067657,-0.060617487877607346,-0.21710896492004395,1.6003961563110352,1.3501136302947998
2.0500625782227786,9.592527980088775,0.4151918576131739,0.4151918576131739,-0.9202365112568056,0.5763415098190308,1.944449543952942,1.3340694904327393,-0.0035793606657534838,-0.06156852841377258,-0.22746175527572632,1.606310248374939,1.3815678358078003
2.0544430538172715,6.028823898541107,-0.9586227583675397,-0.9586227583675397,0.5128486957481789,0.5848591327667236,1.9214134216308594,1.3340537548065186,0.016961922869086266,-0.062564916908741,-0.1884630173444748,1.6123621463775635,1.2049273252487183
2.0588235294117645,4.296412938602598,-2.5040259858243537,-2.5040259858243537,0.3142833166666195,0.5932758450508118,1.9271920919418335,1.3341280221939087,0.013013863936066628,-0.06339047104120255,-0.2314346432685852,1.6176402568817139,1.2819613218307495
2.063204005006258,8.371528242819325,-2.1047291228264458,-2.1047291228264458,-0.9555521854331189,0.6017178893089294,1.9302603006362915,1.334185004234314,-0.0024212300777435303,-0.06440426409244537,-0.31373822689056396,1.6232558488845825,1.3275117874145508
2.067584480600751,6.629421257275094,-2.50614250010962,-2.50614250010962,-0.3475106744712373,0.6101733446121216,1.9068162441253662,1.334174394607544,0.01042955182492733,-0.06577858328819275,-0.3472978472709656,1.6290709972381592,1.1438939571380615
2.071964956195244,5.047320206596268,-1.0205334476213033,-1.0205334476213033,0.6785603458684271,0.6185261011123657,1.8957372903823853,1.334220051765442,0.01135211531072855,-0.06729990988969803,-0.4103367328643799,1.6340818405151367,1.0684155225753784
2.076345431789737,5.783059582085158,0.6231873490522684,0.6231873490522684,0.13148858655370899,0.6268303394317627,1.9047815799713135,1.3342697620391846,0.0006471704691648483,-0.0690973773598671,-0.4599556624889374,1.6387619972229004,1.1735551357269287
2.08072590738423,7.506067341463267,1.238765019966202,1.238765019966202,-0.4938026356905007,0.6351742148399353,1.9029394388198853,1.3342726230621338,-0.004626781679689884,-0.07111220061779022,-0.44559648633003235,1.6439027786254883,1.1815344095230103
2.085106382978723,7.321283163341276,-0.8458933679677922,-0.8458933679677922,0.5577265550697311,0.6435099840164185,1.8879575729370117,1.3342523574829102,0.002418935764580965,-0.07306412607431412,-0.39500001072883606,1.6490784883499146,1.0759057998657227
2.0894868585732165,12.055795978757626,-0.4876445549618702,-0.4876445549618702,0.405656679729748,0.6517801284790039,1.8925305604934692,1.3342629671096802,0.006868693977594376,-0.07479441165924072,-0.4359901547431946,1.6537914276123047,1.1517832279205322
2.093867334167709,7.249798587607126,-0.3770411157132152,-0.3770411157132152,0.36320636326069256,0.6600703001022339,1.890226125717163,1.334293007850647,0.04299309477210045,-0.07670425623655319,-0.46207737922668457,1.658836841583252,1.1865605115890503
2.098247809762203,3.522750951234942,-1.854611829604749,-1.854611829604749,-0.19079964617535583,0.6683503985404968,1.8908414840698242,1.3344813585281372,0.04709271714091301,-0.07872837781906128,-0.4836949408054352,1.6640344858169556,1.2271826267242432
2.102628285356696,8.094738524190943,0.7744065066171826,0.7744065066171826,-0.5314493322897433,0.6766331791877747,1.8841655254364014,1.33468759059906,0.027235325425863266,-0.08084718883037567,-0.5322835445404053,1.6694101095199585,1.1828910112380981
2.1070087609511887,10.206701766261173,-1.2948063527081923,-1.2948063527081923,0.3367668857500028,0.6848866939544678,1.8669533729553223,1.3348069190979004,0.038582395762205124,-0.08317884057760239,-0.4941484034061432,1.6745917797088623,1.0639007091522217
2.111389236545682,4.309082454838674,1.5145425672198187,1.5145425672198187,0.016783840615548034,0.69306480884552,1.8637030124664307,1.3349759578704834,0.06253551691770554,-0.08534344285726547,-0.5417954921722412,1.6792521476745605,1.0867019891738892
2.115769712140175,7.526166801086402,2.5379610061747537,2.5379610061747537,0.2303803213108741,0.7012287378311157,1.859842300415039,1.335249900817871,0.04773716628551483,-0.08771676570177078,-0.49805617332458496,1.6840124130249023,1.0740880966186523
2.1201501877346685,3.5791027408776896,-0.9764871730425908,-0.9764871730425908,-0.1087747071079816,0.7093757390975952,1.8566560745239258,1.3354589939117432,0.05398932471871376,-0.0898984894156456,-0.4306674897670746,1.6887174844741821,1.0858683586120605
2.1245306633291614,6.0200227442085374,-0.18698305737726784,-0.18698305737726784,0.47401571553792116,0.7175087928771973,1.8509496450424194,1.335695505142212,0.03460826724767685,-0.0917850211262703,-0.4560074508190155,1.6934740543365479,1.0532350540161133
2.1289111389236544,8.920853382512249,-1.800832497589088,-1.800832497589088,0.5451710487028183,0.7256168127059937,1.8534400463104248,1.3358471393585205,0.030254937708377838,-0.09378255158662796,-0.47531071305274963,1.6980876922607422,1.1113089323043823
2.133291614518148,6.076616511720984,-0.311438172115445,-0.311438172115445,-0.2882611790129745,0.7337357401847839,1.8539958000183105,1.335979700088501,0.045037683099508286,-0.09586463868618011,-0.5438214540481567,1.702955722808838,1.1690754890441895
2.1376720901126407,9.510514326372132,2.530552072751501,2.530552072751501,0.9395754976747236,0.74185711145401,1.8419437408447266,1.3361769914627075,0.04276786372065544,-0.09824683517217636,-0.5444983243942261,1.70807683467865,1.0935033559799194
2.1420525657071336,6.866314466248699,0.6291460934703925,0.6291460934703925,0.12477821250738921,0.7499256730079651,1.8486181497573853,1.3363643884658813,0.06045263260602951,-0.10063199698925018,-0.49803677201271057,1.7128669023513794,1.2146028280258179
2.146433041301627,7.004632190596613,0.8322917893586081,0.8322917893586081,0.5084165820373757,0.7580235004425049,1.8429361581802368,1.3366291522979736,0.06241021677851677,-0.10281363129615784,-0.4833076298236847,1.7181874513626099,1.2053391933441162
2.15081351689612,7.640119117976658,0.1849881136992917,0.1849881136992917,-0.7729919810897037,0.7660964131355286,1.843986988067627,1.3369024991989136,0.06426136940717697,-0.10493075102567673,-0.47384944558143616,1.723467469215393,1.260892391204834
2.155193992490613,10.611142048293274,1.152149134085653,1.152149134085653,-0.2942952171414023,0.7741739749908447,1.8203716278076172,1.337183952331543,0.0739239826798439,-0.10700643807649612,-0.4458733797073364,1.7289907932281494,1.0907233953475952
2.1595744680851063,9.984407607828617,0.36525649346275646,0.36525649346275646,-0.09852086581348218,0.7821480631828308,1.8017542362213135,1.337507724761963,0.10238475352525711,-0.10895957797765732,-0.40363261103630066,1.7337687015533447,0.987785816192627
2.1639549436795997,6.430490001446906,-1.6115620274589917,-1.6115620274589917,-0.42861312874165947,0.7900406122207642,1.787286400794983,1.337956190109253,0.12620927393436432,-0.11072768270969391,-0.39008885622024536,1.7380956411361694,0.920588493347168
2.1683354192740927,6.543723309949193,-0.03594881270454164,-0.03594881270454164,0.42044534790672133,0.7978698015213013,1.7710697650909424,1.3385090827941895,0.12731701135635376,-0.1124364584684372,-0.424634724855423,1.7421282529830933,0.8134108781814575
2.1727158948685856,6.3490111117808725,-0.46031776668751967,-0.46031776668751967,-0.4068648305903228,0.8056279420852661,1.7702280282974243,1.339066743850708,0.12661482393741608,-0.1142965629696846,-0.4379628896713257,1.7456914186477661,0.8519126772880554
2.1770963704630786,5.71203088106569,-1.5664843963518444,-1.5664843963518444,-0.17041588063380397,0.8133823871612549,1.7542530298233032,1.3396214246749878,0.12725575268268585,-0.1162150502204895,-0.4395238757133484,1.7494231462478638,0.7476443648338318
2.181476846057572,7.973311012857903,-2.1588861362608243,-2.1588861362608243,0.09829352259969762,0.8210668563842773,1.743360161781311,1.3401788473129272,0.12295499444007874,-0.11814037710428238,-0.48029351234436035,1.7526981830596924,0.6871140599250793
2.185857321652065,6.825143844355521,-0.7136573820663923,-0.7136573820663923,-0.6340736049373566,0.8287035822868347,1.7341879606246948,1.3407174348831177,0.13300202786922455,-0.12024429440498352,-0.5462102890014648,1.75570809841156,0.6600569486618042
2.1902377972465583,6.530883010801368,3.622906243005546,3.622906243005546,-0.07128045499404034,0.8363001346588135,1.7129721641540527,1.3413000106811523,0.13787733018398285,-0.12263695895671844,-0.5485343933105469,1.7585995197296143,0.5119812488555908
2.1946182728410517,4.258067052021479,-0.4266155164092985,-0.4266155164092985,-0.26681961704339174,0.8438037633895874,1.7023606300354004,1.3419039249420166,0.13893568515777588,-0.12503980100154877,-0.44065243005752563,1.760842204093933,0.4623391330242157
2.198998748435544,6.542848558373118,-1.8403804170354394,-1.8403804170354394,-0.23998311885613785,0.8512609004974365,1.6912883520126343,1.3425124883651733,0.12543579936027527,-0.1269700676202774,-0.44531896710395813,1.7628674507141113,0.3914887011051178
2.2033792240300376,7.455407662025273,-0.7282193043122245,-0.7282193043122245,-0.6904267751605602,0.8586695194244385,1.6772834062576294,1.343061923980713,0.1272471398115158,-0.128920778632164,-0.49205565452575684,1.7645823955535889,0.31158241629600525
2.2077596996245306,10.892489482915266,0.07674167361357162,0.07674167361357162,0.8131152389453051,0.8660168051719666,1.6535365581512451,1.3436193466186523,0.1368565708398819,-0.13107621669769287,-0.49315932393074036,1.7659472227096558,0.14788630604743958
2.2121401752190235,5.594830283595683,-0.08554742055239434,-0.08554742055239434,0.4041497070467198,0.8732600808143616,1.6520538330078125,1.3442188501358032,0.1641853004693985,-0.13323648273944855,-0.5146637558937073,1.7665950059890747,0.22332628071308136
2.216520650813517,8.291543194851226,1.2166557216972218,1.2166557216972218,-0.8370789322035161,0.8804968595504761,1.6509312391281128,1.344938039779663,0.15734617412090302,-0.13549095392227173,-0.5289644598960876,1.7675732374191284,0.259460985660553
2.22090112640801,6.6051675164727754,0.8819874507634649,0.8819874507634649,0.7679166053837398,0.887728750705719,1.6227585077285767,1.3456273078918457,0.1731642633676529,-0.13780806958675385,-0.46898889541625977,1.7687097787857056,0.06402349472045898
2.225281602002503,7.264867875229795,-0.7249293848756586,-0.7249293848756586,-0.13662206593884096,0.8948372006416321,1.626485824584961,1.3463858366012573,0.1717863827943802,-0.13986246287822723,-0.46565765142440796,1.7689902782440186,0.15622511506080627
2.229662077596996,4.621402516096477,1.6105164590932401,1.6105164590932401,-0.5373954649205038,0.9019619822502136,1.612463355064392,1.3471382856369019,0.1781560480594635,-0.14190226793289185,-0.48283809423446655,1.7696746587753296,0.0875263512134552
2.234042553191489,6.46214539203788,1.7990677806465394,1.7990677806465394,-0.9748724651473817,0.9090253114700317,1.5952011346817017,1.3479187488555908,0.16823866963386536,-0.1440173238515854,-0.4201122522354126,1.770058035850525,-0.03435681015253067
2.2384230287859825,7.166910682200504,1.1298369426731942,1.1298369426731942,-0.6335005835724707,0.9160130620002747,1.566849946975708,1.3486557006835938,0.17231887578964233,-0.14585761725902557,-0.33910441398620605,1.7699075937271118,-0.24373728036880493
2.2428035043804755,4.7488781109711775,0.3774127527558455,0.3774127527558455,0.1542419091156911,0.9228765964508057,1.5434973239898682,1.3494105339050293,0.17983600497245789,-0.14734305441379547,-0.28760936856269836,1.768839955329895,-0.39868980646133423
2.2471839799749684,7.1965536787763655,0.3045939241599993,0.3045939241599993,-0.24398275720575838,0.9296378493309021,1.5384838581085205,1.3501982688903809,0.1681334227323532,-0.1486029177904129,-0.2810920774936676,1.767093539237976,-0.4020620882511139
2.251564455569462,5.738438511603194,0.8269489856386047,0.8269489856386047,0.8720222417642606,0.9363771677017212,1.5220788717269897,1.3509347438812256,0.174315944314003,-0.14983423054218292,-0.26507189869880676,1.7653323411941528,-0.4897845387458801
2.255944931163955,7.492502216297553,0.8109204382218075,0.8109204382218075,-0.3309215517112366,0.9430446028709412,1.5285125970840454,1.3516982793807983,0.16661080718040466,-0.1509953737258911,-0.2663881778717041,1.7631868124008179,-0.37510204315185547
2.260325406758448,5.405924185954834,-0.7307237337703013,-0.7307237337703013,-0.018426139210253933,0.9497402310371399,1.5099198818206787,1.3524280786514282,0.17504273355007172,-0.15216228365898132,-0.23304277658462524,1.76154363155365,-0.47954124212265015
2.264705882352941,6.576795919877021,0.7031785924848879,0.7031785924848879,-0.10048308203983256,0.9563543796539307,1.5004998445510864,1.3531948328018188,0.16829784214496613,-0.15318311750888824,-0.25384411215782166,1.7594430446624756,-0.5167189836502075
2.269086357947434,5.714099069182889,-1.7967500994403531,-1.7967500994403531,-0.018729648469495874,0.9629272818565369,1.4875742197036743,1.3539320230484009,0.16965971887111664,-0.15429507195949554,-0.23037463426589966,1.757179617881775,-0.575333833694458
2.2734668335419275,5.1672697300070105,0.7235275563249319,0.7235275563249319,0.34937998828445305,0.9694435596466064,1.4775638580322266,1.3546751737594604,0.16490137577056885,-0.1553042232990265,-0.2822984755039215,1.7546594142913818,-0.6142770648002625
2.2778473091364204,7.265085511184719,0.40235931067872877,0.40235931067872877,0.3276256945273295,0.9759159684181213,1.4752181768417358,1.3553974628448486,0.15517976880073547,-0.15654082596302032,-0.2713721692562103,1.7519686222076416,-0.5859620571136475
2.2822277847309134,6.260525800210848,1.5350561521985788,1.5350561521985788,1.1070283623762627,0.9823781251907349,1.4688905477523804,1.3560771942138672,0.1595940887928009,-0.15772956609725952,-0.269189715385437,1.7494018077850342,-0.5742768049240112
2.2866082603254068,5.779321891879966,0.11756928910961051,0.11756928910961051,0.7679213292057971,0.9888125658035278,1.4785795211791992,1.356776237487793,0.15469257533550262,-0.15890873968601227,-0.2566899359226227,1.7468862533569336,-0.42133408784866333
2.2909887359199,4.318105895363644,1.1470995407928126,1.1470995407928126,0.320686169699643,0.9952894449234009,1.4828344583511353,1.3574538230895996,0.1477840393781662,-0.16003316640853882,-0.275682270526886,1.7450406551361084,-0.32397016882896423
2.2953692115143927,7.069518855615318,1.9036337088770807,1.9036337088770807,-0.4135973109887156,1.0017849206924438,1.481331706047058,1.3581011295318604,0.13259871304035187,-0.16124078631401062,-0.2515483796596527,1.7436214685440063,-0.2949651777744293
2.299749687108886,5.438202773561008,-0.05587844611284992,-0.05587844611284992,0.6830378702084441,1.0082738399505615,1.4615360498428345,1.3586819171905518,0.13817426562309265,-0.16234268248081207,-0.1838778853416443,1.7423293590545654,-0.4098869562149048
2.304130162703379,6.846998813191715,-0.6147734354960093,-0.6147734354960093,0.3400793903827279,1.0146760940551758,1.464707851409912,1.359287142753601,0.12928541004657745,-0.16314814984798431,-0.20545658469200134,1.7405338287353516,-0.32500773668289185
2.3085106382978724,9.016926607337357,-1.2406250755522303,-1.2406250755522303,-0.268541162868806,1.021092176437378,1.459107756614685,1.3598535060882568,0.13093003630638123,-0.16404815018177032,-0.2333413064479828,1.7391101121902466,-0.30799323320388794
2.3128911138923653,7.52387031926538,-0.35123200936954574,-0.35123200936954574,-1.371333419337168,1.0274838209152222,1.4384856224060059,1.3604270219802856,0.14897245168685913,-0.1650702953338623,-0.26172924041748047,1.7377609014511108,-0.4094807505607605
2.3172715894868583,6.314869518773458,0.5780808192876785,0.5780808192876785,1.6568845651115034,1.033785104751587,1.4000684022903442,1.3610795736312866,0.160414457321167,-0.16621679067611694,-0.23193904757499695,1.7359671592712402,-0.6926612854003906
2.321652065081352,6.091204986291315,0.4685263956242744,0.4685263956242744,0.7466172576553833,1.039918065071106,1.4195419549942017,1.3617823123931885,0.1542666107416153,-0.16723279654979706,-0.2634435296058655,1.7329329252243042,-0.44434547424316406
2.3260325406758446,4.945136783019117,1.9449697985183907,1.9449697985183907,0.5633090575388338,1.0461363792419434,1.4226267337799072,1.3624581098556519,0.14957578480243683,-0.1683868020772934,-0.27156466245651245,1.730986475944519,-0.35197967290878296
2.330413016270338,4.197959460008004,0.8590881244152697,0.8590881244152697,-0.4414768361887067,1.0523681640625,1.4243158102035522,1.363113284111023,0.13783498108386993,-0.16957639157772064,-0.23121578991413116,1.7294446229934692,-0.28433549404144287
2.334793491864831,8.786494726915778,1.665258359154722,1.665258359154722,-0.41415846080593577,1.0586073398590088,1.4087414741516113,1.3637170791625977,0.1241069808602333,-0.17058922350406647,-0.19323517382144928,1.7281991243362427,-0.3860418200492859
2.339173967459324,5.601108536023965,1.2168248820470882,1.2168248820470882,0.36906997368425565,1.0647783279418945,1.385502815246582,1.3642606735229492,0.14082027971744537,-0.17143568396568298,-0.13250961899757385,1.7265080213546753,-0.5106443166732788
2.3435544430538173,6.6091133813708485,-0.8139963494456516,-0.8139963494456516,-0.2793290095209565,1.070847511291504,1.382347583770752,1.3648775815963745,0.13396099209785461,-0.17201614379882812,-0.1077524870634079,1.7242711782455444,-0.4804311692714691
2.3479349186483103,6.497285428104541,1.350167840552905,1.350167840552905,0.6035945544362513,1.0769028663635254,1.3654175996780396,1.365464448928833,0.13568110764026642,-0.17248815298080444,-0.12336646765470505,1.722166657447815,-0.5682913064956665
2.3523153942428032,5.378728559314686,-1.4822737403071105,-1.4822737403071105,0.6304680963044804,1.0828840732574463,1.3649985790252686,1.3660588264465332,0.13409775495529175,-0.17302855849266052,-0.10156416147947311,1.7196773290634155,-0.5024985074996948
2.3566958698372966,8.34256231462102,-0.9786248397406565,-0.9786248397406565,0.5987368861685732,1.0888633728027344,1.367074728012085,1.3666462898254395,0.12504126131534576,-0.17347346246242523,-0.16326291859149933,1.7174761295318604,-0.42521294951438904
2.3610763454317896,8.58261021248611,-1.7445831097683666,-1.7445831097683666,1.143972363696119,1.0948518514633179,1.3633038997650146,1.3671940565109253,0.1358281522989273,-0.17418862879276276,-0.2093268781900406,1.7156134843826294,-0.37069326639175415
2.3654568210262825,7.719879349200456,-1.6684406247882206,-1.6684406247882206,0.7166097815408592,1.1008237600326538,1.369178295135498,1.3677890300750732,0.14676114916801453,-0.17510558664798737,-0.2936818599700928,1.7139896154403687,-0.22305454313755035
2.369837296620776,5.86723927801213,1.3636079464487176,1.3636079464487176,-0.16311869742336105,1.1068214178085327,1.3686531782150269,1.3684319257736206,0.153157040476799,-0.17639204859733582,-0.3633328974246979,1.7130125761032104,-0.14421743154525757
2.374217772215269,6.671736415123607,-1.5446698231060516,-1.5446698231060516,-1.0930561726113996,1.1128168106079102,1.3551020622253418,1.3691028356552124,0.14958716928958893,-0.1779836267232895,-0.3187476396560669,1.7123808860778809,-0.20681406557559967
2.3785982478097623,7.922544372239478,1.8815705055341818,1.8815705055341818,1.2428967036616245,1.1187528371810913,1.3228076696395874,1.369758129119873,0.1537903994321823,-0.1793798953294754,-0.33193618059158325,1.711474895477295,-0.4351691007614136
2.382978723404255,10.151068357684977,-1.0363744497598346,-1.0363744497598346,0.45824559074562665,1.1245473623275757,1.3314101696014404,1.3704317808151245,0.1600726842880249,-0.18083393573760986,-0.31328487396240234,1.7095686197280884,-0.26668781042099
2.387359198998748,6.3193135291692855,-0.4838794262558631,-0.4838794262558631,0.12974528084900744,1.130379557609558,1.3213557004928589,1.3711329698562622,0.1832493543624878,-0.18220627307891846,-0.35693252086639404,1.7084003686904907,-0.24702562391757965
2.391739674593241,8.408238964512798,1.3850235922005303,1.3850235922005303,-0.2513273878542003,1.1361677646636963,1.3121557235717773,1.3719357252120972,0.1818390190601349,-0.1837698072195053,-0.3748522996902466,1.7073183059692383,-0.26172298192977905
2.3961201501877345,8.739030604230106,-2.001394326736137,-2.001394326736137,0.1895294832281165,1.1419156789779663,1.2919671535491943,1.3727322816848755,0.19523534178733826,-0.18541184067726135,-0.327065646648407,1.7061718702316284,-0.3547201454639435
2.400500625782228,6.932189164077054,1.4830439577282606,1.4830439577282606,0.6461591148201167,1.1475751399993896,1.2792288064956665,1.3735874891281128,0.20965781807899475,-0.18684454262256622,-0.39104756712913513,1.704617977142334,-0.3734482526779175
2.404881101376721,9.026783799749161,0.1407976373036175,0.1407976373036175,1.0690230873580842,1.1531788110733032,1.2782466411590576,1.374505877494812,0.21094301342964172,-0.18855752050876617,-0.3666078746318817,1.7029820680618286,-0.3024848699569702
2.409261576971214,7.289255312602725,0.3590150616994926,0.3590150616994926,0.033599320870650456,1.158778190612793,1.281092643737793,1.3754298686981201,0.22507928311824799,-0.19016343355178833,-0.3937149941921234,1.7016570568084717,-0.17069995403289795
2.413642052565707,9.061297519648875,0.31630322442659764,0.31630322442659764,-0.972456949851809,1.164389967918396,1.2679336071014404,1.3764158487319946,0.23026926815509796,-0.19188809394836426,-0.38421183824539185,1.7009092569351196,-0.20789527893066406
2.4180225281602,9.517070789917181,0.4373687602940026,0.4373687602940026,0.07288295040824169,1.169944167137146,1.2326503992080688,1.3774244785308838,0.24960388243198395,-0.19357112050056458,-0.34657594561576843,1.6999986171722412,-0.42980870604515076
2.422403003754693,5.260885374437453,1.2871177974212509,1.2871177974212509,0.5565252820496618,1.1753437519073486,1.2157540321350098,1.3785178661346436,0.269329309463501,-0.19508928060531616,-0.33593180775642395,1.6981158256530762,-0.4736461639404297
2.4267834793491865,8.026618379134009,-0.05666145972957409,-0.05666145972957409,-0.2228044398682197,1.1806693077087402,1.215932846069336,1.3796976804733276,0.2597164809703827,-0.1965608149766922,-0.31459617614746094,1.6960409879684448,-0.4085063338279724
2.4311639549436794,9.180979451929929,1.9066629906106036,1.9066629906106036,1.5262439238950796,1.1859956979751587,1.1962640285491943,1.3808354139328003,0.2702331840991974,-0.19793888926506042,-0.309744268655777,1.694251537322998,-0.49453622102737427
2.4355444305381724,7.7652909747412595,-0.6128186840992536,-0.6128186840992536,-1.0054906208360999,1.191235899925232,1.2067381143569946,1.3820191621780396,0.2842796742916107,-0.19929571449756622,-0.2986348271369934,1.6920852661132812,-0.2846410572528839
2.4399249061326658,6.950092521154331,0.19061897093208985,0.19061897093208985,-1.119496529491881,1.1965219974517822,1.1729265451431274,1.383264422416687,0.2948145866394043,-0.20060387253761292,-0.2871675491333008,1.6908384561538696,-0.5044065713882446
2.4443053817271587,5.726845290372921,1.3413773186674174,1.3413773186674174,0.561830972638053,1.201659917831421,1.138514757156372,1.3845558166503906,0.30010026693344116,-0.20186179876327515,-0.24890802800655365,1.688628911972046,-0.7391054630279541
2.448685857321652,7.19521911666982,0.5008692653897512,0.5008692653897512,1.9107093526920853,1.2066471576690674,1.1376622915267944,1.3858704566955566,0.2934144139289856,-0.20295213162899017,-0.22614280879497528,1.6853913068771362,-0.6755324602127075
2.453066332916145,5.134207147844036,1.5153552559393992,1.5153552559393992,-0.8530424014150753,1.2116307020187378,1.158968210220337,1.3871557712554932,0.29357826709747314,-0.20394274592399597,-0.267314612865448,1.6824321746826172,-0.3868815004825592
2.457446808510638,6.662902243793681,-2.0035052540160807,-2.0035052540160807,-0.6831254356192336,1.2167075872421265,1.1329858303070068,1.388441801071167,0.2861425578594208,-0.2051137089729309,-0.1981498897075653,1.6807374954223633,-0.5643041729927063
2.4618272841051314,5.6413291798307466,2.07038334203773,2.07038334203773,0.609598942208476,1.2216706275939941,1.1070911884307861,1.3896952867507935,0.28830641508102417,-0.20598170161247253,-0.23670917749404907,1.6782655715942383,-0.7211316227912903
2.4662077596996244,7.19852414189413,-2.030100333050579,-2.030100333050579,-0.138627730361222,1.2265201807022095,1.1072226762771606,1.3909581899642944,0.2810053825378418,-0.20701859891414642,-0.1940496414899826,1.6751066446304321,-0.6481635570526123
2.4705882352941178,7.62770850307691,-0.5660859798595164,-0.5660859798595164,0.8715141009945426,1.2313703298568726,1.0903422832489014,1.3921891450881958,0.2854681611061096,-0.20786863565444946,-0.24928663671016693,1.6722674369812012,-0.7133882641792297
2.4749687108886107,2.9375494381298655,-0.642281960754717,-0.642281960754717,0.10874456490370815,1.2361465692520142,1.0913835763931274,1.3934396505355835,0.29076698422431946,-0.208960622549057,-0.29126912355422974,1.669142484664917,-0.6059889793395996
2.479349186483104,7.090156374152399,0.07988079241044654,0.07988079241044654,0.6113929117744891,1.2409273386001587,1.0875465869903564,1.3947134017944336,0.26672878861427307,-0.21023651957511902,-0.3132014870643616,1.6664879322052002,-0.6037862300872803
2.483729662077597,3.3116585933046627,1.804751785010713,1.804751785010713,0.7505999162283925,1.2456912994384766,1.0847651958465576,1.3958817720413208,0.2690661549568176,-0.21160848438739777,-0.32872331142425537,1.663843035697937,-0.5379115343093872
2.48811013767209,5.998634611778869,0.052353446998867015,0.052353446998867015,0.8727937159115473,1.2504431009292603,1.0920987129211426,1.3970603942871094,0.24639450013637543,-0.21304844319820404,-0.297938734292984,1.6614867448806763,-0.4265907108783722
2.492490613266583,8.384750147936032,2.903459627649108,2.903459627649108,-0.3832213245561217,1.255226969718933,1.0962907075881958,1.3981397151947021,0.24121803045272827,-0.2143535614013672,-0.3218981921672821,1.6596180200576782,-0.30909714102745056
2.4968710888610763,8.261352015407368,1.1513563999780962,1.1513563999780962,-1.3253799555718784,1.2600291967391968,1.0722370147705078,1.3991963863372803,0.2538268268108368,-0.2157636284828186,-0.22591668367385864,1.6582640409469604,-0.42222684621810913
2.5012515644555693,4.493193536178895,0.266560662562418,0.266560662562418,0.6285608483301088,1.264726161956787,1.0308001041412354,1.4003082513809204,0.2670935094356537,-0.21675324440002441,-0.15358814597129822,1.65641450881958,-0.6977231502532959
2.5056320400500622,6.493895265843628,-0.2048331004818395,-0.2048331004818395,0.3931917605677868,1.2692415714263916,1.0333646535873413,1.4014782905578613,0.2523299753665924,-0.21742603182792664,-0.16415970027446747,1.6533581018447876,-0.6139664649963379
2.510012515644556,6.868418678213938,2.5889382958100833,2.5889382958100833,0.42537819140277966,1.2737681865692139,1.0274873971939087,1.4025835990905762,0.25110679864883423,-0.21814513206481934,-0.1816239207983017,1.6506686210632324,-0.581806480884552
2.5143929912390486,6.024749397677189,1.5986348660177412,1.5986348660177412,0.5774363646239187,1.2782690525054932,1.0214459896087646,1.4036835432052612,0.2523062825202942,-0.21894073486328125,-0.11844110488891602,1.6481200456619263,-0.5459040999412537
2.518773466833542,6.230315880955109,-1.5850195430296747,-1.5850195430296747,-0.7846701777403285,1.2827434539794922,1.0199458599090576,1.4047887325286865,0.24778446555137634,-0.21945956349372864,-0.08861887454986572,1.6457287073135376,-0.4788658320903778
2.523153942428035,8.641475742904863,-1.6731920765065897,-1.6731920765065897,0.6028307566963073,1.287211298942566,0.9926337599754333,1.4058741331100464,0.24655768275260925,-0.21984775364398956,-0.11199161410331726,1.643631100654602,-0.6484633684158325
2.527534418022528,7.975938638660558,1.5720972977698935,1.5720972977698935,-0.15426284459871642,1.2915594577789307,0.986291766166687,1.4069541692733765,0.259076863527298,-0.22033832967281342,-0.17845869064331055,1.640790581703186,-0.5907621383666992
2.5319148936170213,4.903058426332407,-0.30991501081362216,-0.30991501081362216,0.601092446885013,1.29587984085083,0.9671952724456787,1.4080890417099,0.26827818155288696,-0.22112005949020386,-0.1280435025691986,1.6382027864456177,-0.6601549386978149
2.536295369211514,5.085602737959368,-1.6679830410392327,-1.6679830410392327,0.3511098487307983,1.3001166582107544,0.9684246182441711,1.4092642068862915,0.2563788890838623,-0.22168095409870148,-0.1546478122472763,1.6353110074996948,-0.5822197794914246
2.540675844806008,7.7081991778384955,1.3010605535996678,1.3010605535996678,-0.589341745172062,1.3043588399887085,0.9646273851394653,1.4103872776031494,0.24603773653507233,-0.22235839068889618,-0.21361172199249268,1.6327606439590454,-0.548304557800293
2.545056320400501,5.007252082715553,-0.3541736739082458,-0.3541736739082458,0.4377555523397233,1.3085843324661255,0.9379420876502991,1.411465048789978,0.2539283037185669,-0.22329410910606384,-0.15840598940849304,1.6303588151931763,-0.6907268166542053
2.549436795994993,7.159465457332487,1.944613783674464,1.944613783674464,0.6822201777894932,1.3126929998397827,0.9358994960784912,1.4125773906707764,0.2429182082414627,-0.22398799657821655,-0.1815328299999237,1.6273330450057983,-0.6411032676696777
2.553817271589487,5.756471784188634,-0.38962590944695447,-0.38962590944695447,0.19696255848216093,1.3167927265167236,0.9340398907661438,1.4136414527893066,0.2457287311553955,-0.22478319704532623,-0.14466693997383118,1.624524712562561,-0.5601060390472412
2.55819774718398,5.9599761326866005,0.13686956340853185,0.13686956340853185,0.8980753292782665,1.3208842277526855,0.9259747266769409,1.4147179126739502,0.23994013667106628,-0.22541691362857819,-0.1617971807718277,1.6220711469650269,-0.5556142330169678
2.562578222778473,4.9924725906723975,0.8308065560679654,0.8308065560679654,0.02280525528962893,1.3249404430389404,0.9305850863456726,1.4157689809799194,0.2348029464483261,-0.22612565755844116,-0.1840268075466156,1.6196372509002686,-0.4306410551071167
2.566958698372966,8.343619758783037,1.5974287876105657,1.5974287876105657,0.8057029797553628,1.3290168046951294,0.9208194017410278,1.4167975187301636,0.22424577176570892,-0.22693178057670593,-0.16043061017990112,1.617750883102417,-0.4520423710346222
2.571339173967459,6.7009003921097365,-0.5675384391702034,-0.5675384391702034,0.24840570245164406,1.3330504894256592,0.9188125729560852,1.417779803276062,0.23480504751205444,-0.22763454914093018,-0.1373097002506256,1.615770697593689,-0.3548099398612976
2.575719649561952,3.9095888479908734,1.1279102243023231,1.1279102243023231,-0.3656590970953129,1.3370753526687622,0.9097412824630737,1.4188083410263062,0.23518693447113037,-0.22823603451251984,-0.16113784909248352,1.6142164468765259,-0.34555914998054504
2.580100125156445,6.574077457477853,0.5863486410096644,0.5863486410096644,0.024250396357165527,1.3410604000091553,0.8949009776115417,1.419838547706604,0.21789899468421936,-0.2289418876171112,-0.11752088367938995,1.61270272731781,-0.4284558892250061
2.5844806007509384,6.666265203956364,1.9165436575192425,1.9165436575192425,0.389042931416602,1.3449804782867432,0.8818671107292175,1.420793056488037,0.2175929695367813,-0.22945667803287506,-0.10110583156347275,1.6108258962631226,-0.4571497440338135
2.588861076345432,5.506831622518533,-1.1625606918325093,-1.1625606918325093,0.42647400067109864,1.3488434553146362,0.8754550814628601,1.4217462539672852,0.21758991479873657,-0.2298995703458786,-0.0564979650080204,1.6088234186172485,-0.42301124334335327
2.593241551939925,8.04900862177656,-0.05968170531558964,-0.05968170531558964,0.24287057485323094,1.3526784181594849,0.8721233010292053,1.4226994514465332,0.2100374400615692,-0.23014706373214722,-0.10290281474590302,1.6069704294204712,-0.37646791338920593
2.5976220275344177,5.523996337391738,1.4894918957237526,1.4894918957237526,-0.15410241812888095,1.3564987182617188,0.8601582646369934,1.4236195087432861,0.21915994584560394,-0.2305978238582611,-0.11173830181360245,1.6053212881088257,-0.37405019998550415
2.602002503128911,5.632677697359904,1.2410338006514836,1.2410338006514836,1.297174678420573,1.3602665662765503,0.8459479212760925,1.4245795011520386,0.21212296187877655,-0.23108729720115662,-0.06374013423919678,1.6036827564239502,-0.42778533697128296
2.606382978723404,5.987261978504052,-1.9678316198868648,-1.9678316198868648,-0.3000940159218873,1.3639721870422363,0.8586322069168091,1.425508737564087,0.20486539602279663,-0.23136651515960693,-0.06537962704896927,1.6018089056015015,-0.23078231513500214
2.610763454317897,6.584415724260183,0.690300842877587,0.690300842877587,0.4069848994803572,1.367733359336853,0.8407461643218994,1.4264061450958252,0.2009357064962387,-0.23165291547775269,-0.11408285051584244,1.6007980108261108,-0.3117556869983673
2.6151439299123904,7.3035538641463695,-0.5760108372948739,-0.5760108372948739,-0.47766824084997506,1.3714162111282349,0.8348481059074402,1.4272863864898682,0.2004554718732834,-0.23215265572071075,-0.10580912232398987,1.599432349205017,-0.2731742262840271
2.619524405506884,8.201326446762096,1.1741247069068907,1.1741247069068907,-0.5849874927429125,1.3750731945037842,0.810928463935852,1.4281644821166992,0.2051296830177307,-0.23261615633964539,-0.10868103802204132,1.5982357263565063,-0.3910526633262634
2.6239048811013768,5.522481902445606,0.8926314753299351,0.8926314753299351,0.6339790900840764,1.3786253929138184,0.7831458449363708,1.429063081741333,0.2156297266483307,-0.23309223353862762,-0.057309385389089584,1.5965226888656616,-0.5317234992980957
2.6282853566958697,8.583185802543818,-0.3367503602957923,-0.3367503602957923,0.5889278651054365,1.3820559978485107,0.7836465239524841,1.4300076961517334,0.2080623358488083,-0.23334327340126038,-0.04975591599941254,1.594193458557129,-0.4484393000602722
2.6326658322903627,8.406165686036726,0.6261199991292958,0.6261199991292958,0.05744470241144789,1.385488748550415,0.7770386338233948,1.4309190511703491,0.22043201327323914,-0.23356123268604279,-0.07678865641355515,1.5922291278839111,-0.38727739453315735
2.637046307884856,5.681780962091279,1.5247769526819035,1.5247769526819035,0.7059529615175275,1.3888925313949585,0.7608756422996521,1.4318846464157104,0.2318999320268631,-0.2338975965976715,-0.06018153578042984,1.590532660484314,-0.41698628664016724
2.641426783479349,4.901676658469781,1.3415276657495299,1.3415276657495299,0.400069137765799,1.3922255039215088,0.7624256014823914,1.4329004287719727,0.22543662786483765,-0.23416121304035187,-0.03626927733421326,1.5887060165405273,-0.321476012468338
2.645807259073842,7.991930200698635,0.08247860887668151,0.08247860887668151,0.7690520903095452,1.3955652713775635,0.7598633766174316,1.4338879585266113,0.21406669914722443,-0.23432008922100067,-0.008775703608989716,1.587297797203064,-0.27510201930999756
2.650187734668336,5.955956508507296,-1.1626374768190448,-1.1626374768190448,0.4967256098019374,1.3988938331604004,0.7578812837600708,1.4348256587982178,0.22263765335083008,-0.2343585342168808,-0.028825826942920685,1.5860927104949951,-0.17910461127758026
2.6545682102628283,5.931505862269614,0.13531799937860794,0.13531799937860794,0.6498186045090975,1.4022136926651,0.7549879550933838,1.4358009099960327,0.21811984479427338,-0.23448480665683746,-0.07728448510169983,1.5853081941604614,-0.12065988779067993
2.6589486858573217,6.591084443117111,-1.5803415525593456,-1.5803415525593456,0.6284172136020365,1.4055209159851074,0.7550101280212402,1.4367563724517822,0.21341396868228912,-0.2348233461380005,-0.09230953454971313,1.5847796201705933,-0.035537607967853546
2.663329161451814,6.394332700257616,-0.5578163476204869,-0.5578163476204869,0.0674726111969057,1.4088282585144043,0.7532716989517212,1.4376912117004395,0.21299676597118378,-0.23522770404815674,-0.15681229531764984,1.58462393283844,0.04286423325538635
2.667709637046308,8.27438186680735,0.7465633902739233,0.7465633902739233,0.3227382523844672,1.41212797164917,0.7414276003837585,1.4386242628097534,0.21144644916057587,-0.23591461777687073,-0.17507271468639374,1.5848116874694824,0.02506779506802559
2.672090112640801,4.804981020677751,0.6320183461897297,0.6320183461897297,-0.12585060422238145,1.415375828742981,0.7304521799087524,1.439550518989563,0.2220059633255005,-0.2366815209388733,-0.16269567608833313,1.5849214792251587,0.042650140821933746
2.676470588235294,7.395151183476692,3.0265836955998155,3.0265836955998155,-0.5572182435234713,1.4185755252838135,0.7181891798973083,1.4405230283737183,0.2101961374282837,-0.23739419877529144,-0.140563502907753,1.5851082801818848,-0.0014290139079093933
2.6808510638297878,7.51205203907913,0.9458906467329903,0.9458906467329903,-0.2916744905494756,1.4217215776443481,0.6924715042114258,1.4414438009262085,0.21527674794197083,-0.23800992965698242,-0.03590512275695801,1.5851019620895386,-0.13230082392692566
2.6852315394242803,8.753339040436149,0.9280059194793209,0.9280059194793209,-0.437040526257509,1.4247549772262573,0.6714380979537964,1.4423868656158447,0.22102807462215424,-0.23816721141338348,0.00023570284247398376,1.5845223665237427,-0.21784572303295135
2.689612015018773,2.887369799384544,1.0691584466986128,1.0691584466986128,-0.05573903520598769,1.4276962280273438,0.6451103091239929,1.4433550834655762,0.23483411967754364,-0.2381661832332611,0.040099386125802994,1.5835680961608887,-0.3342750072479248
2.6939924906132666,6.918932906542816,2.640900635214021,2.640900635214021,0.06934498305029825,1.430522084236145,0.6380839943885803,1.4443837404251099,0.2105199545621872,-0.23799052834510803,0.07294996082782745,1.5821038484573364,-0.3573281168937683
2.69837296620776,7.93065533186199,1.4568490805221979,1.4568490805221979,0.21129706122635106,1.4333171844482422,0.6250720024108887,1.4453059434890747,0.2122742235660553,-0.23767097294330597,0.148047536611557,1.5805386304855347,-0.37724897265434265
2.7027534418022525,6.25907012989644,0.30971799548309037,0.30971799548309037,0.359163566228326,1.436055302619934,0.6126677989959717,1.4462357759475708,0.2205463945865631,-0.23702245950698853,0.1844215989112854,1.5788861513137817,-0.3770008087158203
2.707133917396746,6.974468588585973,-0.4095522147433699,-0.4095522147433699,1.0087428670911351,1.4387390613555908,0.6065303087234497,1.4472018480300903,0.21798041462898254,-0.23621460795402527,0.18297763168811798,1.5772347450256348,-0.34324711561203003
2.711514392991239,7.073108986729985,0.29661325880465716,0.29661325880465716,-0.16602427454874139,1.4413959980010986,0.6111406683921814,1.448156714439392,0.21999402344226837,-0.2354130744934082,0.1415589153766632,1.5757311582565308,-0.2000141590833664
2.715894868585732,7.711528158776222,-0.13442799990380283,-0.13442799990380283,0.7389963035343678,1.4440730810165405,0.5936511158943176,1.4491204023361206,0.22282348573207855,-0.23479297757148743,0.15506939589977264,1.5748549699783325,-0.2602301836013794
2.720275344180225,9.227468973682397,0.9513961080692608,0.9513961080692608,-0.48342206492785167,1.4466735124588013,0.5918401479721069,1.4500964879989624,0.22970689833164215,-0.2341136932373047,0.129562646150589,1.573715090751648,-0.1664581000804901
2.724655819774718,3.988860714467571,1.5296517222249513,1.5296517222249513,-0.06448051367013202,1.4492660760879517,0.5641716718673706,1.4511027336120605,0.24651435017585754,-0.2335461527109146,0.17146387696266174,1.5729858875274658,-0.2906358540058136
2.729036295369212,8.646622619187937,0.6452079033871823,0.6452079033871823,0.09290652689761686,1.451737403869629,0.5549378395080566,1.4521825313568115,0.22934262454509735,-0.23279505968093872,0.2180175930261612,1.5717127323150635,-0.3192158341407776
2.7334167709637045,7.207434640308555,1.1225607200168346,1.1225607200168346,-0.3970281557756433,1.4541683197021484,0.5393493175506592,1.453187108039856,0.24233411252498627,-0.23184004426002502,0.23414653539657593,1.5703144073486328,-0.3405831456184387
2.737797246558197,6.449136016197932,0.7985456569507667,0.7985456569507667,0.9898593820090259,1.4565309286117554,0.5175610184669495,1.4542486667633057,0.24599957466125488,-0.2308143675327301,0.27852335572242737,1.5688225030899048,-0.44019588828086853
2.742177722152691,8.812442147752847,-0.32888577298319444,-0.32888577298319444,-0.2331436304005321,1.4587980508804321,0.5232931971549988,1.4553263187408447,0.24476106464862823,-0.22959430515766144,0.2729363739490509,1.566894292831421,-0.2962507903575897
2.746558197747184,6.886176164060564,0.599592473783352,0.599592473783352,0.7794623565834626,1.461090326309204,0.50159752368927,1.4563984870910645,0.25884172320365906,-0.22839871048927307,0.2701404094696045,1.565596580505371,-0.37347471714019775
2.750938673341677,5.371183800936028,-0.4022924957853592,-0.4022924957853592,0.7950776241641264,1.463287591934204,0.5027137994766235,1.457532286643982,0.2605155408382416,-0.22721536457538605,0.26488763093948364,1.5639605522155762,-0.2670862674713135
2.75531914893617,6.862853971725579,3.4532955214984398,3.4532955214984398,-0.41755807908466963,1.4654897451400757,0.5071540474891663,1.4586734771728516,0.25243303179740906,-0.22605502605438232,0.2299206256866455,1.5627906322479248,-0.15144842863082886
2.759699624530663,5.97733759644938,-0.8200174850614009,-0.8200174850614009,-0.3348748423110092,1.467711329460144,0.4861063063144684,1.4597792625427246,0.2538886070251465,-0.22504787147045135,0.3429618179798126,1.5621272325515747,-0.25147148966789246
2.7640801001251565,2.865951576967676,0.3665125083537364,0.3665125083537364,0.47108675843188064,1.4698407649993896,0.4683719873428345,1.4608913660049438,0.2495986819267273,-0.22354553639888763,0.32879412174224854,1.561025619506836,-0.3334212303161621
2.768460575719649,5.08089101864511,0.029745113584160487,0.029745113584160487,-0.5403362199742547,1.4718924760818481,0.4717230796813965,1.4619847536087036,0.22525230050086975,-0.2221052646636963,0.3257402181625366,1.5595650672912598,-0.2632659077644348
2.7728410513141424,9.559616998906296,-0.11964960735251651,-0.11964960735251651,-0.03979194016175064,1.4739588499069214,0.45202016830444336,1.4629714488983154,0.21510334312915802,-0.22067837417125702,0.342388391494751,1.5584118366241455,-0.37666207551956177
2.777221526908636,5.889394221073919,2.233147016262566,2.233147016262566,0.8434177975684902,1.4759389162063599,0.43335244059562683,1.4639136791229248,0.2341025471687317,-0.21917855739593506,0.34005630016326904,1.5567618608474731,-0.4205145835876465
2.7816020025031287,7.250628368472899,2.33190744512713,2.33190744512713,0.5667559337805401,1.4778372049331665,0.4381750226020813,1.4649391174316406,0.22950294613838196,-0.21768894791603088,0.38064080476760864,1.5549198389053345,-0.29698941111564636
2.7859824780976217,1.5881594300409967,-0.9940678866873871,-0.9940678866873871,-0.1649684624317314,1.4797565937042236,0.43541133403778076,1.4659444093704224,0.23374047875404358,-0.2160215675830841,0.43218880891799927,1.5536189079284668,-0.22608545422554016
2.790362953692115,8.509976578294742,-0.7102189902561631,-0.7102189902561631,-0.10144289567943887,1.4816639423370361,0.4294273257255554,1.466968297958374,0.20100700855255127,-0.21412837505340576,0.4079764783382416,1.552628517150879,-0.26050084829330444
2.794743429286608,4.47103111509106,-1.4470246359652885,-1.4470246359652885,-0.962392511305826,1.4835450649261475,0.4121452569961548,1.467848777770996,0.21326640248298645,-0.21234124898910522,0.390198290348053,1.5514874458312988,-0.30904096364974976
2.7991239048811014,7.514588156195979,-1.0120321585442567,-1.0120321585442567,1.3093891814034908,1.485350489616394,0.3861474394798279,1.4687830209732056,0.19896410405635834,-0.21063199639320374,0.37604549527168274,1.5501337051391602,-0.49162858724594116
2.8035043804755944,9.114723025064308,-0.46657552147742176,-0.46657552147742176,0.3235715666602482,1.48704195022583,0.3973037004470825,1.4696545600891113,0.20524482429027557,-0.20898473262786865,0.30825263261795044,1.5479801893234253,-0.2915636897087097
2.8078848560700878,6.6996883430446506,-0.7221590789063999,-0.7221590789063999,-0.28449401185662526,1.488782286643982,0.38735681772232056,1.4705536365509033,0.22165121138095856,-0.20763443410396576,0.2851778268814087,1.5467029809951782,-0.2671152949333191
2.8122653316645807,8.194837126001472,-1.0314348519193932,-1.0314348519193932,0.4444692579000372,1.4904791116714478,0.3703748285770416,1.4715245962142944,0.2221008688211441,-0.20638522505760193,0.27239662408828735,1.5455329418182373,-0.3392144739627838
2.8166458072590737,7.486973067753439,-1.3395467671676138,-1.3395467671676138,0.13966575118142813,1.4921015501022339,0.36452358961105347,1.4724974632263184,0.2326059490442276,-0.20519199967384338,0.229295551776886,1.5440469980239868,-0.2898995876312256
2.821026282853567,6.814505340055459,0.9664726056927949,0.9664726056927949,0.46440973294859583,1.4936983585357666,0.3542954921722412,1.4735163450241089,0.23838885128498077,-0.2041875720024109,0.1860978603363037,1.5427770614624023,-0.2905797064304352
2.82540675844806,6.8052689817616265,-2.2660062275101978,-2.2660062275101978,-0.7242169810600446,1.4952503442764282,0.3513663411140442,1.4745606184005737,0.23997561633586884,-0.20337237417697906,0.20075969398021698,1.541504144668579,-0.23254325985908508
2.829787234042553,7.786570296854941,-1.1066984932261659,-1.1066984932261659,0.4476346202400201,1.4967894554138184,0.32629939913749695,1.4756118059158325,0.24088191986083984,-0.20249295234680176,0.15573455393314362,1.5404855012893677,-0.3799152076244354
2.8341677096370463,8.1477454476572,0.9135673879545789,0.9135673879545789,0.31131810306713614,1.4982187747955322,0.321548730134964,1.4766669273376465,0.24879123270511627,-0.20181076228618622,0.1103430986404419,1.5388213396072388,-0.3273959159851074
2.8385481852315397,6.307753536533006,1.2733084762165843,1.2733084762165843,-0.1228794307826637,1.4996273517608643,0.3137153089046478,1.4777567386627197,0.2590060234069824,-0.20132741332054138,0.1279306858778,1.5373871326446533,-0.2992720305919647
2.842928660826032,8.529679394921866,2.311077019191535,2.311077019191535,0.18892909424223597,1.5010015964508057,0.3008940517902374,1.4788912534713745,0.25698745250701904,-0.20076701045036316,0.16870379447937012,1.5360761880874634,-0.3402506411075592
2.8473091364205256,5.012318342687046,1.6358620339323466,1.6358620339323466,1.5002059849269898,1.5023196935653687,0.2902557849884033,1.4800169467926025,0.2696276605129242,-0.20002800226211548,0.23067724704742432,1.53458571434021,-0.33391836285591125
2.8516896120150186,5.105778601278935,0.9688182352713043,0.9688182352713043,0.15681261118463902,1.5035911798477173,0.3100118339061737,1.4811980724334717,0.2602612376213074,-0.19901752471923828,0.23463883996009827,1.5331230163574219,-0.08958281576633453
2.8560700876095115,3.7522073031182375,2.4321832481657526,2.4321832481657526,-1.11441668734404,1.5049492120742798,0.304565966129303,1.4823381900787354,0.250652551651001,-0.19798970222473145,0.25835198163986206,1.5327305793762207,-0.07778306305408478
2.860450563204005,6.426279249479678,1.7862736353580977,1.7862736353580977,0.8024416695288936,1.5062834024429321,0.2776221036911011,1.4834362268447876,0.23132961988449097,-0.1968580037355423,0.3619239330291748,1.5323898792266846,-0.2818140983581543
2.864831038798498,3.672857859614954,-1.3537560303069704,-1.3537560303069704,0.42214676061309486,1.5074995756149292,0.28220292925834656,1.4844495058059692,0.2307721972465515,-0.19527260959148407,0.39065495133399963,1.5311553478240967,-0.16190725564956665
2.8692115143929917,5.8721996797919624,1.3397087930365088,1.3397087930365088,-0.2679270749262353,1.5087357759475708,0.2841974198818207,1.4854604005813599,0.21204105019569397,-0.1935613602399826,0.33879294991493225,1.530446171760559,-0.09949760884046555
2.873591989987484,4.643340112465938,2.1759569311581184,2.1759569311581184,-0.5271427058212543,1.5099806785583496,0.269862562417984,1.4863892793655396,0.20715145766735077,-0.19207727909088135,0.3857410252094269,1.5300103425979614,-0.1626223623752594
2.877972465581977,8.039376876097466,1.0496208077687217,1.0496208077687217,0.7540193125360559,1.5111627578735352,0.25270000100135803,1.4872967004776,0.19405032694339752,-0.1903875470161438,0.46468010544776917,1.529297947883606,-0.2669345438480377
2.8823529411764706,8.303130300706776,2.9769176730071516,2.9769176730071516,0.32280865921663476,1.5122697353363037,0.25425341725349426,1.4881467819213867,0.20408229529857635,-0.18835203349590302,0.4733126163482666,1.5281286239624023,-0.15874654054641724
2.8867334167709635,7.176734369632428,0.3729964455113791,0.3729964455113791,-0.6016654703043726,1.5133835077285767,0.24750161170959473,1.489040732383728,0.21554997563362122,-0.18627870082855225,0.5508210062980652,1.5274332761764526,-0.12542203068733215
2.891113892365457,9.949335050962535,-1.4607060777726255,-1.4607060777726255,0.08340891037759612,1.514467716217041,0.22534960508346558,1.4899849891662598,0.21894365549087524,-0.18386584520339966,0.5792842507362366,1.526883840560913,-0.2486589103937149
2.89549436795995,0.27645353645765436,0.9646882664502275,0.9646882664502275,0.6546426618309176,1.515454888343811,0.21199752390384674,1.4909440279006958,0.24100616574287415,-0.18132831156253815,0.5341911911964417,1.5257946252822876,-0.2601776719093323
2.899874843554443,5.433423755950246,0.5995617473478715,0.5995617473478715,-0.9548066417145146,1.5163835287094116,0.22382041811943054,1.4919997453689575,0.20035922527313232,-0.1789882928133011,0.5432454943656921,1.5246548652648926,-0.14758966863155365
2.904255319148936,6.26125167995728,0.2270935373472523,0.2270935373472523,0.6419666714046796,1.5173640251159668,0.19809290766716003,1.4928773641586304,0.19207967817783356,-0.1766086220741272,0.5886379480361938,1.5240083932876587,-0.3262837529182434
2.908635794743429,6.467339502400639,-0.6641399199829697,-0.6641399199829697,0.056617083355410054,1.518231749534607,0.2011273354291916,1.4937187433242798,0.19057613611221313,-0.1740301102399826,0.5765223503112793,1.5225790739059448,-0.2303439974784851
2.913016270337922,4.365874512497539,-0.5757799203197246,-0.5757799203197246,0.36591874042965356,1.5191128253936768,0.19309312105178833,1.494553565979004,0.1899549812078476,-0.1715046614408493,0.5554739832878113,1.521570086479187,-0.23572131991386414
2.9173967459324155,7.335048820307635,0.6396976834861281,0.6396976834861281,0.2667007545423333,1.5199586153030396,0.19389362633228302,1.4953856468200684,0.1758783459663391,-0.16907142102718353,0.5279734134674072,1.5205374956130981,-0.18235446512699127
2.9217772215269084,9.121911324560786,0.39889569492563404,0.39889569492563404,-0.5486224086155278,1.5208079814910889,0.1889040470123291,1.496156096458435,0.1811874955892563,-0.16675864160060883,0.5388661026954651,1.5197386741638184,-0.15245835483074188
2.9261576971214014,7.494110326665098,2.649204945532861,2.649204945532861,-0.029240086870103613,1.5216354131698608,0.16645404696464539,1.4969497919082642,0.19745638966560364,-0.16439814865589142,0.5665366649627686,1.5190708637237549,-0.2670932412147522
2.930538172715895,8.142671568435238,-0.6460683873082557,-0.6460683873082557,0.6470260671183446,1.522364616394043,0.15604452788829803,1.4978147745132446,0.20355145633220673,-0.16191644966602325,0.6447557806968689,1.517900824546814,-0.28790968656539917
2.934918648310388,4.071845411619404,-0.0014711223764524717,-0.0014711223764524717,-0.10568960856043808,1.5230481624603271,0.15760232508182526,1.4987064599990845,0.21458369493484497,-0.15909211337566376,0.6069933176040649,1.5166395902633667,-0.19250443577766418
2.939299123904881,8.582396754819511,-0.9245869972847204,-0.9245869972847204,-0.24328248816123704,1.5237385034561157,0.1504749059677124,1.4996464252471924,0.19820508360862732,-0.15643319487571716,0.6100368499755859,1.5157963037490845,-0.2187701165676117
2.943679599499374,5.882753131894899,0.8816744729270328,0.8816744729270328,0.9440844104856039,1.524397611618042,0.13527897000312805,1.5005146265029907,0.21130093932151794,-0.15376093983650208,0.5901405811309814,1.5148379802703857,-0.27712276577949524
2.948060075093867,7.500593562190454,0.13145055455658516,0.13145055455658516,1.3253108971324956,1.524990200996399,0.145750492811203,1.501440167427063,0.20791560411453247,-0.1511758416891098,0.5883179903030396,1.5136240720748901,-0.12448389828205109
2.9524405506883604,7.294831768399834,0.7934525369516094,0.7934525369516094,1.622771710585612,1.525628685951233,0.16155299544334412,1.502350926399231,0.2156345248222351,-0.14859873056411743,0.5534535050392151,1.5130788087844849,0.09170520305633545
2.9568210262828534,2.718366868199985,0.6466960186299393,0.6466960186299393,-1.4597020407651093,1.5263363122940063,0.183322474360466,1.5032955408096313,0.2223597764968872,-0.1461743414402008,0.529234766960144,1.513480544090271,0.3601572811603546
2.9612015018773468,6.188597638902589,-0.9572931075817002,-0.9572931075817002,-0.6331381424986368,1.5271393060684204,0.1529524028301239,1.5042695999145508,0.19563832879066467,-0.14385604858398438,0.5907482504844666,1.515058159828186,0.10303449630737305
2.96558197747184,6.0366905185289,-0.5251722077142027,-0.5251722077142027,0.6800414374024659,1.5278092622756958,0.13412655889987946,1.5051265954971313,0.19271349906921387,-0.1412682831287384,0.5812819004058838,1.5155094861984253,-0.01671876758337021
2.9699624530663327,6.347657096959425,-0.7697283718477681,-0.7697283718477681,-1.1419321894592651,1.5283968448638916,0.14011938869953156,1.5059707164764404,0.1901731789112091,-0.1387219876050949,0.5460858345031738,1.5154362916946411,0.09127327799797058
2.974342928660826,7.26142415138303,0.08179907777643029,0.08179907777643029,0.06928332727709566,1.5290106534957886,0.11188894510269165,1.5068037509918213,0.18780818581581116,-0.13632987439632416,0.5569553375244141,1.5158361196517944,-0.11622974276542664
2.978723404255319,6.649666511088199,0.12088383876232499,0.12088383876232499,0.010193444387782483,1.5295007228851318,0.10542219877243042,1.5076264142990112,0.19272764027118683,-0.13389015197753906,0.5573208332061768,1.515326976776123,-0.11527644097805023
2.983103879849812,5.2859533917474195,-0.2439352700586788,-0.2439352700586788,0.7406519944480527,1.5299625396728516,0.09865245968103409,1.5084706544876099,0.19357344508171082,-0.13144882023334503,0.5605533719062805,1.514822006225586,-0.12325374037027359
2.9874843554443054,7.405765823291279,0.37188816263204283,0.37188816263204283,0.9926092028162464,1.5303946733474731,0.1070646271109581,1.5093185901641846,0.18620994687080383,-0.12899333238601685,0.5318003296852112,1.5142821073532104,-0.002531878650188446
2.9918648310387983,3.8692711434022047,-1.5046502963052497,-1.5046502963052497,0.08988127356026993,1.530863642692566,0.11817251145839691,1.510134220123291,0.1931171864271164,-0.12666378915309906,0.5136733055114746,1.5142710208892822,0.1592177152633667
2.9962453066332912,4.043163854522535,-0.7031513728131435,-0.7031513728131435,-0.5635380657493362,1.5313812494277954,0.11605023592710495,1.5109801292419434,0.17574912309646606,-0.12441365420818329,0.4671079218387604,1.5149685144424438,0.16970166563987732
3.0006257822277846,5.9869666861682305,0.9562397170983623,0.9562397170983623,0.5368128645117727,1.53188955783844,0.1016303151845932,1.5117499828338623,0.15885213017463684,-0.1223675012588501,0.46303078532218933,1.5157119035720825,0.06699596345424652
3.0050062578222776,4.343413490829194,-0.024727724712396454,-0.024727724712396454,1.1625703650208028,1.532334804534912,0.10597631335258484,1.5124458074569702,0.15594418346881866,-0.12033920735120773,0.47527939081192017,1.5160053968429565,0.15236830711364746
3.009386733416771,6.3194228286943295,4.10723706795434,4.10723706795434,-0.5125598284412132,1.5327990055084229,0.12363869696855545,1.5131288766860962,0.1428259164094925,-0.11825725436210632,0.4406065344810486,1.5166728496551514,0.34823936223983765
3.013767209011264,5.158755399210106,0.2509779201456438,0.2509779201456438,-0.8034768843520257,1.533340573310852,0.10829049348831177,1.5137544870376587,0.14100955426692963,-0.1163271889090538,0.5755192637443542,1.5181982517242432,0.25196367502212524
3.018147684605757,8.525024343898757,-1.2430301679425497,-1.2430301679425497,0.19373048313887112,1.5338149070739746,0.08863915503025055,1.5143722295761108,0.13129332661628723,-0.11380614340305328,0.6063126921653748,1.5193020105361938,0.10677269101142883
3.0225281602002503,5.542174372984397,0.9912502020400118,0.9912502020400118,-0.0005515086169129435,1.5342031717300415,0.08474114537239075,1.5149474143981934,0.14483287930488586,-0.11115020513534546,0.5643547177314758,1.5197696685791016,0.13037212193012238
3.0269086357947432,4.378470232934913,-2.2414418933697924,-2.2414418933697924,0.20520059315286637,1.5345743894577026,0.0799667239189148,1.5155818462371826,0.13848553597927094,-0.10867806524038315,0.5933184623718262,1.5203408002853394,0.12404943257570267
3.0312891113892366,4.140392954519847,1.059861252398498,1.059861252398498,0.5558072871529276,1.5349246263504028,0.0801236480474472,1.5161885023117065,0.12464999407529831,-0.10607904940843582,0.5218687653541565,1.5208841562271118,0.1547965258359909
3.0356695869837296,6.423421327624904,0.7302889237876171,0.7302889237876171,-0.620808859996397,1.5352755784988403,0.08711715787649155,1.5167344808578491,0.10957003384828568,-0.10379301756620407,0.536588728427887,1.5215622186660767,0.24663656949996948
3.0400500625782225,6.11928775987394,1.055976034419452,1.055976034419452,-0.3027034726460217,1.5356571674346924,0.0703863576054573,1.5172144174575806,0.10849489271640778,-0.10144250094890594,0.5760450959205627,1.5226426124572754,0.13265106081962585
3.044430538172716,5.9567531081154685,-0.9466042893192913,-0.9466042893192913,-0.5147208092444627,1.5359654426574707,0.0599496103823185,1.5176897048950195,0.10573818534612656,-0.09891915321350098,0.6157228350639343,1.523223638534546,0.07417120039463043
3.048811013767209,4.696393300964367,0.6625068738891149,0.6625068738891149,-0.21422653465864425,1.536228060722351,0.04580217972397804,1.5181528329849243,0.10173780471086502,-0.09622199088335037,0.6031104922294617,1.5235486030578613,-0.020621828734874725
3.053191489361702,6.684100238693027,1.0066859924178186,1.0066859924178186,-0.34357872055940064,1.536428689956665,0.03833291679620743,1.5185984373092651,0.08967447280883789,-0.09358008205890656,0.6287139058113098,1.5234582424163818,-0.06199449300765991
3.057571964956195,10.197780837763721,0.30118268382299707,0.30118268382299707,0.47588367958858063,1.536596655845642,0.027133759111166,1.518991231918335,0.09066970646381378,-0.09082601964473724,0.6681458950042725,1.5231866836547852,-0.12723097205162048
3.061952440550688,5.050444815770048,1.0871459280017661,1.0871459280017661,1.29080268098581,1.5367155075073242,0.02897604927420616,1.5193884372711182,0.11568016558885574,-0.08789922297000885,0.6630440950393677,1.5226293802261353,-0.05311448127031326
3.066332916145181,4.847244676064387,2.769761891369558,2.769761891369558,-0.7381408922251214,1.5368424654006958,0.04972922056913376,1.5198951959609985,0.10734134167432785,-0.08499477803707123,0.6570966839790344,1.5223966836929321,0.1665167510509491
3.0707133917396745,7.5571282719627355,0.13120635600899633,0.13120635600899633,0.990384191052786,1.537060260772705,0.03284570574760437,1.5203653573989868,0.0958234965801239,-0.08211638033390045,0.7595385909080505,1.5231261253356934,0.03545990586280823
3.0750938673341675,6.932713548556194,-0.8988929396109127,-0.8988929396109127,-0.06315667581033792,1.5372041463851929,0.0466926172375679,1.5207850933074951,0.10384811460971832,-0.07878924161195755,0.7344478964805603,1.523281455039978,0.20198610424995422
3.079474342928661,4.007092791139707,0.19043772566434852,0.19043772566434852,-1.0030174933307356,1.537408709526062,0.04144374281167984,1.521239995956421,0.10678914934396744,-0.07557201385498047,0.7100417613983154,1.524166226387024,0.18700267374515533
3.083854818523154,5.691472730641333,-2.123762616974369,-2.123762616974369,-0.037761409474650565,1.5375902652740479,0.020460734143853188,1.5217077732086182,0.08951506018638611,-0.07246169447898865,0.7448944449424744,1.524985432624817,0.011254996061325073
3.0882352941176467,3.148756730184919,-1.1289780781547163,-1.1289780781547163,0.1327557423400476,1.53767991065979,0.016706081107258797,1.5220998525619507,0.08428633213043213,-0.06919870525598526,0.6839765906333923,1.525034785270691,0.0018840478733181953
3.09261576971214,5.965910216237242,-3.550964760065824,-3.550964760065824,0.7512328233609668,1.5377531051635742,0.017587630078196526,1.5224690437316895,0.062332525849342346,-0.0662025660276413,0.6471299529075623,1.52504301071167,0.02347850799560547
3.096996245306633,3.5321843697997934,-0.49348370089210536,-0.49348370089210536,0.6567120553983574,1.537830114364624,0.028747068718075752,1.5227420330047607,0.05962063744664192,-0.0633678287267685,0.5214921236038208,1.5251458883285522,0.15120354294776917
3.1013767209011265,5.992033060991829,-0.19880131539436396,-0.19880131539436396,-0.4308552659105014,1.5379559993743896,0.039399657398462296,1.5230032205581665,0.04065946489572525,-0.06108344346284866,0.48790276050567627,1.5258082151412964,0.2636820673942566
3.1057571964956194,6.891192067984104,-0.4955704330807118,-0.4955704330807118,0.017377730365787734,1.5381286144256592,0.028722649440169334,1.5231813192367554,0.03709913045167923,-0.05894619598984718,0.4946794807910919,1.526963233947754,0.18731610476970673
3.1101376720901124,8.08893646625764,-0.18501983956469567,-0.18501983956469567,-0.3214413070683454,1.5382543802261353,0.026135118678212166,1.523343801498413,0.03991185501217842,-0.05677926540374756,0.4796997606754303,1.527783751487732,0.18837600946426392
3.1145181476846058,9.8862927173087,-0.13483684301564686,-0.13483684301564686,-0.7345627643505904,1.538368821144104,0.01684984192252159,1.523518681526184,0.05041782930493355,-0.05467795208096504,0.483683705329895,1.5286089181900024,0.13066601753234863
3.1188986232790987,4.555292894564641,-0.6574621264338847,-0.6574621264338847,-0.10954347079177076,1.538442611694336,-0.0007198043167591095,1.5237395763397217,0.07256469130516052,-0.05255918577313423,0.5011975765228271,1.5291812419891357,0.0012356340885162354
3.123279098873592,5.080520665220878,0.759676027483217,0.759676027483217,0.5388595721103702,1.5384395122528076,-0.004460261203348637,1.524057388305664,0.05978669598698616,-0.050363700836896896,0.48519662022590637,1.5291866064071655,-0.0186538677662611
3.127659574468085,6.185333597006475,0.4054139756381052,0.4054139756381052,0.6343834017971574,1.5384199619293213,0.0038150176405906677,1.5243192911148071,0.051008936017751694,-0.04823830723762512,0.4916451573371887,1.5291049480438232,0.07376796007156372
3.132040050062578,8.047746145563327,1.5829496391840034,1.5829496391840034,0.5817055323649695,1.5384366512298584,0.013600246049463749,1.5245426893234253,0.04965437948703766,-0.04608466848731041,0.4849585294723511,1.5294281244277954,0.18279528617858887
3.136420525657071,5.803089000780402,-1.2483039610091817,-1.2483039610091817,0.43010871136409834,1.5384962558746338,0.021924491971731186,1.5247602462768555,0.06063183397054672,-0.043960317969322205,0.5141980051994324,1.530228853225708,0.2827537953853607
3.1408010012515644,8.008588378224728,1.0078502246388021,1.0078502246388021,-0.4719874241306139,1.5385923385620117,0.028224779292941093,1.5250258445739746,0.05654147267341614,-0.04170788452029228,0.4651830196380615,1.5314674377441406,0.3568190038204193
3.1451814768460573,7.775736348032647,-0.942906742843779,-0.942906742843779,-0.461529388416972,1.5387159585952759,0.01714649423956871,1.5252735614776611,0.06642912328243256,-0.03967016190290451,0.5083989500999451,1.5330305099487305,0.2747819423675537
3.1495619524405507,4.056325648370028,-1.1073997786259655,-1.1073997786259655,0.5116033564609298,1.5387910604476929,0.006440677680075169,1.5255645513534546,0.07481831312179565,-0.0374431312084198,0.4943411946296692,1.5342341661453247,0.1946341097354889
3.153942428035044,6.2029425788206725,-1.4098062186308638,-1.4098062186308638,0.737353588442955,1.5388193130493164,0.014983641915023327,1.5258922576904297,0.0591624453663826,-0.03527768328785896,0.4470611810684204,1.535086750984192,0.283103883266449
3.1583229036295366,8.324936674819208,0.25381581655972235,0.25381581655972235,0.6627052978502647,1.5388849973678589,0.027313383296132088,1.526151418685913,0.05791342258453369,-0.033319342881441116,0.3843573033809662,1.5363268852233887,0.41075825691223145
3.16270337922403,8.341187190512372,-0.4867753309715295,-0.4867753309715295,-0.6349244168633953,1.5390046834945679,0.03787419945001602,1.5264050960540771,0.07067937403917313,-0.031635675579309464,0.3724164366722107,1.5381262302398682,0.5256231427192688
3.167083854818523,7.667918775771314,-0.06736294626215306,-0.06736294626215306,-0.3382021059646172,1.5391706228256226,0.02427295595407486,1.5267146825790405,0.08269060403108597,-0.030004315078258514,0.3767428696155548,1.5404287576675415,0.41590628027915955
3.1714643304130163,7.499908473515497,-0.6080302557145266,-0.6080302557145266,1.1360822385327733,1.5392769575119019,0.01642831787467003,1.5270769596099854,0.09046878665685654,-0.02835400216281414,0.3846522271633148,1.542250633239746,0.3574300706386566
3.1758448060075093,5.49727269945183,0.1946656602603166,0.1946656602603166,-0.46494768536135656,1.5393489599227905,0.036253124475479126,1.5274732112884521,0.09795106202363968,-0.02666904218494892,0.33371859788894653,1.543816328048706,0.5540640950202942
3.1802252816020022,5.581033772850308,-0.054075783037088515,-0.054075783037088515,-0.45825404521680774,1.5395077466964722,0.026593424379825592,1.5279022455215454,0.0911826342344284,-0.025207195430994034,0.3529813885688782,1.54624342918396,0.4736335575580597
3.184605757196496,5.540497981095704,0.7230071583280799,0.7230071583280799,-1.3186053555154291,1.5396242141723633,0.017085593193769455,1.52830171585083,0.08503603935241699,-0.023660968989133835,0.36478468775749207,1.5483181476593018,0.3942611515522003
3.1889862327909886,6.925012033974161,-1.6984783511943007,-1.6984783511943007,-0.0257273093109482,1.5396990776062012,-0.008449843153357506,1.5286742448806763,0.07830970734357834,-0.022063039243221283,0.4244062602519989,1.5500452518463135,0.16594456136226654
3.193366708385481,4.84871514541963,-3.840325171871354,-3.840325171871354,-0.6228281049012838,1.5396621227264404,-0.009965972974896431,1.5290173292160034,0.08140422403812408,-0.020203938707709312,0.375556617975235,1.5507721900939941,0.16132237017154694
3.197747183979975,6.897988909751241,1.2626620479181863,1.2626620479181863,-0.6703349282291791,1.5396184921264648,-0.02226393297314644,1.5293738842010498,0.07045876979827881,-0.018558822572231293,0.28159549832344055,1.5514788627624512,0.05352122336626053
3.202127659574468,5.158534399589858,-0.8735263277478527,-0.8735263277478527,-0.5921423977534231,1.5395209789276123,-0.035638220608234406,1.5296825170516968,0.07315680384635925,-0.017325300723314285,0.3380451500415802,1.5517133474349976,-0.06238715350627899
3.206508135168961,2.70002185342736,-0.5932524995835402,-0.5932524995835402,-0.2927389998299543,1.5393648147583008,-0.04728564992547035,1.5300029516220093,0.06430809199810028,-0.015844501554965973,0.32982784509658813,1.5514401197433472,-0.16469205915927887
3.210888610763454,6.911942703666633,-1.2870085718186701,-1.2870085718186701,0.17584329006663843,1.5391576290130615,-0.05302412062883377,1.5302846431732178,0.039189692586660385,-0.014399698935449123,0.3210518956184387,1.5507186651229858,-0.2151753306388855
3.215269086357947,5.373562068776394,2.3814257474954412,2.3814257474954412,-0.3016174354294024,1.5389254093170166,-0.050319429486989975,1.530456304550171,0.04227273911237717,-0.012993338517844677,0.278331995010376,1.5497760772705078,-0.18401052057743073
3.219649561952441,7.924201888568819,-2.1013223018601,-2.1013223018601,0.8335521988117743,1.5387049913406372,-0.05633565038442612,1.5306414365768433,0.03493770211935043,-0.011774111539125443,0.3566853702068329,1.5489699840545654,-0.2354010045528412
3.224030037546933,3.9967497343797254,1.0213372556621205,1.0213372556621205,0.094233315987242,1.538458228111267,-0.04121186584234238,1.5307945013046265,0.04503250867128372,-0.010211659595370293,0.2709777355194092,1.5479388236999512,-0.08965934813022614
3.2284105131414265,7.726736805752282,-1.1160160740099043,-1.1160160740099043,0.6551834653410543,1.5382777452468872,-0.03961971402168274,1.530991792678833,0.028704851865768433,-0.009024647995829582,0.2980521023273468,1.5475460290908813,-0.07240650057792664
3.23279098873592,2.782035543368185,-0.4356438790666427,-0.4356438790666427,-0.13321422905385988,1.5381041765213013,-0.027613453567028046,1.531117558479309,0.037456683814525604,-0.007719038054347038,0.2463274598121643,1.5472288131713867,0.04303302615880966
3.237171464330413,7.584553604248212,1.4003273144836297,1.4003273144836297,-1.3059440643231006,1.5379831790924072,-0.030157698318362236,1.531281590461731,0.01294691488146782,-0.00664000678807497,0.237495556473732,1.5474172830581665,0.02080380544066429
3.241551939924906,4.447722581110474,-1.282563002735738,-1.282563002735738,-0.5356497136938811,1.537851095199585,-0.05465051531791687,1.5313383340835571,0.019900575280189514,-0.0055996631272137165,0.31652724742889404,1.5475083589553833,-0.2028251588344574
3.245932415519399,7.310124518082578,0.990542559197651,0.990542559197651,-0.014485292570265299,1.537611722946167,-0.06467068940401077,1.5314254760742188,0.006288275122642517,-0.004213123116642237,0.294715017080307,1.5466198921203613,-0.2940520942211151
3.250312891113892,4.490547878435867,0.8342823114259361,0.8342823114259361,0.7273439379068675,1.5373284816741943,-0.06485075503587723,1.531453013420105,0.011940425261855125,-0.0029221312142908573,0.32406502962112427,1.5453318357467651,-0.29383012652397156
3.254693366708385,6.9799347687445765,-1.7087785817177046,-1.7087785817177046,0.5453399835396743,1.5370444059371948,-0.05113595724105835,1.5315053462982178,-0.0008267713710665703,-0.0015025722095742822,0.3271879553794861,1.5440447330474854,-0.16606532037258148
3.2590738423028784,8.196908301249767,-0.35194847101819504,-0.35194847101819504,0.7286220358363157,1.536820411682129,-0.040655482560396194,1.5315017700195312,0.0029371792916208506,-6.933335680514574e-05,0.2613605260848999,1.5433173179626465,-0.06839514523744583
3.2634543178973714,4.904111757988141,1.7255975328188031,1.7255975328188031,-1.0198019167572157,1.53664231300354,-0.026585636660456657,1.5315146446228027,0.014918252825737,0.0010755500989034772,0.22980444133281708,1.5430177450180054,0.06189889460802078
3.267834793491865,7.569057254028497,0.2601719450999367,0.2601719450999367,0.37187460536168676,1.536525845527649,-0.04532726854085922,1.5315799713134766,0.004070165567100048,0.002082203049212694,0.30997881293296814,1.5432889461517334,-0.11193939298391342
3.2722152690863577,4.856335468649239,0.32203741508253864,0.32203741508253864,0.3768391437225864,1.5363272428512573,-0.03781859204173088,1.5315978527069092,0.011684534139931202,0.00344005785882473,0.3067167401313782,1.542798638343811,-0.04339639097452164
3.2765957446808507,7.774977109280603,0.32975659291855586,0.32975659291855586,0.23054020674243308,1.5361615419387817,-0.030355041846632957,1.5316489934921265,0.0012467652559280396,0.004783622920513153,0.30511635541915894,1.5426084995269775,0.024672754108905792
3.280976220275344,6.857639364460626,-2.6618995556488447,-2.6618995556488447,-0.3492835095885771,1.5360286235809326,-0.02528044581413269,1.5316544771194458,0.010169543325901031,0.0061201779171824455,0.30801379680633545,1.5427166223526,0.06936220824718475
3.285356695869837,5.53305719182012,0.868537989579798,0.868537989579798,-0.3503776668981859,1.53591787815094,-0.031056270003318787,1.5316990613937378,0.012676944956183434,0.007469424977898598,0.24047806859016418,1.543020486831665,0.013300992548465729
3.2897371714643304,7.0756357710385185,0.30671944285189223,0.30671944285189223,0.348878789354727,1.5357818603515625,-0.03693673387169838,1.5317546129226685,0.0063673360273242,0.008522833697497845,0.27607426047325134,1.5430787801742554,-0.043688420206308365
3.294117647058824,7.229734148112057,1.5930133229974819,1.5930133229974819,1.0429907144984314,1.535620093345642,-0.02949603646993637,1.5317825078964233,0.010691750794649124,0.009732170030474663,0.2748430669307709,1.5428874492645264,0.021481525152921677
3.2984981226533163,4.1654509879829344,-2.1830614995785598,-2.1830614995785598,-1.2762348256295881,1.535490870475769,-0.008982151746749878,1.5318293571472168,0.016406582668423653,0.010936113074421883,0.2909054756164551,1.542981505393982,0.2070661038160324
3.3028785982478097,8.153618315198674,0.09415973369355007,0.09415973369355007,-0.2578659903792621,1.5354515314102173,-0.03220827877521515,1.531901240348816,0.0004880037158727646,0.012210417538881302,0.2644232511520386,1.5438885688781738,-0.010777771472930908
3.3072590738423027,7.940471063214908,-0.8444367397393728,-0.8444367397393728,0.14436085649195438,1.5353103876113892,-0.035721682012081146,1.5319033861160278,0.011679768562316895,0.013368717394769192,0.2747035324573517,1.5438413619995117,-0.04944050312042236
3.311639549436796,7.932990735999287,-1.2153282708509472,-1.2153282708509472,-0.06399549934651114,1.535153865814209,-0.03166990354657173,1.5319545269012451,0.021653376519680023,0.014572049491107464,0.24582751095294952,1.543624758720398,-0.018472032621502876
3.316020025031289,8.815642731987234,-0.5380375134558539,-0.5380375134558539,-0.43307871644598567,1.5350151062011719,-0.03142791986465454,1.5320494174957275,0.031472768634557724,0.015648890286684036,0.2122049480676651,1.543543815612793,-0.02335629239678383
3.320400500625782,6.130402684015888,-0.24963075237796117,-0.24963075237796117,1.2267798310790998,1.5348774194717407,-0.03784128278493881,1.5321873426437378,0.046981003135442734,0.016578448936343193,0.20913982391357422,1.5434415340423584,-0.09123355150222778
3.324780976220276,8.168614581623984,0.9295275690461724,0.9295275690461724,0.9543844255895801,1.5347115993499756,-0.013689035549759865,1.5323930978775024,0.045452989637851715,0.017494581639766693,0.16602395474910736,1.5430419445037842,0.12610416114330292
3.3291614518147683,9.120156472919845,-2.2775901951087905,-2.2775901951087905,0.8633870236907363,1.5346516370773315,0.005848569795489311,1.5325921773910522,0.05736122652888298,0.018221845850348473,0.16529805958271027,1.5435943603515625,0.2981766164302826
3.3335419274092613,4.30810677608004,0.4192384850960743,0.4192384850960743,-0.020312601220246574,1.534677267074585,0.02393152192234993,1.5328434705734253,0.07551373541355133,0.018945930525660515,0.0735715702176094,1.5449005365371704,0.45533597469329834
3.337922403003754,4.955040364497973,-1.446101083267718,-1.446101083267718,-0.23336069453572522,1.5347820520401,0.024487772956490517,1.5331742763519287,0.0611184686422348,0.019268209114670753,0.0864078551530838,1.546895146369934,0.4554319679737091
3.342302878598248,2.774791462269924,-0.543796505966986,-0.543796505966986,0.20294086836039305,1.5348893404006958,0.021195124834775925,1.5334420204162598,0.050934746861457825,0.019646717235445976,0.05099198967218399,1.5488901138305664,0.41904595494270325
3.3466833541927405,6.819218540387522,0.5339756441261007,0.5339756441261007,0.6150083907833851,1.5349822044372559,0.025586707517504692,1.5336651802062988,0.026436349377036095,0.019870085641741753,0.029184890910983086,1.5507256984710693,0.4563217759132385
3.351063829787234,6.789749803304078,-0.28399595675398814,-0.28399595675398814,-0.023846537143139175,1.5350942611694336,0.038538869470357895,1.5337809324264526,0.02899552509188652,0.01999793015420437,0.026818478479981422,1.5527245998382568,0.5678451061248779
3.355444305381727,5.192122909056872,-1.1658385338404176,-1.1658385338404176,-0.41300914714644227,1.5352630615234375,0.039521723985672,1.5339078903198242,0.03106391243636608,0.020115407183766365,0.019221290946006775,1.5552120208740234,0.5685506463050842
3.3598247809762203,6.6221415407061635,0.7674171293361246,0.7674171293361246,-1.300131181403902,1.5354361534118652,0.03287157788872719,1.5340439081192017,0.022382250055670738,0.0201996061950922,-0.002763712778687477,1.5577025413513184,0.5005418658256531
3.364205256570713,6.629887657909774,-1.4700981958415071,-1.4700981958415071,1.5770149344852853,1.5355801582336426,0.009899042546749115,1.5341418981552124,0.023055018857121468,0.0201874990016222,0.0576152503490448,1.5598951578140259,0.2796669006347656
3.368585732165206,6.122177059045127,0.9398657002713466,0.9398657002713466,-0.4545036976425846,1.535623550415039,0.04069463163614273,1.534242868423462,0.02449941448867321,0.020439881831407547,-0.03137011080980301,1.5611202716827393,0.556434154510498
3.3729662077597,6.633919034482206,1.089820720569966,1.089820720569966,-0.4304691639672027,1.5358017683029175,0.03340287506580353,1.5343501567840576,0.022050170227885246,0.020302465185523033,0.009349893778562546,1.563557744026184,0.48122626543045044
3.3773466833541925,5.338846087380652,0.03329123587429347,0.03329123587429347,0.0514573851011536,1.5359480381011963,0.02661994844675064,1.5344467163085938,0.023067105561494827,0.020343422889709473,0.05374717712402344,1.5656657218933105,0.4101465940475464
3.381727158948686,8.537842382529812,-2.0034677129537304,-2.0034677129537304,0.10479548020140467,1.536064624786377,0.028580347076058388,1.5345478057861328,0.01555608306080103,0.020578861236572266,0.05321666970849037,1.5674623250961304,0.4215945601463318
3.386107634543179,8.264166156348107,-1.9808212175699167,-1.9808212175699167,-1.355289068416875,1.5361897945404053,0.03212233632802963,1.5346159934997559,0.029333988204598427,0.02081197500228882,-0.00835130363702774,1.569309115409851,0.4435476064682007
3.390488110137672,4.716413542545732,-0.288307768204941,-0.288307768204941,-1.0609651253589476,1.5363304615020752,0.008296346291899681,1.5347445011138916,0.041236039251089096,0.020775392651557922,-0.026618825271725655,1.5712521076202393,0.21245093643665314
3.394868585732165,7.024291984598872,1.1123047916215754,1.1123047916215754,0.26671124839333926,1.5363668203353882,-0.01069742813706398,1.534925103187561,0.02964276820421219,0.020658789202570915,-0.004054781049489975,1.5721827745437622,0.030635327100753784
3.399249061326658,6.590191474652292,-1.807529632085344,-1.807529632085344,0.6837054617181336,1.5363199710845947,-0.004470522981137037,1.5350549221038818,0.03341510891914368,0.02064102701842785,0.02063923329114914,1.5723170042037964,0.07932290434837341
3.403629536921151,6.022375077674495,2.105479884522162,2.105479884522162,-0.10119525399557824,1.5363004207611084,0.009474603459239006,1.5352013111114502,0.034283094108104706,0.02073143608868122,-0.052112728357315063,1.572664499282837,0.199999138712883
3.4080100125156445,8.457888374759618,-1.8128929360521422,-1.8128929360521422,0.43419704994933217,1.536341905593872,0.008642899803817272,1.5353515148162842,0.03137869015336037,0.020503157749772072,0.01232917606830597,1.5735405683517456,0.1846107691526413
3.412390488110137,4.760667180606957,-0.8045375029975739,-0.8045375029975739,-0.585285082043454,1.5363798141479492,0.01822000928223133,1.5354889631271362,0.04466148838400841,0.020557165145874023,-0.053292982280254364,1.574349284172058,0.26256024837493896
3.4167709637046304,4.507908633349455,-0.2893992430518936,-0.2893992430518936,-0.041220811767363634,1.5364596843719482,0.008090376853942871,1.535684585571289,0.033380988985300064,0.02032371610403061,-0.05969584733247757,1.575499415397644,0.16278618574142456
3.421151439299124,7.92127539051783,-1.66589352475334,-1.66589352475334,0.6522685866744814,1.5364950895309448,0.008071666583418846,1.5358308553695679,0.020403051748871803,0.020062219351530075,-0.0669434443116188,1.5762125253677368,0.1569693386554718
3.4255319148936167,6.940208849633179,-1.2419120183018626,-1.2419120183018626,0.08261569344460257,1.5365304946899414,0.021560905501246452,1.535920262336731,0.03007495403289795,0.01976897567510605,-0.1346411406993866,1.5769001245498657,0.2720184326171875
3.42991239048811,9.020419883744715,2.0785121858583615,2.0785121858583615,-0.1925855573106277,1.5366249084472656,0.0242104884237051,1.5360519886016846,0.0332505963742733,0.01917918398976326,-0.17332154512405396,1.5780917406082153,0.2880890667438507
3.434292866082603,4.952892585174789,0.2375735484836192,0.2375735484836192,-0.7354106183111464,1.5367310047149658,0.021977270022034645,1.5361976623535156,0.050303757190704346,0.01841995306313038,-0.10699829459190369,1.5793536901474,0.2567652463912964
3.438673341677096,7.473198217043689,-1.2493484278672666,-1.2493484278672666,-0.03729012756830053,1.5368273258209229,0.00893161166459322,1.5364179611206055,0.04038400948047638,0.017951250076293945,-0.07858407497406006,1.5804784297943115,0.13041062653064728
3.443053817271589,8.083328729909027,0.566625305203361,0.566625305203361,0.1524261723180866,1.5368664264678955,0.009252157993614674,1.5365948677062988,0.04715203121304512,0.017607014626264572,-0.1139800176024437,1.5810496807098389,0.1251128762960434
3.4474342928660824,6.44582202377724,1.0943936230773512,1.0943936230773512,-0.18006050242601612,1.5369069576263428,0.013169780373573303,1.5368014574050903,0.05794616416096687,0.017107728868722916,-0.10188408941030502,1.5815976858139038,0.15260285139083862
3.451814768460576,6.962499424165051,0.19582543395955324,0.19582543395955324,-0.46168084354793876,1.5369646549224854,0.010619005188345909,1.537055253982544,0.05790337920188904,0.016661427915096283,-0.06466598808765411,1.5822662115097046,0.12220223248004913
3.4561952440550687,5.542659616884535,-0.40612927194436327,-0.40612927194436327,0.8669059848309235,1.5370111465454102,0.0028315004892647266,1.537308931350708,0.06136674806475639,0.016378160566091537,-0.04546471685171127,1.5828014612197876,0.04298099875450134
3.4605757196495617,6.26363430816122,-0.07512216227722038,-0.07512216227722038,0.5353621773289883,1.5370235443115234,0.019694428890943527,1.537577748298645,0.05509217828512192,0.016179002821445465,-0.08264137804508209,1.5829896926879883,0.19345849752426147
3.464956195244055,5.50296093019487,-0.4043734383551554,-0.4043734383551554,-0.715854545292424,1.5371098518371582,0.030429597944021225,1.5378190279006958,0.053672488778829575,0.01581699401140213,-0.10046945512294769,1.5838371515274048,0.2865735590457916
3.469336670838548,7.794639489136191,0.15535817662413642,0.15535817662413642,-0.603980404119896,1.537243127822876,0.017654303461313248,1.53805410861969,0.04746536165475845,0.015376890078186989,-0.09137322008609772,1.5850924253463745,0.1629755198955536
3.473717146433041,4.154128514953731,-1.9005691893911985,-1.9005691893911985,-0.10687611693961996,1.5373204946517944,0.007175972685217857,1.5382620096206665,0.05652633309364319,0.014976631850004196,-0.0691981315612793,1.5858063697814941,0.05860993266105652
3.4780976220275344,6.766816322034188,0.5154731126420146,0.5154731126420146,-0.13898295063722996,1.5373519659042358,0.0055915131233632565,1.5385096073150635,0.041234247386455536,0.014673511497676373,-0.12157966196537018,1.5860631465911865,0.040111664682626724
3.4824780976220278,9.364050776001227,-1.1385880320589723,-1.1385880320589723,-0.2431833517471979,1.5373764038085938,0.003645757446065545,1.538690209388733,0.0433444082736969,0.014140934683382511,-0.10246746987104416,1.5862388610839844,0.01598460040986538
3.4868585732165203,7.538710591575154,0.34710045472609835,0.34710045472609835,0.969588633831782,1.5373923778533936,-4.426552914083004e-05,1.5388801097869873,0.06277509778738022,0.013692078180611134,-0.1286161243915558,1.5863088369369507,-0.02632792480289936
3.4912390488110137,5.174718848033615,-0.3440158139000151,-0.3440158139000151,0.8518913560267068,1.5373921394348145,0.01874392293393612,1.539155125617981,0.06970392912626266,0.013128678314387798,-0.14679475128650665,1.586193561553955,0.1412096619606018
3.4956195244055066,7.300259443601429,3.362407471088584,3.362407471088584,-0.6347543170967869,1.537474274635315,0.03510049358010292,1.5394604206085205,0.06092359125614166,0.012485647574067116,-0.18171903491020203,1.586812138557434,0.2884159982204437
