t,u1,u2,u3,tau,x_q,xdot_q,z_q,zdot_q,theta,theta_dot,beta,beta_dot
0.0,9.246872125400031,0.2546458810213664,0.2546458810213664,-0.3676642442136884,-2.0,0.0,2.0,0.0,1.0806329744393126e-05,0.0,0.3490658503991208,0.0
0.0043804755944931,4.223479129852951,-3.499764848597882,-3.499764848597882,0.32133373813815175,-2.0,-0.0025989185087382793,2.0,0.011444048024713993,1.0806329555634875e-05,0.018173426389694214,0.3490658402442932,-0.3165344297885895
0.0087609511889862,5.762389688581192,-0.4073895659034769,-0.4073895659034769,-0.8505659507305042,-2.000011444091797,0.004222353454679251,2.0000500679016113,0.015298016369342804,9.041458542924374e-05,-0.09341476857662201,0.3476792573928833,0.5128046274185181
0.0131414267834793,5.027360632551994,1.0306531559897198,1.0306531559897198,0.7917350525773892,-1.9999929666519165,-0.0074815028347074986,2.000117063522339,-0.021698828786611557,-0.000318786536809057,-0.08047261089086533,0.34992557764053345,-0.9213517904281616
0.0175219023779724,5.114008387642737,-0.2669918738748849,-0.2669918738748849,-1.3039975086354387,-2.000025749206543,0.007423509377986193,2.0000219345092773,0.009407822042703629,-0.0006712948670610785,-0.07349544763565063,0.3458896279335022,0.8803653717041016
0.0219023779724655,5.29137220117682,0.21593914163464525,0.21593914163464525,0.6846777869713365,-1.9999932050704956,-0.011782454326748848,2.000063180923462,-0.05299045145511627,-0.000993239926174283,-0.043211594223976135,0.34974604845046997,-1.4854331016540527
0.0262828535669586,6.3741977091663475,1.6366498147760622,1.6366498147760622,0.9750974404374981,-2.000044822692871,0.001568848267197609,1.9998310804367065,-0.024713391438126564,-0.001182527281343937,-0.05690024793148041,0.3432391583919525,0.11498868465423584
0.0306633291614518,3.559704423313156,0.7190332254002907,0.7190332254002907,-1.204874414927063,-2.000037908554077,0.01952277682721615,1.9997228384017944,0.02512192539870739,-0.001431777374818921,-0.03758082166314125,0.34374287724494934,2.342773914337158
0.0350438047559449,3.2574245713527747,1.5440463152528334,1.5440463152528334,-0.06615534161561229,-1.9999524354934692,0.0019192751497030258,1.9998328685760498,-0.04494909197092056,-0.0015963992336764932,0.018603380769491196,0.3540053367614746,0.1044919490814209
0.039424280350438,8.819435740013422,0.234814808156414,0.234814808156414,-1.1173384799033006,-1.9999439716339111,0.002004519570618868,1.999635934829712,-0.0659150555729866,-0.0015149075770750642,0.06562637537717819,0.3544630706310272,0.11876223981380463
0.0438047559449311,9.81555941832768,0.06630319272955695,0.06630319272955695,0.7714410926116624,-1.9999351501464844,-0.013326672837138176,1.99934720993042,-0.0913633406162262,-0.0012274328619241714,0.10511353611946106,0.35498329997062683,-1.710261344909668
0.0481852315394242,6.474622087570786,-0.29102815423408834,-0.29102815423408834,0.11705445203380588,-1.9999935626983643,0.0033676940947771072,1.998947024345398,-0.024623550474643707,-0.000766985584050417,0.08452127128839493,0.3474915325641632,0.26506268978118896
0.0525657071339173,4.333054112855984,-3.0939097633271913,-3.0939097633271913,-0.31833113910492605,-1.99997878074646,0.0076255821622908115,1.9988391399383545,-0.012667219154536724,-0.00039674219442531466,0.07260396331548691,0.3486526310443878,0.7889642119407654
0.0569461827284105,3.5610096831421507,1.2557754908319159,1.2557754908319159,0.03211926621130953,-1.9999454021453857,0.0040740882977843285,1.9987837076187134,-0.03672380372881889,-7.870228728279471e-05,-0.008451730012893677,0.3521086573600769,0.34992432594299316
0.0613266583229036,3.9402840847047793,-1.5309740162174603,-1.5309740162174603,-0.7495352533731479,-1.9999275207519531,0.005936810746788979,1.9986228942871094,-0.0509522408246994,-0.0001157248843810521,0.02728290855884552,0.35364148020744324,0.5736219882965088
0.0657071339173967,4.05753309305935,-0.9923293503830473,-0.9923293503830473,-0.23235290083421672,-1.999901533126831,-0.004971785470843315,1.9983997344970703,-0.09733465313911438,3.7872378015890718e-06,0.004462419077754021,0.356154203414917,-0.7417088747024536
0.0700876095118898,9.022172097177265,-0.3597171330693114,-0.3597171330693114,0.9415451700132811,-1.9999233484268188,-0.007267948240041733,1.9979733228683472,-0.11963348090648651,2.333475640625693e-05,-0.017731301486492157,0.35290515422821045,-1.0224534273147583
0.0744680851063829,8.067743642272532,-0.15969681119899226,-0.15969681119899226,-1.446029253925397,-1.999955177307129,0.011749589815735817,1.997449278831482,-0.05123238265514374,-5.433678234112449e-05,-0.05573228374123573,0.34842631220817566,1.2564321756362915
0.078848560700876,5.4681942716399625,-0.39761428609912897,-0.39761428609912897,0.9745046117241749,-1.999903678894043,-0.008723843842744827,1.9972248077392578,-0.0973365381360054,-0.0002984706952702254,-0.018167298287153244,0.3539300858974457,-1.2595547437667847
0.0832290362953692,9.954078497583616,2.6443532714079976,2.6443532714079976,-0.9904975450018507,-1.9999419450759888,0.009605767205357552,1.9967983961105347,-0.054749853909015656,-0.0003780521219596267,-0.05823751911520958,0.3484126329421997,0.9254113435745239
0.0876095118898623,6.112558259899279,-2.0539148965240903,-2.0539148965240903,0.6407847889425159,-1.9998998641967773,-0.002832508645951748,1.9965585470199585,-0.06589379906654358,-0.0006331601180136204,0.04791164770722389,0.3524663746356964,-0.5991120338439941
0.0919899874843554,6.1433742533758355,0.948196976387939,0.948196976387939,-1.7048641095455226,-1.9999122619628906,0.010022902861237526,1.996269941329956,-0.033263012766838074,-0.00042328430572524667,-0.030782129615545273,0.34984198212623596,0.9505611658096313
0.0963704630788485,6.0525420152403475,-0.6916527431412199,-0.6916527431412199,0.8827839965654967,-1.999868392944336,-0.01556549035012722,1.996124267578125,-0.10570142418146133,-0.0005581246805377305,0.046695660799741745,0.3540059030056,-2.167287826538086
0.1007509386733416,5.6559743518483225,-0.9651901560863168,-0.9651901560863168,-0.1091061554846835,-1.999936580657959,0.0017611384391784668,1.9956612586975098,-0.0628623440861702,-0.00035357545129954815,0.0007171183824539185,0.3445121645927429,-0.13873553276062012
0.1051314142678347,7.118491618890042,-0.7211728080555495,-0.7211728080555495,0.11048531678259554,-1.9999288320541382,0.002051761606708169,1.9953858852386475,-0.06734048575162888,-0.0003504341293592006,-0.02428324706852436,0.34390443563461304,-0.10149286687374115
0.1095118898623279,6.879327888633445,-0.5813447282199963,-0.5813447282199963,-0.5166107822871466,-1.9999198913574219,0.006409797817468643,1.9950909614562988,-0.0507114976644516,-0.00045680630137212574,-0.04857030138373375,0.3434598445892334,0.43872272968292236
0.113892365456821,4.9507403376290595,0.5901793072653794,0.5901793072653794,0.2667362830983477,-1.999891757965088,0.0005957935936748981,1.9948688745498657,-0.06414496898651123,-0.0006695673218928277,-0.05046073719859123,0.34538164734840393,-0.28006696701049805
0.1182728410513141,5.810219455740586,1.2657501340937083,1.2657501340937083,-0.3393448026418483,-1.9998891353607178,0.006707572378218174,1.9945878982543945,-0.0571356900036335,-0.0008906093426048756,-0.041015174239873886,0.34415483474731445,0.4734992980957031
0.1226533166458072,6.293324265411965,1.4192387297200284,1.4192387297200284,-0.30548596862195576,-1.9998598098754883,0.0033400480169802904,1.994337558746338,-0.07079733908176422,-0.0010702753206714988,0.0058586858212947845,0.3462289869785309,0.059356242418289185
0.1270337922403003,8.674347818334486,-0.2524318415280923,-0.2524318415280923,-0.8800058616703159,-1.9998451471328735,0.0006452728994190693,1.9940273761749268,-0.07922004163265228,-0.0010446114465594292,0.05622611567378044,0.34648898243904114,-0.2658878564834595
0.1314142678347934,7.724878536233225,4.319589848673244,4.319589848673244,0.8614054996579166,-1.9998422861099243,-0.010513536632061005,1.9936803579330444,-0.09520614147186279,-0.000798314344137907,0.07455326616764069,0.3453242778778076,-1.6277767419815063
0.1357947434292866,5.085618401000826,1.7884418906379653,1.7884418906379653,0.6464580999126333,-1.999888300895691,0.0064681582152843475,1.9932633638381958,-0.04025570675730705,-0.0004717355768661946,0.17554321885108948,0.3381938338279724,0.43425214290618896
0.1401752190237797,5.36072023652114,1.920549157961613,1.920549157961613,-0.47774085471315075,-1.9998599290847778,0.018549419939517975,1.9930870532989502,-0.015035821124911308,0.000297227205010131,0.20889276266098022,0.34009605646133423,1.9503507614135742
0.1445556946182728,6.187620624053721,0.6653328524053255,0.6653328524053255,0.10566486433903724,-1.9997786283493042,0.01325499638915062,1.9930211305618286,-0.03851257264614105,0.0012122768675908446,0.2789304256439209,0.34863951802253723,1.240952491760254
0.1489361702127659,6.726582423539359,-0.5376054904536022,-0.5376054904536022,-2.1448949743066716,-1.999720573425293,0.01746368035674095,1.9928524494171143,-0.029325399547815323,0.002434124704450369,0.2952744960784912,0.35407549142837524,1.729371428489685
0.153316645807259,4.299473208535395,3.8703185268224427,3.8703185268224427,2.078818050742051,-1.9996440410614014,-0.01516590267419815,1.9927239418029785,-0.11699019372463226,0.003727567382156849,0.342212438583374,0.3616509735584259,-2.2383604049682617
0.1576971214017521,9.560991438783319,0.22967903720093316,0.22967903720093316,-1.2712588230938628,-1.9997104406356812,0.02222565934062004,1.9922114610671997,-0.034267738461494446,0.005226620472967625,0.39452993869781494,0.3518458902835846,2.092165946960449
0.1620775969962453,6.679129482467582,1.898972158770671,1.898972158770671,-0.10417300787467768,-1.9996130466461182,0.005606375634670258,1.9920613765716553,-0.06110233813524246,0.006954849231988192,0.43836209177970886,0.3610105812549591,-0.008553266525268555
0.1664580725907384,6.221994157185181,1.143927328252399,1.143927328252399,-0.9887594520098937,-1.9995884895324707,0.006696635857224464,1.9917937517166138,-0.05754260718822479,0.008875084109604359,0.4968602657318115,0.3609731197357178,0.08352994918823242
0.1708385481852315,4.501368954544805,-1.7641815439088246,-1.7641815439088246,0.25312737695610976,-1.9995591640472412,-0.007259408012032509,1.9915417432785034,-0.09703939408063889,0.011051568202674389,0.5591414570808411,0.3613390326499939,-1.6055163145065308
0.1752190237797246,4.285655127145964,-0.9081580017875501,-0.9081580017875501,0.06630857152171796,-1.9995909929275513,-0.0006817532703280449,1.9911166429519653,-0.09428580850362778,0.013500873930752277,0.5002296566963196,0.35430610179901123,-0.8995563387870789
0.1795994993742177,8.497744572399125,3.4189161658292573,3.4189161658292573,-0.16606200268219629,-1.99959397315979,0.0024912238586694,1.9907035827636719,-0.10143919289112091,0.01569211855530739,0.47177213430404663,0.35036560893058777,-0.5744998455047607
0.1839799749687108,7.325323157462249,-0.5618872790453162,-0.5618872790453162,0.48555429808749356,-1.9995830059051514,0.0038490137085318565,1.9902592897415161,-0.08666171133518219,0.017758704721927643,0.5764648914337158,0.3478490114212036,-0.5214190483093262
0.188360450563204,7.6990862537054445,0.42022966016529256,0.42022966016529256,-0.35297948803511137,-1.9995661973953247,0.015364326536655426,1.9898797273635864,-0.05158926174044609,0.0202838946133852,0.5458762645721436,0.34556496143341064,0.7763464450836182
0.1927409261576971,8.67412548777552,-2.017823586200589,-2.017823586200589,-1.3166565897661044,-1.9994988441467285,0.013584835454821587,1.9896537065505981,-0.05133513733744621,0.02267509326338768,0.5684564113616943,0.34896573424339294,0.4224175810813904
0.1971214017521902,8.41553712970746,-0.05425142537693686,-0.05425142537693686,1.0353100638274215,-1.9994393587112427,-0.003382403403520584,1.9894288778305054,-0.08686141669750214,0.025165202096104622,0.5479801297187805,0.35081613063812256,-1.805755853652954
0.2015018773466833,6.377291810038012,1.6540311844297044,1.6540311844297044,-1.467067311703509,-1.999454140663147,0.01850081980228424,1.9890483617782593,-0.018879607319831848,0.027565615251660347,0.5161615014076233,0.34290605783462524,0.6362113952636719
0.2058823529411764,7.440776648686459,1.6290558135106696,1.6290558135106696,1.3729605929128,-1.9993730783462524,-0.0015263929963111877,1.988965630531311,-0.07891428470611572,0.02982664853334427,0.607307493686676,0.3456929624080658,-1.99430513381958
0.2102628285356695,8.510538117826092,0.6926808875942654,0.6926808875942654,-0.7173549490762368,-1.9993797540664673,0.02533194236457348,1.9886199235916138,-0.003135591745376587,0.032486945390701294,0.6147862672805786,0.3369569480419159,1.076735258102417
0.2146433041301627,9.175061991580408,1.5127254594859745,1.5127254594859745,1.0848375492787994,-1.9992687702178955,0.019031960517168045,1.9886062145233154,-0.013086829334497452,0.03518000245094299,0.6559637784957886,0.3416735529899597,0.03686332702636719
0.2190237797246558,4.987119558299085,-1.757895976018728,-1.757895976018728,-2.308409576677692,-1.9991854429244995,0.0419185608625412,1.9885488748550415,0.06329876184463501,0.03805343434214592,0.6684594750404358,0.34183502197265625,2.614426374435425
0.2234042553191489,8.042056594348637,-2.134089664911771,-2.134089664911771,1.2796763307611385,-1.9990018606185913,0.008702989667654037,1.9888261556625366,-0.045545801520347595,0.040981605648994446,0.6845362186431885,0.3532874584197998,-1.7531769275665283
0.227784730913642,3.9716038016591475,1.7622901285181607,1.7622901285181607,-0.2661788736287246,-1.998963713645935,0.03540123999118805,1.9886265993118286,0.03049253672361374,0.043980199843645096,0.5848434567451477,0.3456076979637146,1.1599154472351074
0.2321652065081351,5.460385346802179,2.0869616019579125,2.0869616019579125,-1.0984245630610554,-1.9988086223602295,0.03386126458644867,1.9887601137161255,0.006011221557855606,0.04654209315776825,0.644081175327301,0.3506886661052704,0.8113309144973755
0.2365456821026282,2.8145443204466227,-3.730335200736706,-3.730335200736706,1.9843348119889033,-1.9986603260040283,0.019634786993265152,1.9887864589691162,-0.04436471313238144,0.049363475292921066,0.7371045351028442,0.3542426824569702,-1.1261491775512695
0.2409261576971214,8.244650557644093,-0.20450170624100214,-0.20450170624100214,-2.3619544335615763,-1.9985742568969727,0.05465395003557205,1.9885921478271484,0.023179054260253906,0.05259234458208084,0.570218026638031,0.34930962324142456,2.952144145965576
0.2453066332916145,5.064419490982938,-1.0685858923709244,-1.0685858923709244,-0.14103933210194902,-1.9983348846435547,0.022858839482069016,1.9886937141418457,-0.06287239491939545,0.05509017035365105,0.6332224607467651,0.3622414171695709,-1.3726463317871094
0.2496871088861076,4.411633732492935,1.940670053879362,1.940670053879362,0.2479932430560778,-1.998234748840332,0.024475056678056717,1.9884183406829834,-0.07337399572134018,0.0578639842569828,0.6061351895332336,0.3562285602092743,-1.422655701637268
0.2540675844806007,6.925393080149945,-1.8912031069315833,-1.8912031069315833,-0.06891817542561661,-1.9981275796890259,0.032194700092077255,1.9880969524383545,-0.07145524024963379,0.06051914393901825,0.6555666923522949,0.3499966561794281,-0.7274555563926697
0.2584480600750938,7.037177550120578,-0.19440931808051537,-0.19440931808051537,-0.1986625620976715,-1.9979865550994873,0.036518022418022156,1.9877839088439941,-0.06436555087566376,0.0633908361196518,0.6023501753807068,0.3468100428581238,-0.5473950505256653
0.2628285356695869,3.986827976729227,-0.2908394172089701,-0.2908394172089701,-0.6966895823417615,-1.9978265762329102,0.038923632353544235,1.9875019788742065,-0.06223195046186447,0.06602941453456879,0.6024743914604187,0.3444121778011322,-0.6199039816856384
0.2672090112640801,6.2079309500359425,-1.4094088605536932,-1.4094088605536932,0.200680339789759,-1.9976561069488525,0.03095477633178234,1.987229347229004,-0.10593806207180023,0.06866853684186935,0.6143264770507812,0.34169670939445496,-1.823491096496582
0.2715894868585732,6.31683216131577,0.022966553644067814,0.022966553644067814,1.4695957175174355,-1.9975205659866333,0.03963325545191765,1.9867652654647827,-0.09229528158903122,0.07135958224534988,0.5673067569732666,0.3337089419364929,-1.1382861137390137
0.2759699624530663,7.746062595802647,-0.8687837713984711,-0.8687837713984711,-1.8275664275754988,-1.9973469972610474,0.06806214898824692,1.986361026763916,-0.020382262766361237,0.07384465634822845,0.5250605940818787,0.3287227153778076,2.078655481338501
0.2803504380475594,6.44341735806599,-1.180619937174439,-1.180619937174439,0.08325502328243178,-1.9970488548278809,0.04687334597110748,1.9862717390060425,-0.08660860359668732,0.07614467293024063,0.5530601143836975,0.33782821893692017,-1.200967788696289
0.2847309136420525,4.304235155438279,-0.46382153822353706,-0.46382153822353706,0.2546581743033301,-1.9968435764312744,0.05396617576479912,1.9858922958374023,-0.0763658806681633,0.07856734097003937,0.516150951385498,0.33256739377975464,-0.737744927406311
0.2891113892365456,6.297527149348833,0.7111785585404065,0.7111785585404065,-0.33841881661656564,-1.9966071844100952,0.06180418282747269,1.9855577945709229,-0.07476621121168137,0.08082832396030426,0.495169073343277,0.3293357193470001,-0.031695783138275146
0.2934918648310388,6.774176203687448,-0.2074630323546174,-0.2074630323546174,0.474336571363277,-1.9963364601135254,0.062223583459854126,1.9852303266525269,-0.08462841063737869,0.0829973965883255,0.5258206725120544,0.32919687032699585,-0.41358140110969543
0.2978723404255319,4.082960104488354,1.6105576428199462,1.6105576428199462,-0.18381058531785005,-1.9960639476776123,0.0757465809583664,1.984859585762024,-0.054074011743068695,0.0853007435798645,0.5059099793434143,0.32738518714904785,0.8446495532989502
0.302252816020025,4.189501372837845,-0.6361674094888214,-0.6361674094888214,-1.1011533847157327,-1.9957321882247925,0.07677116245031357,1.9846227169036865,-0.07399939000606537,0.08751686662435532,0.5583112239837646,0.3310851454734802,0.6682273745536804
0.3066332916145181,6.411800919699914,0.6897160154246563,0.6897160154246563,-0.37829271402929454,-1.9953958988189697,0.06366094201803207,1.984298586845398,-0.13456465303897858,0.08996253460645676,0.5718902945518494,0.33401229977607727,-1.329362154006958
0.3110137672090112,4.320599522059402,1.3248337257644907,1.3248337257644907,1.9543394279434931,-1.9951170682907104,0.06408467888832092,1.9837090969085693,-0.14542168378829956,0.09246768802404404,0.6030795574188232,0.32818907499313354,-1.7849924564361572
0.3153942428035043,4.033551718943224,-0.4244394336359688,-0.4244394336359688,-1.972462128649941,-1.9948363304138184,0.0987219288945198,1.98307204246521,-0.06686947494745255,0.09510946273803711,0.5846959948539734,0.3203699588775635,2.3060719966888428
0.3197747183979975,7.002811716837356,-3.5428459775279264,-3.5428459775279264,0.9328346100430429,-1.9944038391113281,0.07353359460830688,1.9827791452407837,-0.16848687827587128,0.09767071157693863,0.6299031972885132,0.3304716646671295,-1.4323372840881348
0.3241551939924906,5.862014786962036,0.5083849020017401,0.5083849020017401,-0.05144008771900711,-1.994081735610962,0.09528972953557968,1.9820411205291748,-0.11555968970060349,0.10042998939752579,0.49919915199279785,0.32419735193252563,0.7502312660217285
0.3285356695869837,9.236999133148535,0.6734560562961163,0.6734560562961163,-0.15061187240445795,-1.993664264678955,0.10056508332490921,1.9815349578857422,-0.11583481729030609,0.10261671990156174,0.5155478119850159,0.3274837136268616,0.9210428595542908
0.3329161451814768,4.934563942025674,-0.621875758612496,-0.621875758612496,-0.04387520499475052,-1.993223786354065,0.1079573705792427,1.981027603149414,-0.09469727426767349,0.10487506538629532,0.5396131873130798,0.3315183222293854,1.0516332387924194
0.3372966207759699,5.23979986288456,0.9445923130981487,0.9445923130981487,-1.9631887793087393,-1.992750883102417,0.11261992156505585,1.9806127548217773,-0.10180216282606125,0.10723882913589478,0.522733747959137,0.336124986410141,1.1941267251968384
0.341677096370463,10.727310714552521,-1.5270287787441448,-1.5270287787441448,1.3933953254742462,-1.9922575950622559,0.08747674524784088,1.9801667928695679,-0.19319790601730347,0.10952865332365036,0.6076501607894897,0.3413558304309845,-2.469827651977539
0.3460575719649562,6.526772599791754,1.080328537918194,1.080328537918194,-1.585656731766726,-1.9918744564056396,0.12219490855932236,1.9793205261230469,-0.09134858101606369,0.11219044774770737,0.5223644971847534,0.330536812543869,0.8028576374053955
0.3504380475594493,4.6053199177431745,-1.1991151307265073,-1.1991151307265073,0.0533257501505599,-1.9913392066955566,0.10489891469478607,1.978920340538025,-0.155937060713768,0.11447865515947342,0.6002197265625,0.33405372500419617,-2.0489516258239746
0.3548185231539424,10.472603797943044,-0.42772451762286623,-0.42772451762286623,1.1922201332901339,-1.9908796548843384,0.11134535074234009,1.978237271308899,-0.16131462156772614,0.11710790544748306,0.5636444687843323,0.3250783383846283,-1.7279627323150635
0.3591989987484355,3.0509729128933065,1.1926290747969353,1.1926290747969353,-1.1488575494511042,-1.9903918504714966,0.1417454034090042,1.977530598640442,-0.07000014930963516,0.11957693845033646,0.5163369178771973,0.3175090253353119,1.135024070739746
0.3635794743429286,4.814283428407865,0.8516497009088184,0.8516497009088184,0.35183745827258256,-1.9897708892822266,0.12822505831718445,1.9772239923477173,-0.14175544679164886,0.12183874100446701,0.584715723991394,0.3224809765815735,-1.0088801383972168
0.3679599499374217,6.83956225513032,-0.7745796502703871,-0.7745796502703871,0.51549822836069,-1.9892091751098633,0.13926757872104645,1.9766030311584473,-0.13186371326446533,0.1244000717997551,0.5993118286132812,0.31806159019470215,-0.08302438259124756
0.3723404255319149,4.452757987339803,-1.9217824915555617,-1.9217824915555617,-0.28409894627476284,-1.9885990619659424,0.1550324559211731,1.9760254621505737,-0.09893472492694855,0.12702533602714539,0.5616374611854553,0.3176979124546051,1.2639195919036865
0.376720901126408,8.041755601097721,-0.05946620813505024,-0.05946620813505024,-1.4756433100638113,-1.9879199266433716,0.1562729775905609,1.9755921363830566,-0.12068831920623779,0.1294855773448944,0.5138118863105774,0.3232344686985016,0.9073750376701355
0.3811013767209011,6.59488513561659,-1.0411716001542555,-1.0411716001542555,0.37981281982558956,-1.987235426902771,0.14374104142189026,1.975063443183899,-0.1688924878835678,0.13173632323741913,0.5551687479019165,0.3272092044353485,-1.652815818786621
0.3854818523153942,4.796148013760689,-1.2007178368047444,-1.2007178368047444,0.23576600284819735,-1.9866057634353638,0.1580013930797577,1.9743236303329468,-0.14421170949935913,0.13416822254657745,0.5136715173721313,0.3199690878391266,-0.5875506401062012
0.3898623279098873,7.116258349557395,-1.7680908321960636,-1.7680908321960636,0.02451951807571412,-1.985913634300232,0.1675530970096588,1.9736919403076172,-0.13972079753875732,0.13641834259033203,0.4717216491699219,0.31739532947540283,0.1070600152015686
0.3942428035043804,5.576970057608418,0.292208205512435,0.292208205512435,-0.4668451735681579,-1.9851796627044678,0.1768701821565628,1.9730799198150635,-0.1270126849412918,0.13848470151424408,0.41937172412872314,0.3178642988204956,0.4904558062553406
0.3986232790988736,7.791044414363952,-0.4881830551978603,-0.4881830551978603,-0.44460283343764784,-1.9844049215316772,0.17701371014118195,1.97252357006073,-0.14843495190143585,0.140321746468544,0.4415384829044342,0.3200127184391022,-0.17654377222061157
0.4030037546933667,8.36482212574937,0.6198721638201798,0.6198721638201798,0.7333863611031479,-1.9836294651031494,0.1803535670042038,1.97187340259552,-0.15187209844589233,0.14225590229034424,0.44026580452919006,0.31923937797546387,-0.6951586604118347
0.4073842302878598,5.367502130127428,-0.6336185966000938,-0.6336185966000938,-0.4206935593192378,-1.9828394651412964,0.20226456224918365,1.971208095550537,-0.09747986495494843,0.14418447017669678,0.43695083260536194,0.3161942660808563,1.158278465270996
0.4117647058823529,4.961840090250567,-3.4124009902123955,-3.4124009902123955,-0.5087798515962828,-1.981953501701355,0.20316758751869202,1.9707810878753662,-0.11847694963216782,0.1460985243320465,0.43073275685310364,0.32126808166503906,0.5736261606216431
0.416145181476846,6.144358280489993,0.3914273686564432,0.3914273686564432,-0.8056226982839821,-1.9810634851455688,0.20210088789463043,1.970262050628662,-0.14653360843658447,0.1479853391647339,0.3459378182888031,0.3237808346748352,-0.20560157299041748
0.4205256570713391,7.834583951429655,-0.6968240948449103,-0.6968240948449103,0.011128345192244954,-1.9801782369613647,0.1980942040681839,1.9696201086044312,-0.17897367477416992,0.14950071275234222,0.3808954656124115,0.32288020849227905,-1.520092487335205
0.4249061326658322,6.322284792726318,0.9422341572174194,0.9422341572174194,-0.049379746967751326,-1.9793105125427246,0.2090723216533661,1.9688360691070557,-0.16154426336288452,0.15116921067237854,0.3602209985256195,0.3162214756011963,-1.1290775537490845
0.4292866082603254,5.0233416407314255,1.5402812872554812,1.5402812872554812,-0.19886712516113006,-1.978394627571106,0.21703001856803894,1.9681284427642822,-0.15838979184627533,0.15274715423583984,0.3891792595386505,0.31127557158470154,-0.9292859435081482
0.4336670838548185,2.0268141491578966,0.2612926022875284,0.2612926022875284,0.4062744159312247,-1.9774439334869385,0.22103716433048248,1.9674346446990967,-0.17196685075759888,0.15445195138454437,0.43996790051460266,0.30720484256744385,-1.0880509614944458
0.4380475594493116,5.352340487912411,-0.1805361279487235,-0.1805361279487235,0.3088153992819318,-1.976475715637207,0.22979910671710968,1.9666813611984253,-0.180943101644516,0.15637922286987305,0.43573397397994995,0.3024386763572693,-0.18358153104782104
0.4424280350438047,4.994548811186896,-2.0820758142308433,-2.0820758142308433,0.11227114207541611,-1.9754691123962402,0.24155859649181366,1.9658887386322021,-0.1688268929719925,0.15828794240951538,0.4214433431625366,0.3016344904899597,0.6842459440231323
0.4468085106382978,8.895314061811913,1.2606023198600569,1.2606023198600569,-0.8604611492751448,-1.9744110107421875,0.25012651085853577,1.965149164199829,-0.1684381365776062,0.16013406217098236,0.35736146569252014,0.3046317994594574,1.1440110206604004
0.4511889862327909,7.544506492292199,1.2148685905120167,1.2148685905120167,-1.243203557506171,-1.9733153581619263,0.25039446353912354,1.9644113779067993,-0.18258793652057648,0.16169947385787964,0.4193032383918762,0.30964311957359314,-0.14805448055267334
0.4555694618272841,6.421443862232263,0.15484682032394942,0.15484682032394942,0.8075972799882383,-1.9722185134887695,0.24298535287380219,1.9636116027832031,-0.22443002462387085,0.1635362207889557,0.4910867512226105,0.3089945614337921,-2.266071319580078
0.4599499374217772,6.476814161699851,-0.692992753672433,-0.692992753672433,-0.234308180067817,-1.9711540937423706,0.2644161880016327,1.9626284837722778,-0.18166764080524445,0.1656874120235443,0.4720243811607361,0.2990680932998657,-0.35479736328125
0.4643304130162703,5.2567935732931,-2.4305954967464265,-2.4305954967464265,0.4978276891644954,-1.9699958562850952,0.27041131258010864,1.9618326425552368,-0.1857784241437912,0.1677550971508026,0.4586293399333954,0.2975139021873474,-0.5143762826919556
0.4687108886107634,8.552680863537255,-0.6000150536246193,-0.6000150536246193,-1.0375550993431042,-1.968811273574829,0.28501036763191223,1.9610188007354736,-0.1657848358154297,0.16976411640644073,0.3731101155281067,0.2952606976032257,0.7257391214370728
0.4730913642052565,6.968782015274537,-0.7879525051424734,-0.7879525051424734,1.0831438088228496,-1.9675627946853638,0.28308582305908203,1.9602925777435303,-0.19078394770622253,0.17139852046966553,0.38588768243789673,0.29843977093696594,-0.9340062141418457
0.4774718397997496,9.282269624494791,-0.5504894102953434,-0.5504894102953434,-0.7724627074854913,-1.9663227796554565,0.308641642332077,1.9594568014144897,-0.1310034692287445,0.1730888932943344,0.3312457203865051,0.2943483889102936,1.5524823665618896
0.4818523153942428,7.411333795791124,-1.2628189779538306,-1.2628189779538306,-0.8057878284988218,-1.9649708271026611,0.31188321113586426,1.9588829278945923,-0.13839209079742432,0.17453990876674652,0.3377280533313751,0.30114901065826416,0.45525336265563965
0.4862327909887359,4.85089064738294,0.30666641907188064,0.30666641907188064,0.31065870102935,-1.9636046886444092,0.31155067682266235,1.9582767486572266,-0.1615048199892044,0.1760193109512329,0.3243812918663025,0.3031432330608368,-0.797316312789917
0.490613266583229,7.315456667098563,-1.1872512177047747,-1.1872512177047747,-1.3338696150054872,-1.9622399806976318,0.32335081696510315,1.9575692415237427,-0.1532600075006485,0.17744025588035583,0.3242647051811218,0.2996506094932556,0.051065146923065186
0.4949937421777221,5.251028504346686,-2.1705180084814435,-2.1705180084814435,0.698933027089586,-1.9608235359191895,0.31558725237846375,1.9568978548049927,-0.20124942064285278,0.17886069416999817,0.3285464346408844,0.29987430572509766,-2.2570462226867676
0.4993742177722152,7.213101370809861,1.1184020598701743,1.1184020598701743,1.5319389973668909,-1.959441065788269,0.3339543044567108,1.9560163021087646,-0.17234793305397034,0.18029987812042236,0.24474936723709106,0.28998735547065735,-0.6166143417358398
0.5037546933667083,7.114836698159594,0.7707370999309519,0.7707370999309519,-2.823693519638631,-1.9579781293869019,0.36589425802230835,1.9552613496780396,-0.09003900736570358,0.1813720017671585,0.232672780752182,0.28728628158569336,2.7755253314971924
0.5081351689612015,4.782423574688224,-1.8919242967517043,-1.8919242967517043,0.9237758770392127,-1.9563753604888916,0.33927294611930847,1.954866886138916,-0.20830078423023224,0.1823912262916565,0.33764153718948364,0.29944440722465515,-2.5070793628692627
0.5125156445556946,6.048851742707155,2.31906680089415,2.31906680089415,-0.16840038022252415,-1.954889178276062,0.36031270027160645,1.9539544582366943,-0.17275996506214142,0.18387025594711304,0.2554141581058502,0.28846222162246704,-0.4412078857421875
0.5168961201501877,6.824450208601208,0.0855274221564784,0.0855274221564784,-0.4361814091439378,-1.9533108472824097,0.36736926436424255,1.953197717666626,-0.17724566161632538,0.1849890947341919,0.32805609703063965,0.2865295112133026,-0.48887839913368225
0.5212765957446808,12.115871689755576,0.28944598677591815,0.28944598677591815,0.7405771489359015,-1.9517016410827637,0.3720599412918091,1.9524213075637817,-0.18809226155281067,0.18642613291740417,0.34329164028167725,0.28438800573349,-1.032615303993225
0.5256570713391739,5.693822170501184,-1.5589350282182592,-1.5589350282182592,-0.7854652773495178,-1.9500718116760254,0.4009319841861725,1.9515973329544067,-0.1045757383108139,0.1879299134016037,0.3301171660423279,0.27986466884613037,1.0178972482681274
0.5300375469336671,9.060601341610264,-0.5808594967473009,-0.5808594967473009,-0.3013400913049674,-1.9483155012130737,0.3995453715324402,1.951139211654663,-0.1401692032814026,0.18937598168849945,0.30752938985824585,0.2843235433101654,-0.2746264934539795
0.5344180225281602,7.915222067460448,-0.6790725580008894,-0.6790725580008894,-0.1580960890262988,-1.9465652704238892,0.4097713828086853,1.950525164604187,-0.12779201567173004,0.19072310626506805,0.2993665337562561,0.2831205427646637,-0.4433385729789734
0.5387984981226532,6.805126785890972,0.15527838716158487,0.15527838716158487,-0.6175328187667593,-1.944770336151123,0.4201963245868683,1.9499653577804565,-0.11760219931602478,0.19203446805477142,0.2841523587703705,0.2811785042285919,-0.3813226819038391
0.5431789737171464,7.277180573653719,-0.3864457730942102,-0.3864457730942102,0.49240972436107433,-1.9429296255111694,0.4228256046772003,1.9494502544403076,-0.1369919329881668,0.1932791918516159,0.30672091245651245,0.27950814366340637,-1.286588191986084
0.5475594493116396,7.327495809897664,1.6038606190479243,1.6038606190479243,-1.7429844567865438,-1.941077470779419,0.4410873055458069,1.948850154876709,-0.10184736549854279,0.19462276995182037,0.2810555398464203,0.2738722860813141,0.040132761001586914
0.5519399249061326,3.0829877009461746,-1.1952740036063738,-1.1952740036063738,1.4305412727513025,-1.9391453266143799,0.43025651574134827,1.94840407371521,-0.16909487545490265,0.19585393369197845,0.37879401445388794,0.2740480899810791,-3.080268621444702
0.5563204005006257,5.937907912349978,0.508193999922693,0.508193999922693,-0.19841919720743767,-1.937260627746582,0.4546709656715393,1.9476633071899414,-0.12298416346311569,0.19751323759555817,0.3021118640899658,0.26055505871772766,-0.08575820922851562
0.5607008760951189,1.6353761193916982,1.2664324909502316,1.2664324909502316,1.0480609754567065,-1.9352689981460571,0.4617377519607544,1.9471246004104614,-0.1297871172428131,0.19883662462234497,0.32274720072746277,0.26017940044403076,-0.19747018814086914
0.565081351689612,3.5396356829341618,0.6264711834876662,0.6264711834876662,-1.4148028226783995,-1.933246374130249,0.47726139426231384,1.9465560913085938,-0.11186842620372772,0.20025041699409485,0.3291243314743042,0.2593143880367279,1.966794729232788
0.5694618272841051,8.124220622101335,-0.33205465127531475,-0.33205465127531475,-0.7972912736469067,-1.931155800819397,0.4660416543483734,1.9460660219192505,-0.19329574704170227,0.201692134141922,0.3887360095977783,0.26792988181114197,-0.680584192276001
0.5738423028785982,5.506804416849658,0.25343382869898445,0.25343382869898445,-0.06243256268924735,-1.9291143417358398,0.4692976474761963,1.9452192783355713,-0.21106964349746704,0.20339497923851013,0.402322381734848,0.26494860649108887,-1.8801823854446411
0.5782227784730913,5.672564927727443,1.0052858539179819,1.0052858539179819,0.6565980741847873,-1.9270585775375366,0.4779321849346161,1.9442946910858154,-0.21502673625946045,0.2051573395729065,0.4115466773509979,0.25671252608299255,-1.7417433261871338
0.5826032540675845,5.0665868796074225,-1.41728667489721,-1.41728667489721,-0.6222548842167104,-1.9249650239944458,0.4955534338951111,1.9433528184890747,-0.18446394801139832,0.20696011185646057,0.4217294752597809,0.24908286333084106,-0.16395843029022217
0.5869837296620776,2.63055645967133,-0.23737916957232852,-0.23737916957232852,0.4669984545643577,-1.922794222831726,0.4965873658657074,1.9425448179244995,-0.2176213413476944,0.20880748331546783,0.3985120356082916,0.2483646422624588,-1.1606457233428955
0.5913642052565706,7.547981474120854,-0.8988245302117044,-0.8988245302117044,-0.13262654058441983,-1.9206188917160034,0.506583571434021,1.941591501235962,-0.21893581748008728,0.2105531543493271,0.37794196605682373,0.24328045547008514,-0.10541319847106934
0.5957446808510638,6.848562251698791,0.02002537400454435,0.02002537400454435,0.15425529376987582,-1.9183998107910156,0.5176454186439514,1.9406324625015259,-0.21051856875419617,0.21220871806144714,0.3555665612220764,0.2428186982870102,-0.008831009268760681
0.600125156445557,5.425764147537139,-2.822246123926623,-2.822246123926623,0.43846472915055573,-1.9161323308944702,0.5309099555015564,1.939710259437561,-0.19413816928863525,0.21376626193523407,0.35164663195610046,0.24278001487255096,0.6254199743270874
0.60450563204005,7.858807979675934,0.37019348209734476,0.37019348209734476,-1.5822811673663646,-1.913806676864624,0.5451472997665405,1.9388598203659058,-0.17543669044971466,0.21530663967132568,0.2564235329627991,0.24551965296268463,1.7574485540390015
0.6088861076345431,8.569869396693775,1.7172563237949021,1.7172563237949021,-0.19339624993398943,-1.9114186763763428,0.540448784828186,1.9380912780761719,-0.23199447989463806,0.2164299041032791,0.3134419918060303,0.2532181143760681,-1.0167368650436401
0.6132665832290363,4.391254478011716,-1.858206762921195,-1.858206762921195,-0.10676859059292532,-1.9090512990951538,0.552952229976654,1.9370750188827515,-0.21870671212673187,0.21780292689800262,0.36923909187316895,0.24876432120800018,-0.9923611879348755
0.6176470588235294,7.27228116847839,-0.7534038268313175,-0.7534038268313175,0.6879346115683431,-1.9066290855407715,0.5593534111976624,1.9361169338226318,-0.23322536051273346,0.21942037343978882,0.3180915415287018,0.24441730976104736,-0.9950994849205017
0.6220275344180225,2.639168935193112,0.18998390455410386,0.18998390455410386,-1.807150379870739,-1.9041788578033447,0.5799686312675476,1.9350953102111816,-0.1889697164297104,0.22081376612186432,0.27599990367889404,0.2400583028793335,0.7217779755592346
0.6264080100125156,7.34805309855796,1.2449544264941006,1.2449544264941006,1.4795742087910673,-1.9016382694244385,0.5640528798103333,1.934267520904541,-0.2957717180252075,0.22202277183532715,0.33432257175445557,0.2432200312614441,-2.7493669986724854
0.6307884856070087,7.301743861368308,-1.1317510801780508,-1.1317510801780508,-1.1462084698517254,-1.8991674184799194,0.5946586728096008,1.9329719543457031,-0.21439576148986816,0.2234872579574585,0.32747092843055725,0.231176495552063,0.5469799041748047
0.6351689612015019,6.498567215723227,0.5143547122000338,0.5143547122000338,0.5408841344884945,-1.8965625762939453,0.5948299765586853,1.932032823562622,-0.25514647364616394,0.22492173314094543,0.32789313793182373,0.23357252776622772,-1.3856357336044312
0.639549436795995,6.858438650098332,3.133117428661261,3.133117428661261,0.21565868850599346,-1.8939568996429443,0.6123853921890259,1.930915117263794,-0.22358578443527222,0.2263580560684204,0.3271183967590332,0.22750277817249298,0.0016417503356933594
0.643929912390488,8.351725784408803,0.8071351333888941,0.8071351333888941,-0.9568904779049577,-1.891274333000183,0.6267328262329102,1.9299356937408447,-0.20435333251953125,0.22779099643230438,0.4123174548149109,0.2275099754333496,0.7587460279464722
0.6483103879849812,7.07707992342161,-1.121920735061747,-1.121920735061747,-0.00917209638807745,-1.8885289430618286,0.6311935186386108,1.929040551185608,-0.2283964455127716,0.22959713637828827,0.4638325870037079,0.23083364963531494,-0.7468205690383911
0.6526908635794744,2.921029673756522,1.3279771040131667,1.3279771040131667,-0.2947104709662355,-1.8857640027999878,0.6437311172485352,1.9280400276184082,-0.2180243730545044,0.23162893950939178,0.43133679032325745,0.22756221890449524,-0.42680826783180237
0.6570713391739674,4.365807490997733,-0.08394590917351186,-0.08394590917351186,-0.4881259142841909,-1.882944107055664,0.6457922458648682,1.9270849227905273,-0.2525317668914795,0.23351840674877167,0.4787244200706482,0.22569260001182556,-0.8738333582878113
0.6614518147684605,6.40035447209087,-2.542451153192421,-2.542451153192421,0.6793237734247846,-1.880115270614624,0.6484962105751038,1.925978660583496,-0.2851029336452484,0.23561544716358185,0.4905277490615845,0.22186478972434998,-1.6368142366409302
0.6658322903629537,5.453437621417198,-0.4090025513557179,-0.4090025513557179,0.4313126853186249,-1.877274513244629,0.6674791574478149,1.924729824066162,-0.24786624312400818,0.23776419460773468,0.3964416980743408,0.2146947681903839,0.021326065063476562
0.6702127659574468,6.25429467756488,-2.96614036499893,-2.96614036499893,-0.7632742510095814,-1.874350666999817,0.6817554831504822,1.9236440658569336,-0.22929880023002625,0.23950079083442688,0.37190183997154236,0.21478818356990814,1.1404805183410645
0.6745932415519399,4.222094979895663,-0.8121491296652313,-0.8121491296652313,-1.0429326986912566,-1.8713642358779907,0.6855195760726929,1.9226396083831787,-0.2604859173297882,0.24112990498542786,0.3075711727142334,0.21978403627872467,-0.08002269268035889
0.678973717146433,2.7182953482284087,-1.7930144164666841,-1.7930144164666841,1.2781300518266556,-1.8683613538742065,0.6824203133583069,1.9214985370635986,-0.32008689641952515,0.2424772083759308,0.31431078910827637,0.2194335013628006,-1.9542970657348633
0.6833541927409261,8.161147007781482,-0.5276765783045729,-0.5276765783045729,-0.10546105360031466,-1.8653720617294312,0.7011347413063049,1.9200963973999023,-0.2829084098339081,0.24385404586791992,0.22462362051010132,0.21087275445461273,0.7198116779327393
0.6877346683354193,5.854468909364306,-1.1124383406840677,-1.1124383406840677,-0.8140552306493475,-1.8623007535934448,0.7152103185653687,1.9188570976257324,-0.2689436376094818,0.24483799934387207,0.2122935950756073,0.21402586996555328,0.899757981300354
0.6921151439299124,6.295001234161363,1.6310892847176692,1.6310892847176692,-0.03724567220495739,-1.8591678142547607,0.7179030776023865,1.917678952217102,-0.30558133125305176,0.24576795101165771,0.2035798579454422,0.21796724200248718,-0.4409809112548828
0.6964956195244054,8.086643134678567,-0.8690358251660599,-0.8690358251660599,0.01704865232992675,-1.8560230731964111,0.7292959690093994,1.9163403511047363,-0.30259689688682556,0.24665972590446472,0.25230053067207336,0.21603552997112274,-0.21434897184371948
0.7008760951188986,7.897480612867627,0.08730278743202785,0.08730278743202785,-0.29389147032483853,-1.8528283834457397,0.7446086406707764,1.9150148630142212,-0.28350767493247986,0.24776491522789001,0.22642405331134796,0.215096578001976,0.2059318721294403
0.7052565707133918,3.2634965755641243,-0.35515595325123833,-0.35515595325123833,0.42300267130803276,-1.8495666980743408,0.7564418315887451,1.9137729406356812,-0.2803841531276703,0.2487567663192749,0.23755612969398499,0.21599866449832916,-0.0017987638711929321
0.7096370463078848,6.692376352540292,0.4470725785770717,0.4470725785770717,-1.6101934947263121,-1.8462531566619873,0.7669264078140259,1.9125447273254395,-0.27889394760131836,0.24979737401008606,0.2148314267396927,0.21599078178405762,0.9961247444152832
0.7140175219023779,6.818400879764496,0.6615838458033004,0.6615838458033004,1.7702106805213278,-1.8428936004638672,0.7631928324699402,1.911323070526123,-0.34639614820480347,0.2507384419441223,0.2749101221561432,0.22035428881645203,-1.8893871307373047
0.718397997496871,8.630358168421616,-1.8710492438320698,-1.8710492438320698,-0.561611579749149,-1.839550495147705,0.7950257658958435,1.9098056554794312,-0.25527870655059814,0.2519426643848419,0.24253469705581665,0.21207787096500397,1.9601056575775146
0.7227784730913642,6.695098666154279,1.9559902400488918,1.9559902400488918,-1.1420905388416773,-1.8360679149627686,0.8061763644218445,1.9086874723434448,-0.2592623233795166,0.25300508737564087,0.20429496467113495,0.22066406905651093,1.2543617486953735
0.7271589486858573,4.925727680081895,0.029086777246221662,0.029086777246221662,-0.6700122278678626,-1.8325364589691162,0.8072271943092346,1.9075517654418945,-0.3048909902572632,0.2538999915122986,0.294768750667572,0.2261587679386139,-0.6992104053497314
0.7315394242803503,7.116947028760462,-1.0478312770747835,-1.0478312770747835,0.6160678101332842,-1.829000473022461,0.8095999956130981,1.9062161445617676,-0.3418368399143219,0.25519120693206787,0.31518465280532837,0.22309589385986328,-1.7975707054138184
0.7359198998748435,4.306475651908219,-0.709878382505775,-0.709878382505775,-0.20994109392837568,-1.8254539966583252,0.8302128314971924,1.9047187566757202,-0.3023606538772583,0.25657185912132263,0.2665935158729553,0.21522167325019836,-0.2312406301498413
0.7403003754693367,7.08633261872399,-0.1724471780395248,-0.1724471780395248,0.31148211450172636,-1.8218172788619995,0.8364052176475525,1.9033942222595215,-0.3225821852684021,0.2577396631240845,0.2519937753677368,0.214208722114563,-0.44347912073135376
0.7446808510638298,7.637411923460574,0.526657973365681,0.526657973365681,-2.1451021065352873,-1.8181533813476562,0.8533424139022827,1.9019811153411865,-0.29745402932167053,0.2588435113430023,0.2378614991903305,0.21226607263088226,0.5149410963058472
0.7490613266583228,3.6156496740566224,-1.9144050098445033,-1.9144050098445033,1.0390380966885153,-1.8144153356552124,0.8466277122497559,1.9006781578063965,-0.38295263051986694,0.2598854601383209,0.31588536500930786,0.21452176570892334,-3.3903884887695312
0.753441802252816,2.421353527922017,-0.1376477836792771,-0.1376477836792771,-0.5788504664619033,-1.8107067346572876,0.8654493689537048,1.899000644683838,-0.35034438967704773,0.2612691819667816,0.22963547706604004,0.19967025518417358,-1.1494619846343994
0.7578222778473092,7.270598117478243,-1.867848375224359,-1.867848375224359,-0.6748789832701505,-1.8069156408309937,0.8648117184638977,1.8974659442901611,-0.40217140316963196,0.2622750997543335,0.24251998960971832,0.1946350634098053,-2.1861910820007324
0.7622027534418022,8.30646362114063,-0.6168631825060983,-0.6168631825060983,1.90605859231794,-1.803127408027649,0.8732259273529053,1.8957042694091797,-0.42197445034980774,0.26333746314048767,0.20768150687217712,0.18505850434303284,-3.1828629970550537
0.7665832290362953,5.872927528457683,0.22819800591086015,0.22819800591086015,-0.8236159857927591,-1.7993022203445435,0.9071803689002991,1.8938558101654053,-0.3128587007522583,0.26424720883369446,0.13400420546531677,0.17111605405807495,1.007106065750122
0.7709637046307884,5.186216988018208,-1.6398478978226603,-1.6398478978226603,-0.5608438003963636,-1.7953283786773682,0.9119364023208618,1.8924853801727295,-0.3502877652645111,0.2648342251777649,0.16472050547599792,0.1755276620388031,-0.3528655767440796
0.7753441802252816,4.675736838588104,-0.8680290669350659,-0.8680290669350659,0.5507717920697313,-1.7913336753845215,0.9173404574394226,1.8909509181976318,-0.3804979920387268,0.2655557692050934,0.1332101672887802,0.1739819496870041,-1.2223644256591797
0.7797246558197747,3.519293316745535,-0.32425589671377364,-0.32425589671377364,-1.199535572638108,-1.7873152494430542,0.9311467409133911,1.8892841339111328,-0.36226949095726013,0.26613929867744446,0.09177668392658234,0.16862741112709045,0.09654271602630615
0.7841051314142677,8.017660501371735,0.2210964296408615,0.2210964296408615,1.5187780522318322,-1.7832363843917847,0.9283618330955505,1.8876972198486328,-0.43519729375839233,0.26654133200645447,0.11733762919902802,0.16905032098293304,-2.123806953430176
0.7884856070087609,4.3514130741062065,-2.172953225452951,-2.172953225452951,-1.8379458006435998,-1.7791696786880493,0.9566431045532227,1.8857908248901367,-0.34617117047309875,0.26705533266067505,0.07944121956825256,0.15974703431129456,1.2808434963226318
0.7928660826032541,4.29711865651516,-0.7432602249871418,-0.7432602249871418,1.0963605064786794,-1.7749791145324707,0.9512736797332764,1.8842744827270508,-0.4430587589740753,0.26740333437919617,0.06965793669223785,0.16535773873329163,-2.170933246612549
0.7972465581977471,6.751184076550787,0.9111082472488575,0.9111082472488575,0.3630653432457318,-1.7708120346069336,0.9687549471855164,1.8823336362838745,-0.40199407935142517,0.2677084803581238,0.015935182571411133,0.15584801137447357,0.21578001976013184
0.8016270337922402,8.074068756039031,-1.370847668739367,-1.370847668739367,-1.7730294016886787,-1.7665684223175049,0.9845373630523682,1.8805726766586304,-0.37687358260154724,0.26777827739715576,0.03193977475166321,0.1567932367324829,1.2591651678085327
0.8060075093867334,6.056974059848452,-1.1279826731714244,-1.1279826731714244,1.3571331072050195,-1.7622556686401367,0.9871287941932678,1.8789217472076416,-0.44264736771583557,0.267918199300766,0.04368475824594498,0.1623089760541916,-1.886633276939392
0.8103879849812266,4.865751364097933,-0.5227683920316437,-0.5227683920316437,-1.8149497403654093,-1.7579315900802612,1.0097724199295044,1.8769826889038086,-0.3759581744670868,0.2681095600128174,-0.028888501226902008,0.15404462814331055,1.1027404069900513
0.8147684605757196,8.210992556791155,0.7518867053264107,0.7518867053264107,0.46357346240927205,-1.7535083293914795,1.006020426750183,1.8753358125686646,-0.4679561257362366,0.26798301935195923,0.008847292512655258,0.15887515246868134,-2.27899169921875
0.8191489361702127,9.801325535841318,0.8161068121985795,0.8161068121985795,0.8486360196353194,-1.7491015195846558,1.0260214805603027,1.8732858896255493,-0.42717456817626953,0.26802176237106323,0.017266953364014626,0.1488920897245407,-0.9660784006118774
0.8235294117647058,8.028934395507408,-2.0794158846585438,-2.0794158846585438,-1.004804794829051,-1.7446070909500122,1.0510724782943726,1.8714146614074707,-0.3560809791088104,0.2680974006652832,0.01631699688732624,0.14466020464897156,1.1883589029312134
0.827909887359199,5.624776364761144,0.8822350993830583,0.8822350993830583,0.11577217389395106,-1.7400028705596924,1.0597732067108154,1.8698548078536987,-0.38601019978523254,0.2681688666343689,-0.015065053477883339,0.1498657763004303,-0.4309335947036743
0.8322903629536921,7.5184003067986875,0.31560741059794883,0.31560741059794883,0.290869194926344,-1.7353605031967163,1.0714976787567139,1.8681639432907104,-0.3810679614543915,0.26810288429260254,0.007318094372749329,0.14797808229923248,0.06649357080459595
0.8366708385481851,4.842460597605665,-1.8587669219255876,-1.8587669219255876,-2.0968111849663362,-1.7306668758392334,1.0880699157714844,1.8664946556091309,-0.35355234146118164,0.2681349515914917,0.008040528744459152,0.14826935529708862,1.002265453338623
0.8410513141426783,10.13353235171775,-0.2597405605187005,-0.2597405605187005,3.259288307674508,-1.725900650024414,1.082724690437317,1.864945888519287,-0.4591211974620819,0.26817017793655396,0.014992175623774529,0.15265975892543793,-2.941795825958252
0.8454317897371715,5.005431493703125,0.4952538479520803,0.4952538479520803,-3.900351027438745,-1.7211577892303467,1.1269465684890747,1.8629347085952759,-0.2717873752117157,0.26823586225509644,-0.0877746194601059,0.13977329432964325,4.02719783782959
0.8498122653316645,8.185874823117446,0.9728212099469262,0.9728212099469262,1.6444691656641384,-1.7162212133407593,1.1122881174087524,1.8617441654205322,-0.4618355631828308,0.2678513824939728,0.04059098660945892,0.15741433203220367,-3.4994659423828125
0.8541927409261576,4.033224130140926,1.1044946931257347,1.1044946931257347,-0.6930785793852323,-1.7113488912582397,1.1417690515518188,1.859721064567566,-0.3656046986579895,0.26802918314933777,0.020976735278964043,0.142085000872612,0.162858247756958
0.8585732165206508,4.972961859721552,-2.378110276805778,-2.378110276805778,0.564425299042855,-1.7063473463058472,1.1448417901992798,1.8581194877624512,-0.41093385219573975,0.26812106370925903,0.07347157597541809,0.14279839396476746,-1.0255135297775269
0.8629536921151439,3.22652630284274,-2.3123370653510116,-2.3123370653510116,-1.3928579562454768,-1.701332449913025,1.1583671569824219,1.8563194274902344,-0.3896896243095398,0.26844289898872375,-0.012459792196750641,0.1383061558008194,0.3338509798049927
0.867334167709637,4.716122025633451,-0.4662454228411944,-0.4662454228411944,1.5969511115549933,-1.696258306503296,1.1554036140441895,1.8546123504638672,-0.4742564558982849,0.2683883309364319,-0.039311498403549194,0.139768585562706,-2.2858195304870605
0.8717146433041301,7.972539606898722,-1.1096505239787517,-1.1096505239787517,-0.7418157908847431,-1.6911970376968384,1.1756553649902344,1.8525348901748657,-0.4061305522918701,0.2682161331176758,-0.09956337511539459,0.12975561618804932,1.116590976715088
0.8760951188986232,5.257330409001328,0.49663021959765663,0.49663021959765663,-0.9921360187462487,-1.686047077178955,1.1864356994628906,1.8507558107376099,-0.4241150915622711,0.26778000593185425,-0.1103053167462349,0.13464681804180145,0.01737534999847412
0.8804755944931164,10.478114056233062,-1.7201083527332988,-1.7201083527332988,1.1751487439228556,-1.6808499097824097,1.1901330947875977,1.848897933959961,-0.47440192103385925,0.26729682087898254,-0.06682862341403961,0.13472293317317963,-1.708479642868042
0.8848560700876095,4.3673240244894185,2.565081839912022,2.565081839912022,-0.5289306397538468,-1.6756365299224854,1.2180070877075195,1.8468198776245117,-0.38266393542289734,0.2670040726661682,-0.1513793021440506,0.12723897397518158,1.127180576324463
0.8892365456821025,8.211312230970067,-0.8906316714445318,-0.8906316714445318,-1.0430300197912366,-1.670301079750061,1.223232388496399,1.8451436758041382,-0.4177631139755249,0.266340970993042,-0.06102433055639267,0.13217656314373016,0.28101813793182373
0.8936170212765957,5.056825134909511,-1.7441320790617365,-1.7441320790617365,1.5115006527491126,-1.664942741394043,1.2322890758514404,1.8433136940002441,-0.44816097617149353,0.26607364416122437,-0.056573815643787384,0.1334075629711151,-1.4062542915344238
0.8979974968710889,3.5090676860346797,0.20898513074020997,0.20898513074020997,-1.0194206376510486,-1.6595447063446045,1.2517220973968506,1.8413505554199219,-0.38137462735176086,0.2658258378505707,-0.151648610830307,0.12724749743938446,1.84208345413208
0.902377972465582,5.018599431850592,1.794357422757495,1.794357422757495,0.04049713076783276,-1.6540615558624268,1.2525358200073242,1.8396799564361572,-0.4462278485298157,0.26516154408454895,-0.11577527225017548,0.13531669974327087,-0.021031498908996582
0.906758448060075,7.229275046541542,-0.38200878689407286,-0.38200878689407286,-0.16587944921762923,-1.6485748291015625,1.2623231410980225,1.837725281715393,-0.4493805766105652,0.26465439796447754,-0.06455699354410172,0.13522456586360931,0.2974408268928528
0.9111389236545682,3.651440540747652,0.8879989028987538,0.8879989028987538,0.46640178267303306,-1.6430453062057495,1.2749615907669067,1.835756778717041,-0.4456063508987427,0.2643716037273407,-0.07086865603923798,0.13652749359607697,0.3099000155925751
0.9155193992490612,7.7554718060374235,-1.6352613215494487,-1.6352613215494487,-0.5841724950706823,-1.6374603509902954,1.2849234342575073,1.8338048458099365,-0.4389125406742096,0.2640611529350281,-0.058556683361530304,0.13788500428199768,1.4114149808883667
0.9198998748435544,5.068822832070906,-2.452431814690132,-2.452431814690132,-0.6559684561364811,-1.6318317651748657,1.2959824800491333,1.8318822383880615,-0.45098385214805603,0.2638046443462372,-0.089251808822155,0.1440676748752594,0.6163249015808105
0.9242803504380476,3.979872673497502,-0.17200330171556408,-0.17200330171556408,-0.7000477839387469,-1.6261547803878784,1.3011488914489746,1.829906702041626,-0.4866979718208313,0.263413667678833,-0.14171424508094788,0.14676746726036072,-0.44888460636138916
0.9286608260325406,7.1500606884229185,1.383742770165004,1.383742770165004,-0.45163915262571697,-1.6204551458358765,1.3038387298583984,1.8277747631072998,-0.532705545425415,0.2627928853034973,-0.12629367411136627,0.14480113983154297,-1.6534451246261597
0.9330413016270338,5.653777986281279,-0.5257768762496458,-0.5257768762496458,0.6791505127304908,-1.614743709564209,1.3145495653152466,1.8254412412643433,-0.5430514216423035,0.2622396647930145,-0.07269470393657684,0.13755826652050018,-2.2130844593048096
0.9374217772215268,6.943853876960687,-1.43480786532995,-1.43480786532995,-0.1787319391410898,-1.6089853048324585,1.3301516771316528,1.8230624198913574,-0.5112094283103943,0.261921226978302,-0.10788241028785706,0.12786389887332916,-0.5930427312850952
0.94180225281602,8.089151609531196,-1.4245218618552031,-1.4245218618552031,-0.07392907206348948,-1.6031585931777954,1.342076063156128,1.820823073387146,-0.5101757645606995,0.2614486515522003,-0.14456380903720856,0.12526609003543854,-0.6198976039886475
0.9461827284105132,6.083472732227102,-1.1497829200090528,-1.1497829200090528,-0.5357738546365032,-1.597279667854309,1.3567434549331665,1.8185882568359375,-0.49551159143447876,0.2608153820037842,-0.18400539457798004,0.12255064398050308,-0.3839934468269348
0.9505632040050064,4.02683858198003,-0.8074886867116753,-0.8074886867116753,-0.27726797963848276,-1.5913364887237549,1.3649171590805054,1.8164176940917969,-0.5179095268249512,0.2600093483924866,-0.20193640887737274,0.12086857110261917,-1.1624886989593506
0.9549436795994992,7.118315952814833,1.2513199504962627,1.2513199504962627,0.2532370470441934,-1.5853575468063354,1.3709042072296143,1.814149022102356,-0.5436049699783325,0.2591247856616974,-0.2174205332994461,0.11577631533145905,-1.523796796798706
0.9593241551939924,9.205381466949584,-1.497848884384023,-1.497848884384023,-0.1606415311200177,-1.5793523788452148,1.3856216669082642,1.811767816543579,-0.5207440853118896,0.2581723928451538,-0.1882733553647995,0.10910136252641678,-0.6829579472541809
0.9637046307884856,6.369057455107299,-0.4059027051361429,-0.4059027051361429,0.1481721251411772,-1.5732827186584473,1.4016183614730835,1.809486746788025,-0.5017169713973999,0.2573476731777191,-0.22732403874397278,0.10610967874526978,-0.5676079392433167
0.9680851063829788,8.658969293416451,-1.3489924127843542,-1.3489924127843542,-0.394635487794956,-1.5671429634094238,1.4139591455459595,1.8072890043258667,-0.4894604980945587,0.25635188817977905,-0.24350477755069733,0.10362328588962555,0.028293073177337646
0.9724655819774718,7.693893487736626,0.7013382144714065,0.7013382144714065,-0.37469999525890674,-1.5609492063522339,1.4276401996612549,1.8051449060440063,-0.4856635332107544,0.25528523325920105,-0.27137503027915955,0.10374722629785538,-0.34819480776786804
0.9768460575719649,5.318572762752668,1.458579605597139,1.458579605597139,0.5236567166301073,-1.5546954870224,1.4396363496780396,1.803017497062683,-0.48820826411247253,0.25409647822380066,-0.23995129764080048,0.10222196578979492,-0.730525016784668
0.981226533166458,7.310773995568728,-0.46078852477932675,-0.46078852477932675,-0.41256157675969973,-1.548389196395874,1.4517624378204346,1.800878882408142,-0.4660146236419678,0.25304538011550903,-0.21264858543872833,0.09902191907167435,0.5631439685821533
0.9856070087609512,5.961821595164279,-0.6319896602332962,-0.6319896602332962,-1.1592926144967435,-1.5420297384262085,1.4628504514694214,1.7988375425338745,-0.47324272990226746,0.25211387872695923,-0.21405696868896484,0.10148875415325165,0.08721286058425903
0.9899874843554444,3.7656620518648563,0.26838696362446346,0.26838696362446346,1.5808073400778426,-1.5356217622756958,1.4678231477737427,1.7967644929885864,-0.5261770486831665,0.25117620825767517,-0.1986580491065979,0.10187079012393951,-1.9387097358703613
0.9943679599499372,4.094928011653016,-0.32834631972,-0.32834631972,-0.44182333413732394,-1.5291919708251953,1.4825657606124878,1.794459581375122,-0.4654879570007324,0.25030598044395447,-0.23698487877845764,0.09337832033634186,1.3859949111938477
0.9987484355444304,5.572301175190816,2.020981164336537,2.020981164336537,0.17589871505339758,-1.5226976871490479,1.487983226776123,1.792420506477356,-0.4984721839427948,0.24926787614822388,-0.23367099463939667,0.09944963455200195,0.6998366713523865
1.0031289111389237,9.360261269127996,-1.033217988390264,-1.033217988390264,-0.6134383524653909,-1.5161795616149902,1.4986485242843628,1.7902369499206543,-0.4908413589000702,0.2482442855834961,-0.179788738489151,0.10251525044441223,1.3133376836776733
1.0075093867334166,5.7868542753295795,-1.290245873290388,-1.290245873290388,-0.5870373400430848,-1.5096148252487183,1.5122268199920654,1.7880867719650269,-0.49202272295951843,0.24745672941207886,-0.19204764068126678,0.10826829075813293,0.534902036190033
1.0118898623279098,4.740164499744007,-0.6512402164809726,-0.6512402164809726,-0.45636970617389294,-1.5029906034469604,1.5193716287612915,1.7859314680099487,-0.5190032720565796,0.246615469455719,-0.21258355677127838,0.11061141639947891,-0.3597147464752197
1.016270337922403,2.6625207057655085,-1.2327717154194302,-1.2327717154194302,1.2106744157101708,-1.4963350296020508,1.5252759456634521,1.7836580276489258,-0.5476984977722168,0.24568425118923187,-0.21827439963817596,0.10903569310903549,-1.0436747074127197
1.020650813516896,5.258769630608747,0.4019402589328264,0.4019402589328264,-0.23987391096948013,-1.4896535873413086,1.5363274812698364,1.7812588214874268,-0.5129570364952087,0.24472810328006744,-0.2896307706832886,0.10446390509605408,1.4923405647277832
1.0250312891113893,5.524731202337517,-1.8512549282833155,-1.8512549282833155,-0.9747023040025415,-1.4829237461090088,1.5444705486297607,1.779011845588684,-0.5274472832679749,0.24345938861370087,-0.2708877623081207,0.11100106686353683,1.2637436389923096
1.0294117647058822,9.509393110456307,-0.4137124813301079,-0.4137124813301079,0.3141583384539766,-1.4761582612991333,1.5490391254425049,1.7767013311386108,-0.5747988224029541,0.2422727644443512,-0.29648587107658386,0.11653686314821243,-0.41471660137176514
1.0337922403003754,4.554809950416503,0.5500700258376896,0.5500700258376896,0.3355276419475903,-1.4693727493286133,1.5672498941421509,1.7741833925247192,-0.530646800994873,0.24097400903701782,-0.3177420198917389,0.11472021043300629,0.6615810394287109
1.0381727158948686,6.515442905686613,0.01454647947881249,0.01454647947881249,-2.489419719051656,-1.4625074863433838,1.5769615173339844,1.7718589305877686,-0.5230939984321594,0.2395821511745453,-0.3114767074584961,0.11761824786663055,1.5454521179199219
1.0425531914893615,6.411962432310656,-0.8141079527082395,-0.8141079527082395,1.913014790152795,-1.4555996656417847,1.5744116306304932,1.7695674896240234,-0.6347559094429016,0.23821774125099182,-0.2383529543876648,0.12438806146383286,-3.1008129119873047
1.0469336670838547,4.649357295456638,-2.0680758941753927,-2.0680758941753927,-0.9252403133704843,-1.4487030506134033,1.5977394580841064,1.7667869329452515,-0.5383862853050232,0.2371736466884613,-0.3179935812950134,0.11080502718687057,1.0116820335388184
1.051314142678348,7.778379658715331,0.4939497201455719,0.4939497201455719,0.8332129907656753,-1.4417041540145874,1.600813865661621,1.7644284963607788,-0.5899773836135864,0.23578068614006042,-0.3513680100440979,0.11523667722940445,-0.6096205711364746
1.055694618272841,4.909566061554486,-1.5365669452906245,-1.5365669452906245,-1.0315816811556153,-1.4346917867660522,1.6185475587844849,1.7618441581726074,-0.5342386960983276,0.2342415302991867,-0.3612755835056305,0.11256624758243561,1.4180455207824707
1.0600750938673342,10.685293516093735,-1.2936631967757957,-1.2936631967757957,0.24821111234263327,-1.4276018142700195,1.6214334964752197,1.759503960609436,-0.5888809561729431,0.2326589673757553,-0.3760227560997009,0.11877796053886414,-0.40246284008026123
1.0644555694618272,5.6600926445264825,-0.6583889866081782,-0.6583889866081782,-0.4822429327470238,-1.4204992055892944,1.640701413154602,1.7569243907928467,-0.5387582778930664,0.23101180791854858,-0.42105036973953247,0.11701498180627823,0.5990475416183472
1.0688360450563203,5.884360032415996,-0.3944238918873687,-0.3944238918873687,0.32722245281065276,-1.4133121967315674,1.6474287509918213,1.7545644044876099,-0.5615381002426147,0.2291674017906189,-0.4261943995952606,0.11963909864425659,-0.09210813045501709
1.0732165206508135,5.823742827617196,-0.9517263999735202,-0.9517263999735202,-1.2321299220734478,-1.4060956239700317,1.65899658203125,1.752104640007019,-0.544167160987854,0.2273004651069641,-0.4472687542438507,0.11923561990261078,0.8388281464576721
1.0775969962453065,7.407943073722941,0.31493028919274435,0.31493028919274435,1.2641709791529043,-1.398828387260437,1.6615917682647705,1.7497209310531616,-0.6012527942657471,0.22534121572971344,-0.4390800893306732,0.12291008979082108,-1.3370795249938965
1.0819774718397996,7.364183020357895,1.2150765236707999,1.2150765236707999,-1.327750235296031,-1.391549825668335,1.6812427043914795,1.7470871210098267,-0.527815580368042,0.22341783344745636,-0.4668009281158447,0.11705304682254791,1.5315771102905273
1.0863579474342928,7.4005862195691,-0.6118952913073308,-0.6118952913073308,-1.0041059077713625,-1.3841851949691772,1.6859197616577148,1.7447750568389893,-0.5776927471160889,0.22137302160263062,-0.3925423324108124,0.1237620860338211,-0.7614054679870605
1.090738423028786,7.157529238758674,0.43285556358091615,0.43285556358091615,0.8739925658263168,-1.3768000602722168,1.6919167041778564,1.7422444820404053,-0.6118457913398743,0.21965350210666656,-0.381088525056839,0.12042676657438278,-2.408104419708252
1.0951188986232792,4.335383467196625,-0.5502781717173766,-0.5502781717173766,1.1695498764162686,-1.3693886995315552,1.7089054584503174,1.739564299583435,-0.5587990283966064,0.2179841548204422,-0.39397111535072327,0.10987812280654907,-0.3279235363006592
1.099499374217772,8.077922463857789,2.646016221659488,2.646016221659488,-1.6232687089220819,-1.3619028329849243,1.72183096408844,1.7371164560317993,-0.51311194896698,0.21625837683677673,-0.44419553875923157,0.10844165831804276,2.2061665058135986
1.1038798498122653,7.3415008682803835,0.8175621828800651,0.8175621828800651,1.4968038933316155,-1.3543603420257568,1.726479411125183,1.7348687648773193,-0.5715855360031128,0.2143125832080841,-0.31951889395713806,0.11810571700334549,-0.6412053108215332
1.1082603254067585,5.806258169624806,-1.7405929026039382,-1.7405929026039382,-1.7842346790785877,-1.3467975854873657,1.7463351488113403,1.7323648929595947,-0.48743242025375366,0.2129129320383072,-0.33935490250587463,0.11529693007469177,2.687582015991211
1.1126408010012514,5.010993309240059,-2.242379664092833,-2.242379664092833,0.16281676428890124,-1.3391478061676025,1.7462096214294434,1.7302297353744507,-0.5708397030830383,0.21142639219760895,-0.33808043599128723,0.12706981599330902,-0.587864875793457
1.1170212765957446,6.366589784376832,-0.7106542511339534,-0.7106542511339534,-0.06364483473753367,-1.331498622894287,1.7549588680267334,1.7277292013168335,-0.5677959322929382,0.2099454402923584,-0.4083198010921478,0.12449468672275543,-0.02510201930999756
1.1214017521902375,5.413093207296286,-0.18323632026130998,-0.18323632026130998,-0.8862409410902893,-1.3238110542297363,1.7643183469772339,1.725242018699646,-0.5651094317436218,0.20815680921077728,-0.42721453309059143,0.12438473105430603,0.1514081060886383
1.125782227784731,6.493754143062603,0.9404102025196347,0.9404102025196347,1.1043073613661234,-1.31608247756958,1.7672805786132812,1.7227665185928345,-0.6087138652801514,0.20628540217876434,-0.4066845774650574,0.125047966837883,-1.3548935651779175
1.130162703379224,6.238011851587602,-1.1788307508729585,-1.1788307508729585,-0.4550981111691873,-1.3083409070968628,1.7838367223739624,1.7201000452041626,-0.5496543049812317,0.20450392365455627,-0.411470890045166,0.11911288648843765,1.152678370475769
1.134543178973717,6.2899919708272645,-0.5649534152162745,-0.5649534152162745,0.31834218208408127,-1.3005268573760986,1.7906718254089355,1.717692255973816,-0.5664963722229004,0.20270147919654846,-0.43260619044303894,0.12416216731071472,0.5438494682312012
1.1389236545682102,5.945257618647588,-1.3530219248809003,-1.3530219248809003,-0.4820849344722299,-1.2926828861236572,1.8019083738327026,1.7152106761932373,-0.5462153553962708,0.20080645382404327,-0.45840123295783997,0.12654449045658112,1.4772558212280273
1.1433041301627034,5.8927680283663895,-1.838242425002245,-1.838242425002245,-0.6242497491577397,-1.2847896814346313,1.8079811334609985,1.7128180265426636,-0.5665410757064819,0.19879843294620514,-0.4838353395462036,0.13301557302474976,0.8010178208351135
1.1476846057571963,8.171280464690781,-0.5012140781976291,-0.5012140781976291,0.3530032429417012,-1.2768698930740356,1.8127334117889404,1.7103363275527954,-0.5939506888389587,0.1966790109872818,-0.5192877650260925,0.13652440905570984,-0.16054487228393555
1.1520650813516895,5.4389643347863235,0.4535330702573409,0.4535330702573409,-1.0656423880728503,-1.2689292430877686,1.8269367218017578,1.7077345848083496,-0.5575836896896362,0.19440428912639618,-0.5442336201667786,0.1358211487531662,0.9319992065429688
1.156445556946183,5.348549079091727,-1.864910497029459,-1.864910497029459,-0.05245463502617724,-1.260926365852356,1.8279690742492676,1.7052921056747437,-0.6093341112136841,0.19202028214931488,-0.49986886978149414,0.13990375399589539,-0.9297163486480713
1.1608260325406758,6.980483768359405,0.873290019682927,0.873290019682927,0.4745239155201185,-1.2529189586639404,1.8353595733642578,1.702622890472412,-0.6137792468070984,0.18983061611652374,-0.552798330783844,0.13583114743232727,-0.7788283824920654
1.165206508135169,8.777577122186663,-1.6856243062240142,-1.6856243062240142,0.553722526594604,-1.2448792457580566,1.84834623336792,1.6999342441558838,-0.5807254910469055,0.18740910291671753,-0.541153073310852,0.13241951167583466,0.49891412258148193
1.169586983729662,5.171961726624616,-0.039067013167672304,-0.039067013167672304,-1.4068970238860645,-1.2367825508117676,1.8640819787979126,1.6973904371261597,-0.5300838351249695,0.18503859639167786,-0.606549084186554,0.13460499048233032,2.020056962966919
1.1739674593241551,7.5813623574237905,-3.154773567330789,-3.154773567330789,0.555228378975125,-1.2286169528961182,1.8626132011413574,1.695068359375,-0.6000342965126038,0.18238162994384766,-0.5666041374206543,0.14345380663871765,-0.5335822105407715
1.1783479349186483,8.750151530800197,-0.6044281532280016,-0.6044281532280016,-1.4452678891788935,-1.2204577922821045,1.8768339157104492,1.6924399137496948,-0.5585053563117981,0.17989963293075562,-0.67494797706604,0.14111647009849548,0.9337410926818848
1.1827284105131413,5.298453512295231,-0.0625649947951214,-0.0625649947951214,2.4938150953714846,-1.2122364044189453,1.8790431022644043,1.6899933815002441,-0.6026374697685242,0.17694303393363953,-0.6503927707672119,0.14520670473575592,-1.5252480506896973
1.1871088861076344,4.2958643799232465,-0.6091258150722741,-0.6091258150722741,-2.6686746697702657,-1.2040053606033325,1.9036213159561157,1.687353491783142,-0.48696377873420715,0.17409400641918182,-0.7250471711158752,0.13852539658546448,3.6920065879821777
1.1914893617021276,6.495183611389153,0.32936106638566115,0.32936106638566115,0.17606910520790153,-1.1956665515899658,1.8930619955062866,1.6852203607559204,-0.6234230995178223,0.17091795802116394,-0.6649017930030823,0.15469813346862793,-1.414987564086914
1.1958698372966208,7.281175417316646,0.894829254619663,0.894829254619663,0.23331617960978568,-1.1873739957809448,1.9030698537826538,1.6824895143508911,-0.6081379652023315,0.16800537705421448,-0.6604251861572266,0.14849981665611267,-0.7540927529335022
1.200250312891114,5.467064021489419,-2.3462130822447005,-2.3462130822447005,-0.21022616013773207,-1.1790376901626587,1.9141206741333008,1.6798255443572998,-0.5840364694595337,0.16511240601539612,-0.641106903553009,0.14519652724266052,0.058300137519836426
1.204630788485607,4.070320056941139,-0.04528664572227842,-0.04528664572227842,0.03328738759241809,-1.170652985572815,1.919556975364685,1.6772671937942505,-0.5948435068130493,0.16230405867099762,-0.7034844756126404,0.14545190334320068,-0.09890788793563843
1.2090112640801,3.2851402370023317,2.3405538874637632,2.3405538874637632,0.12453114430594003,-1.162244439125061,1.9248442649841309,1.6746615171432495,-0.6048791408538818,0.15922246873378754,-0.7057790756225586,0.14501863718032837,0.16187873482704163
1.2133917396745932,8.974654496284153,1.6186121630431858,1.6186121630431858,-1.1507977215175584,-1.1538126468658447,1.9297194480895996,1.6720118522644043,-0.6166382431983948,0.1561308205127716,-0.6410641670227051,0.14572773873806,0.5667746663093567
1.2177722152690862,5.425246704796168,-0.03934122520470468,-0.03934122520470468,1.3493239636896626,-1.1453595161437988,1.9325515031814575,1.6693106889724731,-0.6448277831077576,0.15332265198230743,-0.5601885914802551,0.14821048080921173,-1.295027494430542
1.2221526908635794,6.0599786208506785,1.2829609580656136,1.2829609580656136,-1.3366634969686104,-1.1368939876556396,1.9486852884292603,1.6664860248565674,-0.5821864008903503,0.150868758559227,-0.6007420420646667,0.14253763854503632,1.6502161026000977
1.2265331664580723,8.051027245935211,1.0869302163710368,1.0869302163710368,1.7692073491784364,-1.1283577680587769,1.9469443559646606,1.6639357805252075,-0.6416724324226379,0.1482372283935547,-0.5242407321929932,0.14976637065410614,-0.7208683490753174
1.2309136420525657,5.272146537751547,-1.706950408586088,-1.706950408586088,-1.7149461605195293,-1.1198291778564453,1.9689109325408936,1.6611249446868896,-0.538888156414032,0.14594081044197083,-0.5441653728485107,0.1466086208820343,3.185694694519043
1.2352941176470589,7.756669932846235,-0.6302534631846245,-0.6302534631846245,0.20772967203655326,-1.1112043857574463,1.9639803171157837,1.658764362335205,-0.6223971843719482,0.1435571014881134,-0.5439318418502808,0.16056348383426666,0.023963451385498047
1.2396745932415518,5.774225590009296,0.6400888033319301,0.6400888033319301,0.2941090817070171,-1.102601170539856,1.9743784666061401,1.6560379266738892,-0.5956745147705078,0.14117442071437836,-0.5684036016464233,0.16066846251487732,0.8081647157669067
1.244055068836045,5.820982721430486,-0.18968698528325326,-0.18968698528325326,-0.6021096988177215,-1.0939524173736572,1.9831640720367432,1.653428554534912,-0.5801824331283569,0.13868454098701477,-0.5582998991012573,0.16420860588550568,1.6695549488067627
1.2484355444305382,4.827833381774741,0.6777995389652267,0.6777995389652267,-1.6902251506695358,-1.0852651596069336,1.9851975440979004,1.650887131690979,-0.6066266894340515,0.1362389177083969,-0.5462558269500732,0.17152205109596252,0.7491511106491089
1.2528160200250311,3.9722005528733226,-2.0529140167273767,-2.0529140167273767,1.418626676265687,-1.0765690803527832,1.9767767190933228,1.6482298374176025,-0.691914439201355,0.13384605944156647,-0.47710201144218445,0.1748036891222,-2.384751796722412
1.2571964956195243,7.05759045748985,-1.1773544087056764,-1.1773544087056764,-0.22507106083708694,-1.067909836769104,1.993479609489441,1.645198941230774,-0.6375235319137573,0.13175612688064575,-0.5784820318222046,0.16435733437538147,0.6288352012634277
1.2615769712140177,8.238563480878474,1.3020878081112888,1.3020878081112888,-1.1469720098846348,-1.0591773986816406,1.9992576837539673,1.6424062252044678,-0.6365519762039185,0.1292220950126648,-0.6062917113304138,0.16711193323135376,0.5179738402366638
1.2659574468085106,5.297645630025217,0.2028634381125467,0.2028634381125467,1.095204151415843,-1.0504196882247925,1.9988058805465698,1.6396178007125854,-0.6698821783065796,0.12656624615192413,-0.5347713828086853,0.16938090324401855,-1.3716559410095215
1.2703379224030038,4.047826039363651,-0.6449739946667814,-0.6449739946667814,-0.17382367003204763,-1.0416640043258667,2.013301372528076,1.6366833448410034,-0.6203151345252991,0.12422369420528412,-0.5608305335044861,0.16337239742279053,1.0614149570465088
1.2747183979974968,3.74709326206089,-1.6434315227600362,-1.6434315227600362,1.649572039991876,-1.0328447818756104,2.0161609649658203,1.633966088294983,-0.6401844620704651,0.12176699191331863,-0.5745896100997925,0.16802190244197845,0.9087356328964233
1.27909887359199,5.958191860860562,0.557104560338112,0.557104560338112,-2.477511223193988,-1.0240130424499512,2.0331807136535645,1.6311618089675903,-0.5764393210411072,0.11925001442432404,-0.6707557439804077,0.17200259864330292,4.37124490737915
1.283479349186483,6.8275492538862474,1.5750163225059284,1.5750163225059284,1.7917376466395767,-1.0151067972183228,2.020780324935913,1.6286367177963257,-0.6903167963027954,0.11631178855895996,-0.5821353197097778,0.1911507248878479,-0.2760334014892578
1.287859824780976,3.823373213247068,-0.6298454580816504,-0.6298454580816504,-1.8617744312328466,-1.00625479221344,2.043818473815918,1.6256128549575806,-0.5963915586471558,0.11376176029443741,-0.5884642601013184,0.18994157016277313,3.615985155105591
1.2922403003754692,6.929883684309027,2.6493464122080863,2.6493464122080863,0.8906416631941381,-0.9973018765449524,2.03208327293396,1.6230003833770752,-0.6974269151687622,0.1111840084195137,-0.5524880290031433,0.20578131079673767,0.09220266342163086
1.2966207759699624,6.243823330854328,-0.20745819116759234,-0.20745819116759234,-1.05433973606965,-0.988400399684906,2.0475194454193115,1.6199452877044678,-0.6451266407966614,0.10876385122537613,-0.5011282563209534,0.2061852067708969,2.194845676422119
1.3010012515644556,8.117518751312167,-2.335190588616859,-2.335190588616859,0.7348270707937626,-0.9794312715530396,2.043670415878296,1.617119312286377,-0.6892284154891968,0.10656867176294327,-0.4763966202735901,0.21579967439174652,0.3931303024291992
1.3053817271589487,8.248625323949764,0.4818518880311641,0.4818518880311641,-0.13849487530093765,-0.9704790115356445,2.058938503265381,1.6141002178192139,-0.6351155042648315,0.10448183119297028,-0.5660508871078491,0.2175217717885971,2.2415475845336914
1.3097622027534417,7.325118835120718,0.8535249432299665,0.8535249432299665,-2.5076493973296414,-0.9614598751068115,2.0657830238342285,1.6113181114196777,-0.6208668947219849,0.10200225561857224,-0.5479347705841064,0.22734081745147705,2.357614755630493
1.3141426783479349,7.5000693276469175,-0.11254804513389935,-0.11254804513389935,1.4659926226468523,-0.9524107575416565,2.0461831092834473,1.6085984706878662,-0.7241092324256897,0.09960204362869263,-0.44977784156799316,0.23766829073429108,-2.286669969558716
1.318523153942428,4.381792395178892,0.07110180867157986,0.07110180867157986,0.3181318509704455,-0.9434475302696228,2.0701873302459717,1.605426549911499,-0.6411404609680176,0.09763180464506149,-0.4958762228488922,0.22765159606933594,0.9865756034851074
1.322903629536921,10.151573667047014,-0.28999972907853455,-0.28999972907853455,-0.6477657427346174,-0.9343791007995605,2.0776877403259277,1.6026180982589722,-0.6354324817657471,0.09545963257551193,-0.5030902624130249,0.23197326064109802,1.8275141716003418
1.327284105131414,6.373887553037422,-1.209799654234554,-1.209799654234554,0.1434912783051495,-0.925277829170227,2.0800068378448486,1.5998345613479614,-0.6301106214523315,0.09325585514307022,-0.4926423728466034,0.2399786412715912,1.0187983512878418
1.331664580725907,6.791574709660024,-0.4184236611519919,-0.4184236611519919,-0.07225882586436844,-0.9161664247512817,2.087414503097534,1.5970743894577026,-0.617169201374054,0.09109784662723541,-0.5321627855300903,0.2444414645433426,1.6058143377304077
1.3360450563204005,8.347875675554786,1.1008535808685784,1.1008535808685784,-1.1862910625954906,-0.9070225358009338,2.0928192138671875,1.5943708419799805,-0.611058235168457,0.08876672387123108,-0.5422719120979309,0.2514756917953491,1.782792329788208
1.3404255319148937,9.430450299309609,-2.0284230432775874,-2.0284230432775874,1.1889764888264547,-0.8978549838066101,2.086312770843506,1.5916941165924072,-0.6445204019546509,0.08639131486415863,-0.47548002004623413,0.25928518176078796,-0.1848675012588501
1.3448060075093866,7.299994422569673,-0.5241740795201248,-0.5241740795201248,-0.69528472846128,-0.888715922832489,2.1090376377105713,1.5888707637786865,-0.5597100853919983,0.08430848270654678,-0.5694382786750793,0.2584753632545471,2.625916004180908
1.3491864831038798,4.948123755075617,0.03803545409767797,0.03803545409767797,-0.345866910618578,-0.879477322101593,2.10744571685791,1.5864189863204956,-0.5785942673683167,0.08181407302618027,-0.5644413232803345,0.2699781358242035,1.5855457782745361
1.353566958698373,7.136240810084088,0.15556391876162162,0.15556391876162162,-1.0361816829784196,-0.8702456951141357,2.107471466064453,1.5838844776153564,-0.5993626117706299,0.07934155315160751,-0.5532301664352417,0.2769235670566559,1.1294076442718506
1.357947434292866,7.527239127326634,0.4514774101538958,0.4514774101538958,0.6786166291405145,-0.8610139489173889,2.1000208854675293,1.58125901222229,-0.6349287033081055,0.07691814005374908,-0.5184274315834045,0.28187090158462524,-0.5987281799316406
1.362327909887359,7.679854455408579,-1.0705724568335853,-1.0705724568335853,-0.40780171069835514,-0.851814866065979,2.1152827739715576,1.5784777402877808,-0.5886679291725159,0.07464718073606491,-0.5250605940818787,0.2792481780052185,1.1043660640716553
1.3667083854818525,8.283502369114283,0.30072545087389846,0.30072545087389846,0.3831098027194527,-0.8425489068031311,2.116225242614746,1.5758991241455078,-0.5911321640014648,0.07234716415405273,-0.5444155931472778,0.28408583998680115,0.6520312428474426
1.3710888610763454,8.026065094800591,-1.271765321816857,-1.271765321816857,-0.7682941815702005,-0.8332788348197937,2.1279919147491455,1.5733096599578857,-0.552615761756897,0.06996236741542816,-0.5468214750289917,0.2869420349597931,1.8017325401306152
1.3754693366708386,6.467687364444472,-3.3079900727511107,-3.3079900727511107,0.18495176002595545,-0.8239572048187256,2.1242072582244873,1.5708889961242676,-0.5689774751663208,0.06756702810525894,-0.5615244507789612,0.2948344945907593,0.6470198631286621
1.3798498122653315,9.004235720279778,-0.7446662313314374,-0.7446662313314374,-0.24493154777880488,-0.814652144908905,2.131826877593994,1.5683965682983398,-0.5536248087882996,0.06510728597640991,-0.6635293960571289,0.2976687550544739,1.316373348236084
1.3842302878598247,6.067797854201579,2.34112191867421,2.34112191867421,-0.16381401183208213,-0.8053137063980103,2.1354169845581055,1.5659713745117188,-0.5384126305580139,0.06220071017742157,-0.6781232357025146,0.3034350872039795,1.2476168870925903
1.388610763454318,4.659939859946444,0.865863870888117,0.865863870888117,0.8749568252574613,-0.7959595918655396,2.1377651691436768,1.5636128187179565,-0.5421358942985535,0.05923020839691162,-0.604971170425415,0.30890023708343506,1.2031632661819458
1.3929912390488108,8.711716048620024,-1.8280231427640612,-1.8280231427640612,-1.3415914861936638,-0.7865951657295227,2.154036283493042,1.5612380504608154,-0.509407639503479,0.05658014863729477,-0.6052367091178894,0.3141706585884094,3.1606602668762207
1.397371714643304,6.606899735902982,0.40790164364101594,0.40790164364101594,-0.404518587230101,-0.7771594524383545,2.141486644744873,1.5590065717697144,-0.5465925931930542,0.0539289228618145,-0.6194420456886292,0.32801586389541626,0.8927857875823975
1.4017521902377972,6.722833549312912,1.273291722042812,1.273291722042812,0.8365433730645313,-0.7677786946296692,2.140059471130371,1.556612253189087,-0.5570657849311829,0.05121547356247902,-0.5957167744636536,0.33192670345306396,0.39156991243362427
1.4061326658322904,6.621127593325387,1.3991323180317252,1.3991323180317252,-2.2550772168724484,-0.7584041953086853,2.1578116416931152,1.5541720390319824,-0.5105346441268921,0.04860595241189003,-0.5829623341560364,0.33364197611808777,2.365532636642456
1.4105131414267835,6.375071227750971,0.9983588348282783,0.9983588348282783,0.9245963905453009,-0.7489519715309143,2.127598524093628,1.5519356727600098,-0.6046271324157715,0.046052299439907074,-0.4762478172779083,0.3440041244029999,-1.8196604251861572
1.4148936170212765,6.396275202499961,-2.022328721190401,-2.022328721190401,0.27701465973118133,-0.7396320700645447,2.147143840789795,1.5492870807647705,-0.5571322441101074,0.043966107070446014,-0.4740937054157257,0.3360331356525421,0.31210803985595703
1.4192740926157696,6.2394695740993456,-0.8757526114197693,-0.8757526114197693,0.6468145707409968,-0.7302265763282776,2.1557092666625977,1.546846628189087,-0.5384302735328674,0.04188935086131096,-0.5412418246269226,0.33740031719207764,1.1563084125518799
1.4236545682102628,3.367232064627967,2.2154136728977054,2.2154136728977054,-1.0543929267079442,-0.720783531665802,2.17008376121521,1.5444880723953247,-0.5043100714683533,0.03951845318078995,-0.5857056379318237,0.34246549010276794,2.7291483879089355
1.4280350438047558,8.505229167992571,-0.24790614941581507,-0.24790614941581507,0.6689317054653695,-0.7112775444984436,2.1560218334198,1.5422790050506592,-0.5691433548927307,0.03695278242230415,-0.4902169108390808,0.3544204533100128,0.7839176654815674
1.432415519399249,7.40298883081863,0.022463974542810045,0.022463974542810045,-0.9813575662496435,-0.7018331289291382,2.1724891662597656,1.5397858619689941,-0.5168715119361877,0.03480539843440056,-0.5169914960861206,0.3578543961048126,2.501694679260254
1.436795994993742,7.37476576725511,0.18445178926091635,0.18445178926091635,0.08462264599791666,-0.6923165917396545,2.161212921142578,1.5375217199325562,-0.5472095012664795,0.03254073113203049,-0.487676739692688,0.36881300806999207,0.8837728500366211
1.4411764705882353,2.8302195800446337,-0.5558488345069452,-0.5558488345069452,0.35886335371199174,-0.6828494668006897,2.1672255992889404,1.535124659538269,-0.5299161672592163,0.030404474586248398,-0.48476141691207886,0.3726843595504761,1.3849766254425049
1.4455569461827285,6.035413628747604,-0.3976988024838809,-0.3976988024838809,0.6395083960834402,-0.6733559966087341,2.1753461360931396,1.5328034162521362,-0.5353040099143982,0.028280988335609436,-0.5114738941192627,0.3787512183189392,2.226752758026123
1.4499374217772214,6.212843845513465,-1.0807648827021752,-1.0807648827021752,-1.9420985547351781,-0.6638269424438477,2.1906750202178955,1.5304585695266724,-0.5038604140281677,0.026040488854050636,-0.5417636632919312,0.3885054588317871,3.770686626434326
1.4543178973717146,9.959100378755762,-0.8919765118723431,-0.8919765118723431,0.5583198244225442,-0.6542307138442993,2.1604976654052734,1.5282514095306396,-0.5857928991317749,0.02366730570793152,-0.5166099667549133,0.40502285957336426,0.18246030807495117
1.4586983729662075,3.0700521325181733,-0.1931845807295667,-0.1931845807295667,0.061080659787765085,-0.6447666883468628,2.1767659187316895,1.5256853103637695,-0.5282067060470581,0.021404307335615158,-0.5589632391929626,0.40582212805747986,1.7356657981872559
1.4630788485607007,5.506504941237887,0.16316140711809893,0.16316140711809893,-0.7354889210546122,-0.6352314352989197,2.179936647415161,1.5233714580535889,-0.5451872944831848,0.018955782055854797,-0.5663886070251465,0.41342517733573914,1.9932841062545776
1.467459324155194,5.999074486878272,1.1292369626590246,1.1292369626590246,0.29777717734760045,-0.6256822943687439,2.1692347526550293,1.5209832191467285,-0.5785260796546936,0.016474731266498566,-0.5401451587677002,0.4221567213535309,0.7722246646881104
1.471839799749687,8.33038668825739,0.3937125267311966,0.3937125267311966,-0.05200612829892787,-0.6161800026893616,2.1783738136291504,1.5184489488601685,-0.5628376007080078,0.014108638279139996,-0.5158638954162598,0.42553943395614624,1.6284422874450684
1.4762202753441802,7.2737123252585265,-1.9468753633652205,-1.9468753633652205,-0.13737455951950348,-0.606637716293335,2.1820015907287598,1.5159834623336792,-0.5447556376457214,0.011848908849060535,-0.5028474926948547,0.43267279863357544,1.889868140220642
1.4806007509386734,7.343910663082126,-0.6835750368649073,-0.6835750368649073,0.6713298933982077,-0.5970795154571533,2.1833581924438477,1.5135971307754517,-0.5385094881057739,0.009646197780966759,-0.5556906461715698,0.44095131754875183,1.9337495565414429
1.4849812265331663,4.471470084616005,-0.27940184448791433,-0.27940184448791433,-1.3916596058470607,-0.5875153541564941,2.201148748397827,1.5112382173538208,-0.4968183934688568,0.007212008349597454,-0.5952581763267517,0.44942206144332886,3.5889601707458496
1.4893617021276595,4.067409235746965,1.217180237073746,1.217180237073746,0.2580620999733021,-0.5778732895851135,2.1757001876831055,1.5090619325637817,-0.5663478374481201,0.004604494199156761,-0.5627767443656921,0.4651434123516083,1.011925458908081
1.493742177722153,9.311596922255333,1.2637591405584445,1.2637591405584445,1.0446745827909711,-0.5683426856994629,2.1833298206329346,1.5065810680389404,-0.5675291419029236,0.00213926425203681,-0.5347674489021301,0.4695761203765869,1.6997761726379395
1.4981226533166456,7.52689162725244,-1.5633582947823605,-1.5633582947823605,-2.1398170941931474,-0.5587786436080933,2.210645914077759,1.5040950775146484,-0.4956129193305969,-0.0002032716292887926,-0.5283694863319397,0.4770219624042511,4.176610469818115
1.5025031289111388,7.236341135348742,0.7889420842470877,0.7889420842470877,0.7953197039488404,-0.5490949749946594,2.1688289642333984,1.5019240379333496,-0.5733635425567627,-0.002517781453207135,-0.5115350484848022,0.4953175187110901,0.23671817779541016
1.506883604505632,6.277800763268327,-1.1749331598907151,-1.1749331598907151,-0.3331294387839626,-0.5395944714546204,2.1902501583099365,1.4994124174118042,-0.5282984972000122,-0.004758547991514206,-0.5117213129997253,0.49635446071624756,2.12376070022583
1.5112640801001251,5.412861690891741,3.1934101600337814,3.1934101600337814,0.731875547174211,-0.5300001502037048,2.1858949661254883,1.4970982074737549,-0.5381491184234619,-0.0070001306012272835,-0.5363046526908875,0.5056575536727905,1.7238142490386963
1.5156445556946183,8.872499550143715,0.2849856200822092,0.2849856200822092,-0.19143565937063406,-0.5204249024391174,2.2054834365844727,1.4947408437728882,-0.50989830493927,-0.009349400177598,-0.46442005038261414,0.5132086873054504,3.406130790710449
1.5200250312891113,6.211456178038768,-0.13359759257995446,-0.13359759257995446,-0.1030076882645839,-0.5107638239860535,2.20583438873291,1.4925072193145752,-0.4946899712085724,-0.01138378120958805,-0.4505070447921753,0.5281291604042053,3.392554998397827
1.5244055068836044,5.2746476424751325,0.9214524339759517,0.9214524339759517,-1.9470938944605505,-0.5011011958122253,2.207010507583618,1.490340232849121,-0.49589353799819946,-0.013357216492295265,-0.45140036940574646,0.5429901480674744,3.4422342777252197
1.5287859824780976,7.6368850763527165,-0.39176591820055406,-0.39176591820055406,0.4083089988887311,-0.49143344163894653,2.162177085876465,1.4881680011749268,-0.5796780586242676,-0.015334565192461014,-0.367629736661911,0.5580687522888184,-0.21950650215148926
1.5331664580725906,9.337560299091734,-0.2802929043777504,-0.2802929043777504,0.25531955741052587,-0.48196208477020264,2.175635814666748,1.4856287240982056,-0.549017071723938,-0.01694495789706707,-0.39099445939064026,0.5571072101593018,0.8999084234237671
1.5375469336670835,6.229050710212584,1.6561327967996535,1.6561327967996535,0.5835293467403851,-0.4724317789077759,2.1858654022216797,1.483223795890808,-0.5118841528892517,-0.01865769922733307,-0.4066360294818878,0.561049222946167,1.782916784286499
1.541927409261577,5.200176087545135,-0.6085986956146916,-0.6085986956146916,-0.6290938570324769,-0.462856650352478,2.203397750854492,1.480981469154358,-0.4848933219909668,-0.02043895795941353,-0.37531259655952454,0.5688592195510864,3.193568706512451
1.54630788485607,5.820376004926128,0.3653073453175578,0.3653073453175578,-0.36772689474207043,-0.4532047212123871,2.1900691986083984,1.478857398033142,-0.5149856209754944,-0.02208300493657589,-0.37471407651901245,0.5828485488891602,2.1479439735412598
1.5506883604505632,4.751187284323319,-1.562716465487567,-1.562716465487567,-1.1227620716684128,-0.44361117482185364,2.182968854904175,1.476601481437683,-0.5295739769935608,-0.023724431172013283,-0.35330715775489807,0.592257559299469,1.6447887420654297
1.5550688360450562,8.241862322195118,0.10830865010131145,0.10830865010131145,0.9632592107014181,-0.43404874205589294,2.1549811363220215,1.474281668663025,-0.5819171071052551,-0.025272084400057793,-0.366155207157135,0.5994625091552734,-0.40479540824890137
1.5594493116395494,4.901039630783035,0.14980333219676079,0.14980333219676079,0.30996387097508526,-0.42460888624191284,2.1839146614074707,1.4717326164245605,-0.5256997346878052,-0.026876017451286316,-0.3911224603652954,0.5976893305778503,1.8321802616119385
1.5638297872340423,8.563419584824171,1.2674722865086585,1.2674722865086585,-0.4596909083065257,-0.41504231095314026,2.194234848022461,1.469429850578308,-0.5202358961105347,-0.028589319437742233,-0.3957996666431427,0.6057151556015015,2.6392223834991455
1.5682102628285357,6.9851658752124886,-0.9344879756783225,-0.9344879756783225,-0.01841120839168628,-0.40543052554130554,2.1852049827575684,1.4671509265899658,-0.5181949138641357,-0.03032311052083969,-0.34536102414131165,0.6172761917114258,2.0538692474365234
1.5725907384230289,7.715571055776744,1.4908078837516316,1.4908078837516316,0.7093623818244004,-0.3958582878112793,2.1873483657836914,1.4648809432983398,-0.5104472041130066,-0.03183595463633537,-0.3721133768558502,0.6262730956077576,2.283498764038086
1.5769712140175218,7.462415020122963,0.5072476381814371,0.5072476381814371,-2.234910765108314,-0.3862766623497009,2.2101376056671143,1.4626449346542358,-0.4692549407482147,-0.03346598893404007,-0.34929269552230835,0.6362758874893188,3.987305164337158
1.581351689612015,5.35912796991379,0.946502413483568,0.946502413483568,1.9985628313990365,-0.3765951991081238,2.1503348350524902,1.4605894088745117,-0.5440892577171326,-0.03499605879187584,-0.2692129611968994,0.6537421941757202,-0.18181514739990234
1.5857321652065082,7.908056613905332,-0.01905878083986648,-0.01905878083986648,-1.7112004327761952,-0.3671756982803345,2.210073232650757,1.458206057548523,-0.4718080759048462,-0.03617534041404724,-0.2999364733695984,0.6529457569122314,3.994239330291748
1.5901126408010011,6.927015646688522,0.3366920102417358,0.3366920102417358,1.0597762452070763,-0.3574945330619812,2.164067029953003,1.456139326095581,-0.5225914716720581,-0.03748920559883118,-0.25052058696746826,0.6704424023628235,0.8797001838684082
1.5944931163954943,7.737861825858116,0.2994915416771091,0.2994915416771091,-0.5221569107103375,-0.3480148911476135,2.197628974914551,1.4538501501083374,-0.47510868310928345,-0.038586605340242386,-0.2716369330883026,0.6742959022521973,3.240802049636841
1.5988735919899877,8.944374007675588,-0.06575124795101946,-0.06575124795101946,-0.05197176930955179,-0.33838823437690735,2.185116767883301,1.4517689943313599,-0.48154422640800476,-0.039776504039764404,-0.24764218926429749,0.6884921789169312,2.481196880340576
1.6032540675844804,8.650796799637043,-0.15205639606637733,-0.15205639606637733,-1.0034023466592215,-0.32881638407707214,2.1865384578704834,1.4496595859527588,-0.46143215894699097,-0.04086129367351532,-0.24804459512233734,0.6993610262870789,2.6968157291412354
1.6076345431789736,3.988873785401192,-1.8297348359671288,-1.8297348359671288,-0.7498570751699422,-0.3192383050918579,2.158616542816162,1.4476382732391357,-0.4784468114376068,-0.04194784536957741,-0.2231825888156891,0.7111743688583374,1.004755973815918
1.6120150187734668,10.528397604685047,1.7161955188904492,1.7161955188904492,1.1071591239801584,-0.3097825348377228,2.136368751525879,1.4455424547195435,-0.519580066204071,-0.04292549192905426,-0.25471845269203186,0.7155756950378418,-0.3487933874130249
1.61639549436796,7.374442007558317,0.9154518757117106,0.9154518757117106,-0.08460515900931817,-0.3004242181777954,2.1738433837890625,1.4432663917541504,-0.4459758996963501,-0.04404127970337868,-0.2369326651096344,0.7140477895736694,2.2203731536865234
1.620775969962453,9.546021490857402,1.2839703379751513,1.2839703379751513,-0.2113353567785648,-0.2909017503261566,2.173450469970703,1.4413127899169922,-0.4386534094810486,-0.04507915675640106,-0.2077278345823288,0.7237740755081177,2.3079166412353516
1.625156445556946,7.8106926593310915,-1.8144220080347107,-1.8144220080347107,0.9195374240729675,-0.2813810110092163,2.1695315837860107,1.4393912553787231,-0.4201798737049103,-0.045989103615283966,-0.16406017541885376,0.7338838577270508,2.2151706218719482
1.6295369211514392,8.192716216015803,-0.985145011942474,-0.985145011942474,-0.9226559782149106,-0.2718774378299713,2.201230525970459,1.437550663948059,-0.374184250831604,-0.04670776426792145,-0.24390044808387756,0.7435873746871948,4.31102180480957
1.6339173967459324,5.757606937716265,-1.2988065399455733,-1.2988065399455733,-0.3027320411082442,-0.26223498582839966,2.174748182296753,1.4359115362167358,-0.39158895611763,-0.04777616262435913,-0.24572531878948212,0.7624716758728027,2.749946117401123
1.6382978723404251,7.667216323174595,0.9835448944601799,0.9835448944601799,-0.6429230766403372,-0.2527085542678833,2.16664457321167,1.4341962337493896,-0.4039944112300873,-0.04885255545377731,-0.27481386065483093,0.7745177745819092,2.3370370864868164
1.6426783479349183,10.023276379819507,-1.2746663756227519,-1.2746663756227519,0.006428254596611213,-0.2432176172733307,2.147254228591919,1.4324265718460083,-0.4140762388706207,-0.050056371837854385,-0.22731584310531616,0.7847551107406616,1.3063647747039795
1.6470588235294117,6.58909206410163,-1.9085063482830988,-1.9085063482830988,0.022904010322748233,-0.233811616897583,2.149717092514038,1.4306126832962036,-0.38484978675842285,-0.05105212330818176,-0.2647278606891632,0.7904776334762573,1.6407839059829712
1.6514392991239049,6.123553732174675,-0.7237965390638588,-0.7237965390638588,-0.24140417730798264,-0.22439482808113098,2.1520371437072754,1.4289268255233765,-0.37990015745162964,-0.05221175774931908,-0.32113116979599,0.7976650595664978,1.8962314128875732
1.655819774718398,7.359525052742127,1.0127311593563564,1.0127311593563564,-0.1323904898579646,-0.21496787667274475,2.145235538482666,1.4272626638412476,-0.38725125789642334,-0.05361846461892128,-0.33521854877471924,0.8059714436531067,1.6088982820510864
1.660200250312891,7.3316714683954185,-0.6654543786316285,-0.6654543786316285,-0.6116574496609276,-0.20557072758674622,2.1422107219696045,1.42556631565094,-0.3820602297782898,-0.055086880922317505,-0.30177736282348633,0.8130191564559937,1.574982762336731
1.6645807259073842,8.78632685184726,1.0571507912519134,1.0571507912519134,1.037135712410403,-0.196186825633049,2.1224167346954346,1.4238927364349365,-0.3928438127040863,-0.05640880763530731,-0.3033483922481537,0.8199183344841003,0.5839120149612427
1.668961201501877,9.870532118662869,-0.2102103933895807,-0.2102103933895807,-1.9125696718560299,-0.1868896335363388,2.1601040363311768,1.422171950340271,-0.3392166793346405,-0.05773761868476868,-0.3027638792991638,0.8224761486053467,2.917179584503174
1.6733416770963705,6.668441979200315,1.8816119916271505,1.8816119916271505,0.9011835164708851,-0.17742735147476196,2.0952160358428955,1.4206860065460205,-0.37453487515449524,-0.0590638667345047,-0.2530495822429657,0.8352547883987427,-0.5894091129302979
1.6777221526908634,6.934205237669308,-1.297215272721823,-1.297215272721823,1.1394935528116454,-0.16824930906295776,2.1281113624572754,1.419045329093933,-0.3411005437374115,-0.060172345489263535,-0.22441795468330383,0.8326728940010071,1.4040106534957886
1.6821026282853566,5.150544120687208,-1.0153690434939646,-1.0153690434939646,-0.8672521064706826,-0.15892717242240906,2.169457197189331,1.4175511598587036,-0.2981383800506592,-0.061155401170253754,-0.2955775856971741,0.838823139667511,3.8801379203796387
1.6864831038798498,5.949807028302901,1.765124987766465,1.765124987766465,-0.32404531872239856,-0.14942391216754913,2.1403183937072754,1.4162452220916748,-0.3333130478858948,-0.06245017051696777,-0.2999030649662018,0.8558200001716614,2.3068430423736572
1.690863579474343,3.6773232219967884,0.44460758528852673,0.44460758528852673,0.37442620613915567,-0.1400482952594757,2.1296486854553223,1.4147851467132568,-0.3446120023727417,-0.06376388669013977,-0.23889267444610596,0.8659250736236572,1.8344861268997192
1.695244055068836,5.236890645817881,-0.9538158564756727,-0.9538158564756727,0.35537405215978035,-0.13071942329406738,2.1438727378845215,1.4132755994796753,-0.3501914143562317,-0.06481035053730011,-0.23684315383434296,0.8739609718322754,2.68493390083313
1.699624530663329,6.659485618156967,-3.4806537816747203,-3.4806537816747203,-0.54814237436464,-0.12132824212312698,2.157850980758667,1.4117416143417358,-0.34577465057373047,-0.06584783643484116,-0.27507564425468445,0.885722279548645,3.540212631225586
1.7040050062578225,4.569795983970128,0.17272100842438765,0.17272100842438765,0.14472374674268448,-0.11187583208084106,2.1389145851135254,1.4102269411087036,-0.359300822019577,-0.06705279648303986,-0.36071428656578064,0.9012300968170166,2.633842945098877
1.7083854818523152,8.570885974105748,-0.20614590536901167,-0.20614590536901167,0.44520248607452273,-0.1025063693523407,2.1450836658477783,1.4086530208587646,-0.3663533627986908,-0.06863289326429367,-0.3598966896533966,0.9127675890922546,3.045712471008301
1.7127659574468084,10.251625904917042,0.26168978337242027,0.26168978337242027,0.15651713476478968,-0.09310988336801529,2.1629302501678467,1.407048225402832,-0.3368157148361206,-0.07020941376686096,-0.3789181411266327,0.926109254360199,4.159640789031982
1.7171464330413015,6.572646246397347,1.2551608526743474,1.2551608526743474,-1.7260507570741501,-0.08363521844148636,2.1703262329101562,1.405572772026062,-0.30482518672943115,-0.07186925411224365,-0.3758467733860016,0.9443304538726807,4.737468242645264
1.7215269086357947,3.5839755141584084,1.4672276512928781,1.4672276512928781,1.6574665757398435,-0.074128158390522,2.1049513816833496,1.4042375087738037,-0.35210782289505005,-0.0735156387090683,-0.2887859344482422,0.9650828242301941,1.4670710563659668
1.725907384230288,6.966370428453871,0.6009247574606781,0.6009247574606781,-2.2000643855266167,-0.06490746885538101,2.170173168182373,1.4026950597763062,-0.3251771628856659,-0.0747806578874588,-0.294341504573822,0.9715092778205872,4.85330867767334
1.7302878598247808,6.556433297492718,2.27978077044472,2.27978077044472,1.2756315798886255,-0.05540107935667038,2.084578514099121,1.4012706279754639,-0.38100481033325195,-0.07607001066207886,-0.21254374086856842,0.9927690625190735,0.6406660079956055
1.734668335419274,8.491001498834505,0.5523660608196657,0.5523660608196657,-1.3120971181748753,-0.04626963287591934,2.1353845596313477,1.399601697921753,-0.3451997935771942,-0.07700105011463165,-0.18321940302848816,0.995575487613678,3.330688953399658
1.7390488110137672,5.835810322575216,0.3799426830287696,0.3799426830287696,1.1064047523493963,-0.03691563382744789,2.0829555988311768,1.3980895280838013,-0.36437714099884033,-0.07780364155769348,-0.12877117097377777,1.0101654529571533,0.9128029346466064
1.74342928660826,3.5494361092591102,1.1305454073413124,1.1305454073413124,0.27891713041291233,-0.027791297063231468,2.1274046897888184,1.3964934349060059,-0.3389178514480591,-0.07836771756410599,-0.1499861627817154,1.0141639709472656,3.244692325592041
1.7478097622027533,10.770686744336963,-1.9567995730607697,-1.9567995730607697,-1.6400733132206886,-0.018472252413630486,2.1390509605407715,1.3950088024139404,-0.3512394428253174,-0.07902472466230392,-0.12511591613292694,1.0283772945404053,3.8779802322387695
1.7521902377972465,6.436438361639555,-0.027409845299675162,-0.027409845299675162,1.7712158153207198,-0.009102191776037216,2.0717995166778564,1.3934701681137085,-0.3617016673088074,-0.07957278937101364,-0.13436532020568848,1.0453647375106812,0.8434076309204102
1.7565707133917396,5.254806195300412,0.24364669051877594,0.24364669051877594,-0.6274389247294576,-2.6724301278591156e-05,2.144427537918091,1.391885757446289,-0.3179629445075989,-0.08016137033700943,-0.18689090013504028,1.049059271812439,4.501813888549805
1.7609511889862328,8.180378906735587,-1.596512890175389,-1.596512890175389,-0.3179646099589618,0.009366888552904129,2.1189229488372803,1.3904929161071777,-0.3415754437446594,-0.08098004013299942,-0.16145244240760803,1.0687793493270874,3.3601903915405273
1.7653316645807258,6.572061378358613,0.2682431399410627,0.2682431399410627,-0.3333130838351049,0.018648779019713402,2.105130195617676,1.3889966011047363,-0.3367753028869629,-0.08168727904558182,-0.19879010319709778,1.0834985971450806,2.8870646953582764
1.769712140175219,5.634888066532476,-0.05992288772901608,-0.05992288772901608,-0.5978342158643679,0.02787025086581707,2.0905232429504395,1.3875213861465454,-0.3429826498031616,-0.08255807310342789,-0.18122275173664093,1.0961452722549438,2.347529888153076
1.774092615769712,9.582127848097311,-0.38988895990396044,-0.38988895990396044,1.241046484503262,0.037027738988399506,2.064476490020752,1.386018991470337,-0.36101579666137695,-0.08335191756486893,-0.1655140370130539,1.106428623199463,1.2604156732559204
1.778473091364205,8.804086708314681,-0.6619418519512709,-0.6619418519512709,-0.8095543954906603,0.0460711270570755,2.1159348487854004,1.3844375610351562,-0.312170147895813,-0.08407694846391678,-0.213142529129982,1.1119498014450073,3.901127815246582
1.7828535669586982,7.3205270640425475,2.7415678326569917,2.7415678326569917,-1.556498038741538,0.05533992871642113,2.080345630645752,1.3830701112747192,-0.31367406249046326,-0.08501061052083969,-0.2088317722082138,1.1290385723114014,2.443692684173584
1.7872340425531914,8.633823595933709,2.1654177378296398,2.1654177378296398,2.5597252611262657,0.06445283442735672,2.011873245239258,1.381696105003357,-0.33920833468437195,-0.08592539280653,-0.08331462740898132,1.1397430896759033,-0.5324366092681885
1.7916145181476846,5.735373886752807,-2.2233156251731367,-2.2233156251731367,-0.7529686405568204,0.07326579838991165,2.121156692504883,1.3802101612091064,-0.2724204361438751,-0.08629035204648972,-0.09482965618371964,1.1374107599258423,4.702506065368652
1.7959949937421775,6.015035030414221,-0.2524386729424416,-0.2524386729424416,-0.28698072383569456,0.08255747705698013,2.088212013244629,1.3790168762207031,-0.2936377227306366,-0.0867057517170906,-0.1377684473991394,1.1580100059509277,3.2969188690185547
1.8003754693366707,7.424049691724571,1.5090267384841771,1.5090267384841771,-0.08867823820143908,0.0917048379778862,2.0746638774871826,1.3777306079864502,-0.30237990617752075,-0.08730924129486084,-0.1367597132921219,1.1724520921707153,2.8177599906921387
1.804755944931164,4.925879879224425,-0.32427974501532464,-0.32427974501532464,-0.03407158535223896,0.10079285502433777,2.0691750049591064,1.3764060735702515,-0.29751917719841003,-0.0879083126783371,-0.09010165929794312,1.1847952604293823,2.749840497970581
1.809136420525657,9.464390512791315,0.5611677602408303,0.5611677602408303,0.4715783725767227,0.10985682904720306,2.066624879837036,1.3751027584075928,-0.30855026841163635,-0.08830299973487854,-0.09857665747404099,1.1968408823013306,2.751168727874756
1.81351689612015,7.189843377491265,-0.6226829315885463,-0.6226829315885463,-1.696330743592369,0.11890962719917297,2.085191249847412,1.373751163482666,-0.28015023469924927,-0.08873481303453445,-0.09596036374568939,1.2088923454284668,3.8173537254333496
1.8178973717146432,6.365573695897769,2.3690021868512487,2.3690021868512487,1.6516705556856204,0.1280437558889389,2.0077452659606934,1.3725240230560303,-0.3047989010810852,-0.0891551673412323,-0.0646064430475235,1.2256141901016235,0.5333938598632812
1.8222778473091363,10.961168967491673,1.0249179299864601,1.0249179299864601,-0.11493782793839252,0.1368386298418045,2.0800130367279053,1.3711888790130615,-0.2782515287399292,-0.08943817764520645,-0.04365808516740799,1.2279506921768188,3.898219347000122
1.8266583229036293,6.6505385992170325,0.3730839123703662,0.3730839123703662,-0.7952644707241312,0.1459500789642334,2.071829080581665,1.3699699640274048,-0.2508362829685211,-0.08962941914796829,-0.010370682924985886,1.245026707649231,3.800776243209839
1.831038798498123,8.363265218266937,-0.5814377049927819,-0.5814377049927819,0.4940593430984754,0.1550256758928299,2.034031391143799,1.3688712120056152,-0.2627454698085785,-0.08967484533786774,0.023748796433210373,1.2616759538650513,2.29211163520813
1.835419274092616,5.181701737598244,-2.217175919552491,-2.217175919552491,-0.9120875727466574,0.16393570601940155,2.0536997318267822,1.3677202463150024,-0.2429717779159546,-0.08957081288099289,-0.0076591260731220245,1.2717164754867554,3.3625943660736084
1.8397997496871088,3.5518216168198653,1.625647584756346,1.625647584756346,0.10545221772959656,0.17293189465999603,2.010485887527466,1.366655945777893,-0.2652038633823395,-0.08960436284542084,-0.04577184468507767,1.286446213722229,1.5985268354415894
1.844180225281602,8.067904335144172,-0.895114678322319,-0.895114678322319,0.22139994021490209,0.18173877894878387,2.01404070854187,1.3654942512512207,-0.2832484841346741,-0.08980486541986465,-0.0013773217797279358,1.293448567390442,1.841290831565857
1.848560700876095,8.462753094401188,-0.9434557783410443,-0.9434557783410443,0.003782984506762531,0.1905612349510193,2.0211598873138428,1.3642535209655762,-0.26969999074935913,-0.08981090039014816,-0.03398308530449867,1.3015142679214478,2.353902816772461
1.852941176470588,8.293592515174032,0.8431981705536944,0.8431981705536944,-0.04874900959830729,0.19941487908363342,2.0181076526641846,1.363072156906128,-0.25661322474479675,-0.0899597629904747,-0.06164545938372612,1.3118255138397217,2.433640718460083
1.8573216520650813,8.01906053412164,-1.629601633094977,-1.629601633094977,-0.18142074859915847,0.20825515687465668,2.0126023292541504,1.361948013305664,-0.24538522958755493,-0.09022980183362961,-0.035597771406173706,1.3224860429763794,2.403282642364502
1.8617021276595744,8.271106069496527,-0.1091836433834515,-0.1091836433834515,-0.31796886910551336,0.2170713096857071,2.0009400844573975,1.3608731031417847,-0.2375538945198059,-0.09038573503494263,-0.07788924872875214,1.3330135345458984,2.1024904251098633
1.866082603254068,6.239174785035756,0.27043173119868585,0.27043173119868585,0.4576902281165707,0.225836381316185,1.9826637506484985,1.359832525253296,-0.2293916642665863,-0.09072692692279816,-0.07179205864667892,1.3422234058380127,1.5276110172271729
1.8704630788485608,7.6597193135536585,0.3781131238930198,0.3781131238930198,-0.3156279109749879,0.23452138900756836,2.0012221336364746,1.3588277101516724,-0.22605828940868378,-0.09104140847921371,-0.07726059854030609,1.3489151000976562,2.479656219482422
1.8748435544430535,3.2294759660934904,1.290914836081087,1.290914836081087,-0.354854211920542,0.24328769743442535,1.983130693435669,1.357837438583374,-0.22194768488407135,-0.09137984365224838,-0.05700116232037544,1.3597772121429443,1.899141550064087
1.879224030037547,9.401728290726204,-0.12521503422757366,-0.12521503422757366,0.2090059900974824,0.25197476148605347,1.9650957584381104,1.3568651676177979,-0.2473413497209549,-0.09162953495979309,-0.008939489722251892,1.3680963516235352,1.2112013101577759
1.88360450563204,7.202146246345151,-0.07695460601529958,-0.07695460601529958,0.2836701493774713,0.2605828046798706,1.9703569412231445,1.3557816743850708,-0.22588586807250977,-0.09166869521141052,-0.018699802458286285,1.3734019994735718,1.6770541667938232
1.887984981226533,8.712302797417125,0.6864537542999567,0.6864537542999567,0.661319746193454,0.2692139148712158,1.9801768064498901,1.3547922372817993,-0.21857301890850067,-0.0917506068944931,-0.02923118881881237,1.3807482719421387,2.2780489921569824
1.8923654568210264,10.044844445106978,-0.9335956094009009,-0.9335956094009009,-1.2397600751785625,0.2778880298137665,2.006970167160034,1.3538347482681274,-0.19816875457763672,-0.09187865257263184,-0.02849719673395157,1.390727162361145,3.6353237628936768
1.8967459324155196,9.658619345168043,1.1285582914263266,1.1285582914263266,1.1475282330462908,0.2866795063018799,1.9437828063964844,1.3529666662216187,-0.18635086715221405,-0.0920034870505333,-0.01955622434616089,1.4066516160964966,1.209775686264038
1.9011264080100123,6.626830828732562,0.08287843650231475,0.08287843650231475,-1.449588327294156,0.29519420862197876,1.9928010702133179,1.352150321006775,-0.15635378658771515,-0.09208915382623672,-0.020110206678509712,1.4119510650634766,3.5272929668426514
1.9055068836045053,2.3034898721664314,-1.429799013612534,-1.429799013612534,1.3311765995190674,0.303923636674881,1.921036958694458,1.3514654636383057,-0.1675683706998825,-0.09217724949121475,0.02464268170297146,1.4274022579193115,0.6629078388214111
1.9098873591989989,7.818765706282586,-2.640769495376355,-2.640769495376355,0.047271735356701865,0.3123386800289154,1.9827405214309692,1.3507314920425415,-0.18620483577251434,-0.09206930547952652,-0.05598656088113785,1.430306077003479,3.3183517456054688
1.914267834793492,10.895575961756446,-0.48005078592666295,-0.48005078592666295,-1.5843575847489386,0.3210240304470062,1.9807844161987305,1.349915862083435,-0.1781158298254013,-0.09231455624103546,-0.1344859004020691,1.444841980934143,3.4305386543273926
1.9186483103879848,6.659314574552494,2.0277854583147614,2.0277854583147614,0.49368116777988996,0.3297007977962494,1.8995414972305298,1.3491356372833252,-0.15955093502998352,-0.09290366619825363,-0.10223664343357086,1.459869384765625,0.29427146911621094
1.923028785982478,8.82585816835913,1.5913635141410598,1.5913635141410598,0.3573748310353135,0.3380216956138611,1.9190186262130737,1.348436713218689,-0.1557634323835373,-0.09335151314735413,-0.057435933500528336,1.4611583948135376,1.2827175855636597
1.9274092615769711,7.320618902663524,-0.5247101255512089,-0.5247101255512089,0.9609738608298012,0.34642791748046875,1.9307037591934204,1.3477543592453003,-0.13852062821388245,-0.09360311180353165,-0.02139955386519432,1.4667773246765137,2.000969409942627
1.9317897371714643,8.038454633373135,0.34804027115522157,0.34804027115522157,-1.8013397745760273,0.3548853099346161,1.9719637632369995,1.3471475839614868,-0.1286117136478424,-0.09369685500860214,-0.06478624045848846,1.4755425453186035,3.9175047874450684
1.9361702127659572,7.4095599149292575,0.062423540992657754,0.062423540992657754,0.6218601312951059,0.3635234534740448,1.8814146518707275,1.3465842008590698,-0.12809941172599792,-0.09398064762353897,-0.0020175352692604065,1.4927030801773071,0.3324005603790283
1.9405506883604504,5.86955662936695,-0.7861113790842372,-0.7861113790842372,-0.3658013038867508,0.3717649579048157,1.9062849283218384,1.3460230827331543,-0.1196654736995697,-0.09398948401212692,-0.018354857340455055,1.4941591024398804,1.5646334886550903
1.944931163954944,7.71194289700583,1.3190148318767432,1.3190148318767432,0.637543783905153,0.3801153898239136,1.8850876092910767,1.3454989194869995,-0.12533961236476898,-0.09406989067792892,-0.030629243701696396,1.501012921333313,0.8316105008125305
1.9493116395494368,11.868687702562546,-0.38175566837741937,-0.38175566837741937,0.26041031765731765,0.3883729577064514,1.9104549884796143,1.3449498414993286,-0.11516142636537552,-0.09420406073331833,-0.010728130117058754,1.5046557188034058,2.091737985610962
1.9536921151439297,2.7485667866101924,0.6816421573060437,0.6816421573060437,-0.4231488069790436,0.396741658449173,1.9150915145874023,1.3444453477859497,-0.07913313060998917,-0.09425105154514313,-0.02948141098022461,1.5138185024261475,2.5941860675811768
1.9580725907384229,5.029616271083333,-0.6414498752667063,-0.6414498752667063,-0.14718315933063358,0.40513068437576294,1.8930995464324951,1.344098687171936,-0.10575409978628159,-0.09438019245862961,0.002781987190246582,1.5251822471618652,1.746980905532837
1.962453066332916,6.6982180978801225,3.314621683071876,3.314621683071876,0.3536166726805728,0.4134233593940735,1.8826498985290527,1.3436354398727417,-0.11604642868041992,-0.09436800330877304,-0.011652168817818165,1.5328348875045776,1.4422826766967773
1.9668335419274088,6.82887334041072,-0.8230622166681598,-0.8230622166681598,1.0732053539223854,0.42167025804519653,1.8949133157730103,1.3431271314620972,-0.11421915143728256,-0.09441904723644257,0.07481855899095535,1.53915274143219,2.128133773803711
1.9712140175219024,6.547843043616094,-2.737988941893886,-2.737988941893886,-1.392800782470222,0.4299708902835846,1.9414222240447998,1.3426268100738525,-0.11080128699541092,-0.09409130364656448,0.01944153755903244,1.5484750270843506,4.243952751159668
1.9755944931163956,4.93261935190897,-1.6036694006638463,-1.6036694006638463,0.7581353774255032,0.43847525119781494,1.8702738285064697,1.3421413898468018,-0.11376781016588211,-0.09400614351034164,-0.01984221860766411,1.5670655965805054,1.4490351676940918
1.9799749687108883,7.380084429986982,-0.04621232109012796,-0.04621232109012796,-0.39490495562197936,0.44666793942451477,1.9029189348220825,1.34164297580719,-0.12413511425256729,-0.09409306198358536,-0.08881440758705139,1.5734130144119263,2.9369053840637207
1.9843554443053817,7.166952748970649,-0.20324065805965646,-0.20324065805965646,0.6363379935494563,0.45500361919403076,1.8786070346832275,1.3410992622375488,-0.11904951184988022,-0.09448210895061493,-0.07863147556781769,1.5862780809402466,2.116755962371826
1.9887359198998744,10.587560230853935,-0.5231730609256506,-0.5231730609256506,-1.4001891357781682,0.4632328152656555,1.903607964515686,1.3405777215957642,-0.1154506653547287,-0.09482654929161072,-0.10314983129501343,1.595550537109375,3.3458404541015625
1.993116395494368,7.131115921383876,0.3428332663412535,0.3428332663412535,0.2945372462113239,0.47157153487205505,1.828550100326538,1.3400720357894897,-0.08774039894342422,-0.09527839720249176,-0.07753817737102509,1.610206961631775,0.4982872009277344
1.997496871088861,6.338577152670959,-0.9614693405092642,-0.9614693405092642,0.3288421992561072,0.47958144545555115,1.837001919746399,1.339687705039978,-0.08399198949337006,-0.09561805427074432,-0.0761277824640274,1.6123896837234497,1.0388152599334717
2.001877346683354,5.44778415865724,-0.30303228307693525,-0.30303228307693525,-0.2790346962270009,0.48762840032577515,1.8476786613464355,1.3393198251724243,-0.08568527549505234,-0.09595152735710144,-0.11380897462368011,1.6169401407241821,1.6519596576690674
2.0062578222778478,4.80377071790933,1.1942083512319233,1.1942083512319233,0.7435608748374233,0.49572211503982544,1.8299832344055176,1.338944435119629,-0.09218794107437134,-0.0964500680565834,-0.11450978368520737,1.6241765022277832,1.0596437454223633
2.0106382978723403,9.537706588008628,0.9613222343704267,0.9613222343704267,0.2879334369588317,0.503738284111023,1.8615654706954956,1.3385405540466309,-0.10529939830303192,-0.0969516783952713,-0.10134945064783096,1.6288182735443115,2.505483627319336
2.015018773466833,7.2960392663975,-2.089694563606334,-2.089694563606334,-1.907585563918299,0.5118928551673889,1.8674335479736328,1.3380793333053589,-0.08643435686826706,-0.0973956361413002,-0.08168436586856842,1.6397935152053833,3.0082693099975586
2.0193992490613266,5.378184468678956,-0.18198160347914838,-0.18198160347914838,0.29224987818762255,0.5200731158256531,1.7702991962432861,1.3377007246017456,-0.07563331723213196,-0.09775345027446747,-0.08700252324342728,1.6529711484909058,-0.8466830253601074
2.02377972465582,6.531687993805095,-0.5629567814488137,-0.5629567814488137,1.5373773482390263,0.5278278589248657,1.7796194553375244,1.337369441986084,-0.08410383760929108,-0.09813456237316132,-0.10085158795118332,1.6492623090744019,-0.31094205379486084
2.028160200250313,5.169898422439171,0.7186047429743865,0.7186047429743865,-1.6996160559975582,0.5356234312057495,1.847302794456482,1.337001085281372,-0.08946933597326279,-0.09857633709907532,-0.16218799352645874,1.6479002237319946,2.694474220275879
2.032540675844806,7.624348494611576,2.0919223949128893,2.0919223949128893,1.068923773392937,0.5437154769897461,1.7618257999420166,1.336609125137329,-0.09261547029018402,-0.09928679466247559,-0.09156827628612518,1.659703254699707,-0.731928825378418
2.036921151439299,8.008042312827195,-1.4385589666616316,-1.4385589666616316,-0.4495580440208211,0.5514330863952637,1.8060494661331177,1.3362034559249878,-0.0895279124379158,-0.09968790411949158,-0.061693474650382996,1.6564970016479492,1.3276653289794922
2.0413016270337923,7.078825039213056,-0.8592218379359489,-0.8592218379359489,-0.1494531699974341,0.559344470500946,1.7776308059692383,1.3358112573623657,-0.07765388488769531,-0.0999581515789032,-0.0905754342675209,1.6623128652572632,0.3622310757637024
2.045682102628285,6.399261347224588,0.540996215435556,0.540996215435556,-0.44694976066180797,0.5671313405036926,1.7642734050750732,1.3354711532592773,-0.07295562326908112,-0.10035491734743118,-0.1113029271364212,1.6638996601104736,0.00034227967262268066
2.0500625782227786,8.814243991676024,2.1196700433282865,2.1196700433282865,1.4578185536930501,0.5748596787452698,1.7373286485671997,1.3351515531539917,-0.0714235007762909,-0.10084247589111328,-0.08245177567005157,1.6639012098312378,-0.9481498003005981
2.0544430538172715,10.037544476163575,-0.8043448064614671,-0.8043448064614671,-0.5997887039278649,0.5824699997901917,1.7988502979278564,1.334838628768921,-0.0624065026640892,-0.10120365023612976,-0.06312361359596252,1.659747838973999,1.872548222541809
2.0588235294117645,9.503068002367655,-0.29784242043743026,-0.29784242043743026,-0.4774354284241937,0.5903497934341431,1.761342167854309,1.334565281867981,-0.03652552515268326,-0.1014801636338234,-0.06909730285406113,1.6679505109786987,0.5879408121109009
2.063204005006258,8.17431260582147,0.36292267744044865,0.36292267744044865,0.8372640322619604,0.5980653166770935,1.7300746440887451,1.3344053030014038,-0.014172885566949844,-0.10178284347057343,-0.06385261565446854,1.6705260276794434,-0.45206332206726074
2.067584480600751,6.5874126112579106,-2.341280441741587,-2.341280441741587,-0.4850864156158444,0.6056438684463501,1.7624953985214233,1.3343431949615479,-0.006827430799603462,-0.10206254571676254,-0.07770488411188126,1.6685457229614258,1.136371374130249
2.071964956195244,9.223801270867535,-1.7344537722637587,-1.7344537722637587,1.3394316647263458,0.6133644580841064,1.7334450483322144,1.3343132734298706,-0.003899898612871766,-0.1024029329419136,-0.13191163539886475,1.6735235452651978,0.10827434062957764
2.076345431789737,6.441188869574394,-0.20131455668290693,-0.20131455668290693,-0.08422377333804193,0.6209577918052673,1.7887074947357178,1.3342962265014648,0.007865834049880505,-0.10298077017068863,-0.22167883813381195,1.6739978790283203,2.684709072113037
2.08072590738423,7.978939780518729,1.6899204383474926,1.6899204383474926,-0.15249817316913716,0.6287931799888611,1.7787115573883057,1.334330677986145,0.0073633878491818905,-0.1039518266916275,-0.22509826719760895,1.6857582330703735,2.4540255069732666
2.085106382978723,11.421943174891556,-0.0561970676654092,-0.0561970676654092,-1.8044988337354284,0.6365847587585449,1.7639105319976807,1.3343629837036133,0.01765703223645687,-0.10493786633014679,-0.17129379510879517,1.6965080499649048,2.0676429271698
2.0894868585732165,8.962889153768478,0.10908606339192618,0.10908606339192618,1.9484260085244904,0.6443115472793579,1.667345404624939,1.3344403505325317,0.06104900687932968,-0.10568821430206299,-0.12023784220218658,1.705565333366394,-1.6491563320159912
2.093867334167709,7.64743437538645,0.4718841528137638,0.4718841528137638,-0.5653761146717871,0.6516153216362,1.7508713006973267,1.3347077369689941,0.06494434922933578,-0.10621491074562073,-0.1739524006843567,1.6983412504196167,2.1273081302642822
2.098247809762203,8.48955397249503,0.8841190872842747,0.8841190872842747,-0.12462904695773405,0.6592849493026733,1.7165924310684204,1.3349921703338623,0.07581980526447296,-0.10697690397500992,-0.14366111159324646,1.7076598405838013,0.9172139167785645
2.102628285356696,7.000389354024585,1.4076221090363605,1.4076221090363605,-0.17709934951615144,0.6668044328689575,1.7023141384124756,1.3353242874145508,0.09008745849132538,-0.10760620981454849,-0.11420246958732605,1.7116776704788208,0.5711615681648254
2.1070087609511887,6.52969917976658,2.144408548252428,2.144408548252428,0.214727003958872,0.6742613911628723,1.6869666576385498,1.3357188701629639,0.09488094598054886,-0.10810647159814835,-0.06792357563972473,1.7141796350479126,0.13633993268013
2.111389236545682,8.220084822104688,-1.1155717943004402,-1.1155717943004402,0.30129844609188183,0.6816511154174805,1.6905885934829712,1.3361345529556274,0.09392257779836655,-0.1084040105342865,-0.011570759117603302,1.714776873588562,0.4861033260822296
2.115769712140175,4.6510600018684105,1.1061342706461952,1.1061342706461952,0.7199033577860121,0.6890566945075989,1.6965852975845337,1.3365459442138672,0.1035991758108139,-0.10845469683408737,-0.05294786021113396,1.716906189918518,0.987747073173523
2.1201501877346685,4.682486658042738,1.7869049232140575,1.7869049232140575,-1.538193444699939,0.6964885592460632,1.7259321212768555,1.336999773979187,0.08649251610040665,-0.10868663340806961,-0.041668690741062164,1.7212330102920532,2.3647854328155518
2.1245306633291614,6.950722023028085,-0.4308570705239442,-0.4308570705239442,0.353624493908888,0.7040489912033081,1.6484088897705078,1.3373786211013794,0.085152268409729,-0.10886916518211365,0.05543471872806549,1.7315919399261475,-0.7544529438018799
2.1289111389236544,8.64043126544264,0.3231514828764007,0.3231514828764007,0.40575386878103337,0.7112697958946228,1.6579581499099731,1.3377516269683838,0.08575361222028732,-0.1086263358592987,0.03252536803483963,1.7282871007919312,-0.1390458345413208
2.133291614518148,6.858336261267189,0.5055753898349896,0.5055753898349896,0.5013784034695823,0.7185324430465698,1.6683001518249512,1.3381272554397583,0.09732893109321594,-0.10848385840654373,0.030113115906715393,1.7276780605316162,0.5600252747535706
2.1376720901126407,8.294116229274485,-0.8759080984714962,-0.8759080984714962,-0.6446566612100061,0.7258403897285461,1.6849831342697144,1.338553547859192,0.09629148244857788,-0.1083519458770752,0.03023568168282509,1.7301312685012817,1.472083330154419
2.1420525657071336,7.372415427497794,-0.6961070164915938,-0.6961070164915938,0.6488264715411152,0.7332214117050171,1.6460669040679932,1.3389753103256226,0.11327461898326874,-0.10821949690580368,0.02348240651190281,1.7365796566009521,0.08398628234863281
2.146433041301627,6.909400720026404,0.522886529119184,0.522886529119184,0.30437905313736136,0.7404319643974304,1.6690949201583862,1.339471459388733,0.11435435712337494,-0.10811663419008255,-0.01579391397535801,1.7369475364685059,1.2801728248596191
2.15081351689612,6.119997700771966,1.842938155635924,1.842938155635924,-0.7730482312279101,0.7477433681488037,1.6763330698013306,1.3399723768234253,0.11489001661539078,-0.10818582028150558,-0.009412802755832672,1.7425552606582642,1.7966151237487793
2.155193992490613,6.232667920212937,-0.8168912367204497,-0.8168912367204497,-0.5893880018546067,0.7550864815711975,1.6335572004318237,1.3404756784439087,0.11873430758714676,-0.10822705179452896,0.06698229163885117,1.7504253387451172,0.17697954177856445
2.1595744680851063,7.036805517156059,-1.4977262654095256,-1.4977262654095256,1.5827521796036037,0.7622422575950623,1.599358320236206,1.3409957885742188,0.12240441143512726,-0.1079336404800415,0.060338474810123444,1.751200556755066,-1.0808172225952148
2.1639549436795997,6.317999580214382,0.11465695000745137,0.11465695000745137,-1.1816600732556162,0.7692481875419617,1.6664551496505737,1.3415319919586182,0.11272226274013519,-0.10766933113336563,-0.02962125837802887,1.746466040611267,1.9741275310516357
2.1683354192740927,7.844408293013398,0.16213772504759746,0.16213772504759746,0.016748283810949706,0.7765480279922485,1.6042559146881104,1.3420257568359375,0.1213885098695755,-0.10779908299446106,0.008235305547714233,1.7551136016845703,-0.4624803066253662
2.1727158948685856,8.092808517707152,-0.4516667003773295,-0.4516667003773295,-0.4326130780200198,0.7835754156112671,1.596871256828308,1.3425575494766235,0.13064152002334595,-0.10776300728321075,0.012481138110160828,1.7530877590179443,-0.537118673324585
2.1770963704630786,8.88292584981691,-1.3111623813708033,-1.3111623813708033,0.8754992683884543,0.7905704975128174,1.5681232213974,1.3431298732757568,0.14543277025222778,-0.10770833492279053,0.011924711987376213,1.7507349252700806,-1.5088996887207031
2.181476846057572,9.866191695795962,-0.1752642029924033,-0.1752642029924033,1.1134084911064817,0.7974396347999573,1.6000490188598633,1.3437669277191162,0.1540462225675583,-0.1076560989022255,-0.051932744681835175,1.744125247001648,0.11339378356933594
2.185857321652065,10.969318607047919,-0.9020409082756263,-0.9020409082756263,-1.9083703980617022,0.8044486045837402,1.6423195600509644,1.3444417715072632,0.16773729026317596,-0.10788358747959137,-0.08956607431173325,1.744621992111206,2.1989455223083496
2.1902377972465583,4.557085962685912,1.703817095239271,1.703817095239271,1.6875269434378495,0.8116427659988403,1.5410797595977783,1.3451765775680542,0.21324624121189117,-0.10827592760324478,-0.060178063809871674,1.7542544603347778,-1.7455668449401855
2.1946182728410517,9.665598400046896,-0.42714966184336334,-0.42714966184336334,0.34438491961788614,0.8183934092521667,1.6155706644058228,1.3461107015609741,0.18567818403244019,-0.10853953659534454,-0.05970234051346779,1.746608018875122,1.5509345531463623
2.198998748435544,5.903672635216678,-1.0038040997707371,-1.0038040997707371,-0.21390937953509004,0.8254703879356384,1.6216989755630493,1.346924066543579,0.20408953726291656,-0.10880105942487717,-0.08223359286785126,1.7534018754959106,2.1068525314331055
2.2033792240300376,4.973596821660242,-1.0041023369126703,-1.0041023369126703,-0.2587293121598924,0.832574188709259,1.6053776741027832,1.3478180170059204,0.20193800330162048,-0.10916128009557724,-0.10530102252960205,1.7626309394836426,1.5999784469604492
2.2077596996245306,11.182149765842444,1.9604523229433823,1.9604523229433823,-0.9513661245249256,0.839606523513794,1.5879179239273071,1.3487025499343872,0.19429516792297363,-0.1096225455403328,-0.12706828117370605,1.7696396112442017,1.0144786834716797
2.2121401752190235,3.8258464057282153,-0.4937730553281473,-0.4937730553281473,0.8511493809375732,0.846562385559082,1.5313552618026733,1.3495537042617798,0.2349644899368286,-0.11017916351556778,-0.04203394800424576,1.7740834951400757,-1.0415551662445068
2.216520650813517,6.371089207589771,1.2505583984051822,1.2505583984051822,-0.12021181312561,0.8532704710960388,1.5670510530471802,1.3505829572677612,0.20925530791282654,-0.11036328971385956,-0.08130994439125061,1.7695209980010986,0.5963329076766968
2.22090112640801,8.355259394728575,-0.2144678849810462,-0.2144678849810462,-0.35847336752882575,0.8601348996162415,1.5545588731765747,1.3514995574951172,0.20997558534145355,-0.1107194647192955,-0.041279107332229614,1.772133231163025,0.2644087076187134
2.225281602002503,5.427224411855727,0.30802153375919394,0.30802153375919394,0.85366886068882,0.8669446110725403,1.5287384986877441,1.352419376373291,0.22629372775554657,-0.11090029031038284,-0.03707369044423103,1.7732914686203003,-0.571770966053009
2.229662077596996,5.982951296919569,0.6752586595101353,0.6752586595101353,-0.13418697643707198,0.8736411929130554,1.5628217458724976,1.3534106016159058,0.21137607097625732,-0.11106269061565399,-0.053008321672677994,1.7707868814468384,1.0475473403930664
2.234042553191489,6.40982614270149,-1.0004640852826188,-1.0004640852826188,-0.6036494616077877,0.8804870843887329,1.550038456916809,1.3543365001678467,0.20956683158874512,-0.11129489541053772,-0.029369942843914032,1.7753756046295166,0.6929126977920532
2.2384230287859825,7.509273082604275,-2.6016138395765784,-2.6016138395765784,0.3164066461086639,0.8872770071029663,1.5147995948791504,1.3552545309066772,0.2152787446975708,-0.1114235520362854,-0.040958188474178314,1.7784109115600586,-0.6038721799850464
2.2428035043804755,3.336574673306739,2.3967794949654326,2.3967794949654326,0.03514189157074905,0.8939125537872314,1.5213866233825684,1.3561975955963135,0.21938975155353546,-0.11160296946763992,-0.12617364525794983,1.7757656574249268,-0.086620032787323
2.2471839799749684,9.181008601036114,0.869015852535468,0.869015852535468,-0.5197643104309239,0.9005769491195679,1.5193899869918823,1.3571586608886719,0.19839152693748474,-0.11215566843748093,-0.05720634013414383,1.7753862142562866,-0.06631583720445633
2.251564455569462,5.851301283805258,0.6702203822761705,0.6702203822761705,0.4867792275985254,0.9072325825691223,1.485010027885437,1.358027696609497,0.22186914086341858,-0.11240626126527786,-0.016649559140205383,1.7750957012176514,-1.237631916999817
2.255944931163955,8.163777223217522,-0.00769761886835868,-0.00769761886835868,0.8737330033869469,0.9137376546859741,1.5013431310653687,1.3589996099472046,0.21315057575702667,-0.11247919499874115,-0.011292495764791965,1.769674301147461,-0.35576432943344116
2.260325406758448,9.891333645275012,0.02952496582443309,0.02952496582443309,-1.618440367619759,0.9203142523765564,1.5333659648895264,1.3599332571029663,0.21648606657981873,-0.11252865940332413,-0.037033066153526306,1.7681158781051636,1.2639250755310059
2.264705882352941,8.203638908483097,-1.0555495993966268,-1.0555495993966268,1.3241957083130964,0.9270310997962952,1.4466872215270996,1.3608815670013428,0.2546255588531494,-0.11269088089466095,0.011092744767665863,1.77365243434906,-2.1018614768981934
2.269086357947434,4.60968316059781,-1.6122778435288063,-1.6122778435288063,-0.1694751330366253,0.9333682656288147,1.4995861053466797,1.3619968891143799,0.25330227613449097,-0.11264228820800781,-0.05840335786342621,1.7644453048706055,0.41236138343811035
2.2734668335419275,5.806248282307619,1.9105146774941422,1.9105146774941422,0.09434373946620386,0.939937174320221,1.4866186380386353,1.3631064891815186,0.24267150461673737,-0.11289812624454498,-0.10053776949644089,1.7662516832351685,0.00857234001159668
2.2778473091364204,8.664090943366897,-0.3348090892230151,-0.3348090892230151,0.3163761933389555,0.9464492797851562,1.484703540802002,1.3641694784164429,0.2376236468553543,-0.11333853006362915,-0.047499820590019226,1.766289234161377,0.11214389652013779
2.2822277847309134,7.003043684835436,-0.32684470601774435,-0.32684470601774435,-2.0598329277677654,0.9529529809951782,1.4900492429733276,1.3652104139328003,0.24960854649543762,-0.11354660242795944,-0.06651649624109268,1.7667804956436157,0.6160426139831543
2.2866082603254068,8.856090144776926,-0.26795656432706866,-0.26795656432706866,2.4305584932023834,0.9594801068305969,1.385786533355713,1.36630380153656,0.2725670635700226,-0.11383797973394394,-0.01590774580836296,1.7694790363311768,-3.586172580718994
2.2909887359199,5.7772102122080256,-1.6947011696162737,-1.6947011696162737,-0.21891830217030836,0.9655504822731018,1.4896491765975952,1.3674978017807007,0.26453039050102234,-0.11390766501426697,-0.09471294283866882,1.753769874572754,1.1218886375427246
2.2953692115143927,9.157150219362249,0.42175197240444207,0.42175197240444207,-0.5167454516535058,0.972075879573822,1.4730570316314697,1.3686565160751343,0.2618957757949829,-0.11432255059480667,-0.13781048357486725,1.7586842775344849,0.6053337454795837
2.299749687108886,9.233204515027296,-2.3652919300338167,-2.3652919300338167,-0.25764719568388283,0.9785285592079163,1.4387580156326294,1.369803786277771,0.28464674949645996,-0.11492622643709183,-0.1104033887386322,1.7613359689712524,-0.5535581707954407
2.304130162703379,5.861293423299276,1.3534476856522841,1.3534476856522841,1.671936658948483,0.9848309755325317,1.4164817333221436,1.3710507154464722,0.3056408762931824,-0.11540984362363815,-0.17195329070091248,1.7589111328125,-1.199148416519165
2.3085106382978724,4.848151509286184,0.541477186242161,0.541477186242161,-0.9715564055541567,0.9910358190536499,1.488490343093872,1.372389554977417,0.2867116630077362,-0.11616308242082596,-0.18125417828559875,1.7536582946777344,2.045232057571411
2.3128911138923653,7.8473989291590325,-1.6183743693123709,-1.6183743693123709,-0.5807708203317716,0.9975560903549194,1.4373934268951416,1.373645544052124,0.2841070890426636,-0.11695706099271774,-0.13706880807876587,1.7626173496246338,0.04301023483276367
2.3172715894868583,8.208809785164686,-0.026263580486861032,-0.026263580486861032,0.9108586966611737,1.0038526058197021,1.4013597965240479,1.3748900890350342,0.29883378744125366,-0.11755748838186264,-0.16737012565135956,1.762805700302124,-1.2270456552505493
2.321652065081352,6.296476114677327,0.1556505566504596,0.1556505566504596,-0.7220338432230625,1.00999116897583,1.4348397254943848,1.3761991262435913,0.3022162914276123,-0.11829064786434174,-0.19473706185817719,1.7574306726455688,0.46655476093292236
2.3260325406758446,4.924537391387097,-2.3890199878404137,-2.3890199878404137,0.9107796753419731,1.016276478767395,1.3938442468643188,1.3775229454040527,0.30765199661254883,-0.11914368718862534,-0.1691058874130249,1.7594743967056274,-1.0610623359680176
2.330413016270338,6.258009333623359,1.2511898004809443,1.2511898004809443,-0.6086971791763355,1.022382140159607,1.4310040473937988,1.3788706064224243,0.2892707586288452,-0.11988445371389389,-0.2654705047607422,1.7548264265060425,0.680595874786377
2.334793491864831,5.746327647618559,-1.1767865151063321,-1.1767865151063321,0.8650290678193499,1.0286506414413452,1.3952962160110474,1.3801378011703491,0.29332998394966125,-0.12104734033346176,-0.21115590631961823,1.757807731628418,-0.6205757856369019
2.339173967459324,4.8694673473384835,0.27270427837971245,0.27270427837971245,-1.0676751215241678,1.0347627401351929,1.4293302297592163,1.381422758102417,0.2809770703315735,-0.12197230011224747,-0.270783394575119,1.755089282989502,1.0180493593215942
2.3435544430538173,3.995594717193498,-2.5898929412350347,-2.5898929412350347,0.4541556355490707,1.041023850440979,1.373540997505188,1.3826535940170288,0.2797344923019409,-0.12315846234560013,-0.2316400706768036,1.7595487833023071,-1.1774126291275024
2.3479349186483103,6.8221845194810715,1.5544541384175399,1.5544541384175399,-0.41387032887730735,1.047040581703186,1.390185832977295,1.3838789463043213,0.25920799374580383,-0.12417315691709518,-0.32053592801094055,1.7543911933898926,-0.33198970556259155
2.3523153942428032,6.83640107599163,-0.90877064607212,-0.90877064607212,0.43048776241214326,1.0531302690505981,1.362776756286621,1.3850144147872925,0.2653360664844513,-0.12557725608348846,-0.26305460929870605,1.7529369592666626,-1.2546119689941406
2.3566958698372966,8.727818948680495,1.752083014960744,1.752083014960744,-0.5711558444182937,1.0590999126434326,1.3749454021453857,1.3861767053604126,0.2640574276447296,-0.1267295628786087,-0.3021652102470398,1.7474411725997925,-0.49666619300842285
2.3610763454317896,7.882633597596086,-0.90981571302641,-0.90981571302641,1.2749385031089715,1.0651228427886963,1.3377758264541626,1.3873333930969238,0.2840200662612915,-0.1280531883239746,-0.234319269657135,1.7452654838562012,-1.7582218647003174
2.3654568210262825,6.890851680131818,-1.4305234993883393,-1.4305234993883393,-1.949195721137483,1.0709829330444336,1.3883777856826782,1.3885775804519653,0.28266412019729614,-0.12907962501049042,-0.29812103509902954,1.7375636100769043,0.6673870086669922
2.369837296620776,6.690162886947187,-0.7150396899167684,-0.7150396899167684,2.493714323124838,1.0770646333694458,1.288316011428833,1.3898158073425293,0.3009861409664154,-0.13038553297519684,-0.28297415375709534,1.7404870986938477,-3.3086612224578857
2.374217772215269,3.7689092412093204,0.9481224526796336,0.9481224526796336,-1.0265895650141845,1.0827081203460693,1.3975763320922852,1.391134262084961,0.2812928259372711,-0.13162510097026825,-0.3766799569129944,1.7259936332702637,1.5607407093048096
2.3785982478097623,5.281573852359528,0.9044913498999618,0.9044913498999618,0.5962447779268967,1.0888301134109497,1.3445554971694946,1.3923664093017578,0.27071478962898254,-0.1332751363515854,-0.3190121054649353,1.7328304052352905,-0.5337274074554443
2.382978723404255,6.902342584480761,0.47551508532282893,0.47551508532282893,-0.38153571701378086,1.0947198867797852,1.3662633895874023,1.393552303314209,0.2582486867904663,-0.13467256724834442,-0.31001031398773193,1.7304924726486206,0.5796710252761841
2.387359198998748,5.454887806919159,-0.43771692188233435,-0.43771692188233435,-1.2166016572026486,1.1007047891616821,1.339814305305481,1.394683599472046,0.26404139399528503,-0.13603055477142334,-0.28498172760009766,1.7330317497253418,-0.2755255699157715
2.391739674593241,6.082040304821014,0.7703636705619705,0.7703636705619705,1.7415663858890666,1.1065738201141357,1.27568519115448,1.3958401679992676,0.2667301893234253,-0.13727891445159912,-0.2622358202934265,1.7318248748779297,-2.7738821506500244
2.3961201501877345,5.186749960847735,0.6259865434682947,0.6259865434682947,-0.6347915610315328,1.1121618747711182,1.3501558303833008,1.3970085382461548,0.250049889087677,-0.13842763006687164,-0.2905980348587036,1.719673991203308,0.6073963642120361
2.400500625782228,4.600771587777355,0.8458988488201649,0.8458988488201649,-0.7906256695298339,1.118076205253601,1.313711166381836,1.3981038331985474,0.24598903954029083,-0.13970059156417847,-0.2537793219089508,1.722334623336792,-0.7264556884765625
2.404881101376721,7.616371852775472,-0.8164640714741779,-0.8164640714741779,0.9461769019636679,1.1238309144973755,1.2705817222595215,1.3991813659667969,0.23922550678253174,-0.14081226289272308,-0.2059876173734665,1.7191524505615234,-2.3633997440338135
2.409261576971214,6.357751154590073,-0.6370639254937696,-0.6370639254937696,0.6917506050710286,1.129396677017212,1.3056418895721436,1.4002293348312378,0.23955784738063812,-0.14171458780765533,-0.2574623227119446,1.7087996006011963,-0.5837736129760742
2.413642052565707,6.20725653951877,-1.1730452361199415,-1.1730452361199415,-0.9641796238897626,1.1351159811019897,1.3304134607315063,1.4012787342071533,0.23417939245700836,-0.1428423970937729,-0.29626792669296265,1.7062424421310425,0.7093092203140259
2.4180225281602,6.091442600406783,1.0242352945731354,1.0242352945731354,0.1372646716116237,1.1409437656402588,1.2769206762313843,1.4023045301437378,0.2385442852973938,-0.14414019882678986,-0.3023674786090851,1.709349513053894,-1.2914680242538452
2.422403003754693,6.223208947425533,-0.13898235244012302,-0.13898235244012302,-0.6017895154985946,1.1465373039245605,1.2756381034851074,1.40334951877594,0.2348930388689041,-0.1454647183418274,-0.27646511793136597,1.7036923170089722,-1.0994491577148438
2.4267834793491865,6.4589779322111545,0.6912002640194749,0.6912002640194749,0.6752536014495174,1.1521252393722534,1.2391599416732788,1.4043784141540527,0.23685798048973083,-0.14667576551437378,-0.262949675321579,1.6988762617111206,-2.379091739654541
2.4311639549436794,6.140749086843105,0.2179859765423786,0.2179859765423786,0.8399731021238303,1.1575533151626587,1.2628161907196045,1.4054160118103027,0.23196673393249512,-0.147827610373497,-0.26248398423194885,1.6884547472000122,-1.118709683418274
2.4355444305381724,10.580015025406098,-0.060760152869636624,-0.060760152869636624,-0.8879799491912252,1.1630851030349731,1.2948144674301147,1.4064321517944336,0.22480231523513794,-0.14897741377353668,-0.28064799308776855,1.6835542917251587,0.47630774974823
2.4399249061326658,5.701785311116453,-0.6283140022463333,-0.6283140022463333,1.1593737162530617,1.1687569618225098,1.2390612363815308,1.4074169397354126,0.2565891146659851,-0.1502067893743515,-0.256490558385849,1.6856406927108765,-1.4221376180648804
2.4443053817271587,3.3878458975854677,0.8295091292730111,0.8295091292730111,-1.8229285830339823,1.1741846799850464,1.286704421043396,1.408540964126587,0.24478240311145782,-0.15133033692836761,-0.3086967170238495,1.6794110536575317,0.8142901659011841
2.448685857321652,7.306939290237545,0.35380103256734907,0.35380103256734907,1.364836511446093,1.1798210144042969,1.1956844329833984,1.4096132516860962,0.23359020054340363,-0.1526825726032257,-0.23123712837696075,1.6829780340194702,-2.8560070991516113
2.453066332916145,8.3711491505449,0.4772590831515677,0.4772590831515677,-0.6196884375512062,1.1850587129592896,1.2508349418640137,1.4106365442276,0.23078621923923492,-0.1536954939365387,-0.2607625722885132,1.6704673767089844,-0.23062539100646973
2.457446808510638,1.8479329685994959,-1.7862508713444312,-1.7862508713444312,0.2900538867866036,1.190537929534912,1.2104334831237793,1.4116474390029907,0.24606716632843018,-0.15483775734901428,-0.22872823476791382,1.6694570779800415,-1.5644587278366089
2.4618272841051314,7.829881295835669,-0.49055157455426024,-0.49055157455426024,-0.6928051364663929,1.1958402395248413,1.221778154373169,1.4127253293991089,0.21368028223514557,-0.1558396965265274,-0.28936290740966797,1.6626039743423462,-1.0092365741729736
2.4662077596996244,7.207195608588053,0.5776923136791122,0.5776923136791122,0.4728205361928898,1.2011922597885132,1.1785091161727905,1.4136613607406616,0.2253328561782837,-0.15710724890232086,-0.2834564745426178,1.6581830978393555,-2.480055332183838
2.4705882352941178,5.137025230833753,1.9218510668807482,1.9218510668807482,0.9559368127336163,1.2063547372817993,1.1914645433425903,1.414648413658142,0.2273074835538864,-0.1583489179611206,-0.28039389848709106,1.6473193168640137,-1.6222593784332275
2.4749687108886107,9.31086507891745,-1.0417260934500727,-1.0417260934500727,1.0792024801252034,1.2115739583969116,1.230240821838379,1.4156441688537598,0.2144414782524109,-0.1595771759748459,-0.2521861493587494,1.6402130126953125,0.2234630584716797
2.479349186483104,6.1338016293456015,0.13528753209926797,0.13528753209926797,-2.158585424386556,1.2169630527496338,1.2694305181503296,1.41658353805542,0.2292514145374298,-0.16068187355995178,-0.3141239881515503,1.641191840171814,2.2706735134124756
2.483729662077597,7.500190282572319,0.5908236070793921,0.5908236070793921,0.969919609977155,1.222523808479309,1.1583303213119507,1.4175877571105957,0.23341679573059082,-0.16205789148807526,-0.24713562428951263,1.651138424873352,-2.093299627304077
2.48811013767209,6.312730498535197,-0.5726878729746294,-0.5726878729746294,0.09177055523768748,1.2275978326797485,1.1943881511688232,1.4186102151870728,0.23570653796195984,-0.1631404608488083,-0.25820642709732056,1.6419687271118164,-0.24865221977233887
2.492490613266583,3.5373676331244623,-0.7983002561724921,-0.7983002561724921,-0.2544900145698448,1.2328298091888428,1.1902594566345215,1.419642686843872,0.2340027391910553,-0.1642715334892273,-0.277610719203949,1.640879511833191,-0.13603147864341736
2.4968710888610763,7.360936332950846,0.07272955444716686,0.07272955444716686,-0.766330522369241,1.2380436658859253,1.1733335256576538,1.4206677675247192,0.21517829596996307,-0.165487602353096,-0.2934916913509369,1.6402835845947266,-0.6818757057189941
2.5012515644555693,5.016994961622815,0.626482637726187,0.626482637726187,1.686431950364307,1.2431833744049072,1.1267547607421875,1.4216103553771973,0.22317098081111908,-0.1667732298374176,-0.2689884901046753,1.6372966766357422,-2.289228916168213
2.5056320400500622,7.083062910863562,-0.3245401602936635,-0.3245401602936635,-1.7004724502120685,1.2481191158294678,1.2002755403518677,1.4225879907608032,0.20731647312641144,-0.1679515242576599,-0.29994237422943115,1.6272687911987305,1.0123074054718018
2.510012515644556,4.008474957767026,0.287374782634122,0.287374782634122,0.7702320919145362,1.253376841545105,1.1094311475753784,1.423496127128601,0.21541638672351837,-0.16926541924476624,-0.2597607970237732,1.6317031383514404,-2.4479548931121826
2.5143929912390486,10.5018810108831,1.2480547746262207,1.2480547746262207,0.10175412152085983,1.2582366466522217,1.1405969858169556,1.424439787864685,0.19594180583953857,-0.17040330171585083,-0.27386176586151123,1.620979905128479,-0.9584619998931885
2.518773466833542,9.081811054021038,-0.4623185219032932,-0.4623185219032932,0.9487399839955433,1.263232946395874,1.1309597492218018,1.4252980947494507,0.22166228294372559,-0.17160294950008392,-0.24038615822792053,1.6167813539505005,-0.8657447099685669
2.523153942428035,8.676969763969309,-0.6127358994838639,-0.6127358994838639,-0.6039311760093716,1.2681870460510254,1.1636840105056763,1.4262690544128418,0.23620185256004333,-0.17265595495700836,-0.28159353137016296,1.6129889488220215,0.9290838241577148
2.527534418022528,5.244289737311339,1.1919999201573057,1.1919999201573057,1.1003940478858878,1.2732845544815063,1.1227939128875732,1.427303671836853,0.25135180354118347,-0.17388947308063507,-0.281850665807724,1.6170587539672852,-0.36150944232940674
2.5319148936170213,10.675666710778922,-2.6521784374321236,-2.6521784374321236,-1.3159211196768221,1.2782028913497925,1.1679801940917969,1.428404688835144,0.24038009345531464,-0.17512410879135132,-0.2791754901409149,1.6154751777648926,1.7741674184799194
2.536295369211514,7.700750859198882,1.6457561451525509,1.6457561451525509,0.16796566293808501,1.2833192348480225,1.0900782346725464,1.429457664489746,0.26998913288116455,-0.1763470321893692,-0.31819844245910645,1.6232469081878662,-0.9565316438674927
2.540675844806008,4.892755012344791,0.5395149622452837,0.5395149622452837,0.8715560302683981,1.2880942821502686,1.0870949029922485,1.4306403398513794,0.27707555890083313,-0.1777408868074417,-0.27504226565361023,1.6190568208694458,-0.7056664228439331
2.545056320400501,4.533772115326228,0.8191531451800221,0.8191531451800221,-1.511859331735579,1.292856216430664,1.121686577796936,1.431854009628296,0.26416096091270447,-0.17894570529460907,-0.2847389280796051,1.615965723991394,0.976826548576355
2.549436795994993,5.64664203811908,-0.2844768618061895,-0.2844768618061895,1.7130973024801353,1.2977697849273682,1.0429643392562866,1.4330111742019653,0.25410398840904236,-0.1801929920911789,-0.21666596829891205,1.6202447414398193,-2.0808043479919434
2.553817271589487,9.33447122204989,0.023560575233748937,0.023560575233748937,-0.5906561669163953,1.3023384809494019,1.1165138483047485,1.434124231338501,0.2436847686767578,-0.18114209175109863,-0.2750014662742615,1.611129879951477,1.267808437347412
2.55819774718398,6.576997494478247,2.7294626869994714,2.7294626869994714,-0.8335519797518456,1.3072293996810913,1.0747512578964233,1.4351916313171387,0.2629019021987915,-0.18234673142433167,-0.2570644021034241,1.6166834831237793,-0.005946636199951172
2.562578222778473,6.176971630963766,-0.5536665643544769,-0.5536665643544769,1.5933899045946098,1.3119373321533203,1.025305151939392,1.4363433122634888,0.2648942172527313,-0.18347279727458954,-0.15301308035850525,1.6166573762893677,-1.7363226413726807
2.566958698372966,5.610908580041411,-0.5389546712125233,-0.5389546712125233,-0.10761911981026821,1.3164286613464355,1.0922589302062988,1.437503695487976,0.2586187720298767,-0.18414306640625,-0.21571394801139832,1.6090514659881592,1.3683216571807861
2.571339173967459,8.055492322989368,0.37155162731635294,0.37155162731635294,-0.9813328384406974,1.3212132453918457,1.0788522958755493,1.4386365413665771,0.2524223327636719,-0.18508799374103546,-0.22831031680107117,1.6150453090667725,1.0949431657791138
2.575719649561952,6.3560734782369614,-0.5849873218911792,-0.5849873218911792,-1.2208057114415527,1.3259391784667969,1.0200178623199463,1.4397423267364502,0.2642032504081726,-0.18608810007572174,-0.18880179524421692,1.6198416948318481,-0.9460047483444214
2.580100125156445,8.275736089780946,0.9685407091701077,0.9685407091701077,0.7939891677584705,1.3304073810577393,0.9522050619125366,1.4408996105194092,0.26566433906555176,-0.18691514432430267,-0.17023387551307678,1.6156977415084839,-3.4468894004821777
2.5844806007509384,6.40691250079024,1.3281498666819598,1.3281498666819598,1.346415357642246,1.334578514099121,0.9776438474655151,1.442063331604004,0.2739719748497009,-0.1876608431339264,-0.1651364117860794,1.600598692893982,-1.9572733640670776
2.588861076345432,9.249169385330362,0.13493579898680944,0.13493579898680944,-0.2085737302660903,1.338861107826233,1.0324161052703857,1.4432634115219116,0.27062997221946716,-0.18838422000408173,-0.16566982865333557,1.5920249223709106,0.656795859336853
2.593241551939925,7.736766249617043,-1.736472831529275,-1.736472831529275,0.3505041924925628,1.343383550643921,1.0087084770202637,1.4444489479064941,0.28835541009902954,-0.1891099363565445,-0.15563826262950897,1.5949020385742188,0.14962315559387207
2.5976220275344177,4.80132053197574,0.6642269853773076,0.6642269853773076,0.1940475322752731,1.3478021621704102,1.0138962268829346,1.4457120895385742,0.2956094741821289,-0.1897917091846466,-0.21658460795879364,1.595557451248169,0.7690765261650085
2.602002503128911,5.837376273590989,2.507146389765481,2.507146389765481,-0.9917233503403832,1.3522435426712036,1.0159639120101929,1.4470069408416748,0.2837638854980469,-0.1907404512166977,-0.20285387337207794,1.5989264249801636,1.1064810752868652
2.606382978723404,5.209933179677811,0.9601071553809962,0.9601071553809962,-0.48680196162246503,1.356693983078003,0.9597550630569458,1.4482499361038208,0.2801930010318756,-0.1916290521621704,-0.1006757915019989,1.6037733554840088,-0.9282004833221436
2.610763454317897,6.891147753511116,-0.3924743928421697,-0.3924743928421697,1.0527651622488485,1.3608981370925903,0.9285596609115601,1.4494773149490356,0.271990031003952,-0.19207006692886353,-0.058421459048986435,1.5997073650360107,-1.9526796340942383
2.6151439299123904,7.235716896132546,-0.5913785545011729,-0.5913785545011729,-1.2337365019469102,1.3649656772613525,0.9683569073677063,1.4506688117980957,0.27224472165107727,-0.19232597947120667,-0.10062703490257263,1.5911537408828735,0.07073211669921875
2.619524405506884,9.090914499966791,-1.34615161197957,-1.34615161197957,1.4016288736705538,1.369207501411438,0.8984389901161194,1.4518613815307617,0.2777897119522095,-0.19276677072048187,-0.08186814188957214,1.591463565826416,-2.4581170082092285
2.6239048811013768,6.307328734268701,0.27143359305027304,0.27143359305027304,-0.6313945373556036,1.3731430768966675,0.9516027569770813,1.453078269958496,0.2922425866127014,-0.1931253969669342,-0.1621120572090149,1.5806958675384521,0.23989009857177734
2.6282853566958697,6.2326704632578265,-0.005203016130766791,-0.005203016130766791,-0.3125801937052352,1.3773115873336792,0.9119063019752502,1.454358458518982,0.29078617691993713,-0.1938355267047882,-0.13574661314487457,1.5817466974258423,-1.0777361392974854
2.6326658322903627,5.088257715317663,-0.7729489527980142,-0.7729489527980142,0.8335834942905284,1.3813061714172363,0.8875181078910828,1.455632209777832,0.2885865271091461,-0.1944301575422287,-0.1267702281475067,1.5770256519317627,-1.7605326175689697
2.637046307884856,7.370291474469187,2.5882915765000125,2.5882915765000125,-0.7485406500901134,1.385193943977356,0.9196502566337585,1.4568963050842285,0.27828270196914673,-0.19498546421527863,-0.17368607223033905,1.569313645362854,-0.14969730377197266
2.641426783479349,7.28568426388326,-2.0767999176368703,-2.0767999176368703,1.179995044093438,1.389222502708435,0.872738242149353,1.4581153392791748,0.28338858485221863,-0.1957462877035141,-0.07623998820781708,1.5686578750610352,-1.7074671983718872
2.645807259073842,4.392139636575221,-2.119045809793525,-2.119045809793525,-0.5585951587890751,1.3930455446243286,0.9180976152420044,1.459356665611267,0.287803053855896,-0.1960802525281906,-0.1713487207889557,1.5611783266067505,0.5743998289108276
2.650187734668336,5.685017244633179,-1.0710093878115905,-1.0710093878115905,0.48960261379721626,1.3970673084259033,0.8847683072090149,1.4606174230575562,0.27320942282676697,-0.1968308389186859,-0.21691882610321045,1.5636944770812988,-0.5764445066452026
2.6545682102628283,8.322072621365752,-0.29692776992855646,-0.29692776992855646,0.559813150682098,1.4009430408477783,0.8995380997657776,1.4618141651153564,0.26747530698776245,-0.197781041264534,-0.26249364018440247,1.5611693859100342,0.34689950942993164
2.6589486858573217,6.380180163749219,-0.11603096263008655,-0.11603096263008655,-0.6526577753218102,1.4048835039138794,0.913622260093689,1.462985873222351,0.2790527045726776,-0.19893088936805725,-0.28751319646835327,1.562688946723938,1.386846899986267
2.663329161451814,7.0135253759380545,1.4184063180861965,1.4184063180861965,-0.4325868285269675,1.4088855981826782,0.8726464509963989,1.4642082452774048,0.27725061774253845,-0.20019033551216125,-0.27184200286865234,1.5687639713287354,0.02984166145324707
2.667709637046308,4.648091715622492,0.44444757096062715,0.44444757096062715,-0.007581289181196757,1.4127081632614136,0.84110027551651,1.4654227495193481,0.27999117970466614,-0.2013811320066452,-0.21778713166713715,1.5688947439193726,-0.8972500562667847
2.672090112640801,2.9286774156799233,1.0361186770055093,1.0361186770055093,0.1597310132015778,1.4163925647735596,0.8334915041923523,1.4666492938995361,0.26724955439567566,-0.2023351490497589,-0.204586461186409,1.5649644136428833,-0.9563661217689514
2.676470588235294,4.680782644521489,0.24719363750423162,0.24719363750423162,-0.18146377397624291,1.420043706893921,0.8365524411201477,1.4678199291229248,0.24332080781459808,-0.2032313346862793,-0.17899316549301147,1.5607750415802002,-0.6657403111457825
2.6808510638297878,5.164146745651995,0.06462847447055853,0.06462847447055853,1.6977306032776678,1.423708200454712,0.8205588459968567,1.4688857793807983,0.23072433471679688,-0.20401540398597717,-0.16647501289844513,1.5578588247299194,-1.0699164867401123
2.6852315394242803,6.699258158462021,-1.7217101199138432,-1.7217101199138432,-0.9202363016145596,1.427302598953247,0.8936108946800232,1.4698964357376099,0.22233280539512634,-0.2047446370124817,-0.2141667753458023,1.5531721115112305,2.2626657485961914
2.689612015018773,6.494367102670603,0.25771152365069594,0.25771152365069594,-0.7424732482240491,1.431217074394226,0.8391439318656921,1.4708703756332397,0.22168868780136108,-0.20568278431892395,-0.2375723421573639,1.5630836486816406,0.3712972402572632
2.6939924906132666,3.639840272684649,1.50715750950747,1.50715750950747,-0.8404095834627335,1.4348928928375244,0.7933603525161743,1.4718414545059204,0.22074006497859955,-0.20672346651554108,-0.20836377143859863,1.5647101402282715,-1.167704463005066
2.69837296620776,3.2247300342678926,0.3105375318477378,0.3105375318477378,1.8125990971378583,1.4383682012557983,0.7473859190940857,1.4728083610534668,0.20109006762504578,-0.20763619244098663,-0.13980737328529358,1.559594988822937,-2.8752756118774414
2.7027534418022525,6.960573732797986,-0.3832419211788119,-0.3832419211788119,-0.9624817866915288,1.441642165184021,0.8288809657096863,1.4736891984939575,0.1792171746492386,-0.20824861526489258,-0.18367233872413635,1.5469999313354492,0.7027559280395508
2.707133917396746,8.06580040169441,0.5021669008435518,0.5021669008435518,0.577827109946923,1.4452730417251587,0.7718454003334045,1.474474310874939,0.18040043115615845,-0.2090531885623932,-0.16675670444965363,1.5500783920288086,-1.2741565704345703
2.711514392991239,5.143405467618307,1.3019042717793468,1.3019042717793468,-0.6732408313248439,1.448654055595398,0.7865853905677795,1.475264549255371,0.19032053649425507,-0.2097836583852768,-0.16896621882915497,1.544497013092041,-0.19612860679626465
2.715894868585732,6.626463747241837,1.162337033665761,1.162337033665761,0.7787364816487479,1.4520996809005737,0.7462097406387329,1.4760982990264893,0.17995977401733398,-0.2105238139629364,-0.11128571629524231,1.5436378717422485,-1.5811210870742798
2.720275344180225,6.748613958691445,-1.1847889872519894,-1.1847889872519894,-0.18304498340131353,1.4553683996200562,0.7728203535079956,1.4768866300582886,0.18083767592906952,-0.21101130545139313,-0.1000833660364151,1.5367118120193481,-0.08874022960662842
2.724655819774718,8.311988718418425,0.672924958331709,0.672924958331709,-0.29235357328172673,1.4587537050247192,0.7533038258552551,1.4776787757873535,0.18145053088665009,-0.21144971251487732,-0.12933745980262756,1.536323070526123,-0.5098790526390076
2.729036295369212,4.897208009302148,1.8390635789640635,1.8390635789640635,1.2331460321777201,1.4620535373687744,0.7260470390319824,1.4784736633300781,0.19201382994651794,-0.2120162695646286,-0.10114827007055283,1.5340895652770996,-1.1617765426635742
2.7334167709637045,5.69719328151522,0.4023916525589567,0.4023916525589567,0.1144865366803676,1.4652339220046997,0.7771143317222595,1.4793148040771484,0.18289856612682343,-0.21245934069156647,-0.08345355838537216,1.5290004014968872,1.2520673274993896
2.737797246558197,11.616641166192064,-0.5717136337268547,-0.5717136337268547,-1.0754399240334451,1.4686380624771118,0.7734814882278442,1.4801160097122192,0.17701849341392517,-0.21282491087913513,-0.07504581660032272,1.534485101699829,1.4337126016616821
2.742177722152691,5.072443879132505,3.5486602336154514,3.5486602336154514,0.39702469491724596,1.4720262289047241,0.7034448385238647,1.480891466140747,0.20746898651123047,-0.2131536453962326,-0.06033541262149811,1.540765404701233,-0.8045328855514526
2.746558197747184,8.680668966292398,0.12560581122913153,0.12560581122913153,-0.30030487936823597,1.4751076698303223,0.7142121195793152,1.4818003177642822,0.19797077775001526,-0.21341794729232788,0.031702347099781036,1.5372412204742432,-0.058376312255859375
2.750938673341677,3.1516665298285003,-0.06516690241995832,-0.06516690241995832,-0.1819762888763743,1.4782363176345825,0.6858450174331665,1.4826675653457642,0.21093496680259705,-0.21327908337116241,0.0441402867436409,1.5369855165481567,-0.73038250207901
2.75531914893617,4.946052058706078,1.0342808728911783,1.0342808728911783,-0.04857334199299824,1.4812406301498413,0.672067403793335,1.4835915565490723,0.18809662759304047,-0.21308572590351105,0.04755149036645889,1.5337860584259033,-1.1195107698440552
2.759699624530663,5.645990304862281,-1.7005320166855444,-1.7005320166855444,1.5200556100342373,1.4841846227645874,0.6617951393127441,1.4844155311584473,0.17705215513706207,-0.21287742257118225,0.07917426526546478,1.5288820266723633,-1.2576111555099487
2.7640801001251565,4.313206941627602,1.797488220312319,1.797488220312319,-1.4539880239370864,1.4870835542678833,0.7253513336181641,1.4851911067962646,0.17365007102489471,-0.21253059804439545,-0.014877110719680786,1.5233731269836426,1.7222613096237183
2.768460575719649,6.138745311553285,1.5878321542807408,1.5878321542807408,0.01105026701510545,1.4902609586715698,0.6490769982337952,1.4859517812728882,0.15510089695453644,-0.21259576082229614,0.08007630705833435,1.5309174060821533,-1.2058957815170288
2.7728410513141424,7.759890768329304,-0.10269642355854383,-0.10269642355854383,1.3657880807324327,1.4931042194366455,0.6397780776023865,1.486631155014038,0.15189552307128906,-0.21224498748779297,0.1261233389377594,1.525635004043579,-1.2343263626098633
2.777221526908636,4.758338340521643,-0.5926167869014043,-0.5926167869014043,-1.6045816867617142,1.4959067106246948,0.6926386952400208,1.4872965812683105,0.16214369237422943,-0.21169251203536987,0.08323893696069717,1.5202280282974243,1.4226930141448975
2.7816020025031287,9.028211764667317,1.768621620767422,1.768621620767422,1.6750302912727273,1.4989408254623413,0.6085207462310791,1.488006830215454,0.14600792527198792,-0.21132788062095642,0.1127915233373642,1.52646005153656,-1.8078351020812988
2.7859824780976217,6.251320677568937,-0.09224040524405758,-0.09224040524405758,-0.1820749992932651,1.5016064643859863,0.6741926074028015,1.488646388053894,0.16493025422096252,-0.21083380281925201,0.11552468687295914,1.518540859222412,1.4547114372253418
2.790362953692115,7.394974915554236,-0.42407377550643904,-0.42407377550643904,-1.0390081686421693,1.5045597553253174,0.6556724905967712,1.4893689155578613,0.16191688179969788,-0.21032774448394775,0.11814814060926437,1.5249131917953491,1.0450924634933472
2.794743429286608,8.6065353766576,0.6966555904895246,0.6966555904895246,0.7404283458280109,1.5074318647384644,0.5944012403488159,1.4900782108306885,0.1646333932876587,-0.20981019735336304,0.13610617816448212,1.5294911861419678,-1.0809952020645142
2.7991239048811014,7.075232840840171,0.0022354316798823964,0.0022354316798823964,-0.3283476228205267,1.5100356340408325,0.6161786317825317,1.4907994270324707,0.1789705753326416,-0.209213986992836,0.1348278820514679,1.5247559547424316,0.32389187812805176
2.8035043804755944,6.836050013635325,-1.6578218121802135,-1.6578218121802135,0.0839693382069502,1.5127347707748413,0.5894010663032532,1.4915833473205566,0.18127863109111786,-0.20862337946891785,0.14448195695877075,1.526174783706665,-0.38464659452438354
2.8078848560700878,7.642233533615945,-1.1910318274661433,-1.1910318274661433,0.09509900266406293,1.5153166055679321,0.5827060341835022,1.4923774003982544,0.18293507397174835,-0.20799048244953156,0.09361613541841507,1.5244898796081543,-0.2708469331264496
2.8122653316645807,5.169164902929213,-1.296439923171284,-1.296439923171284,0.8272918443290884,1.5178691148757935,0.575330913066864,1.4931787252426147,0.18987977504730225,-0.20758040249347687,0.05605703964829445,1.5233033895492554,-0.14034873247146606
2.8166458072590737,5.631604834812363,-0.4921193857701098,-0.4921193857701098,0.1093714669232337,1.5203893184661865,0.6067925095558167,1.4940104484558105,0.18241135776042938,-0.20733484625816345,-0.005962662398815155,1.522688627243042,1.467052936553955
2.821026282853567,5.24577567262813,-2.445359870497084,-2.445359870497084,-0.9346312439876251,1.5230473279953003,0.6032838225364685,1.4948095083236694,0.17610298097133636,-0.20736096799373627,-0.023528100922703743,1.5291149616241455,1.642085313796997
2.82540675844806,5.4931657512559955,1.3808113230110284,1.3808113230110284,-0.0007899517401538103,1.525689959526062,0.5504790544509888,1.4955809116363525,0.16511860489845276,-0.2074640393257141,-0.06764616817235947,1.5363080501556396,-0.2597208023071289
2.829787234042553,4.112389206505762,0.06073632032971171,0.06073632032971171,-0.8233516063698431,1.5281013250350952,0.5418245196342468,1.4963041543960571,0.1578855663537979,-0.20776036381721497,-0.027299027889966965,1.535170316696167,-0.30648404359817505
2.8341677096370463,7.398146993447831,-0.03235836344543733,-0.03235836344543733,1.5939741521913025,1.5304747819900513,0.4960402846336365,1.4969958066940308,0.14026117324829102,-0.2078799456357956,-0.0014808569103479385,1.533827781677246,-1.9790959358215332
2.8385481852315397,4.619672105340648,0.45509787103761523,0.45509787103761523,-0.32624143667025474,1.532647728919983,0.5605842471122742,1.4976102113723755,0.14783059060573578,-0.20788642764091492,-0.04897492378950119,1.525158405303955,1.1336860656738281
2.842928660826032,6.355348716805246,3.029046122716375,3.029046122716375,-0.20761809046255075,1.5351033210754395,0.5378099083900452,1.4982577562332153,0.13406477868556976,-0.20810095965862274,-0.026157338172197342,1.530124545097351,0.4486086964607239
2.8473091364205256,5.830216742040774,-0.9363642274048534,-0.9363642274048534,-0.1102601719334976,1.537459135055542,0.5179395079612732,1.4988449811935425,0.13201460242271423,-0.20821553468704224,0.06836351752281189,1.5320897102355957,-0.015293896198272705
2.8516896120150186,7.2449815509438595,-0.2742426184668869,-0.2742426184668869,-0.21753661683312753,1.5397279262542725,0.5035219788551331,1.4994232654571533,0.12676943838596344,-0.20791606605052948,0.04423866048455238,1.5320227146148682,-0.28178671002388
2.8560700876095115,8.393684671569725,-1.0104139336197573,-1.0104139336197573,0.44829455563434806,1.541933536529541,0.48177751898765564,1.4999785423278809,0.13052426278591156,-0.2077222764492035,0.042582664638757706,1.5307883024215698,-0.7731040716171265
2.860450563204005,6.331111180906461,0.08236609621201374,0.08236609621201374,-0.61853102127713,1.5440438985824585,0.49005961418151855,1.5005502700805664,0.14295940101146698,-0.2075357437133789,-1.6245990991592407e-05,1.5274016857147217,0.052287757396698
2.864831038798498,8.568952888284072,1.8821568085221791,1.8821568085221791,0.28115351996167454,1.546190619468689,0.4506521224975586,1.5011764764785767,0.13989600539207458,-0.20753581821918488,0.020452171564102173,1.5276306867599487,-1.2283935546875
2.8692115143929917,5.928417982689876,1.3885849672436268,1.3885849672436268,0.2325866647443533,1.54816472530365,0.4507230222225189,1.5017893314361572,0.15309704840183258,-0.20744623243808746,0.06720654666423798,1.522249698638916,-0.7357561588287354
2.873591989987484,6.434746626830898,-0.7998884243332934,-0.7998884243332934,0.24133428818204808,1.55013906955719,0.4526258111000061,1.50246000289917,0.14917579293251038,-0.20715183019638062,0.10096536576747894,1.519026756286621,-0.31761249899864197
2.877972465581977,8.507749167171816,-0.8583494920468646,-0.8583494920468646,0.5425709266018797,1.5521217584609985,0.45419418811798096,1.5031135082244873,0.14865241944789886,-0.20670954883098602,0.07055836170911789,1.517635464668274,0.11518299579620361
2.8823529411764706,2.3171534196863472,-0.01679836576759186,-0.01679836576759186,0.4916356165048537,1.554111361503601,0.466975599527359,1.5037646293640137,0.16240976750850677,-0.20640046894550323,0.029647044837474823,1.5181400775909424,1.1330152750015259
2.8867334167709635,4.8970793150019265,-0.9773643356374743,-0.9773643356374743,-1.3776921797679815,1.5561569929122925,0.486881285905838,1.5044760704040527,0.13561630249023438,-0.20627060532569885,0.01479916088283062,1.5231032371520996,2.0946919918060303
2.891113892365457,4.8440834302028435,0.560397763149014,0.560397763149014,-0.46468673834839225,1.5582897663116455,0.41356360912323,1.5050700902938843,0.12091110646724701,-0.20620578527450562,0.026490002870559692,1.5322790145874023,-0.6846709251403809
2.89549436795995,6.227426385802704,1.2550311831077643,1.2550311831077643,0.8018277207942967,1.5601013898849487,0.3838408589363098,1.5055997371673584,0.10856346786022186,-0.20608974993228912,0.05642572045326233,1.5292798280715942,-1.6483092308044434
2.899874843554443,6.582073113493896,0.6671621709517748,0.6671621709517748,-0.1653062620199571,1.5617828369140625,0.4124918580055237,1.5060752630233765,0.10742784291505814,-0.20584258437156677,0.06966070085763931,1.522059440612793,-0.10097658634185791
2.904255319148936,5.457305545656,-0.946374104996567,-0.946374104996567,0.039357265897014555,1.5635896921157837,0.3944632411003113,1.506545901298523,0.10690530389547348,-0.20553743839263916,0.09397141635417938,1.5216171741485596,-0.4792550504207611
2.908635794743429,5.411809949430435,1.5178581788642158,1.5178581788642158,0.7414693702181367,1.5653176307678223,0.38795432448387146,1.5070141553878784,0.09951922297477722,-0.20512579381465912,0.06518493592739105,1.5195177793502808,-0.441531240940094
2.913016270337922,6.978239723418403,3.078147653394563,3.078147653394563,-0.03304922850837756,1.5670170783996582,0.41506046056747437,1.5074501037597656,0.09356655180454254,-0.2048402577638626,0.08785794675350189,1.5175836086273193,0.9947797656059265
2.9173967459324155,7.501630384053657,-1.8088856781038765,-1.8088856781038765,-1.431164802402356,1.5688352584838867,0.4028308689594269,1.5078599452972412,0.09582648426294327,-0.2044554054737091,0.17871475219726562,1.5219411849975586,0.8786116242408752
2.9217772215269084,8.281830701228738,0.011661390607090871,0.011661390607090871,0.707711178545438,1.5705997943878174,0.32303735613822937,1.5082796812057495,0.09826717525720596,-0.20367254316806793,0.16768410801887512,1.5257899761199951,-2.0257973670959473
2.9261576971214014,5.3978589186487715,-0.6132239890720665,-0.6132239890720665,1.9262245226373143,1.5720148086547852,0.34419751167297363,1.5087101459503174,0.11031251400709152,-0.2029380053281784,0.1473572552204132,1.516916036605835,-0.6795905828475952
2.930538172715895,6.623513936396115,1.6459427331773384,1.6459427331773384,-2.1872083352657645,1.5735225677490234,0.4279748797416687,1.5091934204101562,0.10739783942699432,-0.2022925168275833,0.07319731265306473,1.5139391422271729,3.1163883209228516
2.934918648310388,6.723633895050795,1.7106785786521161,1.7106785786521161,0.9073278832750844,1.575397253036499,0.3136984705924988,1.5096638202667236,0.10059727728366852,-0.2019718736410141,0.18513748049736023,1.5275903940200806,-1.2832961082458496
2.939299123904881,8.043537141392354,1.035994692771055,1.035994692771055,-1.1727670226217537,1.5767713785171509,0.3468359112739563,1.5101045370101929,0.10312335193157196,-0.20116087794303894,0.20859786868095398,1.521968960762024,0.47199881076812744
2.943679599499374,5.007647217513889,1.1055821148919862,1.1055821148919862,1.3854613556912807,1.5782907009124756,0.2787494659423828,1.5105562210083008,0.10979125648736954,-0.200247123837471,0.27310070395469666,1.5240365266799927,-1.9208229780197144
2.948060075093867,7.321753533904968,-3.0456088980371425,-3.0456088980371425,0.07869575796557947,1.5795117616653442,0.3374086022377014,1.5110371112823486,0.10215650498867035,-0.19905081391334534,0.26492732763290405,1.5156223773956299,0.8004480600357056
2.9524405506883604,3.8201640815442115,0.2443169315921529,0.2443169315921529,0.0673636326239104,1.5809897184371948,0.3303266763687134,1.5114846229553223,0.10703809559345245,-0.19789031147956848,0.17368772625923157,1.519128680229187,0.906919538974762
2.9568210262828534,8.731057715554805,3.0761312074128333,3.0761312074128333,-1.1335355310543052,1.5824366807937622,0.32790878415107727,1.5119534730911255,0.08904799818992615,-0.19712947309017181,0.17885532975196838,1.5231014490127563,1.0144072771072388
2.9612015018773468,8.143683531849593,-1.8737923375360446,-1.8737923375360446,1.7306356178718019,1.5838730335235596,0.26092055439949036,1.5123435258865356,0.10031231492757797,-0.1963459998369217,0.3017909526824951,1.5275450944900513,-1.3041115999221802
2.96558197747184,7.142936863436612,1.835420975303534,1.835420975303534,0.45169285830570266,1.5850160121917725,0.3315712809562683,1.5127829313278198,0.11384908854961395,-0.1950240135192871,0.19653022289276123,1.5218324661254883,2.081488609313965
2.9699624530663327,3.551564206339427,2.011656098862502,2.011656098862502,-1.1285167805297023,1.5864684581756592,0.34275081753730774,1.5132817029953003,0.11807067692279816,-0.19416311383247375,0.2369394749403,1.5309504270553589,2.93092679977417
2.974342928660826,6.037982236915869,0.9499692325382454,0.9499692325382454,0.2163628335695013,1.5879698991775513,0.2837007939815521,1.5137989521026611,0.09522105008363724,-0.19312520325183868,0.32864248752593994,1.543789267539978,0.6584365367889404
2.978723404255319,4.935199986710193,0.07111114870502323,0.07111114870502323,0.2077463573957338,1.5892126560211182,0.2851797044277191,1.5142160654067993,0.09190044552087784,-0.19168558716773987,0.3500661253929138,1.5466735363006592,1.0414009094238281
2.983103879849812,3.6716237910438947,-0.5266682515192671,-0.5266682515192671,-1.1982445715516246,1.5904618501663208,0.2879056930541992,1.5146186351776123,0.0812838077545166,-0.1901521384716034,0.34607595205307007,1.551235318183899,1.4155935049057007
2.9874843554443054,7.48952378957864,0.8705097132838913,0.8705097132838913,0.7570027556027784,1.5917229652404785,0.22531190514564514,1.5149747133255005,0.06096872314810753,-0.1886361539363861,0.36568811535835266,1.5574363470077515,-0.999395489692688
2.9918648310387983,8.82236813485914,-0.522266220965275,-0.522266220965275,-0.08713664406975452,1.5927098989486694,0.2506448030471802,1.5152417421340942,0.06732980161905289,-0.1870342642068863,0.3690028786659241,1.5530585050582886,0.4450502395629883
2.9962453066332912,7.702336915931966,1.6397329728650383,1.6397329728650383,-0.8312881455578756,1.5938078165054321,0.23385396599769592,1.5155366659164429,0.08194085210561752,-0.18541786074638367,0.35629570484161377,1.555008053779602,0.20054785907268524
3.0006257822277846,8.090032880544195,-1.67840636154554,-1.67840636154554,1.623999058389883,1.594832181930542,0.18317969143390656,1.5158956050872803,0.08871082216501236,-0.18385711312294006,0.4284573495388031,1.5558865070343018,-1.5163449048995972
3.0050062578222776,8.814015298201177,1.518646916648797,1.518646916648797,-0.9586972969624884,1.5956345796585083,0.249391108751297,1.5162842273712158,0.09958028048276901,-0.18198026716709137,0.33201664686203003,1.5492441654205322,1.6513277292251587
3.009386733416771,6.591674820591007,-1.138006148491357,-1.138006148491357,0.5261836460272029,1.5967270135879517,0.19134928286075592,1.5167204141616821,0.11300695687532425,-0.18052586913108826,0.4043629467487335,1.5564777851104736,-0.3243288993835449
3.013767209011264,7.343860804895813,0.9000433026878911,0.9000433026878911,-2.9045530880343104,1.5975651741027832,0.20736689865589142,1.5172154903411865,0.11353497952222824,-0.17875456809997559,0.35576331615448,1.5550570487976074,0.6709532141685486
3.018147684605757,5.168090366685762,1.2311374170308524,1.2311374170308524,2.7235488601070323,1.5984735488891602,0.058492377400398254,1.5177128314971924,0.11641956865787506,-0.17719615995883942,0.466869592666626,1.557996153831482,-5.1677470207214355
3.0225281602002503,6.837500639683045,0.27267435629381476,0.27267435629381476,-0.3212026144430764,1.5987297296524048,0.18166255950927734,1.5182228088378906,0.10615875571966171,-0.1751510500907898,0.42328643798828125,1.5353589057922363,0.21325445175170898
3.0269086357947432,5.232534143363849,-0.33611940063963786,-0.33611940063963786,1.1588483746135345,1.5995254516601562,0.1572953462600708,1.5186878442764282,0.10742141306400299,-0.17329685389995575,0.4406295418739319,1.5362930297851562,-0.47163617610931396
3.0312891113892366,5.464682154056005,0.09165729571639625,0.09165729571639625,-0.4696256679247874,1.6002144813537598,0.20581695437431335,1.5191583633422852,0.10062024742364883,-0.17136669158935547,0.396971732378006,1.5342270135879517,1.8005372285842896
3.0356695869837296,7.757056916810859,-0.3249750800153869,-0.3249750800153869,-0.20966319599563157,1.6011160612106323,0.17635111510753632,1.5195990800857544,0.09230242669582367,-0.16962777078151703,0.413362979888916,1.5421142578125,0.8306093811988831
3.0400500625782225,7.821644470402729,-1.832817927277305,-1.832817927277305,0.495231975767896,1.6018885374069214,0.15636789798736572,1.5200034379959106,0.09983371943235397,-0.16781704127788544,0.40999549627304077,1.545752763748169,0.36117318272590637
3.044430538172716,5.5628688746792605,-2.503216626559962,-2.503216626559962,-1.137751722472692,1.6025735139846802,0.17005757987499237,1.520440697669983,0.10874749720096588,-0.16602106392383575,0.3420090675354004,1.547334909439087,1.2937736511230469
3.048811013767209,6.888509522615914,-1.040389959247035,-1.040389959247035,1.66614420520257,1.603318452835083,0.10866741091012955,1.5209170579910278,0.1008262112736702,-0.1645229011774063,0.302133172750473,1.5530022382736206,-1.008784294128418
3.053191489361702,8.146972212475688,-0.40103017911489447,-0.40103017911489447,-0.9831374845561086,1.6037944555282593,0.17962855100631714,1.5213587284088135,0.10438251495361328,-0.16319940984249115,0.22309379279613495,1.5485832691192627,2.2596628665924072
3.057571964956195,3.9220882843939617,0.4907001429470967,0.4907001429470967,0.1295573776246517,1.604581356048584,0.12253432720899582,1.5218160152435303,0.11331599950790405,-0.16222214698791504,0.2400931715965271,1.5584816932678223,0.24793410301208496
3.061952440550688,8.674074180742148,-0.35024242260379884,-0.35024242260379884,0.314073616913316,1.6051181554794312,0.12383716553449631,1.5223124027252197,0.09617259353399277,-0.16117042303085327,0.2506396770477295,1.5595678091049194,0.47783005237579346
3.066332916145181,8.711148865755867,-0.27132265494835883,-0.27132265494835883,-0.6618757291662966,1.6056606769561768,0.128094881772995,1.5227336883544922,0.1103251576423645,-0.16007250547409058,0.23123954236507416,1.561660885810852,1.0410834550857544
3.0707133917396745,3.5624587909386407,0.8491292353609009,0.8491292353609009,0.6636098640801077,1.6062217950820923,0.08571422100067139,1.523216962814331,0.1241869330406189,-0.1590595692396164,0.24264493584632874,1.5662213563919067,-0.33903801441192627
3.0750938673341675,6.59910027955756,-1.8585781809367858,-1.8585781809367858,-1.303319303088579,1.6065973043441772,0.11304763704538345,1.5237609148025513,0.10476144403219223,-0.15799666941165924,0.24806268513202667,1.564736247062683,0.9557263851165771
3.079474342928661,5.935136239022962,-0.04990240193190182,-0.04990240193190182,1.1143808111987596,1.6070924997329712,0.04269472509622574,1.5242198705673218,0.10469315946102142,-0.1569100320339203,0.2318473607301712,1.568922758102417,-1.6863691806793213
3.083854818523154,5.260299556731023,-0.7676425820597854,-0.7676425820597854,0.34161811911319195,1.6072795391082764,0.08873412013053894,1.5246784687042236,0.1005457192659378,-0.1558944284915924,0.19784659147262573,1.5615357160568237,0.4880836009979248
3.0882352941176467,7.649077853677619,1.7131018406398408,1.7131018406398408,-0.8646835185137021,1.6076682806015015,0.0987430289387703,1.5251189470291138,0.09228573739528656,-0.15502776205539703,0.16545265913009644,1.563673734664917,1.1313637495040894
3.09261576971214,7.415217760721294,0.030163268128063782,0.030163268128063782,1.5950755362300615,1.6081007719039917,0.048258453607559204,1.5255231857299805,0.0991862416267395,-0.15430299937725067,0.24073216319084167,1.5686296224594116,-0.6437324285507202
3.096996245306633,6.257723872877998,-0.08305790712236485,-0.08305790712236485,-2.4262088096303955,1.6083121299743652,0.11562301963567734,1.525957703590393,0.10511109232902527,-0.15324847400188446,0.1950317621231079,1.565809726715088,2.4776711463928223
3.1013767209011265,4.35232633813362,-0.09676887086317554,-0.09676887086317554,1.5879655608465366,1.6088186502456665,-0.007760435342788696,1.5264180898666382,0.10208039730787277,-0.1523941457271576,0.2634592056274414,1.5766631364822388,-2.3960633277893066
3.1057571964956194,8.728703631502373,-0.9302161128801281,-0.9302161128801281,-0.03965896032406553,1.6087846755981445,0.06295056641101837,1.5268652439117432,0.0867021456360817,-0.15124006569385529,0.21425962448120117,1.5661672353744507,0.7321155071258545
3.1101376720901124,5.684526008362969,0.24202367289726662,0.24202367289726662,-0.2918681264279039,1.6090604066848755,0.05083674192428589,1.527245044708252,0.10110366344451904,-0.1503015011548996,0.1882525384426117,1.5693742036819458,0.5922220349311829
3.1145181476846058,7.102853979471523,-0.3406226990690728,-0.3406226990690728,-0.6203957596085847,1.6092830896377563,0.030251821503043175,1.527687907218933,0.09548979997634888,-0.14947687089443207,0.2038438767194748,1.57196843624115,-0.029065966606140137
3.1188986232790987,6.171947295906612,1.264311322967465,1.264311322967465,0.6077436263175816,1.6094156503677368,-0.007667114958167076,1.5281062126159668,0.09931168705224991,-0.14858393371105194,0.21201413869857788,1.5718411207199097,-1.3149628639221191
3.123279098873592,6.092656444732881,0.35106746691655255,0.35106746691655255,0.26082947573245124,1.6093820333480835,0.01424301229417324,1.5285412073135376,0.09676361829042435,-0.1476552039384842,0.23118799924850464,1.566080927848816,-0.14918041229248047
3.127659574468085,5.590872056874786,-0.8120844249311325,-0.8120844249311325,-0.18453658705625783,1.6094443798065186,0.01974666863679886,1.5289651155471802,0.0939619392156601,-0.14664249122142792,0.2338232398033142,1.5654274225234985,0.32853537797927856
3.132040050062578,7.350305212556824,-1.055646560081437,-1.055646560081437,0.6520209118439994,1.6095309257507324,0.004584397189319134,1.529376745223999,0.08774632215499878,-0.1456182301044464,0.21549685299396515,1.5668665170669556,-0.07642602920532227
3.136420525657071,4.364587580819041,2.155006526529536,2.155006526529536,-1.4799913660182364,1.609550952911377,0.027457784861326218,1.5297610759735107,0.09330601990222931,-0.14467425644397736,0.16562755405902863,1.566531777381897,1.1718577146530151
3.1408010012515644,6.935655451069828,1.5972694297853969,1.5972694297853969,0.6664854506185519,1.6096712350845337,-0.04817166551947594,1.5301698446273804,0.07863707840442657,-0.1439487338066101,0.2717810273170471,1.5716650485992432,-1.8033722639083862
3.1451814768460573,4.130885845710727,-2.803345913931662,-2.803345913931662,0.2284856561090434,1.6094602346420288,-0.02408759854733944,1.5305143594741821,0.0809907615184784,-0.14275820553302765,0.29896286129951477,1.5637654066085815,-0.5245237350463867
3.1495619524405507,7.26440869631334,-0.6024975828490237,-0.6024975828490237,0.7409800541161246,1.6093547344207764,-0.017720604315400124,1.5308691263198853,0.06528225541114807,-0.14144860208034515,0.2104237675666809,1.5614677667617798,-0.09642276167869568
3.153942428035044,8.603693899047194,1.2427463008459494,1.2427463008459494,-0.48227461411074424,1.6092771291732788,0.009779101237654686,1.5311551094055176,0.0705070048570633,-0.14052684605121613,0.17118996381759644,1.5610454082489014,1.332811713218689
3.1583229036295366,3.0841528768523063,-1.0956621921280971,-1.0956621921280971,0.8727665993068451,1.6093199253082275,-0.022579876706004143,1.5314639806747437,0.08382276445627213,-0.13977694511413574,0.22156605124473572,1.5668838024139404,0.3191807270050049
3.16270337922403,7.641859726379654,1.635696764709575,1.635696764709575,-1.3364165290942294,1.6092209815979004,0.01579633168876171,1.53183114528656,0.06133268028497696,-0.13880638778209686,0.16408169269561768,1.5682820081710815,2.0365211963653564
3.167083854818523,6.421142440783765,1.1343708068914262,1.1343708068914262,-0.47861168027867806,1.6092901229858398,-0.05631105601787567,1.5320998430252075,0.06814488023519516,-0.13808763027191162,0.25087684392929077,1.5772029161453247,-0.6733453273773193
3.1714643304130163,5.703956556213901,-0.5320594916170933,-0.5320594916170933,0.9569102428146368,1.6090434789657593,-0.08613286167383194,1.5323983430862427,0.06761837750673294,-0.13698866963386536,0.29798105359077454,1.5742533206939697,-1.6702516078948975
3.1758448060075093,5.811570850208766,-0.4538156646453473,-0.4538156646453473,0.139786392740817,1.608666181564331,-0.04649774730205536,1.5326945781707764,0.06181449815630913,-0.13568337261676788,0.2544984221458435,1.5669368505477905,0.19638514518737793
3.1802252816020022,8.688027184655635,-1.884740359272914,-1.884740359272914,-0.6427582391321983,1.6084624528884888,-0.04592638090252876,1.5329653024673462,0.05719391629099846,-0.13456854224205017,0.23716336488723755,1.567797064781189,0.43812817335128784
3.184605757196496,4.708524190080752,0.9965443794915221,0.9965443794915221,1.566871249554009,1.608261227607727,-0.08571666479110718,1.533215880393982,0.07142073661088943,-0.1335296481847763,0.2008935511112213,1.569716215133667,-0.8958098292350769
3.1889862327909886,5.331406966893244,1.465058178715109,1.465058178715109,-1.6346576248063571,1.607885718345642,-0.015710152685642242,1.5335286855697632,0.05951080843806267,-0.13264964520931244,0.18423819541931152,1.5657920837402344,2.1934432983398438
3.193366708385481,5.7983868518208785,0.28540574811717195,0.28540574811717195,1.5816585123951241,1.6078169345855713,-0.09931322932243347,1.5337893962860107,0.05081813782453537,-0.13184259831905365,0.2747597098350525,1.5754003524780273,-1.092905044555664
3.197747183979975,5.690993723043527,1.0561694793142273,1.0561694793142273,-0.8576538254558619,1.6073819398880005,-0.029694288969039917,1.534011960029602,0.045642487704753876,-0.13063901662826538,0.2369050234556198,1.570612907409668,2.017806053161621
3.202127659574468,7.141405049576787,0.32282771167888163,0.32282771167888163,-0.14072672795222696,1.6072518825531006,-0.0764734148979187,1.5342118740081787,0.03979765996336937,-0.12960125505924225,0.29279473423957825,1.5794517993927002,0.2751959562301636
3.206508135168961,5.573910271940983,-1.4870864401390256,-1.4870864401390256,0.08239299909095099,1.606916904449463,-0.09047354012727737,1.534386157989502,0.044028691947460175,-0.1283186674118042,0.306331992149353,1.5806572437286377,-0.051974207162857056
3.210888610763454,6.454218387435553,1.1977526338417859,1.1977526338417859,-0.9543954161571832,1.6065205335617065,-0.09216510504484177,1.5345790386199951,0.03782767429947853,-0.12697678804397583,0.2604982256889343,1.5804295539855957,0.07533824443817139
3.215269086357947,4.747805801960564,0.7297497876708758,0.7297497876708758,0.8935002368575601,1.606116771697998,-0.1442311853170395,1.5347447395324707,0.037925250828266144,-0.12583568692207336,0.3233477771282196,1.5807595252990723,-1.8664706945419312
3.219649561952441,6.024434828804428,1.6709491951899897,1.6709491951899897,0.20959583783477237,1.605484962463379,-0.10623396188020706,1.5349109172821045,0.02552567422389984,-0.12441927194595337,0.3185657560825348,1.5725834369659424,-0.1186143159866333
3.224030037546933,5.9826164158156905,-1.5178481227457055,-1.5178481227457055,-0.023552718662036655,1.6050195693969727,-0.10206317156553268,1.5350227355957031,0.022331571206450462,-0.12302380055189133,0.3612419068813324,1.5720638036727905,0.2623564898967743
3.2284105131414265,6.107284206742375,-1.6929054449806902,-1.6929054449806902,-0.15328477150325495,1.6045725345611572,-0.10892761498689651,1.5351206064224243,0.0188811793923378,-0.12144138664007187,0.31760373711586,1.5732131004333496,0.18002250790596008
3.23279098873592,7.30679003429175,-0.5549648299698655,-0.5549648299698655,0.13367276109203605,1.6040953397750854,-0.12204568088054657,1.5352033376693726,0.0162834282964468,-0.12005013227462769,0.2726419270038605,1.574001669883728,-0.16116616129875183
3.237171464330413,7.949205750308074,-1.8854133516619314,-1.8854133516619314,-0.689025299189885,1.6035606861114502,-0.1225130632519722,1.535274624824524,0.02158413454890251,-0.11885583400726318,0.2525315284729004,1.5732957124710083,0.06198146939277649
3.241551939924906,5.22640344535782,0.6873481141889001,0.6873481141889001,1.2627065114615255,1.6030240058898926,-0.1628265082836151,1.5353691577911377,0.03124290332198143,-0.11774962395429611,0.2175932079553604,1.573567271232605,-1.3555716276168823
3.245932415519399,6.44204897142192,-1.8295403661935463,-1.8295403661935463,0.3603848170090766,1.6023107767105103,-0.10728107392787933,1.535506010055542,0.02246449515223503,-0.11679646372795105,0.2007909119129181,1.5676292181015015,1.1279059648513794
3.250312891113892,6.811807232860167,1.1657528327143682,1.1657528327143682,-1.521201155223179,1.601840853691101,-0.09589099138975143,1.5356043577194214,0.022004319354891777,-0.1159169003367424,0.1368381530046463,1.5725699663162231,1.810365915298462
3.254693366708385,6.840081980284139,1.9396958731037464,1.9396958731037464,2.4855026839074377,1.6014207601547241,-0.1747646927833557,1.535700798034668,0.023861344903707504,-0.11531748622655869,0.21530573070049286,1.5805002450942993,-1.255929946899414
3.2590738423028784,5.9115661242472735,0.3555103812083942,0.3555103812083942,-2.588587502390459,1.600655198097229,-0.062188200652599335,1.535805344581604,0.024813400581479073,-0.11437434703111649,0.19936643540859222,1.5749986171722412,3.650881290435791
3.2634543178973714,6.710732497033046,1.7098855275614229,1.7098855275614229,0.423474653391053,1.6003828048706055,-0.19121631979942322,1.5359140634536743,0.02005995810031891,-0.11350102722644806,0.2853434383869171,1.5909912586212158,-1.535323143005371
3.267834793491865,5.475266302539129,1.9012599332877043,1.9012599332877043,0.8356163604644788,1.5995452404022217,-0.1770704686641693,1.5360019207000732,0.020839214324951172,-0.11225108802318573,0.32291072607040405,1.5842658281326294,-0.7351216673851013
3.2722152690863577,5.956221536374181,0.33343865712266774,0.33343865712266774,-0.7938808185710646,1.5987695455551147,-0.14200495183467865,1.5360932350158691,0.013503417372703552,-0.11083658784627914,0.35403090715408325,1.5810456275939941,0.8954200148582458
3.2765957446808507,4.085419075116421,0.19975383428757731,0.19975383428757731,-0.126268129266598,1.5981475114822388,-0.18516135215759277,1.5361523628234863,0.010252794250845909,-0.10928576439619064,0.3869522213935852,1.5849679708480835,-0.7192479968070984
3.280976220275344,8.046527186328703,1.5109815144760355,1.5109815144760355,0.30232924345933776,1.5973364114761353,-0.1947406530380249,1.536197304725647,-0.005644936114549637,-0.10759072750806808,0.39647310972213745,1.5818172693252563,-0.9946411848068237
3.285356695869837,7.608930936306198,0.26694424880999496,0.26694424880999496,0.9549567890687535,1.5964833498001099,-0.18713700771331787,1.53617262840271,0.0043893903493881226,-0.10585398972034454,0.43176957964897156,1.5774602890014648,-0.43834418058395386
3.2897371714643304,6.412373974963783,0.49311941842937806,0.49311941842937806,-0.41937130160443914,1.5956635475158691,-0.14782564342021942,1.5361918210983276,0.011470162309706211,-0.10396263003349304,0.41167742013931274,1.5755401849746704,1.4217336177825928
3.294117647058824,5.440855647837246,0.2262008209975216,0.2262008209975216,-0.5455590565367859,1.5950160026550293,-0.1731000542640686,1.5362420082092285,0.010842306539416313,-0.102159284055233,0.43832504749298096,1.5817680358886719,0.5536907315254211
3.2984981226533163,6.302424442249272,0.7627992261303645,0.7627992261303645,-0.005625083350907685,1.5942577123641968,-0.2035742849111557,1.5362894535064697,0.0041637602262198925,-0.10023920983076096,0.4608628749847412,1.584193468093872,-0.5616440176963806
3.3028785982478097,7.3480899560190185,-0.06056117840325438,-0.06056117840325438,-0.5251109974360011,1.5933659076690674,-0.20886240899562836,1.536307692527771,0.0029189628548920155,-0.09822040796279907,0.4833033084869385,1.581733226776123,-0.6069997549057007
3.3072590738423027,9.370050163068377,0.6062325202256531,0.6062325202256531,1.463357735889293,1.5924509763717651,-0.2396763414144516,1.536320447921753,0.008874651044607162,-0.09610331058502197,0.49686962366104126,1.5790742635726929,-1.690535306930542
3.311639549436796,7.209263789760753,3.631517068516288,3.631517068516288,-1.4963712079675648,1.5914011001586914,-0.17684170603752136,1.5363593101501465,0.027122866362333298,-0.09392678737640381,0.4718388617038727,1.5716688632965088,1.1757237911224365
3.316020025031289,5.968655791747816,-1.9363001202269532,-1.9363001202269532,1.5830705804674552,1.5906264781951904,-0.25364986062049866,1.5364781618118286,0.03185047209262848,-0.09185990691184998,0.6215894222259521,1.5768190622329712,-1.8355331420898438
3.320400500625782,8.05013264837105,-2.3792588595241586,-2.3792588595241586,-0.8204592474871312,1.5895153284072876,-0.1823001205921173,1.536617636680603,0.02763928659260273,-0.08913704752922058,0.5188126564025879,1.5687785148620605,1.2878074645996094
3.324780976220276,6.356001606925551,-1.5724117844730787,-1.5724117844730787,-0.5491130244158894,1.588716745376587,-0.22709061205387115,1.5367387533187866,0.03779067099094391,-0.0868644043803215,0.4732907712459564,1.5744197368621826,-0.3788578510284424
3.3291614518147683,5.868153325564293,0.42696042243691745,0.42696042243691745,0.9055157972488043,1.5877219438552856,-0.2576671242713928,1.5369043350219727,0.037054602056741714,-0.0847911685705185,0.44340720772743225,1.5727601051330566,-1.4993616342544556
3.3335419274092613,5.013987066394311,-2.0815492091412526,-2.0815492091412526,1.1762759651225392,1.5865932703018188,-0.21827785670757294,1.5370666980743408,0.03268728405237198,-0.08284883201122284,0.42943188548088074,1.5661921501159668,0.2788325548171997
3.337922403003754,6.276977067209943,-1.1863720103866555,-1.1863720103866555,-2.211049499027195,1.585637092590332,-0.16526687145233154,1.5372098684310913,0.023228343576192856,-0.08096771687269211,0.33429306745529175,1.567413568496704,2.601565361022949
3.342302878598248,5.343072403831802,1.1574668482230874,1.1574668482230874,1.4439397581649605,1.5849131345748901,-0.27488571405410767,1.5373116731643677,0.020835140720009804,-0.07950335741043091,0.3642168939113617,1.5788096189498901,-1.8229494094848633
3.3466833541927405,8.059423579677777,0.5134714536070952,0.5134714536070952,-0.8975369762537952,1.5837090015411377,-0.20923426747322083,1.5374029874801636,0.012422237545251846,-0.07790791243314743,0.3558509647846222,1.5708242654800415,1.0289990901947021
3.351063829787234,4.881515359840097,0.1876325522008881,0.1876325522008881,0.5915499339041378,1.5827924013137817,-0.25703075528144836,1.5374573469161987,0.022830532863736153,-0.07634911686182022,0.3970568776130676,1.5753318071365356,-0.7876081466674805
3.355444305381727,6.743818725410382,-0.22102238230546187,-0.22102238230546187,0.5015251154762342,1.5816664695739746,-0.23168784379959106,1.5375573635101318,0.01206947024911642,-0.07460981607437134,0.385261207818985,1.571881651878357,0.37106454372406006
3.3598247809762203,7.889322947683684,1.114004650508536,1.114004650508536,-1.129975237185184,1.5806515216827393,-0.21164782345294952,1.5376102924346924,0.013827580027282238,-0.07292218506336212,0.36416053771972656,1.5735070705413818,1.3450117111206055
3.364205256570713,3.5292679692230493,-1.3690526172564588,-1.3690526172564588,0.8083008124117634,1.5797244310379028,-0.2701694667339325,1.5376708507537842,0.02319476753473282,-0.07132698595523834,0.4296918511390686,1.5793988704681396,-0.9327824115753174
3.368585732165206,9.758920536982252,2.42471329896606,2.42471329896606,-0.6158800239591733,1.5785409212112427,-0.23353435099124908,1.5377724170684814,0.003236716613173485,-0.06944473087787628,0.36610621213912964,1.575312852859497,0.6627320051193237
3.3729662077597,5.540954625636084,1.1259855189917405,1.1259855189917405,1.3093266096445746,1.5775179862976074,-0.26830777525901794,1.537786602973938,0.02516580931842327,-0.06784100830554962,0.45490118861198425,1.5782159566879272,-0.5976918935775757
3.3773466833541925,5.2139138750982905,0.2536637164776856,0.2536637164776856,-1.6876666994349498,1.5763427019119263,-0.20870530605316162,1.5378968715667725,0.018497686833143234,-0.06584832817316055,0.44954705238342285,1.5755977630615234,1.988707423210144
3.381727158948686,6.639157164191499,1.4447604139853265,1.4447604139853265,0.7133696658655748,1.5754284858703613,-0.2920798659324646,1.537977933883667,0.010133714415133,-0.06387909501791,0.5062400698661804,1.5843092203140259,-1.3883124589920044
3.386107634543179,8.039325007098357,0.4548158479514067,0.4548158479514067,-0.1162226740799185,1.5741490125656128,-0.2613986134529114,1.5380222797393799,0.010614187456667423,-0.06166152283549309,0.5275989770889282,1.5782277584075928,0.00716853141784668
3.390488110137672,4.581465175455383,0.2234184935894052,0.2234184935894052,-0.26355729910014003,1.5730040073394775,-0.27088868618011475,1.5380687713623047,0.021105876192450523,-0.0593503899872303,0.5442751049995422,1.5782591104507446,-0.25071024894714355
3.394868585732165,4.8053245546759955,-1.2420757343386273,-1.2420757343386273,-0.08242006144815742,1.571817398071289,-0.28564608097076416,1.538161277770996,0.008669723756611347,-0.056966207921504974,0.558496356010437,1.5771608352661133,-0.7899610996246338
3.399249061326658,7.458849022631854,0.2661933195830657,0.2661933195830657,1.240282649831265,1.570566177368164,-0.29175636172294617,1.5381993055343628,-0.002402693033218384,-0.05451972782611847,0.5246307253837585,1.5737004280090332,-0.9685608148574829
3.403629536921151,6.017074123378624,0.8205284008047209,0.8205284008047209,-1.2645978614493032,1.5692881345748901,-0.2356710433959961,1.5381888151168823,0.003937131725251675,-0.052221596240997314,0.49618422985076904,1.5694576501846313,1.4798537492752075
3.4080100125156445,6.462425926070299,-0.19526682077992286,-0.19526682077992286,-0.38121645830127887,1.5682557821273804,-0.2985580861568451,1.5382061004638672,0.0006555372383445501,-0.05004807189106941,0.5570765137672424,1.5759401321411133,-1.0520509481430054
3.412390488110137,6.727277635253074,0.6246876581386629,0.6246876581386629,0.9340077139248715,1.5669479370117188,-0.319341242313385,1.5382089614868164,0.0006306483992375433,-0.04760781303048134,0.5625068545341492,1.5713316202163696,-1.8279306888580322
3.4167709637046304,7.366830232686548,1.3213575665888049,1.3213575665888049,0.19415566048886912,1.5655490159988403,-0.2772006392478943,1.538211703300476,0.0020175068639218807,-0.04514376446604729,0.553473711013794,1.5633244514465332,0.015807390213012695
3.421151439299124,7.641168883713502,-1.068845529543963,-1.068845529543963,0.5902063623893586,1.564334750175476,-0.2704523205757141,1.5382205247879028,0.008104900829494,-0.0427192859351635,0.5863915681838989,1.5633937120437622,0.389026939868927
3.4255319148936167,5.369034147777163,-1.8660284548387187,-1.8660284548387187,0.04273802588407349,1.5631500482559204,-0.24472437798976898,1.538256049156189,0.01614588126540184,-0.040150612592697144,0.5379419922828674,1.5650978088378906,1.550981044769287
3.42991239048811,5.471082769687677,-2.4383863066077804,-2.4383863066077804,-0.9857793347621113,1.5620779991149902,-0.24432715773582458,1.5383267402648926,0.008645066991448402,-0.037794169038534164,0.4821999669075012,1.5718917846679688,1.6272146701812744
3.434292866082603,8.322301084560799,0.9230907952384207,0.9230907952384207,-0.3279234860368991,1.5610077381134033,-0.2930660843849182,1.5383646488189697,0.0018423697911202908,-0.03568190336227417,0.43977925181388855,1.5790197849273682,-0.34522056579589844
3.438673341677096,6.079636989758669,0.7358659674884633,0.7358659674884633,0.551570246100578,1.559723973274231,-0.311135470867157,1.5383727550506592,0.014358147978782654,-0.03375546261668205,0.4763128459453583,1.577507495880127,-1.0154364109039307
3.443053817271589,6.5594846200292425,-2.5237345017540505,-2.5237345017540505,-0.7716442974681347,1.5583610534667969,-0.2864210605621338,1.538435697555542,0.011552846059203148,-0.03166898712515831,0.48169487714767456,1.5730594396591187,0.07074940204620361
3.4474342928660824,5.003014668035254,1.5188016053768951,1.5188016053768951,1.3117683588800013,1.557106375694275,-0.32494211196899414,1.538486361503601,0.012310187332332134,-0.029558934271335602,0.43052828311920166,1.5733693838119507,-1.4759032726287842
3.451814768460576,4.756903431219902,-1.0831472015824988,-1.0831472015824988,-1.0485478751860575,1.5556830167770386,-0.26341181993484497,1.538540244102478,0.0022395551204681396,-0.027673015370965004,0.4365743100643158,1.5669041872024536,1.1275877952575684
3.4561952440550687,7.223932510228433,1.2565563515148928,1.2565563515148928,0.30237228528626886,1.5545291900634766,-0.3145354688167572,1.5385500192642212,-0.009406411089003086,-0.02576061151921749,0.4355638921260834,1.5718435049057007,-0.9650321006774902
3.4605757196495617,4.644242762914003,0.8759963354376012,0.8759963354376012,-0.1767728770214647,1.5531513690948486,-0.3015437722206116,1.5385087728500366,-0.004416106268763542,-0.0238526351749897,0.4634290933609009,1.5676162242889404,-0.3723927140235901
3.464956195244055,6.593021031393011,0.8055553120218933,0.8055553120218933,0.6229058317802423,1.5518304109573364,-0.3108406662940979,1.5384894609451294,-0.01652124896645546,-0.021822595968842506,0.4941732883453369,1.5659849643707275,-0.7288610935211182
3.469336670838548,7.183713193259459,0.9203098990907004,0.9203098990907004,-0.010473851597807773,1.5504688024520874,-0.28215354681015015,1.538417100906372,-0.015525968745350838,-0.019657881930470467,0.49950721859931946,1.562792181968689,0.5057193040847778
3.473717146433041,6.055384332314497,1.44628520079265,1.44628520079265,-0.23607084897866115,1.549232840538025,-0.28369006514549255,1.5383490324020386,-0.01071552187204361,-0.017469802871346474,0.5266890525817871,1.5650074481964111,0.4808689057826996
3.4780976220275344,6.725956724309611,1.4439165032398367,1.4439165032398367,0.06081937738236956,1.547990083694458,-0.29575884342193604,1.5383020639419556,-0.013471998274326324,-0.015162654221057892,0.575819194316864,1.5671138763427734,0.007571369409561157
3.4824780976220278,7.1428280391919055,-0.5516699102523425,-0.5516699102523425,-0.08922735176446042,1.5466945171356201,-0.2936193346977234,1.538243055343628,-0.011662811040878296,-0.012640291824936867,0.6162100434303284,1.5671470165252686,0.12494625151157379
3.4868585732165203,5.1466813355081396,-1.4203960128473783,-1.4203960128473783,0.3313014087179007,1.5454083681106567,-0.29855895042419434,1.5381919145584106,-0.007104899268597364,-0.009940998628735542,0.6027052402496338,1.5676943063735962,-0.05573709309101105
3.4912390488110137,7.309975318496104,0.11102023781458448,0.11102023781458448,-1.4861436273204582,1.5441005229949951,-0.28310447931289673,1.538160800933838,-0.015767602249979973,-0.007300863042473793,0.5515501499176025,1.5674501657485962,0.6020609140396118
3.4956195244055066,5.524294296791913,-0.3428963201199616,-0.3428963201199616,2.456460405156115,1.5428603887557983,-0.3545271158218384,1.538091778755188,-0.010352905839681625,-0.004884811118245125,0.5981923937797546,1.5700874328613281,-2.3576011657714844
