t,u1,u2,u3,tau,x_q,xdot_q,z_q,zdot_q,theta,theta_dot,beta,beta_dot
0.0,6.26438754817874,-1.4424374200693209,-1.4424374200693209,-0.6271373644197085,-2.0,0.0,2.0,0.0,1.137701323771366e-05,0.0,0.3490658503991208,0.0
0.0043804755944931,8.960737015872509,-1.9955036255458518,-1.9955036255458518,-1.4743523496626691,-2.0,-0.0004391044785734266,2.0,-0.0024765552952885628,1.137701292464044e-05,-0.023809345439076424,0.3490658402442932,-0.013381168246269226
0.0087609511889862,5.216395620839941,-0.3130461033712035,-0.3130461033712035,-0.3763582654609364,-2.000001907348633,-0.005177592393010855,1.9999891519546509,0.0011839435901492834,-9.291924652643502e-05,-0.03902861475944519,0.3490072190761566,-0.15764771401882172
0.0131414267834793,7.529381053278506,1.2850760200206395,1.2850760200206395,-0.5584066947987185,-2.0000245571136475,-0.004498595371842384,1.9999943971633911,-0.005217470228672028,-0.0002638831501826644,-0.037179697304964066,0.34831663966178894,-0.1371760368347168
0.0175219023779724,7.0683845675614885,0.08584318380240846,0.08584318380240846,-1.2940412659859621,-2.000044345855713,-0.003642551600933075,1.9999715089797974,0.004305779933929443,-0.00042674789438024163,0.01665584370493889,0.34771573543548584,-0.1108870729804039
0.0219023779724655,4.291999542497816,-0.36819577448878055,-0.36819577448878055,-0.43826396150805325,-2.0000603199005127,-0.008310431614518166,1.9999903440475464,-0.004449378699064255,-0.0003537873853929341,0.05695284530520439,0.3472299873828888,-0.2530456483364105
0.0262828535669586,5.584863657441601,-0.25921832031214764,-0.25921832031214764,0.9144364720657725,-2.0000967979431152,-0.008654219098389149,1.9999709129333496,-0.01985010877251625,-0.00010430681868456304,0.05899905785918236,0.34612151980400085,-0.26402968168258667
0.0306633291614518,5.702348500318133,-1.8100743261236465,-1.8100743261236465,-1.2213089864040052,-2.0001347064971924,0.001391715370118618,1.999884009361267,0.002137495204806328,0.0001541371166240424,0.02472461760044098,0.3449649512767792,0.04354497790336609
0.0350438047559449,7.701029593957051,0.9336113319391153,0.9336113319391153,-0.5450523564490993,-2.0001285076141357,-0.003570898436009884,1.9998934268951416,-0.016702232882380486,0.0002624427143018693,0.007530802860856056,0.3451556861400604,-0.10944736003875732
0.039424280350438,6.90643361972957,-0.841821317425737,-0.841821317425737,-1.7008318107189733,-2.0001442432403564,-0.0024886385072022676,1.9998202323913574,-0.005449223332107067,0.00029543120763264596,0.050712473690509796,0.34467625617980957,-0.07670435309410095
0.0438047559449311,1.8811224438858645,-0.7393772412892792,-0.7393772412892792,-0.27129338930276775,-2.000155210494995,-0.010044794529676437,1.9997963905334473,-0.0235363207757473,0.0005175760015845299,0.07579830288887024,0.3443402647972107,-0.3100208640098572
0.0481852315394242,8.80936862014331,1.0477916814337151,1.0477916814337151,-0.7215184151480163,-2.000199317932129,-0.010711388662457466,1.9996932744979858,-0.05598226934671402,0.000849608622957021,0.06212877109646797,0.3429822325706482,-0.33195361495018005
0.0525657071339173,6.5954671696443175,1.3653287295798593,1.3653287295798593,-0.4636023295713274,-2.000246286392212,-0.010088822804391384,1.9994480609893799,-0.038842491805553436,0.0011217622086405754,0.11379823833703995,0.34152811765670776,-0.31557396054267883
0.0569461827284105,3.4141583573246326,-0.7545639498331056,-0.7545639498331056,-0.3282081794304462,-2.0002903938293457,-0.009068998508155346,1.999277949333191,-0.03530187904834747,0.0016202526167035103,0.16720882058143616,0.3401457667350769,-0.2866305112838745
0.0613266583229036,6.925018983246712,-1.371821476090258,-1.371821476090258,-0.5192958782955863,-2.0003302097320557,-0.009130816906690598,1.9991233348846436,-0.05592779070138931,0.002352706855162978,0.15475788712501526,0.3388901948928833,-0.29072585701942444
0.0657071339173967,3.1003726117661756,-0.40932822256239026,-0.40932822256239026,-1.3307754114660226,-2.0003702640533447,-0.008237676694989204,1.9988783597946167,-0.050679612904787064,0.00303062004968524,0.12986144423484802,0.3376166820526123,-0.267201691865921
0.0700876095118898,7.846462362332292,0.2681625260233526,0.2681625260233526,-1.7509916573642816,-2.000406265258789,-0.015384090133011341,1.9986563920974731,-0.0936378762125969,0.0035994749050587416,0.15677061676979065,0.33644622564315796,-0.4946821928024292
0.0744680851063829,8.087821038313377,0.023813567815444803,0.023813567815444803,-0.21109338370320146,-2.000473737716675,-0.022237900644540787,1.998246192932129,-0.10482090711593628,0.004286204930394888,0.21573631465435028,0.33427926898002625,-0.7198240756988525
0.078848560700876,6.40305902139117,-1.1324866789808934,-1.1324866789808934,-0.8489432778747954,-2.0005712509155273,-0.01822333037853241,1.9977869987487793,-0.08372116833925247,0.0052312323823571205,0.22259634733200073,0.3311260938644409,-0.6062862873077393
0.0832290362953692,6.623069327824901,0.47679447900051825,0.47679447900051825,-0.274533261953112,-2.0006511211395264,-0.019656546413898468,1.997420310974121,-0.08936069905757904,0.0062063103541731834,0.2143159806728363,0.32847025990486145,-0.6640090346336365
0.0876095118898623,7.053410958095739,-1.2925018175087786,-1.2925018175087786,-0.7999865851041146,-2.000737190246582,-0.016998721286654472,1.9970288276672363,-0.08182208240032196,0.007145116105675697,0.2362571358680725,0.3255615830421448,-0.5927292704582214
0.0919899874843554,8.16495100547882,0.0896767089785297,0.0896767089785297,0.28496197729259687,-2.0008115768432617,-0.017565712332725525,1.9966703653335571,-0.0809750109910965,0.008180035278201103,0.22187413275241852,0.322965145111084,-0.6266661286354065
0.0963704630788485,7.0637231842739805,0.20001890857074178,0.20001890857074178,-0.6188607720779412,-2.0008885860443115,-0.010154405608773232,1.996315598487854,-0.049297988414764404,0.009151949547231197,0.21617119014263153,0.32022005319595337,-0.40326976776123047
0.1007509386733416,8.774766844320723,0.13233203623860346,0.13233203623860346,0.3009647514961902,-2.0009331703186035,-0.009481905028223991,1.996099591255188,-0.044734638184309006,0.010098882019519806,0.24008506536483765,0.3184535503387451,-0.397409051656723
0.1051314142678347,7.248264012800144,1.3978574667657675,1.3978574667657675,0.062316457045924256,-2.000974655151367,-0.0016325823962688446,1.9959036111831665,-0.007486499845981598,0.011150568723678589,0.2351604551076889,0.31671270728111267,-0.1581123173236847
0.1095118898623279,6.542400927485065,-0.23766588086154117,-0.23766588086154117,-1.050764226375775,-2.0009818077087402,0.003624371252954006,1.99587082862854,0.012155937030911446,0.012180683203041553,0.2741624712944031,0.31602010130882263,-0.0006962418556213379
0.113892365456821,5.4021349413559685,2.1067507325048895,2.1067507325048895,-0.759640296402768,-2.0009658336639404,0.0012358189560472965,1.9959241151809692,0.0038072988390922546,0.01338164508342743,0.2979075312614441,0.3160170614719391,-0.09848533570766449
0.1182728410513141,7.057527211421022,-0.21446753997429466,-0.21446753997429466,-1.1622720047304897,-2.000960350036621,1.054850872606039e-05,1.9959408044815063,-0.008437185548245907,0.014686621725559235,0.38161522150039673,0.3155856430530548,-0.15578404068946838
0.1226533166458072,5.450014863215572,-1.1315178355728104,-1.1315178355728104,-0.2380410839642137,-2.000960350036621,-0.0026165423914790154,1.9959038496017456,-0.014623485505580902,0.016358278691768646,0.40929412841796875,0.31490322947502136,-0.26738089323043823
0.1270337922403003,7.26649610028086,0.13779034097819626,0.13779034097819626,0.028093189042415534,-2.000971794128418,-0.0003033275716006756,1.9958398342132568,-0.016136357560753822,0.01815118081867695,0.3832017779350281,0.31373196840286255,-0.21053361892700195
0.1314142678347934,5.842138613245723,-0.3634848700168075,-0.3634848700168075,0.36081140552676827,-2.0009732246398926,0.005062594544142485,1.9957691431045532,0.003030184656381607,0.01982978731393814,0.3864052891731262,0.3128097355365753,-0.05972643196582794
0.1357947434292866,7.044775617291582,1.2536020923902695,1.2536020923902695,0.34022394543579504,-2.000951051712036,0.011588506400585175,1.9957823753356934,0.01673072949051857,0.02152242697775364,0.3652535378932953,0.31254810094833374,0.13492229580879211
0.1401752190237797,5.023662102253487,-1.9546173686308042,-1.9546173686308042,-0.047114557602949914,-2.0009002685546875,0.018932316452264786,1.995855689048767,0.040224406868219376,0.023122411221265793,0.3919270634651184,0.3131391108036041,0.3491615056991577
0.1445556946182728,5.750651595745167,-0.04938744710941351,-0.04938744710941351,-1.4907463454583798,-2.00081729888916,0.022417396306991577,1.9960318803787231,0.03889557346701622,0.024839237332344055,0.33622193336486816,0.31466859579086304,0.43916749954223633
0.1489361702127659,5.251404351085665,0.3129166332499666,0.3129166332499666,-0.9437645932716453,-2.0007190704345703,0.017250455915927887,1.9962022304534912,0.015136675909161568,0.026312049478292465,0.37831419706344604,0.31659236550331116,0.23077437281608582
0.153316645807259,7.92295805551274,0.225901957646924,0.225901957646924,-0.2262636067787256,-2.000643491744995,0.015206951647996902,1.9962685108184814,-0.0020049642771482468,0.027969244867563248,0.41501328349113464,0.3176032602787018,0.13096576929092407
0.1576971214017521,5.561553806944254,0.0483131778095065,0.0483131778095065,-1.1158971360505592,-2.000576972961426,0.019959282130002975,1.9962596893310547,0.017693478614091873,0.029787201434373856,0.42821794748306274,0.3181769549846649,0.23999780416488647
0.1620775969962453,6.453477177942904,0.07996149395776753,0.07996149395776753,-0.02128899367629422,-2.0004894733428955,0.017152713611721992,1.9963371753692627,-0.0002171974629163742,0.03166300058364868,0.4622165858745575,0.31922826170921326,0.10912851989269257
0.1664580725907384,6.191605395675639,0.5947431228615305,0.5947431228615305,-0.440171008039422,-2.0004143714904785,0.022262003272771835,1.9963362216949463,0.01107818353921175,0.03368772938847542,0.4651734232902527,0.3197062909603119,0.2333497554063797
0.1708385481852315,7.596835683319913,-0.8497218747439657,-0.8497218747439657,-1.3657565590912812,-2.000316858291626,0.024525050073862076,1.9963847398757935,0.011870735324919224,0.03572541102766991,0.4953961968421936,0.32072848081588745,0.2616064250469208
0.1752190237797246,7.566128654516156,0.2918814447381879,0.2918814447381879,-0.9827908538358672,-2.000209331512451,0.02199077419936657,1.9964367151260376,0.0062822382897138596,0.037895482033491135,0.5104660391807556,0.3218744397163391,0.11735332012176514
0.1795994993742177,3.2945419216333374,0.9376558087217959,0.9376558087217959,0.015171035041771086,-2.000113010406494,0.022026432678103447,1.9964642524719238,0.008009281009435654,0.04013156518340111,0.5476905107498169,0.32238849997520447,0.05554014444351196
0.1839799749687108,8.07908223696812,0.6400013599964993,0.6400013599964993,0.02981061402062446,-2.000016450881958,0.025012314319610596,1.9964993000030518,-0.006747950799763203,0.042530711740255356,0.5746299624443054,0.3226318061351776,0.12470225244760513
0.188360450563204,6.972586394657036,-0.6925082188740852,-0.6925082188740852,-0.6306747428484225,-1.9999068975448608,0.03242461755871773,1.9964697360992432,0.019326291978359222,0.04504786431789398,0.5924494862556458,0.3231780529022217,0.292804092168808
0.1927409261576971,2.8378401674953277,-1.8811963327850032,-1.8811963327850032,-0.7156449993702461,-1.9997649192810059,0.03463707119226456,1.9965543746948242,0.022976066917181015,0.04764307662844658,0.5906437635421753,0.3244606852531433,0.2956860661506653
0.1971214017521902,5.469276013782102,-0.8498182579010191,-0.8498182579010191,-1.6312839043041294,-1.9996131658554077,0.03256215900182724,1.996654987335205,-0.010084990411996841,0.05023037642240524,0.5566059947013855,0.32575592398643494,0.19740015268325806
0.2015018773466833,6.896407923720163,0.014391791747119576,0.014391791747119576,-0.04685909133183763,-1.9994704723358154,0.02690533548593521,1.9966107606887817,-0.038902878761291504,0.05266857519745827,0.5794272422790527,0.3266206383705139,-0.046613872051239014
0.2058823529411764,6.742364875520591,-2.2569851905112075,-2.2569851905112075,-0.06047886365909849,-1.9993525743484497,0.03326963260769844,1.9964402914047241,-0.02437814697623253,0.05520674213767052,0.5812159776687622,0.3264164328575134,0.08144913613796234
0.2102628285356695,0.9083372465313779,-4.1814528704045255,-4.1814528704045255,-0.9141713891950551,-1.999206781387329,0.03951028734445572,1.9963334798812866,-0.011423464864492416,0.05775274336338043,0.517071008682251,0.3267732262611389,0.20357629656791687
0.2146433041301627,9.063481866317428,-0.5797266701682136,-0.5797266701682136,-1.065893112130278,-1.9990336894989014,0.034328896552324295,1.9962834119796753,-0.0647309347987175,0.06001776084303856,0.4216560423374176,0.3276650011539459,0.023659035563468933
0.2190237797246558,5.4496378626207,-1.9334159993312827,-1.9334159993312827,0.6540220024426661,-1.9988833665847778,0.036431703716516495,1.995999813079834,-0.051935818046331406,0.06186481565237045,0.43585363030433655,0.3277686536312103,-0.025403104722499847
0.2234042553191489,3.5786060808915794,-1.709213788651975,-1.709213788651975,-1.981531238053202,-1.9987237453460693,0.0464431494474411,1.995772361755371,-0.03585277497768402,0.06377406418323517,0.3602922260761261,0.3276573717594147,0.22582340240478516
0.227784730913642,5.811247062076965,-0.6580298168503534,-0.6580298168503534,-1.3078723462816053,-1.9985202550888062,0.03692876547574997,1.9956153631210327,-0.08757436275482178,0.06535231322050095,0.3682447671890259,0.32864660024642944,-0.13175246119499207
0.2321652065081351,4.46143923493651,1.296752056967891,1.296752056967891,-1.2853881716760869,-1.9983584880828857,0.034295257180929184,1.9952317476272583,-0.10709641873836517,0.06696540117263794,0.3872222304344177,0.32806944847106934,-0.29842203855514526
0.2365456821026282,7.894208139318433,-0.28692701391294795,-0.28692701391294795,0.6315119016151401,-1.9982082843780518,0.030472762882709503,1.994762659072876,-0.13762032985687256,0.06866161525249481,0.46262890100479126,0.32676222920417786,-0.4872981607913971
0.2409261576971214,7.604307813675945,-2.5243130548908868,-2.5243130548908868,-0.8821333530517752,-1.9980747699737549,0.0432918444275856,1.9941598176956177,-0.1012885570526123,0.0706881508231163,0.43580758571624756,0.3246276378631592,-0.19151458144187927
0.2453066332916145,3.9202566972766624,-2.2933202388028318,-2.2933202388028318,-0.8086247799097986,-1.9978851079940796,0.045718807727098465,1.9937161207199097,-0.09722492098808289,0.0725971981883049,0.38785073161125183,0.32378870248794556,-0.22948351502418518
0.2496871088861076,5.861565335377509,-1.6528790887958573,-1.6528790887958573,-0.43626778968668684,-1.9976848363876343,0.0446925163269043,1.9932901859283447,-0.12293632328510284,0.07429616898298264,0.34449291229248047,0.3227834701538086,-0.325700581073761
0.2540675844806007,3.8023425494291443,1.3342212970223537,1.3342212970223537,-0.56371522821243,-1.997489094734192,0.048354052007198334,1.9927517175674438,-0.12484800815582275,0.07580520957708359,0.3089640140533447,0.32135674357414246,-0.3019803464412689
0.2584480600750938,7.120322782563433,-1.0615035284089651,-1.0615035284089651,-0.20562179527758423,-1.9972772598266602,0.048930153250694275,1.9922047853469849,-0.14672955870628357,0.077158622443676,0.3643897771835327,0.3200339376926422,-0.347381055355072
0.2628285356695869,8.79597004367303,0.14387291441164918,0.14387291441164918,-0.009878589455406983,-1.9970629215240479,0.05563318729400635,1.991562008857727,-0.13340239226818085,0.07875481992959976,0.33939531445503235,0.3185122311115265,-0.2480650544166565
0.2672090112640801,4.95023453593595,0.8656103224110641,0.8656103224110641,-0.689263158111397,-1.996819257736206,0.06555059552192688,1.9909776449203491,-0.10197676718235016,0.08024153113365173,0.3438853323459625,0.31742557883262634,-0.07232427597045898
0.2715894868585732,5.305115708504263,-0.2161140368267621,-0.2161140368267621,-0.4903573148699025,-1.9965320825576782,0.0667184516787529,1.9905309677124023,-0.1165929064154625,0.08174791187047958,0.38929256796836853,0.31710875034332275,-0.12155082821846008
0.2759699624530663,4.589044276959617,-1.725006534220094,-1.725006534220094,-1.5845441088246521,-1.9962397813796997,0.06964166462421417,1.9900202751159668,-0.12426598370075226,0.08345320075750351,0.3973013460636139,0.3165763020515442,-0.120435930788517
0.2803504380475594,8.359505355057319,-1.8760785086630571,-1.8760785086630571,-0.8609564062904093,-1.9959347248077393,0.0647038072347641,1.989475965499878,-0.15966059267520905,0.08519356697797775,0.3931993842124939,0.3160487413406372,-0.3709339201450348
0.2847309136420525,7.618609048759323,0.2865369507431119,0.2865369507431119,-1.3275267866889715,-1.9956512451171875,0.0689808651804924,1.9887765645980835,-0.14877140522003174,0.08691596984863281,0.36355459690093994,0.31442388892173767,-0.3881304860115051
0.2891113892365456,6.934152586545963,-0.7981238405059952,-0.7981238405059952,0.38803157974597124,-1.9953490495681763,0.0694865882396698,1.9881248474121094,-0.15340423583984375,0.08850850909948349,0.4106903672218323,0.31272369623184204,-0.5213512182235718
0.2934918648310388,5.124856605259765,0.1851669762335092,0.1851669762335092,0.15096571602687536,-1.9950447082519531,0.08032010495662689,1.9874528646469116,-0.1298808455467224,0.09030752629041672,0.3760508596897125,0.31043994426727295,-0.29649901390075684
0.2978723404255319,6.603243852805902,0.23037322576459718,0.23037322576459718,-0.8177571412297667,-1.9946929216384888,0.08744718134403229,1.9868838787078857,-0.1263711303472519,0.091954804956913,0.37704965472221375,0.3091411292552948,-0.1596592515707016
0.302252816020025,8.387254407913849,-0.3929104569313293,-0.3929104569313293,-1.3086399187410724,-1.994309902191162,0.09023720026016235,1.986330270767212,-0.12950818240642548,0.09360646456480026,0.4076583981513977,0.30844175815582275,-0.20266786217689514
0.3066332916145181,9.521572808781293,1.0771747975749784,1.0771747975749784,-0.22698761223526503,-1.9939146041870117,0.09217631071805954,1.9857629537582397,-0.12724024057388306,0.09539220482110977,0.4344005882740021,0.3075539767742157,-0.3157196044921875
0.3110137672090112,8.380528632625234,-3.811708048137571,-3.811708048137571,-0.9513025888288433,-1.9935108423233032,0.10245774686336517,1.9852055311203003,-0.09389077126979828,0.09729508310556412,0.4724862575531006,0.3061709702014923,-0.1711379587650299
0.3153942428035043,6.363304402944545,-0.005683073533451877,-0.005683073533451877,-0.7649871809258896,-1.9930620193481445,0.10686095058917999,1.98479425907135,-0.08459217101335526,0.09936479479074478,0.3889533579349518,0.30542129278182983,-0.20665474236011505
0.3197747183979975,4.9779296841592,3.3314178266422916,3.3314178266422916,-0.007919399826039064,-1.9925938844680786,0.11003673076629639,1.9844237565994263,-0.08872728049755096,0.10106859356164932,0.4111274480819702,0.3045160472393036,-0.24279358983039856
0.3241551939924906,8.199781939763682,-2.30340930431195,-2.30340930431195,-0.5884479297911425,-1.9921119213104248,0.1162775382399559,1.9840351343154907,-0.08959415555000305,0.10286952555179596,0.5086466670036316,0.3034524917602539,-0.1430138349533081
0.3285356695869837,6.941930761911626,0.15716324720195873,0.15716324720195873,-0.715811039880522,-1.9916025400161743,0.123031847178936,1.9836426973342896,-0.07462721318006516,0.10509763658046722,0.4585643410682678,0.30282601714134216,-0.10327483713626862
0.3329161451814768,8.661470211953741,-1.5776124362328514,-1.5776124362328514,-0.9610839923134646,-1.9910635948181152,0.1274990290403366,1.9833158254623413,-0.07287459820508957,0.10710636526346207,0.4840579628944397,0.30237361788749695,-0.1167219951748848
0.3372966207759699,7.05732997909433,-2.3879857435842773,-2.3879857435842773,-0.03711814875345443,-1.9905050992965698,0.1327698677778244,1.9829965829849243,-0.061398740857839584,0.1092267706990242,0.4660533666610718,0.30186232924461365,-0.14814472198486328
0.341677096370463,7.579412423075118,0.13368804281340974,0.13368804281340974,-0.37013789242532547,-1.9899234771728516,0.1417883187532425,1.9827276468276978,-0.04518473893404007,0.1112683042883873,0.3974005877971649,0.3012133836746216,-0.011983856558799744
0.3460575719649562,5.2369971386580385,0.23856841187561306,0.23856841187561306,-0.22289265529715735,-1.989302396774292,0.14952059090137482,1.9825297594070435,-0.03115684911608696,0.11300911009311676,0.41211390495300293,0.30116090178489685,0.0627434030175209
0.3504380475594493,7.365975941544216,-0.9877080615731386,-0.9877080615731386,-0.2606661283499144,-1.9886474609375,0.15512874722480774,1.9823932647705078,-0.03409552946686745,0.11481436342000961,0.42559003829956055,0.3014357388019562,0.12153416126966476
0.3548185231539424,7.628030910584669,0.6693205819800636,0.6693205819800636,-0.850383344967065,-1.9879679679870605,0.1634383350610733,1.9822438955307007,-0.019716840237379074,0.1166786476969719,0.4043581187725067,0.30196812748908997,0.21572138369083405
0.3591989987484355,7.7633409187212585,0.4704814610610627,0.4704814610610627,-1.0963716643875818,-1.9872519969940186,0.16856223344802856,1.9821574687957764,-0.014847815036773682,0.11844992637634277,0.4487382769584656,0.302913099527359,0.1874869018793106
0.3635794743429286,4.115952092652959,0.7976454751214556,0.7976454751214556,-0.35125871052069474,-1.986513614654541,0.17242726683616638,1.9820923805236816,-0.013724586926400661,0.12041561305522919,0.49449536204338074,0.3037343919277191,0.10872754454612732
0.3679599499374217,1.9333010053759256,-1.062361169738778,-1.062361169738778,-0.6243808497112063,-1.9857583045959473,0.17595672607421875,1.982032299041748,-0.028752058744430542,0.12258173525333405,0.5280470252037048,0.3042106628417969,0.11684458702802658
0.3723404255319149,8.135378335774735,-1.5240326725823221,-1.5240326725823221,-1.9379729239247931,-1.984987497329712,0.1747812181711197,1.9819062948226929,-0.06772658228874207,0.12489483505487442,0.5152565836906433,0.30472248792648315,0.021096117794513702
0.376720901126408,7.949962384261923,0.24014384933302457,0.24014384933302457,-1.242052581279776,-1.9842218160629272,0.1742251217365265,1.981609582901001,-0.08018103241920471,0.12715190649032593,0.5273449420928955,0.3048149049282074,-0.23232495784759521
0.3811013767209011,7.35403183574987,-2.8733349837257514,-2.8733349837257514,-0.894351938334232,-1.9834586381912231,0.17789359390735626,1.9812583923339844,-0.08040320873260498,0.12946192920207977,0.5706297755241394,0.3037972152233124,-0.3386388123035431
0.3854818523153942,5.66509602653852,-0.05389371757972805,-0.05389371757972805,-1.3970338885687592,-1.9826793670654297,0.18302254378795624,1.9809061288833618,-0.07878962904214859,0.13196155428886414,0.5128371715545654,0.30231380462646484,-0.3817102313041687
0.3898623279098873,5.666602642781426,-3.0347527772326526,-3.0347527772326526,-1.1760966224836396,-1.9818776845932007,0.1827080100774765,1.9805610179901123,-0.10150191932916641,0.13420802354812622,0.552061140537262,0.3006417453289032,-0.5682861804962158
0.3942428035043804,9.322753537862948,-2.8066273195232663,-2.8066273195232663,-0.5043152726247682,-1.9810773134231567,0.18394383788108826,1.980116367340088,-0.11984314769506454,0.13662631809711456,0.49778249859809875,0.2981523871421814,-0.7068654298782349
0.3986232790988736,6.907147946937819,-2.933112219543502,-2.933112219543502,-0.8717030768112601,-1.980271577835083,0.1949186623096466,1.9795913696289062,-0.0938403308391571,0.13880684971809387,0.43054768443107605,0.29505598545074463,-0.6246157288551331
0.4030037546933667,8.376963686779781,-3.1176384579944347,-3.1176384579944347,0.8531344349510185,-1.9794178009033203,0.20012810826301575,1.9791803359985352,-0.09562985599040985,0.14069285988807678,0.3703480064868927,0.2923198640346527,-0.6715125441551208
0.4073842302878598,5.574391578556318,0.11954985261143247,0.11954985261143247,-1.4556593021420579,-1.9785411357879639,0.2180200219154358,1.9787614345550537,-0.05057685077190399,0.14231516420841217,0.25438883900642395,0.2893783152103424,-0.31419897079467773
0.4117647058823529,6.725236436965955,-0.2535522283131498,-0.2535522283131498,-0.6463239786412323,-1.9775861501693726,0.2178220897912979,1.9785398244857788,-0.07530318945646286,0.14342950284481049,0.30038994550704956,0.28800198435783386,-0.5149158835411072
0.416145181476846,6.198801112237935,-1.9463888772444613,-1.9463888772444613,-0.6290428005539969,-1.976631999015808,0.22428657114505768,1.9782099723815918,-0.07413741946220398,0.1447453498840332,0.3118601143360138,0.28574639558792114,-0.5164576172828674
0.4205256570713391,7.542470207506009,-1.1661339607888679,-1.1661339607888679,-1.2987750079085503,-1.9756494760513306,0.23011444509029388,1.9778852462768555,-0.07709633558988571,0.14611144363880157,0.27338942885398865,0.2834840714931488,-0.5250334143638611
0.4249061326658322,7.685158282241878,1.1131121364500958,1.1131121364500958,0.16432470851208625,-1.9746414422988892,0.23415221273899078,1.977547526359558,-0.08204005658626556,0.14730902016162872,0.27726295590400696,0.2811841666698456,-0.6509994268417358
0.4292866082603254,6.920450399844773,-1.737164417041841,-1.737164417041841,-0.7155536587642841,-1.9736157655715942,0.24700838327407837,1.9771881103515625,-0.05653573200106621,0.14852356910705566,0.30497056245803833,0.2783324718475342,-0.4568191170692444
0.4336670838548185,5.238429368991332,-0.09367761526190432,-0.09367761526190432,1.674141539987568,-1.9725337028503418,0.2535874545574188,1.9769405126571655,-0.055098216980695724,0.1498594880104065,0.2751362919807434,0.2763313949108124,-0.46905386447906494
0.4380475594493116,8.180684509640185,-0.5955119060205968,-0.5955119060205968,0.010408861451528861,-1.9714229106903076,0.27122706174850464,1.9766991138458252,-0.020085249096155167,0.1510647088289261,0.22351036965847015,0.2742767035961151,0.002003580331802368
0.4424280350438047,4.99481834437006,-0.5109510995178761,-0.5109510995178761,-0.8562878894794146,-1.970234751701355,0.2838786244392395,1.9766111373901367,0.00661885179579258,0.15204378962516785,0.20581556856632233,0.2742854654788971,0.17327916622161865
0.4468085106382978,4.3953234284001415,-2.81892439031391,-2.81892439031391,0.15810013501565467,-1.9689912796020508,0.2867835760116577,1.9766401052474976,-0.011106656864285469,0.1529453545808792,0.2159004956483841,0.2750445008277893,0.09088731557130814
0.4511889862327909,2.1938248935210725,0.8045968084861044,0.8045968084861044,-1.3157022806929808,-1.9677350521087646,0.2945079207420349,1.9765914678573608,-0.013597553595900536,0.15389110147953033,0.1289619356393814,0.27544263005256653,0.21597900986671448
0.4555694618272841,4.887091923592336,1.491666866887548,1.491666866887548,-0.26905970156163356,-1.966444969177246,0.29050013422966003,1.9765318632125854,-0.0643114298582077,0.1544560194015503,0.1908813863992691,0.2763887345790863,-0.023865148425102234
0.4599499374217772,5.1493829199991366,0.6904132175079338,0.6904132175079338,-1.9095030162486757,-1.9651724100112915,0.29662391543388367,1.976250171661377,-0.07119396328926086,0.15529216825962067,0.24230018258094788,0.27628418803215027,0.018803056329488754
0.4643304130162703,4.591194133308374,0.5768913021502124,0.5768913021502124,-0.3081053106056709,-1.963873028755188,0.2938704490661621,1.975938320159912,-0.10871004313230515,0.15635356307029724,0.3182259798049927,0.27636656165122986,-0.2886640131473541
0.4687108886107634,6.063762486446404,-2.9368381234619862,-2.9368381234619862,-0.2336358661990774,-1.962585687637329,0.2994004189968109,1.9754620790481567,-0.11890242993831635,0.1577475368976593,0.3440706729888916,0.27510207891464233,-0.2605512738227844
0.4730913642052565,4.70091162500481,-1.804270111473129,-1.804270111473129,0.23889099491806698,-1.9612741470336914,0.30771929025650024,1.9749412536621094,-0.11510802060365677,0.15925472974777222,0.26512861251831055,0.27396073937416077,-0.18582114577293396
0.4774718397997496,4.018226124162342,2.638882407898104,2.638882407898104,-0.9613266286603861,-1.9599262475967407,0.3165680766105652,1.9744369983673096,-0.1134074255824089,0.1604161262512207,0.20546182990074158,0.27314674854278564,-0.03681795299053192
0.4818523153942428,9.056066071531422,-0.07532534394516355,-0.07532534394516355,-1.3745551870855586,-1.9585394859313965,0.31759628653526306,1.9739402532577515,-0.14155679941177368,0.1613161414861679,0.31059935688972473,0.27298545837402344,-0.1620633602142334
0.4862327909887359,5.800197939762853,2.394342098850447,2.394342098850447,0.10040279342693414,-1.9571483135223389,0.32442691922187805,1.9733201265335083,-0.13525375723838806,0.16267672181129456,0.3485409915447235,0.27227553725242615,-0.27263882756233215
0.490613266583229,8.109110325707451,-0.7250597828222917,-0.7250597828222917,-0.2114086512715989,-1.955727219581604,0.3343732953071594,1.972727656364441,-0.12701398134231567,0.1642034947872162,0.4155312776565552,0.27108123898506165,-0.13084879517555237
0.4949937421777221,5.891748738553108,-0.7410667617483878,-0.7410667617483878,-1.316691868047744,-1.9542624950408936,0.3463435173034668,1.9721713066101074,-0.10543690621852875,0.16602371633052826,0.40053102374076843,0.2705080509185791,-0.008814595639705658
0.4993742177722152,6.758809479764065,-1.6141562854580778,-1.6141562854580778,-1.9841754845660746,-1.9527453184127808,0.3486316204071045,1.9717094898223877,-0.12484989315271378,0.16777823865413666,0.41734111309051514,0.27046942710876465,-0.17221951484680176
0.5037546933667083,7.459247313488932,-2.0360535270136353,-2.0360535270136353,-1.0227549984644912,-1.9512181282043457,0.34871265292167664,1.9711625576019287,-0.15031346678733826,0.16960638761520386,0.4281468391418457,0.26971501111984253,-0.4623233675956726
0.5081351689612015,4.229579134896143,-0.2667129931489667,-0.2667129931489667,-1.1119438492959937,-1.949690580368042,0.35546228289604187,1.9705041646957397,-0.15058256685733795,0.1714818775653839,0.39855530858039856,0.2676898241043091,-0.5294926166534424
0.5125156445556946,5.010656641825932,0.5409479257847214,0.5409479257847214,-0.965931870999015,-1.9481334686279297,0.3564845323562622,1.9698445796966553,-0.18004795908927917,0.17322774231433868,0.42323872447013855,0.2653703987598419,-0.6828606128692627
0.5168961201501877,3.1709874882873446,-2.151268943394668,-2.151268943394668,-0.05202016201640414,-1.946571946144104,0.3597659766674042,1.9690558910369873,-0.19999176263809204,0.17508172988891602,0.46724438667297363,0.26237913966178894,-0.7883546948432922
0.5212765957446808,6.502001515510255,-0.7770395254182141,-0.7770395254182141,0.14270897707285424,-1.9449959993362427,0.3650531470775604,1.9681798219680786,-0.2171902358531952,0.17712847888469696,0.40593966841697693,0.25892576575279236,-0.7338658571243286
0.5256570713391739,9.116072715637284,-0.027290688071027525,-0.027290688071027525,-0.06852314675247484,-1.9433969259262085,0.37697774171829224,1.9672284126281738,-0.20221452414989471,0.17890669405460358,0.3790800869464874,0.25571107864379883,-0.5680234432220459
0.5300375469336671,6.346213422882271,0.2388756862649657,0.2388756862649657,-0.08541557407814715,-1.941745638847351,0.39214491844177246,1.966342568397522,-0.16929832100868225,0.18056724965572357,0.38028421998023987,0.25322285294532776,-0.3936513066291809
0.5344180225281602,5.483017829707523,0.6585437586527813,0.6585437586527813,-0.7498280517890781,-1.9400278329849243,0.4025205969810486,1.9656009674072266,-0.16019433736801147,0.1822330802679062,0.3897545635700226,0.2514984607696533,-0.2803943157196045
0.5387984981226532,6.837359280767622,0.16967074199265175,0.16967074199265175,0.008340252044540697,-1.9382646083831787,0.40800487995147705,1.9648991823196411,-0.17180341482162476,0.18394039571285248,0.4308834969997406,0.25027018785476685,-0.32904499769210815
0.5431789737171464,7.859733920381931,-1.1710680591991778,-1.1710680591991778,0.2040677897476194,-1.9364773035049438,0.4197961390018463,1.964146614074707,-0.1566518247127533,0.18582786619663239,0.4355948567390442,0.24882881343364716,-0.1852058470249176
0.5475594493116396,6.4396474721106145,-1.7052241082134825,-1.7052241082134825,-0.8599940832738702,-1.9346383810043335,0.43438658118247986,1.9634604454040527,-0.12888477742671967,0.18773597478866577,0.39543652534484863,0.24801751971244812,0.022330239415168762
0.5519399249061326,8.575969561135897,0.4248229325376769,0.4248229325376769,-0.7121070053294658,-1.932735562324524,0.4411480724811554,1.9628958702087402,-0.13463617861270905,0.1894681751728058,0.37075313925743103,0.24811533093452454,-0.03025311604142189
0.5563204005006257,8.421164666070773,-1.596173118406587,-1.596173118406587,-1.194565955886371,-1.9308031797409058,0.45246437191963196,1.9623061418533325,-0.1193142980337143,0.19109225273132324,0.4039551019668579,0.24798281490802765,-0.006369993090629578
0.5607008760951189,9.088476589613212,-1.858723357766242,-1.858723357766242,-1.3338273751400678,-1.9288212060928345,0.46113458275794983,1.961783528327942,-0.11505639553070068,0.19286176562309265,0.392226904630661,0.24795490503311157,-0.09025976806879044
0.565081351689612,3.046441714498992,0.4090621750393926,0.4090621750393926,-1.4975893779980924,-1.9268012046813965,0.4703730344772339,1.9612795114517212,-0.1079755499958992,0.19457989931106567,0.37689828872680664,0.24755951762199402,-0.19044551253318787
0.5694618272841051,7.0031428861025,2.862896511028973,2.862896511028973,0.4689804057536455,-1.9247407913208008,0.46816009283065796,1.9608064889907837,-0.15538311004638672,0.19623088836669922,0.43257856369018555,0.24672527611255646,-0.45171552896499634
0.5738423028785982,8.29800069472773,-3.651434627143121,-3.651434627143121,-1.0544467042587469,-1.9226900339126587,0.48313361406326294,1.9601258039474487,-0.12961958348751068,0.19812579452991486,0.5024884939193726,0.24474655091762543,-0.20445366203784943
0.5782227784730913,3.6637446483421754,0.22956913100602794,0.22956913100602794,-0.5967488329124608,-1.9205737113952637,0.4927210509777069,1.9595580101013184,-0.12365227937698364,0.20032693445682526,0.42664819955825806,0.2438509464263916,-0.2604406476020813
0.5826032540675845,6.704950034513935,-3.086623415188699,-3.086623415188699,-0.08184639999728094,-1.9184153079986572,0.49636977910995483,1.9590163230895996,-0.1476823091506958,0.20219585299491882,0.4507793188095093,0.24271009862422943,-0.313584566116333
0.5869837296620776,5.352673440657729,0.4394800067743826,0.4394800067743826,-0.8305300367186258,-1.916240930557251,0.5081839561462402,1.9583693742752075,-0.1355878859758377,0.20417048037052155,0.3630303144454956,0.24133644998073578,-0.19185155630111694
0.5913642052565706,3.7504330606182075,1.1282435412912093,1.1282435412912093,-0.9943487590508509,-1.9140148162841797,0.5138478875160217,1.9577754735946655,-0.15007361769676208,0.20576073229312897,0.4001186490058899,0.24049605429172516,-0.2605113089084625
0.5957446808510638,7.3338425030028915,0.7473328704886342,0.7473328704886342,-0.1511404081654416,-1.9117639064788818,0.5158312916755676,1.957118034362793,-0.18143801391124725,0.20751343667507172,0.46210506558418274,0.23935489356517792,-0.39800548553466797
0.600125156445557,6.180482099636451,-0.321390566303132,-0.321390566303132,-0.3021472530653343,-1.9095042943954468,0.5286839008331299,1.956323266029358,-0.16546781361103058,0.20953767001628876,0.48834332823753357,0.23761144280433655,-0.2781621813774109
0.60450563204005,5.882309129791576,-0.4597456070560668,-0.4597456070560668,-0.4024769849007004,-1.9071884155273438,0.5387012362480164,1.9555984735488892,-0.16230987012386322,0.21167685091495514,0.4877813756465912,0.23639295995235443,-0.21503442525863647
0.6088861076345431,1.8490969508392645,-3.779547785669254,-3.779547785669254,-1.0764404395423237,-1.904828667640686,0.5477391481399536,1.9548875093460083,-0.16371522843837738,0.21381355822086334,0.4861089587211609,0.23545101284980774,-0.17984747886657715
0.6132665832290363,6.351646950053082,0.2626427432833327,0.2626427432833327,0.3875686098996598,-1.9024293422698975,0.5459989309310913,1.9541703462600708,-0.21285836398601532,0.21594294905662537,0.4071696400642395,0.234663188457489,-0.37468022108078003
0.6176470588235294,1.9483884071305164,0.6969220292593471,0.6969220292593471,0.26529286963599785,-1.9000376462936401,0.5599453449249268,1.9532378911972046,-0.19434407353401184,0.21772654354572296,0.40352141857147217,0.23302191495895386,-0.15846499800682068
0.6220275344180225,8.059679239509514,-1.2931829900693002,-1.2931829900693002,-0.6598752462114196,-1.8975847959518433,0.5649324059486389,1.9523866176605225,-0.21549026668071747,0.21949416399002075,0.4161263704299927,0.23232775926589966,-0.060404516756534576
0.6264080100125156,3.404600634945756,0.9437898642761615,0.9437898642761615,0.04495769387008608,-1.8951101303100586,0.5771639347076416,1.9514427185058594,-0.20378178358078003,0.22131699323654175,0.39763176441192627,0.2320631593465805,-0.035655442625284195
0.6307884856070087,4.846358782153674,-0.5681338230340096,-0.5681338230340096,-0.6167648308843481,-1.892581820487976,0.5839207172393799,1.9505500793457031,-0.21710605919361115,0.2230588048696518,0.42388051748275757,0.2319069653749466,0.044964175671339035
0.6351689612015019,8.446627645856033,-3.007880617157278,-3.007880617157278,-0.6433769488321052,-1.890023946762085,0.5903347134590149,1.949599027633667,-0.23168005049228668,0.22491560876369476,0.4253006875514984,0.23210392892360687,0.012170437723398209
0.639549436795995,6.827543531679147,-1.1302590666994419,-1.1302590666994419,-1.056553794309873,-1.8874380588531494,0.6036797165870667,1.9485841989517212,-0.21643595397472382,0.22677862644195557,0.35624969005584717,0.23215724527835846,0.04856055974960327
0.643929912390488,7.224959134612119,1.7974080669497923,1.7974080669497923,-0.9232569493763685,-1.8847936391830444,0.6119805574417114,1.9476361274719238,-0.2232397049665451,0.22833916544914246,0.35409727692604065,0.23236995935440063,-0.03831038624048233
0.6483103879849812,8.134427597005057,0.5443146165168788,0.5443146165168788,-1.4301328226490164,-1.8821128606796265,0.6217693090438843,1.9466582536697388,-0.22400806844234467,0.22989028692245483,0.43354931473731995,0.23220214247703552,-0.0880146473646164
0.6526908635794744,3.594239777410529,-0.8339175852468488,-0.8339175852468488,-1.187230034793708,-1.8793891668319702,0.6310039162635803,1.9456770420074463,-0.22739830613136292,0.23178943991661072,0.4912094473838806,0.2318165898323059,-0.2286500185728073
0.6570713391739674,7.680147725169558,-2.342256035696006,-2.342256035696006,-0.9348719231858311,-1.8766250610351562,0.6324946880340576,1.94468092918396,-0.2641485035419464,0.23394116759300232,0.5015273094177246,0.23081499338150024,-0.4111559987068176
0.6614518147684605,3.1214383519018396,-2.119311646826008,-2.119311646826008,-0.40363743075058744,-1.873854398727417,0.6434770226478577,1.94352388381958,-0.26139795780181885,0.23613809049129486,0.4604272246360779,0.22901393473148346,-0.4539009630680084
0.6658322903629537,7.805207410548632,-2.217095218800795,-2.217095218800795,-0.00021439435402170748,-1.8710356950759888,0.647932231426239,1.9423788785934448,-0.28629183769226074,0.23815497756004333,0.4103240966796875,0.22702562808990479,-0.47640731930732727
0.6702127659574468,6.190485349022518,-0.31015106845969004,-0.31015106845969004,-0.26566007693518834,-1.8681974411010742,0.6637951135635376,1.9411247968673706,-0.26358962059020996,0.23995238542556763,0.3455841541290283,0.22493873536586761,-0.3139702081680298
0.6745932415519399,4.98689423291421,0.7001746595387437,0.7001746595387437,-0.43046665014858676,-1.8652896881103516,0.675156831741333,1.9399701356887817,-0.25986647605895996,0.2414662092924118,0.34428486227989197,0.22356340289115906,-0.24268940091133118
0.678973717146433,5.414453080902417,-1.509869431269085,-1.509869431269085,-1.6626101800206403,-1.8623322248458862,0.6833433508872986,1.9388318061828613,-0.269625186920166,0.24297434091567993,0.37730318307876587,0.22250030934810638,-0.23218978941440582
0.6833541927409261,4.40051237170114,-3.6307415161655117,-3.6307415161655117,-1.565876076052403,-1.8593388795852661,0.6867882013320923,1.9376506805419922,-0.30081838369369507,0.24462710320949554,0.3817636966705322,0.22148320078849792,-0.47986412048339844
0.6877346683354193,8.282992759109638,-1.0570036187283658,-1.0570036187283658,-1.058495793531819,-1.856330394744873,0.6887490153312683,1.9363329410552979,-0.3386100232601166,0.24629941582679749,0.32146307826042175,0.2193811684846878,-0.727681040763855
0.6921151439299124,4.750724343797481,1.0429597042775203,1.0429597042775203,-0.6861213533606555,-1.8533133268356323,0.7012184858322144,1.9348496198654175,-0.3335014879703522,0.2477075755596161,0.32150664925575256,0.21619358658790588,-0.7847328782081604
0.6964956195244054,5.842831947299169,-1.568884670814694,-1.568884670814694,-0.22879319669363035,-1.8502416610717773,0.7081984877586365,1.9333887100219727,-0.35054585337638855,0.2491159290075302,0.3720012903213501,0.21275608241558075,-0.834595799446106
0.7008760951188986,6.971871249347836,-1.1698044959138039,-1.1698044959138039,-1.1617825270706579,-1.8471393585205078,0.7195345759391785,1.931853175163269,-0.3491270840167999,0.2507454752922058,0.332866370677948,0.2091001570224762,-0.7626276016235352
0.7052565707133918,8.41599340856471,-1.2357332947293143,-1.2357332947293143,-0.22383822409772203,-1.8439874649047852,0.7291610240936279,1.930323839187622,-0.35722267627716064,0.2522035837173462,0.3326320946216583,0.20575948059558868,-0.8694260120391846
0.7096370463078848,6.852376218862468,-2.1097171281641782,-2.1097171281641782,-0.7068108954897541,-1.8407933712005615,0.7459357976913452,1.928758978843689,-0.33411094546318054,0.2536606788635254,0.30308154225349426,0.20195098221302032,-0.7429226636886597
0.7140175219023779,8.801322653013807,-0.7085527597903765,-0.7085527597903765,-0.24815724686155743,-1.8375258445739746,0.7574042677879333,1.927295446395874,-0.3339819014072418,0.25498831272125244,0.26211223006248474,0.19869662821292877,-0.7536581754684448
0.718397997496871,5.807393618642788,1.3551780107228586,1.3551780107228586,0.039016779913362276,-1.8342080116271973,0.7748662829399109,1.9258323907852173,-0.3081424832344055,0.2561364769935608,0.24866722524166107,0.19539524614810944,-0.6245052814483643
0.7227784730913642,6.4173569336526315,-2.09584516743229,-2.09584516743229,-0.28760451197872605,-1.8308137655258179,0.7872300744056702,1.9244825839996338,-0.30157947540283203,0.25722575187683105,0.2871032953262329,0.19265961647033691,-0.4953693747520447
0.7271589486858573,5.894480523622652,1.8472003476156749,1.8472003476156749,0.1919203506129562,-1.8273652791976929,0.7995052337646484,1.923161506652832,-0.2965635359287262,0.2584834098815918,0.23429693281650543,0.19048966467380524,-0.4243857264518738
0.7315394242803503,6.6918608447705035,-0.04886185903207474,-0.04886185903207474,-0.25620639439992116,-1.8238630294799805,0.8125932812690735,1.9218623638153076,-0.2861430048942566,0.25950974225997925,0.2826363444328308,0.18863065540790558,-0.2603554129600525
0.7359198998748435,5.105875848905232,-1.1627301332952396,-1.1627301332952396,-0.5327051980723976,-1.8203034400939941,0.8255556225776672,1.9206088781356812,-0.27819162607192993,0.2607478201389313,0.2886914610862732,0.18749018013477325,-0.17692284286022186
0.7403003754693367,5.401080517302068,-1.3543530594763888,-1.3543530594763888,-1.7780950638127715,-1.8166871070861816,0.8341623544692993,1.919390320777893,-0.2892163395881653,0.26201242208480835,0.270292729139328,0.18671517074108124,-0.18637493252754211
0.7446808510638298,3.4812403466031605,-3.8493129878346686,-3.8493129878346686,-0.41602922870841513,-1.813033103942871,0.8386178016662598,1.9181233644485474,-0.32325416803359985,0.2631964385509491,0.282667338848114,0.1858987659215927,-0.4596540927886963
0.7490613266583228,6.916245714706217,-1.3750304087689291,-1.3750304087689291,-0.30889115854204996,-1.8093595504760742,0.844416618347168,1.9167073965072632,-0.3455568552017212,0.26443466544151306,0.18240457773208618,0.18388526141643524,-0.4775705635547638
0.753441802252816,7.618007710357564,-1.1135282783576967,-1.1135282783576967,-0.9961881826565682,-1.805660605430603,0.857889711856842,1.9151936769485474,-0.336873859167099,0.26523369550704956,0.15126992762088776,0.18179327249526978,-0.4010031223297119
0.7578222778473092,3.9693818870944195,-0.8588838163105015,-0.8588838163105015,0.1471867690808637,-1.8019026517868042,0.8702453374862671,1.9137179851531982,-0.3363846242427826,0.2658963203430176,0.14784322679042816,0.18003669381141663,-0.4588831067085266
0.7622027534418022,7.287823223213705,-1.580192033416572,-1.580192033416572,-0.029360024820700104,-1.7980905771255493,0.8792411088943481,1.912244439125061,-0.34308159351348877,0.2665439546108246,0.11846277117729187,0.17802657186985016,-0.3446475863456726
0.7665832290362953,4.324286311229957,-2.0600553501035597,-2.0600553501035597,-1.3595586610998192,-1.7942390441894531,0.8945319056510925,1.9107415676116943,-0.3255745768547058,0.26706287264823914,0.07317356020212173,0.1765168458223343,-0.19988295435905457
0.7709637046307884,5.756387202889077,-0.8658853232744634,-0.8658853232744634,0.03546500664227448,-1.7903205156326294,0.898687481880188,1.9093153476715088,-0.36016935110092163,0.2673833966255188,0.05271683633327484,0.175641268491745,-0.4049115777015686
0.7753441802252816,4.386783550108592,0.3011266095324965,0.3011266095324965,0.2504910531951604,-1.786383867263794,0.9110122323036194,1.9077376127243042,-0.354181170463562,0.26761433482170105,0.026394549757242203,0.17386756837368011,-0.2778884172439575
0.7797246558197747,3.8243282077750873,-0.7024895357902765,-0.7024895357902765,-1.5117544754747807,-1.782393217086792,0.9211795926094055,1.9061861038208008,-0.35525697469711304,0.2677299678325653,0.027873268350958824,0.1726502776145935,-0.13266849517822266
0.7841051314142677,6.732996442080775,-1.3760040452339866,-1.3760040452339866,-0.20280001218297877,-1.778357982635498,0.9238229990005493,1.9046299457550049,-0.39718353748321533,0.2678520679473877,0.051506370306015015,0.17206913232803345,-0.3810849189758301
0.7884856070087609,5.3527813167402165,-2.8110096993867217,-2.8110096993867217,-1.6881599755605348,-1.7743111848831177,0.9373179078102112,1.9028900861740112,-0.3878974914550781,0.26807770133018494,0.017245091497898102,0.17039979994297028,-0.285512775182724
0.7928660826032541,7.407016481532452,-1.6795948701514227,-1.6795948701514227,-0.7693684375114038,-1.7702052593231201,0.9426372051239014,1.9011908769607544,-0.42065176367759705,0.26815325021743774,-0.015545681118965149,0.16914911568164825,-0.5405164957046509
0.7972465581977471,5.69611331003686,-0.5769348138527259,-0.5769348138527259,-0.5561796105749026,-1.7660760879516602,0.9556079506874084,1.899348258972168,-0.4173571765422821,0.26808515191078186,-0.042127177119255066,0.16678139567375183,-0.5538290143013
0.8016270337922402,7.0551014934752825,-2.664593798183201,-2.664593798183201,-1.3238919630614638,-1.7618900537490845,0.9657387137413025,1.8975200653076172,-0.42402899265289307,0.26790061593055725,-0.042733293026685715,0.16435536742210388,-0.5564041137695312
0.8060075093867334,6.184544897037161,0.17262556645348115,0.17262556645348115,-0.6961658468466665,-1.757659673690796,0.9760861992835999,1.8956626653671265,-0.4350779950618744,0.26771342754364014,-0.08188603818416595,0.1619180589914322,-0.697268009185791
0.8103879849812266,7.398704465422529,-2.2218288685566376,-2.2218288685566376,-0.6188754612736524,-1.753383994102478,0.9868252277374268,1.8937568664550781,-0.4405449628829956,0.26735472679138184,-0.05651457607746124,0.15886369347572327,-0.7201287150382996
0.8147684605757196,4.646446607028594,-0.4756487616188733,-0.4756487616188733,0.5692353706098581,-1.7490612268447876,1.0003414154052734,1.89182710647583,-0.43424636125564575,0.26710715889930725,-0.10332589596509933,0.1557091921567917,-0.7011452317237854
0.8191489361702127,4.37830714794174,-3.976291795328436,-3.976291795328436,-0.2782432306284045,-1.7446792125701904,1.0119799375534058,1.8899248838424683,-0.4265861511230469,0.2666545510292053,-0.13383983075618744,0.15263783931732178,-0.4816299080848694
0.8235294117647058,8.869158981424306,0.15643886015998865,0.15643886015998865,-0.0007985329955544351,-1.740246295928955,1.0201987028121948,1.8880562782287598,-0.43858447670936584,0.2660682797431946,-0.2418345808982849,0.15052807331085205,-0.4513808488845825
0.827909887359199,4.719311498238875,-0.24941090023657142,-0.24941090023657142,-0.9316926137210695,-1.7357773780822754,1.0384478569030762,1.8861351013183594,-0.40720227360725403,0.26500892639160156,-0.23724274337291718,0.14855080842971802,-0.26814132928848267
0.8322903629536921,7.335592963584258,0.3116447710086203,0.3116447710086203,-0.39756449869956967,-1.7312284708023071,1.0452231168746948,1.884351372718811,-0.42977166175842285,0.26396968960762024,-0.21731795370578766,0.14737622439861298,-0.3725024163722992
0.8366708385481851,5.446322020772323,-1.354052803144093,-1.354052803144093,-1.9094112649650081,-1.7266498804092407,1.0589464902877808,1.882468819618225,-0.4193856120109558,0.2630177438259125,-0.1966067999601364,0.14574448764324188,-0.306994765996933
0.8410513141426783,8.718922239157617,0.14098558889376933,0.14098558889376933,-1.9300127709392423,-1.7220112085342407,1.064210295677185,1.880631685256958,-0.4559820294380188,0.26215651631355286,-0.18038856983184814,0.1443997025489807,-0.60825514793396
0.8454317897371715,6.245865926875697,-1.2245352956609454,-1.2245352956609454,-1.6687491859403876,-1.7173494100570679,1.0761168003082275,1.8786342144012451,-0.46554455161094666,0.2613663375377655,-0.11990885436534882,0.1417352557182312,-0.8463281393051147
0.8498122653316645,3.5861838900608562,-2.396983196135851,-2.396983196135851,-0.26582305654739746,-1.7126355171203613,1.0840035676956177,1.8765949010849,-0.49050846695899963,0.2608410716056824,-0.10693640261888504,0.13802793622016907,-1.0789300203323364
0.8541927409261576,4.448035194448182,1.8904201509460257,1.8904201509460257,-0.2200777313433293,-1.707887053489685,1.0908634662628174,1.8744462728500366,-0.5089139342308044,0.2603726387023926,-0.16917303204536438,0.13330170512199402,-1.0624502897262573
0.8585732165206508,6.55941878192969,-0.43698101899669956,-0.43698101899669956,1.6878348026765337,-1.703108549118042,1.0995210409164429,1.8722169399261475,-0.519132673740387,0.25963157415390015,-0.10753980278968811,0.12864767014980316,-1.0182969570159912
0.8629536921151439,5.570633308110841,-0.5480603352267333,-0.5480603352267333,-1.5960296740440105,-1.6982921361923218,1.1173405647277832,1.8699429035186768,-0.4722124934196472,0.25916048884391785,-0.16959115862846375,0.12418704479932785,-0.5170690417289734
0.867334167709637,8.816159484613335,-0.24039186237359456,-0.24039186237359456,-1.6749044386026273,-1.6933976411819458,1.1242073774337769,1.8678743839263916,-0.5013707280158997,0.25841760635375977,-0.13898712396621704,0.12192203849554062,-0.7480916976928711
0.8717146433041301,5.540219595610443,-1.3199476083435875,-1.3199476083435875,-1.0649647411195966,-1.688473105430603,1.137323021888733,1.8656781911849976,-0.5049043893814087,0.25780877470970154,-0.09709480404853821,0.11864504218101501,-0.9292954802513123
0.8760951188986232,3.6834847565357918,-3.5208830552897212,-3.5208830552897212,0.1322990386007903,-1.6834911108016968,1.1457618474960327,1.863466501235962,-0.5233773589134216,0.25738346576690674,-0.1045411080121994,0.11457428336143494,-1.0459028482437134
0.8804755944931164,3.194006620355077,-2.4446628763901437,-2.4446628763901437,-1.1720838794799335,-1.6784721612930298,1.1536095142364502,1.8611738681793213,-0.5327093601226807,0.2569255232810974,-0.21122559905052185,0.10999272763729095,-0.9413225054740906
0.8848560700876095,6.949136636165192,0.013313244883906394,0.013313244883906394,-0.6652587706796178,-1.6734187602996826,1.1573982238769531,1.8588403463363647,-0.5731313228607178,0.25600025057792664,-0.24838894605636597,0.10586928576231003,-1.129594326019287
0.8892365456821025,3.97880255775417,0.5001213764387027,0.5001213764387027,1.2123379670667007,-1.668348789215088,1.1696345806121826,1.8563297986984253,-0.5715159177780151,0.25491219758987427,-0.22857248783111572,0.10092112421989441,-1.1307456493377686
0.8936170212765957,9.490335862143759,-0.14355317780638666,-0.14355317780638666,0.2360006528977423,-1.6632251739501953,1.1801838874816895,1.8538262844085693,-0.5559779405593872,0.25391092896461487,-0.2493714690208435,0.09596791863441467,-0.7861173152923584
0.8979974968710889,8.452986393192266,0.6996950398290193,0.6996950398290193,-0.705050362016205,-1.6580554246902466,1.1985794305801392,1.8513908386230469,-0.514276385307312,0.2528185546398163,-0.2604556381702423,0.09252434968948364,-0.5398474931716919
0.902377972465582,3.3221523391458576,0.7170360858388827,0.7170360858388827,0.3571835555176841,-1.6528050899505615,1.2129629850387573,1.8491380214691162,-0.5007761716842651,0.25167763233184814,-0.21943262219429016,0.09015955775976181,-0.5189442038536072
0.906758448060075,5.889586471783665,0.4637099066895767,0.4637099066895767,-0.28569106317244486,-1.647491693496704,1.2198432683944702,1.8469443321228027,-0.5084034204483032,0.2507164180278778,-0.20892378687858582,0.08788633346557617,-0.3732618987560272
0.9111389236545682,4.135174211575535,-1.8815672875339398,-1.8815672875339398,-0.1993557224348651,-1.6421482563018799,1.230127215385437,1.844717264175415,-0.5077469348907471,0.24980123341083527,-0.18703889846801758,0.08625126630067825,-0.3141944706439972
0.9155193992490612,7.648530935794475,-0.7213960595003068,-0.7213960595003068,-0.9200940925892923,-1.6367597579956055,1.2373193502426147,1.8424930572509766,-0.52005535364151,0.24898190796375275,-0.23616480827331543,0.0848749428987503,-0.27246516942977905
0.9198998748435544,5.764867705020908,0.29425619799805514,0.29425619799805514,-0.09519486705236907,-1.6313396692276,1.249552845954895,1.8402149677276611,-0.5177342891693115,0.24794739484786987,-0.2303621917963028,0.08368141949176788,-0.3148037791252136
0.9242803504380476,7.896250549316447,-3.8146139159140637,-3.8146139159140637,-1.5386948671265426,-1.6258660554885864,1.2597978115081787,1.8379470109939575,-0.5141481161117554,0.2469383031129837,-0.21898898482322693,0.08230242878198624,-0.21703630685806274
0.9286608260325406,9.816001406749226,0.22321892157474743,0.22321892157474743,-0.7230737899827946,-1.620347499847412,1.2713139057159424,1.8356947898864746,-0.522551417350769,0.24597902595996857,-0.28545302152633667,0.08135170489549637,-0.38838350772857666
0.9330413016270338,8.486348029505685,-0.2981750075126046,-0.2981750075126046,-1.346679568700058,-1.6147785186767578,1.287639856338501,1.8334057331085205,-0.4978533387184143,0.24472860991954803,-0.2578182816505432,0.0796504020690918,-0.3435177206993103
0.9374217772215268,5.10145907976867,1.8584225162499346,1.8584225162499346,0.5483134650646202,-1.609138011932373,1.3004790544509888,1.8312249183654785,-0.49727892875671387,0.24359923601150513,-0.22719863057136536,0.07814563065767288,-0.46113938093185425
0.94180225281602,5.280908576816941,-0.18545387605697872,-0.18545387605697872,-0.12183550482179256,-1.6034412384033203,1.3104363679885864,1.829046607017517,-0.48588818311691284,0.24260400235652924,-0.18893930315971375,0.0761256217956543,-0.2375369817018509
0.9461827284105132,5.141628114634404,-0.6525672897285448,-0.6525672897285448,0.054308105908102866,-1.5977009534835815,1.319504737854004,1.8269182443618774,-0.48688116669654846,0.24177636206150055,-0.19079716503620148,0.0750850960612297,-0.15552368760108948
0.9505632040050064,6.556625673986438,0.9763618961833975,0.9763618961833975,-0.15506913024736063,-1.5919208526611328,1.328555703163147,1.8247854709625244,-0.4853832721710205,0.24094058573246002,-0.21144017577171326,0.07440382987260818,-0.03819441795349121
0.9549436795994992,5.626896883923241,0.3747031394621,0.3747031394621,-0.5276843774495015,-1.5861011743545532,1.3396928310394287,1.8226592540740967,-0.4762934148311615,0.24001437425613403,-0.17839880287647247,0.07423651963472366,0.0628056451678276
0.9593241551939924,4.352666709570164,-0.12039479080370952,-0.12039479080370952,-0.6089277112947927,-1.5802327394485474,1.3486075401306152,1.820572853088379,-0.4827687740325928,0.2392328977584839,-0.15204623341560364,0.07451163977384567,0.06396784633398056
0.9637046307884856,4.551447464766591,-1.0727139805771424,-1.0727139805771424,0.13358212157234417,-1.5743252038955688,1.3551709651947021,1.818458080291748,-0.501669704914093,0.23856686055660248,-0.13777951896190643,0.07479184865951538,0.02137221023440361
0.9680851063829788,7.869854390481129,-0.6733151068588802,-0.6733151068588802,-1.3669223927822192,-1.5683889389038086,1.3632102012634277,1.816260576248169,-0.5034728050231934,0.23796331882476807,-0.17300719022750854,0.07488547265529633,0.14381319284439087
0.9724655819774718,7.477554076717746,0.3280338511693691,0.3280338511693691,-0.02389203208086582,-1.5624173879623413,1.3746014833450317,1.81405508518219,-0.5084241032600403,0.23720546066761017,-0.15275165438652039,0.07551544159650803,0.009197354316711426
0.9768460575719649,5.561716725437278,-1.0499605063696753,-1.0499605063696753,-1.4563992727456259,-1.5563960075378418,1.387374997138977,1.8118278980255127,-0.48879143595695496,0.23653633892536163,-0.14247430860996246,0.0755557268857956,0.1576606184244156
0.981226533166458,8.755269937509668,-2.616522384987454,-2.616522384987454,-1.157856184812567,-1.5503185987472534,1.394601821899414,1.8096867799758911,-0.5150575041770935,0.2359122335910797,-0.13060501217842102,0.07624635845422745,-0.04372493922710419
0.9856070087609512,4.238366838000489,-2.105128241982625,-2.105128241982625,-0.026683714225525734,-1.544209599494934,1.4077062606811523,1.807430624961853,-0.5081591606140137,0.23534011840820312,-0.17320269346237183,0.07605481892824173,-0.11473703384399414
0.9899874843554444,8.139297426052647,-1.4917444599074532,-1.4917444599074532,-0.5665592256338512,-1.5380431413650513,1.4148845672607422,1.8052046298980713,-0.5159042477607727,0.23458141088485718,-0.23389986157417297,0.07555221766233444,-0.03340078145265579
0.9943679599499372,6.724180868144707,-2.15957220332033,-2.15957220332033,-0.07578664241139155,-1.5318453311920166,1.427802324295044,1.8029447793960571,-0.5019125938415527,0.2335568219423294,-0.26091820001602173,0.07540590316057205,0.01110779121518135
0.9987484355444304,5.034016701602753,0.36872738157373086,0.36872738157373086,-0.25729517801017127,-1.5255908966064453,1.4390441179275513,1.800746202468872,-0.48966899514198303,0.2324138730764389,-0.3217713534832001,0.07545456290245056,0.13292215764522552
1.0031289111389237,7.388849300035882,-0.5024463628644933,-0.5024463628644933,-0.07712668036974202,-1.5192872285842896,1.4471161365509033,1.7986012697219849,-0.49545761942863464,0.23100435733795166,-0.3034895062446594,0.07603682577610016,0.18066619336605072
1.0075093867334166,3.3357358149283884,-1.9590331167314763,-1.9590331167314763,0.8039982722431418,-1.5129481554031372,1.459378957748413,1.7964309453964233,-0.4775937795639038,0.22967493534088135,-0.3159101903438568,0.07682822644710541,0.3159312307834625
1.0118898623279098,6.146057876973116,-0.7942907504278235,-0.7942907504278235,-0.7556789318070309,-1.506555438041687,1.4662671089172363,1.7943388223648071,-0.4756840765476227,0.2282910943031311,-0.3965994715690613,0.07821215689182281,0.5588343739509583
1.016270337922403,5.626073610810293,-0.1848396094828576,-0.1848396094828576,-0.053694609896562606,-1.500132441520691,1.475378155708313,1.7922550439834595,-0.48238223791122437,0.2265537977218628,-0.3977270722389221,0.08066011965274811,0.5215545296669006
1.020650813516896,9.379989183210524,-3.5056062162176893,-3.5056062162176893,-1.0999749198460913,-1.4936696290969849,1.48471200466156,1.7901419401168823,-0.47888681292533875,0.22481156885623932,-0.40155690908432007,0.08294477313756943,0.6257990002632141
1.0250312891113893,5.387245242304812,0.5344419306658058,0.5344419306658058,-0.4927206883963784,-1.487165927886963,1.4984376430511475,1.7880442142486572,-0.4653165340423584,0.22305256128311157,-0.4718089699745178,0.08568607270717621,0.5806951522827148
1.0294117647058822,7.094126069950351,1.33209326651553,1.33209326651553,-2.3756191056347817,-1.4806020259857178,1.5065478086471558,1.7860058546066284,-0.4729137420654297,0.22098581492900848,-0.44181257486343384,0.08822979032993317,0.5849960446357727
1.0337922403003754,7.964446187311494,-3.452616179328731,-3.452616179328731,-0.8143681423544319,-1.4740025997161865,1.5139241218566895,1.783934235572815,-0.5050787925720215,0.21905046701431274,-0.3335356116294861,0.09079235047101974,0.2164689600467682
1.0381727158948686,6.337887555934955,-0.5216193089092758,-0.5216193089092758,-0.8856484246217223,-1.467370867729187,1.525360345840454,1.7817217111587524,-0.4974530041217804,0.21758942306041718,-0.4105808138847351,0.09174058586359024,0.20440085232257843
1.0425531914893615,7.415280257275633,-1.8149442083749205,-1.8149442083749205,-0.7356678999329385,-1.4606890678405762,1.5339490175247192,1.7795426845550537,-0.5050693154335022,0.21579088270664215,-0.3999499976634979,0.09263595938682556,0.1433383971452713
1.0469336670838547,10.50194453007208,1.1243979830274022,1.1243979830274022,-0.7932659182970019,-1.4539695978164673,1.5444722175598145,1.7773302793502808,-0.5004197955131531,0.2140389084815979,-0.43146827816963196,0.09326384961605072,0.13708844780921936
1.051314142678348,5.788925500166771,-0.019210637859115254,-0.019210637859115254,-0.6763176506887402,-1.4472041130065918,1.5597338676452637,1.775138258934021,-0.4707610309123993,0.21214887499809265,-0.37546640634536743,0.09386435896158218,0.18219077587127686
1.055694618272841,3.2906455372338725,-1.556716187087948,-1.556716187087948,-0.5260621683769401,-1.4403717517852783,1.5676201581954956,1.773076057434082,-0.47863441705703735,0.21050415933132172,-0.35627681016921997,0.09466244280338287,0.1552737057209015
1.0600750938673342,7.596738938435181,-1.7482856032361513,-1.7482856032361513,-0.7244682449646842,-1.4335048198699951,1.571790337562561,1.770979404449463,-0.5045809745788574,0.20894350111484528,-0.38637518882751465,0.09534261375665665,0.10929685831069946
1.0644555694618272,3.8542938321922,-0.47057427079897896,-0.47057427079897896,0.7613834464534742,-1.4266196489334106,1.5822865962982178,1.7687691450119019,-0.4980703592300415,0.20725099742412567,-0.41627389192581177,0.09582138806581497,0.10940199345350266
1.0688360450563203,4.931552533875183,-0.6350812039609282,-0.6350812039609282,-0.6311263669818907,-1.4196884632110596,1.5898208618164062,1.7665873765945435,-0.49253103137016296,0.20542751252651215,-0.45225095748901367,0.0963006243109703,0.35417598485946655
1.0732165206508135,8.530279328833627,1.067951723626419,1.067951723626419,-1.375330278753216,-1.412724256515503,1.5962495803833008,1.7644298076629639,-0.5066894888877869,0.2034464329481125,-0.452366441488266,0.09785208106040955,0.3194362223148346
1.0775969962453065,7.004003367390772,0.9267098363229561,0.9267098363229561,-0.6029873916264172,-1.4057319164276123,1.606626033782959,1.7622102499008179,-0.5056635737419128,0.20146484673023224,-0.3810148537158966,0.09925136715173721,0.197931706905365
1.0819774718397996,7.833395038469612,-1.2491361877027092,-1.2491361877027092,-0.5633269082737931,-1.3986941576004028,1.6161093711853027,1.7599952220916748,-0.5015813112258911,0.19979582726955414,-0.33634284138679504,0.10011839866638184,0.2122863382101059
1.0863579474342928,5.311728319523348,-1.9176335132004876,-1.9176335132004876,-0.3244079800620154,-1.3916147947311401,1.6268638372421265,1.7577980756759644,-0.48960524797439575,0.19832248985767365,-0.3563706576824188,0.1010483130812645,0.25245577096939087
1.090738423028786,5.669624565332973,1.281673104843679,1.281673104843679,-0.8942485916067926,-1.3844883441925049,1.6342426538467407,1.7556533813476562,-0.49411410093307495,0.19676141440868378,-0.4028978943824768,0.1021541878581047,0.2922001779079437
1.0951188986232792,8.565785689171081,-0.6047521110715369,-0.6047521110715369,-0.46294804515145505,-1.3773295879364014,1.6409095525741577,1.7534888982772827,-0.5073668956756592,0.19499653577804565,-0.33935409784317017,0.10343416035175323,0.215876966714859
1.099499374217772,3.774261689097866,-0.35481491295466827,-0.35481491295466827,-0.5654276090265176,-1.370141625404358,1.6527442932128906,1.751266360282898,-0.4870186448097229,0.1935099959373474,-0.3434952199459076,0.104379802942276,0.29311344027519226
1.1038798498122653,5.4817684332440235,1.3011426522817642,1.3011426522817642,-0.6599380539155091,-1.3629018068313599,1.6571688652038574,1.7491329908370972,-0.5095688104629517,0.19200532138347626,-0.3373446762561798,0.10566377639770508,0.24881955981254578
1.1082603254067585,6.868525555783307,-1.628269312092475,-1.628269312092475,-0.12275628184591647,-1.3556426763534546,1.6638615131378174,1.7469007968902588,-0.5195238590240479,0.19052758812904358,-0.2800748944282532,0.10675372183322906,0.2194751799106598
1.1126408010012514,7.161310173700205,0.2467813581519307,0.2467813581519307,-0.8786944491038907,-1.3483542203903198,1.673727035522461,1.7446250915527344,-0.5065332055091858,0.18930073082447052,-0.32404065132141113,0.10771512985229492,0.3353594243526459
1.1170212765957446,6.566965465152247,-0.36040131661982044,-0.36040131661982044,0.1855851296822294,-1.3410224914550781,1.6823128461837769,1.7424062490463257,-0.5066854953765869,0.18788127601146698,-0.29117318987846375,0.1091841608285904,0.2934943437576294
1.1214017521902375,7.96231066019014,-0.33086790947989475,-0.33086790947989475,-0.11533736473968192,-1.333653211593628,1.692361831665039,1.7401866912841797,-0.489859938621521,0.1866057962179184,-0.3071177303791046,0.11046980321407318,0.4700121283531189
1.125782227784731,3.875414817770393,-0.8093734494674395,-0.8093734494674395,-0.0114952093790891,-1.326239824295044,1.703773856163025,1.7380409240722656,-0.46736371517181396,0.18526047468185425,-0.3134118914604187,0.11252868175506592,0.6102967858314514
1.130162703379224,6.312194017596062,0.11037806340666356,0.11037806340666356,-0.858077941287658,-1.3187764883041382,1.7095229625701904,1.7359936237335205,-0.47755351662635803,0.18388758599758148,-0.33671247959136963,0.11520206928253174,0.6882727146148682
1.134543178973717,5.181257848130188,-0.36739001169872787,-0.36739001169872787,-0.8515923270351651,-1.3112879991531372,1.7167987823486328,1.7339017391204834,-0.4844724237918854,0.18241262435913086,-0.3084304928779602,0.11821702867746353,0.6333849430084229
1.1389236545682102,5.126335392728061,-2.1440679820872877,-2.1440679820872877,-0.30443903438517805,-1.3037675619125366,1.7223519086837769,1.7317795753479004,-0.5008823871612549,0.1810615509748459,-0.2942902445793152,0.12099155783653259,0.5564460754394531
1.1433041301627034,6.297428810678139,-3.0786273580584105,-3.0786273580584105,-0.45452731084275605,-1.2962228059768677,1.7290966510772705,1.7295855283737183,-0.5064354538917542,0.17977242171764374,-0.3480132520198822,0.1234290599822998,0.5969893932342529
1.1476846057571963,3.9440129476344437,-1.54470327801989,-1.54470327801989,-0.6012346233853163,-1.2886484861373901,1.7371244430541992,1.7273670434951782,-0.5050923228263855,0.17824795842170715,-0.4246453046798706,0.1260441541671753,0.6293659806251526
1.1520650813516895,4.918347689727897,0.7035352241352759,0.7035352241352759,-1.0292513465703559,-1.2810389995574951,1.7413617372512817,1.7251545190811157,-0.5268498063087463,0.17638781666755676,-0.4521975815296173,0.12880107760429382,0.5810449123382568
1.156445556946183,4.59210381008444,-0.9103760342431225,-0.9103760342431225,-0.6449044698743387,-1.2734110355377197,1.7457576990127563,1.7228466272354126,-0.5491137504577637,0.1744069755077362,-0.40159472823143005,0.13134633004665375,0.46023112535476685
1.1608260325406758,5.68884431874112,0.62691298314184,0.62691298314184,-0.6497593309517213,-1.265763759613037,1.750593900680542,1.720441222190857,-0.5662063956260681,0.17264780402183533,-0.4093473255634308,0.13336236774921417,0.4159601926803589
1.165206508135169,5.403888208815744,-1.9501299951688984,-1.9501299951688984,0.32856096985811445,-1.258095383644104,1.7568849325180054,1.7179609537124634,-0.5740207433700562,0.17085467278957367,-0.3720644414424896,0.13518446683883667,0.3934668302536011
1.169586983729662,5.865084053880963,-1.2966936372771047,-1.2966936372771047,-0.9378852367660513,-1.2503993511199951,1.7654433250427246,1.7154464721679688,-0.5640727281570435,0.16922485828399658,-0.43860945105552673,0.13690803945064545,0.5771126747131348
1.1739674593241551,5.846751820977799,1.7028550568454506,1.7028550568454506,-1.6648605419164397,-1.2426658868789673,1.7710930109024048,1.7129756212234497,-0.5763074159622192,0.16730354726314545,-0.44908779859542847,0.13943606615066528,0.49586448073387146
1.1783479349186483,6.301607713382618,-1.9482788221850127,-1.9482788221850127,-0.8781715173181543,-1.234907627105713,1.7744841575622559,1.7104511260986328,-0.6036648750305176,0.16533632576465607,-0.35073983669281006,0.14160819351673126,0.25667861104011536
1.1827284105131413,5.891329695217276,-0.4845339138956192,-0.4845339138956192,-0.16094453731046754,-1.2271345853805542,1.7806137800216675,1.7078068256378174,-0.6108901500701904,0.16379991173744202,-0.38199037313461304,0.14273256063461304,0.19748806953430176
1.1871088861076344,7.458703217787001,-0.9097172770007718,-0.9097172770007718,-0.5726623088074698,-1.219334602355957,1.7882243394851685,1.7051308155059814,-0.6068284511566162,0.16212661564350128,-0.391440212726593,0.14359764754772186,0.28522536158561707
1.1914893617021276,5.5595092195892875,0.8082698880990149,0.8082698880990149,0.04236004882662603,-1.2115013599395752,1.796701192855835,1.7024725675582886,-0.5978434085845947,0.16041192412376404,-0.40128329396247864,0.1448470652103424,0.31635358929634094
1.1958698372966208,6.573943355680115,-0.673883351952431,-0.673883351952431,-0.958131696977345,-1.2036309242248535,1.8043861389160156,1.699853777885437,-0.5924143195152283,0.1586541086435318,-0.37891629338264465,0.14623284339904785,0.44126248359680176
1.200250312891114,7.2994148542129444,-2.8264564110344215,-2.8264564110344215,0.3248487442207397,-1.1957268714904785,1.8103902339935303,1.697258710861206,-0.5989140868186951,0.1569942682981491,-0.3706153333187103,0.1481657773256302,0.37043651938438416
1.204630788485607,6.96965026262226,-0.35023786026646553,-0.35023786026646553,-0.34931432426810677,-1.1877964735031128,1.8211979866027832,1.6946351528167725,-0.572774350643158,0.1553708016872406,-0.46264344453811646,0.14978846907615662,0.5928056240081787
1.2090112640801,7.485669146306311,-4.868349890781588,-4.868349890781588,-1.0446684251126275,-1.1798187494277954,1.8295186758041382,1.6921261548995972,-0.5633395910263062,0.15334419906139374,-0.4626704156398773,0.15238523483276367,0.6621876955032349
1.2133917396745932,7.737431242971448,-0.9781212550570874,-0.9781212550570874,0.11458140133549832,-1.1718045473098755,1.8362836837768555,1.6896584033966064,-0.5637924671173096,0.15131747722625732,-0.5743340253829956,0.15528592467308044,0.5915961861610413
1.2177722152690862,4.81127740086506,1.555210096054009,1.555210096054009,0.15525527817321805,-1.163760781288147,1.84695565700531,1.687188744544983,-0.5382240414619446,0.14880162477493286,-0.6062443852424622,0.15787740051746368,0.7775132060050964
1.2221526908635794,8.224541924711048,1.4255726801429711,1.4255726801429711,-0.7115288080186268,-1.1556702852249146,1.8539760112762451,1.6848310232162476,-0.5368679165840149,0.1461459845304489,-0.5653612613677979,0.16128328442573547,0.9113249778747559
1.2265331664580723,4.101369171736472,0.21574232544535932,0.21574232544535932,-0.6637135741058016,-1.147549033164978,1.8625562191009521,1.6824792623519897,-0.5241175889968872,0.14366942644119263,-0.5029511451721191,0.16527532041072845,0.9283045530319214
1.2309136420525657,4.920277253270427,-2.0992445142700804,-2.0992445142700804,-0.7546933637933182,-1.1393901109695435,1.8658987283706665,1.6801834106445312,-0.5456690192222595,0.14146625995635986,-0.477268248796463,0.16934174299240112,0.8698090314865112
1.2352941176470589,4.739384099128552,-1.5388052095642972,-1.5388052095642972,0.17794138061571518,-1.1312166452407837,1.869840383529663,1.6777931451797485,-0.5620596408843994,0.13937559723854065,-0.5165334343910217,0.1731519252061844,0.8086221814155579
1.2396745932415518,6.387292036854558,-1.7724793594646524,-1.7724793594646524,-0.9619994312585747,-1.123025894165039,1.8767646551132202,1.6753311157226562,-0.5608552098274231,0.13711293041706085,-0.5666678547859192,0.1766940802335739,0.9458023309707642
1.244055068836045,9.227354732737979,-1.4595626210780224,-1.4595626210780224,-0.6065363380754083,-1.114804744720459,1.8816701173782349,1.6728743314743042,-0.5689234137535095,0.13463065028190613,-0.5903364419937134,0.18083713948726654,0.8701586127281189
1.2484355444305382,5.9092220384520555,-1.0848542469823514,-1.0848542469823514,-0.8918797323419543,-1.1065621376037598,1.8912726640701294,1.6703821420669556,-0.5453707575798035,0.1320447027683258,-0.6152474880218506,0.18464884161949158,0.9305871725082397
1.2528160200250311,6.352481469884695,-2.8043677125063313,-2.8043677125063313,-0.6530709811723905,-1.0982774496078491,1.8955676555633545,1.667993187904358,-0.5560662746429443,0.12934961915016174,-0.6208829283714294,0.18872526288032532,0.8601231575012207
1.2571964956195243,5.168821038182569,1.1160858535173808,1.1160858535173808,-0.1147578291096309,-1.0899739265441895,1.9011565446853638,1.6655573844909668,-0.5580600500106812,0.12662985920906067,-0.683707594871521,0.1924930065870285,0.8505863547325134
1.2615769712140177,6.734560484489125,-1.1180278438849987,-1.1180278438849987,-0.6278770060256847,-1.0816459655761719,1.9073169231414795,1.663112759590149,-0.5591784119606018,0.12363489717245102,-0.6477630734443665,0.19621898233890533,0.9330869317054749
1.2659574468085106,7.326908819475831,-0.896370966955166,-0.896370966955166,0.1142927523916164,-1.0732910633087158,1.9132752418518066,1.6606632471084595,-0.5573782920837402,0.12079738825559616,-0.662077009677887,0.20030634105205536,0.936829149723053
1.2703379224030038,7.189119911183525,-1.5186748014944011,-1.5186748014944011,-0.30495120521306224,-1.0649100542068481,1.9228942394256592,1.65822172164917,-0.5353581309318542,0.11789717525243759,-0.6915916204452515,0.2044101059436798,1.1136564016342163
1.2747183979974968,6.542761075997039,1.126252316019079,1.126252316019079,-0.658674876501436,-1.0564868450164795,1.9306530952453613,1.655876636505127,-0.5231019854545593,0.1148676723241806,-0.72703617811203,0.20928844809532166,1.1966657638549805
1.27909887359199,3.1649383270404976,-2.3996050208820625,-2.3996050208820625,-1.5335773098272383,-1.0480296611785889,1.9360917806625366,1.6535851955413818,-0.5236029028892517,0.11168290674686432,-0.6749106645584106,0.21453040838241577,1.1895020008087158
1.283479349186483,7.143554685184705,-1.16951127321164,-1.16951127321164,-0.09085237334401958,-1.039548635482788,1.9335650205612183,1.6512916088104248,-0.5708078145980835,0.10872647911310196,-0.7002013921737671,0.21974098682403564,0.9226393103599548
1.287859824780976,3.3868837514166428,-0.37688916433421354,-0.37688916433421354,-1.156340522682744,-1.0310786962509155,1.9417572021484375,1.6487911939620972,-0.554573655128479,0.10565926134586334,-0.731701672077179,0.22378258407115936,1.050750494003296
1.2922403003754692,6.551939664078988,1.0293078526728667,1.0293078526728667,0.37749167940670647,-1.0225728750228882,1.9407382011413574,1.6463619470596313,-0.5921432375907898,0.1024540588259697,-0.7089391946792603,0.22838537395000458,0.8701316118240356
1.2966207759699624,3.6530736115796443,-0.41968068577136475,-0.41968068577136475,-0.05080199926148027,-1.0140714645385742,1.9502315521240234,1.643768072128296,-0.5714837908744812,0.09934856742620468,-0.6899040937423706,0.23219695687294006,1.087275505065918
1.3010012515644556,5.8392459751333625,-1.0068870904490768,-1.0068870904490768,-0.1940466170949776,-1.0055285692214966,1.9545505046844482,1.6412646770477295,-0.5843544006347656,0.09632645547389984,-0.7006765007972717,0.23695974051952362,1.1516460180282593
1.3053817271589487,7.455054585412395,0.5218290661909193,0.5218290661909193,-0.3264684354710399,-0.9969667196273804,1.960597276687622,1.6387048959732056,-0.581453800201416,0.09325715899467468,-0.7244139909744263,0.24200449883937836,1.2299511432647705
1.3097622027534417,6.024687154306184,2.0561686478518437,2.0561686478518437,-1.1260655967136752,-0.9883783459663391,1.9677411317825317,1.6361578702926636,-0.5674498677253723,0.09008388221263885,-0.6996409893035889,0.24739226698875427,1.3126789331436157
1.3141426783479349,6.197961611472731,1.0627987474832077,1.0627987474832077,-1.1686599180393829,-0.9797586798667908,1.9692251682281494,1.6336721181869507,-0.5818480253219604,0.08701912313699722,-0.6067096590995789,0.25314241647720337,1.1924803256988525
1.318523153942428,4.407702701772122,-0.7411672064926538,-0.7411672064926538,-0.32352883305588503,-0.9711325168609619,1.9703582525253296,1.6311233043670654,-0.5955862402915955,0.08436144888401031,-0.5415439605712891,0.25836604833602905,1.0664288997650146
1.322903629536921,6.19516865588013,3.897910466134271,3.897910466134271,-0.23631013668903894,-0.9625014066696167,1.9737904071807861,1.6285144090652466,-0.6075615286827087,0.08198922872543335,-0.5537403225898743,0.2630375027656555,1.0866804122924805
1.327284105131414,5.026952643488616,-1.9417416367591165,-1.9417416367591165,-0.17408838200676696,-0.9538552761077881,1.979537010192871,1.6258529424667358,-0.6025430560112,0.07956358045339584,-0.43300795555114746,0.26779767870903015,1.1623268127441406
1.331664580725907,5.833840168802549,1.056530022563508,1.056530022563508,0.07362391139221747,-0.9451839923858643,1.9843988418579102,1.623213529586792,-0.6062787771224976,0.07766679674386978,-0.4846290349960327,0.27288922667503357,1.2273986339569092
1.3360450563204005,5.922508577603612,-0.24202607255620912,-0.24202607255620912,0.10296680931560398,-0.9364913702011108,1.9915199279785156,1.6205577850341797,-0.5982054471969604,0.07554388791322708,-0.4559250473976135,0.2782658040523529,1.362502098083496
1.3404255319148937,5.287731908584501,-0.6659853503564402,-0.6659853503564402,-1.134276721733229,-0.9277675747871399,1.9990218877792358,1.6179373264312744,-0.5888621807098389,0.07354672253131866,-0.46599993109703064,0.2842342257499695,1.5055937767028809
1.3448060075093866,6.110373383038641,-0.6297008587177202,-0.6297008587177202,-0.6222163546640072,-0.9190109372138977,1.9988014698028564,1.6153578758239746,-0.6097373962402344,0.07150541990995407,-0.4523243308067322,0.29082944989204407,1.3673874139785767
1.3491864831038798,8.477002679813705,-1.5534367632672876,-1.5534367632672876,-1.2069941801093569,-0.9102552533149719,2.002166509628296,1.6126869916915894,-0.6133459806442261,0.06952402740716934,-0.45254290103912354,0.296819269657135,1.3566837310791016
1.353566958698373,7.027317908332272,0.3046338567048036,0.3046338567048036,-0.5576780104251511,-0.9014847874641418,2.0043082237243652,1.6100002527236938,-0.6084843873977661,0.06754167377948761,-0.46266013383865356,0.3027621805667877,1.2670071125030518
1.357947434292866,5.598345475339295,-1.9822159464745988,-1.9822159464745988,-0.8089957018924074,-0.892704963684082,2.008723020553589,1.607334852218628,-0.6030209064483643,0.06551500409841537,-0.43747788667678833,0.3083122670650482,1.288400411605835
1.362327909887359,7.42698255018414,-0.926336164470252,-0.926336164470252,-0.5916163057913626,-0.883905827999115,2.0100150108337402,1.6046932935714722,-0.6147099137306213,0.0635986402630806,-0.47173964977264404,0.313956081867218,1.2261812686920166
1.3667083854818525,6.795864270472611,-0.5349393207694485,-0.5349393207694485,-0.3539925332477477,-0.8751010298728943,2.0143988132476807,1.6020005941390991,-0.6065642237663269,0.061532195657491684,-0.4815145432949066,0.31932732462882996,1.2477470636367798
1.3710888610763454,7.019016819167966,-0.9805544827817299,-0.9805544827817299,-0.6892056686102531,-0.8662769794464111,2.0196142196655273,1.5993435382843018,-0.5991075038909912,0.05942293256521225,-0.4867987632751465,0.3247930407524109,1.3078241348266602
1.3754693366708386,7.476652247998211,-1.8113480621593543,-1.8113480621593543,-0.4414507991623299,-0.857430100440979,2.0228145122528076,1.5967191457748413,-0.5964270234107971,0.05729052424430847,-0.495307058095932,0.33052194118499756,1.2994494438171387
1.3798498122653315,6.924834997205066,-0.030007965520830848,-0.030007965520830848,-1.5657511726337776,-0.8485692143440247,2.0280258655548096,1.5941065549850464,-0.5850141644477844,0.05512084439396858,-0.5353124141693115,0.336214154958725,1.3536441326141357
1.3842302878598247,5.586121764769911,-0.42109630293047834,-0.42109630293047834,-0.08855303264644465,-0.8396854996681213,2.024928331375122,1.5915439128875732,-0.6004236936569214,0.05277591943740845,-0.49046385288238525,0.3421437740325928,1.1527736186981201
1.388610763454318,5.3675259711069065,0.5350805719294747,0.5350805719294747,-0.5095281174812323,-0.8308153748512268,2.0303900241851807,1.5889137983322144,-0.598098874092102,0.0506274551153183,-0.5001751780509949,0.34719347953796387,1.245039939880371
1.3929912390488108,7.074852389718651,-0.3446720218358506,-0.3446720218358506,-0.8076138814254831,-0.8219212889671326,2.0326948165893555,1.5862938165664673,-0.6059288382530212,0.048436447978019714,-0.46966928243637085,0.3526473343372345,1.24146568775177
1.397371714643304,7.46677330504179,3.5248563556742245,3.5248563556742245,0.160117492163671,-0.8130171298980713,2.034438371658325,1.5836395025253296,-0.6051934361457825,0.046379074454307556,-0.4561499059200287,0.3580855429172516,1.2069404125213623
1.4017521902377972,6.745580440276173,-1.18628595256185,-1.18628595256185,0.9513070344612258,-0.8041053414344788,2.043466091156006,1.5809885263442993,-0.5822942852973938,0.04438092187047005,-0.3578888475894928,0.3633725047111511,1.3896031379699707
1.4061326658322904,5.700510470610659,0.08656027233667007,0.08656027233667007,0.19465936482114576,-0.7951539754867554,2.057809352874756,1.5784378051757812,-0.5502092838287354,0.042813196778297424,-0.42031335830688477,0.3694596290588379,1.7291488647460938
1.4105131414267835,7.13938416348106,-0.3990593010450857,-0.3990593010450857,-1.4077910390321844,-0.7861397862434387,2.0659687519073486,1.5760276317596436,-0.5418744087219238,0.0409720242023468,-0.4234701991081238,0.37703412771224976,1.8837430477142334
1.4148936170212765,6.317011651839342,0.7695180578553535,0.7695180578553535,0.6263988479959753,-0.7770898342132568,2.0634753704071045,1.5736539363861084,-0.5526266694068909,0.03911702334880829,-0.3940120339393616,0.3852858245372772,1.7189209461212158
1.4192740926157696,5.912320536243546,0.28641708303861185,0.28641708303861185,-0.8261860280436575,-0.7680508494377136,2.07563853263855,1.5712331533432007,-0.5309486389160156,0.0373910628259182,-0.3898324966430664,0.3928155303001404,1.9784035682678223
1.4236545682102628,6.345365582765862,-1.0096116595424198,-1.0096116595424198,-0.3956399142053838,-0.7589585781097412,2.0762898921966553,1.568907380104065,-0.540869951248169,0.03568341210484505,-0.3573409616947174,0.40148186683654785,1.9147204160690308
1.4280350438047558,4.555185667218815,-1.673258318953723,-1.673258318953723,-0.87835649840508,-0.7498634457588196,2.0806283950805664,1.5665380954742432,-0.5389045476913452,0.03411808982491493,-0.37527087330818176,0.4098692536354065,1.9523268938064575
1.432415519399249,7.649543423287335,1.2202885175970035,1.2202885175970035,-2.2580940873448982,-0.7407492995262146,2.079223155975342,1.564177393913269,-0.561208963394165,0.032474223524332047,-0.3984845280647278,0.4184213876724243,1.8501588106155396
1.436795994993742,6.9585977515640405,-0.3089172448175175,-0.3089172448175175,-0.6021541187315989,-0.7316412925720215,2.0688493251800537,1.5617190599441528,-0.5838750004768372,0.030728671699762344,-0.2969047427177429,0.42652595043182373,1.5082536935806274
1.4411764705882353,4.461792194082511,1.4817912152068857,1.4817912152068857,-1.1622132943830268,-0.722578763961792,2.0712692737579346,1.5591614246368408,-0.5806645750999451,0.029428087174892426,-0.2883412837982178,0.4331328272819519,1.5114048719406128
1.4455569461827285,5.744700312334086,-0.8901440660892457,-0.8901440660892457,0.7264422019052406,-0.7135056257247925,2.0663039684295654,1.5566178560256958,-0.6088643670082092,0.02816501446068287,-0.21112796664237976,0.4397535026073456,1.3449153900146484
1.4499374217772214,7.965573298949358,-0.974418944405949,-0.974418944405949,-0.0964088679957269,-0.704454243183136,2.0789897441864014,1.5539507865905762,-0.5907213091850281,0.027240173891186714,-0.2583374083042145,0.44564488530158997,1.6119811534881592
1.4543178973717146,3.434017495937809,-0.3081403180526801,-0.3081403180526801,-1.1338789139494705,-0.6953473091125488,2.0868287086486816,1.5513631105422974,-0.5698343515396118,0.026108533143997192,-0.28397807478904724,0.45270612835884094,1.7426117658615112
1.4586983729662075,8.25749009699537,-1.4148654571914663,-1.4148654571914663,0.6168726435716957,-0.6862059831619263,2.0809836387634277,1.5488669872283936,-0.6061186790466309,0.024864574894309044,-0.25986388325691223,0.46033960580825806,1.5619269609451294
1.4630788485607007,8.681258572706552,-0.7551152232706052,-0.7551152232706052,-0.30801523144519255,-0.6770902872085571,2.095625877380371,1.5462119579315186,-0.5696741342544556,0.023726247251033783,-0.3191970884799957,0.46718159317970276,1.8514997959136963
1.467459324155194,7.426701276214046,0.36699770582827373,0.36699770582827373,-0.764324404257924,-0.6679104566574097,2.1024584770202637,1.543716549873352,-0.5472446084022522,0.022328011691570282,-0.3322538137435913,0.47529205679893494,1.947987675666809
1.471839799749687,6.793050226130237,-0.25550978485971043,-0.25550978485971043,-0.08616192437533865,-0.658700704574585,2.1038107872009277,1.5413193702697754,-0.5437942147254944,0.020872581750154495,-0.2992156147956848,0.4838251769542694,1.9213411808013916
1.4762202753441802,6.28867698397777,-2.4870140127735323,-2.4870140127735323,-0.7726561017222212,-0.6494849920272827,2.1109485626220703,1.5389373302459717,-0.533105194568634,0.019561875611543655,-0.30416110157966614,0.4922415614128113,2.029201030731201
1.4806007509386734,6.524036274815022,1.8041179672981402,1.8041179672981402,-0.5775728255188143,-0.6402380466461182,2.110983371734619,1.5366020202636719,-0.5393481850624084,0.01822950504720211,-0.3542257845401764,0.5011304020881653,1.9782934188842773
1.4849812265331663,6.487012709261456,-0.27503418409168423,-0.27503418409168423,-0.6419796781348376,-0.6309909224510193,2.1129932403564453,1.534239411354065,-0.5400994420051575,0.016677826642990112,-0.2846728563308716,0.5097962617874146,1.973394513130188
1.4893617021276595,5.773434350608368,0.013491716588823699,0.013491716588823699,-0.9857382408033492,-0.6217349767684937,2.114197254180908,1.5318734645843506,-0.5423843264579773,0.015430823899805546,-0.27395689487457275,0.5184406638145447,1.9532057046890259
1.493742177722153,6.703943238189134,-0.8868064550775941,-0.8868064550775941,-0.8073843196010175,-0.6124737858772278,2.111027479171753,1.529497504234314,-0.5567610263824463,0.014230762608349323,-0.24477621912956238,0.5269966125488281,1.844853162765503
1.4981226533166456,7.293634578032337,1.3122269253963914,1.3122269253963914,-0.39012564172568304,-0.6032264828681946,2.110321521759033,1.5270586013793945,-0.5602601170539856,0.01315852627158165,-0.24709559977054596,0.5350779294967651,1.7914692163467407
1.5025031289111388,5.379066978301358,-0.026422781327270772,-0.026422781327270772,-0.528079587031627,-0.5939822793006897,2.114427089691162,1.5246044397354126,-0.5514808297157288,0.012076130136847496,-0.19738151133060455,0.5429254174232483,1.8385367393493652
1.506883604505632,5.247500647688711,0.04926051008747179,0.04926051008747179,-0.24088007438916165,-0.5847200751304626,2.115189552307129,1.522188663482666,-0.5608519315719604,0.01121150515973568,-0.1827315390110016,0.5509790778160095,1.820648193359375
1.5112640801001251,10.135191212181866,0.08778760715030454,0.08778760715030454,-0.13224998856412012,-0.5754545331001282,2.118856430053711,1.519731879234314,-0.5662263631820679,0.010411053895950317,-0.1742585152387619,0.5589543581008911,1.8621512651443481
1.5156445556946183,6.242596144673972,-1.8263872376899482,-1.8263872376899482,0.09668673088856988,-0.5661729574203491,2.1285061836242676,1.5172514915466309,-0.5301766991615295,0.009647718630731106,-0.16783271729946136,0.5671114921569824,2.0135297775268555
1.5200250312891113,8.281922083383012,-1.8614405774761815,-1.8614405774761815,0.1983745586482223,-0.5568490624427795,2.137117624282837,1.5149290561676025,-0.5218765139579773,0.008912531659007072,-0.22399257123470306,0.5759317278862,2.144772529602051
1.5244055068836044,7.153516992998251,0.40703037906543327,0.40703037906543327,-0.28885388782894017,-0.5474874973297119,2.1490890979766846,1.5126429796218872,-0.4955911636352539,0.00793133769184351,-0.284145712852478,0.5853268504142761,2.3332061767578125
1.5287859824780976,4.776404162275883,0.370558477746845,0.370558477746845,-1.7938027897968647,-0.5380734801292419,2.154675245285034,1.510472059249878,-0.4872300922870636,0.006686644162982702,-0.2638236880302429,0.5955473780632019,2.3953802585601807
1.5331664580725906,8.021664655862864,-1.3099846603802683,-1.3099846603802683,0.1057651093902337,-0.5286349654197693,2.140392780303955,1.5083377361297607,-0.524100124835968,0.005530971102416515,-0.2006174772977829,0.6060402989387512,2.0892622470855713
1.5375469336670835,5.875830497569924,0.6272059681331714,0.6272059681331714,-0.49483103786620936,-0.5192590355873108,2.1509900093078613,1.5060418844223022,-0.5020304322242737,0.004652170930057764,-0.24196186661720276,0.6151922345161438,2.249969959259033
1.541927409261577,7.234309662499733,0.7760054462824125,0.7760054462824125,-2.1386950589817024,-0.5098366737365723,2.152521848678589,1.5038427114486694,-0.5076668858528137,0.003592262975871563,-0.2091948240995407,0.6250481605529785,2.2429418563842773
1.54630788485607,5.143767588407669,-2.551984899065989,-2.551984899065989,-0.11754530301940014,-0.5004075765609741,2.135240077972412,1.5016188621520996,-0.5302866697311401,0.002675889991223812,-0.12407632917165756,0.6348733305931091,1.901827335357666
1.5506883604505632,8.662775244787646,0.2507595937093905,0.2507595937093905,-1.4885897072918064,-0.4910542070865631,2.140026807785034,1.499295949935913,-0.5352079272270203,0.002132376655936241,-0.19516968727111816,0.6432042121887207,1.9627389907836914
1.5550688360450562,6.540161740192586,-2.2145879625293663,-2.2145879625293663,1.0649621317168778,-0.48167985677719116,2.1311862468719482,1.4969514608383179,-0.535171389579773,0.001277440576814115,-0.14437517523765564,0.6518019437789917,1.7846260070800781
1.5594493116395494,8.190995891628924,0.9906456841260736,0.9906456841260736,-0.47343575311298375,-0.4723442494869232,2.152069568634033,1.4946072101593018,-0.5095180869102478,0.0006450086366385221,-0.2401484251022339,0.6596194505691528,2.1238067150115967
1.5638297872340423,6.93924397296541,-1.3376876992770517,-1.3376876992770517,0.033551437796425665,-0.46291714906692505,2.1554999351501465,1.4923752546310425,-0.49667975306510925,-0.00040695571806281805,-0.19739261269569397,0.6689227223396301,2.1560099124908447
1.5682102628285357,5.910202682610202,0.11441271724776808,0.11441271724776808,-0.7927239191004514,-0.4534750282764435,2.1641969680786133,1.4901995658874512,-0.4855840504169464,-0.0012716292403638363,-0.2374371439218521,0.6783670783042908,2.2765774726867676
1.5725907384230289,4.769867931049372,-0.545367216697143,-0.545367216697143,-0.9194611687534615,-0.44399482011795044,2.161256790161133,1.4880725145339966,-0.4962717890739441,-0.0023117167875170708,-0.21094587445259094,0.6883395910263062,2.200456142425537
1.5769712140175218,6.804367033944941,0.26082425954256444,0.26082425954256444,0.1977279519407104,-0.4345274865627289,2.1552672386169434,1.4858986139297485,-0.5178895592689514,-0.0032357601448893547,-0.2000211477279663,0.6979786157608032,2.077707290649414
1.581351689612015,4.6357259947527965,-1.6107099781188288,-1.6107099781188288,-1.2381237699227938,-0.4250863790512085,2.1658387184143066,1.4836300611495972,-0.5056126713752747,-0.00411194795742631,-0.19817852973937988,0.7070799469947815,2.228799819946289
1.5857321652065082,5.123018246384757,-1.1667898106163412,-1.1667898106163412,-0.397412955668552,-0.41559898853302,2.155118227005005,1.4814152717590332,-0.5333395004272461,-0.004980063997209072,-0.2090592235326767,0.7168431282043457,2.0335495471954346
1.5901126408010011,7.295360679981059,-0.8082710490528517,-0.8082710490528517,-0.6654344987342565,-0.40615853667259216,2.1558761596679688,1.479079008102417,-0.5437908172607422,-0.005895842798054218,-0.23152746260166168,0.7257510423660278,2.0274648666381836
1.5944931163954943,7.972420933210694,1.1239059814256,1.1239059814256,-0.8027517174380308,-0.3967147767543793,2.154893159866333,1.4766969680786133,-0.5415881276130676,-0.006910043302923441,-0.23569874465465546,0.7346323132514954,1.9962410926818848
1.5988735919899877,5.766952173444318,-1.710524510620595,-1.710524510620595,-0.22734722637665178,-0.3872753083705902,2.1524481773376465,1.4743245840072632,-0.5362892746925354,-0.00794251635670662,-0.17943423986434937,0.7433767914772034,1.9446383714675903
1.6032540675844804,8.431593268991868,0.24621895444269964,0.24621895444269964,-1.0523819950986408,-0.3778465688228607,2.1558146476745605,1.471975326538086,-0.539228081703186,-0.00872852373868227,-0.22274771332740784,0.7518952488899231,1.9830992221832275
1.6076345431789736,8.282049520166959,0.4971508544822988,0.4971508544822988,-0.6210476921811843,-0.3684030771255493,2.1499106884002686,1.4696131944656372,-0.5342833399772644,-0.00970426481217146,-0.18482445180416107,0.7605821490287781,1.8821525573730469
1.6120150187734668,4.647711841714312,0.4910377803282809,0.4910377803282809,0.16187589515606893,-0.35898545384407043,2.149736166000366,1.4672727584838867,-0.5239060521125793,-0.010513884015381336,-0.15216951072216034,0.7688269019126892,1.8712882995605469
1.61639549436796,6.13869646129201,-0.774957362008791,-0.774957362008791,-0.2720285773190285,-0.34956857562065125,2.15740966796875,1.464977741241455,-0.5297898054122925,-0.011180458590388298,-0.14255693554878235,0.7770240306854248,1.9752070903778076
1.620775969962453,5.8729929420093265,-0.15406454055295055,-0.15406454055295055,-0.24106840567317162,-0.3401181101799011,2.1602210998535156,1.4626569747924805,-0.5309155583381653,-0.011804926209151745,-0.15724405646324158,0.7856763601303101,2.0063583850860596
1.625156445556946,8.85468158214054,-1.378146791286312,-1.378146791286312,0.25791224266814994,-0.3306553065776825,2.1632091999053955,1.4603313207626343,-0.5337396264076233,-0.012493729591369629,-0.1547032743692398,0.794465184211731,2.0395119190216064
1.6295369211514392,6.3340133468699005,-1.3799172658209002,-1.3799172658209002,-0.4487390738932173,-0.32117941975593567,2.1762681007385254,1.4579932689666748,-0.5066742300987244,-0.013171403668820858,-0.20248138904571533,0.8033992052078247,2.222923755645752
1.6339173967459324,6.2133085792232565,0.9889856650950459,0.9889856650950459,0.49218437157052947,-0.31164634227752686,2.1766741275787354,1.4557738304138184,-0.5094444751739502,-0.014058368280529976,-0.22967474162578583,0.8131366968154907,2.2159507274627686
1.6382978723404251,8.686454217214663,0.02136947009392981,0.02136947009392981,-0.589710026562486,-0.3021114766597748,2.191065788269043,1.4535422325134277,-0.4997367262840271,-0.015064452774822712,-0.21516656875610352,0.822843611240387,2.410196304321289
1.6426783479349183,7.340359810339565,0.35477902926050997,0.35477902926050997,-1.3649389021277387,-0.29251357913017273,2.191375732421875,1.4513531923294067,-0.4871259927749634,-0.016006983816623688,-0.1973211169242859,0.8334014415740967,2.4033615589141846
1.6470588235294117,8.776894505852994,-0.2512461540523206,-0.2512461540523206,-0.5272211811005192,-0.28291431069374084,2.1783688068389893,1.4492193460464478,-0.4956252872943878,-0.016871344298124313,-0.14709989726543427,0.8439292907714844,2.2084338665008545
1.6514392991239049,5.597910975799783,1.3199239465333221,1.3199239465333221,-1.417655671197538,-0.27337202429771423,2.179093360900879,1.447048306465149,-0.4814012050628662,-0.01751571148633957,-0.13904055953025818,0.8536033034324646,2.2132625579833984
1.655819774718398,9.386856511483888,-0.9562588291559732,-0.9562588291559732,-0.4588265719810316,-0.26382654905319214,2.162984848022461,1.4449394941329956,-0.5033265948295593,-0.01812477596104145,-0.05909455567598343,0.8632984161376953,1.9810333251953125
1.660200250312891,6.24642262038394,-2.1407030518131362,-2.1407030518131362,0.10097606798396758,-0.2543516457080841,2.1647391319274902,1.442734718322754,-0.4835223853588104,-0.018383638933300972,-0.07362115383148193,0.8719762563705444,2.005880832672119
1.6645807259073842,9.003379587033514,0.03199439509500607,0.03199439509500607,0.688452290338535,-0.24486905336380005,2.172689437866211,1.4406166076660156,-0.4798063039779663,-0.01870613545179367,-0.1390852928161621,0.8807629942893982,2.1095809936523438
1.668961201501877,6.230619241002934,-0.5700782787174905,-0.5700782787174905,-0.011229691554638932,-0.23535163700580597,2.1924502849578857,1.4385148286819458,-0.4480433762073517,-0.01931539550423622,-0.1582559496164322,0.8900039792060852,2.375394821166992
1.6733416770963705,5.669950657028728,-0.4159673576016445,-0.4159673576016445,-0.6356956420587228,-0.22574765980243683,2.198908805847168,1.4365521669387817,-0.4467196762561798,-0.0200086310505867,-0.17457610368728638,0.9004093408584595,2.452641248703003
1.6777221526908634,5.7088201932991804,-1.9729403747445806,-1.9729403747445806,-0.6215166963340373,-0.21611538529396057,2.194735050201416,1.4345953464508057,-0.45789387822151184,-0.020773356780409813,-0.1681593358516693,0.9111530780792236,2.3863258361816406
1.6821026282853566,6.433685881353206,0.0246648721664805,0.0246648721664805,-1.4852821151758264,-0.20650139451026917,2.190568208694458,1.4325895309448242,-0.4685208201408386,-0.02150997519493103,-0.20762518048286438,0.9216063022613525,2.3224804401397705
1.6864831038798498,8.503464967812187,2.689280545822663,2.689280545822663,-0.06981045518137063,-0.19690565764904022,2.172405958175659,1.430537223815918,-0.48460623621940613,-0.02241947315633297,-0.16352993249893188,0.9317798614501953,2.0792033672332764
1.690863579474343,9.447325693179048,-1.0168589540023691,-1.0168589540023691,-1.1966310377239626,-0.18738949298858643,2.1789474487304688,1.4284144639968872,-0.4674457907676697,-0.02313581295311451,-0.0829557329416275,0.9408877491950989,2.1664419174194336
1.695244055068836,6.841603653496497,0.27997172538242765,0.27997172538242765,0.05521324791935556,-0.17784467339515686,2.167229175567627,1.4263668060302734,-0.4574671685695648,-0.023499198257923126,-0.07770581543445587,0.9503778219223022,2.0192220211029053
1.699624530663329,9.010643318326071,1.158300343972023,1.158300343972023,-1.0579728392217405,-0.1683511734008789,2.1743481159210205,1.4243628978729248,-0.451162725687027,-0.023839587345719337,-0.07114215195178986,0.9592229723930359,2.111250638961792
1.7040050062578225,5.521583255045045,-0.7610086666062583,-0.7610086666062583,-0.1543483947147643,-0.15882650017738342,2.1641411781311035,1.422386646270752,-0.44261160492897034,-0.02415122464299202,-0.006419949233531952,0.9684712290763855,1.9859479665756226
1.7083854818523152,4.787192346635154,-0.0983940858158317,-0.0983940858158317,-0.18205423041640095,-0.14934653043746948,2.166517734527588,1.420447826385498,-0.44860556721687317,-0.02417934685945511,-0.02413635328412056,0.9771706461906433,2.0153133869171143
1.7127659574468084,11.476526516587278,-1.2277025277509572,-1.2277025277509572,-0.267254558808459,-0.13985615968704224,2.167839527130127,1.4184826612472534,-0.460367351770401,-0.024285076186060905,-0.021693211048841476,0.9859986901283264,2.029587745666504
1.7171464330413015,6.175954525249372,0.40536041721249705,0.40536041721249705,-0.45148268684935283,-0.13035999238491058,2.1724743843078613,1.4164659976959229,-0.4247419834136963,-0.02438010275363922,-0.04974133521318436,0.9948892593383789,2.09867787361145
1.7215269086357947,6.294647566303703,-2.1492473308405136,-2.1492473308405136,0.4894627799186465,-0.12084352225065231,2.17002534866333,1.4146053791046143,-0.4297606945037842,-0.02459799312055111,-0.02471879869699478,1.004082441329956,2.068190336227417
1.725907384230288,7.16636728196636,2.282512304081094,2.282512304081094,0.4096345383984846,-0.11133778095245361,2.1840367317199707,1.4127228260040283,-0.42340201139450073,-0.024706272408366203,-0.10177750140428543,1.0131421089172363,2.2418949604034424
1.7302878598247808,5.622755451027612,-0.2810557375615069,-0.2810557375615069,-0.7216825486701361,-0.10177066177129745,2.1973907947540283,1.4108681678771973,-0.4121090769767761,-0.02515210583806038,-0.0470835343003273,1.0229626893997192,2.4064853191375732
1.734668335419274,7.629789683016255,-1.1860107064255858,-1.1860107064255858,0.038300298909897945,-0.09214504063129425,2.1896841526031494,1.4090629816055298,-0.42464324831962585,-0.025358354672789574,-0.034215833991765976,1.0335042476654053,2.3084959983825684
1.7390488110137672,6.0944046490176,-1.7252421412628829,-1.7252421412628829,-0.19562677531111436,-0.0825531855225563,2.1966493129730225,1.4072028398513794,-0.4145316481590271,-0.02550823614001274,-0.06996959447860718,1.043616533279419,2.394608497619629
1.74342928660826,6.208592677640146,0.43584392324207144,0.43584392324207144,-0.9097261734702408,-0.07293081283569336,2.198373317718506,1.405387043952942,-0.4181309640407562,-0.025814736261963844,-0.11463920772075653,1.0541061162948608,2.4132204055786133
1.7478097622027533,7.554242073068971,1.4081570876704887,1.4081570876704887,-1.7168967634327479,-0.06330089271068573,2.187138319015503,1.4035553932189941,-0.42838039994239807,-0.026316910982131958,-0.07534429430961609,1.064677119255066,2.2769668102264404
1.7521902377972465,9.038855193169791,-0.2749547953524053,-0.2749547953524053,-0.5669421016500517,-0.05372018739581108,2.1617085933685303,1.4016789197921753,-0.43693527579307556,-0.02664695493876934,0.015917189419269562,1.0746513605117798,1.977423906326294
1.7565707133917396,7.4466423180689025,2.948732834002798,2.948732834002798,-0.16270306483379898,-0.04425087571144104,2.1577000617980957,1.399764895439148,-0.4229278266429901,-0.026577230542898178,0.02444414421916008,1.0833134651184082,1.9396770000457764
1.7609511889862328,7.954144339913671,-0.8876986794157786,-0.8876986794157786,0.16903983627100055,-0.03479912132024765,2.159982681274414,1.3979122638702393,-0.41622671484947205,-0.026470152661204338,0.11530794203281403,1.0918102264404297,1.9733614921569824
1.7653316645807258,8.311626574349805,-0.20129635417832925,-0.20129635417832925,-0.7927721165618817,-0.02533736824989319,2.168631076812744,1.39608895778656,-0.40289202332496643,-0.025965049862861633,0.08444783091545105,1.1004544496536255,2.0824036598205566
1.769712140175219,5.615539187712365,-2.378201532056325,-2.378201532056325,0.05688834543824989,-0.015837732702493668,2.1596779823303223,1.3943240642547607,-0.39641857147216797,-0.025595128536224365,0.10172079503536224,1.1095763444900513,1.984957218170166
1.774092615769712,10.935573053097562,0.7415899053100052,0.7415899053100052,-0.024476372902838606,-0.006377316080033779,2.1647627353668213,1.3925875425338745,-0.40086787939071655,-0.025149542838335037,0.03060845285654068,1.1182713508605957,2.0466201305389404
1.778473091364205,5.6790453026134635,-0.16476711636949487,-0.16476711636949487,-0.24196124106291383,0.0031053749844431877,2.1713955402374268,1.3908315896987915,-0.3689073324203491,-0.025015464052557945,0.05298001691699028,1.1272364854812622,2.1356778144836426
1.7828535669586982,6.857424240158631,-0.36674837164361074,-0.36674837164361074,-0.7735430135224153,0.012617120519280434,2.1708922386169434,1.3892155885696411,-0.37599918246269226,-0.024783385917544365,0.055234331637620926,1.1365917921066284,2.131284713745117
1.7872340425531914,11.445014742749336,-0.5648667870272983,-0.5648667870272983,-0.9462183858909234,0.022126661613583565,2.16090726852417,1.387568473815918,-0.37954631447792053,-0.02454143390059471,0.06711402535438538,1.1459277868270874,2.020449161529541
1.7916145181476846,5.53710188953467,0.8975560430999265,0.8975560430999265,-0.4200061392807851,0.031592462211847305,2.1499240398406982,1.3859058618545532,-0.3523576855659485,-0.024247443303465843,0.0782506987452507,1.1547783613204956,1.9082138538360596
1.7959949937421775,8.341012313130214,-0.025030542596686217,-0.025030542596686217,0.7624599903137913,0.04101015254855156,2.1455183029174805,1.3843623399734497,-0.36170560121536255,-0.023904668167233467,0.11672769486904144,1.1631371974945068,1.861191987991333
1.8003754693366707,8.221641205565165,-1.4633304651869723,-1.4633304651869723,0.1996074647454727,0.05040854215621948,2.165074348449707,1.3827779293060303,-0.34173476696014404,-0.02339334599673748,0.09373047947883606,1.1712901592254639,2.09147047996521
1.804755944931164,7.540782937655504,-2.5204895836813783,-2.5204895836813783,0.06702526666218467,0.059892598539590836,2.173901319503784,1.3812810182571411,-0.32771897315979004,-0.02298276126384735,0.04516742005944252,1.18045175075531,2.1976051330566406
1.809136420525657,8.535092137744234,-0.9930322573302043,-0.9930322573302043,-0.28550746402636434,0.06941532343626022,2.179819345474243,1.3798454999923706,-0.3197912573814392,-0.02278490737080574,-0.030396219342947006,1.1900782585144043,2.2685160636901855
1.81351689612015,6.924791088148341,-0.02968130663222812,-0.02968130663222812,-0.5124104773674109,0.07896396517753601,2.1793620586395264,1.3784446716308594,-0.30795520544052124,-0.022918056696653366,-0.05105818808078766,1.2000154256820679,2.268883466720581
1.8178973717146432,5.07966015414277,1.0632026424794385,1.0632026424794385,-0.24610021439804733,0.08851061016321182,2.1735470294952393,1.3770956993103027,-0.30901339650154114,-0.023141715675592422,-0.036960966885089874,1.2099542617797852,2.2069623470306396
1.8222778473091363,9.303924096009531,3.6248268485844624,3.6248268485844624,-0.29890449728737667,0.09803178161382675,2.1718430519104004,1.3757420778274536,-0.32071635127067566,-0.023303622379899025,0.0012748278677463531,1.2196217775344849,2.188657283782959
1.8266583229036293,8.330786257074921,0.4325884284029889,0.4325884284029889,-0.16168479856072307,0.10754548758268356,2.1708755493164062,1.3743371963500977,-0.30373916029930115,-0.02329803816974163,0.1158602237701416,1.2292091846466064,2.1862447261810303
1.831038798498123,8.145212553076794,-1.8646666392581865,-1.8646666392581865,-0.6380446300822988,0.11705495417118073,2.171997547149658,1.3730067014694214,-0.29254257678985596,-0.022790515795350075,0.13321489095687866,1.238785982131958,2.205474615097046
1.835419274092616,9.648773397440682,-1.6615929956107034,-1.6615929956107034,0.28073961408359993,0.12656933069229126,2.1635568141937256,1.3717252016067505,-0.285953164100647,-0.022206971421837807,0.09739363938570023,1.248447060585022,2.118781328201294
1.8397997496871088,6.332239255629406,0.4888358065541496,0.4888358065541496,-0.5571853911004291,0.13604673743247986,2.173682928085327,1.3704725503921509,-0.2628399729728699,-0.021780341863632202,0.040671367198228836,1.2577283382415771,2.2390215396881104
1.844180225281602,6.635354232746659,-0.42359179380704426,-0.42359179380704426,-0.7656217803517275,0.14556850492954254,2.1658380031585693,1.3693212270736694,-0.26812639832496643,-0.02160218171775341,0.07121850550174713,1.2675362825393677,2.1561105251312256
1.848560700876095,6.730077799780558,-0.8515959148370789,-0.8515959148370789,-1.223929682465816,0.1550559103488922,2.153775691986084,1.3681466579437256,-0.2724612355232239,-0.021290211006999016,0.08120686560869217,1.2769811153411865,2.0285568237304688
1.852941176470588,6.391711623982307,1.0967199386608204,1.0967199386608204,0.23864362962180607,0.1644904762506485,2.132401704788208,1.3669531345367432,-0.2786274254322052,-0.020934486761689186,0.09208019077777863,1.2858672142028809,1.800981879234314
1.8573216520650813,8.573593115057932,-0.4692023635099649,-0.4692023635099649,-0.09545723849219351,0.17383140325546265,2.1398630142211914,1.3657326698303223,-0.27803364396095276,-0.020531130954623222,0.11713874340057373,1.293756365776062,1.8874303102493286
1.8617021276595744,7.916864065278637,0.19602878344196573,0.19602878344196573,-0.29296019672738743,0.1832050234079361,2.1413733959198,1.364514708518982,-0.2647371292114258,-0.02001800760626793,0.10622420161962509,1.302024245262146,1.9120237827301025
1.866082603254068,6.864723145795066,0.09010034320505925,0.09010034320505925,-0.6474854370221069,0.19258525967597961,2.1386044025421143,1.363355040550232,-0.25708311796188354,-0.019552694633603096,0.120504230260849,1.3103997707366943,1.8891021013259888
1.8704630788485608,6.627725244274459,0.3751547098293513,0.3751547098293513,-0.6794872201626817,0.20195336639881134,2.1282358169555664,1.3622288703918457,-0.25844255089759827,-0.01902482844889164,0.1420440673828125,1.318674921989441,1.782847285270691
1.8748435544430535,9.329875110263803,-0.14116300917919383,-0.14116300917919383,0.9080531185319667,0.21127605438232422,2.1169958114624023,1.361096739768982,-0.261360764503479,-0.01840260811150074,0.17284294962882996,1.3264846801757812,1.6674400568008423
1.879224030037547,7.14140083917611,-2.331448908567551,-2.331448908567551,0.022408454970203273,0.22054950892925262,2.138533592224121,1.3599518537521362,-0.23778386414051056,-0.017645474523305893,0.14220251142978668,1.3337888717651367,1.9077684879302979
1.88360450563204,8.24406899913494,0.2648166481831422,0.2648166481831422,0.029153438181442393,0.22991730272769928,2.141528367996216,1.3589102029800415,-0.2338709533214569,-0.01702255941927433,0.07346241921186447,1.3421458005905151,1.94497811794281
1.887984981226533,8.080455349436702,-2.679974861405394,-2.679974861405394,0.00258148324669763,0.23929820954799652,2.14491868019104,1.357885718345642,-0.22259625792503357,-0.016700759530067444,0.08034452795982361,1.3506656885147095,1.9873483180999756
1.8923654568210264,7.026628440687503,0.0826579770045616,0.0826579770045616,1.0175235426588947,0.24869397282600403,2.1476211547851562,1.3569105863571167,-0.2126796543598175,-0.016348812729120255,0.002005375921726227,1.3593711853027344,2.0218939781188965
1.8967459324155196,4.680216272109046,-0.7569588531602924,-0.7569588531602924,-0.20395387300170206,0.25810158252716064,2.1705920696258545,1.3559789657592773,-0.20554502308368683,-0.01634002849459648,-0.025295663625001907,1.3682280778884888,2.270799160003662
1.9011264080100123,10.31195887338302,1.7901112721301078,1.7901112721301078,-0.29181347009919556,0.2676098048686981,2.168057680130005,1.3550785779953003,-0.21999506652355194,-0.01645083539187908,-0.041445162147283554,1.3781752586364746,2.2446324825286865
1.9055068836045053,8.579691888174471,-0.25111454329330696,-0.25111454329330696,-0.38905912161908685,0.2771069407463074,2.1649184226989746,1.3541148900985718,-0.19687925279140472,-0.016632385551929474,0.01935363933444023,1.3880077600479126,2.2190067768096924
1.9098873591989989,6.656391035605734,-0.15995406852213442,-0.15995406852213442,-0.6315292674924133,0.2865903079509735,2.159170627593994,1.3532524108886719,-0.18573611974716187,-0.016547607257962227,0.02338205836713314,1.3977280855178833,2.164219856262207
1.914267834793492,9.800644356443643,-0.9933164584373558,-0.9933164584373558,-0.20273718603571766,0.29604849219322205,2.147869348526001,1.3524388074874878,-0.1882493644952774,-0.016445182263851166,0.03715354949235916,1.4072084426879883,2.0489370822906494
1.9186483103879848,7.9345628752830315,-1.1377125377510189,-1.1377125377510189,-1.2314384368142013,0.3054571747779846,2.14575457572937,1.351614236831665,-0.1679474413394928,-0.01628243178129196,0.014066128060221672,1.4161837100982666,2.034907817840576
1.923028785982478,7.778154249967332,-0.7411033675973953,-0.7411033675973953,0.3532534263706416,0.3148565888404846,2.1219935417175293,1.3508785963058472,-0.16343700885772705,-0.0162208154797554,0.01680322177708149,1.4250975847244263,1.7907700538635254
1.9274092615769711,8.968417234004137,1.3687000823991655,1.3687000823991655,0.09807069637456281,0.3241519331932068,2.130612850189209,1.3501626253128052,-0.1546107828617096,-0.016147209331393242,-0.01515546627342701,1.4329420328140259,1.888245940208435
1.9317897371714643,8.078159028896438,-0.18145408794775425,-0.18145408794775425,-0.2770245431711469,0.33348503708839417,2.1340339183807373,1.3494853973388672,-0.13879211246967316,-0.01621359772980213,0.021950939670205116,1.4412134885787964,1.9321707487106323
1.9361702127659572,4.935876152737666,-1.4026758398355106,-1.4026758398355106,0.696699364377585,0.34283313155174255,2.12945818901062,1.3488774299621582,-0.13005994260311127,-0.016117442399263382,0.024741899222135544,1.4496773481369019,1.8911505937576294
1.9405506883604504,7.426670403143995,-2.254707224617465,-2.254707224617465,-0.4273665137815647,0.352161169052124,2.1445353031158447,1.348307728767395,-0.13979355990886688,-0.01600906066596508,-0.036566514521837234,1.4579614400863647,2.0529308319091797
1.944931163954944,6.489519323891877,1.2363227792917586,1.2363227792917586,-0.5955837140334753,0.3615552484989166,2.1365294456481934,1.3476953506469727,-0.13593317568302155,-0.016169238835573196,-0.08993065357208252,1.466954231262207,1.9752459526062012
1.9493116395494368,6.734920551625387,-1.0967074001350803,-1.0967074001350803,-0.08181707770946485,0.3709142506122589,2.1247987747192383,1.3470999002456665,-0.13850906491279602,-0.01656317710876465,-0.03643317520618439,1.4756067991256714,1.8579823970794678
1.9536921151439297,8.35713191311384,-0.9333945225277565,-0.9333945225277565,-0.9210076839218317,0.3802218735218048,2.123551607131958,1.346493124961853,-0.13815878331661224,-0.016722772270441055,-0.06607118993997574,1.4837456941604614,1.8512614965438843
1.9580725907384229,9.204270590663555,0.058305786269800236,0.058305786269800236,-0.5660829202644448,0.38952404260635376,2.1048150062561035,1.3458878993988037,-0.12850484251976013,-0.01701219566166401,-0.06643292307853699,1.4918551445007324,1.66385817527771
1.962453066332916,11.085759584573307,-0.3521917667832511,-0.3521917667832511,0.5831326381646218,0.398744136095047,2.0932517051696777,1.345324993133545,-0.1122116670012474,-0.01730320416390896,-0.048198796808719635,1.4991436004638672,1.5530184507369995
1.9668335419274088,6.379650718189379,-0.1534841462312233,-0.1534841462312233,-0.443553919348977,0.40791356563568115,2.1053574085235596,1.344833493232727,-0.08145125210285187,-0.017514338716864586,-0.07551323622465134,1.5059465169906616,1.6919500827789307
1.9712140175219024,9.608070329040029,-0.5989662084705369,-0.5989662084705369,-0.4664348632245267,0.4171360433101654,2.096079111099243,1.3444766998291016,-0.08372046798467636,-0.017845122143626213,-0.067042276263237,1.5133581161499023,1.6020939350128174
1.9755944931163956,9.258810712856825,-1.9600241743816709,-1.9600241743816709,-0.4689842662650609,0.42631787061691284,2.086064338684082,1.3441100120544434,-0.06433163583278656,-0.01813879981637001,-0.07091261446475983,1.5203760862350464,1.508911371231079
1.9799749687108883,7.171414963937486,-1.7756134821614786,-1.7756134821614786,-0.8867303330485652,0.4354558289051056,2.0758402347564697,1.3438282012939453,-0.04709463566541672,-0.018449431285262108,-0.1144557073712349,1.5269858837127686,1.4134800434112549
1.9843554443053817,8.155360341898378,-1.6573943402200242,-1.6573943402200242,-0.02952271670800411,0.44454899430274963,2.0569167137145996,1.343621850013733,-0.04396564140915871,-0.018950801342725754,-0.14041391015052795,1.5331776142120361,1.2250664234161377
1.9887359198998744,9.5430022814841,-1.3464194542617953,-1.3464194542617953,0.3351929554253268,0.4535592794418335,2.0556015968322754,1.3434292078018188,-0.03329818323254585,-0.019565880298614502,-0.187952920794487,1.538543939590454,1.2218366861343384
1.993116395494368,8.473623572804584,1.4801663074710243,1.4801663074710243,-1.018454058784251,0.46256378293037415,2.0615954399108887,1.3432832956314087,-0.013147536665201187,-0.02038920298218727,-0.23706133663654327,1.543896198272705,1.2970104217529297
1.997496871088861,7.756889946716321,0.35359798871847503,0.35359798871847503,0.48347776078799026,0.47159454226493835,2.039379596710205,1.3432257175445557,-0.0009954776614904404,-0.021427644416689873,-0.16409370303153992,1.5495777130126953,1.0774081945419312
2.001877346683354,3.6011595732246864,-1.6099152512733867,-1.6099152512733867,-1.0820326027871123,0.48052799701690674,2.0483434200286865,1.3432213068008423,0.0073850201442837715,-0.022146452218294144,-0.16788659989833832,1.5542973279953003,1.1821686029434204
2.0062578222778478,8.454376707898735,-1.4226498690445144,-1.4226498690445144,0.7770261021728516,0.4895007014274597,2.0252583026885986,1.3432536125183105,-0.012579708360135555,-0.022881874814629555,-0.18330244719982147,1.5594757795333862,0.9472137093544006
2.0106382978723403,7.102466468125005,0.8715280386839865,0.8715280386839865,1.0710397526520767,0.49837228655815125,2.039954900741577,1.343198537826538,0.0005194991827011108,-0.023684827610850334,-0.2475399672985077,1.5636249780654907,1.1135998964309692
2.015018773466833,3.8223450855376258,-1.533743194241493,-1.533743194241493,-0.3648167941496115,0.5073082447052002,2.060901403427124,1.3432008028030396,0.004453197121620178,-0.024769170209765434,-0.2533663511276245,1.5685030221939087,1.3433070182800293
2.0193992490613266,11.201431864570774,-0.8848319142872678,-0.8848319142872678,1.5434030172927078,0.5163359642028809,2.0525062084198,1.3432203531265259,-0.013857759535312653,-0.025879034772515297,-0.2875027060508728,1.5743873119354248,1.262444257736206
2.02377972465582,7.856489069673157,-0.2268762657640533,-0.2268762657640533,1.2588823396601068,0.5253269076347351,2.082045555114746,1.3431596755981445,0.016932060942053795,-0.02713843435049057,-0.3584148585796356,1.5799174308776855,1.590106725692749
2.028160200250313,5.7076973769449255,-1.4890312228831877,-1.4890312228831877,-0.9182285695306623,0.5344472527503967,2.1062543392181396,1.3432338237762451,0.024945393204689026,-0.028708461672067642,-0.40180373191833496,1.5868828296661377,1.8570411205291748
2.032540675844806,7.526404729730839,-0.8212585853467885,-0.8212585853467885,-1.4896126129798297,0.5436736345291138,2.0855154991149902,1.3433431386947632,0.01881983131170273,-0.03046855330467224,-0.4184729754924774,1.5950175523757935,1.652693271636963
2.036921151439299,7.049711962453675,-1.586000053275717,-1.586000053275717,-1.549175243310355,0.5528091788291931,2.052136182785034,1.3434256315231323,0.025551453232765198,-0.03230166435241699,-0.39895492792129517,1.6022571325302124,1.3212534189224243
2.0413016270337923,6.4670736129321575,1.1868484600856395,1.1868484600856395,1.6218719994439261,0.5617985129356384,2.0174639225006104,1.3435375690460205,0.029794884845614433,-0.034049276262521744,-0.40003031492233276,1.6080448627471924,0.9761165380477905
2.045682102628285,10.283377327594355,-0.3523937190929518,-0.3523937190929518,-0.4103992201016623,0.570635974407196,2.048804521560669,1.3436681032180786,0.028226731345057487,-0.03580160066485405,-0.41273438930511475,1.6123206615447998,1.3180675506591797
2.0500625782227786,3.434345039268102,-1.8579987436014749,-1.8579987436014749,-0.5154088494588545,0.5796107053756714,2.0362000465393066,1.3437917232513428,0.05335979163646698,-0.03760957345366478,-0.41104045510292053,1.6180944442749023,1.2125753164291382
2.0544430538172715,5.551075773925389,-0.4557489444439358,-0.4557489444439358,-0.14837036670216525,0.5885302424430847,2.0240113735198975,1.3440254926681519,0.033151399344205856,-0.039410125464200974,-0.4502483308315277,1.6234060525894165,1.0947965383529663
2.0588235294117645,6.158973246655066,-0.38760873734806994,-0.38760873734806994,-0.39183058942160315,0.5973963737487793,2.018425703048706,1.3441706895828247,0.02681765705347061,-0.041382428258657455,-0.45922476053237915,1.6282017230987549,1.0520178079605103
2.063204005006258,8.123892156210475,-2.6225650011259565,-2.6225650011259565,0.026992746839966036,0.606238067150116,2.0073461532592773,1.3442881107330322,0.024884788319468498,-0.0433940514922142,-0.45910146832466125,1.632810115814209,0.9544420838356018
2.067584480600751,7.371281916137672,-0.508077300147959,-0.508077300147959,0.3353490672656881,0.6150311827659607,2.003831386566162,1.3443970680236816,0.03563281148672104,-0.04540513455867767,-0.5364769697189331,1.636991024017334,0.9424983263015747
2.071964956195244,7.888014161680537,0.5812328616285187,0.5812328616285187,-0.002269176733881888,0.6238089203834534,2.0069074630737305,1.3445531129837036,0.040956150740385056,-0.0477551594376564,-0.5611076951026917,1.6411195993423462,0.998094916343689
2.076345431789737,9.212105772158468,-1.4666860176115875,-1.4666860176115875,-0.6032509696001671,0.6326001286506653,2.0024704933166504,1.3447325229644775,0.05015214532613754,-0.050213076174259186,-0.5440675616264343,1.6454917192459106,0.9782575368881226
2.08072590738423,9.686273362589716,2.8376726894258044,2.8376726894258044,0.09833057232426318,0.6413719058036804,1.9845499992370605,1.3449522256851196,0.06913670152425766,-0.05259634926915169,-0.569282591342926,1.6497769355773926,0.8236092329025269
2.085106382978723,5.861230576024259,-2.04966567177102,-2.04966567177102,-0.16368023646918908,0.6500651836395264,1.980644941329956,1.3452551364898682,0.09031354635953903,-0.055090077221393585,-0.48928511142730713,1.6533846855163574,0.8184658288955688
2.0894868585732165,6.325196920753818,-0.09418867278864415,-0.09418867278864415,-0.17814750083989306,0.6587413549423218,1.973474144935608,1.3456507921218872,0.08643452078104019,-0.057233378291130066,-0.5443618893623352,1.6569699048995972,0.7662411332130432
2.093867334167709,3.63185206690803,0.34693993923737776,0.34693993923737776,0.2531758305826108,0.6673861145973206,1.9655482769012451,1.3460294008255005,0.08573023974895477,-0.059617944061756134,-0.5419100522994995,1.660326361656189,0.7088080644607544
2.098247809762203,2.6590859116902585,-0.07418689221648647,-0.07418689221648647,0.4591612826246172,0.6759961247444153,1.9682636260986328,1.3464049100875854,0.0663076788187027,-0.06199176609516144,-0.5391718149185181,1.6634312868118286,0.7524487972259521
2.102628285356696,6.462036600750563,-1.7923711554444166,-1.7923711554444166,0.8238541675213742,0.6846180558204651,1.975847601890564,1.3466954231262207,0.03995774686336517,-0.0643535926938057,-0.5547472834587097,1.6667274236679077,0.8434465527534485
2.1070087609511887,7.135094223740884,0.651873042398107,0.651873042398107,1.1967938568005754,0.6932731866836548,1.9880722761154175,1.3468704223632812,0.03817242756485939,-0.06678365170955658,-0.6311493515968323,1.670422077178955,1.0005466938018799
2.111389236545682,5.5142317759067865,-0.9743432429537187,-0.9743432429537187,0.34925161496660945,0.7019819021224976,2.007301092147827,1.347037672996521,0.039932046085596085,-0.06954838335514069,-0.6470627784729004,1.674804925918579,1.2353477478027344
2.115769712140175,6.5215036003953974,-1.4731781199661902,-1.4731781199661902,-0.5569235294819368,0.710774838924408,2.010021209716797,1.347212553024292,0.03238469362258911,-0.07238282263278961,-0.685715913772583,1.6802163124084473,1.2912241220474243
2.1201501877346685,7.431963864627391,-0.3140327612148454,-0.3140327612148454,0.6797717063735025,0.7195796966552734,1.992936134338379,1.3473544120788574,0.033540185540914536,-0.07538658380508423,-0.712473452091217,1.6858724355697632,1.1459630727767944
2.1245306633291614,4.423971476303134,0.10643244526256203,0.10643244526256203,-1.3801311015259714,0.728309690952301,2.0004098415374756,1.347501277923584,0.03805290535092354,-0.07850755751132965,-0.741495668888092,1.6908923387527466,1.2640130519866943
2.1289111389236544,6.201844288712195,-3.020849795620491,-3.020849795620491,-0.09347834961035878,0.7370724678039551,1.9677612781524658,1.347667932510376,0.02742532640695572,-0.08175566047430038,-0.6980832815170288,1.6964293718338013,0.9466968774795532
2.133291614518148,9.627445729943808,0.9295351473051414,0.9295351473051414,0.5485120571438067,0.7456921935081482,1.9598782062530518,1.3477880954742432,0.02579193189740181,-0.08481359481811523,-0.7835718393325806,1.7005763053894043,0.8998501300811768
2.1376720901126407,9.21562634716745,-1.1515146863056394,-1.1515146863056394,-0.3413554580941158,0.7542774081230164,1.9616628885269165,1.3479011058807373,0.045396365225315094,-0.08824601024389267,-0.7724447846412659,1.7045180797576904,0.9760589003562927
2.1420525657071336,7.883125144947099,0.22374398650196797,0.22374398650196797,0.2664316669184165,0.7628704309463501,1.9451388120651245,1.348099946975708,0.06462706625461578,-0.09162968397140503,-0.7961040139198303,1.7087936401367188,0.8598326444625854
2.146433041301627,7.3788037848326455,2.3206713600959263,2.3206713600959263,0.011433432220758141,0.7713910341262817,1.9422342777252197,1.3483830690383911,0.0733368843793869,-0.0951169952750206,-0.7973506450653076,1.7125600576400757,0.8802268505096436
2.15081351689612,6.34875439327936,-0.9039769083901276,-0.9039769083901276,0.08666260171904942,0.7798989415168762,1.934330701828003,1.3487043380737305,0.07939783483743668,-0.09860976785421371,-0.729913592338562,1.7164158821105957,0.8466556072235107
2.155193992490613,9.87675107240921,-0.7195903417168715,-0.7195903417168715,0.12597756851493364,0.7883722186088562,1.9288737773895264,1.3490521907806396,0.07837057113647461,-0.1018071398139,-0.7588434219360352,1.72012460231781,0.8334794044494629
2.1595744680851063,6.792375592032249,-1.8434240795662784,-1.8434240795662784,-0.8306526157984969,0.7968215942382812,1.9198881387710571,1.349395513534546,0.10086067020893097,-0.10513123869895935,-0.7835366725921631,1.7237756252288818,0.8096876740455627
2.1639549436795997,6.80747016674373,1.001162813681528,1.001162813681528,0.2005934868087681,0.8052316308021545,1.8945834636688232,1.349837303161621,0.10574799031019211,-0.10856350511312485,-0.8131127953529358,1.7273224592208862,0.593548059463501
2.1683354192740927,5.468640213482739,-0.6738699254041187,-0.6738699254041187,-0.33838027495071843,0.8135308027267456,1.8902523517608643,1.3503005504608154,0.1075863391160965,-0.11212532222270966,-0.7897336483001709,1.7299225330352783,0.599896252155304
2.1727158948685856,5.8999784332618646,1.0681653910216926,1.0681653910216926,0.5824442906488201,0.8218110203742981,1.8763062953948975,1.3507717847824097,0.10222242772579193,-0.11558473110198975,-0.7995309829711914,1.7325503826141357,0.4960474967956543
2.1770963704630786,3.8838675727753613,2.710940024686751,2.710940024686751,-0.24985282663809305,0.8300301432609558,1.8805392980575562,1.3512195348739624,0.09673076122999191,-0.11908705532550812,-0.7853463888168335,1.7347233295440674,0.5886624455451965
2.181476846057572,10.270618215756766,-0.3553931169550526,-0.3553931169550526,-0.5820871637211557,0.8382678031921387,1.870172142982483,1.3516432046890259,0.08049002289772034,-0.12252724915742874,-0.6988818645477295,1.7373019456863403,0.5119273066520691
2.185857321652065,5.6997733177277645,2.6366877270408944,2.6366877270408944,-0.23035168804808642,0.8464600443840027,1.84407377243042,1.351995825767517,0.10824897885322571,-0.12558868527412415,-0.6922616958618164,1.73954439163208,0.3248152732849121
2.1902377972465583,9.072542228784936,0.7672288131794013,0.7672288131794013,1.2421687827382637,0.8545379638671875,1.8313264846801758,1.35247004032135,0.10423948615789413,-0.12862111628055573,-0.6085350513458252,1.7409672737121582,0.2404620498418808
2.1946182728410517,7.054156728449405,-0.49512072773735233,-0.49512072773735233,-0.013073453042994634,0.8625600337982178,1.8437988758087158,1.3529266119003296,0.1176673099398613,-0.13128678500652313,-0.6224048137664795,1.742020606994629,0.4541039764881134
2.198998748435544,7.298767847769279,-1.3119241101304,-1.3119241101304,0.08492739306905855,0.8706367611885071,1.8332273960113525,1.3534420728683472,0.12192895263433456,-0.13401322066783905,-0.6364821195602417,1.7440098524093628,0.4075186848640442
2.2033792240300376,7.6479285905499355,0.025031329990130302,0.025031329990130302,0.14613881589042904,0.8786671757698059,1.8241171836853027,1.3539761304855347,0.12749773263931274,-0.1368013173341751,-0.6772745847702026,1.7457950115203857,0.37997451424598694
2.2077596996245306,7.038310215688967,-1.4378853283309807,-1.4378853283309807,1.2641157137535997,0.8866576552391052,1.8155393600463867,1.35453462600708,0.13519111275672913,-0.1397681087255478,-0.6808112859725952,1.7474595308303833,0.36280614137649536
2.2121401752190235,8.216553233061582,1.154033263414057,1.154033263414057,-0.23971410185421962,0.894610583782196,1.83059823513031,1.3551268577575684,0.13470759987831116,-0.14275038242340088,-0.7597182989120483,1.7490488290786743,0.5912081599235535
2.216520650813517,4.9842055143967245,0.17036623758178793,0.17036623758178793,-0.041942845767572234,0.9026294946670532,1.812777042388916,1.3557169437408447,0.14753776788711548,-0.14607830345630646,-0.719016432762146,1.751638650894165,0.4852781891822815
2.22090112640801,6.129663183448193,0.15016552116348264,0.15016552116348264,-0.5209307441467484,0.9105703234672546,1.803922176361084,1.3563631772994995,0.13802826404571533,-0.14922793209552765,-0.7128163576126099,1.7537643909454346,0.44286540150642395
2.225281602002503,8.236841243859296,1.308673501402865,1.308673501402865,-0.7336313332766692,0.9184723496437073,1.7832456827163696,1.356967806816101,0.13802842795848846,-0.15235041081905365,-0.6932182312011719,1.755704402923584,0.28833669424057007
2.229662077596996,7.163610051150531,-0.15297148590076237,-0.15297148590076237,-0.30424157605344887,0.9262838363647461,1.7545474767684937,1.3575724363327026,0.15303130447864532,-0.1553870439529419,-0.6335764527320862,1.7569674253463745,0.07257865369319916
2.234042553191489,6.767642434348469,-1.6714186128373971,-1.6714186128373971,0.2882957744801836,0.9339696168899536,1.7362269163131714,1.3582427501678467,0.15923257172107697,-0.1581624150276184,-0.6291589140892029,1.7572853565216064,-0.043320074677467346
2.2384230287859825,6.201274774893848,2.471308245931348,2.471308245931348,0.29669442285279424,0.9415751099586487,1.7305355072021484,1.3589402437210083,0.16048584878444672,-0.1609184294939041,-0.6863887906074524,1.7570955753326416,-0.02843504399061203
2.2428035043804755,8.854949510261836,1.5764954733329033,1.5764954733329033,-0.33258808456813105,0.9491556882858276,1.725844144821167,1.3596432209014893,0.1579006463289261,-0.1639251410961151,-0.6228832006454468,1.756971001625061,-0.008057475090026855
2.2471839799749684,9.14320608107483,0.37283226019431925,0.37283226019431925,0.137695141068391,0.9567157030105591,1.7034515142440796,1.360334873199463,0.17549335956573486,-0.16665366291999817,-0.5671318769454956,1.756935715675354,-0.14337599277496338
2.251564455569462,11.008025446647387,0.8456050390632319,0.8456050390632319,0.566803680986875,0.9641776084899902,1.6899620294570923,1.3611036539077759,0.19317631423473358,-0.16913796961307526,-0.5602651238441467,1.756307601928711,-0.17929986119270325
2.255944931163955,3.282025915391398,0.7145300773698514,0.7145300773698514,0.2766757251807155,0.971580445766449,1.681708574295044,1.3619498014450073,0.22166146337985992,-0.17159219086170197,-0.5521232485771179,1.7555221319198608,-0.1360272467136383
2.260325406758448,6.3776828700482255,1.2844513856415094,1.2844513856415094,0.9726833658381565,0.978947103023529,1.681388020515442,1.3629207611083984,0.19957226514816284,-0.1740107536315918,-0.5393365025520325,1.754926323890686,-0.09989186376333237
2.264705882352941,7.269062358088473,2.4349405805669613,2.4349405805669613,-0.4114846800625305,0.9863123893737793,1.689549207687378,1.3637950420379639,0.1955232471227646,-0.17637330293655396,-0.5302318930625916,1.7544887065887451,0.06439615041017532
2.269086357947434,8.13364326435063,0.25261263712047277,0.25261263712047277,-0.05130888429454189,0.9937134385108948,1.6676005125045776,1.3646515607833862,0.20269058644771576,-0.17869597673416138,-0.4471072554588318,1.7547707557678223,-0.0781131163239479
2.2734668335419275,4.265682513094043,0.27979869170748917,0.27979869170748917,1.3184593571927765,1.0010182857513428,1.6512526273727417,1.3655394315719604,0.21425209939479828,-0.18065452575683594,-0.43823179602622986,1.7544286251068115,-0.14930838346481323
2.2778473091364204,9.542603668250436,-1.2019575139818834,-1.2019575139818834,1.036345573360938,1.0082515478134155,1.6701477766036987,1.3664779663085938,0.19474878907203674,-0.18257418274879456,-0.468563973903656,1.753774642944336,0.1048288643360138
2.2822277847309134,5.4887316306236915,-0.295104035433714,-0.295104035433714,-0.7463304027466111,1.0155675411224365,1.6731208562850952,1.3673310279846191,0.21155881881713867,-0.1846267133951187,-0.5339295268058777,1.7542338371276855,0.258442223072052
2.2866082603254068,4.757799877792472,-0.9181724961708969,-0.9181724961708969,0.2625013266002971,1.022896647453308,1.6472481489181519,1.368257761001587,0.20803217589855194,-0.18696558475494385,-0.5207523107528687,1.7553659677505493,0.055559784173965454
2.2909887359199,4.573494386943803,-0.29555416698736964,-0.29555416698736964,0.8578867892820417,1.030112385749817,1.6433372497558594,1.369168996810913,0.19581128656864166,-0.18924672901630402,-0.5552317500114441,1.755609393119812,0.07649712264537811
2.2953692115143927,9.516668093671615,-0.12325517777594425,-0.12325517777594425,0.03952869115923602,1.0373109579086304,1.6518802642822266,1.370026707649231,0.18007180094718933,-0.19167891144752502,-0.5889158844947815,1.7559444904327393,0.2276538908481598
2.299749687108886,7.840770486760176,-1.3387146708031987,-1.3387146708031987,-0.5632914473814636,1.0445469617843628,1.6337329149246216,1.3708155155181885,0.20041009783744812,-0.1942586451768875,-0.5936697125434875,1.7569416761398315,0.1633177101612091
2.304130162703379,10.232237220947427,2.0562116384202103,2.0562116384202103,-0.5309092253081747,1.0517034530639648,1.6064094305038452,1.3716933727264404,0.2118905484676361,-0.1968591958284378,-0.6163145303726196,1.7576570510864258,-0.01938427984714508
2.3085106382978724,8.867887871574336,1.2833206206010033,1.2833206206010033,0.9957057378618331,1.058740258216858,1.5746991634368896,1.3726215362548828,0.2391972541809082,-0.19955894351005554,-0.5407624244689941,1.7575721740722656,-0.21420854330062866
2.3128911138923653,5.10409610175676,2.245128757892809,2.245128757892809,-0.9742945371011138,1.0656381845474243,1.5767959356307983,1.3736693859100342,0.2514614462852478,-0.20192773640155792,-0.5323631763458252,1.7566338777542114,-0.06795148551464081
2.3172715894868583,7.697737569768458,2.1756065952230053,2.1756065952230053,-1.58893403199732,1.0725452899932861,1.5462538003921509,1.3747708797454834,0.24623678624629974,-0.2042597383260727,-0.4383457899093628,1.7563362121582031,-0.3193098306655884
2.321652065081352,8.531774488416046,-0.3005962596136905,-0.3005962596136905,-0.2956046359096246,1.079318642616272,1.4975906610488892,1.3758494853973389,0.2605840861797333,-0.2061799019575119,-0.32840925455093384,1.7549375295639038,-0.7246105670928955
2.3260325406758446,5.9259823724453975,0.25839053108746396,0.25839053108746396,-0.09625488265037946,1.085878849029541,1.4734909534454346,1.3769909143447876,0.2753050625324249,-0.20761848986148834,-0.32855501770973206,1.7517633438110352,-0.8562648296356201
2.330413016270338,7.265664023037548,0.11112224131327952,0.11112224131327952,0.0054919212117457705,1.092333436012268,1.4589159488677979,1.3781968355178833,0.2718014121055603,-0.20905771851539612,-0.31819823384284973,1.7480125427246094,-0.923870861530304
2.334793491864831,4.501494066763642,0.16669845982557208,0.16669845982557208,-0.0008677288495813062,1.098724126815796,1.443539023399353,1.3793874979019165,0.27673646807670593,-0.21045157313346863,-0.31511348485946655,1.74396550655365,-0.979666531085968
2.339173967459324,6.1262052806013365,0.9175618712136835,0.9175618712136835,1.0243251296244515,1.1050474643707275,1.4338728189468384,1.3805997371673584,0.2632562518119812,-0.2118319272994995,-0.31022003293037415,1.7396740913391113,-1.014930248260498
2.3435544430538173,6.138723545071249,-1.0603378013151628,-1.0603378013151628,0.03468803777969687,1.1113284826278687,1.441759705543518,1.3817529678344727,0.25690948963165283,-0.21319083869457245,-0.31333786249160767,1.735228180885315,-0.8402978181838989
2.3479349186483103,8.53001826145308,0.45439848337692823,0.45439848337692823,0.41916708516528917,1.1176440715789795,1.429311990737915,1.382878303527832,0.25420844554901123,-0.21456341445446014,-0.345316082239151,1.731547236442566,-0.8799004554748535
2.3523153942428032,7.097392633452393,-1.2517724658384164,-1.2517724658384164,0.2221585152970051,1.1239051818847656,1.4196109771728516,1.3839918375015259,0.2660028040409088,-0.21607606112957,-0.3442872166633606,1.7276928424835205,-0.8541414141654968
2.3566958698372966,8.739559096280665,-0.08823834600847913,-0.08823834600847913,1.0955516449002327,1.1301237344741821,1.4088932275772095,1.3851571083068848,0.2689629793167114,-0.21758420765399933,-0.38733068108558655,1.7239513397216797,-0.8598291873931885
2.3610763454317896,7.0314246057870955,-1.023228689371222,-1.023228689371222,0.44939161800256655,1.1362953186035156,1.412569522857666,1.3863352537155151,0.2799791991710663,-0.2192808985710144,-0.4219011068344116,1.7201849222183228,-0.6882871389389038
2.3654568210262825,5.4128290670541155,0.8338436413210315,0.8338436413210315,1.1356697318756377,1.1424829959869385,1.406598448753357,1.3875616788864136,0.2818604111671448,-0.22112902998924255,-0.4649062752723694,1.7171698808670044,-0.6436344385147095
2.369837296620776,8.088414559241045,0.738183338898174,0.738183338898174,-0.018226789951930278,1.1486445665359497,1.418212652206421,1.388796329498291,0.2709914743900299,-0.22316554188728333,-0.4737205505371094,1.7143504619598389,-0.43796414136886597
2.374217772215269,6.695935793639117,0.8683215658275042,0.8683215658275042,0.9785063077973943,1.1548570394515991,1.4001688957214355,1.3899834156036377,0.28133440017700195,-0.22524066269397736,-0.45163097977638245,1.7124320268630981,-0.5022917985916138
2.3785982478097623,9.176189240945575,0.1230715751211443,0.1230715751211443,0.17852803412575657,1.1609904766082764,1.4056106805801392,1.3912158012390137,0.2795097529888153,-0.22721901535987854,-0.4548487365245819,1.7102317810058594,-0.3402027487754822
2.382978723404255,6.956499857879102,1.0034019062214208,1.0034019062214208,0.8895144500384173,1.1671477556228638,1.3890092372894287,1.3924401998519897,0.29640480875968933,-0.2292114645242691,-0.45646825432777405,1.708741545677185,-0.36999183893203735
2.387359198998748,4.704085865359811,0.38601343898241647,0.38601343898241647,-0.4900696958325519,1.1732323169708252,1.3918757438659668,1.3937386274337769,0.29661545157432556,-0.23121100664138794,-0.453142374753952,1.7071207761764526,-0.22917556762695312
2.391739674593241,5.526546122257064,0.9773117751597309,0.9773117751597309,0.9519373291269371,1.1793293952941895,1.3712400197982788,1.3950378894805908,0.2859499454498291,-0.23319599032402039,-0.42755797505378723,1.7061169147491455,-0.37058737874031067
2.3961201501877345,10.187409284523708,-0.40986200507885107,-0.40986200507885107,-0.6427823181256871,1.1853361129760742,1.378422498703003,1.3962905406951904,0.27657946944236755,-0.2350689023733139,-0.4268169701099396,1.704493522644043,-0.20570068061351776
2.400500625782228,8.435956298432956,0.8479963371252999,0.8479963371252999,1.3231239524034912,1.1913743019104004,1.342084288597107,1.397502064704895,0.30230700969696045,-0.23693856596946716,-0.4200149476528168,1.7035924196243286,-0.42147448658943176
2.404881101376721,5.14734095556278,0.875137361073374,0.875137361073374,-0.03456796936367551,1.1972532272338867,1.3501529693603516,1.3988263607025146,0.3110116422176361,-0.23877842724323273,-0.4338901937007904,1.7017461061477661,-0.19815149903297424
2.409261576971214,6.5990114673447495,-0.7408292988566637,-0.7408292988566637,0.18735916902232305,1.2031675577163696,1.3376450538635254,1.400188684463501,0.3018973469734192,-0.240679070353508,-0.4073239266872406,1.7008781433105469,-0.24436788260936737
2.413642052565707,9.064727508463879,-0.020875302679246532,-0.020875302679246532,1.0882876989187333,1.2090270519256592,1.3262971639633179,1.4015111923217773,0.30167922377586365,-0.2424633502960205,-0.43442997336387634,1.6998076438903809,-0.2535346448421478
2.4180225281602,6.411711971330192,-0.04732867026596271,-0.04732867026596271,-0.4324827474020684,1.214836835861206,1.327748417854309,1.4028327465057373,0.31519263982772827,-0.2443663626909256,-0.4668210446834564,1.6986970901489258,-0.08614903688430786
2.422403003754693,6.416998824166328,-2.075188599539274,-2.075188599539274,0.1660433021068968,1.2206530570983887,1.3038655519485474,1.4042134284973145,0.3153766393661499,-0.2464112639427185,-0.45557332038879395,1.698319673538208,-0.22844158113002777
2.4267834793491865,4.526497393657829,1.0394749994903754,1.0394749994903754,-0.34861320999608547,1.2263646125793457,1.292222023010254,1.4055949449539185,0.31396809220314026,-0.24840688705444336,-0.5210244059562683,1.6973190307617188,-0.24125055968761444
2.4311639549436794,4.5503822214753775,-0.9801128853803259,-0.9801128853803259,-0.07127612704909303,1.232025146484375,1.2743223905563354,1.4069702625274658,0.30151450634002686,-0.25068920850753784,-0.4804878234863281,1.696262240409851,-0.3513224422931671
2.4355444305381724,3.3845260953668426,0.7348033217256609,0.7348033217256609,0.15572023532470908,1.2376072406768799,1.2620126008987427,1.408290982246399,0.28844064474105835,-0.25279396772384644,-0.5070287585258484,1.6947232484817505,-0.4015713930130005
2.4399249061326658,7.2523613201843125,1.6047147653797382,1.6047147653797382,0.34330163766027405,1.2431354522705078,1.2571152448654175,1.4095544815063477,0.26712340116500854,-0.25501498579978943,-0.4901176989078522,1.6929641962051392,-0.3937396705150604
2.4443053817271587,7.826659613545775,1.7122949539931804,1.7122949539931804,-0.8113510383300563,1.2486422061920166,1.246720552444458,1.4107246398925781,0.2705855071544647,-0.257161945104599,-0.4532804489135742,1.6912394762039185,-0.37493664026260376
2.448685857321652,8.086484394438676,0.20019880453184669,0.20019880453184669,-0.06159877181200951,1.254103422164917,1.2109642028808594,1.4119099378585815,0.28066781163215637,-0.2591475248336792,-0.3795819878578186,1.6895971298217773,-0.6108729839324951
2.453066332916145,8.318106713000992,-0.5786028382603197,-0.5786028382603197,0.2120043550841572,1.2594079971313477,1.1899521350860596,1.4131393432617188,0.290434867143631,-0.2608102858066559,-0.3719366788864136,1.686921238899231,-0.6863479614257812
2.457446808510638,6.860018286611944,0.6601444771941798,0.6601444771941798,-0.37444100902593935,1.2646205425262451,1.1739528179168701,1.4144115447998047,0.3009665310382843,-0.2624395489692688,-0.3950249254703522,1.6839146614074707,-0.704135537147522
2.4618272841051314,6.476915162248709,1.1287368666514006,1.1287368666514006,-0.065906121750964,1.2697629928588867,1.149336338043213,1.4157298803329468,0.3033398389816284,-0.26416993141174316,-0.3648117482662201,1.6808302402496338,-0.8376796841621399
2.4662077596996244,9.556050268053328,0.7258937945469619,0.7258937945469619,-0.18770731755639608,1.2747976779937744,1.1319761276245117,1.4170587062835693,0.3023671507835388,-0.26576799154281616,-0.3299243748188019,1.6771608591079712,-0.901253342628479
2.4705882352941178,6.453767036798332,-1.2415296198335337,-1.2415296198335337,-0.6734178119498717,1.2797563076019287,1.1044365167617798,1.418383240699768,0.3215909004211426,-0.26721322536468506,-0.30324432253837585,1.6732128858566284,-1.0142755508422852
2.4749687108886107,6.749740259104833,2.017455275631071,2.017455275631071,1.065716652405591,1.2845942974090576,1.0744638442993164,1.4197919368743896,0.32153746485710144,-0.2685415744781494,-0.31983497738838196,1.6687698364257812,-1.208779215812683
2.479349186483104,4.770551992247615,-2.3394373661571164,-2.3394373661571164,0.6748625860658217,1.2893009185791016,1.0797481536865234,1.4212003946304321,0.3195803165435791,-0.26994261145591736,-0.29204118251800537,1.6634747982025146,-1.028141736984253
2.483729662077597,6.963106239946938,-0.3679480095989578,-0.3679480095989578,0.3992092809932116,1.294030785560608,1.0818578004837036,1.422600269317627,0.3057866096496582,-0.2712218761444092,-0.380068302154541,1.6589710712432861,-0.9170948266983032
2.48811013767209,3.861300709002732,-0.07586571747115683,-0.07586571747115683,1.2803166358227125,1.2987698316574097,1.0728083848953247,1.4239397048950195,0.30682167410850525,-0.2728867530822754,-0.40247172117233276,1.6549537181854248,-0.8815504908561707
2.492490613266583,5.499470362461077,0.7908005826016645,0.7908005826016645,-0.7633713451334571,1.3034693002700806,1.0897239446640015,1.425283670425415,0.28626418113708496,-0.2746497690677643,-0.44207653403282166,1.6510920524597168,-0.6321365237236023
2.4968710888610763,8.80830422379795,0.23277349661742308,0.23277349661742308,0.0992779250824859,1.3082427978515625,1.0601304769515991,1.4265376329421997,0.27994459867477417,-0.27658626437187195,-0.396689772605896,1.6483229398727417,-0.8373881578445435
2.5012515644555693,7.409947185053304,-0.027094550672746187,-0.027094550672746187,0.42022641902972924,1.3128867149353027,1.0400663614273071,1.4277639389038086,0.2934013903141022,-0.2783239483833313,-0.3927912712097168,1.6446547508239746,-0.8794569969177246
2.5056320400500622,5.002943995806327,0.6098318886236098,0.6098318886236098,0.920620811194707,1.3174426555633545,1.0301167964935303,1.4290491342544556,0.2972675561904907,-0.2800445556640625,-0.4058544635772705,1.640802264213562,-0.8415857553482056
2.510012515644556,3.923317424166538,0.8422710648472905,0.8422710648472905,0.9657437122986954,1.3219550848007202,1.0365869998931885,1.4303512573242188,0.2849055528640747,-0.2818223834037781,-0.4149304926395416,1.637115716934204,-0.6777596473693848
2.5143929912390486,8.97901910596353,-2.0218977654316994,-2.0218977654316994,0.9860785355078191,1.326495885848999,1.046701192855835,1.4315992593765259,0.26567336916923523,-0.28363996744155884,-0.4185362756252289,1.634146809577942,-0.49629849195480347
2.518773466833542,7.143631267168692,2.7406210045087027,2.7406210045087027,-0.8081136255775253,1.3310809135437012,1.0443603992462158,1.4327629804611206,0.2790715992450714,-0.2854733467102051,-0.506378710269928,1.6319727897644043,-0.3461345434188843
2.523153942428035,2.360201312887332,-0.18185892836336692,-0.18185892836336692,0.24673427047741284,1.335655689239502,1.0093283653259277,1.4339854717254639,0.2830063998699188,-0.28769153356552124,-0.4027444124221802,1.630456566810608,-0.5718215107917786
2.527534418022528,5.950897276557314,3.73784250159931,3.73784250159931,-0.4196856276915286,1.3400770425796509,1.0083857774734497,1.4352251291275024,0.2547528147697449,-0.28945574164390564,-0.4152607023715973,1.627951741218567,-0.5350680351257324
2.5319148936170213,7.648170083795971,2.325498592044172,2.325498592044172,-0.1849096243807228,1.3444942235946655,0.9843122959136963,1.4363410472869873,0.2503587007522583,-0.2912747859954834,-0.2938477098941803,1.6256078481674194,-0.6681220531463623
2.536295369211514,10.21132531752545,0.6053332107209096,0.6053332107209096,0.5337792334355872,1.3488060235977173,0.9606565833091736,1.4374377727508545,0.25646498799324036,-0.29256197810173035,-0.22053584456443787,1.6226811408996582,-0.7622132897377014
2.540675844806008,6.4834929605997065,1.9089156220502659,1.9089156220502659,-0.3860955516179308,1.3530141115188599,0.9452502131462097,1.438561201095581,0.2781205475330353,-0.2935280203819275,-0.21844623982906342,1.61934232711792,-0.7183012962341309
2.545056320400501,6.44308622320167,2.8278590848876273,2.8278590848876273,0.18687863360829407,1.3571547269821167,0.9203792810440063,1.43977952003479,0.27684855461120605,-0.2944849133491516,-0.15142463147640228,1.616195797920227,-0.8472648859024048
2.549436795994993,5.568852089335188,0.10511684252405351,0.10511684252405351,0.5919363844097325,1.3611863851547241,0.9075117707252502,1.4409922361373901,0.2746395468711853,-0.29514822363853455,-0.0742996335029602,1.612484335899353,-0.8514768481254578
2.553817271589487,6.565175751572166,0.12805612571524164,0.12805612571524164,0.7239703596706906,1.3651617765426636,0.9053506255149841,1.4421952962875366,0.26647230982780457,-0.29547369480133057,-0.08851630985736847,1.6087545156478882,-0.7614912390708923
2.55819774718398,7.0356802266504435,-1.105833223689908,-1.105833223689908,-0.39190089836616265,1.369127631187439,0.9033822417259216,1.4433625936508179,0.26465916633605957,-0.29586145281791687,-0.10591889917850494,1.6054188013076782,-0.6493030786514282
2.562578222778473,4.97305910226749,1.2230963883467776,1.2230963883467776,0.246334288303097,1.3730849027633667,0.8770032525062561,1.4445219039916992,0.2667531371116638,-0.2963254153728485,-0.12676799297332764,1.6025745868682861,-0.7817785739898682
2.566958698372966,8.149698373847546,2.5764120578533642,2.5764120578533642,1.1181473561956186,1.3769265413284302,0.869250476360321,1.445690393447876,0.2551265358924866,-0.29688072204589844,-0.09824344515800476,1.5991500616073608,-0.7617484927177429
2.571339173967459,6.090185069908018,1.46250879329903,1.46250879329903,0.32819409249202924,1.3807343244552612,0.8714358806610107,1.4468079805374146,0.26327890157699585,-0.29731106758117676,-0.05565749108791351,1.595813274383545,-0.5736024379730225
2.575719649561952,6.604401169295106,1.818355187955321,1.818355187955321,0.13090615338976158,1.3845516443252563,0.8625289797782898,1.4479612112045288,0.2588587999343872,-0.2975548803806305,-0.022531908005475998,1.5933005809783936,-0.5426298379898071
2.580100125156445,8.668037057868652,0.7436561590409464,0.7436561590409464,0.6205781920246313,1.3883299827575684,0.8482064008712769,1.4490951299667358,0.2578297555446625,-0.29765358567237854,0.026746951043605804,1.590923547744751,-0.5575147271156311
2.5844806007509384,6.154082107943777,-0.5829119950785464,-0.5829119950785464,-0.19531770098984727,1.392045497894287,0.8387823700904846,1.45022451877594,0.269743412733078,-0.2975364327430725,0.030341217294335365,1.5884814262390137,-0.4793891906738281
2.588861076345432,6.67782905872446,1.4799999315760968,1.4799999315760968,0.20329583752507516,1.3957197666168213,0.8188897371292114,1.4514061212539673,0.26598283648490906,-0.2974035143852234,0.01902223564684391,1.586381435394287,-0.5614449977874756
2.593241551939925,6.009741478961259,0.04506998844700216,0.04506998844700216,0.08443408248595977,1.3993068933486938,0.8059812188148499,1.4525712728500366,0.265380322933197,-0.2973201870918274,0.05630604177713394,1.583922028541565,-0.5601861476898193
2.5976220275344177,8.910805667607027,0.9276348950082022,0.9276348950082022,-0.5856121130870833,1.4028375148773193,0.7923456430435181,1.4537338018417358,0.2605539858341217,-0.2970735430717468,0.05515648424625397,1.581468105316162,-0.5801053643226624
2.602002503128911,5.908794014456628,0.9416548573452795,0.9416548573452795,1.6274635837496925,1.4063084125518799,0.7573914527893066,1.454875111579895,0.27435073256492615,-0.2968319356441498,0.09934809803962708,1.578926920890808,-0.7632304430007935
2.606382978723404,3.4819619118719682,0.6149161127414086,0.6149161127414086,-0.5847180825963462,1.4096261262893677,0.7762168049812317,1.4560768604278564,0.2685026526451111,-0.29639673233032227,0.07932031154632568,1.575583577156067,-0.4474118947982788
2.610763454317897,6.612941015158836,0.7279970524373509,0.7279970524373509,0.6758349375932531,1.4130263328552246,0.7552076578140259,1.4572529792785645,0.24768367409706116,-0.2960492670536041,0.11435343325138092,1.5736236572265625,-0.5956541895866394
2.6151439299123904,5.502695613485865,1.130243327731013,1.130243327731013,0.37775223512613854,1.4163345098495483,0.752539873123169,1.4583379030227661,0.24664200842380524,-0.29554834961891174,0.11587673425674438,1.571014404296875,-0.48970356583595276
2.619524405506884,6.404975564404375,2.820812575606021,2.820812575606021,-0.503233568641473,1.419631004333496,0.7465271353721619,1.4594182968139648,0.23861218988895416,-0.2950407564640045,0.13785186409950256,1.5688692331314087,-0.4412161707878113
2.6239048811013768,10.78636825669332,1.3955933481784626,1.3955933481784626,0.606814266733961,1.4229011535644531,0.7199515104293823,1.460463523864746,0.2363276183605194,-0.29443690180778503,0.2349245548248291,1.5669364929199219,-0.5888198018074036
2.6282853566958697,7.650961785253653,1.5311029815170223,1.5311029815170223,-0.0790839196639257,1.426054835319519,0.705566942691803,1.461498737335205,0.26195162534713745,-0.2934078276157379,0.25795939564704895,1.5643571615219116,-0.5216290950775146
2.6326658322903627,9.210003606948959,0.07837264558300366,0.07837264558300366,0.02000051789617263,1.4291455745697021,0.6848600506782532,1.462646245956421,0.2675838768482208,-0.29227784276008606,0.30498194694519043,1.5620721578598022,-0.5838549137115479
2.637046307884856,7.687456401547919,-0.45206031409735925,-0.45206031409735925,0.9677695078942801,1.432145595550537,0.6624590754508972,1.4638184309005737,0.28313976526260376,-0.29094186425209045,0.3066866099834442,1.5595146417617798,-0.6331626176834106
2.641426783479349,6.784953132449068,-1.8250050456518276,-1.8250050456518276,0.798575562941631,1.4350475072860718,0.663684070110321,1.46505868434906,0.2892046868801117,-0.2895984351634979,0.26522308588027954,1.5567411184310913,-0.4675740599632263
2.645807259073842,6.700040682098561,-2.227352218032488,-2.227352218032488,0.37960461840991344,1.4379547834396362,0.6637192368507385,1.4663255214691162,0.2896102964878082,-0.288436621427536,0.18860620260238647,1.5546928644180298,-0.3329128623008728
2.650187734668336,4.695123948523808,-2.000978968926072,-2.000978968926072,-0.09654052194980403,1.4408621788024902,0.6553308963775635,1.4675941467285156,0.2894217371940613,-0.2876104414463043,0.11247479915618896,1.553234577178955,-0.28815197944641113
2.6545682102628283,5.537732694637477,1.2670237271937852,1.2670237271937852,0.27388026817121325,1.4437328577041626,0.6419514417648315,1.4688619375228882,0.2763078212738037,-0.28711774945259094,0.05685915797948837,1.5519723892211914,-0.3351537585258484
2.6589486858573217,9.251430859515553,-0.3036047059217486,-0.3036047059217486,0.018217208876382673,1.446544885635376,0.6342781782150269,1.4700722694396973,0.2686971426010132,-0.286868691444397,0.08586209267377853,1.550504207611084,-0.30635127425193787
2.663329161451814,9.638719237993943,1.287368068145046,1.287368068145046,-0.0895305587076124,1.449323296546936,0.6123592257499695,1.4712493419647217,0.2846662998199463,-0.28649258613586426,0.07646387070417404,1.5491622686386108,-0.3531399369239807
2.667709637046308,6.807239551768267,-1.2038853393994589,-1.2038853393994589,1.276075321497409,1.4520057439804077,0.5873197317123413,1.4724962711334229,0.3030439615249634,-0.28615763783454895,0.11667367815971375,1.5476152896881104,-0.42507433891296387
2.672090112640801,5.338558245452777,1.1139680510878076,1.1139680510878076,-0.22960281458333062,1.4545785188674927,0.5975512862205505,1.4738237857818604,0.3040039837360382,-0.28564655780792236,0.0442509651184082,1.5457532405853271,-0.18532419204711914
2.676470588235294,3.4428677807371106,0.7837724868380983,0.7837724868380983,-0.5105992200515495,1.4571961164474487,0.5800089836120605,1.4751554727554321,0.29492855072021484,-0.2854527235031128,0.08348749577999115,1.5449414253234863,-0.26372790336608887
2.6808510638297878,5.1254579429057125,-0.4339899220240355,-0.4339899220240355,0.6250916705298221,1.4597368240356445,0.5611626505851746,1.476447343826294,0.27359890937805176,-0.2850870192050934,0.1212872564792633,1.5437861680984497,-0.3927993178367615
2.6852315394242803,3.222400927072592,0.17011363659731635,0.17011363659731635,0.04362716776287141,1.4621950387954712,0.5619620680809021,1.4776458740234375,0.2635866105556488,-0.28455573320388794,0.09035871922969818,1.5420655012130737,-0.28454357385635376
2.689612015018773,7.191569534614084,1.39036865644988,1.39036865644988,-0.3961324238894735,1.4646567106246948,0.5552187561988831,1.4788005352020264,0.24114902317523956,-0.28415992856025696,0.0940525233745575,1.5408190488815308,-0.29206302762031555
2.6939924906132666,6.655678332093587,-1.0407686179157722,-1.0407686179157722,0.7551482438222992,1.4670888185501099,0.529940128326416,1.4798568487167358,0.24374130368232727,-0.28374794125556946,0.1462240219116211,1.5395396947860718,-0.41557246446609497
2.69837296620776,4.698755943370311,-0.12625034115045547,-0.12625034115045547,-0.833549322365053,1.4694101810455322,0.5299283266067505,1.4809246063232422,0.24362041056156158,-0.2831073999404907,0.09377755224704742,1.5377192497253418,-0.28650861978530884
2.7027534418022525,9.714784976820008,2.5857127028721876,2.5857127028721876,0.8543397772573658,1.4717315435409546,0.5015240907669067,1.4819917678833008,0.22999824583530426,-0.28269660472869873,0.1144329234957695,1.5364642143249512,-0.49138545989990234
2.707133917396746,7.738793496001827,2.7581574955904165,2.7581574955904165,0.12070358972190853,1.473928451538086,0.49649035930633545,1.482999324798584,0.2494775652885437,-0.2821953296661377,0.1649945080280304,1.5343117713928223,-0.355923056602478
2.711514392991239,7.101512225505919,0.39232094536988676,0.39232094536988676,0.3171841358106404,1.4761033058166504,0.48089563846588135,1.484092116355896,0.25588756799697876,-0.2814725637435913,0.2420165240764618,1.5327526330947876,-0.3689500391483307
2.715894868585732,8.680681418714059,1.4127595920112752,1.4127595920112752,0.7074717801981214,1.4782098531723022,0.4709441065788269,1.485213041305542,0.2583949863910675,-0.2804124057292938,0.24421074986457825,1.5311365127563477,-0.33583512902259827
2.720275344180225,6.648786705950947,-2.1995048164055944,-2.1995048164055944,0.060988426092653356,1.4802727699279785,0.46553418040275574,1.4863449335098267,0.27132734656333923,-0.2793426513671875,0.26480740308761597,1.5296653509140015,-0.22557967901229858
2.724655819774718,5.897151646019762,0.35820707933159557,0.35820707933159557,0.14817734032214944,1.4823120832443237,0.4514649212360382,1.487533450126648,0.27080363035202026,-0.27818265557289124,0.19879382848739624,1.528677225112915,-0.24502235651016235
2.729036295369212,6.608764373468255,3.4075765722087366,3.4075765722087366,0.22609897053052885,1.4842897653579712,0.44101184606552124,1.4887197017669678,0.2655692994594574,-0.2773118317127228,0.20492736995220184,1.5276038646697998,-0.24161802232265472
2.7334167709637045,9.94223382383761,-2.7906031956745236,-2.7906031956745236,-0.5234002628504641,1.4862215518951416,0.4306078553199768,1.4898830652236938,0.26495853066444397,-0.276414155960083,0.2978366017341614,1.5265454053878784,-0.22452881932258606
2.737797246558197,7.862298011706857,0.26203870797379997,0.26203870797379997,0.03541076897370381,1.4881078004837036,0.3970900774002075,1.4910436868667603,0.28495603799819946,-0.27510949969291687,0.23162709176540375,1.525561809539795,-0.3855997323989868
2.742177722152691,5.784746543948309,0.2827861255033392,0.2827861255033392,-0.0838609558115557,1.4898473024368286,0.38003215193748474,1.4922919273376465,0.29216548800468445,-0.2740948498249054,0.23824535310268402,1.52387273311615,-0.41522035002708435
2.746558197747184,6.2262126480446005,1.7751715486023487,1.7751715486023487,0.6114530567289308,1.4915120601654053,0.365265429019928,1.4935717582702637,0.2859894335269928,-0.2730512320995331,0.24895261228084564,1.522053837776184,-0.4605209231376648
2.750938673341677,9.091615357543546,-0.3964755776205623,-0.3964755776205623,0.31298758060315535,1.4931120872497559,0.3640405535697937,1.4948245286941528,0.28332704305648804,-0.27196070551872253,0.28293687105178833,1.5200365781784058,-0.35681989789009094
2.75531914893617,5.811812199476913,1.595199641040618,1.595199641040618,0.11238562944520417,1.4947067499160767,0.3503090441226959,1.496065616607666,0.2987299859523773,-0.27072131633758545,0.26221829652786255,1.518473505973816,-0.3305067718029022
2.759699624530663,8.13837416978625,-0.6754719096328644,-0.6754719096328644,-0.644298234987393,1.4962412118911743,0.3397865295410156,1.497374176979065,0.29298385977745056,-0.2695726752281189,0.305521160364151,1.5170257091522217,-0.33236241340637207
2.7640801001251565,9.127473903698986,-1.4522997937595616,-1.4522997937595616,1.0864297768526847,1.4977296590805054,0.3084864020347595,1.4986575841903687,0.30127936601638794,-0.26823434233665466,0.3046107888221741,1.515569806098938,-0.5082947611808777
2.768460575719649,8.443806598172543,-0.009256643535790698,-0.009256643535790698,0.6772106580098176,1.499081015586853,0.3111191987991333,1.4999773502349854,0.3178249001502991,-0.2669000029563904,0.23047183454036713,1.5133432149887085,-0.3129808306694031
2.7728410513141424,4.511248466619211,-0.08154650880047237,-0.08154650880047237,0.8030443386093401,1.5004438161849976,0.30686649680137634,1.501369595527649,0.32964155077934265,-0.2658904194831848,0.21042481064796448,1.511972188949585,-0.20274457335472107
2.777221526908636,7.007008678180411,1.8658978880544925,1.8658978880544925,-0.1219364424824225,1.5017880201339722,0.3138139247894287,1.5028135776519775,0.3165028393268585,-0.2649686634540558,0.18459194898605347,1.5110840797424316,-0.04799260199069977
2.7816020025031287,7.18804104066182,1.2141399415119758,1.2141399415119758,-0.4170156841444221,1.5031626224517822,0.2962133288383484,1.5041999816894531,0.31822699308395386,-0.26416006684303284,0.24264301359653473,1.510873794555664,-0.10415466129779816
2.7859824780976217,10.96900939616408,1.9720341319571308,1.9720341319571308,0.004061856883561005,1.5044602155685425,0.27214327454566956,1.50559401512146,0.3207482099533081,-0.2630971670150757,0.2902779281139374,1.5104175806045532,-0.22489427030086517
2.790362953692115,3.7417739666983403,1.9997402207481967,1.9997402207481967,0.27392306212517825,1.5056523084640503,0.248829647898674,1.5069990158081055,0.3480038642883301,-0.2618256211280823,0.3477489650249481,1.5094324350357056,-0.26999014616012573
2.794743429286608,8.101464183251283,-0.9467786796164342,-0.9467786796164342,-0.25002695635500805,1.5067423582077026,0.24658866226673126,1.5085234642028809,0.32932013273239136,-0.2603023052215576,0.3981482982635498,1.5082497596740723,-0.22612839937210083
2.7991239048811014,3.779233389184421,0.027840845837670797,0.027840845837670797,0.7679060464491538,1.5078225135803223,0.22433742880821228,1.5099660158157349,0.33791854977607727,-0.2585582137107849,0.37780094146728516,1.5072592496871948,-0.31345874071121216
2.8035043804755944,1.8582666998833552,0.07514996848086902,0.07514996848086902,0.319792995121545,1.508805274963379,0.23240014910697937,1.511446237564087,0.3201499283313751,-0.2569032609462738,0.35618868470191956,1.505886197090149,-0.16226130723953247
2.8078848560700878,5.093039313749358,0.1782854552576893,0.1782854552576893,1.4264627005700263,1.5098233222961426,0.2351936548948288,1.5128486156463623,0.28951722383499146,-0.2553429901599884,0.3490443229675293,1.5051754713058472,-0.10032790899276733
2.8122653316645807,6.260429338898519,1.800586118525231,1.800586118525231,-0.4144515974142077,1.5108535289764404,0.2543467581272125,1.514116883277893,0.28116828203201294,-0.2538140118122101,0.31259357929229736,1.5047359466552734,0.18886330723762512
2.8166458072590737,5.582600351927726,-1.0343688322029492,-1.0343688322029492,-0.1191283060070612,1.511967658996582,0.23294170200824738,1.5153485536575317,0.2777990400791168,-0.25244471430778503,0.37727969884872437,1.5055632591247559,0.07470349222421646
2.821026282853567,8.447332944149066,-0.775557957083206,-0.775557957083206,-0.6438263518927028,1.5129880905151367,0.21911108493804932,1.5165654420852661,0.27051398158073425,-0.2507920563220978,0.3505517840385437,1.5058904886245728,0.02725108712911606
2.82540675844806,8.912859345843868,2.3414718574417366,2.3414718574417366,-1.3680735072045829,1.51394784450531,0.18866433203220367,1.5177503824234009,0.28094616532325745,-0.24925647675991058,0.3467048108577728,1.506009817123413,-0.14480116963386536
2.829787234042553,6.443821488282111,1.651870537582238,1.651870537582238,0.9998453977476793,1.5147743225097656,0.14234405755996704,1.5189810991287231,0.2934108376502991,-0.24773775041103363,0.4550352990627289,1.5053755044937134,-0.4753674566745758
2.8341677096370463,4.927704613360819,2.109793404173308,2.109793404173308,-0.15008602931989626,1.5153979063034058,0.15027084946632385,1.5202664136886597,0.2931400537490845,-0.2457444816827774,0.474076509475708,1.5032931566238403,-0.28297293186187744
2.8385481852315397,5.1728056130288,3.0983076871666175,3.0983076871666175,1.3225682146018014,1.5160561800003052,0.13743187487125397,1.5215505361557007,0.28162479400634766,-0.24366779625415802,0.5400721430778503,1.5020536184310913,-0.3336929678916931
2.842928660826032,6.241612902734968,-0.08960165064036424,-0.08960165064036424,-0.7968178574037514,1.5166581869125366,0.1547999083995819,1.5227842330932617,0.27379265427589417,-0.241302028298378,0.5919293761253357,1.5005918741226196,-0.06576704978942871
2.8473091364205256,3.737052343817484,0.6917335464410733,0.6917335464410733,0.29211608435768693,1.5173362493515015,0.12620289623737335,1.5239835977554321,0.2698538303375244,-0.23870909214019775,0.6125823259353638,1.5003037452697754,-0.2606024146080017
2.8516896120150186,6.87869406825347,-0.5930631420772734,-0.5930631420772734,0.6716309272388642,1.5178890228271484,0.12514078617095947,1.5251656770706177,0.25136613845825195,-0.23602569103240967,0.624252438545227,1.499162197113037,-0.2103116661310196
2.8560700876095115,3.190025706012749,0.05142263184579687,0.05142263184579687,1.0569799669849385,1.518437147140503,0.12613517045974731,1.5262668132781982,0.2537384033203125,-0.2332911640405655,0.5873193740844727,1.4982409477233887,-0.08817088603973389
2.860450563204005,7.239260332542713,1.1828346796496192,1.1828346796496192,-0.28833859489925395,1.5189896821975708,0.14215463399887085,1.5273783206939697,0.23294538259506226,-0.23071841895580292,0.5579538941383362,1.4978547096252441,0.1303015500307083
2.864831038798498,3.904111670619623,0.20909228534671778,0.20909228534671778,-0.01987092779073274,1.519612431526184,0.12287913262844086,1.5283987522125244,0.2362791746854782,-0.22827431559562683,0.6009168028831482,1.4984254837036133,0.044123679399490356
2.8692115143929917,5.307092145584219,1.9272625901310145,1.9272625901310145,-0.2120369554729806,1.5201506614685059,0.11537598818540573,1.5294337272644043,0.21850477159023285,-0.22564201056957245,0.6076032519340515,1.498618721961975,0.027196351438760757
2.873591989987484,8.521997198076741,0.36016534727287797,0.36016534727287797,-0.5119397328141455,1.5206561088562012,0.101450614631176,1.5303908586502075,0.2095317393541336,-0.22298042476177216,0.6700775623321533,1.4987378120422363,-0.03565208241343498
2.877972465581977,6.805952309350822,-1.339423223508896,-1.339423223508896,0.7097898411700878,1.5211005210876465,0.07571922242641449,1.531308650970459,0.22093552350997925,-0.22004516422748566,0.6955457925796509,1.4985816478729248,-0.1732899248600006
2.8823529411764706,7.573701802665314,0.006102425090655728,0.006102425090655728,-0.024924123325937214,1.5214321613311768,0.07856940478086472,1.5322765111923218,0.22308847308158875,-0.21699833869934082,0.6357022523880005,1.4978225231170654,-0.04031233489513397
2.8867334167709635,3.75688654352616,1.864547329263321,1.864547329263321,0.8800409099801992,1.5217763185501099,0.06502869725227356,1.533253788948059,0.22915665805339813,-0.21421365439891815,0.6366083025932312,1.4976459741592407,-0.06834515929222107
2.891113892365457,4.022596174158289,0.7524031452047348,0.7524031452047348,-0.8691732608590155,1.5220612287521362,0.07693098485469818,1.5342576503753662,0.21188296377658844,-0.21142500638961792,0.6653590202331543,1.4973466396331787,0.11140799522399902
2.89549436795995,4.906539372117574,0.3464835945073329,0.3464835945073329,-0.5433510409363731,1.5223982334136963,0.052162088453769684,1.5351858139038086,0.19367939233779907,-0.2085104137659073,0.7127141952514648,1.4978346824645996,-0.08850415050983429
2.899874843554443,5.613743311133156,-0.8697927145057405,-0.8697927145057405,1.095396943020727,1.5226267576217651,0.03279675543308258,1.5360342264175415,0.18173900246620178,-0.2053883820772171,0.7387002110481262,1.4974470138549805,-0.22007954120635986
2.904255319148936,4.052260228413735,0.17147039239884027,0.17147039239884027,-0.43312510123073744,1.5227704048156738,0.04644574224948883,1.5368303060531616,0.17689576745033264,-0.20215252041816711,0.6813104152679443,1.4964829683303833,0.001962020993232727
2.908635794743429,7.54841847470172,-0.7936281693365551,-0.7936281693365551,0.2313547786134731,1.522973895072937,0.03100697509944439,1.5376051664352417,0.1596047282218933,-0.19916805624961853,0.6989665031433105,1.496491551399231,-0.10267368704080582
2.913016270337922,6.594970832583012,0.15427441142008402,0.15427441142008402,-0.4146093080124574,1.5231096744537354,0.023993410170078278,1.538304328918457,0.16610421240329742,-0.19610625505447388,0.6690337657928467,1.4960417747497559,-0.07209836691617966
2.9173967459324155,9.051280342922546,-0.33167851104651513,-0.33167851104651513,0.060725418165553255,1.5232148170471191,0.005239315330982208,1.539031982421875,0.16542857885360718,-0.1931755691766739,0.6856469511985779,1.4957259893417358,-0.17858579754829407
2.9217772215269084,5.128208593281438,1.0606081325423176,1.0606081325423176,-0.8472296342913048,1.5232378244400024,-0.007193489000201225,1.5397566556930542,0.18151350319385529,-0.19017210602760315,0.6741875410079956,1.4949437379837036,-0.18762698769569397
2.9261576971214014,6.767903819828454,0.5019399879599495,0.5019399879599495,0.18508039589211245,1.523206353187561,-0.03239953890442848,1.540551781654358,0.17062532901763916,-0.18721884489059448,0.729902446269989,1.494121789932251,-0.3834431767463684
2.930538172715895,4.7089234592350895,0.5117583300411361,0.5117583300411361,0.7155939859936418,1.523064374923706,-0.03842765837907791,1.5412992238998413,0.17204034328460693,-0.18402151763439178,0.7391557693481445,1.4924421310424805,-0.35887065529823303
2.934918648310388,4.680166072737209,0.31593589347855144,0.31593589347855144,0.5094287075559935,1.5228960514068604,-0.03029780462384224,1.5420528650283813,0.16092145442962646,-0.18078365921974182,0.733203113079071,1.4908701181411743,-0.21410471200942993
2.939299123904881,6.6909556651077,-0.738120941690848,-0.738120941690848,0.5660539466672917,1.5227633714675903,-0.026265839114785194,1.5427577495574951,0.1493505984544754,-0.1775718778371811,0.7275525331497192,1.4899321794509888,-0.11349596828222275
2.943679599499374,5.680778606353029,2.0328980223059916,2.0328980223059916,1.547941725635426,1.5226483345031738,-0.02367524243891239,1.5434119701385498,0.15106327831745148,-0.17438484728336334,0.6894664764404297,1.4894349575042725,-0.004253357648849487
2.948060075093867,3.6457724796501507,0.11411322578882518,0.11411322578882518,0.13885294846355628,1.5225446224212646,0.0008309204131364822,1.5440737009048462,0.14786894619464874,-0.1713646501302719,0.7036287188529968,1.4894163608551025,0.32027867436408997
2.9524405506883604,7.249299092454548,-0.9059327691353671,-0.9059327691353671,0.6169781154130759,1.5225483179092407,-0.0010761928278952837,1.5447214841842651,0.1289505511522293,-0.1682824194431305,0.7029062509536743,1.4908193349838257,0.3435545563697815
2.9568210262828534,2.934565333809318,0.2791789053531043,0.2791789053531043,-0.11457719845493315,1.5225435495376587,0.0023739426396787167,1.5452862977981567,0.13443134725093842,-0.16520336270332336,0.6584324240684509,1.4923242330551147,0.46397531032562256
2.9612015018773468,8.4798865669517,-0.3785797767080702,-0.3785797767080702,-0.3279617469012192,1.5225539207458496,-0.0037164674140512943,1.5458751916885376,0.11041191965341568,-0.1623191088438034,0.6699313521385193,1.494356632232666,0.4338485300540924
2.96558197747184,7.516803668260835,-0.48918326067339407,-0.48918326067339407,-0.5153412453544612,1.5225375890731812,-0.02109154313802719,1.5463588237762451,0.12243875861167908,-0.15938448905944824,0.6684531569480896,1.4962570667266846,0.34762006998062134
2.9699624530663327,3.8814111210379156,0.17190999340633228,0.17190999340633228,1.3768111592512158,1.5224452018737793,-0.040998950600624084,1.546895146369934,0.12792879343032837,-0.1564563512802124,0.669217050075531,1.4977798461914062,0.2226579487323761
2.974342928660826,5.212568467127641,0.1866520537030894,0.1866520537030894,-0.5943240407589526,1.5222655534744263,-0.017081905156373978,1.5474555492401123,0.11250331252813339,-0.15352486073970795,0.6340301036834717,1.4987552165985107,0.5143483877182007
2.978723404255319,2.5312145229968737,0.783030102225592,0.783030102225592,-0.11342092068342431,1.5221906900405884,-0.03556760400533676,1.5479483604431152,0.10276142507791519,-0.15074750781059265,0.6568371057510376,1.5010082721710205,0.3766954243183136
2.983103879849812,2.602107163167598,1.4256161842971016,1.4256161842971016,0.20479205477043733,1.5220348834991455,-0.040857914835214615,1.548398494720459,0.07619604468345642,-0.1478702425956726,0.683016300201416,1.5026583671569824,0.3478497266769409
2.9874843554443054,5.61621359474742,-1.8141289992768188,-1.8141289992768188,-1.0230205920079534,1.5218559503555298,-0.0395665317773819,1.5487322807312012,0.050568707287311554,-0.1448783129453659,0.7186682224273682,1.5041821002960205,0.38792386651039124
2.9918648310387983,5.770126611607209,-0.3168571985865708,-0.3168571985865708,-0.7191369866005125,1.521682620048523,-0.06708690524101257,1.5489537715911865,0.04305380955338478,-0.1417302042245865,0.6955653429031372,1.505881428718567,0.15704183280467987
2.9962453066332912,7.168750296080628,0.4854071771334466,0.4854071771334466,0.6790889126412466,1.5213887691497803,-0.0883357971906662,1.5491423606872559,0.037070419639348984,-0.13868330419063568,0.7073131799697876,1.5065693855285645,-0.008050188422203064
3.0006257822277846,6.189177981394378,-0.5417917536069022,-0.5417917536069022,-0.09596488869715587,1.5210018157958984,-0.08188872784376144,1.549304723739624,0.0422028973698616,-0.13558493554592133,0.7016570568084717,1.5065340995788574,0.12804104387760162
3.0050062578222776,8.82184848435818,2.2448597779177875,2.2448597779177875,-0.5032410141680181,1.5206431150436401,-0.0903315320611,1.5494896173477173,0.039863426238298416,-0.13251134753227234,0.6886374950408936,1.5070949792861938,0.09805841743946075
3.009386733416771,5.789493602748857,0.7387919550126333,0.7387919550126333,0.5386482635860861,1.520247459411621,-0.10975675284862518,1.5496642589569092,0.05435723811388016,-0.1294947862625122,0.7688907384872437,1.5075244903564453,-0.02364707738161087
3.013767209011264,5.285213662062964,-1.3036642088383368,-1.3036642088383368,-0.35102355143224323,1.5197666883468628,-0.10430688410997391,1.549902319908142,0.050264596939086914,-0.12612667679786682,0.7747355699539185,1.5074208974838257,0.08512941747903824
3.018147684605757,7.269942380561738,1.3364783458197858,1.3364783458197858,1.078119425399447,1.5193097591400146,-0.11668726801872253,1.5501224994659424,0.04168982803821564,-0.1227329671382904,0.7469154596328735,1.5077937841415405,0.0021447166800498962
3.0225281602002503,4.675961156550919,1.7097462384946032,1.7097462384946032,0.9273459333294517,1.518798589706421,-0.10107801109552383,1.5503051280975342,0.04810969904065132,-0.11946111917495728,0.754460334777832,1.507803201675415,0.22679316997528076
3.0269086357947432,6.375071268763655,0.21962589009280165,0.21962589009280165,0.49919351329309763,1.5183558464050293,-0.08604539930820465,1.55051589012146,0.03720498085021973,-0.11615622043609619,0.7773088812828064,1.5087966918945312,0.42230212688446045
3.0312891113892366,5.217001543557821,0.5785490019430107,0.5785490019430107,-0.10317153755695055,1.5179789066314697,-0.08127555251121521,1.5506788492202759,0.03691329434514046,-0.11275123804807663,0.769144594669342,1.5106465816497803,0.5233185887336731
3.0356695869837296,6.174560584660001,-0.34959258337450994,-0.34959258337450994,-0.5800163401917017,1.5176228284835815,-0.08786778151988983,1.5508404970169067,0.02817411720752716,-0.1093820184469223,0.7890530228614807,1.5129389762878418,0.4952456057071686
3.0400500625782225,5.239385162051731,0.8886440489930588,0.8886440489930588,-0.6762565910627287,1.517237901687622,-0.10503882169723511,1.5509638786315918,0.02522359788417816,-0.10592558979988098,0.7957821488380432,1.515108346939087,0.36290621757507324
3.044430538172716,4.6253847472050555,0.2680272582495954,0.2680272582495954,-0.052725216150432734,1.516777753829956,-0.12330570071935654,1.5510743856430054,0.016067352145910263,-0.10243968665599823,0.8414822220802307,1.5166980028152466,0.2108495831489563
3.048811013767209,6.4349120860138544,1.2449623320518277,1.2449623320518277,0.964410981582247,1.5162376165390015,-0.12799587845802307,1.5511447191238403,0.0036236457526683807,-0.09875359386205673,0.8508492112159729,1.517621636390686,0.19476817548274994
3.053191489361702,6.982789143185424,-1.0731493305121023,-1.0731493305121023,-0.29614403547774987,1.5156769752502441,-0.11275476217269897,1.5511605739593506,0.004301355220377445,-0.09502647072076797,0.859042227268219,1.518474817276001,0.3977011740207672
3.057571964956195,5.553925137520324,0.8328494407161945,0.8328494407161945,-0.2976033765746861,1.5151830911636353,-0.1239142119884491,1.5511794090270996,0.007185325957834721,-0.09126345813274384,0.836351215839386,1.520216941833496,0.32730549573898315
3.061952440550688,4.050780720332991,1.2981312486905496,1.2981312486905496,-0.23968768723208916,1.5146403312683105,-0.13392050564289093,1.551210880279541,0.0006518061272799969,-0.08759984374046326,0.8693640232086182,1.5216506719589233,0.25809693336486816
3.066332916145181,5.658382371024109,-4.184211036903955,-4.184211036903955,0.65067954498366,1.5140537023544312,-0.14157338440418243,1.5512137413024902,-0.01574539765715599,-0.08379161357879639,0.914273202419281,1.522781252861023,0.20290231704711914
3.0707133917396745,7.74725573693259,1.0656386489578964,1.0656386489578964,0.23163264905236491,1.513433575630188,-0.1315988302230835,1.5511447191238403,-0.020567264407873154,-0.07978665828704834,0.7730790972709656,1.5236700773239136,0.3397240936756134
3.0750938673341675,8.423714855630479,0.5881287349008886,0.5881287349008886,1.0312456807196053,1.5128570795059204,-0.1313955932855606,1.55105459690094,-0.011973491869866848,-0.07640020549297333,0.7974346876144409,1.5251582860946655,0.3846639096736908
3.079474342928661,6.584280625819508,-1.4672318922977314,-1.4672318922977314,0.10504594840310788,1.5122815370559692,-0.11474379897117615,1.5510021448135376,0.001862938515841961,-0.07290706038475037,0.7844942808151245,1.5268433094024658,0.6027933955192566
3.083854818523154,6.616413823863659,1.4089872270785713,1.4089872270785713,0.544067014318382,1.5117789506912231,-0.11612599343061447,1.551010251045227,0.002533893333747983,-0.0694705992937088,0.7385787963867188,1.5294837951660156,0.6215938329696655
3.0882352941176467,4.783108013630861,0.05130703455983691,0.05130703455983691,1.0870142319845377,1.51127028465271,-0.10823190957307816,1.5510213375091553,0.0037923436611890793,-0.06623527407646179,0.7638372182846069,1.532206654548645,0.7356427311897278
3.09261576971214,5.667395702372146,-0.8299734384346252,-0.8299734384346252,0.13721815131576603,1.5107961893081665,-0.08798156678676605,1.5510379076004028,-0.006772206164896488,-0.06288930028676987,0.7335912585258484,1.5354291200637817,0.9685014486312866
3.096996245306633,7.588202712951343,-0.24315678905431343,-0.24315678905431343,0.02432800441048979,1.5104107856750488,-0.08779557049274445,1.5510082244873047,-0.012394363060593605,-0.05967582017183304,0.7053462266921997,1.5396716594696045,0.9949967265129089
3.1013767209011265,8.281691169164556,1.510726084100807,1.510726084100807,0.029675319946635026,1.510026216506958,-0.09072215855121613,1.550953984260559,-0.005354186985641718,-0.056586068123579025,0.6975347995758057,1.5440301895141602,0.9957600831985474
3.1057571964956194,5.969176341881903,2.1286495323888093,2.1286495323888093,-0.3869703848473419,1.5096287727355957,-0.09370510280132294,1.5509305000305176,0.006304749753326178,-0.053530532866716385,0.7407861948013306,1.5483920574188232,0.9970516562461853
3.1101376720901124,6.857123934975381,-0.9625137952325223,-0.9625137952325223,-0.9597985074618285,1.5092183351516724,-0.10424746572971344,1.5509581565856934,0.002406751736998558,-0.05028553679585457,0.8142502903938293,1.5527596473693848,0.9093080759048462
3.1145181476846058,7.158893188882326,0.11868145055586105,0.11868145055586105,-0.9930817287779166,1.5087616443634033,-0.12695620954036713,1.5509686470031738,0.004310040734708309,-0.04671873152256012,0.8141710162162781,1.5567429065704346,0.6966680288314819
3.1188986232790987,9.92096037314877,-0.47303324066093144,-0.47303324066093144,0.6118439631515477,1.508205533027649,-0.15031909942626953,1.5509874820709229,0.00844288058578968,-0.043152276426553726,0.846638023853302,1.5597946643829346,0.4765492081642151
3.123279098873592,5.487559053359523,0.41219903984735523,0.41219903984735523,-1.1404790383703791,1.5075470209121704,-0.14106789231300354,1.5510244369506836,0.031492896378040314,-0.039443597197532654,0.8149561882019043,1.5618821382522583,0.6025276184082031
3.127659574468085,8.744225439114444,0.036493024304184565,0.036493024304184565,0.032336292201108535,1.5069290399551392,-0.166584312915802,1.5511623620986938,0.024656739085912704,-0.03587369993329048,0.860299289226532,1.5645215511322021,0.3518405556678772
3.132040050062578,9.878554070032543,-2.1255035421555077,-2.1255035421555077,-1.5500429116342398,1.5061993598937988,-0.1685160994529724,1.5512703657150269,0.039808277040719986,-0.032105181366205215,0.8604207038879395,1.5660628080368042,0.35346198081970215
3.136420525657071,6.954984096140265,0.884375354512018,0.884375354512018,0.46590341230806426,1.5054612159729004,-0.20343685150146484,1.5514447689056396,0.06235813349485397,-0.02833613008260727,0.8436154127120972,1.5676110982894897,0.011860370635986328
3.1408010012515644,6.287283377401345,0.3253645064312284,0.3253645064312284,-0.550806081215997,1.5045700073242188,-0.1953989863395691,1.5517178773880005,0.06569792330265045,-0.02464069426059723,0.8558360934257507,1.5676630735397339,0.10920403897762299
3.1451814768460573,7.300135766728277,0.8430202116180832,0.8430202116180832,-1.0310911064972796,1.5037140846252441,-0.20816756784915924,1.552005648612976,0.06452701985836029,-0.02089172601699829,0.8814230561256409,1.5681414604187012,-0.012998610734939575
3.1495619524405507,7.185064075970511,-0.7550781415879098,-0.7550781415879098,0.4148557031504624,1.5028022527694702,-0.23091481626033783,1.552288293838501,0.0700850710272789,-0.01703067310154438,0.9361530542373657,1.568084478378296,-0.23925992846488953
3.153942428035044,6.3122621021213545,-1.904087346815774,-1.904087346815774,0.3526373672509778,1.5017907619476318,-0.2232983559370041,1.5525952577590942,0.07493726909160614,-0.012929877266287804,0.9019872546195984,1.5670363903045654,-0.15148138999938965
3.1583229036295366,9.816264407686706,-1.713411016521197,-1.713411016521197,0.6425658092898818,1.5008126497268677,-0.21661601960659027,1.552923560142517,0.07400116324424744,-0.00897874403744936,0.8360837697982788,1.5663728713989258,-0.07625196129083633
3.16270337922403,6.304041546604711,-0.5577614401820403,-0.5577614401820403,-0.2748706133057986,1.4998637437820435,-0.20391497015953064,1.5532476902008057,0.09643179923295975,-0.005316299386322498,0.7672817707061768,1.5660388469696045,0.06209380179643631
3.167083854818523,5.018938477114041,0.13745371377186646,0.13745371377186646,0.8241604077885599,1.4989705085754395,-0.2098674774169922,1.553670048713684,0.09539748728275299,-0.0019552402663975954,0.7590204477310181,1.5663108825683594,0.0024420246481895447
3.1714643304130163,3.5929555769014745,1.4964739388483865,1.4964739388483865,0.9184191016983275,1.4980511665344238,-0.19274970889091492,1.5540878772735596,0.08591439574956894,0.0013696304522454739,0.7389664649963379,1.566321611404419,0.18134385347366333
3.1758448060075093,5.290602297354701,1.0746692579869532,1.0746692579869532,-0.8392105211955188,1.4972068071365356,-0.17355486750602722,1.5544642210006714,0.0669330507516861,0.004606654867529869,0.7558475136756897,1.5671160221099854,0.38084912300109863
3.1802252816020022,6.721327955001858,0.35817461457351546,0.35817461457351546,0.12597588416173783,1.4964466094970703,-0.1907758116722107,1.5547574758529663,0.0590561106801033,0.00791762676090002,0.8117388486862183,1.5687843561172485,0.1998622715473175
3.184605757196496,5.4247957125092325,-0.05409721891737093,-0.05409721891737093,0.6908664082621936,1.4956109523773193,-0.1876654177904129,1.5550161600112915,0.06081659346818924,0.011473429389297962,0.8185197710990906,1.5696598291397095,0.2285570651292801
3.1889862327909886,5.751686010271614,-0.1495785828351129,-0.1495785828351129,-1.3902333439772419,1.4947888851165771,-0.17273138463497162,1.5552825927734375,0.053950533270835876,0.01505893561989069,0.7967644929885864,1.5706610679626465,0.3797270357608795
3.193366708385481,5.6146205288166895,-0.6415344273006136,-0.6415344273006136,-0.5631363089259386,1.4940322637557983,-0.20092278718948364,1.5555188655853271,0.049199629575014114,0.01854914240539074,0.8329955339431763,1.5723243951797485,0.08021208643913269
3.197747183979975,6.048895482541656,-2.191158289854842,-2.191158289854842,-0.6147647313432696,1.493152141571045,-0.21176213026046753,1.555734395980835,0.043613627552986145,0.022198058664798737,0.8307060599327087,1.5726757049560547,-0.03985871374607086
3.202127659574468,5.085835203490899,-0.28838560187665396,-0.28838560187665396,-0.15101989877734884,1.4922245740890503,-0.2234210968017578,1.5559254884719849,0.04092321917414665,0.025836946442723274,0.784670352935791,1.5725010633468628,-0.17055095732212067
3.206508135168961,7.9445654058351725,-0.5854301990561214,-0.5854301990561214,0.6966138957554544,1.4912458658218384,-0.22544506192207336,1.5561047792434692,0.0317898765206337,0.02927417680621147,0.7806588411331177,1.571753978729248,-0.20072977244853973
3.210888610763454,6.294799661046732,-0.24309306334574238,-0.24309306334574238,-0.4376987057637768,1.4902583360671997,-0.20894470810890198,1.5562440156936646,0.04165250062942505,0.032693833112716675,0.7432190775871277,1.5708746910095215,-0.0450553297996521
3.215269086357947,6.466883454379395,-0.4770286545829305,-0.4770286545829305,0.020968428488093067,1.4893430471420288,-0.21627670526504517,1.5564265251159668,0.04056357219815254,0.03594948723912239,0.7489022016525269,1.5706772804260254,-0.13565343618392944
3.219649561952441,6.7895801578427015,0.4705591793133852,0.4705591793133852,-0.3818145896983111,1.4883956909179688,-0.2138265073299408,1.556604266166687,0.04060736671090126,0.03923003375530243,0.734359085559845,1.5700830221176147,-0.12625360488891602
3.224030037546933,6.351882919469092,0.5340093710402993,0.5340093710402993,0.7871074026267728,1.4874590635299683,-0.21946047246456146,1.5567821264266968,0.04278812184929848,0.04244687408208847,0.7592511177062988,1.5695300102233887,-0.20336776971817017
3.2284105131414265,4.435105711591216,-1.8687180821187537,-1.8687180821187537,0.5395704351775308,1.4864977598190308,-0.20072457194328308,1.5569695234298706,0.042067740112543106,0.04577275365591049,0.7518598437309265,1.5686391592025757,-0.02698288857936859
3.23279098873592,4.6978259760184615,-1.2695496941685245,-1.2695496941685245,-0.08759367560781676,1.4856184720993042,-0.1877155900001526,1.5571538209915161,0.0286148339509964,0.04906625673174858,0.6815301775932312,1.5685209035873413,0.0943932756781578
3.237171464330413,7.168257518478063,0.856012777389262,0.856012777389262,0.506696595297342,1.484796166419983,-0.18752315640449524,1.557279109954834,0.01687256619334221,0.05205168202519417,0.6470133066177368,1.568934440612793,0.0804264023900032
3.241551939924906,6.363410002991673,-1.01030937778366,-1.01030937778366,-1.148566493931903,1.4839746952056885,-0.17371921241283417,1.5573530197143555,0.02157476358115673,0.05488590896129608,0.6572144627571106,1.5692867040634155,0.19829511642456055
3.245932415519399,4.982615064419688,-1.9166273870096586,-1.9166273870096586,-0.7639489972963474,1.4832136631011963,-0.1945895552635193,1.5574475526809692,0.0208498053252697,0.057764820754528046,0.6612520217895508,1.570155382156372,-0.04319047927856445
3.250312891113892,6.889187476141745,-0.42754525228798307,-0.42754525228798307,-0.5843780420581154,1.4823613166809082,-0.20799730718135834,1.5575388669967651,0.010981960222125053,0.06066142022609711,0.6275901794433594,1.569966197013855,-0.20272201299667358
3.254693366708385,8.301136836534797,-2.386390198055658,-2.386390198055658,0.6257625500374617,1.4814502000808716,-0.2165362685918808,1.5575870275497437,0.013761546462774277,0.06341056525707245,0.6321702003479004,1.5690782070159912,-0.3205726742744446
3.2590738423028784,6.2125344130191,-2.1316324232553754,-2.1316324232553754,-0.44169230532605713,1.480501651763916,-0.19892650842666626,1.5576473474502563,0.02592182531952858,0.0661797747015953,0.5442057847976685,1.567673921585083,-0.17369064688682556
3.2634543178973714,7.643248919637614,1.6838998141723411,1.6838998141723411,0.8422110371660516,1.4796302318572998,-0.20452652871608734,1.5577609539031982,0.02417854592204094,0.06856365501880646,0.4948541820049286,1.56691312789917,-0.2604717016220093
3.267834793491865,8.192408619929553,0.4923208310385814,0.4923208310385814,0.7197934461080835,1.4787342548370361,-0.18240061402320862,1.5578668117523193,0.03201344609260559,0.07073134928941727,0.5194341540336609,1.5657721757888794,-0.06640394032001495
3.2722152690863577,5.9979316306339525,0.2073143435848421,0.2073143435848421,0.4908481522238457,1.4779351949691772,-0.16232149302959442,1.558007001876831,0.04352325201034546,0.07300671935081482,0.5127912163734436,1.5654813051223755,0.10252000391483307
3.2765957446808507,5.109694137348468,0.8354812687753791,0.8354812687753791,-0.4201532698395732,1.4772241115570068,-0.14825190603733063,1.5581976175308228,0.04042907431721687,0.07525298744440079,0.5045111179351807,1.5659303665161133,0.2186816930770874
3.280976220275344,1.8593051456777392,0.052287122897854366,0.052287122897854366,0.5677423615521006,1.4765746593475342,-0.153623566031456,1.5583747625350952,0.03131818771362305,0.07746298611164093,0.5411796569824219,1.5668883323669434,0.1361268013715744
3.285356695869837,7.036073977955005,2.2493813444202995,2.2493813444202995,-0.22228766955791554,1.47590172290802,-0.14054395258426666,1.5585119724273682,0.0007260516285896301,0.07983361184597015,0.5261267423629761,1.5674846172332764,0.26233169436454773
3.2897371714643304,4.176151196344197,-2.462932120016084,-2.462932120016084,0.031856130467885706,1.4752861261367798,-0.14026759564876556,1.558515191078186,0.0044049471616744995,0.0821382999420166,0.5983073115348816,1.568633794784546,0.22631585597991943
3.294117647058824,9.100568787114458,-0.9569285592353945,-0.9569285592353945,0.4235765985147393,1.474671721458435,-0.1366201937198639,1.5585345029830933,-0.010878130793571472,0.0847591683268547,0.5254516005516052,1.5696251392364502,0.2405412793159485
3.2984981226533163,7.419579291744377,-1.0085890398501762,-1.0085890398501762,-0.5167124287687326,1.4740732908248901,-0.12111112475395203,1.558486819267273,0.006504559889435768,0.08706089854240417,0.485136479139328,1.5706788301467896,0.34861230850219727
3.3028785982478097,4.414940524971429,0.4895897602780459,0.4895897602780459,0.8059760665521002,1.4735428094863892,-0.12628173828125,1.5585153102874756,0.012686827220022678,0.08918602764606476,0.4707721173763275,1.572205901145935,0.2500634491443634
3.3072590738423027,7.077796327396058,-1.1237537754545661,-1.1237537754545661,0.477649613866833,1.4729896783828735,-0.10611075162887573,1.5585708618164062,-0.0010621100664138794,0.09124823659658432,0.4615326225757599,1.5733013153076172,0.43281686305999756
3.311639549436796,8.721516317814261,-1.2272111648497483,-1.2272111648497483,-1.1868270655895,1.472524881362915,-0.09061913192272186,1.5585662126541138,0.0027812470216304064,0.0932699665427208,0.4147665798664093,1.5751972198486328,0.5494070053100586
3.316020025031289,7.874626539388869,0.8046322691232086,0.8046322691232086,0.34676663484752396,1.472127914428711,-0.10837224125862122,1.558578372001648,0.017592735588550568,0.09508684277534485,0.4135872423648834,1.5776039361953735,0.3082759380340576
3.320400500625782,5.541527181439571,-0.4854721314229124,-0.4854721314229124,-0.1609064119461267,1.4716532230377197,-0.09478799253702164,1.5586553812026978,0.026708293706178665,0.09689854830503464,0.4269583821296692,1.5789543390274048,0.39789149165153503
3.324780976220276,6.474605692668036,-1.1469416928181186,-1.1469416928181186,-0.10789389541360793,1.4712380170822144,-0.09358714520931244,1.558772325515747,0.020406853407621384,0.09876883029937744,0.4174800217151642,1.5806972980499268,0.3732391893863678
3.3291614518147683,6.272383817647323,-0.3617228574152584,-0.3617228574152584,-1.282779121946875,1.4708280563354492,-0.09043452143669128,1.5588617324829102,0.020279688760638237,0.10059759020805359,0.3871365189552307,1.5823322534561157,0.36181604862213135
3.3335419274092613,8.81927288173575,0.6758921330009748,0.6758921330009748,0.12416956980982176,1.470431923866272,-0.11183003336191177,1.5589505434036255,0.019093113020062447,0.10229343175888062,0.41403427720069885,1.5839171409606934,0.09538707137107849
3.337922403003754,5.898086964880624,-2.291225252812537,-2.291225252812537,0.43406350822950024,1.4699420928955078,-0.10167952626943588,1.5590342283248901,0.03446756303310394,0.1041070967912674,0.43014633655548096,1.5843349695205688,0.1386517882347107
3.342302878598248,5.916212149341051,1.2066434045608325,1.2066434045608325,0.35104179054389734,1.469496726989746,-0.08749687671661377,1.559185266494751,0.03040272369980812,0.10599134117364883,0.350559264421463,1.58494234085083,0.24384112656116486
3.3466833541927405,6.213838218003025,1.2822491452617144,1.2822491452617144,-0.31114046502706977,1.4691134691238403,-0.07493811845779419,1.5593184232711792,0.026451241225004196,0.10752695798873901,0.37554553151130676,1.586010456085205,0.3312261998653412
3.351063829787234,4.752451055292253,0.6545312259271474,0.6545312259271474,-0.33831397156670495,1.4687851667404175,-0.07583083212375641,1.5594342947006226,0.02464195154607296,0.109172023832798,0.42207756638526917,1.5874613523483276,0.27571117877960205
3.355444305381727,5.18890378597415,-0.8678891079153728,-0.8678891079153728,-0.6208656501797921,1.468453049659729,-0.07854873687028885,1.559542179107666,0.013190184719860554,0.11102092266082764,0.4510717988014221,1.5886690616607666,0.21152088046073914
3.3598247809762203,6.357946503042449,-0.21967128928386737,-0.21967128928386737,-0.16707043345608014,1.4681090116500854,-0.08668042719364166,1.5595999956130981,0.004743852652609348,0.11299683153629303,0.44385793805122375,1.5895956754684448,0.08699558675289154
3.364205256570713,5.672311792699473,0.8220205198790328,0.8220205198790328,-0.9245458225886647,1.4677293300628662,-0.08418987691402435,1.55962073802948,0.0038676653057336807,0.11494114249944687,0.4423218369483948,1.5899767875671387,0.06323282420635223
3.368585732165206,4.939350908089471,-0.8689839231012878,-0.8689839231012878,-0.8391130511969094,1.467360496520996,-0.09801898896694183,1.5596376657485962,-0.0012452523224055767,0.11687872558832169,0.4933271110057831,1.5902538299560547,-0.12587220966815948
3.3729662077597,3.5495872052660893,-0.7613625164061278,-0.7613625164061278,-0.20455714971499797,1.4669311046600342,-0.11068996787071228,1.5596321821212769,-0.01124499924480915,0.11903972923755646,0.49245479702949524,1.5897024869918823,-0.2977486550807953
3.3773466833541925,7.313457317499342,0.17061974147459577,0.17061974147459577,-0.32431272210141504,1.4664462804794312,-0.1114327684044838,1.5595829486846924,-0.03072437457740307,0.1211969181895256,0.4761943221092224,1.5883982181549072,-0.3346993327140808
3.381727158948686,2.636096687380688,-1.385276937149405,-1.385276937149405,-0.24791388987246607,1.4659581184387207,-0.11078591644763947,1.5594483613967896,-0.025321314111351967,0.12328287959098816,0.49064791202545166,1.5869320631027222,-0.38924962282180786
3.386107634543179,8.082377210967417,-0.5724730880980449,-0.5724730880980449,0.1963402726205224,1.4654728174209595,-0.11322582513093948,1.5593374967575073,-0.05086735635995865,0.12543214857578278,0.4574333131313324,1.5852270126342773,-0.43711620569229126
3.390488110137672,7.894473975347699,-1.0434777847307841,-1.0434777847307841,0.10309898172231015,1.4649767875671387,-0.10061841458082199,1.559114694595337,-0.04062127321958542,0.12743592262268066,0.4349815249443054,1.5833122730255127,-0.37592005729675293
3.394868585732165,3.4060562815930857,0.13088101964204985,0.13088101964204985,-0.23041712569785536,1.4645360708236694,-0.08998362720012665,1.5589367151260376,-0.0315733328461647,0.12934134900569916,0.40149784088134766,1.5816655158996582,-0.3347274661064148
3.399249061326658,8.322942270468584,1.505669579950513,1.505669579950513,0.18832076152361513,1.464141845703125,-0.09105122834444046,1.5587984323501587,-0.0520639568567276,0.1311001032590866,0.41204890608787537,1.5801992416381836,-0.376289427280426
3.403629536921151,5.6083277591012495,-0.05374776269742465,-0.05374776269742465,0.8826228839182542,1.463742971420288,-0.07786791771650314,1.558570384979248,-0.04021935164928436,0.13290506601333618,0.4505196809768677,1.578550934791565,-0.31443601846694946
3.4080100125156445,6.845274373970926,-0.4613007504979534,-0.4613007504979534,0.327218934064373,1.4634019136428833,-0.05314645543694496,1.558394193649292,-0.0463799349963665,0.13487856090068817,0.4231746792793274,1.5771735906600952,-0.10855259001255035
3.412390488110137,4.884476985877966,-0.691268384419403,-0.691268384419403,-0.00014969603847761026,1.4631690979003906,-0.038452450186014175,1.5581910610198975,-0.04425511881709099,0.13673226535320282,0.400147408246994,1.5766980648040771,-0.019365347921848297
3.4167709637046304,5.686932479796158,-2.560829998203902,-2.560829998203902,0.5439902511795282,1.4630006551742554,-0.03274909779429436,1.557997226715088,-0.05502151697874069,0.1384851038455963,0.37996456027030945,1.576613187789917,-0.006131809204816818
3.421151439299124,4.937720544092537,-2.3840757229982,-2.3840757229982,0.05561580704296183,1.4628572463989258,-0.014693742617964745,1.5577561855316162,-0.06057170405983925,0.1401495337486267,0.28929397463798523,1.576586365699768,0.12743963301181793
3.4255319148936167,9.336089532403317,-1.4649742200115914,-1.4649742200115914,-0.08586952657202389,1.4627928733825684,-0.0076214889995753765,1.5574908256530762,-0.07101599127054214,0.1414167732000351,0.21804724633693695,1.5771446228027344,0.153264582157135
3.42991239048811,7.097475857287865,-0.030399139151605692,-0.030399139151605692,-1.0189555533471044,1.4627594947814941,0.0018647820688784122,1.5571796894073486,-0.052470654249191284,0.14237192273139954,0.17777301371097565,1.5778160095214844,0.16082505881786346
3.434292866082603,8.355303623215832,-2.9865905403062745,-2.9865905403062745,0.3986311413016965,1.4627677202224731,-0.010728662833571434,1.5569498538970947,-0.048546869307756424,0.14315065741539001,0.20664198696613312,1.5785205364227295,-0.04009585082530975
3.438673341677096,8.233798045006248,-0.5459107513769172,-0.5459107513769172,-0.8533139515206815,1.4627207517623901,0.0077610258013010025,1.5567371845245361,-0.03654707223176956,0.14405584335327148,0.10778278112411499,1.5783449411392212,0.0697927251458168
3.443053817271589,6.508760384301894,-0.5600638004292748,-0.5600638004292748,-0.017918507873829464,1.462754726409912,0.00010622572153806686,1.5565770864486694,-0.025157656520605087,0.14452798664569855,0.11675992608070374,1.578650712966919,-0.0918368324637413
3.4474342928660824,8.883769641104308,0.5389761119721976,0.5389761119721976,-1.308732162289263,1.4627552032470703,0.0077470699325203896,1.5564669370651245,-0.025265933945775032,0.14503945410251617,0.10092756152153015,1.578248381614685,-0.07725854963064194
3.451814768460576,5.50280761004622,-1.7171855308092887,-1.7171855308092887,0.0814246236096673,1.4627891778945923,-0.008514045737683773,1.5563563108444214,-0.00953545980155468,0.14548157155513763,0.15488649904727936,1.5779099464416504,-0.335561066865921
3.4561952440550687,8.245664089652713,1.3931779430189997,1.3931779430189997,0.08779385930182707,1.462751865386963,9.085983037948608e-06,1.5563145875930786,-0.016331538558006287,0.1461600512266159,0.10236138105392456,1.5764399766921997,-0.3021111786365509
3.4605757196495617,5.119008866135561,-0.35418639823559517,-0.35418639823559517,0.758691010598348,1.462751865386963,0.01214047521352768,1.5562430620193481,-0.0050575342029333115,0.14660844206809998,0.14048272371292114,1.5751166343688965,-0.25903958082199097
3.464956195244055,8.581103167672659,-1.2441884831399135,-1.2441884831399135,-0.40678567824705547,1.4628050327301025,0.0343649685382843,1.5562208890914917,-0.014419766142964363,0.1472238302230835,0.10798317193984985,1.5739818811416626,-0.07948003709316254
3.469336670838548,7.796860826903808,0.6385655227884315,0.6385655227884315,-0.7711617444098586,1.4629555940628052,0.03673930466175079,1.5561577081680298,-0.0008671339601278305,0.147696852684021,0.08352835476398468,1.5736336708068848,-0.14200809597969055
3.473717146433041,8.349068847342094,-1.6946917647681243,-1.6946917647681243,0.2504682236811395,1.4631165266036987,0.030573837459087372,1.5561538934707642,0.007531675510108471,0.14806275069713593,0.12469685822725296,1.5730116367340088,-0.2857266366481781
3.4780976220275344,5.559775546701582,0.02267597898964266,0.02267597898964266,0.8269089111659339,1.4632503986358643,0.04641398787498474,1.5561869144439697,0.019481701776385307,0.1486089825630188,0.06789201498031616,1.5717600584030151,-0.20617657899856567
3.4824780976220278,6.092845534413568,0.883136681347904,0.883136681347904,-0.624932731280203,1.463453769683838,0.07074475288391113,1.556272268295288,0.013078084215521812,0.1489063799381256,0.04440586268901825,1.5708569288253784,-0.009915918111801147
3.4868585732165203,8.692546492736927,-1.5477783700358918,-1.5477783700358918,0.7214170393337856,1.46376371383667,0.06555884331464767,1.556329607963562,0.010219041258096695,0.1491008996963501,0.08844627439975739,1.570813536643982,-0.12655997276306152
3.4912390488110137,8.69265872203066,-1.8281810451802707,-1.8281810451802707,0.87449286257675,1.4640508890151978,0.09175579249858856,1.556374430656433,0.024466007947921753,0.14948832988739014,0.02217857539653778,1.5702590942382812,0.05668714642524719
3.4956195244055066,3.0878757487550956,0.9174795940420981,0.9174795940420981,0.5553996615832563,1.464452862739563,0.12117807567119598,1.5564815998077393,0.03872724249958992,0.14958548545837402,-0.056748077273368835,1.5705074071884155,0.2732824981212616
