t,u1,u2,u3,tau,x_q,xdot_q,z_q,zdot_q,theta,theta_dot,beta,beta_dot
0.0,55.62674015610615,-52.08389969195929,-52.08389969195929,2.0025114193961233,-2.0,0.0,2.0,0.0,1.1281905784771284e-05,0.0,0.3490658503991208,0.0
0.0043804755944931,-39.27990154762602,-6.815015945592791,-6.815015945592791,-17.49593435320003,-2.0,0.05127239599823952,2.0,0.46820738911628723,1.1281906154181343e-05,-1.579494595527649,0.3490658402442932,1.7835993766784668
0.0087609511889862,-3.6112084379119214,76.50811913501126,76.50811913501126,27.085097623942413,-1.9997754096984863,-0.11274731159210205,2.0020508766174316,-0.29031816124916077,-0.006907655857503414,-1.267577886581421,0.3568788468837738,-3.960761070251465
0.0131414267834793,-13.131913088228275,-46.76234107564645,-46.76234107564645,-22.253105488481154,-2.0002694129943848,0.11228042840957642,2.000779151916504,0.2292366921901703,-0.012460250407457352,0.17573106288909912,0.3395288288593292,3.5136032104492188
0.0175219023779724,15.419030275812375,9.01084280206279,9.01084280206279,19.545741057473656,-1.9997775554656982,-0.06413376331329346,2.0017833709716797,-0.41734638810157776,-0.011690464802086353,-0.5400162935256958,0.35492008924484253,-2.9812307357788086
0.0219023779724655,-23.636968803472406,-67.2621328879303,-67.2621328879303,-18.465166286209453,-2.00005841255188,0.10678693652153015,1.999955177307129,0.09732726216316223,-0.014055993407964706,-0.8476687073707581,0.34186089038848877,2.8070363998413086
0.0262828535669586,34.01670489641426,10.67982176936358,10.67982176936358,7.943872754998019,-1.9995906352996826,-0.04798460006713867,2.0003814697265625,-0.5528124570846558,-0.017769185826182365,-2.2726948261260986,0.354157030582428,-2.861785411834717
0.0306633291614518,16.412675498699482,-31.508987933170356,-31.508987933170356,-1.0016072175257054,-1.9998008012771606,0.03703740984201431,1.997959852218628,-0.13722744584083557,-0.027724670246243477,-2.192796468734741,0.3416210412979126,0.09635639190673828
0.0350438047559449,13.683823235266058,42.80260449352325,42.80260449352325,-15.13952096936726,-1.999638557434082,0.03624747321009636,1.9973586797714233,-0.0646917000412941,-0.03733016178011894,-3.0837087631225586,0.3420431315898895,0.17576351761817932
0.039424280350438,15.133561381440991,-52.53155162476099,-52.53155162476099,29.355583669254628,-1.9994797706604004,-0.07776011526584625,1.9970753192901611,-0.32732805609703064,-0.050838273018598557,-1.3916150331497192,0.34281304478645325,-3.7484161853790283
0.0438047559449311,-18.33017475710392,8.577702202022488,8.577702202022488,-32.59566686783274,-1.999820351600647,0.16251762211322784,1.9956414699554443,0.40249916911125183,-0.056934207677841187,-3.7829790115356445,0.326393187046051,4.765804290771484
0.0481852315394242,62.06836197114666,164.10256317479121,164.10256317479121,19.64538327905509,-1.9991084337234497,-0.07830469310283661,1.9974045753479004,-0.5203368663787842,-0.0735054537653923,-2.5805859565734863,0.3472696840763092,-4.722878456115723
0.0525657071339173,-6.5385737875661425,-123.49703760526673,-123.49703760526673,-4.038477754806017,-1.9994513988494873,0.09375409781932831,1.9951252937316895,0.38387584686279297,-0.08480964601039886,1.6380219459533691,0.3265812397003174,2.083651542663574
0.0569461827284105,6.374968218179901,146.88401627237212,146.88401627237212,-6.360634708725698,-1.9990407228469849,0.06480292230844498,1.9968068599700928,0.19618748128414154,-0.07763433456420898,-1.8505465984344482,0.3357086181640625,0.8169422149658203
0.0613266583229036,16.325198712321956,35.64522893071231,35.64522893071231,-0.1299130737355404,-1.9987568855285645,0.01641964539885521,1.9976662397384644,0.06554712355136871,-0.08574061095714569,2.624682664871216,0.3392872214317322,-0.8200734853744507
0.0657071339173967,6.048299751153069,7.993653016845672,7.993653016845672,9.46742104787881,-1.9986850023269653,0.016082827001810074,1.9979534149169922,0.15552842617034912,-0.07424325495958328,3.6694302558898926,0.33569490909576416,-0.5077216625213623
0.0700876095118898,5.044463557845783,-174.30313393285073,-174.30313393285073,-10.82709448188169,-1.9986145496368408,0.08988295495510101,1.998634696006775,0.372504323720932,-0.0581694021821022,3.626391649246216,0.3334708511829376,2.2625553607940674
0.0744680851063829,-37.36344612422035,127.7240510074968,127.7240510074968,2.712339301423307,-1.9982208013534546,0.0096549391746521,2.0002665519714355,0.13133569061756134,-0.042284078896045685,-1.1476271152496338,0.3433819115161896,-0.6476144790649414
0.078848560700876,9.677355778829469,-57.55504438765914,-57.55504438765914,-8.011465222122442,-1.998178482055664,0.018759317696094513,2.0008418560028076,-0.16455508768558502,-0.04731123149394989,2.5031111240386963,0.34054505825042725,-0.7025904655456543
0.0832290362953692,29.773364638517386,73.3986388381348,73.3986388381348,9.663823330593551,-1.9980963468551636,-0.04093785956501961,2.0001211166381836,-0.3035900294780731,-0.03634641319513321,1.0562814474105835,0.33746737241744995,-2.72685170173645
0.0876095118898623,43.368178767922316,-156.59238204149375,-156.59238204149375,-0.12251259277891458,-1.998275637626648,0.04751242324709892,1.998791217803955,0.11584869027137756,-0.0317193977534771,2.9175400733947754,0.32552245259284973,0.6178135871887207
0.0919899874843554,4.675272188645215,-43.69267585015981,-43.69267585015981,-9.413601549053412,-1.9980674982070923,0.06316546350717545,1.9992986917495728,0.4345073699951172,-0.01893918402493,-1.6518759727478027,0.32822877168655396,1.535923957824707
0.0963704630788485,-3.998913966905688,165.43029715019367,165.43029715019367,21.268645101646342,-1.997790813446045,-0.004935063421726227,2.00120210647583,0.22171670198440552,-0.026175186038017273,-2.6529335975646973,0.3349568545818329,-0.9862911701202393
0.1007509386733416,-19.055962220928045,-120.90850320833601,-120.90850320833601,-37.60580159518935,-1.9978123903274536,0.15754476189613342,2.00217342376709,0.615838885307312,-0.037796296179294586,1.5570435523986816,0.3306364417076111,4.8574066162109375
0.1051314142678347,16.917041661365197,120.14439978509004,120.14439978509004,48.318136953454996,-1.9971222877502441,-0.1269538700580597,2.004871129989624,-0.4234970808029175,-0.0309757050126791,-0.8756594657897949,0.3519141972064972,-6.046713829040527
0.1095118898623279,-21.128143934128172,28.35586754953924,28.35586754953924,-47.066815390820835,-1.9976783990859985,0.2832038402557373,2.0030159950256348,0.7335354089736938,-0.034811511635780334,1.2218952178955078,0.32542672753334045,7.79598331451416
0.113892365456821,34.21166182431505,-167.1290899903015,-167.1290899903015,30.088406347182996,-1.9964377880096436,-0.055839329957962036,2.0062291622161865,-0.539301872253418,-0.02945902943611145,3.4244766235351562,0.35957685112953186,-5.793370246887207
0.1182728410513141,-17.649248315128858,-23.913313624547563,-23.913313624547563,-26.99127598089055,-1.9966824054718018,0.21910440921783447,2.003866672515869,0.3595026731491089,-0.014458192512392998,-2.33489990234375,0.33419913053512573,3.3395776748657227
0.1226533166458072,69.5618668005598,62.460608963360905,62.460608963360905,30.278688614258716,-1.9957226514816284,0.006459370255470276,2.005441427230835,-0.4307783246040344,-0.024686165153980255,-2.24501371383667,0.3488280773162842,-4.576489448547363
0.1270337922403003,-48.94608792745472,-49.463718600077364,-49.463718600077364,-31.6543907970361,-1.9956943988800049,0.28843921422958374,2.003554344177246,0.7733762860298157,-0.03452039510011673,-1.3051996231079102,0.3287808895111084,5.385556221008301
0.1314142678347934,31.3462510174247,-35.50821011800661,-35.50821011800661,33.19418526736502,-1.9944308996200562,0.04113896191120148,2.0069420337677,-0.386155903339386,-0.04023779183626175,-1.8252885341644287,0.3523721992969513,-4.514492034912109
0.1357947434292866,-28.01930390432684,16.14099211186247,16.14099211186247,-28.467538401413353,-1.9942506551742554,0.32798057794570923,2.0052504539489746,0.5605276823043823,-0.04823342338204384,-3.831616163253784,0.3325965702533722,5.421451568603516
0.1401752190237797,50.89159339887483,102.77711429562808,102.77711429562808,13.492588945795708,-1.9928139448165894,0.11262872815132141,2.0077059268951416,-0.351370632648468,-0.06501772254705429,-2.5289056301116943,0.35634511709213257,-3.127203941345215
0.1445556946182728,-19.17894349052903,-78.49329243224031,-78.49329243224031,-12.513534478030714,-1.9923205375671387,0.2362211048603058,2.006166696548462,0.3245818614959717,-0.07609553635120392,0.07848548889160156,0.3426464796066284,1.7240467071533203
0.1489361702127659,31.9603656076222,-31.663379818341987,-31.663379818341987,7.075006221657961,-1.991285800933838,0.13682281970977783,2.0075886249542236,-0.15481483936309814,-0.07575172930955887,-1.8483326435089111,0.3501986265182495,-2.1763875484466553
0.153316645807259,-6.182175020661946,-3.524042368706705,-3.524042368706705,-6.799238174117351,-1.9906864166259766,0.19891825318336487,2.006910562515259,0.22337943315505981,-0.08384830504655838,-2.979616165161133,0.3406650125980377,0.47882723808288574
0.1576971214017521,17.958278834802567,-4.214217224122006,-4.214217224122006,14.276976608617439,-1.98981511592865,0.14549323916435242,2.0078890323638916,-0.021292418241500854,-0.09690044075250626,-2.883970022201538,0.3427625000476837,-1.5493719577789307
0.1620775969962453,-24.76208527701552,11.047261706801482,11.047261706801482,-12.231721141565476,-1.9891778230667114,0.2579793334007263,2.007795810699463,0.3997321128845215,-0.10953360050916672,-3.42397141456604,0.3359755277633667,2.813047170639038
0.1664580725907384,-9.42641288349094,-4.672282839867153,-4.672282839867153,9.951540560289063,-1.98804771900177,0.1697220504283905,2.0095467567443848,-0.1202688217163086,-0.12453222274780273,-2.7441513538360596,0.34829801321029663,-1.1218395233154297
0.1708385481852315,-31.08985798980351,147.84013699887026,147.84013699887026,-1.079030026873043,-1.9873042106628418,0.2519152760505676,2.0090198516845703,-0.021969296038150787,-0.13655291497707367,-3.171213388442993,0.3433838188648224,1.456742286682129
0.1752190237797246,33.7956328681215,-101.81679854248868,-101.81679854248868,-0.33581782067258603,-1.9862006902694702,0.25402286648750305,2.0089235305786133,-0.34521469473838806,-0.15044434368610382,1.1776983737945557,0.34976503252983093,0.5094715356826782
0.1795994993742177,17.52533730424561,155.181956016295,155.181956016295,-4.903964734430331,-1.9850879907608032,0.2377120852470398,2.007411241531372,-0.11829248070716858,-0.1452854573726654,-1.7858679294586182,0.3519967496395111,1.1108654737472534
0.1839799749687108,38.7838798976399,-88.49567298690518,-88.49567298690518,-4.953415100908922,-1.9840466976165771,0.19208048284053802,2.0068931579589844,-0.1253909468650818,-0.1531084030866623,2.889148473739624,0.356862872838974,0.10425710678100586
0.188360450563204,17.719737130403505,-82.23812805904362,-82.23812805904362,-1.2307802975642943,-1.9832053184509277,0.1354418247938156,2.0063438415527344,0.040500640869140625,-0.1404525637626648,0.4494497776031494,0.35731956362724304,-0.4838041663169861
0.1927409261576971,16.937844893329064,-24.039953768427228,-24.039953768427228,5.70160885804818,-1.9826120138168335,0.11964557319879532,2.006521224975586,0.11600764095783234,-0.13848376274108887,-1.9162216186523438,0.35520026087760925,-0.4621315002441406
0.1971214017521902,-50.048071543095716,53.84264363189239,53.84264363189239,-12.127527884173176,-1.9820878505706787,0.16084589064121246,2.0070292949676514,0.33752450346946716,-0.146877720952034,-2.7847695350646973,0.35317590832710266,1.4775084257125854
0.2015018773466833,22.379109319755027,77.2472144428287,77.2472144428287,16.665307536990838,-1.9813833236694336,0.08212535828351974,2.00850772857666,-0.3831915557384491,-0.15907633304595947,-0.8582314252853394,0.35964810848236084,-2.933988094329834
0.2058823529411764,-11.864198239433234,42.43934940448484,42.43934940448484,-17.97840834515422,-1.9810235500335693,0.2124336063861847,2.006829261779785,0.12126287817955017,-0.16283579170703888,0.9109523296356201,0.34679585695266724,2.169130802154541
0.2102628285356695,32.90806102701962,44.38947581014343,44.38947581014343,11.698868909408,-1.980093002319336,0.07671482861042023,2.0073604583740234,-0.4157087504863739,-0.15884537994861603,2.675342559814453,0.35629767179489136,-3.08740234375
0.2146433041301627,-3.365692007969688,-162.25029963290623,-162.25029963290623,-0.9404550257598707,-1.9797569513320923,0.1606670618057251,2.0055394172668457,0.06625387072563171,-0.14712610840797424,3.630012035369873,0.3427733778953552,0.8463590145111084
0.2190237797246558,42.2326204774069,6.727646041219438,6.727646041219438,-5.3588330469643015,-1.9790531396865845,0.1548255980014801,2.0058295726776123,-0.025240816175937653,-0.13122493028640747,-1.0807466506958008,0.3464808464050293,0.5144801735877991
0.2234042553191489,3.2533518093793576,129.96780097049066,129.96780097049066,3.9888750118123966,-1.97837495803833,0.10056404024362564,2.005718946456909,0.16184034943580627,-0.13595911860466003,-0.7277831435203552,0.3487345278263092,-0.1009601354598999
0.227784730913642,-21.98348674005057,-145.46809695972357,-145.46809695972357,-12.232771628669274,-1.97793447971344,0.13151590526103973,2.0064280033111572,0.23351651430130005,-0.13914716243743896,2.9512009620666504,0.3482922613620758,1.0789213180541992
0.2321652065081351,7.733916849724153,33.898710446652366,33.898710446652366,20.961295278331438,-1.977358341217041,0.0413082018494606,2.007450819015503,-0.25999248027801514,-0.1262194961309433,-0.9396927356719971,0.35301846265792847,-2.7877755165100098
0.2365456821026282,-8.967352019662195,-57.18292172218205,-57.18292172218205,-26.85055818774287,-1.977177381515503,0.21203768253326416,2.0063118934631348,0.22079584002494812,-0.13033579289913177,-0.5618792176246643,0.3408066928386688,3.218733310699463
0.2409261576971214,25.279110478716817,-33.95893604288282,-33.95893604288282,23.94838229012133,-1.9762485027313232,0.007783368229866028,2.00727915763855,-0.4905974566936493,-0.13279709219932556,-1.4476803541183472,0.35490626096725464,-4.456597328186035
0.2453066332916145,-7.905981485792117,74.0974549409542,74.0974549409542,-21.705925266770873,-1.9762144088745117,0.20269428193569183,2.0051300525665283,0.19825860857963562,-0.1391386240720749,-3.1387577056884766,0.3353842496871948,2.745509147644043
0.2496871088861076,11.103644405418969,67.65268330569747,67.65268330569747,30.95184577832339,-1.9753265380859375,0.04061342775821686,2.0059986114501953,-0.3912232220172882,-0.15288788080215454,-0.34099507331848145,0.3474108874797821,-3.4726405143737793
0.2540675844806007,-3.370058851312181,-85.54298033581627,-85.54298033581627,-35.13632400826025,-1.9751486778259277,0.287050724029541,2.0042848587036133,0.3374951183795929,-0.15438160300254822,0.7307857275009155,0.3321990668773651,5.3875250816345215
0.2584480600750938,23.827326644435892,102.4327119932127,102.4327119932127,30.387949665398875,-1.973891258239746,0.030121594667434692,2.005763292312622,-0.5151686668395996,-0.1511804163455963,-0.7412484884262085,0.35579898953437805,-4.481074810028076
0.2628285356695869,-33.76484070288849,69.33449942448048,69.33449942448048,-26.012717886244065,-1.9737592935562134,0.27554941177368164,2.003506660461426,0.3021758794784546,-0.1544274389743805,1.3626869916915894,0.3361697494983673,4.481696605682373
0.2672090112640801,24.728716291789052,-173.15953795685067,-173.15953795685067,15.63546370985582,-1.9725522994995117,0.09663596749305725,2.0048303604125977,-0.5962741374969482,-0.14845822751522064,4.147128105163574,0.35580170154571533,-3.470731735229492
0.2715894868585732,1.2792651163292499,-34.59922101229784,-34.59922101229784,-7.967258491115988,-1.972128987312317,0.21895143389701843,2.00221848487854,-0.09449392557144165,-0.13029183447360992,-1.3662843704223633,0.3405982553958893,1.3971142768859863
0.2759699624530663,26.5364338709891,167.99753847253103,167.99753847253103,15.602702447842194,-1.9711698293685913,0.15689365565776825,2.0018045902252197,-0.3031528890132904,-0.13627681136131287,-2.144021987915039,0.34671828150749207,-0.7980663776397705
0.2803504380475594,-32.04989814781164,-124.14398990378284,-124.14398990378284,-20.27544940761239,-1.970482587814331,0.27311110496520996,2.000476598739624,0.21628370881080627,-0.1456686407327652,2.3063902854919434,0.34322237968444824,4.104004859924316
0.2847309136420525,21.095568583815236,-51.458101905634145,-51.458101905634145,14.034813930834112,-1.9692862033843994,0.1312454342842102,2.0014240741729736,-0.5398579835891724,-0.13556554913520813,-0.7269003391265869,0.36119988560676575,-2.2135696411132812
0.2891113892365456,1.2564351371742877,-1.1106319876643234,-1.1106319876643234,-11.37921875555255,-1.968711256980896,0.24311009049415588,1.9990592002868652,-0.1024262011051178,-0.13874971866607666,-2.6395010948181152,0.3515034019947052,2.13511323928833
0.2934918648310388,13.266027987651803,109.21765467746339,109.21765467746339,9.016435986719149,-1.9676463603973389,0.15245234966278076,1.998610496520996,-0.38603806495666504,-0.15031199157238007,-2.339625835418701,0.36085620522499084,-1.0123317241668701
0.2978723404255319,8.966790171864575,-81.10165293346193,-81.10165293346193,-6.595468353371856,-1.9669785499572754,0.22224074602127075,1.9969195127487183,-0.12278717756271362,-0.16056066751480103,0.5865674018859863,0.35642170906066895,1.7733430862426758
0.302252816020025,35.493930695945515,157.1082653502989,157.1082653502989,-9.07684037484235,-1.9660050868988037,0.1652023047208786,1.9963816404342651,-0.2377152293920517,-0.1579912304878235,-1.5892493724822998,0.3641898036003113,0.11670184135437012
0.3066332916145181,11.73308677994362,-147.01850807348103,-147.01850807348103,14.243350815252454,-1.965281367301941,0.07383787631988525,1.995340347290039,-0.18950438499450684,-0.16495290398597717,3.2638823986053467,0.3647010028362274,-1.693605661392212
0.3110137672090112,18.24647041834951,-30.610046608571498,-30.610046608571498,-19.437108384220306,-1.9649579524993896,0.18817953765392303,1.9945101737976074,0.17470484972000122,-0.15065555274486542,-1.4454748630523682,0.35728219151496887,2.5158817768096924
0.3153942428035043,38.12176947828081,36.24490128575011,36.24490128575011,2.8491030351709714,-1.964133620262146,0.023791104555130005,1.9952754974365234,-0.14635932445526123,-0.15698741376399994,-1.771760106086731,0.36830294132232666,-2.531055212020874
0.3197747183979975,2.8340745847342967,108.19290022281174,108.19290022281174,9.769705547504037,-1.9640294313430786,0.03374549001455307,1.9946343898773193,0.18339335918426514,-0.16474856436252594,-0.7964969277381897,0.3572157025337219,-0.9634751081466675
0.3241551939924906,-32.59824533048657,13.146105114871938,13.146105114871938,-5.657811759834468,-1.9638816118240356,0.1127299964427948,1.995437741279602,0.3779715895652771,-0.1682375967502594,2.077772378921509,0.35299521684646606,1.8186691999435425
0.3285356695869837,-1.786942186848381,-131.14609477477262,-131.14609477477262,1.8478578436590898,-1.9633878469467163,0.085116907954216,1.9970934391021729,-0.05605319142341614,-0.15913596749305725,2.626906394958496,0.3609618544578552,-0.421744704246521
0.3329161451814768,15.884680735419012,80.52704336646697,80.52704336646697,8.896223407604563,-1.9630149602890015,0.10128036141395569,1.9968478679656982,-0.07313363999128342,-0.14762887358665466,-1.2569386959075928,0.359114408493042,0.05724009871482849
0.3372966207759699,18.053324517257792,15.492752722085433,15.492752722085433,-23.371758672538853,-1.9625712633132935,0.16861990094184875,1.9965275526046753,0.20930945873260498,-0.15313486754894257,0.8349084854125977,0.3593651354312897,2.863722562789917
0.341677096370463,27.135346634168506,67.72532112582284,67.72532112582284,13.552705206251524,-1.9618326425552368,-0.02863067388534546,1.9974443912506104,-0.1997215449810028,-0.14947757124900818,1.9698753356933594,0.37190958857536316,-3.2854034900665283
0.3460575719649562,-34.803036068927405,-155.33791414167618,-155.33791414167618,-8.139821205985623,-1.9619580507278442,0.08044223487377167,1.9965695142745972,0.2736026644706726,-0.1408485770225525,3.5518875122070312,0.35751795768737793,1.0456454753875732
0.3504380475594493,30.12760067878782,-19.0761415551065,-19.0761415551065,17.975725656089924,-1.9616056680679321,0.025509748607873917,1.9977680444717407,-0.23403215408325195,-0.12528961896896362,-0.7467632293701172,0.3620983958244324,-1.9408636093139648
0.3548185231539424,-22.517883715966416,-21.78942982814886,-21.78942982814886,-24.606250946902627,-1.961493968963623,0.16956104338169098,1.996742844581604,0.36452335119247437,-0.12856079638004303,-1.828795313835144,0.3535964787006378,3.69608736038208
0.3591989987484355,40.70161378684164,149.65035983267066,149.65035983267066,21.027452798360272,-1.9607511758804321,-0.01981067657470703,1.9983396530151367,-0.4067624807357788,-0.13657179474830627,-1.7465351819992065,0.3697870969772339,-3.6336779594421387
0.3635794743429286,-11.010237531379602,69.40731662446598,69.40731662446598,-24.39302326764872,-1.960837960243225,0.15128959715366364,1.9965578317642212,0.34184086322784424,-0.1442224532365799,2.0096616744995117,0.35386985540390015,3.0646820068359375
0.3679599499374217,26.32740114846983,-2.0778789825764457,-2.0778789825764457,29.06923353895059,-1.9601752758026123,-0.03965167701244354,1.9980552196502686,-0.32903075218200684,-0.13541917502880096,4.748929023742676,0.3672946095466614,-3.9647178649902344
0.3723404255319149,-37.576800485714074,19.617452142556886,19.617452142556886,-22.67095826149682,-1.9603489637374878,0.2030600607395172,1.99661386013031,0.47786784172058105,-0.11461660265922546,3.839334487915039,0.34992724657058716,4.6827898025512695
0.376720901126408,-2.283386793449706,-195.15048800427098,-195.15048800427098,8.956718237175059,-1.9594594240188599,0.03440290689468384,1.9987071752548218,-0.37770622968673706,-0.09779848903417587,5.0742902755737305,0.3704400956630707,-2.4270429611206055
0.3811013767209011,38.71368039572316,136.24805528861123,136.24805528861123,-4.5558272481063256,-1.9593087434768677,0.11245382577180862,1.9970526695251465,-0.24464833736419678,-0.07557068765163422,-0.8862876892089844,0.3598085045814514,0.023040056228637695
0.3854818523153942,-15.537707266180036,-147.33461552600463,-147.33461552600463,9.718537625781794,-1.9588161706924438,0.07974474877119064,1.995980978012085,-0.0658547431230545,-0.07945305109024048,3.2256321907043457,0.35990944504737854,-0.42477190494537354
0.3898623279098873,-21.672432341821562,46.43097912889871,46.43097912889871,-10.08576096509117,-1.95846688747406,0.1584833264350891,1.995692491531372,-0.024700909852981567,-0.06532324850559235,-1.3608174324035645,0.3580487370491028,1.95594322681427
0.3942428035043804,30.79989350933372,-76.63329778234042,-76.63329778234042,7.806142350984082,-1.9577726125717163,0.07273971289396286,1.99558424949646,-0.46998631954193115,-0.07128427922725677,0.289650559425354,0.36661669611930847,-1.319867491722107
0.3986232790988736,20.768466645510564,-13.668496349545878,-13.668496349545878,-10.529779954745472,-1.957453966140747,0.14401261508464813,1.993525505065918,-0.08657413721084595,-0.07001547515392303,-2.176248550415039,0.3608350455760956,1.5108660459518433
0.4030037546933667,13.500834344560229,170.13679835831041,170.13679835831041,-5.15562763865743,-1.9568231105804443,0.06111761927604675,1.993146300315857,-0.1880452036857605,-0.07954847812652588,-2.267909049987793,0.36745336651802063,-0.98338782787323
0.4073842302878598,39.19768106408001,-119.9274254143823,-119.9274254143823,9.76102203988055,-1.9565553665161133,0.019513346254825592,1.992322564125061,-0.23194116353988647,-0.08948300033807755,2.8511853218078613,0.363145649433136,-2.135845184326172
0.4117647058823529,-7.542308681064757,-43.93620672179296,-43.93620672179296,-2.051248090402212,-1.9564698934555054,0.10369335860013962,1.9913065433502197,0.2631577253341675,-0.07699345052242279,-0.9361283779144287,0.35378962755203247,1.4124884605407715
0.416145181476846,-3.405474744027857,168.5250125891029,168.5250125891029,-3.3328005118753374,-1.956015706062317,0.08691121637821198,1.9924592971801758,0.11210623383522034,-0.08109413832426071,-2.159301996231079,0.35997700691223145,0.6798144578933716
0.4205256570713391,22.05248257824178,-55.90312510348338,-55.90312510348338,-0.1868090777943625,-1.9556349515914917,0.059254586696624756,1.9929503202438354,-0.0323064923286438,-0.0905529111623764,2.8594911098480225,0.36295491456985474,-0.32181107997894287
0.4249061326658322,-17.125362841744117,-100.1154129261361,-100.1154129261361,8.420854165108036,-1.9553754329681396,0.05832318589091301,1.9928088188171387,0.10332536697387695,-0.07802698016166687,1.2323979139328003,0.36154523491859436,0.09070491790771484
0.4292866082603254,-8.97388538062929,105.78972119558873,105.78972119558873,-10.57551257455052,-1.9551199674606323,0.12622712552547455,1.993261456489563,0.1027442142367363,-0.07262849062681198,-1.93720543384552,0.3619425594806671,2.0758824348449707
0.4336670838548185,5.840136861794194,-7.349420511232904,-7.349420511232904,8.498761506961259,-1.9545670747756958,0.03860145062208176,1.9937114715576172,-0.24717524647712708,-0.08111437410116196,1.4610282182693481,0.3710359036922455,-1.064182996749878
0.4380475594493116,-0.3133683551103861,89.51636422517403,89.51636422517403,-16.79622688138677,-1.9543980360031128,0.11181469261646271,1.9926286935806274,-0.056266993284225464,-0.07471437752246857,0.9982110261917114,0.36637428402900696,1.4290668964385986
0.4424280350438047,42.83710583940457,11.789640903796847,11.789640903796847,29.263049704724395,-1.9539082050323486,-0.02855125069618225,1.9923821687698364,-0.4696485102176666,-0.07034173607826233,4.102875709533691,0.37263429164886475,-3.261688470840454
0.4468085106382978,-28.564720542832113,-106.73322437204561,-106.73322437204561,-30.692133492668745,-1.9540332555770874,0.23250865936279297,1.990324854850769,0.4802175462245941,-0.05236918851733208,3.5925967693328857,0.358346551656723,5.806257247924805
0.4511889862327909,14.962815595403104,80.38873026381337,80.38873026381337,2.570526667168698,-1.9530147314071655,-0.0163031667470932,1.9924284219741821,-0.47897765040397644,-0.036631904542446136,1.3719558715820312,0.38378071784973145,-3.366945266723633
0.4555694618272841,37.430817386657225,21.229030309715096,21.229030309715096,4.040257405616942,-1.9530861377716064,0.01655147597193718,1.9903302192687988,-0.34315428137779236,-0.0306220855563879,3.6444942951202393,0.3690319061279297,-2.329923629760742
0.4599499374217772,11.145337671510674,-22.560357779595435,-22.560357779595435,-0.09144478540373013,-1.9530136585235596,0.06944294273853302,1.9888269901275635,0.013888508081436157,-0.014657467603683472,4.146461009979248,0.3588257431983948,-0.3950231075286865
0.4643304130162703,-28.504190110615816,22.70602496233853,22.70602496233853,7.8253377888764115,-1.952709436416626,0.0748346671462059,1.9888877868652344,0.06221693754196167,0.003506004810333252,3.490297555923462,0.3570953607559204,-0.17731212079524994
0.4687108886107634,-6.044409424281248,12.71498255689442,12.71498255689442,-16.357881973587748,-1.9523816108703613,0.11987914144992828,1.9891602993011475,-0.04803057760000229,0.01879516988992691,3.924860715866089,0.3563186526298523,1.3782669305801392
0.4730913642052565,9.085284146109904,-10.425814288481162,-10.425814288481162,14.878171121530185,-1.9518564939498901,-0.017877504229545593,1.9889498949050903,-0.5013169646263123,0.03598792850971222,4.773880481719971,0.36235612630844116,-3.3172760009765625
0.4774718397997496,9.492652116244827,6.437681821592962,6.437681821592962,-5.612158235761411,-1.951934814453125,0.11770583689212799,1.9867539405822754,-0.14336475729942322,0.056899793446063995,4.034924030303955,0.3478248715400696,1.03363037109375
0.4818523153942428,-13.519151125413604,-47.92753312473223,-47.92753312473223,2.5880038484384875,-1.9514192342758179,0.08294045180082321,1.9861259460449219,-0.23019784688949585,0.07457467913627625,4.386817455291748,0.35235267877578735,-0.3183455467224121
0.4862327909887359,13.360095409049183,-39.68005686450881,-39.68005686450881,-5.991154588524986,-1.951055884361267,0.08836527168750763,1.9851175546646118,-0.3300386369228363,0.09379102289676666,2.9116034507751465,0.3509581685066223,0.09868255257606506
0.490613266583229,26.73228879385677,56.39904032909104,56.39904032909104,2.9012351562399896,-1.9506688117980957,0.05717258155345917,1.98367178440094,-0.3924216628074646,0.10654523223638535,1.9277806282043457,0.35139045119285583,-1.269291877746582
0.4949937421777221,13.96440147125846,16.70467049147341,16.70467049147341,-7.662902947017943,-1.9504183530807495,0.11764396727085114,1.9819527864456177,-0.14683623611927032,0.11498983204364777,3.490086078643799,0.34583035111427307,0.147658109664917
0.4993742177722152,-8.063959292599648,-2.191777529026072,-2.191777529026072,3.1299809622990282,-1.9499030113220215,0.07651403546333313,1.9813095331192017,-0.24123656749725342,0.1302780658006668,4.201696395874023,0.3464771509170532,-1.6707524061203003
0.5037546933667083,-18.56006111472467,-180.37689697310964,-180.37689697310964,0.37017693721673295,-1.9495677947998047,0.09015001356601715,1.980252742767334,-0.2833791673183441,0.14868348836898804,4.046284198760986,0.33915847539901733,-0.9824672937393188
0.5081351689612015,29.66567474703939,131.1624535208336,131.1624535208336,3.169033682600526,-1.949172854423523,0.06312506645917892,1.9790114164352417,-0.4743366837501526,0.16640813648700714,-1.2321033477783203,0.3348548114299774,-1.306370496749878
0.5125156445556946,25.757954918468364,-38.71386366917507,-38.71386366917507,0.03491136799072281,-1.9488962888717651,0.139771968126297,1.9769335985183716,-0.19819456338882446,0.16101093590259552,2.5057103633880615,0.3291322886943817,0.2628602981567383
0.5168961201501877,6.29526933206087,-39.318356730346366,-39.318356730346366,-10.570966125047986,-1.9482840299606323,0.1837192326784134,1.9760653972625732,-0.02380479872226715,0.1719871461391449,1.374123215675354,0.3302837312221527,0.8677917122840881
0.5212765957446808,13.865795198036313,76.09861812788574,76.09861812788574,-5.561978531753937,-1.947479248046875,0.11477398127317429,1.9759610891342163,-0.2483607828617096,0.17800645530223846,0.5346083045005798,0.334085077047348,-1.9345262050628662
0.5256570713391739,37.229682554933305,26.66581295364148,26.66581295364148,7.2205048665386435,-1.9469765424728394,0.09852167218923569,1.9748731851577759,-0.2985992729663849,0.18034829199314117,2.9193568229675293,0.3256109356880188,-3.1646127700805664
0.5300375469336671,-19.623171828505946,-170.1248061221899,-170.1248061221899,-3.705526353585224,-1.9465450048446655,0.22381854057312012,1.9735652208328247,0.13016515970230103,0.19313646852970123,3.4872214794158936,0.3117484152317047,-0.28757786750793457
0.5344180225281602,-27.419430565490874,73.45787882127154,73.45787882127154,11.028015426220245,-1.9455646276474,0.16036231815814972,1.974135398864746,-0.16021841764450073,0.20841215550899506,-1.3727490901947021,0.3104887008666992,-1.777661681175232
0.5387984981226532,22.859408189160845,88.06261948550123,88.06261948550123,-2.2591165225091254,-1.9448621273040771,0.18625546991825104,1.9734336137771606,-0.18718184530735016,0.2023988664150238,0.45040082931518555,0.3027017116546631,0.6585162878036499
0.5431789737171464,23.60369779417313,21.967318699520455,21.967318699520455,-4.872604575251656,-1.9440462589263916,0.21457058191299438,1.9726136922836304,-0.08890412002801895,0.204371839761734,3.0880818367004395,0.3055863380432129,0.5615753531455994
0.5475594493116396,-10.776710400286591,-107.91839836858568,-107.91839836858568,0.008192503134041962,-1.9431062936782837,0.2261303961277008,1.972224235534668,-0.0428447350859642,0.2178991138935089,3.8718926906585693,0.3080463111400604,-0.24690622091293335
0.5519399249061326,-4.243393043094703,-103.16338982365525,-103.16338982365525,-3.131347315163214,-1.9421157836914062,0.20429058372974396,1.972036600112915,-0.17583411931991577,0.23485985398292542,0.7200942039489746,0.3069647550582886,-0.49617719650268555
0.5563204005006257,35.041813893489184,153.36055770590616,153.36055770590616,1.6775198115344543,-1.9412208795547485,0.1731075793504715,1.9712663888931274,-0.32421576976776123,0.23801420629024506,-2.2011585235595703,0.30479127168655396,-1.468640923500061
0.5607008760951189,-23.2921877410481,42.32495579603088,42.32495579603088,-8.875068772746431,-1.940462589263916,0.2613331973552704,1.9698461294174194,-0.03751972317695618,0.22837208211421967,2.2284674644470215,0.29835793375968933,-0.18134689331054688
0.565081351689612,28.76383034613027,2.6921234542051797,2.6921234542051797,18.86775775123287,-1.9393178224563599,0.15164130926132202,1.969681739807129,-0.47409898042678833,0.23813383281230927,3.723670482635498,0.2975635528564453,-3.200995445251465
0.5694618272841051,-42.33143431793815,13.731279157373013,13.731279157373013,-19.82709754321231,-1.938653588294983,0.34665438532829285,1.9676049947738647,0.14476245641708374,0.25444528460502625,3.251290798187256,0.2835416793823242,2.733792304992676
0.5738423028785982,53.44791922421747,-11.816680951500208,-11.816680951500208,20.861359326872133,-1.937135100364685,0.12504063546657562,1.9682390689849854,-0.6978834867477417,0.26868748664855957,4.231301784515381,0.2955169975757599,-3.7872986793518066
0.5782227784730913,-12.748286766079435,13.744859478212842,13.744859478212842,-15.896647970326871,-1.9365873336791992,0.39759647846221924,1.9651820659637451,0.1690833568572998,0.28722259402275085,3.2769994735717773,0.278926819562912,3.2827401161193848
0.5826032540675845,-4.806957219927222,-59.775735176929544,-59.775735176929544,1.4483671977083579,-1.9348456859588623,0.2678740620613098,1.9659227132797241,-0.3386942148208618,0.3015774190425873,4.142625331878662,0.29330676794052124,-1.4492807388305664
0.5869837296620776,15.094925933335993,34.36829791670489,34.36829791670489,-2.2192983794520584,-1.933672308921814,0.2661862075328827,1.964439034461975,-0.3890143930912018,0.31972408294677734,2.354687452316284,0.2869582176208496,-1.1580218076705933
0.5913642052565706,-15.708980768196081,-91.72742544827761,-91.72742544827761,7.004713135221942,-1.9325063228607178,0.2919333577156067,1.9627349376678467,-0.35811442136764526,0.33003872632980347,3.423161268234253,0.2818855345249176,-1.4233369827270508
0.5957446808510638,-6.017251074477465,77.65005620176758,77.65005620176758,-14.994926204198897,-1.9312275648117065,0.2958284914493561,1.961166262626648,-0.3722214102745056,0.34503379464149475,0.5398697853088379,0.27565065026283264,0.1623743772506714
0.600125156445557,26.381779061061465,8.704054257840335,8.704054257840335,18.570422928109437,-1.929931640625,0.1834164559841156,1.9595357179641724,-0.8024505376815796,0.34739866852760315,3.245396852493286,0.2763619124889374,-4.160085678100586
0.60450563204005,40.94678405302328,16.340051818945554,16.340051818945554,-17.032908833144425,-1.9291281700134277,0.3822439908981323,1.9560205936431885,-0.2134227752685547,0.36161506175994873,2.9572675228118896,0.2581387460231781,1.6355829238891602
0.6088861076345431,1.9039825553969374,-128.27363233922955,-128.27363233922955,16.703247456041556,-1.9274537563323975,0.39820396900177,1.9550857543945312,-0.31010186672210693,0.374569296836853,3.931863784790039,0.265303373336792,-2.1599714756011963
0.6132665832290363,-22.77885724391749,-20.40751126495993,-20.40751126495993,-19.28137168192736,-1.9257094860076904,0.508124828338623,1.9537273645401,0.039658159017562866,0.39179274439811707,-0.30192089080810547,0.2558416724205017,2.5425708293914795
0.6176470588235294,4.396359450264422,96.68194994137541,96.68194994137541,15.300743452177901,-1.9234836101531982,0.32691213488578796,1.9539010524749756,-0.6242800951004028,0.3904701769351959,-0.33480775356292725,0.2669793367385864,-3.3635551929473877
0.6220275344180225,12.393226757506167,-147.56886579861796,-147.56886579861796,-9.205266192439696,-1.9220515489578247,0.43894603848457336,1.9511663913726807,-0.28708797693252563,0.38900354504585266,2.041781425476074,0.25224536657333374,1.0057556629180908
0.6264080100125156,44.315332235657436,46.41545407544595,46.41545407544595,1.5581383668227144,-1.9201287031173706,0.422787070274353,1.9499088525772095,-0.43931683897972107,0.3979475200176239,-1.9988741874694824,0.25665104389190674,-1.2736425399780273
0.6307884856070087,7.6064183551040445,106.65922164669874,106.65922164669874,-10.807068623644845,-1.9182766675949097,0.5688998103141785,1.9479844570159912,-0.09156236052513123,0.38919150829315186,-0.6888983249664307,0.25107187032699585,0.18918800354003906
0.6351689612015019,2.4231907140682187,17.90706134541472,17.90706134541472,6.620842015876454,-1.9157845973968506,0.5288848876953125,1.9475833177566528,-0.31866350769996643,0.386173814535141,2.741489887237549,0.2519006133079529,-2.648096799850464
0.639549436795995,4.871673985622868,-78.47405972732854,-78.47405972732854,-2.2899109342886947,-1.9134678840637207,0.5773171186447144,1.9461873769760132,-0.19247478246688843,0.39818283915519714,3.0710833072662354,0.24030068516731262,-0.7454006671905518
0.643929912390488,9.644294750649356,65.01198471641501,65.01198471641501,-12.029241576304763,-1.9109389781951904,0.5795732736587524,1.9453442096710205,-0.24852490425109863,0.4116356372833252,0.8462646007537842,0.23703548312187195,-1.2712478637695312
0.6483103879849812,-5.304619614993364,7.793719006058266,7.793719006058266,20.503189512912243,-1.9084001779556274,0.5440282821655273,1.9442555904388428,-0.4886649250984192,0.41534268856048584,3.0961127281188965,0.23146681487560272,-4.403346538543701
0.6526908635794744,-9.189624744752766,17.023596155786034,17.023596155786034,-2.771968247372593,-1.9060170650482178,0.6446102857589722,1.9421149492263794,-0.10785359144210815,0.4289051294326782,2.7249557971954346,0.2121780663728714,1.192328929901123
0.6570713391739674,18.019261597950997,-141.58140010906686,-141.58140010906686,4.543119706167693,-1.9031933546066284,0.6022751331329346,1.9416425228118896,-0.28736570477485657,0.4408417344093323,3.303049087524414,0.21740102767944336,0.208940327167511
0.6614518147684605,13.463545755302002,-13.264004902448912,-13.264004902448912,-16.710362659959554,-1.90055513381958,0.6839097738265991,1.9403836727142334,-0.08408115804195404,0.4553106725215912,-0.9642500877380371,0.21831628680229187,1.8877520561218262
0.6658322903629537,-15.419079585163542,105.6718107962016,105.6718107962016,13.977557209025377,-1.8975592851638794,0.6453615427017212,1.9400153160095215,-0.4040278196334839,0.45108678936958313,-0.8636054992675781,0.2265855371952057,-2.4656825065612793
0.6702127659574468,-2.5936978198166054,-144.86285747530795,-144.86285747530795,-10.771366716484637,-1.8947322368621826,0.6697378158569336,1.9382455348968506,-0.2495092749595642,0.44730377197265625,1.814157247543335,0.21578466892242432,1.0800449848175049
0.6745932415519399,7.317489105028314,58.52885974957291,58.52885974957291,-1.9208860504882885,-1.891798496246338,0.6075696349143982,1.937152624130249,-0.5596004128456116,0.45525065064430237,-2.1017394065856934,0.22051577270030975,-1.9830307960510254
0.678973717146433,1.7136082870439466,92.63426648324085,92.63426648324085,20.7683623952297,-1.8891370296478271,0.6236200928688049,1.9347013235092163,-0.5893886089324951,0.44604402780532837,-0.33641517162323,0.21182915568351746,-2.351923704147339
0.6833541927409261,-18.01240994855565,12.482696946241763,12.482696946241763,-33.06629428215801,-1.8864052295684814,0.7335637807846069,1.9321194887161255,-0.14340510964393616,0.4445703625679016,1.7622970342636108,0.20152661204338074,3.47900128364563
0.6877346683354193,44.671310037096355,4.087434965217148,4.087434965217148,34.635879639964244,-1.8831918239593506,0.5243375301361084,1.9314912557601929,-1.08858060836792,0.45229005813598633,3.0924720764160156,0.21676629781723022,-6.152254104614258
0.6921151439299124,-24.785328290298924,-155.68838997917612,-155.68838997917612,-33.688858542895545,-1.8808950185775757,0.8609075546264648,1.926722764968872,0.009283900260925293,0.4658365547657013,2.2003605365753174,0.18981650471687317,4.525051116943359
0.6964956195244054,28.164994714572,116.02826188372178,116.02826188372178,23.558283406203085,-1.8771238327026367,0.6363546848297119,1.9267634153366089,-1.0040684938430786,0.4754751920700073,-1.362412691116333,0.20963838696479797,-5.428983688354492
0.7008760951188986,19.808228346472323,-18.809045074686885,-18.809045074686885,-16.675005458038836,-1.8743362426757812,0.8588448762893677,1.9223650693893433,-0.29017508029937744,0.4695071876049042,1.3380038738250732,0.18585684895515442,1.7778596878051758
0.7052565707133918,21.03188937728083,-133.44277401330012,-133.44277401330012,16.263038183700395,-1.8705741167068481,0.8543540239334106,1.9210939407348633,-0.5630431771278381,0.47536829113960266,1.2756831645965576,0.193644717335701,-2.4267401695251465
0.7096370463078848,-2.825603986384583,-23.643307769872045,-23.643307769872045,-19.578147840085048,-1.866831660270691,1.001570224761963,1.9186275005340576,-0.06884756684303284,0.48095637559890747,-3.096201181411743,0.18301443755626678,2.5821852684020996
0.7140175219023779,39.380746442313196,-20.6868190418996,-20.6868190418996,13.413154694745094,-1.862444281578064,0.9108020067214966,1.9183259010314941,-0.5853786468505859,0.46739354729652405,-3.214916706085205,0.19432564079761505,-2.9410557746887207
0.718397997496871,4.706604979171232,5.026039285655949,5.026039285655949,-4.479013238045535,-1.8584545850753784,1.1071803569793701,1.9157617092132568,-0.01316976547241211,0.45331066846847534,-4.2107439041137695,0.18144240975379944,1.6883859634399414
0.7227784730913642,9.344934838509374,-0.7224152737804174,-0.7224152737804174,1.833070307462422,-1.8536045551300049,1.1046031713485718,1.9157040119171143,-0.12263380736112595,0.4348655939102173,-3.933166265487671,0.18883834779262543,0.5455437898635864
0.7271589486858573,2.211255538314388,99.9614708500958,99.9614708500958,-13.81810064844401,-1.8487658500671387,1.142336130142212,1.9151668548583984,-0.049470603466033936,0.4176364541053772,-4.007794380187988,0.19122809171676636,1.269176959991455
0.7315394242803503,18.908865357790738,-79.40753104169981,-79.40753104169981,10.32909795007332,-1.843761920928955,1.088140606880188,1.9149501323699951,-0.3928939998149872,0.4000804126262665,-0.6850700378417969,0.19678768515586853,-2.5338962078094482
0.7359198998748435,-19.476749922616165,-15.45738347001682,-15.45738347001682,-6.619915193869055,-1.838995337486267,1.193954348564148,1.9132291078567505,-0.04719552397727966,0.3970794677734375,-3.3056640625,0.18568801879882812,0.7807252407073975
0.7403003754693367,4.654763651141265,-7.427438860061885,-7.427438860061885,2.9474584600174376,-1.8337652683258057,1.1084606647491455,1.9130223989486694,-0.39913690090179443,0.3825990855693817,-3.563746213912964,0.1891079694032669,-1.5117583274841309
0.7446808510638298,14.353268359584874,2.1168169316001437,2.1168169316001437,6.032684514699103,-1.8289096355438232,1.1355334520339966,1.9112739562988281,-0.336832731962204,0.3669881820678711,-3.8667261600494385,0.18248574435710907,-0.5827131271362305
0.7490613266583228,-16.178478852872132,4.031119509781084,4.031119509781084,-10.041508468390935,-1.8239355087280273,1.2006442546844482,1.909798502922058,-0.12426142394542694,0.35005009174346924,-3.981081962585449,0.17993319034576416,1.4303734302520752
0.753441802252816,-6.682935780684297,179.0650592994561,179.0650592994561,2.5319092635005207,-1.8186761140823364,1.116708755493164,1.9092541933059692,-0.5309923887252808,0.3326110541820526,-3.5701165199279785,0.1861989051103592,-1.7437047958374023
0.7578222778473092,33.28386993668787,-131.44428886286045,-131.44428886286045,7.134302195476846,-1.8137843608856201,1.1118570566177368,1.9069281816482544,-0.5707051753997803,0.3169722557067871,1.5852112770080566,0.17856064438819885,-1.1925654411315918
0.7622027534418022,-18.414958205641206,13.345144176288864,13.345144176288864,-17.498718069137034,-1.8089139461517334,1.2226688861846924,1.904428243637085,-0.1747746765613556,0.3239162266254425,-2.4617233276367188,0.17333664000034332,1.5696780681610107
0.7665832290362953,32.69518816820378,-53.11030887187936,-53.11030887187936,20.061817581026222,-1.803558111190796,1.1076229810714722,1.9036626815795898,-0.7734304666519165,0.31313270330429077,-1.56098473072052,0.1802125722169876,-3.7370660305023193
0.7709637046307884,-30.71785149510363,0.016711629585134502,0.016711629585134502,-15.832099248970344,-1.7987061738967896,1.275449275970459,1.900274634361267,-0.08486020565032959,0.30629485845565796,-3.697842597961426,0.16384243965148926,2.6172921657562256
0.7753441802252816,2.3355874622611035,-9.991958212051909,-9.991958212051909,7.663334980853155,-1.7931190729141235,1.1459815502166748,1.8999029397964478,-0.7484133243560791,0.29009655117988586,-3.2350070476531982,0.17530742287635803,-2.5106098651885986
0.7797246558197747,46.50021296431031,4.594209141554654,4.594209141554654,2.4102668451244575,-1.7880991697311401,1.1848372220993042,1.8966245651245117,-0.5955333113670349,0.2759256958961487,-3.7505974769592285,0.16430975496768951,-0.31908679008483887
0.7841051314142677,-6.895232603154518,2.843500655439121,2.843500655439121,-21.563835824595216,-1.7829090356826782,1.2933404445648193,1.8940157890319824,-0.19512894749641418,0.2594963014125824,-3.686819553375244,0.16291199624538422,1.4361621141433716
0.7884856070087609,35.930341793919034,-14.31113150231998,-14.31113150231998,33.785207162327744,-1.7772436141967773,1.1981455087661743,1.8931610584259033,-0.7946454286575317,0.24334627389907837,-2.974047899246216,0.16920307278633118,-4.738392353057861
0.7928660826032541,-4.919760387850381,80.34243381723341,80.34243381723341,-32.82854793290214,-1.771995186805725,1.4091583490371704,1.8896801471710205,0.24325144290924072,0.23031853139400482,-4.378613471984863,0.14844666421413422,5.523400783538818
0.7972465581977471,6.0145192391412365,-61.36473699018006,-61.36473699018006,14.584549020012059,-1.765822410583496,1.2975611686706543,1.890745759010315,-0.60378497838974,0.21113812923431396,-1.0736618041992188,0.172641783952713,-3.746711254119873
0.8016270337922402,21.73020172834293,-5.9132945774286405,-5.9132945774286405,2.9619737199862963,-1.7601385116577148,1.3717985153198242,1.8881008625030518,-0.2600850462913513,0.20643498003482819,-3.291621685028076,0.1562294065952301,0.4614739418029785
0.8060075093867334,-11.642426624274158,3.7974921664753314,3.7974921664753314,-8.177896835140386,-1.754129409790039,1.4189811944961548,1.886961579322815,-0.05067253112792969,0.1920161098241806,-3.5508077144622803,0.15825088322162628,1.7961701154708862
0.8103879849812266,-1.8167509287652557,-4.846510938785956,-4.846510938785956,-8.488658095562657,-1.7479135990142822,1.3715451955795288,1.8867396116256714,-0.38182374835014343,0.17646187543869019,-3.2010884284973145,0.16611896455287933,-0.757189154624939
0.8147684605757196,45.68069020340169,23.07016635739753,23.07016635739753,21.587851963794307,-1.7419055700302124,1.3361401557922363,1.8850669860839844,-0.6364827752113342,0.16243958473205566,-3.094726085662842,0.16280211508274078,-3.1670751571655273
0.8191489361702127,-3.466656443650737,-6.391323307138,-6.391323307138,-24.355102611583238,-1.7360526323318481,1.4855600595474243,1.8822789192199707,0.20812052488327026,0.14888320863246918,-3.0514378547668457,0.14892882108688354,3.9239730834960938
0.8235294117647058,1.32287410676967,-19.895341644930802,-19.895341644930802,8.626938462900801,-1.7295451164245605,1.40203058719635,1.883190631866455,-0.42977792024612427,0.1355164647102356,-2.526838541030884,0.16611769795417786,-2.949402332305908
0.827909887359199,16.121147118787636,2.305220307190824,2.305220307190824,1.5617880888391504,-1.7234035730361938,1.4402434825897217,1.8813079595565796,-0.2625730633735657,0.12444771081209183,-3.3597795963287354,0.15319791436195374,-0.5125401020050049
0.8322903629536921,-13.638680303522882,3.005063610794914,3.005063610794914,4.764249346554233,-1.7170946598052979,1.464090347290039,1.880157709121704,-0.13152165710926056,0.10973028093576431,-3.338068962097168,0.15095274150371552,0.30069613456726074
0.8366708385481851,11.338100084109472,4.011414903447763,4.011414903447763,-13.84794940175719,-1.7106812000274658,1.4669355154037476,1.8795815706253052,-0.1808929443359375,0.09510795027017593,-3.3894426822662354,0.15226992964744568,1.3099572658538818
0.8410513141426783,-24.713694014470473,-10.392806522348327,-10.392806522348327,6.474942877830574,-1.7042553424835205,1.4288793802261353,1.8787891864776611,-0.4475913941860199,0.08026057481765747,-2.8678927421569824,0.1580081582069397,-2.2866389751434326
0.8454317897371715,5.476991111165837,5.250141197131929,5.250141197131929,10.052669200639194,-1.6979961395263672,1.4338321685791016,1.8768285512924194,-0.5529237985610962,0.06769783794879913,-3.3604846000671387,0.1479915976524353,-1.0583961009979248
0.8498122653316645,7.473280069913632,7.619017904947278,7.619017904947278,-20.35014573197581,-1.6917152404785156,1.4730335474014282,1.8744064569473267,-0.3159067630767822,0.052977316081523895,-3.5007336139678955,0.1433553248643875,1.8730359077453613
0.8541927409261576,22.03715620121322,-9.102094034917377,-9.102094034917377,13.414237656298901,-1.685262680053711,1.4108998775482178,1.8730226755142212,-0.7669398784637451,0.03764243796467781,-2.683945417404175,0.15156011283397675,-3.6277499198913574
0.8585732165206508,32.27564329595397,4.964188955948818,4.964188955948818,-1.6260808259836925,-1.6790822744369507,1.4751898050308228,1.869663119316101,-0.3106136620044708,0.025885481387376785,-3.341493606567383,0.13566884398460388,0.6263508796691895
0.8629536921151439,-13.732539018384138,2.6541325092374537,2.6541325092374537,-10.058902169749075,-1.6726202964782715,1.4842865467071533,1.8683024644851685,-0.11395975947380066,0.011248149909079075,-3.1490368843078613,0.13841256499290466,0.9247839450836182
0.867334167709637,3.435309833055256,82.46724708405023,82.46724708405023,14.089067470111074,-1.6661183834075928,1.4473403692245483,1.8678032159805298,-0.5084685683250427,-0.002546129748225212,-2.777776002883911,0.1424635648727417,-2.1996920108795166
0.8717146433041301,-25.307040887294818,-54.92543318104684,-54.92543318104684,-14.16059627646996,-1.659778356552124,1.4968807697296143,1.865575909614563,-0.19532641768455505,-0.01471410971134901,-0.7809163331985474,0.13282786309719086,1.8091228008270264
0.8760951188986232,38.1271581462053,3.3329775111602897,3.3329775111602897,3.6912628216420127,-1.6532212495803833,1.4500688314437866,1.864720344543457,-0.7847570180892944,-0.018134895712137222,-1.9713788032531738,0.14075268805027008,-2.72666335105896
0.8804755944931164,25.253324640710495,-23.588861866827234,-23.588861866827234,6.166255386866778,-1.6468693017959595,1.4707162380218506,1.8612827062606812,-0.41525155305862427,-0.026770472526550293,-1.9818419218063354,0.12880860269069672,-0.8148913383483887
0.8848560700876095,1.831662500793442,-2.518407385327296,-2.518407385327296,-2.2401365419855286,-1.6404268741607666,1.491335391998291,1.8594636917114258,-0.0981370210647583,-0.03545188158750534,-2.850785732269287,0.12523898482322693,1.489478349685669
0.8892365456821025,14.757479472293262,-2.316370874971167,-2.316370874971167,-3.1043556439856643,-1.6338940858840942,1.4856001138687134,1.8590338230133057,-0.1775842010974884,-0.04793968051671982,-2.858912229537964,0.13176360726356506,0.9071282744407654
0.8936170212765957,-8.430179170515338,-1.9457901482930393,-1.9457901482930393,-6.954580730803881,-1.627386450767517,1.4753907918930054,1.8582558631896973,-0.16624051332473755,-0.0604630783200264,-2.8359005451202393,0.13573725521564484,0.38170045614242554
0.8979974968710889,38.00407034922074,72.03480890096439,72.03480890096439,13.100678636286762,-1.6209235191345215,1.4545739889144897,1.8575276136398315,-0.4428767263889313,-0.0728856697678566,-2.6896278858184814,0.1374092847108841,-1.7515788078308105
0.902377972465582,-29.197847023503876,-48.51342158053342,-48.51342158053342,-27.781953373771135,-1.6145517826080322,1.4893558025360107,1.8555876016616821,0.14300265908241272,-0.08466751873493195,-0.9685643911361694,0.1297365427017212,2.773029327392578
0.906758448060075,37.695560753389,31.55027537027605,31.55027537027605,39.965396955509355,-1.608027696609497,1.4170899391174316,1.8562140464782715,-0.7954139709472656,-0.0889102891087532,-1.573988914489746,0.1418837308883667,-5.643433570861816
0.9111389236545682,-50.279937267455786,-26.393112093749885,-26.393112093749885,-51.14696328629257,-1.6018201112747192,1.5490922927856445,1.8527297973632812,0.40875399112701416,-0.0958051085472107,-1.819737195968628,0.1171628087759018,6.362144470214844
0.9155193992490612,16.256179214047673,-44.676205234412286,-44.676205234412286,54.22788829543208,-1.5950343608856201,1.4444655179977417,1.854520320892334,-1.2558391094207764,-0.10377642512321472,-1.096846342086792,0.14503203332424164,-9.053488731384277
0.9198998748435544,-15.959138386033864,27.727585833438212,27.727585833438212,-41.53311584269536,-1.5887069702148438,1.6512855291366577,1.849019169807434,0.09280896186828613,-0.10858113318681717,-3.985159397125244,0.10537344217300415,6.4388017654418945
0.9242803504380476,32.61832463184078,55.12560695069137,55.12560695069137,21.044671865506217,-1.5814735889434814,1.5723609924316406,1.8494256734848022,-1.05597722530365,-0.12603802978992462,-1.9625272750854492,0.13357844948768616,-5.509427070617676
0.9286608260325406,-18.658440697603105,-47.42075257523324,-47.42075257523324,-10.701055626563402,-1.5745859146118164,1.6301000118255615,1.8447999954223633,-0.3346230387687683,-0.1346348375082016,-0.9672558903694153,0.10944453626871109,1.098367691040039
0.9330413016270338,9.664721481134581,73.52486275669035,73.52486275669035,5.135253571849554,-1.5674452781677246,1.61592435836792,1.8433341979980469,-0.7854914665222168,-0.13887187838554382,-2.0395874977111816,0.11425591260194778,-2.3102803230285645
0.9374217772215268,16.194195793551422,-15.023779364463499,-15.023779364463499,-4.189909846640555,-1.5603667497634888,1.6247930526733398,1.8398933410644531,-0.6270826458930969,-0.14780624210834503,-0.042394042015075684,0.10413578897714615,-0.6588658094406128
0.94180225281602,28.217897662048735,-60.36972386102311,-60.36972386102311,4.6463209404757855,-1.5532493591308594,1.6020784378051758,1.8371464014053345,-0.6303837895393372,-0.14799195528030396,-0.35877740383148193,0.10124964267015457,-1.4597712755203247
0.9461827284105132,37.147513992816926,-14.31122367766285,-14.31122367766285,-5.566898689849072,-1.5462315082550049,1.5916111469268799,1.8343850374221802,-0.32570454478263855,-0.14956356585025787,-2.2574520111083984,0.09485515207052231,0.4769160747528076
0.9505632040050064,-29.283147487774578,-5.878172450000026,-5.878172450000026,-3.3607455404577977,-1.5392595529556274,1.5492117404937744,1.8329583406448364,-0.18335603177547455,-0.15945227444171906,-2.5128140449523926,0.09694427251815796,-0.2307998538017273
0.9549436795994992,13.661892116483005,179.5763590792897,179.5763590792897,14.45574470169465,-1.5324733257293701,1.5671594142913818,1.8321551084518433,-0.5527344942092896,-0.1704595983028412,-2.5863308906555176,0.09593325853347778,-1.8319344520568848
0.9593241551939924,-19.743565063416288,-124.83514321423054,-124.83514321423054,-28.375239410174828,-1.5256084203720093,1.5879007577896118,1.8297338485717773,-0.1430991291999817,-0.18178895115852356,2.2357144355773926,0.08790851384401321,2.5083765983581543
0.9637046307884856,22.742057788337142,-54.36136997622859,-54.36136997622859,31.216645358155844,-1.5186526775360107,1.5522915124893188,1.8291070461273193,-1.015368938446045,-0.17199546098709106,-0.5812206268310547,0.09889639914035797,-5.85089635848999
0.9680851063829788,-20.016029681920266,6.826845313303614,6.826845313303614,-17.42933137993489,-1.5118528604507446,1.6154217720031738,1.8246592283248901,-0.13939660787582397,-0.17454148828983307,-3.0803699493408203,0.07326668500900269,3.3683524131774902
0.9724655819774718,18.169793243977317,-8.592767030015604,-8.592767030015604,13.532588183540165,-1.5047765970230103,1.6100267171859741,1.824048638343811,-0.7594295144081116,-0.18803498148918152,-2.3720126152038574,0.0880216732621193,-1.9471197128295898
0.9768460575719649,-0.2629613856284152,53.47754039903099,53.47754039903099,-12.506605762742579,-1.497723937034607,1.6197150945663452,1.820721983909607,-0.33344918489456177,-0.1984255313873291,-3.0181431770324707,0.07949236035346985,2.2365684509277344
0.981226533166458,42.87588357983104,-39.99555089108965,-39.99555089108965,16.894269210452222,-1.4906288385391235,1.5985796451568604,1.8192613124847412,-0.6709810495376587,-0.2116464376449585,-1.091196894645691,0.089289590716362,-1.2571871280670166
0.9856070087609512,-17.764539908298644,1.7031654984383175,1.7031654984383175,-19.366534019806075,-1.4836262464523315,1.5816986560821533,1.8163220882415771,0.03978526592254639,-0.21642640233039856,-2.7525599002838135,0.08378251641988754,4.414019584655762
0.9899874843554444,-0.23458402098756093,141.10872885952475,141.10872885952475,3.4730443621585474,-1.4766976833343506,1.5734598636627197,1.8164963722229004,-0.6049161553382874,-0.22848393023014069,-2.1372578144073486,0.10311802476644516,-1.3846368789672852
0.9943679599499372,20.9277483633888,-113.86883381433519,-113.86883381433519,5.872789269641644,-1.469805121421814,1.5828496217727661,1.8138465881347656,-0.5689491629600525,-0.23784613609313965,1.8821403980255127,0.09705265611410141,-0.4212765097618103
0.9987484355444304,-6.872068270089265,4.975611957347076,4.975611957347076,-10.623989272012999,-1.4628714323043823,1.5671995878219604,1.8113542795181274,-0.30078253149986267,-0.22960147261619568,-1.614694595336914,0.09520726650953293,1.6797685623168945
1.0031289111389237,21.571159329079286,-37.73595237311567,-37.73595237311567,-3.374452444938502,-1.456006407737732,1.5537551641464233,1.8100366592407227,-0.6490469574928284,-0.23667460680007935,-1.1591367721557617,0.1025654524564743,-1.4356820583343506
1.0075093867334166,1.83924504919215,-11.706229102867432,-11.706229102867432,2.7506431305638,-1.4492002725601196,1.516843557357788,1.8071935176849365,-0.5913114547729492,-0.24175217747688293,-2.1626014709472656,0.09627648442983627,-1.8999813795089722
1.0118898623279098,-28.32995437082995,-3.4247766651076845,-3.4247766651076845,1.7088247049828853,-1.4425557851791382,1.5217608213424683,1.8046033382415771,-0.5549511909484863,-0.25122541189193726,-2.5847878456115723,0.08795366436243057,-1.0922167301177979
1.016270337922403,12.482804158754604,2.8979981862201725,2.8979981862201725,-4.194463417918656,-1.435889720916748,1.5679781436920166,1.8021724224090576,-0.7931662201881409,-0.2625479996204376,-2.7347052097320557,0.08316923677921295,-1.2418217658996582
1.020650813516896,-4.2158227066921805,-2.1363063004303307,-2.1363063004303307,9.49505273821497,-1.4290212392807007,1.540730595588684,1.7986979484558105,-0.8308476805686951,-0.27452731132507324,-2.527582883834839,0.07772946357727051,-2.1363115310668945
1.0250312891113893,-23.016280154798643,7.56841483802267,7.56841483802267,-8.91849067500729,-1.4222720861434937,1.5666894912719727,1.7950584888458252,-0.6868659257888794,-0.28559932112693787,-2.867255449295044,0.06837140023708344,0.4189167022705078
1.0294117647058822,41.48624435810532,179.69730199885237,179.69730199885237,11.22422141753939,-1.4154092073440552,1.5927367210388184,1.7920496463775635,-1.1278284788131714,-0.29815927147865295,-2.3857855796813965,0.07020645588636398,-2.5742671489715576
1.0337922403003754,-25.73990593991868,-61.333690746020714,-61.333690746020714,-14.013516661175208,-1.4084322452545166,1.5378400087356567,1.7871092557907104,-0.5685027837753296,-0.30861014127731323,2.5341625213623047,0.058929942548274994,1.4630463123321533
1.0381727158948686,34.160676107663136,-91.84247465579041,-91.84247465579041,31.578580057266343,-1.401695728302002,1.5685430765151978,1.7846189737319946,-1.1498910188674927,-0.2975093126296997,1.1522632837295532,0.06533878296613693,-3.008021593093872
1.0425531914893615,-22.065814870866067,-4.34171057798811,-4.34171057798811,-38.46458339490912,-1.394824743270874,1.5576343536376953,1.779581904411316,-0.17433208227157593,-0.2924618422985077,-2.4520225524902344,0.05216221511363983,6.547096252441406
1.0469336670838547,45.70555870720905,-28.591530710639947,-28.591530710639947,28.533555525658294,-1.388001561164856,1.5666085481643677,1.7788182497024536,-1.2999358177185059,-0.30320286750793457,-1.45552659034729,0.08084161579608917,-4.666629791259766
1.051314142678348,-4.983644699826467,90.96055494213826,90.96055494213826,-15.690027533775552,-1.3811390399932861,1.5444954633712769,1.773123860359192,-0.3033861517906189,-0.3095787763595581,-3.123760223388672,0.060399554669857025,4.283978462219238
1.055694618272841,9.636251987492205,-63.90148415544613,-63.90148415544613,-2.576975829919143,-1.374373435974121,1.5385971069335938,1.7717949151992798,-0.7545698881149292,-0.3232623338699341,-0.009225130081176758,0.07916541397571564,-0.20054101943969727
1.0600750938673342,-3.2497481956624874,-19.154891176229786,-19.154891176229786,-4.452405533256397,-1.3676337003707886,1.5148382186889648,1.7684895992279053,-0.7795143723487854,-0.3233027458190918,-1.8000952005386353,0.07828694581985474,-0.711396336555481
1.0644555694618272,25.21653788206373,-7.766116961812997,-7.766116961812997,20.69132714026601,-1.3609980344772339,1.513275146484375,1.7650749683380127,-0.9529234170913696,-0.33118802309036255,-2.229454517364502,0.07517068833112717,-2.0231852531433105
1.0688360450563203,-25.341591435572916,149.84885726187542,149.84885726187542,-26.325294896090053,-1.3543691635131836,1.5000377893447876,1.7609007358551025,-0.30817437171936035,-0.34095409512519836,-3.060502052307129,0.0663081705570221,4.290078639984131
1.0732165206508135,14.19551936823877,-103.65646862195649,-103.65646862195649,19.177512336639815,-1.347798228263855,1.5192919969558716,1.7595508098602295,-1.1719717979431152,-0.35436055064201355,2.084341526031494,0.08510075509548187,-3.596859931945801
1.0775969962453065,-7.882760646116909,67.96976955258442,67.96976955258442,-23.568158580019976,-1.341143012046814,1.5316014289855957,1.754417061805725,-0.6536540389060974,-0.3452301323413849,-1.5028002262115479,0.06934479624032974,2.052440643310547
1.0819774718397996,32.9046238102774,89.42536749137216,89.42536749137216,32.61640171208496,-1.334433913230896,1.5116486549377441,1.7515537738800049,-1.3113486766815186,-0.35181310772895813,1.1703972816467285,0.0783354640007019,-4.689325332641602
1.0863579474342928,-46.82460676114994,-134.7401936149017,-134.7401936149017,-27.44502908171698,-1.3278121948242188,1.5086655616760254,1.7458094358444214,-0.3284788727760315,-0.3466862142086029,2.8293991088867188,0.057793989777565,5.107656478881836
1.090738423028786,6.503662796286887,-57.73678085015258,-57.73678085015258,15.945033373620312,-1.3212034702301025,1.5821192264556885,1.7443705797195435,-1.3920068740844727,-0.33429211378097534,-0.30395984649658203,0.08016795665025711,-3.555087089538574
1.0951188986232792,67.68817821925705,91.9806658987701,91.9806658987701,-2.758378349208925,-1.3142729997634888,1.6034184694290161,1.7382729053497314,-1.010249137878418,-0.3356235921382904,-2.455702543258667,0.06459498405456543,1.031172275543213
1.099499374217772,3.4573592031524463,-73.104651503648,-73.104651503648,-15.480920143710964,-1.3072493076324463,1.4591476917266846,1.7338474988937378,-0.5697491765022278,-0.34638074040412903,0.3109779357910156,0.06911201030015945,1.7230056524276733
1.1038798498122653,26.67560161996576,151.82928910231314,151.82928910231314,2.5799529670371797,-1.3008575439453125,1.427797794342041,1.7313517332077026,-0.9469026327133179,-0.34501850605010986,-1.3718175888061523,0.07665959745645523,-2.520158290863037
1.1082603254067585,22.822499029111455,-66.15220126669502,-66.15220126669502,3.6774982391646978,-1.2946031093597412,1.3783694505691528,1.7272038459777832,-0.7148414254188538,-0.3510277271270752,2.9867358207702637,0.06562010198831558,-1.2302157878875732
1.1126408010012514,26.80053884007329,-88.57391705917263,-88.57391705917263,-2.9695513006112644,-1.2885651588439941,1.335028052330017,1.7240724563598633,-0.48815298080444336,-0.3379443883895874,0.9474873542785645,0.06023117154836655,0.28450703620910645
1.1170212765957446,-14.829317048833538,-27.571381550760695,-27.571381550760695,11.418392230202834,-1.2827171087265015,1.2746431827545166,1.7219340801239014,-0.383701354265213,-0.3337939381599426,-1.552431583404541,0.06147744879126549,0.03536505997180939
1.1214017521902375,-9.446098477946734,114.50498591990309,114.50498591990309,-19.55940811677583,-1.277133584022522,1.3217741250991821,1.7202532291412354,-0.2797393202781677,-0.3405943214893341,-2.691056489944458,0.061632364988327026,2.898948907852173
1.125782227784731,20.29350763503216,31.14594929428839,31.14594929428839,6.704514557950569,-1.2713435888290405,1.3165780305862427,1.7190278768539429,-0.8568213582038879,-0.3523824214935303,1.2240488529205322,0.0743311420083046,-2.759483575820923
1.130162703379224,-16.029102059631732,65.99105755504355,65.99105755504355,4.3477527058008985,-1.2655763626098633,1.2871180772781372,1.7152745723724365,-0.5802112817764282,-0.3470205068588257,1.9378161430358887,0.06224329024553299,-0.45675230026245117
1.134543178973717,-3.3084215596605375,22.367179998270913,22.367179998270913,3.8534535872785822,-1.25993812084198,1.3280233144760132,1.7127330303192139,-0.6507433652877808,-0.3385319411754608,3.7379961013793945,0.06024249643087387,0.4110853672027588
1.1389236545682102,14.384658930849218,6.489783127928206,6.489783127928206,-6.391375564144086,-1.2541207075119019,1.3404760360717773,1.7098824977874756,-0.6303368806838989,-0.32215774059295654,4.278655529022217,0.06204324588179588,1.4142746925354004
1.1433041301627034,3.895354034083543,-3.8617571094774226,-3.8617571094774226,0.332881472390173,-1.248248815536499,1.303231954574585,1.7071213722229004,-0.7058118581771851,-0.3034151792526245,4.6548261642456055,0.06823844462633133,-0.05558037757873535
1.1476846057571963,-17.232214729471906,-21.556887908332733,-21.556887908332733,3.191341915632986,-1.2425400018692017,1.2965043783187866,1.7040295600891113,-0.7091203331947327,-0.2830248177051544,4.532329559326172,0.06799497455358505,0.12231828272342682
1.1520650813516895,-3.94948123469454,-97.76439188874224,-97.76439188874224,-8.509436222204394,-1.236860752105713,1.3314628601074219,1.7009233236312866,-0.8194234371185303,-0.2631710469722748,3.809602737426758,0.06853079050779343,0.6330606937408447
1.156445556946183,-0.4023667403861175,78.67682044348167,78.67682044348167,19.688081414997246,-1.2310283184051514,1.324289083480835,1.697333812713623,-1.0941051244735718,-0.24648317694664001,1.2030749320983887,0.07130389660596848,-1.8275628089904785
1.1608260325406758,15.733026109336144,-88.26768606348216,-88.26768606348216,-14.623883104700539,-1.2252273559570312,1.3589903116226196,1.6925411224365234,-0.6802431344985962,-0.2412131428718567,2.9257330894470215,0.063298299908638,3.6540699005126953
1.165206508135169,59.34325095509495,-96.11123034129038,-96.11123034129038,1.6071700903903747,-1.2192742824554443,1.3190650939941406,1.689561367034912,-0.9343783855438232,-0.22839704155921936,0.7751004695892334,0.07930486649274826,-0.07244181632995605
1.169586983729662,12.101878793150696,160.1415802394281,160.1415802394281,-7.4942621832940475,-1.213496208190918,1.2414277791976929,1.685468316078186,-0.44394537806510925,-0.2250017374753952,-2.0785868167877197,0.07898753881454468,1.7013070583343506
1.1739674593241551,-8.81448919446954,38.139301132655234,38.139301132655234,-5.069704469306056,-1.2080581188201904,1.212450385093689,1.6835236549377441,-0.5608939528465271,-0.23410694301128387,2.816911458969116,0.0864400714635849,-0.1180495023727417
1.1783479349186483,57.91610625970753,5.061707446730253,5.061707446730253,-2.8428174248626963,-1.2027469873428345,1.214387059211731,1.681066632270813,-0.795741617679596,-0.22176752984523773,4.078751564025879,0.0859229564666748,-1.7279515266418457
1.1827284105131413,8.492500779794778,-2.3787006343849297,-2.3787006343849297,24.603548900529077,-1.1974273920059204,1.1342885494232178,1.6775809526443481,-0.42074936628341675,-0.20390066504478455,4.30958890914917,0.07835370302200317,-1.227083683013916
1.1871088861076344,-29.723948868057857,15.136703288286428,15.136703288286428,-33.45267613027166,-1.1924586296081543,1.169787049293518,1.6757378578186035,0.18249869346618652,-0.18502262234687805,3.5216217041015625,0.07297849655151367,5.825496196746826
1.1914893617021276,30.93547348960679,-21.61316349612982,-21.61316349612982,12.344289379088655,-1.187334418296814,1.1573550701141357,1.676537275314331,-0.8943145275115967,-0.16959623992443085,4.940585613250732,0.0984969437122345,-4.177352428436279
1.1958698372966208,-24.92875504935649,2.0279807952051625,2.0279807952051625,4.035453378219979,-1.1822646856307983,1.163217306137085,1.6726197004318237,-0.3885346055030823,-0.14795412123203278,3.948920249938965,0.08019815385341644,-0.035634517669677734
1.200250312891114,-11.493565505592944,2.3914151161163137,2.3914151161163137,5.1677371541586465,-1.1771692037582397,1.1914275884628296,1.6709177494049072,-0.5490509271621704,-0.13065597414970398,3.8902957439422607,0.08004205673933029,0.5206366181373596
1.204630788485607,4.248195486782663,3.02650548595018,3.02650548595018,-5.189404628468086,-1.1719502210617065,1.2094100713729858,1.6685127019882202,-0.5692307949066162,-0.11361462622880936,3.809218406677246,0.08232269436120987,1.6983842849731445
1.2090112640801,-14.387578433412228,-4.756204231171026,-4.756204231171026,0.04221036348375262,-1.1666524410247803,1.197935700416565,1.6660192012786865,-0.6972273588180542,-0.0969284400343895,4.049149036407471,0.08976242691278458,0.3488314151763916
1.2133917396745932,43.433176331540224,-2.378603209735729,-2.378603209735729,4.163589224769664,-1.1614049673080444,1.2048420906066895,1.6629650592803955,-0.8622863292694092,-0.07919123768806458,3.909020185470581,0.09129047393798828,0.02925071120262146
1.2177722152690862,17.152021725289043,1.3930820699234545,1.3930820699234545,-12.4703720491257,-1.1561272144317627,1.1985509395599365,1.6591877937316895,-0.43587878346443176,-0.062067870050668716,3.7179675102233887,0.09141860902309418,2.1936042308807373
1.2221526908635794,2.671620234991312,-10.754741857421967,-10.754741857421967,8.897200555576589,-1.1508769989013672,1.16959810256958,1.6572784185409546,-0.6228549480438232,-0.04578140377998352,4.122824192047119,0.10102763772010803,-0.8868417739868164
1.2265331664580723,8.388680084858443,3.7845490705718015,3.7845490705718015,-3.4607639758337316,-1.1457536220550537,1.1906287670135498,1.6545500755310059,-0.435443639755249,-0.027721472084522247,3.5489251613616943,0.09714284539222717,1.6563429832458496
1.2309136420525657,6.878109145934565,-5.2398792037265345,-5.2398792037265345,-10.105836769268173,-1.1405380964279175,1.1838091611862183,1.6526426076889038,-0.48710206151008606,-0.012175492011010647,3.7605113983154297,0.10439841449260712,0.8862894773483276
1.2352941176470589,24.766237255523095,-7.5699761945446475,-7.5699761945446475,15.990791459251373,-1.1353524923324585,1.1602588891983032,1.6505088806152344,-0.7065036296844482,0.004297337494790554,3.9026126861572266,0.10828078538179398,-1.7719026803970337
1.2396745932415518,-42.35648797283489,7.488498959225229,7.488498959225229,-20.630931161709515,-1.130270004272461,1.2078630924224854,1.6474140882492065,-0.16389894485473633,0.021392636001110077,3.2145636081695557,0.10051900893449783,3.264920711517334
1.244055068836045,30.351095477430235,-13.537413939189053,-13.537413939189053,27.456409185600297,-1.124979019165039,1.1488662958145142,1.6466960906982422,-1.0530308485031128,0.03547395393252373,4.035739898681641,0.11482091248035431,-3.478243827819824
1.2484355444305382,4.18238068573243,13.488572358109543,13.488572358109543,-25.914408333481312,-1.1199464797973633,1.241011619567871,1.6420832872390747,-0.1961040496826172,0.0531524121761322,2.838590145111084,0.09958454966545105,4.88789176940918
1.2528160200250311,11.193236057214248,-14.62699775332303,-14.62699775332303,21.498024969781067,-1.1145102977752686,1.1916759014129639,1.6412242650985718,-0.808323323726654,0.06558679044246674,3.9892821311950684,0.12099584192037582,-2.241170883178711
1.2571964956195243,15.252013827615086,10.000930929519052,10.000930929519052,-12.627682910316011,-1.1092902421951294,1.2618693113327026,1.637683391571045,-0.25512921810150146,0.08306173980236053,2.934316873550415,0.1111784502863884,4.016116619110107
1.2615769712140177,-6.2883044913624575,-7.51241234359407,-7.51241234359407,-10.246213912418684,-1.1037626266479492,1.2466895580291748,1.6365658044815063,-0.4618649482727051,0.09591544419527054,3.595144271850586,0.12877094745635986,0.8518528938293457
1.2659574468085106,28.57616433591842,-11.297439353661133,-11.297439353661133,24.989853907411064,-1.0983015298843384,1.2105169296264648,1.6345425844192505,-0.7969788312911987,0.11166388541460037,3.6749799251556396,0.1325024664402008,-2.1529042720794678
1.2703379224030038,-7.753368554300158,15.912730451663625,15.912730451663625,-29.333316921097264,-1.0929988622665405,1.3182224035263062,1.6310514211654663,-0.014769196510314941,0.1277620494365692,2.6152758598327637,0.12307172268629074,5.48585319519043
1.2747183979974968,27.246991278986354,-19.525666137909525,-19.525666137909525,23.828709578211217,-1.0872243642807007,1.2363672256469727,1.6309866905212402,-0.8077592253684998,0.13921819627285004,3.9366040229797363,0.14710237085819244,-2.876310348510742
1.27909887359199,-43.46287069953039,9.98943404111281,9.98943404111281,-28.526590787041364,-1.0818084478378296,1.3542768955230713,1.627448320388794,-0.06599563360214233,0.1564624011516571,2.6705188751220703,0.13450276851654053,4.407601356506348
1.283479349186483,28.01265346226806,-17.581443321556726,-17.581443321556726,34.475565401485,-1.0758761167526245,1.2151424884796143,1.6271592378616333,-1.1431128978729248,0.168160542845726,3.795309066772461,0.15381015837192535,-4.566287994384766
1.287859824780976,-33.220239160909024,17.84012740651554,17.84012740651554,-19.15413385660251,-1.070553183555603,1.3861864805221558,1.6221518516540527,-0.15039438009262085,0.18478579819202423,2.2750794887542725,0.13380764424800873,5.704705238342285
1.2922403003754692,31.093226993526724,-8.9386738015361,-8.9386738015361,7.079401509150839,-1.0644810199737549,1.2888165712356567,1.6214931011199951,-0.9220386147499084,0.19475172460079193,3.355429172515869,0.15879696607589722,-0.41457414627075195
1.2966207759699624,11.640022299777037,2.015429337289439,2.015429337289439,-3.7708828918358255,-1.0588353872299194,1.364853858947754,1.617454171180725,-0.5376646518707275,0.20945009589195251,2.887650489807129,0.15698093175888062,2.2880046367645264
1.3010012515644556,-12.061249854267981,-6.615466180498762,-6.615466180498762,-2.474018875901192,-1.052856683731079,1.3726317882537842,1.6150989532470703,-0.5698203444480896,0.22209937870502472,3.056629180908203,0.16700348258018494,1.5088247060775757
1.3053817271589487,0.34417302580680786,-1.9632156172621023,-1.9632156172621023,-8.933398972128746,-1.0468438863754272,1.342189073562622,1.6126028299331665,-0.7718250155448914,0.2354888617992401,2.935685873031616,0.17361284792423248,0.536613941192627
1.3097622027534417,37.66774097387822,-72.60395171459237,-72.60395171459237,25.513331170028053,-1.0409644842147827,1.306776523590088,1.6092218160629272,-1.0181519985198975,0.24834856390953064,3.139237403869629,0.17596347630023956,-1.946671724319458
1.3141426783479349,-16.969095934294497,60.94530059922682,60.94530059922682,-34.915584801612766,-1.0352401733398438,1.4874227046966553,1.6047618389129639,-0.15669870376586914,0.2620999217033386,0.27390146255493164,0.1674361228942871,6.048992156982422
1.318523153942428,57.06492529129358,-8.760292516501412,-8.760292516501412,22.009912437535004,-1.0287245512008667,1.3295079469680786,1.6040754318237305,-1.150732398033142,0.26329973340034485,3.073343276977539,0.19393359124660492,-4.084163665771484
1.322903629536921,-4.99915354625855,14.138885332725216,14.138885332725216,-12.622208419987333,-1.0229007005691528,1.5554358959197998,1.5990346670150757,-0.21186167001724243,0.2767624258995056,2.174755811691284,0.17604300379753113,3.3881916999816895
1.327284105131414,4.294671507578427,-6.375397639479878,-6.375397639479878,-8.1610884722085,-1.0160871744155884,1.4969761371612549,1.5981066226959229,-0.588497519493103,0.28628888726234436,2.9562644958496094,0.19088488817214966,-0.24845123291015625
1.331664580725907,7.79534228963481,-10.649327139259297,-10.649327139259297,28.008241268963722,-1.009529709815979,1.4703794717788696,1.5955287218093872,-0.7835820913314819,0.29923874139785767,3.0084123611450195,0.1897965520620346,-2.4242074489593506
1.3360450563204005,-12.666098281788575,18.802676513428057,18.802676513428057,-17.408210719978236,-1.0030887126922607,1.6145271062850952,1.592096209526062,-0.11772364377975464,0.31241703033447266,1.8794887065887451,0.17917737364768982,5.568312644958496
1.3404255319148937,13.708685509991579,-8.1865853648555,-8.1865853648555,4.030293912892184,-0.9960163235664368,1.5227197408676147,1.5915805101394653,-0.6687788963317871,0.3206500709056854,2.9369614124298096,0.203569233417511,0.4192967414855957
1.3448060075093866,5.6564351118622795,-1.7105196843559731,-1.7105196843559731,-4.691429338497701,-0.9893460869789124,1.576066017150879,1.5886509418487549,-0.5063791871070862,0.33351534605026245,2.5801897048950195,0.20540595054626465,1.8623610734939575
1.3491864831038798,29.875082278717283,-2.3970176792296876,-2.3970176792296876,-2.1574448646523137,-0.9824421405792236,1.5694701671600342,1.5864328145980835,-0.6108573079109192,0.3448178172111511,2.6672418117523193,0.2135639786720276,0.6855076551437378
1.353566958698373,0.4756909876384885,-4.305827914140126,-4.305827914140126,12.954807519772746,-0.975567102432251,1.6385157108306885,1.583756923675537,-0.4590888023376465,0.35650160908699036,2.660245418548584,0.21656683087348938,0.7780221104621887
1.357947434292866,-8.960268330194719,7.3575694122493935,7.3575694122493935,-25.62900832618845,-0.968389630317688,1.7052814960479736,1.5817458629608154,-0.2016969919204712,0.36815476417541504,2.1561801433563232,0.21997493505477905,4.401885032653809
1.362327909887359,14.389893977438195,-17.08950523429139,-17.08950523429139,29.737758775923787,-0.9609196782112122,1.5558934211730957,1.580862283706665,-0.9051255583763123,0.3775998651981354,3.119492769241333,0.23925729095935822,-2.953212261199951
1.3667083854818525,-36.47764233528194,15.005092275154215,15.005092275154215,-38.42925908605821,-0.9541041254997253,1.7661575078964233,1.576897382736206,-0.15540575981140137,0.39126473665237427,1.7519882917404175,0.22632081806659698,5.674066066741943
1.3710888610763454,63.04761913856563,-23.705353723191255,-23.705353723191255,56.7622360858324,-0.9463675022125244,1.4670840501785278,1.5762165784835815,-1.3723210096359253,0.3989392817020416,3.312440872192383,0.2511759400367737,-5.886393070220947
1.3754693366708386,-72.72174965894006,31.7205313506532,31.7205313506532,-65.8384998951092,-0.9399409890174866,2.003664016723633,1.5702052116394043,0.37591230869293213,0.41344934701919556,0.9625322818756104,0.2253907322883606,11.404989242553711
1.3798498122653315,41.85961383001566,-38.8710826724183,-38.8710826724183,57.97744541729411,-0.9311639666557312,1.479518175125122,1.5718518495559692,-1.7623299360275269,0.4176656901836395,3.8115651607513428,0.27535000443458557,-8.630361557006836
1.3842302878598247,-37.46779495102657,32.412271901444036,32.412271901444036,-40.478235034500415,-0.9246829748153687,2.010584831237793,1.5641319751739502,-0.17182719707489014,0.43436217308044434,0.983281135559082,0.2375449240207672,8.509500503540039
1.388610763454318,65.76161064662216,-23.145007465914652,-23.145007465914652,19.873967564324243,-0.9158756732940674,1.6912438869476318,1.5633792877197266,-1.4397636651992798,0.4386694133281708,3.111915111541748,0.27482059597969055,-3.640231132507324
1.3929912390488108,-6.995985966568146,7.191675646626416,7.191675646626416,-8.471040587259235,-0.9084672331809998,2.0429728031158447,1.557072401046753,-0.5163946747779846,0.4523010849952698,1.8556246757507324,0.25887465476989746,3.4228577613830566
1.397371714643304,-3.9964719559830693,-4.569029987764796,-4.569029987764796,0.8086994108001693,-0.8995180130004883,1.9725005626678467,1.5548104047775269,-0.8073608875274658,0.4604296088218689,2.313025712966919,0.2738684117794037,0.8995511531829834
1.4017521902377972,-12.702118233623775,-32.773897742660125,-32.773897742660125,-5.450645319930314,-0.8908775448799133,1.9639997482299805,1.5512738227844238,-0.8634483814239502,0.47056177258491516,2.1559789180755615,0.27780887484550476,1.0330376625061035
1.4061326658322904,28.506661702998482,-113.8089004776997,-113.8089004776997,17.990300170773185,-0.8822742700576782,1.8842684030532837,1.5474915504455566,-1.1283669471740723,0.48000597953796387,1.35805344581604,0.2823340594768524,-0.7792274951934814
1.4105131414267835,-4.332417145631174,-27.252270282362012,-27.252270282362012,-10.777078937650426,-0.8740202784538269,2.104928970336914,1.5425487756729126,-0.5452365279197693,0.4859549105167389,-2.490900754928589,0.2789206802845001,4.893008232116699
1.4148936170212765,32.75282682111034,-40.77206453558941,-40.77206453558941,-0.3349357489194665,-0.8647996783256531,2.0280895233154297,1.5401604175567627,-0.8669955730438232,0.4750435948371887,-2.9720284938812256,0.30035439133644104,1.7881345748901367
1.4192740926157696,32.833397870087516,155.9098538531173,155.9098538531173,4.81249364788809,-0.8559156656265259,2.145416736602783,1.5363625288009644,-0.6632251739501953,0.4620246887207031,-4.152920722961426,0.3081872761249542,2.450695753097534
1.4236545682102628,3.33637126294411,-5.317687539919981,-5.317687539919981,-19.171018141813704,-0.8465177416801453,2.298558235168457,1.5334572792053223,-0.34282705187797546,0.4438329339027405,0.2596015930175781,0.3189224898815155,4.553250312805176
1.4280350438047558,29.357504755794587,38.14443350661644,38.14443350661644,13.828889278946662,-0.8364489674568176,2.1765050888061523,1.5319554805755615,-0.7886084318161011,0.44497010111808777,0.6641627550125122,0.3388679027557373,-0.7155551910400391
1.432415519399249,14.717018979688067,-163.06453890625468,-163.06453890625468,-16.669191371669495,-0.8269148468971252,2.387664318084717,1.528501033782959,-0.2953169643878937,0.44787946343421936,1.374253749847412,0.33573344349861145,3.8252334594726562
1.436795994993742,5.96546835331637,125.89445220891783,125.89445220891783,14.626551589303023,-0.8164557218551636,2.315953254699707,1.527207374572754,-0.5934290885925293,0.4538993537425995,-2.900954246520996,0.35248979926109314,-0.48068666458129883
1.4411764705882353,-17.531440090478828,-63.86940940337377,-63.86940940337377,-11.214088572786704,-0.806310772895813,2.4558334350585938,1.5246078968048096,-0.2680318355560303,0.44119179248809814,0.3484210968017578,0.3503841757774353,3.7374486923217773
1.4455569461827285,-15.218294281905399,1.4622477642001355,1.4622477642001355,7.984433709936458,-0.7955530285835266,2.3088014125823975,1.523433804512024,-0.6974688768386841,0.4427180290222168,-1.1892812252044678,0.36675599217414856,0.20087194442749023
1.4499374217772214,18.681428410574025,-96.01850501634597,-96.01850501634597,8.075393162722706,-0.7854393720626831,2.321800470352173,1.520378589630127,-0.6852021813392639,0.43750840425491333,-1.3797497749328613,0.36763590574264526,2.071908950805664
1.4543178973717146,-29.367245110981507,102.34418292239047,102.34418292239047,-15.306628176101,-0.7752687931060791,2.457185983657837,1.5173770189285278,-0.4052127003669739,0.43146443367004395,-4.419621467590332,0.3767118453979492,4.760746955871582
1.4586983729662075,39.34615513655016,-104.28334617560228,-104.28334617560228,15.489931752346271,-0.76450514793396,2.229964017868042,1.5156019926071167,-1.016148567199707,0.41210439801216125,-0.9838449954986572,0.39756616950035095,-0.19521856307983398
1.4630788485607007,12.338367720679972,137.00419299773066,137.00419299773066,-30.11229345334304,-0.7547368407249451,2.505460262298584,1.51115083694458,-0.41293519735336304,0.40779468417167664,-4.48160457611084,0.3967110216617584,5.046683311462402
1.467459324155194,24.036310452542857,-21.120009502587003,-21.120009502587003,36.95998416493342,-0.7437617182731628,2.283376455307007,1.5093419551849365,-1.012662649154663,0.38816311955451965,0.3987264633178711,0.4188179075717926,-3.0618362426757812
1.471839799749687,-12.520068395158358,-94.56018917153074,-94.56018917153074,-39.6801540814742,-0.7337594628334045,2.7186293601989746,1.5049060583114624,-0.07430696487426758,0.3899097442626953,-1.297393560409546,0.40540561079978943,7.808615684509277
1.4762202753441802,37.212936994277314,85.77358429166287,85.77358429166287,21.99064454771318,-0.721850574016571,2.331062078475952,1.5045806169509888,-1.0805128812789917,0.384226530790329,-2.900064468383789,0.4396110773086548,-3.550748825073242
1.4806007509386734,-3.4981468940854645,-47.91670733828676,-47.91670733828676,-8.788200159344008,-0.711639404296875,2.678624391555786,1.499847412109375,-0.3631545305252075,0.3715228736400604,-1.037400484085083,0.42405709624290466,3.452826976776123
1.4849812265331663,-6.9877641438077855,-71.05660888843123,-71.05660888843123,14.356425716846212,-0.6999057531356812,2.586588144302368,1.4982565641403198,-0.6236350536346436,0.36697855591773987,-2.180076837539673,0.4391821324825287,0.9201078414916992
1.4893617021276595,15.447590848686065,-6.912513137100447,-6.912513137100447,-17.325413483514414,-0.688575267791748,2.707413673400879,1.4955247640609741,-0.41803810000419617,0.35742878913879395,-4.674407958984375,0.443212628364563,4.760461807250977
1.493742177722153,-0.3778579142953413,-14.774316147641038,-14.774316147641038,1.6546373134920829,-0.6767154932022095,2.5897915363311768,1.4936935901641846,-0.7076951861381531,0.33695265650749207,-4.370318412780762,0.4640657305717468,0.2894935607910156
1.4981226533166456,-1.6849527557959405,-0.9288264757133655,-0.9288264757133655,6.705742262528222,-0.6653710007667542,2.6060149669647217,1.4905935525894165,-0.7190362811088562,0.3178085684776306,-4.850095748901367,0.46533384919166565,0.7421524524688721
1.5025031289111388,15.302491305336238,95.86829765507065,95.86829765507065,-18.185120437390808,-0.6539553999900818,2.6717422008514404,1.4874438047409058,-0.6352331638336182,0.2965628504753113,-5.073049545288086,0.4685848355293274,2.5731801986694336
1.506883604505632,22.45684145733881,-76.46077198433584,-76.46077198433584,29.408011210344497,-0.6422519087791443,2.5246098041534424,1.4846612215042114,-0.9356592893600464,0.2743404805660248,-1.7423279285430908,0.47985658049583435,-2.1449050903320312
1.5112640801001251,6.517294872815695,79.67478795366553,79.67478795366553,-23.944700615526752,-0.6311929225921631,2.904801607131958,1.4805625677108765,-0.18567800521850586,0.26670825481414795,-4.83403205871582,0.4704608619213104,6.571629524230957
1.5156445556946183,3.8545784523600792,-73.92193486118012,-73.92193486118012,22.679246646011237,-0.6184685230255127,2.6817128658294678,1.4797492027282715,-0.6830365657806396,0.24553290009498596,-1.8080143928527832,0.4992477297782898,0.0435481071472168
1.5200250312891113,3.1778023827743613,-3.441355683253981,-3.441355683253981,-26.76572104436083,-0.6067213416099548,2.9459569454193115,1.4767571687698364,-0.22799557447433472,0.23761293292045593,-4.629075050354004,0.49943849444389343,6.4557623863220215
1.5244055068836044,68.43714391223749,-16.77262556999254,-16.77262556999254,13.84549658466403,-0.5938166379928589,2.666853904724121,1.47575843334198,-0.803147554397583,0.21733538806438446,-3.947929620742798,0.5277178287506104,-0.9366908073425293
1.5287859824780976,-3.5109367230993893,4.68052470654666,4.68052470654666,-16.811762867360127,-0.5821345448493958,2.993422746658325,1.4722402095794678,-0.010135829448699951,0.20004157721996307,-4.842075824737549,0.5236147046089172,4.45189094543457
1.5331664580725906,6.866756105076616,-7.912137835800011,-7.912137835800011,6.166992604125796,-0.5690219402313232,2.7947986125946045,1.4721958637237549,-0.4265781044960022,0.17883098125457764,-4.214432716369629,0.5431160926818848,-0.3145737648010254
1.5375469336670835,-5.613754249799464,3.0055870929367057,3.0055870929367057,4.58041312586889,-0.5567793846130371,2.8841919898986816,1.4703272581100464,-0.2900238633155823,0.16036975383758545,-4.6255879402160645,0.5417380928993225,1.5556503534317017
1.541927409261577,-22.29589398667715,3.5840563586713583,3.5840563586713583,-8.245183618082859,-0.5441452264785767,2.9290502071380615,1.4690568447113037,-0.2871594727039337,0.14010748267173767,-4.6715779304504395,0.5485525727272034,2.7109103202819824
1.54630788485607,-7.995581968284687,-1.0430863993774495,-1.0430863993774495,11.356097304222166,-0.5313146114349365,2.7888436317443848,1.4677989482879639,-0.6778040528297424,0.11964374780654907,-4.326126575469971,0.5604276657104492,-0.06807589530944824
1.5506883604505632,-11.349495462129887,8.109333147827664,8.109333147827664,-3.430257264691893,-0.519098162651062,2.9163978099823,1.4648298025131226,-0.5602450370788574,0.10069325566291809,-4.6882219314575195,0.5601294636726379,2.9294142723083496
1.5550688360450562,59.610175519793565,0.6603119295659999,0.6603119295659999,-2.827731952441653,-0.506322979927063,2.8581185340881348,1.4623756408691406,-0.7651568651199341,0.080156609416008,-4.351229190826416,0.572961688041687,1.7343658208847046
1.5594493116395494,-36.57680235267248,-2.924428866467781,-2.924428866467781,1.413989418498736,-0.4938030540943146,2.910975456237793,1.4590238332748413,-0.381928950548172,0.061096154153347015,-4.2493672370910645,0.5805590152740479,2.1766512393951416
1.5638297872340423,20.412990173084385,2.6408818029302124,2.6408818029302124,5.414861295597175,-0.48105159401893616,2.881438970565796,1.4573508501052856,-0.6934903860092163,0.042481906712055206,-4.376062870025635,0.5900937914848328,1.8267937898635864
1.5682102628285357,22.737508258178877,6.289657681226953,6.289657681226953,-3.435678964073614,-0.4684295058250427,2.977951765060425,1.454313039779663,-0.46740126609802246,0.02331266924738884,-4.457071781158447,0.5980960130691528,3.745357036590576
1.5725907384230289,19.559813680077703,2.507251329178157,2.507251329178157,-3.3759464780058703,-0.45538467168807983,2.961573362350464,1.4522656202316284,-0.3974341154098511,0.003788573667407036,-4.173060894012451,0.6145024299621582,3.234499454498291
1.5769712140175218,11.415613699521842,-2.6004319782772356,-2.6004319782772356,-9.6568913691711,-0.4424115717411041,2.9377925395965576,1.4505246877670288,-0.3512732684612274,-0.01449141837656498,-4.0012526512146,0.6286710500717163,2.668588638305664
1.581351689612015,33.4168580359179,-5.385194231846618,-5.385194231846618,12.613058267344025,-0.4295426309108734,2.8162920475006104,1.4489859342575073,-0.48830774426460266,-0.032018810510635376,-3.7951817512512207,0.6403607130050659,0.18958377838134766
1.5857321652065082,-18.206742929246616,7.965813619368437,7.965813619368437,-5.668348765618487,-0.41720592975616455,3.016578197479248,1.4468469619750977,-0.030590862035751343,-0.04864351451396942,-4.3207879066467285,0.6411911845207214,4.319841384887695
1.5901126408010011,-28.63628365653849,-0.25586826604476826,-0.25586826604476826,6.466504024306014,-0.4039918780326843,2.931964635848999,1.4467129707336426,-0.32737112045288086,-0.06757061928510666,-3.9226272106170654,0.6601141691207886,2.4099042415618896
1.5944931163954943,19.984210237833572,4.708664669653594,4.708664669653594,-6.0685529609722755,-0.39114847779273987,3.0136349201202393,1.4452788829803467,-0.47540953755378723,-0.0847535952925682,-4.118941783905029,0.6706706881523132,3.7121033668518066
1.5988735919899877,-5.8505663114138615,-0.748063834142736,-0.748063834142736,-0.30730675190350604,-0.3779473304748535,2.935757875442505,1.443196415901184,-0.4779488146305084,-0.1027965173125267,-3.804212808609009,0.6869314908981323,2.3606863021850586
1.6032540675844804,39.58941662394333,0.3112776243503181,0.3112776243503181,-5.87590200028483,-0.3650873005390167,2.9316279888153076,1.4411027431488037,-0.572807788848877,-0.11946077644824982,-3.817084312438965,0.6972724199295044,2.1784443855285645
1.6076345431789736,-31.728369351781254,-3.7384032663450935,-3.7384032663450935,1.804617981438238,-0.35224539041519165,2.8474061489105225,1.4385936260223389,-0.41987118124961853,-0.13618141412734985,-3.636399030685425,0.7068150639533997,1.175014615058899
1.6120150187734668,23.447601520528693,3.047070333363917,3.047070333363917,7.53632197746369,-0.33977240324020386,2.876936912536621,1.4367543458938599,-0.6718937754631042,-0.15211057662963867,-3.7982728481292725,0.7119621634483337,1.1835941076278687
1.61639549436796,22.134871589964188,5.796897721250453,5.796897721250453,-15.978736425514786,-0.3271700441837311,2.9886672496795654,1.4338111877441406,-0.40447697043418884,-0.16874882578849792,-3.929373264312744,0.7171468734741211,3.6421685218811035
1.620775969962453,18.79247780595598,-6.812503723846407,-6.812503723846407,14.087912455512983,-0.31407827138900757,2.739588499069214,1.4320393800735474,-0.5668652653694153,-0.18596135079860687,-3.2934556007385254,0.7331013083457947,-0.4857797622680664
1.625156445556946,16.972129837608755,60.34266510197925,60.34266510197925,-10.836449534788523,-0.3020775616168976,2.9525015354156494,1.4295562505722046,-0.22489774227142334,-0.20038825273513794,-3.9038138389587402,0.7309733629226685,3.710205554962158
1.6295369211514392,7.085638757104727,-42.552396923060414,-42.552396923060414,5.377819664634417,-0.2891441881656647,2.7775461673736572,1.428571105003357,-0.33476898074150085,-0.21748881042003632,-1.8251581192016602,0.747225821018219,0.9255244731903076
1.6339173967459324,-2.4999168900105815,-6.517109593294284,-6.517109593294284,-10.970716161644404,-0.27697721123695374,2.8586623668670654,1.4271047115325928,-0.23360088467597961,-0.22548386454582214,-3.224872350692749,0.7512800693511963,2.5198874473571777
1.6382978723404251,5.816002843224686,-10.564115506412596,-10.564115506412596,10.388516828495998,-0.2644549012184143,2.6867010593414307,1.4260814189910889,-0.48431795835494995,-0.23961034417152405,-3.0948128700256348,0.7623183727264404,-0.5724086761474609
1.6426783479349183,-22.6324759565212,4.37725787105965,4.37725787105965,7.2334128126141115,-0.25268587470054626,2.850010633468628,1.4239598512649536,-0.3092021942138672,-0.2531670928001404,-3.7066962718963623,0.7598109245300293,2.3981590270996094
1.6470588235294117,12.183824124702387,10.521876167870806,10.521876167870806,-11.158731556697187,-0.24020147323608398,2.989802837371826,1.4226053953170776,-0.39370155334472656,-0.26940417289733887,-3.790105104446411,0.7703160047531128,4.134616851806641
1.6514392991239049,41.09370819218676,-6.3442055324690605,-6.3442055324690605,6.6746804082277515,-0.22710470855236053,2.799072504043579,1.4208807945251465,-0.5418492555618286,-0.2860066294670105,-3.1569626331329346,0.7884275913238525,1.1673073768615723
1.655819774718398,7.652183566236795,42.91835162536552,42.91835162536552,-4.728238640848969,-0.21484343707561493,2.860539436340332,1.4185072183609009,-0.18526041507720947,-0.2998356223106384,-3.5371553897857666,0.7935409545898438,3.4874119758605957
1.660200250312891,10.449632104914308,-30.385031890932233,-30.385031890932233,1.075931669778716,-0.2023129165172577,2.774573802947998,1.4176956415176392,-0.25561773777008057,-0.31533005833625793,-2.145723819732666,0.8088175058364868,2.2512149810791016
1.6645807259073842,5.485198486823021,64.23587115523846,64.23587115523846,4.016540311172464,-0.19015896320343018,2.778963565826416,1.4165759086608887,-0.2102573662996292,-0.3247293531894684,-3.064483642578125,0.8186789155006409,2.657059669494629
1.668961201501877,5.809749287576484,-47.85073924606886,-47.85073924606886,-25.45924380621175,-0.1779857873916626,2.8411030769348145,1.4156548976898193,-0.1531461477279663,-0.33815324306488037,-1.305888295173645,0.8303180932998657,3.8304758071899414
1.6733416770963705,28.91594525251377,-31.17596861408305,-31.17596861408305,32.03321705632286,-0.1655403971672058,2.3947677612304688,1.4149839878082275,-0.5631585121154785,-0.34387364983558655,-1.9597909450531006,0.8470973968505859,-3.2162537574768066
1.6777221526908634,13.056164178982044,16.06316588468244,16.06316588468244,-22.04438261179965,-0.15505017340183258,2.9108242988586426,1.4125170707702637,0.0833701491355896,-0.35245847702026367,-3.805699586868286,0.8330086469650269,5.968408107757568
1.6821026282853566,-11.211988145216829,-12.754840764342495,-12.754840764342495,12.235113587527309,-0.14229938387870789,2.514479398727417,1.4128823280334473,-0.22876808047294617,-0.3691292405128479,-2.692838430404663,0.8591530919075012,-0.06428813934326172
1.6864831038798498,0.8630504400870711,6.678739167893217,6.678739167893217,-12.633230817118804,-0.13128477334976196,2.7529566287994385,1.4118802547454834,-0.15892042219638824,-0.38092514872550964,-3.422624349594116,0.8588714599609375,3.2595696449279785
1.690863579474343,14.510766235447075,-6.256868735503842,-6.256868735503842,17.692759104223214,-0.11922551691532135,2.5296196937561035,1.4111840724945068,-0.39259546995162964,-0.3959178626537323,-2.8586535453796387,0.8731499314308167,-0.25699830055236816
1.695244055068836,-37.90369503650203,13.576649968354749,13.576649968354749,-16.462678231657538,-0.10814458131790161,2.816680431365967,1.4094643592834473,-0.07460543513298035,-0.40844011306762695,-3.558058500289917,0.8720241785049438,4.778206825256348
1.699624530663329,38.36494126809551,-7.589282885049952,-7.589282885049952,19.301232484501845,-0.09580618143081665,2.610527753829956,1.4091376066207886,-0.6175472736358643,-0.42402610182762146,-2.6808149814605713,0.8929550051689148,-0.06720304489135742
1.7040050062578225,-14.312348381912173,14.530179836981644,14.530179836981644,-16.39237950623325,-0.08437082916498184,2.872596025466919,1.4064325094223022,-0.13214346766471863,-0.43576934933662415,-3.4661033153533936,0.8926606178283691,5.54128885269165
1.7083854818523152,31.588517101640726,26.122826603256527,26.122826603256527,10.850235690747656,-0.07178749144077301,2.6154444217681885,1.4058536291122437,-0.5155649781227112,-0.45095252990722656,-2.5630664825439453,0.916934072971344,0.8892917633056641
1.7127659574468084,15.956643655252163,-19.737751670304466,-19.737751670304466,-13.808374467871722,-0.060330599546432495,2.7357754707336426,1.403595209121704,-0.20718878507614136,-0.4621799886226654,-2.117058277130127,0.9208295941352844,4.06439208984375
1.7171464330413015,18.077372829465506,82.8826210869778,82.8826210869778,6.695480182198788,-0.04834660142660141,2.4391117095947266,1.402687668800354,-0.35222136974334717,-0.4714537262916565,-2.290214776992798,0.9386335611343384,0.28334498405456543
1.7215269086357947,-1.014537168577478,-4.040578724884788,-4.040578724884788,2.651536605531223,-0.03766213357448578,2.5156679153442383,1.4011447429656982,-0.19190719723701477,-0.4814859628677368,-0.06530880928039551,0.9398747682571411,2.218371868133545
1.725907384230288,24.369850663345776,-65.43944642270667,-65.43944642270667,-10.815869573413545,-0.026642311364412308,2.5698060989379883,1.4003040790557861,-0.20584504306316376,-0.4817720353603363,-0.260739803314209,0.9495922923088074,2.954289436340332
1.7302878598247808,11.166364998641164,158.62246497878263,158.62246497878263,13.415941025354876,-0.015385338105261326,2.2957890033721924,1.399402379989624,-0.2513177990913391,-0.4829142093658447,-1.8559213876724243,0.9625334739685059,0.017353057861328125
1.734668335419274,-16.89641379336988,-129.997646375657,-129.997646375657,-10.004353127561206,-0.005328689701855183,2.5215678215026855,1.3983014822006226,-0.047198668122291565,-0.4910440146923065,2.3845696449279785,0.9626094698905945,3.7914960384368896
1.7390488110137672,7.064879319381745,-43.2885197370555,-43.2885197370555,15.49636435963613,0.005716976709663868,2.382007360458374,1.3980947732925415,-0.32990652322769165,-0.48059847950935364,-1.119615077972412,0.9792180061340332,0.9552085399627686
1.74342928660826,6.099208399528376,0.5694324634035586,0.5694324634035586,-24.029065907685588,0.016151301562786102,2.6632080078125,1.3966495990753174,-0.12804760038852692,-0.4855029284954071,-2.836320161819458,0.9834022521972656,5.295157432556152
1.7478097622027533,32.8864356926328,89.79313681062091,89.79313681062091,25.862453119234136,0.027817420661449432,2.18220853805542,1.396088719367981,-0.4551374316215515,-0.49792736768722534,-2.1179659366607666,1.0065975189208984,-1.391502857208252
1.7521902377972465,-25.250978106229034,-62.54582073007149,-62.54582073007149,-18.11961192244379,0.0373765304684639,2.5938634872436523,1.3940949440002441,0.02006646990776062,-0.507205069065094,-0.25098729133605957,1.000502109527588,5.872034072875977
1.7565707133917396,33.09768905939054,-29.69592054438135,-29.69592054438135,18.773509178793606,0.048738885670900345,2.3222577571868896,1.394182801246643,-0.41150039434432983,-0.5083045363426208,-1.5483734607696533,1.0262243747711182,0.7815432548522949
1.7609511889862328,-2.771096192283455,5.4282676096241325,5.4282676096241325,-20.483986273788133,0.05891148000955582,2.593517780303955,1.3923802375793457,-0.03301110863685608,-0.5150871276855469,-2.963834524154663,1.029647946357727,6.045207500457764
1.7653316645807258,36.67061034499558,19.899561973600065,19.899561973600065,11.997078094848707,0.07027231901884079,2.197913646697998,1.3922356367111206,-0.350950688123703,-0.5280701518058777,-2.2071146965026855,1.0561288595199585,0.330963134765625
1.769712140175219,-54.956020402534854,-16.107319604458837,-16.107319604458837,-11.69300361859757,0.07990022748708725,2.3188421726226807,1.3906983137130737,-0.045152127742767334,-0.5377383828163147,-1.9763370752334595,1.057578682899475,3.6651766300201416
1.774092615769712,1.1532308034596461,110.38481880739013,110.38481880739013,11.75542549864023,0.0900578573346138,2.2722222805023193,1.390500545501709,-0.5399099588394165,-0.5463956594467163,-2.1052491664886475,1.0736339092254639,0.4358248710632324
1.778473091364205,28.282080509887912,-84.81461643756603,-84.81461643756603,-9.423425825305584,0.10001127421855927,2.51033353805542,1.3881354331970215,-0.44503292441368103,-0.55561763048172,0.7750420570373535,1.0755430459976196,3.7128350734710693
1.7828535669586982,5.665353831189226,-31.471996015096295,-31.471996015096295,7.933613514054529,0.11100772768259048,2.2161498069763184,1.3861860036849976,-0.4390752613544464,-0.5522225499153137,-1.4266197681427002,1.0918070077896118,1.0448510646820068
1.7872340425531914,23.463401274443978,14.373764332665502,14.373764332665502,-10.335134809211604,0.12071552127599716,2.3608450889587402,1.3842626810073853,-0.36497193574905396,-0.5584717988967896,-2.577388286590576,1.0963839292526245,3.2476532459259033
1.7916145181476846,10.313424990798142,102.33960250621243,102.33960250621243,17.136514648710605,0.13105714321136475,2.0609169006347656,1.3826639652252197,-0.3913569450378418,-0.5697619915008545,-1.8558101654052734,1.1106102466583252,0.3192296028137207
1.7959949937421775,-34.783746310389965,-81.66728552633627,-81.66728552633627,-20.110604923603027,0.14008493721485138,2.3817639350891113,1.38094961643219,-0.19916218519210815,-0.5778913497924805,0.6323902606964111,1.1120085716247559,5.071808338165283
1.8003754693366707,51.111656038688494,115.472110033895,115.472110033895,24.896797343226375,0.15051819384098053,2.09714674949646,1.3800772428512573,-0.6497231125831604,-0.5751211643218994,-1.1652599573135376,1.1342254877090454,-0.4397454261779785
1.804755944931164,-0.5491117673376422,-99.48860496625078,-99.48860496625078,-21.230078818413546,0.15970470011234283,2.428287982940674,1.3772311210632324,-0.1663813591003418,-0.5802255868911743,1.4798263311386108,1.1322991847991943,6.338002681732178
1.809136420525657,5.943179614906372,-43.47024793724355,-43.47024793724355,5.549803411510102,0.17034175992012024,1.9862011671066284,1.376502275466919,-0.4369996190071106,-0.5737432241439819,-0.8055709600448608,1.1600626707077026,0.41919851303100586
1.81351689612015,19.259857510597985,-6.358588118807089,-6.358588118807089,9.654599858152118,0.1790422648191452,2.082266092300415,1.3745880126953125,-0.3956236243247986,-0.5772719979286194,-2.237111806869507,1.1618989706039429,1.944315791130066
1.8178973717146432,11.816903699010604,4.30772355273512,4.30772355273512,-10.269654278515155,0.18816357851028442,2.214639186859131,1.3728549480438232,-0.24499104917049408,-0.5870715975761414,-2.7047476768493652,1.170415997505188,4.561133861541748
1.8222778473091363,9.460742827878267,177.21792765778363,177.21792765778363,7.79025406681269,0.19786475598812103,1.9484083652496338,1.371781826019287,-0.32502031326293945,-0.598919689655304,-2.2790420055389404,1.1903959512710571,1.6457371711730957
1.8266583229036293,22.54270900663704,-129.27861786819904,-129.27861786819904,-2.4952043957067356,0.20639970898628235,2.079054832458496,1.3703581094741821,-0.2506057620048523,-0.6089029908180237,2.66878342628479,1.197605013847351,3.770205497741699
1.831038798498123,-27.951383530270473,144.628299101996,144.628299101996,-6.000487785911388,0.21550695598125458,1.9310134649276733,1.369260311126709,-0.20045261085033417,-0.5972124338150024,-1.0336942672729492,1.2141202688217163,2.9509575366973877
1.835419274092616,45.840529940434806,35.54104470171801,35.54104470171801,-5.830315381675441,0.22396571934223175,1.9172770977020264,1.368382215499878,-0.4448251724243164,-0.6017404794692993,3.3651437759399414,1.2270468473434448,1.4336121082305908
1.8397997496871088,26.709553798639895,5.592483772006549,5.592483772006549,9.215804414366504,0.23236431181430817,1.5944359302520752,1.3664336204528809,-0.2907584011554718,-0.5869995355606079,4.5733184814453125,1.23332679271698,-0.46646010875701904
1.844180225281602,-4.76783098324832,6.320400530488893,6.320400530488893,7.408515048997671,0.23934869468212128,1.687532901763916,1.3651599884033203,-0.11854374408721924,-0.5669662356376648,4.467505931854248,1.23128342628479,1.9490412473678589
1.848560700876095,13.042122082615489,-39.88323355450654,-39.88323355450654,-24.23253378744902,0.2467408925294876,1.8707693815231323,1.364640712738037,-0.13107749819755554,-0.5473964214324951,4.435729503631592,1.239821195602417,4.040318489074707
1.852941176470588,-2.646770307229576,16.830654387782186,16.830654387782186,18.555600976399678,0.25493574142456055,1.2851862907409668,1.364066481590271,-0.2919536828994751,-0.5279658436775208,3.9786794185638428,1.2575197219848633,-2.7832651138305664
1.8573216520650813,2.0320549836013857,18.122505584241704,18.122505584241704,-9.648460262881137,0.26056545972824097,1.709731936454773,1.3627876043319702,-0.2184913456439972,-0.510537326335907,3.9283056259155273,1.2453277111053467,2.404716968536377
1.8617021276595744,-10.46576494235655,-4.89634861429318,-4.89634861429318,6.296459122235516,0.26805490255355835,1.4888386726379395,1.361830472946167,-0.32422173023223877,-0.4933294653892517,4.7393059730529785,1.255861520767212,-0.2947993278503418
1.866082603254068,58.79849611981473,2.76941149467229,2.76941149467229,3.1692998464631685,0.27457672357559204,1.665637731552124,1.360410213470459,-0.3817451596260071,-0.4725690484046936,4.412440299987793,1.2545701265335083,1.5046778917312622
1.8704630788485608,-3.6801679945489028,2.2665818921858074,2.2665818921858074,7.843314962399616,0.28187301754951477,1.5411828756332397,1.3587379455566406,-0.05948188900947571,-0.45324045419692993,4.40076208114624,1.2611613273620605,2.1739492416381836
1.8748435544430535,14.233508324041686,5.326433547632167,5.326433547632167,-6.565686488671619,0.2886241376399994,1.7285163402557373,1.3584773540496826,-0.06980673223733902,-0.43396303057670593,4.237903594970703,1.2706842422485352,4.373628616333008
1.879224030037547,-22.306990246724823,-5.523319931271829,-5.523319931271829,-3.2107547407426975,0.2961958646774292,1.5401753187179565,1.3581715822219849,-0.08013229817152023,-0.4153989851474762,4.585191249847412,1.2898428440093994,2.498077392578125
1.88360450563204,6.595593449205625,-3.261433315153983,-3.261433315153983,4.610202163678865,0.30294257402420044,1.5340981483459473,1.3578205108642578,-0.2804184556007385,-0.39531368017196655,4.5176568031311035,1.3007856607437134,1.6727454662322998
1.887984981226533,13.196041896219244,-1.512609236683642,-1.512609236683642,-17.412070018709446,0.3096626400947571,1.6200366020202637,1.3565921783447266,-0.2554725110530853,-0.3755241930484772,4.287780284881592,1.3081130981445312,2.9391143321990967
1.8923654568210264,0.2981645126102599,-13.824674313302456,-13.824674313302456,27.208260978277288,0.3167591691017151,1.1917166709899902,1.3554730415344238,-0.32652050256729126,-0.35674166679382324,4.752094745635986,1.3209878206253052,-1.951570749282837
1.8967459324155196,12.219656399731033,15.409735615757992,15.409735615757992,-22.8951332243065,0.32197946310043335,1.8092139959335327,1.3540427684783936,-0.21135616302490234,-0.33592522144317627,3.553802967071533,1.31243896484375,5.635494232177734
1.9011264080100123,5.038439012672827,-13.370215797082583,-13.370215797082583,25.147553770564667,0.3299046754837036,1.2647819519042969,1.3531168699264526,-0.3264063596725464,-0.3203578591346741,4.672426700592041,1.3371250629425049,-0.771669864654541
1.9055068836045053,-17.30708026568196,-168.66944469340217,-168.66944469340217,-37.21851858770499,0.33544501662254333,1.8268167972564697,1.3516870737075806,-0.20147931575775146,-0.299890398979187,3.5475857257843018,1.333744764328003,6.231229305267334
1.9098873591989989,23.97235289151042,108.89538546973822,108.89538546973822,34.69716241802208,0.34344735741615295,1.0183700323104858,1.3508044481277466,-0.5727719068527222,-0.28435027599334717,-0.2911980152130127,1.361040472984314,-4.122757434844971
1.914267834793492,-5.631018941362328,-129.09151923002136,-129.09151923002136,-15.562554903614643,0.34790828824043274,1.7668577432632446,1.3482954502105713,-0.3000858426094055,-0.2856258749961853,1.8756253719329834,1.3429808616638184,5.511677265167236
1.9186483103879848,60.03088969960299,136.96301105018034,136.96301105018034,12.373086275587122,0.3556479513645172,1.4252440929412842,1.3469809293746948,-0.4721556305885315,-0.27740973234176636,-1.4397804737091064,1.3671246767044067,1.1792340278625488
1.923028785982478,-1.4416029880657977,45.758321036003586,45.758321036003586,-12.338310428842846,0.3618912100791931,1.5913710594177246,1.3449126482009888,-0.074372798204422,-0.2837166488170624,2.1986403465270996,1.3722902536392212,4.526172637939453
1.9274092615769711,42.1552438752637,5.296235892277571,5.296235892277571,-3.197397817752932,0.36886218190193176,1.3122789859771729,1.3445868492126465,-0.19093292951583862,-0.27408555150032043,3.8952460289001465,1.3921170234680176,1.08815336227417
1.9317897371714643,10.529089177568654,-4.7815466649243055,-4.7815466649243055,20.021869808040638,0.3746106028556824,1.1548662185668945,1.3437504768371582,0.021103709936141968,-0.25702252984046936,4.143287181854248,1.3968836069107056,0.10234600305557251
1.9361702127659572,-36.55387795475355,-111.93072447268106,-111.93072447268106,-25.735422348066532,0.3796694576740265,1.5975407361984253,1.34384286403656,0.12682250142097473,-0.2388729602098465,3.4189486503601074,1.397331953048706,5.6655378341674805
1.9405506883604504,13.825528139384176,73.3404652486196,73.3404652486196,29.75721118219356,0.3866674602031708,1.067667007446289,1.3443983793258667,-0.2675221562385559,-0.2238963395357132,0.9017724990844727,1.422149658203125,-1.455531120300293
1.944931163954944,18.03388671117621,-63.138620576804044,-63.138620576804044,-30.13624945647407,0.3913443386554718,1.7350714206695557,1.3432265520095825,-0.11853556334972382,-0.21994614601135254,2.174541711807251,1.4157737493515015,6.818767547607422
1.9493116395494368,15.189495215677336,65.98821025759732,65.98821025759732,20.7308225838017,0.39894476532936096,1.0113897323608398,1.3427072763442993,-0.17066997289657593,-0.210420623421669,1.2107677459716797,1.4456431865692139,-1.6130189895629883
1.9536921151439297,41.691825260555476,31.43130193088484,31.43130193088484,-8.098458366249618,0.40337511897087097,1.469942569732666,1.3419597148895264,-0.05536974221467972,-0.2051168829202652,2.5324268341064453,1.43857741355896,4.138051986694336
1.9580725907384229,-6.669178281825337,1.0114037398593314,1.0114037398593314,9.58500696366381,0.40981417894363403,1.2201595306396484,1.3417171239852905,0.1413319706916809,-0.19402365386486053,3.6868209838867188,1.456704020500183,1.8083925247192383
1.962453066332916,-1.204446929452022,6.232846540532252,6.232846540532252,-8.338367325537435,0.41515904664993286,1.4530889987945557,1.3423361778259277,0.07929275929927826,-0.1778736263513565,3.4364445209503174,1.464625597000122,4.493929862976074
1.9668335419274088,-34.69717762058233,-5.161761662437508,-5.161761662437508,-7.005558641152246,0.4215242564678192,1.2611329555511475,1.3426835536956787,0.0003432929515838623,-0.16282036900520325,3.8619701862335205,1.4843111038208008,2.1705570220947266
1.9712140175219024,31.992316013493813,-6.584600721461919,-6.584600721461919,11.794348985136532,0.42704862356185913,1.1403385400772095,1.3426851034164429,-0.2860226333141327,-0.1459031105041504,3.9158148765563965,1.4938191175460815,0.2788715362548828
1.9755944931163956,11.438876049151016,5.213932678815934,5.213932678815934,-6.478905677541541,0.4320438504219055,1.3806627988815308,1.3414322137832642,-0.09738123416900635,-0.12874998152256012,3.379091262817383,1.4950406551361084,3.516425371170044
1.9799749687108883,-14.104662427445607,-2.5543817493119017,-2.5543817493119017,-1.4514876586719634,0.43809181451797485,1.2186247110366821,1.3410056829452515,-0.08095448464155197,-0.11394795775413513,3.7205591201782227,1.5104442834854126,1.6953939199447632
1.9843554443053817,22.892439544223528,-4.684481540852709,-4.684481540852709,5.107787453834327,0.44342997670173645,1.1968929767608643,1.340651035308838,-0.22023478150367737,-0.09765014052391052,3.6883511543273926,1.5178709030151367,1.3083138465881348
1.9887359198998744,21.90204342837152,2.114079823540869,2.114079823540869,-9.544826797690519,0.44867295026779175,1.2996019124984741,1.3396862745285034,-0.10593533515930176,-0.08149340748786926,3.402385950088501,1.5236018896102905,2.7087793350219727
1.993116395494368,-20.183243491626513,-7.052056227588282,-7.052056227588282,20.434065943322437,0.4543658196926117,1.062922716140747,1.3392221927642822,-0.016906090080738068,-0.0665893405675888,3.7428629398345947,1.5354676246643066,0.029325008392333984
1.997496871088861,-8.766966220568236,11.395466456253214,11.395466456253214,-29.230195249319216,0.4590219259262085,1.5517338514328003,1.3391481637954712,-0.17698588967323303,-0.050193820148706436,2.940181016921997,1.5355961322784424,5.742741107940674
2.001877346683354,18.765654002457456,-18.357453482910397,-18.357453482910397,25.265158281325732,0.46581926941871643,0.8706840872764587,1.338372826576233,-0.31448355317115784,-0.03731442987918854,4.126579284667969,1.560752034187317,-2.4058632850646973
2.0062578222778478,26.084171539428585,12.535270709099125,12.535270709099125,-9.15429294238225,0.4696332812309265,1.4571644067764282,1.336995244026184,-0.22880840301513672,-0.019238049164414406,2.852660655975342,1.5502132177352905,4.628064155578613
2.0106382978723403,25.30428392770036,-3.5633129554607565,-3.5633129554607565,-4.189578190143562,0.4760163426399231,1.239545226097107,1.3359929323196411,-0.11046209186315536,-0.006742038764059544,3.4860646724700928,1.570486307144165,2.0759470462799072
2.015018773466833,38.2231328308845,-7.587796541693345,-7.587796541693345,10.661243788564224,0.48144614696502686,1.1398953199386597,1.3355090618133545,0.013401679694652557,0.008528582751750946,3.5043535232543945,1.5795799493789673,0.9037473201751709
2.0193992490613266,26.269913115187414,5.5521496931774275,5.5521496931774275,-19.53936689223243,0.48643943667411804,1.3919090032577515,1.3355677127838135,0.2223859429359436,0.023879319429397583,2.971423625946045,1.5835387706756592,3.8767151832580566
2.02377972465582,-0.24185880074827892,-14.399449796572052,-14.399449796572052,24.338324114381134,0.49253666400909424,0.9386698603630066,1.3365418910980225,0.35454481840133667,0.036895569413900375,3.7041754722595215,1.6005206108093262,-1.5655455589294434
2.028160200250313,14.403960118100397,12.70064850945152,12.70064850945152,-22.09708512040435,0.49664849042892456,1.5087625980377197,1.33809494972229,0.2921082675457001,0.053121618926525116,2.5729098320007324,1.5936627388000488,5.221859455108643
2.032540675844806,-6.81996384598084,-14.605084869788351,-14.605084869788351,7.1188150107373644,0.5032575726509094,0.9967131614685059,1.3393745422363281,0.3466774523258209,0.06439218670129776,3.58911395072937,1.6165369749069214,-0.9303393363952637
2.036921151439299,11.231017420688739,-0.5129205531964638,-0.5129205531964638,1.2513999135309477,0.5076236724853516,1.1602009534835815,1.3408931493759155,0.2504608631134033,0.0801142156124115,2.954707145690918,1.6124616861343384,1.0519670248031616
2.0413016270337923,-6.883791510913841,-0.17548124967855422,-0.17548124967855422,-0.4121508584757344,0.51270592212677,1.1963216066360474,1.3419902324676514,0.2803522050380707,0.09305723756551743,2.9031834602355957,1.6170698404312134,1.4110743999481201
2.045682102628285,-26.56657896635271,0.7002674883479875,0.7002674883479875,0.7082983475160218,0.5179463624954224,1.1817463636398315,1.3432183265686035,0.19149476289749146,0.10577455908060074,2.910094976425171,1.623250961303711,1.2885888814926147
2.0500625782227786,18.525157990525052,-0.23397240673736686,-0.23397240673736686,-4.221335245351699,0.5231229662895203,1.1768348217010498,1.3440572023391724,-0.028684452176094055,0.11852215975522995,2.909860372543335,1.62889564037323,1.45293390750885
2.0544430538172715,3.6659297143017344,-6.601714897896989,-6.601714897896989,12.122983483188897,0.5282780528068542,1.0948008298873901,1.3439315557479858,0.05564585328102112,0.13126873970031738,3.026304006576538,1.6352602243423462,0.30191123485565186
2.0588235294117645,28.88517172734292,8.506595752040763,8.506595752040763,-10.409665502259598,0.5330737829208374,1.382018804550171,1.3441753387451172,0.01850016415119171,0.14452539384365082,2.4794833660125732,1.6365827322006226,3.6884913444519043
2.063204005006258,-19.22049502489382,-6.361083823690641,-6.361083823690641,1.7004354555375054,0.5391277074813843,1.1703994274139404,1.3442564010620117,0.17656584084033966,0.15538671612739563,3.031898260116577,1.6527401208877563,0.8387064933776855
2.067584480600751,12.362843120699688,-2.8555516252461897,-2.8555516252461897,0.9269472964673536,0.5442546010017395,1.1875274181365967,1.3450298309326172,0.0038863569498062134,0.16866786777973175,2.796476364135742,1.6564140319824219,1.2798669338226318
2.071964956195244,-0.4933619333254695,0.8590119786064013,0.8590119786064013,-5.635781381558818,0.5494565367698669,1.2249505519866943,1.345046877861023,0.039417192339897156,0.18091776967048645,2.6860153675079346,1.6620204448699951,1.5624096393585205
2.076345431789737,-15.481897071367769,-5.876921076211128,-5.876921076211128,3.569760995943841,0.5548223853111267,1.0926505327224731,1.3452194929122925,0.004359934478998184,0.19268380105495453,2.8756840229034424,1.6688644886016846,-0.010326862335205078
2.08072590738423,15.440759809032283,0.8814867345780012,0.8814867345780012,-3.1073663381600576,0.5596086978912354,1.1533116102218628,1.3452385663986206,-0.14768201112747192,0.20528066158294678,2.59981107711792,1.6688193082809448,0.9509232640266418
2.085106382978723,30.340340665965456,-4.454310450932478,-4.454310450932478,12.551692781098435,0.5646607279777527,1.1049929857254028,1.3445916175842285,-0.08354203402996063,0.21666906774044037,2.7162983417510986,1.6729848384857178,0.12308591604232788
2.0894868585732165,-21.137318414348474,8.914694120050095,8.914694120050095,-21.706753247269877,0.5695011019706726,1.447853684425354,1.3442256450653076,0.040034644305706024,0.22856774926185608,2.2196691036224365,1.673524022102356,3.704719305038452
2.093867334167709,-3.49880582840171,-13.335053691944625,-13.335053691944625,26.52774832434652,0.5758433938026428,0.9041792750358582,1.3444010019302368,-0.09231341630220413,0.2382909506559372,3.113912582397461,1.689752459526062,-2.411015272140503
2.098247809762203,-0.7473604707569619,13.097071735775303,13.097071735775303,-37.298256938763664,0.5798041224479675,1.5149681568145752,1.3439966440200806,-0.23373427987098694,0.251931369304657,1.949792504310608,1.6791911125183105,4.977252006530762
2.102628285356696,40.538976435408394,-23.269937370722772,-23.269937370722772,33.004504407424434,0.58644038438797,0.6434772610664368,1.342972755432129,-0.1959971785545349,0.2604723870754242,3.4214959144592285,1.7009938955307007,-5.4269514083862305
2.1070087609511887,26.888383165254545,16.71945743821283,16.71945743821283,-15.350050444069359,0.589259147644043,1.488861322402954,1.3421142101287842,-0.09072219580411911,0.2754601538181305,1.7781038284301758,1.6772212982177734,3.9007387161254883
2.111389236545682,-13.930351124696653,-7.069329169920325,-7.069329169920325,-5.171828812032275,0.5957810878753662,1.1880786418914795,1.3417167663574219,0.07025968283414841,0.2832490801811218,2.714635133743286,1.6943084001541138,-0.2740473747253418
2.115769712140175,4.923544249168943,-8.018497509461746,-8.018497509461746,21.33868633009933,0.6009854078292847,1.0375335216522217,1.342024564743042,-0.04631151258945465,0.29514047503471375,2.65922212600708,1.6931079626083374,-1.7682931423187256
2.1201501877346685,37.462896754282085,14.783790379348918,14.783790379348918,-19.248985121363972,0.605530321598053,1.544975757598877,1.3418216705322266,-0.12028922140598297,0.3067891299724579,1.8018991947174072,1.6853619813919067,4.202461242675781
2.1245306633291614,-2.163209931223653,-13.696980350823257,-13.696980350823257,2.4614837017937297,0.6122980713844299,1.1853618621826172,1.341294765472412,0.11799640953540802,0.3146823048591614,2.795764207839966,1.7037707567214966,-0.997931957244873
2.1289111389236544,9.186568951775099,-0.5726686922920037,-0.5726686922920037,9.065536885394613,0.6174905300140381,1.2372748851776123,1.3418116569519043,0.05341985821723938,0.32692909240722656,2.323885917663574,1.6993993520736694,-0.32063812017440796
2.133291614518148,7.78875637584377,-33.77150778060811,-33.77150778060811,-12.377999636904788,0.6229103803634644,1.4711663722991943,1.3420456647872925,0.040620945394039154,0.3371088206768036,2.042419672012329,1.6979948282241821,2.249971389770508
2.1376720901126407,13.021392742452349,21.713803715932247,21.713803715932247,-7.750911899685451,0.6293547749519348,1.2034834623336792,1.3422236442565918,0.08112993836402893,0.3460555970668793,1.417661428451538,1.7078508138656616,-1.1639533042907715
2.1420525657071336,1.5989413723177837,-2.587376886116258,-2.587376886116258,16.86442063245625,0.6346266269683838,1.0581303834915161,1.3425790071487427,0.1433040350675583,0.3522656261920929,2.2781245708465576,1.7027521133422852,-3.262197256088257
2.146433041301627,38.55940597341992,12.61692828445757,12.61692828445757,10.24997111211416,0.6392617225646973,1.4537968635559082,1.343206763267517,0.05434216558933258,0.3622449040412903,1.7100703716278076,1.6884621381759644,1.4491240978240967
2.15081351689612,14.138573672801112,9.491474817682262,9.491474817682262,-33.08823624839827,0.6456300616264343,1.8015131950378418,1.34344482421875,0.22028152644634247,0.36973583698272705,1.7791930437088013,1.6948100328445435,4.526464939117432
2.155193992490613,-39.4622711575636,-20.793496933315918,-20.793496933315918,41.02285295015489,0.6535215377807617,1.0717599391937256,1.344409704208374,0.3526773750782013,0.3775295615196228,3.022655725479126,1.714638113975525,-4.620538234710693
2.1595744680851063,17.265323008803257,-160.82370409304627,-160.82370409304627,-28.983909898571575,0.6582163572311401,1.9075291156768799,1.3459546566009521,-0.07752811908721924,0.39077022671699524,1.217422366142273,1.6943979263305664,6.6056952476501465
2.1639549436795997,15.777639791773492,119.09048119651271,119.09048119651271,7.9328819532910995,0.6665722131729126,1.2841054201126099,1.345615029335022,0.052476927638053894,0.3961031138896942,-2.6327176094055176,1.7233340740203857,-1.370476245880127
2.1683354192740927,4.749005972888237,37.56955289793435,37.56955289793435,5.512778896158383,0.6721972227096558,1.5157034397125244,1.3458448648452759,0.07633399963378906,0.38457056879997253,0.6134366989135742,1.7173306941986084,0.9310178756713867
2.1727158948685856,30.387966924796892,13.561384602732096,13.561384602732096,-15.277582636657401,0.6788367033004761,1.6575219631195068,1.3461792469024658,0.043164391070604324,0.38725772500038147,1.5495960712432861,1.7214089632034302,2.4946608543395996
2.1770963704630786,7.207509613340565,-8.097847284760356,-8.097847284760356,3.59265581407267,0.6860974431037903,1.3934335708618164,1.3463683128356934,0.23686739802360535,0.3940456807613373,2.3917853832244873,1.7323367595672607,-1.5989594459533691
2.181476846057572,25.291832618935327,0.6277770009661192,0.6277770009661192,2.8482243738204276,0.6922013163566589,1.4980398416519165,1.3474059104919434,0.2232016623020172,0.4045228362083435,2.0503857135772705,1.725332498550415,-0.5581197738647461
2.185857321652065,-11.33494583014274,-180.32191666905283,-180.32191666905283,4.230758504856946,0.6987634301185608,1.6424291133880615,1.3483836650848389,0.3227284550666809,0.4135045111179352,1.985541582107544,1.722887635231018,0.3828389644622803
2.1902377972465583,3.9508754242592365,-47.158879464492415,-47.158879464492415,-12.815115785194797,0.7059580683708191,1.7044105529785156,1.3497973680496216,0.19645391404628754,0.42220214009284973,-3.4039814472198486,1.7245646715164185,1.4940483570098877
2.1946182728410517,-13.102986772287625,163.44449559433792,163.44449559433792,13.28087294730788,0.7134242057800293,1.4202892780303955,1.3506579399108887,0.22234919667243958,0.40729108452796936,-4.406928062438965,1.7311092615127563,-2.05525803565979
2.198998748435544,16.402108556102803,53.6332420740481,53.6332420740481,-10.529005263480633,0.7196457386016846,1.6865400075912476,1.3516318798065186,0.04906687140464783,0.3879866302013397,-0.021674156188964844,1.7221062183380127,1.5734186172485352
2.2033792240300376,11.835231746125949,5.054834896967767,5.054834896967767,8.6088353258137,0.7270336151123047,1.491245985031128,1.3518468141555786,0.14232586324214935,0.3878916800022125,1.8520668745040894,1.7289985418319702,-1.2727611064910889
2.2077596996245306,9.942087264836356,-52.99887553402711,-52.99887553402711,-9.444703880196629,0.7335659861564636,1.7254464626312256,1.3524702787399292,0.13907736539840698,0.3960046172142029,1.7482788562774658,1.7234232425689697,1.1912167072296143
2.2121401752190235,-17.443086092802755,38.49371869721702,38.49371869721702,4.316200624944698,0.7411242723464966,1.5367733240127563,1.3530795574188232,0.1895906627178192,0.40366291999816895,0.47635889053344727,1.728641390800476,-1.3865587711334229
2.216520650813517,18.48182407874511,15.27255003588057,15.27255003588057,4.89439263376591,0.747856080532074,1.5826970338821411,1.3539100885391235,0.024541735649108887,0.4057495892047882,1.474450707435608,1.7225675582885742,-0.28234899044036865
2.22090112640801,-0.635495323763184,-40.82494792905588,-40.82494792905588,-6.6161534867009495,0.7547890543937683,1.7536932229995728,1.3540176153182983,0.07586231827735901,0.4122083783149719,1.777525782585144,1.7213307619094849,1.1914311647415161
2.225281602002503,38.785160573130966,32.529201752504825,32.529201752504825,-7.075213218411826,0.762471079826355,1.5982859134674072,1.354349970817566,0.05180037021636963,0.4199948012828827,0.7785205841064453,1.726549744606018,-0.6575278043746948
2.229662077596996,-5.110061030921013,-96.39393715969703,-96.39393715969703,25.449513695849642,0.7694723606109619,1.5594372749328613,1.354576826095581,0.26706188917160034,0.42340508103370667,1.9350950717926025,1.723669409751892,-2.3932366371154785
2.234042553191489,-14.783195443646724,-93.51689362824857,-93.51689362824857,-27.672411014802908,0.7763034105300903,2.1320018768310547,1.3557466268539429,0.10056941211223602,0.43188172578811646,-1.6231200695037842,1.7131859064102173,4.672089576721191
2.2384230287859825,-7.3046712163783845,138.44045074784896,138.44045074784896,14.980820065388842,0.7856425642967224,1.4394243955612183,1.3561872243881226,0.05348179116845131,0.4247716963291168,-3.545987606048584,1.733651876449585,-3.1440720558166504
2.2428035043804755,32.81013909569636,49.401446957237816,49.401446957237816,-2.151939431175919,0.7919479012489319,1.761587381362915,1.3564214706420898,-0.09371395409107208,0.4092385768890381,0.05942511558532715,1.719879388809204,0.9894323348999023
2.2471839799749684,28.885636572103436,-171.22936234906882,-171.22936234906882,-7.657218688243713,0.7996644973754883,1.815010666847229,1.356010913848877,0.06836819648742676,0.4094989001750946,1.564947485923767,1.7242136001586914,0.5871107578277588
2.251564455569462,-28.58697567427297,130.5586319247699,130.5586319247699,18.01125347295711,0.8076151013374329,1.7284380197525024,1.3563103675842285,0.22689343988895416,0.41635411977767944,-3.2118778228759766,1.72678542137146,-1.3768441677093506
2.255944931163955,-5.099673787613812,-134.06249708925182,-134.06249708925182,-9.473854891218226,0.8151865005493164,2.0540592670440674,1.3573042154312134,-0.05415178835391998,0.40228456258773804,0.07486248016357422,1.7207541465759277,3.4736316204071045
2.260325406758448,11.653796685762881,10.565973408500248,10.565973408500248,-12.097419673978468,0.824184238910675,1.818070411682129,1.3570669889450073,-0.09920865297317505,0.40261250734329224,-3.563520908355713,1.7359702587127686,0.8017327785491943
2.264705882352941,22.023938785966916,-59.31913421922899,-59.31913421922899,12.065432839418895,0.8321482539176941,1.5740792751312256,1.3566323518753052,-0.025303401052951813,0.3870025873184204,-2.9016780853271484,1.7394822835922241,-2.507736921310425
2.269086357947434,40.12492578949779,-5.125923894308474,-5.125923894308474,-9.968924044296113,0.8390434980392456,1.917061448097229,1.356521487236023,0.01616400107741356,0.37429186701774597,-4.986333847045898,1.7284971475601196,0.968858003616333
2.2734668335419275,13.741794940466136,-8.48327636100936,-8.48327636100936,10.70301713323469,0.8474411368370056,1.8006956577301025,1.3565922975540161,0.25550511479377747,0.35244935750961304,-4.844902992248535,1.7327412366867065,-1.609163522720337
2.2778473091364204,-2.0845941946376287,8.742070745081405,8.742070745081405,-11.490484139340367,0.8553290367126465,2.084751844406128,1.3577115535736084,0.25617745518684387,0.3312263786792755,-5.405203819274902,1.7256923913955688,1.436669111251831
2.2822277847309134,21.563470912103632,74.40412517250584,74.40412517250584,11.295438546883023,0.8644612431526184,1.813323736190796,1.3588337898254395,0.2409905344247818,0.30754899978637695,-4.814349174499512,1.7319856882095337,-1.776355504989624
2.2866082603254068,23.331940853087197,-26.849338520422336,-26.849338520422336,-10.6559273894404,0.8724044561386108,2.1240158081054688,1.3598893880844116,0.29020655155181885,0.28645986318588257,-2.9713754653930664,1.724204421043396,1.4474108219146729
2.2909887359199,-26.22982555964733,-39.78304466532954,-39.78304466532954,-1.7659524381746536,0.8817086815834045,1.9269946813583374,1.3611606359481812,0.43270111083984375,0.2734438180923462,-3.444274425506592,1.7305448055267334,-1.451758623123169
2.2953692115143927,24.375973363642192,-10.019110042190382,-10.019110042190382,9.830443705057395,0.8901498317718506,1.8330658674240112,1.3630560636520386,0.22834785282611847,0.2583562433719635,-4.5544939041137695,1.7241854667663574,-2.013991117477417
2.299749687108886,-5.617051785860062,5.312153566522803,5.312153566522803,-3.9071275252530615,0.8981795310974121,2.1069676876068115,1.3640563488006592,0.3048194944858551,0.23840539157390594,-5.134163856506348,1.7153632640838623,0.7873718738555908
2.304130162703379,6.916171758777575,1.2702469411365336,1.2702469411365336,4.993968221499368,0.9074090719223022,2.0064592361450195,1.3653916120529175,0.23862653970718384,0.21591530740261078,-4.864931583404541,1.718812346458435,-0.31457948684692383
2.3085106382978724,15.884931103464975,3.2899052516343743,3.2899052516343743,-13.207314620281014,0.9161983132362366,2.1329996585845947,1.3664369583129883,0.22319373488426208,0.19460459053516388,-4.9736762046813965,1.717434287071228,1.0891308784484863
2.3128911138923653,2.7142411499529784,80.49682311994226,80.49682311994226,19.330069245986884,0.925541877746582,1.8486429452896118,1.3674145936965942,0.328553169965744,0.17281752824783325,-4.491905212402344,1.7222051620483398,-2.5762593746185303
2.3172715894868583,9.346659632577051,-49.19969028330632,-49.19969028330632,-17.43674490111716,0.9336398243904114,2.299363851547241,1.3688538074493408,0.23261387646198273,0.1531408429145813,-2.705641984939575,1.710919976234436,2.8158509731292725
2.321652065081352,2.1161609653910487,-24.388489388515094,-24.388489388515094,21.863471619294653,0.9437121152877808,1.9040136337280273,1.369872808456421,0.305290549993515,0.1412888467311859,-3.633220672607422,1.7232547998428345,-2.0440380573272705
2.3260325406758446,15.13429811610736,10.486811040293784,10.486811040293784,-18.04256137140589,0.9520525932312012,2.412203311920166,1.3712100982666016,0.19693037867546082,0.12537361681461334,-4.983924865722656,1.7143009901046753,4.052669525146484
2.330413016270338,37.98123850466972,-9.004151949421503,-9.004151949421503,-4.4579679201768805,0.9626191854476929,2.004873037338257,1.372072696685791,0.3084896206855774,0.10354165732860565,-4.1507768630981445,1.7320536375045776,-0.9854512214660645
2.334793491864831,-12.589904029108714,-5.663003546815137,-5.663003546815137,16.14933285627147,0.9714014530181885,1.9235609769821167,1.3734240531921387,0.5341298580169678,0.08535928279161453,-4.283539772033691,1.7277369499206543,-2.280034065246582
2.339173967459324,-2.68700835146264,11.353465712290298,11.353465712290298,-10.01687725108892,0.9798275828361511,2.291719436645508,1.3757637739181519,0.34632182121276855,0.06659533828496933,-4.920529365539551,1.7177493572235107,2.244778633117676
2.3435544430538173,23.30160657619061,-1.9878947237978188,-1.9878947237978188,9.943980701162973,0.9898663759231567,2.0584356784820557,1.377280831336975,0.3179800808429718,0.045041076838970184,-4.29644775390625,1.727582573890686,-0.5436620712280273
2.3479349186483103,8.181901555491294,4.817671110786108,4.817671110786108,-9.930657080466453,0.9988833069801331,2.290553092956543,1.378673791885376,0.39427509903907776,0.026220591738820076,-4.644896507263184,1.72520112991333,2.1686036586761475
2.3523153942428032,-31.704417420649527,-1.5307146692581337,-1.5307146692581337,1.7329780808343116,1.008916974067688,2.0596964359283447,1.3804008960723877,0.44015440344810486,0.005873735994100571,-4.214198589324951,1.7347006797790527,-0.6253616809844971
2.3566958698372966,17.20273869478099,0.44983731591058795,0.44983731591058795,-5.709088304655094,1.0179394483566284,2.1082022190093994,1.382328987121582,0.17774781584739685,-0.012586459517478943,-4.309508800506592,1.7319612503051758,-0.02512955665588379
2.3610763454317896,-1.6885943168693238,-1.1324199838444298,-1.1324199838444298,0.35094626060363143,1.0271743535995483,1.968904733657837,1.3831076622009277,0.27170103788375854,-0.03146415948867798,-4.129648685455322,1.7318512201309204,-1.6869772672653198
2.3654568210262825,-16.13418695505093,-0.43851198326608587,-0.43851198326608587,6.453153654819138,1.0357991456985474,1.9778374433517456,1.3842978477478027,0.2150375097990036,-0.04955398291349411,-4.172967910766602,1.7244614362716675,-1.581533432006836
2.369837296620776,5.4077209982047325,5.724262676628906,5.724262676628906,-5.436308240726944,1.044463038444519,2.138820171356201,1.385239839553833,0.03974568843841553,-0.0678335651755333,-4.3742265701293945,1.7175335884094238,0.2944343090057373
2.374217772215269,33.740347658532016,-2.533262639150719,-2.533262639150719,1.9312222741919336,1.0538320541381836,2.0080862045288086,1.3854138851165771,0.05162051320075989,-0.08699475973844528,-4.04830265045166,1.7188233137130737,-1.2486250400543213
2.3785982478097623,0.838339594143938,3.2520981234082784,3.2520981234082784,1.9659492573113129,1.0626283884048462,2.01794695854187,1.385640025138855,0.22745592892169952,-0.10472825169563293,-4.178679943084717,1.7133537530899048,-0.8941959142684937
2.382978723404255,-19.742216495013434,4.786994625501221,4.786994625501221,-5.833795296760776,1.0714679956436157,2.0625314712524414,1.3866363763809204,0.18325352668762207,-0.12303286045789719,-4.141120433807373,1.7094367742538452,-0.3507435917854309
2.387359198998748,47.69524684776434,34.5523224683708,34.5523224683708,11.032675253751265,1.0805028676986694,1.9531993865966797,1.3874391317367554,0.027306124567985535,-0.14117294549942017,-3.8309597969055176,1.7079004049301147,-1.8579638004302979
2.391739674593241,5.342018433808556,-19.835200125434632,-19.835200125434632,-3.0538469752158766,1.089058756828308,2.1389379501342773,1.3875586986541748,0.26562127470970154,-0.1579543650150299,-3.1441116333007812,1.6997616291046143,0.9117395877838135
2.3961201501877345,11.575461589097873,-6.268082360233811,-6.268082360233811,-9.67474306781925,1.0984283685684204,2.059370756149292,1.38872230052948,0.26705390214920044,-0.17172707617282867,-3.6341803073883057,1.703755497932434,0.024653196334838867
2.400500625782228,-7.961401237809015,-6.4514369930657285,-6.4514369930657285,18.65072045712986,1.1074494123458862,1.8146700859069824,1.3898921012878418,0.33097559213638306,-0.1876465082168579,-3.5346949100494385,1.703863501548767,-2.7548177242279053
2.404881101376721,-2.94870373674077,12.732241208468617,12.732241208468617,-5.756766800474497,1.1153985261917114,2.262352228164673,1.3913419246673584,0.17451119422912598,-0.20313015580177307,-4.267757415771484,1.691796064376831,2.5052988529205322
2.409261576971214,7.438099067047674,0.29351497765094503,0.29351497765094503,-14.240411041904013,1.1253087520599365,2.1339309215545654,1.3921064138412476,0.12608109414577484,-0.22182495892047882,-3.7278196811676025,1.702770471572876,0.9218684434890747
2.413642052565707,0.86346110185477,-9.111807396769187,-9.111807396769187,16.931679451665307,1.1346564292907715,1.7871034145355225,1.3926587104797363,0.17569077014923096,-0.2381545901298523,-3.3033828735351562,1.7068086862564087,-3.10988187789917
2.4180225281602,-14.182708159276071,11.958096821004796,11.958096821004796,-5.944894418890348,1.1424847841262817,2.177823305130005,1.3934283256530762,0.08105221390724182,-0.2526249885559082,-4.063935279846191,1.6931859254837036,1.6046099662780762
2.422403003754693,29.874578744355645,-1.4365669027405061,-1.4365669027405061,0.4308378451757494,1.152024745941162,2.0731709003448486,1.3937833309173584,-0.038520827889442444,-0.2704269587993622,-3.5411112308502197,1.7002148628234863,0.06846141815185547
2.4267834793491865,33.677352643339994,0.737881507888287,0.737881507888287,-1.6323847616611475,1.1611062288284302,2.007338285446167,1.393614649772644,0.11181290447711945,-0.28593870997428894,-3.5956454277038574,1.700514793395996,-0.08395467698574066
2.4311639549436794,23.771589273938034,-2.256817320219808,-2.256817320219808,4.213554956886686,1.169899344444275,1.8796019554138184,1.3941044807434082,0.29234760999679565,-0.30168935656547546,-3.526426076889038,1.700147032737732,-0.8579128384590149
2.4355444305381724,-2.711447901524605,5.47197349111207,5.47197349111207,-3.0212081158820605,1.1781328916549683,1.9110749959945679,1.3953851461410522,0.389997661113739,-0.3171367943286896,-3.715381383895874,1.6963889598846436,0.08437210321426392
2.4399249061326658,18.15614500805721,-0.44606794207124423,-0.44606794207124423,3.387037839560501,1.1865043640136719,1.8487213850021362,1.3970935344696045,0.3384552001953125,-0.33341193199157715,-3.467353582382202,1.696758508682251,-0.7309538125991821
2.4443053817271587,-10.485938313781139,1.8507849265342216,1.8507849265342216,-3.951971559558717,1.194602608680725,1.8721636533737183,1.3985761404037476,0.40152066946029663,-0.3486005961894989,-3.5792925357818604,1.693556547164917,0.024941444396972656
2.448685857321652,19.352226304469383,1.640838112479015,1.640838112479015,-5.36346382511993,1.202803611755371,1.8133894205093384,1.4003349542617798,0.3031328022480011,-0.3642795979976654,-3.4098336696624756,1.693665862083435,-0.9655779600143433
2.453066332916145,-20.22714683045993,-3.859730107384146,-3.859730107384146,10.519836617879246,1.2107471227645874,1.6249783039093018,1.401662826538086,0.397792249917984,-0.3792162835597992,-3.2052857875823975,1.6894361972808838,-2.6736557483673096
2.457446808510638,2.946693877075176,8.127198519335073,8.127198519335073,-3.3458352525534716,1.2178653478622437,1.9382363557815552,1.4034053087234497,0.195680633187294,-0.3932569622993469,-3.6252148151397705,1.6777243614196777,0.4864974021911621
2.4618272841051314,-8.6318145690304,0.8267995877743822,0.8267995877743822,4.578680503102929,1.226355791091919,1.8499712944030762,1.4042624235153198,0.1794072687625885,-0.40913712978363037,-3.290165901184082,1.679855465888977,-0.4797077178955078
2.4662077596996244,-20.243509494448837,5.757904480985925,5.757904480985925,-3.743696129752166,1.2344595193862915,1.9878700971603394,1.4050483703613281,0.07103221863508224,-0.423549622297287,-3.399732828140259,1.6777541637420654,0.8973966836929321
2.4705882352941178,33.54575690310402,-0.9336518069804361,-0.9336518069804361,-12.272142033677461,1.2431672811508179,1.9760452508926392,1.4053595066070557,-0.08787962049245834,-0.43844208121299744,-3.12225604057312,1.681685209274292,0.09342235326766968
2.4749687108886107,2.7084525276490714,-8.911820210597703,-8.911820210597703,11.085873015710364,1.2518233060836792,1.5610854625701904,1.4049745798110962,0.10699189454317093,-0.45211905241012573,-2.7911362648010254,1.6820944547653198,-3.7395262718200684
2.479349186483104,-3.5799337370459785,7.113406391438496,7.113406391438496,3.000605180755307,1.2586616277694702,1.808024525642395,1.4054433107376099,0.046580128371715546,-0.4643455445766449,-3.3751323223114014,1.6657135486602783,-0.6818132400512695
2.483729662077597,36.62865480386428,6.220186582093247,6.220186582093247,-1.4253967425536276,1.266581654548645,1.8924165964126587,1.4056473970413208,-0.024891570210456848,-0.47913023829460144,-3.2550253868103027,1.662726879119873,0.19950926303863525
2.48811013767209,-7.301728194885865,-1.2456788659641598,-1.2456788659641598,6.66225422497265,1.2748713493347168,1.7078992128372192,1.4055383205413818,0.15515674650669098,-0.4933888018131256,-3.031750202178955,1.6636008024215698,-0.6620397567749023
2.492490613266583,49.15761917424285,6.861681328752986,6.861681328752986,-12.3472830053775,1.2823528051376343,1.8943045139312744,1.4062179327011108,0.054003871977329254,-0.506669282913208,-3.2626869678497314,1.660700798034668,1.2905939817428589
2.4968710888610763,0.8924654816257256,-6.841179386241474,-6.841179386241474,19.617434940581308,1.290650725364685,1.3930401802062988,1.4064544439315796,0.3274279236793518,-0.5209614038467407,-2.7017242908477783,1.6663541793823242,-2.8000893592834473
2.5012515644555693,8.092582569475123,13.569124805563327,13.569124805563327,-20.995272309710856,1.2967529296875,1.8464858531951904,1.4078887701034546,0.24296286702156067,-0.5327962636947632,-3.4743998050689697,1.6540884971618652,2.658705711364746
2.5056320400500622,-3.2273208223589815,-10.532683761341952,-10.532683761341952,16.72538859504606,1.30484139919281,1.319350004196167,1.408953070640564,0.2855094075202942,-0.5480157732963562,-2.465009927749634,1.665734887123108,-3.306034564971924
2.510012515644556,20.855414828817807,10.253792498882925,10.253792498882925,-22.081145389247936,1.3106207847595215,1.7241958379745483,1.4102036952972412,0.18267065286636353,-0.5588136911392212,-3.2610321044921875,1.6512528657913208,1.4036755561828613
2.5143929912390486,22.596447712565414,-0.881713208005762,-0.881713208005762,22.344054403725497,1.3181735277175903,1.1102406978607178,1.411003828048706,0.300258994102478,-0.5730985403060913,-2.3167495727539062,1.65740168094635,-5.045915603637695
2.518773466833542,44.735038480443876,4.794850569746469,4.794850569746469,-2.536716265318062,1.3230369091033936,1.5224143266677856,1.4123190641403198,0.3314051628112793,-0.5832470059394836,-2.9950156211853027,1.6352981328964233,0.8607826232910156
2.523153942428035,-7.589087615339196,-0.1210635683147957,-0.1210635683147957,12.261502920284062,1.329705834388733,1.24599027633667,1.4137707948684692,0.5439978837966919,-0.5963665843009949,-2.7809107303619385,1.6390687227249146,-0.4793030023574829
2.527534418022528,-16.116629125918372,10.97794122944361,10.97794122944361,-12.38008296933564,1.3351638317108154,1.5702704191207886,1.4161537885665894,0.43890565633773804,-0.6085482835769653,-3.1425209045410156,1.6369690895080566,3.0498781204223633
2.5319148936170213,32.58587782544397,-5.086686472614108,-5.086686472614108,-8.292561427674578,1.342042326927185,1.3616427183151245,1.4180763959884644,0.32236039638519287,-0.6223140358924866,-2.460392475128174,1.6503289937973022,-0.1667020320892334
2.536295369211514,-13.028489421725896,-6.032836261520889,-6.032836261520889,17.721166786093058,1.3480069637298584,1.0001344680786133,1.4194884300231934,0.4743763208389282,-0.6330917477607727,-2.3667707443237305,1.6495987176895142,-2.972414016723633
2.540675844806008,-30.066964838281,10.721601207210208,10.721601207210208,-16.668717525155675,1.3523880243301392,1.4819610118865967,1.421566367149353,0.3242201805114746,-0.6434593200683594,-3.0604629516601562,1.63657808303833,2.169126510620117
2.545056320400501,17.079412996251868,-7.665864834368291,-7.665864834368291,16.997205259136642,1.3588796854019165,1.2505943775177002,1.422986626625061,0.14252886176109314,-0.6568655967712402,-2.2605788707733154,1.6460798978805542,-2.0204858779907227
2.549436795994993,3.8636782920927653,11.09098414152768,11.09098414152768,-24.91681306828129,1.364357829093933,1.5558723211288452,1.4236109256744385,0.15982820093631744,-0.6667680144309998,-2.980818748474121,1.6372292041778564,2.452086925506592
2.553817271589487,21.900006375061952,-14.742004461827568,-14.742004461827568,34.98561604557376,1.3711732625961304,0.9520312547683716,1.4243110418319702,0.17396554350852966,-0.6798254251480103,-1.929276943206787,1.6479705572128296,-4.5572919845581055
2.55819774718398,45.146110276298565,20.915146959532116,20.915146959532116,-26.332089879698003,1.3753435611724854,1.6477925777435303,1.4250731468200684,0.17581656575202942,-0.6882765889167786,-3.381481170654297,1.628007411956787,4.846963882446289
2.562578222778473,-2.6494277809249507,128.7657927666005,128.7657927666005,24.249208988098243,1.3825616836547852,0.7800098657608032,1.425843358039856,0.395074725151062,-0.7030890583992004,-2.0017120838165283,1.649239420890808,-3.21425724029541
2.566958698372966,11.000466957609301,-87.38969265451716,-87.38969265451716,-16.424054645998357,1.3859784603118896,1.3613786697387695,1.4275739192962646,0.29003027081489563,-0.7118574976921082,1.0505037307739258,1.6351594924926758,3.5920748710632324
2.571339173967459,-2.044006161310521,-36.47117421129742,-36.47117421129742,2.243864462966029,1.3919419050216675,0.9139402508735657,1.4288443326950073,0.3235011398792267,-0.7072557806968689,-1.0219178199768066,1.6508945226669312,-1.1688776016235352
2.575719649561952,-9.894574641611502,-7.272808291162826,-7.272808291162826,-2.3365811269076406,1.395945429801941,0.9780072569847107,1.4302613735198975,0.2652474045753479,-0.7117322683334351,-2.152519702911377,1.645774245262146,-0.5091696381568909
2.580100125156445,37.06417186505913,-2.7811925132945117,-2.7811925132945117,10.128147464188777,1.400229573249817,0.9801738858222961,1.431423306465149,0.17536891996860504,-0.7211613059043884,-2.29667329788208,1.6435438394546509,-0.9965956211090088
2.5844806007509384,10.183258296405398,6.883735282491636,6.883735282491636,-8.32097692846249,1.404523253440857,1.0020601749420166,1.4321914911270142,0.30387797951698303,-0.7312218546867371,-2.6736669540405273,1.6391782760620117,1.2084629535675049
2.588861076345432,-5.027981795091928,-2.500958838686466,-2.500958838686466,8.521826414565957,1.4089127779006958,0.7478342056274414,1.4335225820541382,0.32513973116874695,-0.7429338097572327,-2.2296411991119385,1.6444718837738037,-1.283229112625122
2.593241551939925,-0.40979698732957726,4.701823532002428,4.701823532002428,7.760913418945085,1.4121886491775513,0.9768210053443909,1.434946894645691,0.2416771948337555,-0.752700686454773,-2.551541566848755,1.6388506889343262,1.1792171001434326
2.5976220275344177,30.095405033552478,9.08426342002366,9.08426342002366,-13.189499795891903,1.416467547416687,1.160717248916626,1.4360055923461914,0.1837933212518692,-0.7638776302337646,-2.6408767700195312,1.6440162658691406,3.350599765777588
2.602002503128911,13.108978789486136,-6.3776990392989745,-6.3776990392989745,-1.9553510185049248,1.421552062034607,0.6696120500564575,1.4368107318878174,0.30722081661224365,-0.7754459381103516,-1.9904122352600098,1.6586934328079224,-0.8515520095825195
2.606382978723404,2.0627406678335376,-3.663195574990465,-3.663195574990465,11.080237419515392,1.4244853258132935,0.5432955026626587,1.4381564855575562,0.3320484161376953,-0.7841649055480957,-2.119558811187744,1.6549632549285889,-1.630369782447815
2.610763454317897,7.152717527721643,9.923096756456758,9.923096756456758,-1.513561311306967,1.4268652200698853,0.7892009019851685,1.4396109580993652,0.2762517035007477,-0.7934495806694031,-2.5501136779785156,1.6478214263916016,1.4227749109268188
2.6151439299123904,7.18214203248401,184.96195183820055,184.96195183820055,-6.8520934968332385,1.430322289466858,0.7090925574302673,1.4408210515975952,0.26949337124824524,-0.8046202659606934,-2.2161269187927246,1.654053807258606,0.8724886178970337
2.619524405506884,-6.384603377072694,13.655370875027174,13.655370875027174,-0.516621602216365,1.433428406715393,0.5036391019821167,1.4420015811920166,0.27366283535957336,-0.8143279552459717,3.385451316833496,1.6578757762908936,-1.1689976453781128
2.6239048811013768,-13.983248869289909,9.463909805738346,9.463909805738346,-0.6590361430501906,1.4356346130371094,0.532269299030304,1.4432003498077393,0.20121163129806519,-0.7994980812072754,3.799318313598633,1.6527550220489502,-1.195724368095398
2.6282853566958697,15.943689488929085,25.065001377758904,25.065001377758904,6.8705683556837815,1.437966227531433,0.6047611236572266,1.4440817832946777,0.09234906733036041,-0.7828552722930908,4.094940185546875,1.647517204284668,-1.1266134977340698
2.6326658322903627,-2.2618374773929295,-153.63142454191788,-153.63142454191788,-0.4577518422253472,1.4406154155731201,0.6666982173919678,1.4444862604141235,0.11363576352596283,-0.7649174928665161,4.626275062561035,1.6425820589065552,0.506353497505188
2.637046307884856,21.354652665974953,-60.90552126838081,-60.90552126838081,-9.995136540542166,1.4435359239578247,0.6697167754173279,1.4449840784072876,0.06023823469877243,-0.7446522116661072,0.15311813354492188,1.6448001861572266,0.4180545210838318
2.641426783479349,51.61415529791042,-22.478855010776588,-22.478855010776588,16.92662530747125,1.4464695453643799,0.3091118037700653,1.445248007774353,0.1413293182849884,-0.7439814805984497,-1.3336265087127686,1.6466314792633057,-2.734860420227051
2.645807259073842,-3.233614448852136,188.60744697119208,188.60744697119208,-9.318148982044915,1.4478236436843872,0.39767682552337646,1.4458670616149902,0.3240051865577698,-0.7498233914375305,-2.484391450881958,1.6346515417099,1.1012907028198242
2.650187734668336,14.861858974920047,46.323591307193034,46.323591307193034,5.944531662158648,1.4495656490325928,0.19898834824562073,1.4472863674163818,0.2784743010997772,-0.7607061862945557,3.295663595199585,1.639475703239441,-1.4422602653503418
2.6545682102628283,-3.1051671265094134,13.925445672494392,13.925445672494392,-8.671049677529087,1.450437307357788,0.24818205833435059,1.448506236076355,0.2983247637748718,-0.7462695837020874,4.474860191345215,1.6331579685211182,-0.04135322570800781
2.6589486858573217,33.60534013355521,-1.9451286673515134,-1.9451286673515134,11.279577359634334,1.4515244960784912,0.06379756331443787,1.4498130083084106,0.25256359577178955,-0.726667582988739,5.134749412536621,1.632976770401001,-2.4068827629089355
2.663329161451814,-11.269903528419295,7.0745585686476335,7.0745585686476335,-19.01947906142146,1.4518039226531982,0.1320090889930725,1.4509193897247314,0.36115947365760803,-0.7041749358177185,4.748546123504639,1.6224334239959717,0.17989587783813477
2.667709637046308,31.244512568488986,-14.060823943936322,-14.060823943936322,27.25308892938073,1.452382206916809,-0.24939194321632385,1.4525014162063599,0.2832161784172058,-0.6833740472793579,5.510574817657471,1.6232213973999023,-4.943068027496338
2.672090112640801,0.33311873519320656,14.270219945786206,14.270219945786206,-17.85539348770046,1.4512897729873657,0.21542254090309143,1.4537420272827148,0.36124926805496216,-0.6592351198196411,4.304077625274658,1.6015684604644775,2.1657395362854004
2.676470588235294,10.837241833099405,-9.242319338987475,-9.242319338987475,10.70132794158972,1.4522334337234497,-0.2046976387500763,1.455324411392212,0.3311924636363983,-0.6403812170028687,5.242247581481934,1.6110553741455078,-2.818723678588867
2.6808510638297878,6.3247147830669,-154.67398384513228,-154.67398384513228,-8.20680140204788,1.4513367414474487,-0.01073405146598816,1.456775188446045,0.33359503746032715,-0.6174176931381226,4.659830093383789,1.5987080335617065,0.005811452865600586
2.6852315394242803,8.944563033395925,112.58969217155143,112.58969217155143,7.60540423833347,1.4512897729873657,-0.2348739355802536,1.4582364559173584,0.33053138852119446,-0.5970054268836975,0.3825240135192871,1.5987335443496704,-2.3720510005950928
2.689612015018773,-25.388962411735005,33.34341411537093,33.34341411537093,-3.2341535651142133,1.450260877609253,-0.10052701830863953,1.4596843719482422,0.33004310727119446,-0.595329761505127,3.4483981132507324,1.5883427858352661,-0.37371397018432617
2.6939924906132666,43.31453218042461,6.257893058680487,6.257893058680487,1.6545433667673246,1.4498205184936523,-0.05277092382311821,1.461130142211914,0.14790134131908417,-0.5802241563796997,4.5165791511535645,1.5867056846618652,-0.9333599805831909
2.69837296620776,-23.095896305776176,-25.79875897325428,-25.79875897325428,-4.349895929659868,1.4495893716812134,-0.21997858583927155,1.4617780447006226,0.3459169566631317,-0.56043940782547,4.6510114669799805,1.582617163658142,-1.0419198274612427
2.7027534418022525,8.307610897854738,15.8949724707059,15.8949724707059,7.428179071168112,1.4486258029937744,-0.21556326746940613,1.4632933139801025,0.17322467267513275,-0.5400657653808594,4.024636745452881,1.5780531167984009,-1.961874008178711
2.707133917396746,-40.203578767629615,7.910108953948264,7.910108953948264,-5.208149975808881,1.4476815462112427,-0.07843226194381714,1.4640520811080933,0.17506815493106842,-0.5224359631538391,4.2718939781188965,1.5694591999053955,0.008360505104064941
2.711514392991239,2.615861410599596,-0.28482797625702616,-0.28482797625702616,7.619747383572207,1.4473379850387573,-0.02752184122800827,1.4648189544677734,-0.09995816648006439,-0.5037230253219604,4.654988765716553,1.5694957971572876,-0.9749846458435059
2.715894868585732,6.988307717512283,2.882603438444403,2.882603438444403,-8.721402586625748,1.4472174644470215,0.1401807963848114,1.4643810987472534,-0.1278001219034195,-0.48333194851875305,4.424149990081787,1.5652248859405518,1.120478630065918
2.720275344180225,18.502084505269202,-5.538459183898034,-5.538459183898034,1.86864138319954,1.4478315114974976,-0.09217286109924316,1.463821291923523,-0.13121506571769714,-0.46395206451416016,4.763023853302002,1.570133090019226,-1.3870458602905273
2.724655819774718,29.443350720736778,-2.5752007304645645,-2.5752007304645645,6.565032322360348,1.447427749633789,-0.11978088319301605,1.463246464729309,-0.06472492963075638,-0.44308775663375854,4.546712875366211,1.5640571117401123,-1.0597145557403564
2.729036295369212,13.507892497143931,5.29950198066122,5.29950198066122,-0.6393230825768489,1.446903109550476,-0.07445942610502243,1.4629629850387573,0.06984447687864304,-0.4231709837913513,4.279788970947266,1.5594151020050049,0.4794822931289673
2.7334167709637045,33.58523713948384,-1.168985630190443,-1.168985630190443,-2.2902528493433536,1.4465769529342651,-0.13701891899108887,1.4632689952850342,0.10848896205425262,-0.40442347526550293,4.453221321105957,1.5615154504776,0.17447182536125183
2.737797246558197,-4.6486533105034775,-3.0012987316174313,-3.0012987316174313,-2.2883392704400407,1.445976734161377,-0.3041377663612366,1.4637442827224731,0.2703195810317993,-0.3849162459373474,4.485965728759766,1.5622797012329102,-0.7672408819198608
2.742177722152691,36.567136747545135,-3.6460736036648878,-3.6460736036648878,2.8103064528255826,1.4446444511413574,-0.34278157353401184,1.464928388595581,0.19801943004131317,-0.3652655780315399,4.465145111083984,1.558918833732605,-1.3653619289398193
2.746558197747184,-15.027893859060578,-1.0826118300673344,-1.0826118300673344,6.28805347800656,1.4431428909301758,-0.3887917697429657,1.4657957553863525,0.38222402334213257,-0.34570610523223877,4.2765984535217285,1.5529378652572632,-0.8782330751419067
2.750938673341677,5.389982960501976,5.345080553641591,5.345080553641591,-16.252236680780683,1.4414397478103638,-0.1980011910200119,1.4674700498580933,0.2476440966129303,-0.3269725739955902,4.061351776123047,1.5490907430648804,0.9887892007827759
2.75531914893617,6.249811090262232,-13.068130092772433,-13.068130092772433,25.194924212560895,1.4405723810195923,-0.5935335159301758,1.4685548543930054,0.22995661199092865,-0.30918192863464355,4.692061901092529,1.5534220933914185,-3.58158540725708
2.759699624530663,17.449843271788286,14.670113841805447,14.670113841805447,-23.205005575620852,1.4379724264144897,-0.019230663776397705,1.4695621728897095,0.23209373652935028,-0.2886284589767456,3.5746593475341797,1.5377330780029297,3.4026079177856445
2.7640801001251565,0.9424465521447765,-11.888942740638406,-11.888942740638406,16.83624477926765,1.4378881454467773,-0.6044145226478577,1.470578908920288,0.2779580056667328,-0.2729697525501251,4.680732727050781,1.5526381731033325,-3.1721673011779785
2.768460575719649,-5.682021291633939,6.207315069478658,6.207315069478658,-6.33020329141592,1.4352405071258545,-0.2119687795639038,1.4717965126037598,0.24447980523109436,-0.2524659037590027,3.8418662548065186,1.5387425422668457,1.5175390243530273
2.7728410513141424,-36.28598460677284,-3.479416612685228,-3.479416612685228,-1.6528777808783384,1.4343119859695435,-0.34833624958992004,1.472867488861084,0.15935596823692322,-0.23563669621944427,4.208001613616943,1.5453901290893555,-0.21870529651641846
2.777221526908636,15.231867893691856,-3.9980312977270707,-3.9980312977270707,9.926617456870952,1.4327861070632935,-0.315755695104599,1.4735655784606934,-0.11912903189659119,-0.21720364689826965,4.154660701751709,1.5444320440292358,-0.5021796226501465
2.7816020025031287,31.865584716177338,5.426037565059744,5.426037565059744,-21.083606096196696,1.4314029216766357,-0.11071835458278656,1.47304368019104,-0.05719129368662834,-0.19900426268577576,3.748016834259033,1.5422322750091553,2.198428153991699
2.7859824780976217,26.33520226623512,-15.880843019570431,-15.880843019570431,23.417840316264673,1.4309179782867432,-0.6571974158287048,1.4727931022644043,0.09159122407436371,-0.1825861632823944,4.522182464599609,1.5518624782562256,-3.8080244064331055
2.790362953692115,-4.256579822468119,13.900695785612282,13.900695785612282,-16.431887886302356,1.4280391931533813,-0.14861786365509033,1.4731943607330322,0.22591859102249146,-0.1627768576145172,3.3745362758636475,1.5351815223693848,2.6221561431884766
2.794743429286608,9.650539784244206,-11.297415739254589,-11.297415739254589,16.852374093661318,1.4273881912231445,-0.5277542471885681,1.4741840362548828,0.1387784779071808,-0.1479947865009308,4.2603440284729,1.5466678142547607,-1.9476990699768066
2.7991239048811014,-10.34763416492945,-74.60868449213896,-74.60868449213896,-5.779493081909853,1.4250763654708862,-0.14467594027519226,1.4747920036315918,0.16742639243602753,-0.12933245301246643,3.4382810592651367,1.5381360054016113,2.724128246307373
2.8035043804755944,32.11358805686962,59.1441451411749,59.1441451411749,-11.80174372101353,1.4244426488876343,-0.2691217064857483,1.4755253791809082,0.049052804708480835,-0.1142711490392685,1.4282503128051758,1.550068974494934,1.135758399963379
2.8078848560700878,4.3815387408970174,5.711382520751815,5.711382520751815,0.7648365591401763,1.4232637882232666,-0.5759421586990356,1.4757401943206787,0.21214434504508972,-0.10801473259925842,3.5000953674316406,1.555044174194336,-2.225804090499878
2.8122653316645807,-11.990670290495355,5.056463060291009,5.056463060291009,10.628172008349615,1.4207408428192139,-0.5619292855262756,1.476669430732727,0.19661711156368256,-0.09268265217542648,3.644550085067749,1.5452940464019775,-2.0219686031341553
2.8166458072590737,25.959809373748467,6.60927994213877,6.60927994213877,-10.266071735419548,1.4182792901992798,-0.30389919877052307,1.4775307178497314,0.07904999703168869,-0.0767177864909172,3.4818384647369385,1.536436915397644,0.9608705043792725
2.821026282853567,27.06126573456054,-6.703598412747953,-6.703598412747953,12.964623150004462,1.4169480800628662,-0.5597680807113647,1.4778770208358765,0.19971057772636414,-0.06146567687392235,3.9746522903442383,1.540645956993103,-1.9278852939605713
2.82540675844806,20.220992841263328,7.678041524929895,7.678041524929895,-11.275052864534672,1.4144960641860962,-0.2687385082244873,1.4787518978118896,0.34429389238357544,-0.04405480623245239,3.400277853012085,1.5322009325027466,1.667816400527954
2.829787234042553,-0.647451239179369,-8.915557643323245,-8.915557643323245,13.63839553739977,1.4133188724517822,-0.5389093160629272,1.4802600145339966,0.42457878589630127,-0.029159970581531525,3.953768253326416,1.5395067930221558,-1.4791457653045654
2.8341677096370463,21.334778863739924,8.308201043794504,8.308201043794504,-11.792956040230985,1.410958170890808,-0.21926501393318176,1.4821199178695679,0.38649290800094604,-0.011840585619211197,3.295121192932129,1.5330274105072021,2.3242831230163574
2.8385481852315397,-17.859078687591143,-7.7140781347909355,-7.7140781347909355,8.896178111952624,1.4099977016448975,-0.4959854781627655,1.483812928199768,0.47315850853919983,0.0025936132296919823,3.882138729095459,1.5432088375091553,-0.9515600204467773
2.842928660826032,8.561821333773782,4.044639078290408,4.044639078290408,-2.5123525592759526,1.407824993133545,-0.28891921043395996,1.4858856201171875,0.3166828751564026,0.019599229097366333,3.397066593170166,1.5390405654907227,1.5167653560638428
2.8473091364205256,10.422553319663388,-2.2905866077685832,-2.2905866077685832,-12.977037581510206,1.4065593481063843,-0.34576407074928284,1.48727285861969,0.32800909876823425,0.03447999805212021,3.5885515213012695,1.5456846952438354,0.8264240026473999
2.8516896120150186,13.550573269779951,-10.154280753995616,-10.154280753995616,19.71786199530472,1.4050447940826416,-0.6461994647979736,1.4887096881866455,0.3465234041213989,0.050199560821056366,3.900629758834839,1.5493048429489136,-2.778049945831299
2.8560700876095115,14.023991655131084,11.65695682095042,11.65695682095042,-24.043478959943435,1.4022141695022583,-0.1776658296585083,1.4902275800704956,0.4007788598537445,0.0672861784696579,3.028268337249756,1.5371357202529907,2.7435951232910156
2.860450563204005,9.32932287005991,-15.321641678457523,-15.321641678457523,26.87756443096905,1.4014358520507812,-0.7317177057266235,1.49198317527771,0.42931559681892395,0.08055143058300018,4.070834159851074,1.5491539239883423,-3.928500175476074
2.864831038798498,10.14939647363856,14.310064282649478,14.310064282649478,-22.129479694685465,1.3982305526733398,-0.09492230415344238,1.493863821029663,0.45624223351478577,0.09838362038135529,2.8384835720062256,1.5319452285766602,3.5893936157226562
2.8692115143929917,-11.227932212786037,-13.91292764134945,-13.91292764134945,18.086717584363907,1.3978147506713867,-0.6036410927772522,1.495862364768982,0.4557313024997711,0.11081752926111221,3.9026336669921875,1.54766845703125,-2.5495095252990723
2.873591989987484,-16.706060607899058,8.245479053766324,8.245479053766324,-14.711077250205976,1.3951705694198608,-0.19100716710090637,1.4978586435317993,0.34581276774406433,0.12791292369365692,2.968142509460449,1.536500334739685,2.4593515396118164
2.877972465581977,31.413067306502853,-8.681508317633776,-8.681508317633776,8.075738989519419,1.394333839416504,-0.5550204515457153,1.499373435974121,0.17830200493335724,0.14091479778289795,3.6385467052459717,1.5472735166549683,-1.7064933776855469
2.8823529411764706,2.2530073879143044,3.7326580430151557,3.7326580430151557,-13.450554537058265,1.3919025659561157,-0.32627326250076294,1.5001544952392578,0.34599992632865906,0.15685336291790009,3.149181842803955,1.5397982597351074,0.6661825180053711
2.8867334167709635,3.0972225906298156,-8.300113474799865,-8.300113474799865,18.29368413700223,1.3904733657836914,-0.6381955146789551,1.5016701221466064,0.3079339861869812,0.17064827680587769,3.6509861946105957,1.5427165031433105,-3.0750327110290527
2.891113892365457,13.6735565407845,9.323613948992982,9.323613948992982,-24.159929319174278,1.387677788734436,-0.20479950308799744,1.5030189752578735,0.2938730716705322,0.18664133548736572,2.8743629455566406,1.52924644947052,2.0410213470458984
2.89549436795995,-0.4177806796007415,-17.904130727200872,-17.904130727200872,36.350964714874635,1.3867806196212769,-0.7475215196609497,1.5043063163757324,0.315547913312912,0.19923241436481476,3.8521885871887207,1.5381871461868286,-4.6241774559021
2.899874843554443,3.760027420400371,23.99622703335411,23.99622703335411,-38.080122707537605,1.383506178855896,0.10352563858032227,1.5056885480880737,0.28975266218185425,0.2161068320274353,2.267767906188965,1.5179311037063599,5.5110907554626465
2.904255319148936,11.78353180362089,-22.920401668042537,-22.920401668042537,15.051143128250072,1.3839596509933472,-0.7798142433166504,1.506957769393921,0.2130068838596344,0.22604073584079742,4.080594062805176,1.5420722961425781,-5.08523416519165
2.908635794743429,4.509461294602548,3.3228858270918886,3.3228858270918886,-8.942485459200816,1.3805437088012695,-0.403493732213974,1.5078908205032349,0.24726809561252594,0.24391567707061768,2.9717044830322266,1.51979660987854,-0.8181858062744141
2.913016270337922,-7.848875119144733,-5.262747929182944,-5.262747929182944,29.101135546805917,1.3787761926651,-0.6029713749885559,1.5089739561080933,0.22262868285179138,0.25693315267562866,3.329892158508301,1.5162125825881958,-3.281336545944214
2.9173967459324155,11.993892132193764,16.129296253366974,16.129296253366974,-34.02035306189099,1.3761348724365234,0.060283005237579346,1.5099492073059082,0.16211405396461487,0.27151966094970703,2.326357841491699,1.5018388032913208,4.777973175048828
2.9217772215269084,19.341223048366103,-19.294307844051243,-19.294307844051243,23.551814842486955,1.3763989210128784,-0.7053165435791016,1.5106593370437622,0.1332816183567047,0.2817102074623108,3.790886640548706,1.5227686166763306,-4.615713119506836
2.9261576971214014,-12.091667894324328,12.67467225275133,12.67467225275133,-15.983144167252483,1.3733092546463013,-0.10545951128005981,1.511243224143982,0.23325225710868835,0.298316091299057,2.5396440029144287,1.502549648284912,2.099172592163086
2.930538172715895,11.286777841142793,-9.855839550843815,-9.855839550843815,24.364066037828316,1.372847318649292,-0.5112606287002563,1.5122649669647217,0.08559125661849976,0.309440940618515,3.3765430450439453,1.5117449760437012,-2.4597625732421875
2.934918648310388,-24.500349083194447,11.824750967555065,11.824750967555065,-22.75175146621137,1.3706077337265015,0.08978921175003052,1.5126398801803589,0.146138995885849,0.3242318034172058,2.377213478088379,1.5009700059890747,4.430150508880615
2.939299123904881,36.40626069320829,-11.048589136545038,-11.048589136545038,8.551516365228172,1.3710010051727295,-0.5121017694473267,1.5132800340652466,-0.09714515507221222,0.3346451222896576,3.3869569301605225,1.520376205444336,-2.135303497314453
2.943679599499374,8.680480378524065,3.9322619179510903,3.9322619179510903,-9.322202072261488,1.368757724761963,-0.20534074306488037,1.5128544569015503,0.09858591854572296,0.34948161244392395,2.8145718574523926,1.5110225677490234,0.570042610168457
2.948060075093867,13.915571402800971,-8.79285472395298,-8.79285472395298,11.916617774137436,1.3678582906723022,-0.3968552350997925,1.5132863521575928,0.09714316576719284,0.3618107736110687,3.2016441822052,1.5135196447372437,-1.9487645626068115
2.9524405506883604,22.18826851159495,5.341352268151305,5.341352268151305,-2.404202787964313,1.3661198616027832,-0.07400792837142944,1.513711929321289,0.15604375302791595,0.37583550810813904,2.5968618392944336,1.5049831867218018,1.5072479248046875
2.9568210262828534,2.4802142739995103,-0.3663526812817991,-0.3663526812817991,-5.270641939535495,1.365795612335205,-0.057321175932884216,1.5143954753875732,0.2471623420715332,0.38721099495887756,2.823056697845459,1.5115855932235718,1.0590481758117676
2.9612015018773468,-7.54874828772581,-5.0709808380324075,-5.0709808380324075,-10.4415270021283,1.3655445575714111,-0.17227159440517426,1.5154781341552734,0.21188139915466309,0.3995773196220398,2.966277599334717,1.51622474193573,-0.3857254981994629
2.96558197747184,-17.583307780711188,-8.958695647722521,-8.958695647722521,12.047037248537361,1.3647899627685547,-0.442693293094635,1.5164062976837158,0.10885477811098099,0.4125710129737854,3.123114585876465,1.5145350694656372,-3.3752644062042236
2.9699624530663327,2.334233254345887,5.112189273624907,5.112189273624907,10.51078706250485,1.3628507852554321,-0.22310997545719147,1.516883134841919,-0.03054261952638626,0.42625173926353455,2.5096805095672607,1.499749779701233,-0.20181059837341309
2.974342928660826,16.435990591637943,9.607888744586507,9.607888744586507,-25.40263950908879,1.3618735074996948,0.031231150031089783,1.516749382019043,-0.04173769801855087,0.43724533915519714,2.3520243167877197,1.4988657236099243,2.7555253505706787
2.978723404255319,19.820636817512536,-18.316297060091472,-18.316297060091472,25.49948946738439,1.3620103597640991,-0.5003342628479004,1.516566514968872,-0.03002842888236046,0.4475483298301697,3.3744428157806396,1.5109362602233887,-4.140955924987793
2.983103879849812,40.45634490870749,12.399771550752458,12.399771550752458,-23.742543728001305,1.359818696975708,0.17266207933425903,1.5164350271224976,0.07654184103012085,0.4623299837112427,2.0948829650878906,1.4927968978881836,3.1960458755493164
2.9874843554443054,32.40332259603191,-12.750948790014315,-12.750948790014315,18.047607804531243,1.3605750799179077,-0.2208246886730194,1.516770362854004,0.23070721328258514,0.4715065658092499,3.150353193283081,1.5067970752716064,-2.93747615814209
2.9918648310387983,-9.824440723741475,-59.494367870170585,-59.494367870170585,-6.694331904761897,1.3596078157424927,0.33199456334114075,1.5177810192108154,0.4058797359466553,0.48530662059783936,2.2509377002716064,1.4939295053482056,2.4831552505493164
2.9962453066332912,33.19024779580975,-57.223830454954,-57.223830454954,6.248624826105115,1.3610621690750122,0.1349383145570755,1.5195589065551758,0.2899515628814697,0.4951668083667755,0.7090091705322266,1.5048068761825562,0.4935113191604614
3.0006257822277846,-20.31933334764787,-15.971646794664808,-15.971646794664808,-9.916360174313503,1.361653208732605,0.4207879900932312,1.5208290815353394,0.45325809717178345,0.4982725977897644,-1.144587755203247,1.5069687366485596,2.6500940322875977
3.0050062578222776,6.762121480609372,98.33496587516802,98.33496587516802,10.227675626804805,1.3634964227676392,0.10307416319847107,1.5228145122528076,0.27269691228866577,0.4932587444782257,-1.3214213848114014,1.5185774564743042,-0.3691880702972412
3.009386733416771,16.708575964171395,35.15121990094672,35.15121990094672,-20.951867562668554,1.3639479875564575,0.370680034160614,1.524009108543396,0.2821978032588959,0.4874702990055084,1.2515907287597656,1.5169602632522583,2.5653231143951416
3.013767209011264,11.14400596193552,-5.710214515382353,-5.710214515382353,18.507450838893636,1.3655717372894287,-0.05050736665725708,1.5252453088760376,0.30957138538360596,0.4929528534412384,2.8899788856506348,1.5281976461410522,-3.0759317874908447
3.018147684605757,-23.05059870777363,-173.22925377878033,-173.22925377878033,-27.481193130622692,1.3653504848480225,0.42931944131851196,1.5266014337539673,0.34742408990859985,0.505612313747406,2.182746410369873,1.5147236585617065,2.2186949253082275
3.0225281602002503,-26.54737293587346,113.57908442606984,113.57908442606984,24.708071959488837,1.3672311305999756,-0.3121318221092224,1.5281232595443726,0.13093633949756622,0.5151737928390503,-2.073558807373047,1.5244425535202026,-5.732976913452148
3.0269086357947432,0.26053612606910814,51.03953923568194,51.03953923568194,-10.445157056400431,1.3658638000488281,0.15201884508132935,1.5286967754364014,-0.05237342417240143,0.5060906410217285,0.5217564105987549,1.4993293285369873,0.8262701034545898
3.0312891113892366,23.371419910026866,6.265436758119013,6.265436758119013,12.980950228020475,1.3665297031402588,-0.09102846682071686,1.5284672975540161,-0.1115405261516571,0.5083761811256409,2.3173043727874756,1.5029487609863281,-2.0833301544189453
3.0356695869837296,22.20398041098389,11.369753145561488,11.369753145561488,-5.759533594369255,1.3661309480667114,0.3133838176727295,1.5279786586761475,0.002132825553417206,0.518527090549469,2.121190071105957,1.4938228130340576,1.8352432250976562
3.0400500625782225,-5.768259356959315,-0.8737560069084265,-0.8737560069084265,-4.260627013524031,1.3675037622451782,0.2766075134277344,1.5279879570007324,0.07781718671321869,0.5278189182281494,2.6214194297790527,1.5018620491027832,0.520940899848938
3.044430538172716,2.940224606279326,-44.943896598498355,-44.943896598498355,14.045442263581348,1.3687154054641724,0.15128181874752045,1.528328776359558,-0.005747765302658081,0.5393019914627075,2.7203269004821777,1.5041440725326538,-0.7432321310043335
3.048811013767209,22.62378995023286,-115.60568187662564,-115.60568187662564,-9.586002360381078,1.3693780899047852,0.4931004047393799,1.528303623199463,-0.009982578456401825,0.5512183308601379,0.997651219367981,1.5008883476257324,3.2129945755004883
3.053191489361702,3.185666727861908,115.11976153447945,115.11976153447945,-16.98988445167814,1.3715381622314453,0.37399083375930786,1.5282598733901978,0.057676300406455994,0.5555885434150696,-2.098459243774414,1.5149627923965454,0.8482396602630615
3.057571964956195,51.801774069609465,18.03163501761359,18.03163501761359,24.63618024363848,1.3731764554977417,-0.008795320987701416,1.5285124778747559,0.010436739772558212,0.5463963150978088,1.75956130027771,1.5186784267425537,-3.8470213413238525
3.061952440550688,7.345673738086072,-6.717014594207683,-6.717014594207683,-16.140973334135328,1.3731379508972168,0.8047232627868652,1.5285582542419434,0.289745569229126,0.5541040301322937,1.5666875839233398,1.5018266439437866,3.7075412273406982
3.066332916145181,-4.742315902970572,15.811962074817304,15.811962074817304,3.2233570411151384,1.3766629695892334,0.4618186950683594,1.5298274755477905,0.25782039761543274,0.5609668493270874,1.8418970108032227,1.518067479133606,-0.6933720111846924
3.0707133917396745,2.7301813902078713,-158.83801679669494,-158.83801679669494,-3.988295560540424,1.3786859512329102,0.5151031613349915,1.5309568643569946,0.1916370689868927,0.5690352320671082,2.209524154663086,1.5150301456451416,0.14154446125030518
3.0750938673341675,10.202718107475341,118.60473457568676,118.60473457568676,10.697123010031975,1.3809423446655273,0.43470653891563416,1.5317963361740112,0.15893389284610748,0.5787140130996704,-2.3125786781311035,1.5156501531600952,-0.9332774877548218
3.079474342928661,19.348732761076167,-142.51034678615486,-142.51034678615486,-11.673232141136085,1.3828465938568115,0.734093427658081,1.5324925184249878,0.18697845935821533,0.5685838460922241,0.8386657238006592,1.5115619897842407,2.1915507316589355
3.083854818523154,-11.596378192815445,7.5432456022589776,7.5432456022589776,2.7700951157015017,1.3860622644424438,0.5527875423431396,1.5333116054534912,0.23591271042823792,0.5722575783729553,-2.9821927547454834,1.5211620330810547,-0.797497034072876
3.0882352941176467,-5.488820986998278,-15.05709554327328,-15.05709554327328,-7.107018606761187,1.3884837627410889,0.5625467300415039,1.534345030784607,0.1303667277097702,0.5591941475868225,-2.842801570892334,1.517668604850769,-0.1833149790763855
3.09261576971214,2.766094859196841,-41.55591256317793,-41.55591256317793,14.527754525180281,1.390947937965393,0.3706199526786804,1.5349160432815552,0.047231726348400116,0.5467413067817688,-3.0749690532684326,1.516865611076355,-2.2392542362213135
3.096996245306633,11.608920661613913,73.56605695284468,73.56605695284468,-12.94714196763932,1.3925714492797852,0.7233704328536987,1.5351229906082153,0.03666650131344795,0.5332714915275574,-4.712790012359619,1.5070565938949585,1.848872423171997
3.1013767209011265,23.442284915550246,-62.52113820038617,-62.52113820038617,13.493834589378345,1.3957401514053345,0.47273194789886475,1.5352835655212402,0.04048081487417221,0.5126272439956665,-2.1863303184509277,1.515155553817749,-1.6088531017303467
3.1057571964956194,10.716043303679033,-7.009505606963724,-7.009505606963724,-9.717968235294483,1.397810935974121,0.8899151682853699,1.5354609489440918,0.15152807533740997,0.5030500888824463,-4.406208515167236,1.5081080198287964,2.4499833583831787
3.1101376720901124,-23.83840163202843,-7.314246839249821,-7.314246839249821,9.298211211571761,1.4017091989517212,0.7084195017814636,1.5361247062683105,0.15529172122478485,0.48374879360198975,-4.327112674713135,1.5188400745391846,-0.12552165985107422
3.1145181476846058,35.04294237955336,5.906823735420248,5.906823735420248,-9.430399993811877,1.4048124551773071,0.8283073306083679,1.5368049144744873,-0.018102586269378662,0.46479398012161255,-4.812249183654785,1.5182902812957764,2.1823577880859375
3.1188986232790987,10.186218474374227,-6.346242566569304,-6.346242566569304,8.480483803969465,1.4084408283233643,0.746335506439209,1.536725640296936,0.13590669631958008,0.44371405243873596,-4.364353656768799,1.5278500318527222,-0.04140758514404297
3.123279098873592,8.96842346475251,7.060363686492413,7.060363686492413,-9.049631379636027,1.4117101430892944,0.983401894569397,1.5373209714889526,0.16311556100845337,0.4245961010456085,-4.7973408699035645,1.5276685953140259,2.435274362564087
3.127659574468085,-4.747146899307122,-2.2732815018615,-2.2732815018615,-0.7274970408868396,1.4160178899765015,0.8041436672210693,1.53803551197052,0.16356414556503296,0.4035814702510834,-4.326878070831299,1.5383362770080566,0.0062923431396484375
3.132040050062578,2.903137323095468,-2.132751158694977,-2.132751158694977,-1.5290419657143508,1.4195404052734375,0.7707436084747314,1.5387519598007202,0.09084609895944595,0.38462769985198975,-4.3720197677612305,1.5383638143539429,-0.24358336627483368
3.136420525657071,-8.305526471679386,0.5609250017835485,0.5609250017835485,16.272623790348202,1.4229166507720947,0.7444928884506226,1.5391498804092407,0.06467969715595245,0.36547616124153137,-4.389649868011475,1.5372967720031738,-0.642438530921936
3.1408010012515644,30.03130743614669,12.739734918546839,12.739734918546839,-17.58291486150967,1.4261778593063354,1.0995639562606812,1.539433240890503,-0.017523586750030518,0.3462474048137665,-4.848481178283691,1.5344825983047485,3.8200316429138184
3.1451814768460573,-1.0239244429842147,-7.324192990057189,-7.324192990057189,11.319126933666944,1.4309945106506348,0.7778443694114685,1.5393564701080322,0.10803638398647308,0.325008749961853,-3.962963581085205,1.5512161254882812,-0.8207216262817383
3.1495619524405507,-17.232580581585836,7.957471111929181,7.957471111929181,-0.14913909022996633,1.4344018697738647,1.0402348041534424,1.5398297309875488,0.06353716552257538,0.30764907598495483,-4.5074076652526855,1.5476210117340088,2.3278372287750244
3.153942428035044,-5.498413930122249,2.749824803114741,2.749824803114741,-22.31879689152353,1.4389586448669434,0.9910237193107605,1.54010808467865,-0.09110152721405029,0.2879045009613037,-4.270668983459473,1.557818055152893,2.1550521850585938
3.1583229036295366,31.21463993717819,-15.926830086850398,-15.926830086850398,13.206349942259585,1.4432997703552246,0.4543856382369995,1.5397089719772339,-0.17771179974079132,0.26919692754745483,-3.538585662841797,1.5672582387924194,-4.107382297515869
3.16270337922403,-23.289102860619256,35.768337620903864,35.768337620903864,9.581204927102775,1.445290207862854,0.8357611298561096,1.5389305353164673,-0.025421559810638428,0.2536962330341339,-4.38936710357666,1.54926598072052,-0.2273411750793457
3.167083854818523,8.126421079721638,-10.20787712456146,-10.20787712456146,-10.047270344845325,1.448951244354248,1.0088939666748047,1.5388191938400269,-0.21392583847045898,0.2344687134027481,-3.624619960784912,1.5482701063156128,2.296314239501953
3.1714643304130163,27.31070127647258,-8.013274443231134,-8.013274443231134,-5.752140136531417,1.4533706903457642,0.790148913860321,1.5378820896148682,-0.21143215894699097,0.21859115362167358,-3.629310131072998,1.5583291053771973,-0.4572465419769287
3.1758448060075093,8.720105801155064,-7.05602043006415,-7.05602043006415,15.604453515544341,1.456831932067871,0.707089364528656,1.5369559526443481,-0.07852081954479218,0.20269304513931274,-3.695342540740967,1.556326150894165,-1.9148093461990356
3.1802252816020022,39.57474818768837,195.025699246646,195.025699246646,-14.705886042743263,1.459929347038269,1.0881898403167725,1.5366120338439941,-0.060633815824985504,0.18650569021701813,-4.357100486755371,1.547938346862793,2.4809799194335938
3.184605757196496,-11.384520618092882,-140.40653020281314,-140.40653020281314,14.847913126255678,1.4646961688995361,0.8087091445922852,1.536346435546875,0.1455112099647522,0.16741952300071716,1.7677264213562012,1.5588061809539795,-1.4274039268493652
3.1889862327909886,13.936883801222077,-29.405166812304543,-29.405166812304543,-20.239841572416807,1.4682387113571167,1.1400631666183472,1.536983847618103,0.03118319809436798,0.17516300082206726,-2.766195297241211,1.552553415298462,2.6657509803771973
3.193366708385481,-7.637525576432364,-23.36471459943581,-23.36471459943581,4.617659332417323,1.4732327461242676,0.6872589588165283,1.5371204614639282,0.06839947402477264,0.1630457490682602,-3.0338518619537354,1.5642306804656982,-2.9159321784973145
3.197747183979975,22.87469732374334,0.8150190343213877,0.8150190343213877,12.623596089587192,1.476243257522583,0.7847117185592651,1.5374200344085693,-0.027179889380931854,0.1497560292482376,-3.8510258197784424,1.5514575242996216,-1.6583802700042725
3.202127659574468,10.393703137887535,10.128388837778505,10.128388837778505,-13.287507006032962,1.4796806573867798,1.1108454465866089,1.537300944328308,0.08528167754411697,0.13288670778274536,-4.195873737335205,1.5441930294036865,1.9523000717163086
3.206508135168961,30.092175822005437,-5.82596259901935,-5.82596259901935,4.212208966005835,1.4845466613769531,0.8119825124740601,1.5376745462417603,0.10129249095916748,0.1145067811012268,-3.5120553970336914,1.55274498462677,-1.7146177291870117
3.210888610763454,-8.308102537943652,2.3286791953449772,2.3286791953449772,7.624296026105709,1.4881035089492798,0.9414327144622803,1.5381182432174683,0.25818079710006714,0.0991223081946373,-3.805201768875122,1.5452340841293335,-0.44670283794403076
3.215269086357947,-7.67931364853745,6.0221434365553845,6.0221434365553845,-10.334835689359288,1.4922274351119995,1.112564206123352,1.5392491817474365,0.1646125614643097,0.08245371282100677,-3.959850549697876,1.5432772636413574,1.6553367376327515
3.219649561952441,26.22423257725453,-3.836754302511852,-3.836754302511852,17.248479176902784,1.4971009492874146,0.8645888566970825,1.5399702787399292,0.0629715844988823,0.06510768085718155,-3.482174873352051,1.5505284070968628,-1.2465850114822388
3.224030037546933,-1.494673294942344,12.30415864344033,12.30415864344033,-25.071050244397156,1.5008882284164429,1.2845444679260254,1.5402461290359497,0.20192104578018188,0.0498540997505188,-4.097930431365967,1.5450677871704102,3.6160640716552734
3.2284105131414265,-16.37089082352889,-12.773585363783052,-12.773585363783052,22.7602374348167,1.5065151453018188,0.6965369582176208,1.5411306619644165,0.12907591462135315,0.0319032147526741,-3.006455898284912,1.5609078407287598,-3.3783693313598633
3.23279098873592,18.69362266282691,12.84024033151702,12.84024033151702,-17.284118007364487,1.509566307067871,1.2251763343811035,1.5416960716247559,-0.021766334772109985,0.01873350888490677,-4.044156074523926,1.5461089611053467,2.9529500007629395
3.237171464330413,-6.461178467251456,-8.67245367778736,-8.67245367778736,5.817345257832812,1.5149331092834473,0.82420814037323,1.5416007041931152,0.04651801288127899,0.0010181814432144165,-3.164429187774658,1.5590442419052124,-1.8482084274291992
3.241551939924906,-29.015063189457706,3.8595351523170796,3.8595351523170796,10.654060838478715,1.5185434818267822,0.96035236120224,1.5418044328689575,-0.039125218987464905,-0.012843524105846882,-3.5875773429870605,1.5509482622146606,-0.22780728340148926
3.245932415519399,25.233955792937774,9.294853193701966,9.294853193701966,-20.18341834401146,1.5227502584457397,1.2120907306671143,1.5416330099105835,-0.27031368017196655,-0.028558820486068726,-3.785999059677124,1.549950361251831,2.7386224269866943
3.250312891113892,12.551303704256245,-12.714479852486573,-12.714479852486573,24.959059204182775,1.5280598402023315,0.7340179681777954,1.5404489040374756,-0.15799473226070404,-0.04514329880475998,-2.925140142440796,1.5619468688964844,-2.8946692943573
3.254693366708385,2.7002955735738254,16.00322858264338,16.00322858264338,-25.849376997362064,1.5312751531600952,1.3143374919891357,1.5397567749023438,-0.11541089415550232,-0.05795680359005928,-4.025326728820801,1.5492668151855469,4.055212020874023
3.2590738423028784,18.642191346976208,-10.977281880973784,-10.977281880973784,19.550362872025996,1.5370326042175293,0.7075233459472656,1.5392512083053589,-0.1595364660024643,-0.07558964937925339,-2.803098201751709,1.5670305490493774,-3.1559395790100098
3.2634543178973714,-15.050739044894174,10.153835314259306,10.153835314259306,-18.337563984683243,1.54013192653656,1.1537420749664307,1.5385524034500122,-0.08070853352546692,-0.08786855638027191,-3.6946022510528564,1.5532060861587524,2.264890193939209
3.267834793491865,26.20356464721665,-10.785702055213235,-10.785702055213235,15.91084260868621,1.545185923576355,0.7349257469177246,1.5381988286972046,-0.2329024076461792,-0.10405267030000687,-2.862563133239746,1.5631273984909058,-2.8242998123168945
3.2722152690863577,1.4977582362881208,9.126021806403513,9.126021806403513,-18.372770726788126,1.5484052896499634,1.0847651958465576,1.537178635597229,-0.10248924791812897,-0.11659205704927444,-3.6421868801116943,1.5507556200027466,1.5537962913513184
3.2765957446808507,14.542769736174131,-8.8569839612783,-8.8569839612783,21.398293992556265,1.553157091140747,0.6528097987174988,1.5367296934127808,-0.1450820416212082,-0.1325465738773346,-2.839134931564331,1.557561993598938,-3.573366165161133
3.280976220275344,-3.539530195309121,13.417142348816478,13.417142348816478,-7.88825240679782,1.5560166835784912,1.1381504535675049,1.5360941886901855,-0.0901971161365509,-0.14498333632946014,-3.722684860229492,1.5419089794158936,2.3535962104797363
3.285356695869837,17.17963475892296,0.9007852015635014,0.9007852015635014,-2.2058670790672514,1.5610023736953735,0.9576156735420227,1.5356991291046143,-0.1638410985469818,-0.1612904667854309,-3.1004996299743652,1.5522187948226929,0.16333842277526855
3.2897371714643304,29.22715434238248,-1.9712001560140187,-1.9712001560140187,3.476065129853745,1.565197229385376,0.8827453851699829,1.534981369972229,-0.09498836100101471,-0.17487213015556335,-3.0097756385803223,1.5529342889785767,-0.509100079536438
3.294117647058824,-18.80117119411811,2.9196664101901675,2.9196664101901675,2.3831735687942537,1.5690640211105347,0.9213522672653198,1.5345653295516968,0.054843395948410034,-0.18805637955665588,-3.1688530445098877,1.5507042407989502,0.35318803787231445
3.2984981226533163,3.299268061283529,3.0875921962959234,3.0875921962959234,-6.4654008422185365,1.573099970817566,1.0067874193191528,1.5348055362701416,-0.10988593101501465,-0.2019374668598175,-3.1531858444213867,1.5522513389587402,1.0914719104766846
3.3028785982478097,-6.196164194944943,-3.601263514978353,-3.601263514978353,7.185870094639446,1.5775102376937866,0.8496972322463989,1.5343241691589355,-0.13461114466190338,-0.21574991941452026,-2.8742082118988037,1.5570324659347534,-0.7256940603256226
3.3072590738423027,7.2058313818203565,5.220816994880058,5.220816994880058,-12.352204025545474,1.5812323093414307,1.0293831825256348,1.5337345600128174,-0.21571886539459229,-0.22834031283855438,-3.1892266273498535,1.5538536310195923,1.307428002357483
3.311639549436796,10.8211077840735,-5.085674186744312,-5.085674186744312,11.595969200330737,1.5857415199279785,0.7260915637016296,1.5327895879745483,-0.2175498753786087,-0.24231064319610596,-2.6760387420654297,1.5595808029174805,-2.172778606414795
3.316020025031289,9.924792041123364,5.963901567694561,5.963901567694561,2.1851138204681684,1.588922142982483,0.9757095575332642,1.5318366289138794,-0.1893325001001358,-0.2540329694747925,-3.1631956100463867,1.5500630140304565,1.003002643585205
3.320400500625782,40.76677936271765,3.186452488234165,3.186452488234165,-15.916275710824394,1.5931962728500366,1.0057971477508545,1.5310072898864746,-0.16775573790073395,-0.26788926124572754,-3.0528430938720703,1.5544565916061401,1.5586069822311401
3.324780976220276,27.71049887785245,-7.408235712102265,-7.408235712102265,23.088387562247444,1.597602128982544,0.5409986972808838,1.5302724838256836,0.043670713901519775,-0.2812621593475342,-2.4949827194213867,1.561284065246582,-3.1179304122924805
3.3291614518147683,10.293808566005854,15.506902133281116,15.506902133281116,-24.264684046645325,1.5999720096588135,1.0162917375564575,1.5304638147354126,0.17935460805892944,-0.29219135642051697,-3.3855807781219482,1.54762601852417,3.1466050148010254
3.3335419274092613,-9.393061958988142,-13.700747952276796,-13.700747952276796,21.82517185491207,1.6044238805770874,0.4226929545402527,1.5312495231628418,0.18506118655204773,-0.3070217967033386,-2.2241244316101074,1.561409592628479,-3.684429168701172
3.337922403003754,33.19740991091201,11.558267931419286,11.558267931419286,-9.643225846875351,1.6062754392623901,0.9585733413696289,1.532060146331787,0.08233591169118881,-0.3167645335197449,-3.261593818664551,1.5452700853347778,2.4667134284973145
3.342302878598248,-15.867721385276043,-2.520656915870662,-2.520656915870662,0.41628896324206643,1.6104744672775269,0.6450777053833008,1.5324208736419678,0.24088460206985474,-0.33105185627937317,-2.6424429416656494,1.5560754537582397,-0.44599342346191406
3.3466833541927405,-3.351752228588417,-0.24015895247171462,-0.24015895247171462,-2.327764672359057,1.6133002042770386,0.6988921165466309,1.5334761142730713,0.09822604060173035,-0.34262701869010925,-2.7282111644744873,1.554121732711792,-0.2142070233821869
3.351063829787234,-0.8037631279183044,-0.6792390687383081,-0.6792390687383081,5.1902272457135075,1.6163617372512817,0.6539528369903564,1.53390634059906,0.03334573656320572,-0.3545778691768646,-2.6672463417053223,1.5531834363937378,-0.8382166624069214
3.355444305381727,28.73823723893384,4.719798839737787,4.719798839737787,-1.5151509455044823,1.619226336479187,0.7779666781425476,1.5340523719787598,-0.012751687318086624,-0.36626169085502625,-2.838653326034546,1.5495116710662842,0.6154568195343018
3.3598247809762203,7.71201167298158,-0.859039594706723,-0.859039594706723,-5.292252514793921,1.6226341724395752,0.654810905456543,1.5339964628219604,0.12160147726535797,-0.37869635224342346,-2.6565730571746826,1.5522077083587646,-0.03486740589141846
3.364205256570713,-11.367924389401551,-3.5940530728381366,-3.5940530728381366,3.6880769198474073,1.625502586364746,0.506460964679718,1.5345290899276733,0.12392672151327133,-0.3903334140777588,-2.527109146118164,1.55205500125885,-1.5744575262069702
3.368585732165206,4.252479437519337,2.165833195741698,2.165833195741698,9.188321058164407,1.6277210712432861,0.6298277378082275,1.5350719690322876,0.011827290058135986,-0.40140336751937866,-2.7397704124450684,1.5451581478118896,-0.44918715953826904
3.3729662077597,10.446706356796694,9.11198698355912,9.11198698355912,-14.13410538799301,1.6304800510406494,0.8309780359268188,1.5351238250732422,0.00028202496469020844,-0.4134048521518707,-2.9448492527008057,1.5431904792785645,2.0766654014587402
3.3773466833541925,-13.840274076139995,-6.85579989602769,-6.85579989602769,8.75626806454809,1.6341201066970825,0.46419793367385864,1.5351250171661377,0.010052645578980446,-0.4263046979904175,-2.2659897804260254,1.552287220954895,-1.9571747779846191
3.381727158948686,15.613262940176764,3.8155370316653023,3.8155370316653023,-14.381389758378205,1.6361534595489502,0.7183256149291992,1.535169005393982,-0.11422321945428848,-0.4362308084964752,-2.721911668777466,1.5437138080596924,0.613410472869873
3.386107634543179,13.048200435964244,82.70017216909324,82.70017216909324,26.014674612734442,1.6393001079559326,0.32523778080940247,1.5346686840057373,-0.07258550822734833,-0.448154091835022,-2.1905035972595215,1.546400785446167,-3.542837142944336
3.390488110137672,41.200484914053064,-49.089734484010286,-49.089734484010286,-20.822870892663985,1.640724778175354,0.8866890668869019,1.5343507528305054,-0.027275022119283676,-0.45774954557418823,-0.5351073741912842,1.5308815240859985,3.586357593536377
3.394868585732165,-4.668931103806753,84.83803584363162,84.83803584363162,17.14052594988866,1.6446088552474976,0.2451077699661255,1.5342313051223755,0.15027694404125214,-0.46009355783462524,-1.3605893850326538,1.5465915203094482,-2.6125431060791016
3.399249061326658,6.335561968396021,-75.91320904025537,-75.91320904025537,-11.2275027110219,1.6456825733184814,0.6644687652587891,1.534889578819275,0.08675935119390488,-0.4660535752773285,0.6163924932479858,1.5351473093032837,2.2137913703918457
3.403629536921151,-11.500846665385048,-30.114929797583176,-30.114929797583176,-2.6507349509446354,1.6485933065414429,0.37739673256874084,1.5352696180343628,0.07009845972061157,-0.4633534848690033,-1.2726352214813232,1.5448447465896606,-0.9792790412902832
3.4080100125156445,16.340008637578965,-11.106864018701257,-11.106864018701257,13.377356750442683,1.650246500968933,0.3591127395629883,1.5355767011642456,-0.043081134557724,-0.4689282178878784,-2.074676752090454,1.5405550003051758,-1.604333758354187
3.412390488110137,37.60995089429854,8.902747156556789,8.902747156556789,-5.028328830478117,1.6518195867538452,0.6097068786621094,1.5353879928588867,0.01910337805747986,-0.47801628708839417,-2.789693593978882,1.5335272550582886,1.9636613130569458
3.4167709637046304,29.7773680781438,-3.1938132133480073,-3.1938132133480073,11.664838245117805,1.654490351676941,0.3452271819114685,1.5354716777801514,0.19145746529102325,-0.49023646116256714,-2.382862091064453,1.5421290397644043,0.18530893325805664
3.421151439299124,8.462337638633647,9.765531548434595,9.765531548434595,-17.353381648912986,1.6560026407241821,0.49906477332115173,1.5363103151321411,0.33044785261154175,-0.5006745457649231,-2.816781759262085,1.5429407358169556,3.127568483352661
3.4255319148936167,-5.745733620864927,-8.606469351162607,-8.606469351162607,8.456652301744866,1.658188819885254,0.05796930193901062,1.5377578735351562,0.321757435798645,-0.5130133628845215,-2.0248234272003174,1.5566409826278687,-1.8022468090057373
3.42991239048811,-24.725797705899062,5.585575885943571,5.585575885943571,6.6284716887760355,1.658442735671997,0.2803586721420288,1.5391672849655151,0.24714472889900208,-0.5218830704689026,-2.523120641708374,1.5487462282180786,0.620563268661499
3.434292866082603,19.24877643768513,4.30885702154663,4.30885702154663,-26.587196746740283,1.6596708297729492,0.541075587272644,1.5402499437332153,0.06527654826641083,-0.5329355597496033,-2.5535764694213867,1.551464557647705,2.746854066848755
3.438673341677096,-40.401267654583876,168.12480493190557,168.12480493190557,46.310101533477805,1.6620409488677979,-0.16562747955322266,1.5405359268188477,0.11749403178691864,-0.5441214442253113,-1.6513137817382812,1.5634970664978027,-4.889411926269531
3.443053817271589,11.62045115054989,-105.84147502840706,-105.84147502840706,-47.440194232921925,1.6613154411315918,1.099739670753479,1.5410505533218384,-0.15617848932743073,-0.5513550043106079,1.9060618877410889,1.5420790910720825,8.509757041931152
3.4474342928660824,24.030747138480766,66.4720322782032,66.4720322782032,21.19774921767495,1.6661328077316284,-0.06287109851837158,1.5403664112091064,-0.19215697050094604,-0.5430055260658264,0.20055937767028809,1.5793558359146118,-4.856266021728516
3.451814768460576,7.305534542087187,23.807621735692912,23.807621735692912,5.126984679134638,1.6658574342727661,0.3263964056968689,1.5395246744155884,-0.11088401079177856,-0.5421269536018372,1.522711992263794,1.5580830574035645,0.7601985931396484
3.4561952440550687,20.135454896619287,-109.06058461853695,-109.06058461853695,-6.853248507112562,1.6672872304916382,0.41419368982315063,1.539038896560669,-0.11097271740436554,-0.5354567766189575,2.0682458877563477,1.561413049697876,2.1035332679748535
3.4605757196495617,56.14247456263896,-35.53809463875412,-35.53809463875412,3.497829216829146,1.669101595878601,0.1652812957763672,1.5385527610778809,-0.04198301583528519,-0.5263968706130981,-0.9165322780609131,1.5706275701522827,-0.04466843605041504
3.464956195244055,-15.097127618864924,64.78811876330873,64.78811876330873,-6.794593891354048,1.669825553894043,0.003934592008590698,1.538368821144104,0.23820534348487854,-0.5304117202758789,-2.056504964828491,1.5704319477081299,0.26988324522972107
3.469336670838548,-4.972732044021189,-60.482011456552435,-60.482011456552435,17.523291898426418,1.6698428392410278,-0.08943580090999603,1.539412260055542,0.10845761001110077,-0.5394201874732971,0.03393721580505371,1.571614146232605,-1.4460924863815308
3.473717146433041,31.790421734615744,-2.746310964639786,-2.746310964639786,-14.420917657796306,1.669451117515564,0.3433109521865845,1.5398873090744019,0.03597117215394974,-0.5392715334892273,-2.244065046310425,1.5652796030044556,3.500730037689209
3.4780976220275344,11.80729899614475,-11.70819513545035,-11.70819513545035,13.761379166685142,1.670954942703247,-0.13518857955932617,1.540044903755188,0.1680488884449005,-0.5491015911102295,-1.9031295776367188,1.580614447593689,-0.9000411033630371
3.4824780976220278,-2.6531889176199055,7.373773687145434,7.373773687145434,-20.222537492678402,1.6703627109527588,0.13397055864334106,1.540781021118164,0.18878157436847687,-0.5574381947517395,-2.6469218730926514,1.576671838760376,2.7909727096557617
3.4868585732165203,-5.785927931025154,171.52134234451714,171.52134234451714,4.5275644390558885,1.6709495782852173,-0.32787320017814636,1.5416079759597778,0.130720853805542,-0.5690329670906067,-1.84102201461792,1.5888975858688354,-2.815460681915283
3.4912390488110137,32.92397396874902,-133.14619330312476,-133.14619330312476,11.521579729931275,1.6695133447647095,-0.19476071000099182,1.5421805381774902,0.05034685879945755,-0.5770975351333618,3.0357255935668945,1.5765645503997803,-1.4776941537857056
3.4956195244055066,20.768142335312792,42.31745000977455,42.31745000977455,-7.922221403789057,1.6686601638793945,-0.0800110474228859,1.5424010753631592,0.18890535831451416,-0.5637996196746826,-1.1890320777893066,1.5700916051864624,1.3106943368911743
